{"type": "FeatureCollection", "features": [{"type": "Feature", "geometry": {"type": "Point", "coordinates": [-122.084, 37.422]}, "properties": {"name": "Location 0"}}, {"type": "Feature", "geometry": {"type": "Point", "coordinates": [-122.074, 37.422]}, "properties": {"name": "Location 1"}}, {"type": "Feature", "geometry": {"type": "Point", "coordinates": [-122.06400000000001, 37.422]}, "properties": {"name": "Location 2"}}, {"type": "Feature", "geometry": {"type": "Point", "coordinates": [-122.054, 37.422]}, "properties": {"name": "Location 3"}}, {"type": "Feature", "geometry": {"type": "Point", "coordinates": [-122.044, 37.422]}, "properties": {"name": "Location 4"}}, {"type": "Feature", "geometry": {"type": "Point", "coordinates": [-122.034, 37.422]}, "properties": {"name": "Location 5"}}, {"type": "Feature", "geometry": {"type": "Point", "coordinates": [-122.024, 37.422]}, "properties": {"name": "Location 6"}}, {"type": "Feature", "geometry": {"type": "Point", "coordinates": [-122.01400000000001, 37.422]}, "properties": {"name": "Location 7"}}, {"type": "Feature", "geometry": {"type": "Point", "coordinates": [-122.004, 37.422]}, "properties": {"name": "Location 8"}}, {"type": "Feature", "geometry": {"type": "Point", "coordinates": [-121.994, 37.422]}, "properties": {"name": "Location 9"}}, {"type": "Feature", "geometry": {"type": "Point", "coordinates": [-121.98400000000001, 37.422]}, "properties": {"name": "Location 10"}}, {"type": "Feature", "geometry": {"type": "Point", "coordinates": [-121.974, 37.422]}, "properties": {"name": "Location 11"}}, {"type": "Feature", "geometry": {"type": "Point", "coordinates": [-121.964, 37.422]}, "properties": {"name": "Location 12"}}, {"type": "Feature", "geometry": {"type": "Point", "coordinates": [-121.95400000000001, 37.422]}, "properties": {"name": "Location 13"}}, {"type": "Feature", "geometry": {"type": "Point", "coordinates": [-121.944, 37.422]}, "properties": {"name": "Location 14"}}, {"type": "Feature", "geometry": {"type": "Point", "coordinates": [-121.934, 37.422]}, "properties": {"name": "Location 15"}}, {"type": "Feature", "geometry": {"type": "Point", "coordinates": [-121.924, 37.422]}, "properties": {"name": "Location 16"}}, {"type": "Feature", "geometry": {"type": "Point", "coordinates": [-121.914, 37.422]}, "properties": {"name": "Location 17"}}, {"type": "Feature", "geometry": {"type": "Point", "coordinates": [-121.904, 37.422]}, "properties": {"name": "Location 18"}}, {"type": "Feature", "geometry": {"type": "Point", "coordinates": [-121.894, 37.422]}, "properties": {"name": "Location 19"}}, {"type": "Feature", "geometry": {"type": "Point", "coordinates": [-121.884, 37.422]}, "properties": {"name": "Location 20"}}, {"type": "Feature", "geometry": {"type": "Point", "coordinates": [-121.87400000000001, 37.422]}, "properties": {"name": "Location 21"}}, {"type": "Feature", "geometry": {"type": "Point", "coordinates": [-121.864, 37.422]}, "properties": {"name": "Location 22"}}, {"type": "Feature", "geometry": {"type": "Point", "coordinates": [-121.854, 37.422]}, "properties": {"name": "Location 23"}}, {"type": "Feature", "geometry": {"type": "Point", "coordinates": [-121.84400000000001, 37.422]}, "properties": {"name": "Location 24"}}, {"type": "Feature", "geometry": {"type": "Point", "coordinates": [-121.834, 37.422]}, "properties": {"name": "Location 25"}}, {"type": "Feature", "geometry": {"type": "Point", "coordinates": [-121.824, 37.422]}, "properties": {"name": "Location 26"}}, {"type": "Feature", "geometry": {"type": "Point", "coordinates": [-121.81400000000001, 37.422]}, "properties": {"name": "Location 27"}}, {"type": "Feature", "geometry": {"type": "Point", "coordinates": [-121.804, 37.422]}, "properties": {"name": "Location 28"}}, {"type": "Feature", "geometry": {"type": "Point", "coordinates": [-121.794, 37.422]}, "properties": {"name": "Location 29"}}, {"type": "Feature", "geometry": {"type": "Point", "coordinates": [-121.784, 37.422]}, "properties": {"name": "Location 30"}}, {"type": "Feature", "geometry": {"type": "Point", "coordinates": [-121.774, 37.422]}, "properties": {"name": "Location 31"}}, {"type": "Feature", "geometry": {"type": "Point", "coordinates": [-121.76400000000001, 37.422]}, "properties": {"name": "Location 32"}}, {"type": "Feature", "geometry": {"type": "Point", "coordinates": [-121.754, 37.422]}, "properties": {"name": "Location 33"}}, {"type": "Feature", "geometry": {"type": "Point", "coordinates": [-121.744, 37.422]}, "properties": {"name": "Location 34"}}, {"type": "Feature", "geometry": {"type": "Point", "coordinates": [-121.73400000000001, 37.422]}, "properties": {"name": "Location 35"}}, {"type": "Feature", "geometry": {"type": "Point", "coordinates": [-121.724, 37.422]}, "properties": {"name": "Location 36"}}, {"type": "Feature", "geometry": {"type": "Point", "coordinates": [-121.714, 37.422]}, "properties": {"name": "Location 37"}}, {"type": "Feature", "geometry": {"type": "Point", "coordinates": [-121.70400000000001, 37.422]}, "properties": {"name": "Location 38"}}, {"type": "Feature", "geometry": {"type": "Point", "coordinates": [-121.694, 37.422]}, "properties": {"name": "Location 39"}}, {"type": "Feature", "geometry": {"type": "Point", "coordinates": [-121.684, 37.422]}, "properties": {"name": "Location 40"}}, {"type": "Feature", "geometry": {"type": "Point", "coordinates": [-121.674, 37.422]}, "properties": {"name": "Location 41"}}, {"type": "Feature", "geometry": {"type": "Point", "coordinates": [-121.664, 37.422]}, "properties": {"name": "Location 42"}}, {"type": "Feature", "geometry": {"type": "Point", "coordinates": [-121.654, 37.422]}, "properties": {"name": "Location 43"}}, {"type": "Feature", "geometry": {"type": "Point", "coordinates": [-121.644, 37.422]}, "properties": {"name": "Location 44"}}, {"type": "Feature", "geometry": {"type": "Point", "coordinates": [-121.634, 37.422]}, "properties": {"name": "Location 45"}}, {"type": "Feature", "geometry": {"type": "Point", "coordinates": [-121.62400000000001, 37.422]}, "properties": {"name": "Location 46"}}, {"type": "Feature", "geometry": {"type": "Point", "coordinates": [-121.614, 37.422]}, "properties": {"name": "Location 47"}}, {"type": "Feature", "geometry": {"type": "Point", "coordinates": [-121.604, 37.422]}, "properties": {"name": "Location 48"}}, {"type": "Feature", "geometry": {"type": "Point", "coordinates": [-121.59400000000001, 37.422]}, "properties": {"name": "Location 49"}}, {"type": "Feature", "geometry": {"type": "Point", "coordinates": [-121.584, 37.422]}, "properties": {"name": "Location 50"}}, {"type": "Feature", "geometry": {"type": "Point", "coordinates": [-121.574, 37.422]}, "properties": {"name": "Location 51"}}, {"type": "Feature", "geometry": {"type": "Point", "coordinates": [-121.56400000000001, 37.422]}, "properties": {"name": "Location 52"}}, {"type": "Feature", "geometry": {"type": "Point", "coordinates": [-121.554, 37.422]}, "properties": {"name": "Location 53"}}, {"type": "Feature", "geometry": {"type": "Point", "coordinates": [-121.544, 37.422]}, "properties": {"name": "Location 54"}}, {"type": "Feature", "geometry": {"type": "Point", "coordinates": [-121.534, 37.422]}, "properties": {"name": "Location 55"}}, {"type": "Feature", "geometry": {"type": "Point", "coordinates": [-121.524, 37.422]}, "properties": {"name": "Location 56"}}, {"type": "Feature", "geometry": {"type": "Point", "coordinates": [-121.51400000000001, 37.422]}, "properties": {"name": "Location 57"}}, {"type": "Feature", "geometry": {"type": "Point", "coordinates": [-121.504, 37.422]}, "properties": {"name": "Location 58"}}, {"type": "Feature", "geometry": {"type": "Point", "coordinates": [-121.494, 37.422]}, "properties": {"name": "Location 59"}}, {"type": "Feature", "geometry": {"type": "Point", "coordinates": [-121.48400000000001, 37.422]}, "properties": {"name": "Location 60"}}, {"type": "Feature", "geometry": {"type": "Point", "coordinates": [-121.474, 37.422]}, "properties": {"name": "Location 61"}}, {"type": "Feature", "geometry": {"type": "Point", "coordinates": [-121.464, 37.422]}, "properties": {"name": "Location 62"}}, {"type": "Feature", "geometry": {"type": "Point", "coordinates": [-121.45400000000001, 37.422]}, "properties": {"name": "Location 63"}}, {"type": "Feature", "geometry": {"type": "Point", "coordinates": [-121.444, 37.422]}, "properties": {"name": "Location 64"}}, {"type": "Feature", "geometry": {"type": "Point", "coordinates": [-121.434, 37.422]}, "properties": {"name": "Location 65"}}, {"type": "Feature", "geometry": {"type": "Point", "coordinates": [-121.424, 37.422]}, "properties": {"name": "Location 66"}}, {"type": "Feature", "geometry": {"type": "Point", "coordinates": [-121.414, 37.422]}, "properties": {"name": "Location 67"}}, {"type": "Feature", "geometry": {"type": "Point", "coordinates": [-121.404, 37.422]}, "properties": {"name": "Location 68"}}, {"type": "Feature", "geometry": {"type": "Point", "coordinates": [-121.394, 37.422]}, "properties": {"name": "Location 69"}}, {"type": "Feature", "geometry": {"type": "Point", "coordinates": [-121.384, 37.422]}, "properties": {"name": "Location 70"}}, {"type": "Feature", "geometry": {"type": "Point", "coordinates": [-121.37400000000001, 37.422]}, "properties": {"name": "Location 71"}}, {"type": "Feature", "geometry": {"type": "Point", "coordinates": [-121.364, 37.422]}, "properties": {"name": "Location 72"}}, {"type": "Feature", "geometry": {"type": "Point", "coordinates": [-121.354, 37.422]}, "properties": {"name": "Location 73"}}, {"type": "Feature", "geometry": {"type": "Point", "coordinates": [-121.34400000000001, 37.422]}, "properties": {"name": "Location 74"}}, {"type": "Feature", "geometry": {"type": "Point", "coordinates": [-121.334, 37.422]}, "properties": {"name": "Location 75"}}, {"type": "Feature", "geometry": {"type": "Point", "coordinates": [-121.324, 37.422]}, "properties": {"name": "Location 76"}}, {"type": "Feature", "geometry": {"type": "Point", "coordinates": [-121.31400000000001, 37.422]}, "properties": {"name": "Location 77"}}, {"type": "Feature", "geometry": {"type": "Point", "coordinates": [-121.304, 37.422]}, "properties": {"name": "Location 78"}}, {"type": "Feature", "geometry": {"type": "Point", "coordinates": [-121.294, 37.422]}, "properties": {"name": "Location 79"}}, {"type": "Feature", "geometry": {"type": "Point", "coordinates": [-121.284, 37.422]}, "properties": {"name": "Location 80"}}, {"type": "Feature", "geometry": {"type": "Point", "coordinates": [-121.274, 37.422]}, "properties": {"name": "Location 81"}}, {"type": "Feature", "geometry": {"type": "Point", "coordinates": [-121.26400000000001, 37.422]}, "properties": {"name": "Location 82"}}, {"type": "Feature", "geometry": {"type": "Point", "coordinates": [-121.254, 37.422]}, "properties": {"name": "Location 83"}}, {"type": "Feature", "geometry": {"type": "Point", "coordinates": [-121.244, 37.422]}, "properties": {"name": "Location 84"}}, {"type": "Feature", "geometry": {"type": "Point", "coordinates": [-121.23400000000001, 37.422]}, "properties": {"name": "Location 85"}}, {"type": "Feature", "geometry": {"type": "Point", "coordinates": [-121.224, 37.422]}, "properties": {"name": "Location 86"}}, {"type": "Feature", "geometry": {"type": "Point", "coordinates": [-121.214, 37.422]}, "properties": {"name": "Location 87"}}, {"type": "Feature", "geometry": {"type": "Point", "coordinates": [-121.20400000000001, 37.422]}, "properties": {"name": "Location 88"}}, {"type": "Feature", "geometry": {"type": "Point", "coordinates": [-121.194, 37.422]}, "properties": {"name": "Location 89"}}, {"type": "Feature", "geometry": {"type": "Point", "coordinates": [-121.184, 37.422]}, "properties": {"name": "Location 90"}}, {"type": "Feature", "geometry": {"type": "Point", "coordinates": [-121.174, 37.422]}, "properties": {"name": "Location 91"}}, {"type": "Feature", "geometry": {"type": "Point", "coordinates": [-121.164, 37.422]}, "properties": {"name": "Location 92"}}, {"type": "Feature", "geometry": {"type": "Point", "coordinates": [-121.154, 37.422]}, "properties": {"name": "Location 93"}}, {"type": "Feature", "geometry": {"type": "Point", "coordinates": [-121.144, 37.422]}, "properties": {"name": "Location 94"}}, {"type": "Feature", "geometry": {"type": "Point", "coordinates": [-121.134, 37.422]}, "properties": {"name": "Location 95"}}, {"type": "Feature", "geometry": {"type": "Point", "coordinates": [-121.12400000000001, 37.422]}, "properties": {"name": "Location 96"}}, {"type": "Feature", "geometry": {"type": "Point", "coordinates": [-121.114, 37.422]}, "properties": {"name": "Location 97"}}, {"type": "Feature", "geometry": {"type": "Point", "coordinates": [-121.104, 37.422]}, "properties": {"name": "Location 98"}}, {"type": "Feature", "geometry": {"type": "Point", "coordinates": [-121.09400000000001, 37.422]}, "properties": {"name": "Location 99"}}, {"type": "Feature", "geometry": {"type": "Point", "coordinates": [-122.084, 37.431999999999995]}, "properties": {"name": "Location 100"}}, {"type": "Feature", "geometry": {"type": "Point", "coordinates": [-122.074, 37.431999999999995]}, "properties": {"name": "Location 101"}}, {"type": "Feature", "geometry": {"type": "Point", "coordinates": [-122.06400000000001, 37.431999999999995]}, "properties": {"name": "Location 102"}}, {"type": "Feature", "geometry": {"type": "Point", "coordinates": [-122.054, 37.431999999999995]}, "properties": {"name": "Location 103"}}, {"type": "Feature", "geometry": {"type": "Point", "coordinates": [-122.044, 37.431999999999995]}, "properties": {"name": "Location 104"}}, {"type": "Feature", "geometry": {"type": "Point", "coordinates": [-122.034, 37.431999999999995]}, "properties": {"name": "Location 105"}}, {"type": "Feature", "geometry": {"type": "Point", "coordinates": [-122.024, 37.431999999999995]}, "properties": {"name": "Location 106"}}, {"type": "Feature", "geometry": {"type": "Point", "coordinates": [-122.01400000000001, 37.431999999999995]}, "properties": {"name": "Location 107"}}, {"type": "Feature", "geometry": {"type": "Point", "coordinates": [-122.004, 37.431999999999995]}, "properties": {"name": "Location 108"}}, {"type": "Feature", "geometry": {"type": "Point", "coordinates": [-121.994, 37.431999999999995]}, "properties": {"name": "Location 109"}}, {"type": "Feature", "geometry": {"type": "Point", "coordinates": [-121.98400000000001, 37.431999999999995]}, "properties": {"name": "Location 110"}}, {"type": "Feature", "geometry": {"type": "Point", "coordinates": [-121.974, 37.431999999999995]}, "properties": {"name": "Location 111"}}, {"type": "Feature", "geometry": {"type": "Point", "coordinates": [-121.964, 37.431999999999995]}, "properties": {"name": "Location 112"}}, {"type": "Feature", "geometry": {"type": "Point", "coordinates": [-121.95400000000001, 37.431999999999995]}, "properties": {"name": "Location 113"}}, {"type": "Feature", "geometry": {"type": "Point", "coordinates": [-121.944, 37.431999999999995]}, "properties": {"name": "Location 114"}}, {"type": "Feature", "geometry": {"type": "Point", "coordinates": [-121.934, 37.431999999999995]}, "properties": {"name": "Location 115"}}, {"type": "Feature", "geometry": {"type": "Point", "coordinates": [-121.924, 37.431999999999995]}, "properties": {"name": "Location 116"}}, {"type": "Feature", "geometry": {"type": "Point", "coordinates": [-121.914, 37.431999999999995]}, "properties": {"name": "Location 117"}}, {"type": "Feature", "geometry": {"type": "Point", "coordinates": [-121.904, 37.431999999999995]}, "properties": {"name": "Location 118"}}, {"type": "Feature", "geometry": {"type": "Point", "coordinates": [-121.894, 37.431999999999995]}, "properties": {"name": "Location 119"}}, {"type": "Feature", "geometry": {"type": "Point", "coordinates": [-121.884, 37.431999999999995]}, "properties": {"name": "Location 120"}}, {"type": "Feature", "geometry": {"type": "Point", "coordinates": [-121.87400000000001, 37.431999999999995]}, "properties": {"name": "Location 121"}}, {"type": "Feature", "geometry": {"type": "Point", "coordinates": [-121.864, 37.431999999999995]}, "properties": {"name": "Location 122"}}, {"type": "Feature", "geometry": {"type": "Point", "coordinates": [-121.854, 37.431999999999995]}, "properties": {"name": "Location 123"}}, {"type": "Feature", "geometry": {"type": "Point", "coordinates": [-121.84400000000001, 37.431999999999995]}, "properties": {"name": "Location 124"}}, {"type": "Feature", "geometry": {"type": "Point", "coordinates": [-121.834, 37.431999999999995]}, "properties": {"name": "Location 125"}}, {"type": "Feature", "geometry": {"type": "Point", "coordinates": [-121.824, 37.431999999999995]}, "properties": {"name": "Location 126"}}, {"type": "Feature", "geometry": {"type": "Point", "coordinates": [-121.81400000000001, 37.431999999999995]}, "properties": {"name": "Location 127"}}, {"type": "Feature", "geometry": {"type": "Point", "coordinates": [-121.804, 37.431999999999995]}, "properties": {"name": "Location 128"}}, {"type": "Feature", "geometry": {"type": "Point", "coordinates": [-121.794, 37.431999999999995]}, "properties": {"name": "Location 129"}}, {"type": "Feature", "geometry": {"type": "Point", "coordinates": [-121.784, 37.431999999999995]}, "properties": {"name": "Location 130"}}, {"type": "Feature", "geometry": {"type": "Point", "coordinates": [-121.774, 37.431999999999995]}, "properties": {"name": "Location 131"}}, {"type": "Feature", "geometry": {"type": "Point", "coordinates": [-121.76400000000001, 37.431999999999995]}, "properties": {"name": "Location 132"}}, {"type": "Feature", "geometry": {"type": "Point", "coordinates": [-121.754, 37.431999999999995]}, "properties": {"name": "Location 133"}}, {"type": "Feature", "geometry": {"type": "Point", "coordinates": [-121.744, 37.431999999999995]}, "properties": {"name": "Location 134"}}, {"type": "Feature", "geometry": {"type": "Point", "coordinates": [-121.73400000000001, 37.431999999999995]}, "properties": {"name": "Location 135"}}, {"type": "Feature", "geometry": {"type": "Point", "coordinates": [-121.724, 37.431999999999995]}, "properties": {"name": "Location 136"}}, {"type": "Feature", "geometry": {"type": "Point", "coordinates": [-121.714, 37.431999999999995]}, "properties": {"name": "Location 137"}}, {"type": "Feature", "geometry": {"type": "Point", "coordinates": [-121.70400000000001, 37.431999999999995]}, "properties": {"name": "Location 138"}}, {"type": "Feature", "geometry": {"type": "Point", "coordinates": [-121.694, 37.431999999999995]}, "properties": {"name": "Location 139"}}, {"type": "Feature", "geometry": {"type": "Point", "coordinates": [-121.684, 37.431999999999995]}, "properties": {"name": "Location 140"}}, {"type": "Feature", "geometry": {"type": "Point", "coordinates": [-121.674, 37.431999999999995]}, "properties": {"name": "Location 141"}}, {"type": "Feature", "geometry": {"type": "Point", "coordinates": [-121.664, 37.431999999999995]}, "properties": {"name": "Location 142"}}, {"type": "Feature", "geometry": {"type": "Point", "coordinates": [-121.654, 37.431999999999995]}, "properties": {"name": "Location 143"}}, {"type": "Feature", "geometry": {"type": "Point", "coordinates": [-121.644, 37.431999999999995]}, "properties": {"name": "Location 144"}}, {"type": "Feature", "geometry": {"type": "Point", "coordinates": [-121.634, 37.431999999999995]}, "properties": {"name": "Location 145"}}, {"type": "Feature", "geometry": {"type": "Point", "coordinates": [-121.62400000000001, 37.431999999999995]}, "properties": {"name": "Location 146"}}, {"type": "Feature", "geometry": {"type": "Point", "coordinates": [-121.614, 37.431999999999995]}, "properties": {"name": "Location 147"}}, {"type": "Feature", "geometry": {"type": "Point", "coordinates": [-121.604, 37.431999999999995]}, "properties": {"name": "Location 148"}}, {"type": "Feature", "geometry": {"type": "Point", "coordinates": [-121.59400000000001, 37.431999999999995]}, "properties": {"name": "Location 149"}}, {"type": "Feature", "geometry": {"type": "Point", "coordinates": [-121.584, 37.431999999999995]}, "properties": {"name": "Location 150"}}, {"type": "Feature", "geometry": {"type": "Point", "coordinates": [-121.574, 37.431999999999995]}, "properties": {"name": "Location 151"}}, {"type": "Feature", "geometry": {"type": "Point", "coordinates": [-121.56400000000001, 37.431999999999995]}, "properties": {"name": "Location 152"}}, {"type": "Feature", "geometry": {"type": "Point", "coordinates": [-121.554, 37.431999999999995]}, "properties": {"name": "Location 153"}}, {"type": "Feature", "geometry": {"type": "Point", "coordinates": [-121.544, 37.431999999999995]}, "properties": {"name": "Location 154"}}, {"type": "Feature", "geometry": {"type": "Point", "coordinates": [-121.534, 37.431999999999995]}, "properties": {"name": "Location 155"}}, {"type": "Feature", "geometry": {"type": "Point", "coordinates": [-121.524, 37.431999999999995]}, "properties": {"name": "Location 156"}}, {"type": "Feature", "geometry": {"type": "Point", "coordinates": [-121.51400000000001, 37.431999999999995]}, "properties": {"name": "Location 157"}}, {"type": "Feature", "geometry": {"type": "Point", "coordinates": [-121.504, 37.431999999999995]}, "properties": {"name": "Location 158"}}, {"type": "Feature", "geometry": {"type": "Point", "coordinates": [-121.494, 37.431999999999995]}, "properties": {"name": "Location 159"}}, {"type": "Feature", "geometry": {"type": "Point", "coordinates": [-121.48400000000001, 37.431999999999995]}, "properties": {"name": "Location 160"}}, {"type": "Feature", "geometry": {"type": "Point", "coordinates": [-121.474, 37.431999999999995]}, "properties": {"name": "Location 161"}}, {"type": "Feature", "geometry": {"type": "Point", "coordinates": [-121.464, 37.431999999999995]}, "properties": {"name": "Location 162"}}, {"type": "Feature", "geometry": {"type": "Point", "coordinates": [-121.45400000000001, 37.431999999999995]}, "properties": {"name": "Location 163"}}, {"type": "Feature", "geometry": {"type": "Point", "coordinates": [-121.444, 37.431999999999995]}, "properties": {"name": "Location 164"}}, {"type": "Feature", "geometry": {"type": "Point", "coordinates": [-121.434, 37.431999999999995]}, "properties": {"name": "Location 165"}}, {"type": "Feature", "geometry": {"type": "Point", "coordinates": [-121.424, 37.431999999999995]}, "properties": {"name": "Location 166"}}, {"type": "Feature", "geometry": {"type": "Point", "coordinates": [-121.414, 37.431999999999995]}, "properties": {"name": "Location 167"}}, {"type": "Feature", "geometry": {"type": "Point", "coordinates": [-121.404, 37.431999999999995]}, "properties": {"name": "Location 168"}}, {"type": "Feature", "geometry": {"type": "Point", "coordinates": [-121.394, 37.431999999999995]}, "properties": {"name": "Location 169"}}, {"type": "Feature", "geometry": {"type": "Point", "coordinates": [-121.384, 37.431999999999995]}, "properties": {"name": "Location 170"}}, {"type": "Feature", "geometry": {"type": "Point", "coordinates": [-121.37400000000001, 37.431999999999995]}, "properties": {"name": "Location 171"}}, {"type": "Feature", "geometry": {"type": "Point", "coordinates": [-121.364, 37.431999999999995]}, "properties": {"name": "Location 172"}}, {"type": "Feature", "geometry": {"type": "Point", "coordinates": [-121.354, 37.431999999999995]}, "properties": {"name": "Location 173"}}, {"type": "Feature", "geometry": {"type": "Point", "coordinates": [-121.34400000000001, 37.431999999999995]}, "properties": {"name": "Location 174"}}, {"type": "Feature", "geometry": {"type": "Point", "coordinates": [-121.334, 37.431999999999995]}, "properties": {"name": "Location 175"}}, {"type": "Feature", "geometry": {"type": "Point", "coordinates": [-121.324, 37.431999999999995]}, "properties": {"name": "Location 176"}}, {"type": "Feature", "geometry": {"type": "Point", "coordinates": [-121.31400000000001, 37.431999999999995]}, "properties": {"name": "Location 177"}}, {"type": "Feature", "geometry": {"type": "Point", "coordinates": [-121.304, 37.431999999999995]}, "properties": {"name": "Location 178"}}, {"type": "Feature", "geometry": {"type": "Point", "coordinates": [-121.294, 37.431999999999995]}, "properties": {"name": "Location 179"}}, {"type": "Feature", "geometry": {"type": "Point", "coordinates": [-121.284, 37.431999999999995]}, "properties": {"name": "Location 180"}}, {"type": "Feature", "geometry": {"type": "Point", "coordinates": [-121.274, 37.431999999999995]}, "properties": {"name": "Location 181"}}, {"type": "Feature", "geometry": {"type": "Point", "coordinates": [-121.26400000000001, 37.431999999999995]}, "properties": {"name": "Location 182"}}, {"type": "Feature", "geometry": {"type": "Point", "coordinates": [-121.254, 37.431999999999995]}, "properties": {"name": "Location 183"}}, {"type": "Feature", "geometry": {"type": "Point", "coordinates": [-121.244, 37.431999999999995]}, "properties": {"name": "Location 184"}}, {"type": "Feature", "geometry": {"type": "Point", "coordinates": [-121.23400000000001, 37.431999999999995]}, "properties": {"name": "Location 185"}}, {"type": "Feature", "geometry": {"type": "Point", "coordinates": [-121.224, 37.431999999999995]}, "properties": {"name": "Location 186"}}, {"type": "Feature", "geometry": {"type": "Point", "coordinates": [-121.214, 37.431999999999995]}, "properties": {"name": "Location 187"}}, {"type": "Feature", "geometry": {"type": "Point", "coordinates": [-121.20400000000001, 37.431999999999995]}, "properties": {"name": "Location 188"}}, {"type": "Feature", "geometry": {"type": "Point", "coordinates": [-121.194, 37.431999999999995]}, "properties": {"name": "Location 189"}}, {"type": "Feature", "geometry": {"type": "Point", "coordinates": [-121.184, 37.431999999999995]}, "properties": {"name": "Location 190"}}, {"type": "Feature", "geometry": {"type": "Point", "coordinates": [-121.174, 37.431999999999995]}, "properties": {"name": "Location 191"}}, {"type": "Feature", "geometry": {"type": "Point", "coordinates": [-121.164, 37.431999999999995]}, "properties": {"name": "Location 192"}}, {"type": "Feature", "geometry": {"type": "Point", "coordinates": [-121.154, 37.431999999999995]}, "properties": {"name": "Location 193"}}, {"type": "Feature", "geometry": {"type": "Point", "coordinates": [-121.144, 37.431999999999995]}, "properties": {"name": "Location 194"}}, {"type": "Feature", "geometry": {"type": "Point", "coordinates": [-121.134, 37.431999999999995]}, "properties": {"name": "Location 195"}}, {"type": "Feature", "geometry": {"type": "Point", "coordinates": [-121.12400000000001, 37.431999999999995]}, "properties": {"name": "Location 196"}}, {"type": "Feature", "geometry": {"type": "Point", "coordinates": [-121.114, 37.431999999999995]}, "properties": {"name": "Location 197"}}, {"type": "Feature", "geometry": {"type": "Point", "coordinates": [-121.104, 37.431999999999995]}, "properties": {"name": "Location 198"}}, {"type": "Feature", "geometry": {"type": "Point", "coordinates": [-121.09400000000001, 37.431999999999995]}, "properties": {"name": "Location 199"}}, {"type": "Feature", "geometry": {"type": "Point", "coordinates": [-122.084, 37.442]}, "properties": {"name": "Location 200"}}, {"type": "Feature", "geometry": {"type": "Point", "coordinates": [-122.074, 37.442]}, "properties": {"name": "Location 201"}}, {"type": "Feature", "geometry": {"type": "Point", "coordinates": [-122.06400000000001, 37.442]}, "properties": {"name": "Location 202"}}, {"type": "Feature", "geometry": {"type": "Point", "coordinates": [-122.054, 37.442]}, "properties": {"name": "Location 203"}}, {"type": "Feature", "geometry": {"type": "Point", "coordinates": [-122.044, 37.442]}, "properties": {"name": "Location 204"}}, {"type": "Feature", "geometry": {"type": "Point", "coordinates": [-122.034, 37.442]}, "properties": {"name": "Location 205"}}, {"type": "Feature", "geometry": {"type": "Point", "coordinates": [-122.024, 37.442]}, "properties": {"name": "Location 206"}}, {"type": "Feature", "geometry": {"type": "Point", "coordinates": [-122.01400000000001, 37.442]}, "properties": {"name": "Location 207"}}, {"type": "Feature", "geometry": {"type": "Point", "coordinates": [-122.004, 37.442]}, "properties": {"name": "Location 208"}}, {"type": "Feature", "geometry": {"type": "Point", "coordinates": [-121.994, 37.442]}, "properties": {"name": "Location 209"}}, {"type": "Feature", "geometry": {"type": "Point", "coordinates": [-121.98400000000001, 37.442]}, "properties": {"name": "Location 210"}}, {"type": "Feature", "geometry": {"type": "Point", "coordinates": [-121.974, 37.442]}, "properties": {"name": "Location 211"}}, {"type": "Feature", "geometry": {"type": "Point", "coordinates": [-121.964, 37.442]}, "properties": {"name": "Location 212"}}, {"type": "Feature", "geometry": {"type": "Point", "coordinates": [-121.95400000000001, 37.442]}, "properties": {"name": "Location 213"}}, {"type": "Feature", "geometry": {"type": "Point", "coordinates": [-121.944, 37.442]}, "properties": {"name": "Location 214"}}, {"type": "Feature", "geometry": {"type": "Point", "coordinates": [-121.934, 37.442]}, "properties": {"name": "Location 215"}}, {"type": "Feature", "geometry": {"type": "Point", "coordinates": [-121.924, 37.442]}, "properties": {"name": "Location 216"}}, {"type": "Feature", "geometry": {"type": "Point", "coordinates": [-121.914, 37.442]}, "properties": {"name": "Location 217"}}, {"type": "Feature", "geometry": {"type": "Point", "coordinates": [-121.904, 37.442]}, "properties": {"name": "Location 218"}}, {"type": "Feature", "geometry": {"type": "Point", "coordinates": [-121.894, 37.442]}, "properties": {"name": "Location 219"}}, {"type": "Feature", "geometry": {"type": "Point", "coordinates": [-121.884, 37.442]}, "properties": {"name": "Location 220"}}, {"type": "Feature", "geometry": {"type": "Point", "coordinates": [-121.87400000000001, 37.442]}, "properties": {"name": "Location 221"}}, {"type": "Feature", "geometry": {"type": "Point", "coordinates": [-121.864, 37.442]}, "properties": {"name": "Location 222"}}, {"type": "Feature", "geometry": {"type": "Point", "coordinates": [-121.854, 37.442]}, "properties": {"name": "Location 223"}}, {"type": "Feature", "geometry": {"type": "Point", "coordinates": [-121.84400000000001, 37.442]}, "properties": {"name": "Location 224"}}, {"type": "Feature", "geometry": {"type": "Point", "coordinates": [-121.834, 37.442]}, "properties": {"name": "Location 225"}}, {"type": "Feature", "geometry": {"type": "Point", "coordinates": [-121.824, 37.442]}, "properties": {"name": "Location 226"}}, {"type": "Feature", "geometry": {"type": "Point", "coordinates": [-121.81400000000001, 37.442]}, "properties": {"name": "Location 227"}}, {"type": "Feature", "geometry": {"type": "Point", "coordinates": [-121.804, 37.442]}, "properties": {"name": "Location 228"}}, {"type": "Feature", "geometry": {"type": "Point", "coordinates": [-121.794, 37.442]}, "properties": {"name": "Location 229"}}, {"type": "Feature", "geometry": {"type": "Point", "coordinates": [-121.784, 37.442]}, "properties": {"name": "Location 230"}}, {"type": "Feature", "geometry": {"type": "Point", "coordinates": [-121.774, 37.442]}, "properties": {"name": "Location 231"}}, {"type": "Feature", "geometry": {"type": "Point", "coordinates": [-121.76400000000001, 37.442]}, "properties": {"name": "Location 232"}}, {"type": "Feature", "geometry": {"type": "Point", "coordinates": [-121.754, 37.442]}, "properties": {"name": "Location 233"}}, {"type": "Feature", "geometry": {"type": "Point", "coordinates": [-121.744, 37.442]}, "properties": {"name": "Location 234"}}, {"type": "Feature", "geometry": {"type": "Point", "coordinates": [-121.73400000000001, 37.442]}, "properties": {"name": "Location 235"}}, {"type": "Feature", "geometry": {"type": "Point", "coordinates": [-121.724, 37.442]}, "properties": {"name": "Location 236"}}, {"type": "Feature", "geometry": {"type": "Point", "coordinates": [-121.714, 37.442]}, "properties": {"name": "Location 237"}}, {"type": "Feature", "geometry": {"type": "Point", "coordinates": [-121.70400000000001, 37.442]}, "properties": {"name": "Location 238"}}, {"type": "Feature", "geometry": {"type": "Point", "coordinates": [-121.694, 37.442]}, "properties": {"name": "Location 239"}}, {"type": "Feature", "geometry": {"type": "Point", "coordinates": [-121.684, 37.442]}, "properties": {"name": "Location 240"}}, {"type": "Feature", "geometry": {"type": "Point", "coordinates": [-121.674, 37.442]}, "properties": {"name": "Location 241"}}, {"type": "Feature", "geometry": {"type": "Point", "coordinates": [-121.664, 37.442]}, "properties": {"name": "Location 242"}}, {"type": "Feature", "geometry": {"type": "Point", "coordinates": [-121.654, 37.442]}, "properties": {"name": "Location 243"}}, {"type": "Feature", "geometry": {"type": "Point", "coordinates": [-121.644, 37.442]}, "properties": {"name": "Location 244"}}, {"type": "Feature", "geometry": {"type": "Point", "coordinates": [-121.634, 37.442]}, "properties": {"name": "Location 245"}}, {"type": "Feature", "geometry": {"type": "Point", "coordinates": [-121.62400000000001, 37.442]}, "properties": {"name": "Location 246"}}, {"type": "Feature", "geometry": {"type": "Point", "coordinates": [-121.614, 37.442]}, "properties": {"name": "Location 247"}}, {"type": "Feature", "geometry": {"type": "Point", "coordinates": [-121.604, 37.442]}, "properties": {"name": "Location 248"}}, {"type": "Feature", "geometry": {"type": "Point", "coordinates": [-121.59400000000001, 37.442]}, "properties": {"name": "Location 249"}}, {"type": "Feature", "geometry": {"type": "Point", "coordinates": [-121.584, 37.442]}, "properties": {"name": "Location 250"}}, {"type": "Feature", "geometry": {"type": "Point", "coordinates": [-121.574, 37.442]}, "properties": {"name": "Location 251"}}, {"type": "Feature", "geometry": {"type": "Point", "coordinates": [-121.56400000000001, 37.442]}, "properties": {"name": "Location 252"}}, {"type": "Feature", "geometry": {"type": "Point", "coordinates": [-121.554, 37.442]}, "properties": {"name": "Location 253"}}, {"type": "Feature", "geometry": {"type": "Point", "coordinates": [-121.544, 37.442]}, "properties": {"name": "Location 254"}}, {"type": "Feature", "geometry": {"type": "Point", "coordinates": [-121.534, 37.442]}, "properties": {"name": "Location 255"}}, {"type": "Feature", "geometry": {"type": "Point", "coordinates": [-121.524, 37.442]}, "properties": {"name": "Location 256"}}, {"type": "Feature", "geometry": {"type": "Point", "coordinates": [-121.51400000000001, 37.442]}, "properties": {"name": "Location 257"}}, {"type": "Feature", "geometry": {"type": "Point", "coordinates": [-121.504, 37.442]}, "properties": {"name": "Location 258"}}, {"type": "Feature", "geometry": {"type": "Point", "coordinates": [-121.494, 37.442]}, "properties": {"name": "Location 259"}}, {"type": "Feature", "geometry": {"type": "Point", "coordinates": [-121.48400000000001, 37.442]}, "properties": {"name": "Location 260"}}, {"type": "Feature", "geometry": {"type": "Point", "coordinates": [-121.474, 37.442]}, "properties": {"name": "Location 261"}}, {"type": "Feature", "geometry": {"type": "Point", "coordinates": [-121.464, 37.442]}, "properties": {"name": "Location 262"}}, {"type": "Feature", "geometry": {"type": "Point", "coordinates": [-121.45400000000001, 37.442]}, "properties": {"name": "Location 263"}}, {"type": "Feature", "geometry": {"type": "Point", "coordinates": [-121.444, 37.442]}, "properties": {"name": "Location 264"}}, {"type": "Feature", "geometry": {"type": "Point", "coordinates": [-121.434, 37.442]}, "properties": {"name": "Location 265"}}, {"type": "Feature", "geometry": {"type": "Point", "coordinates": [-121.424, 37.442]}, "properties": {"name": "Location 266"}}, {"type": "Feature", "geometry": {"type": "Point", "coordinates": [-121.414, 37.442]}, "properties": {"name": "Location 267"}}, {"type": "Feature", "geometry": {"type": "Point", "coordinates": [-121.404, 37.442]}, "properties": {"name": "Location 268"}}, {"type": "Feature", "geometry": {"type": "Point", "coordinates": [-121.394, 37.442]}, "properties": {"name": "Location 269"}}, {"type": "Feature", "geometry": {"type": "Point", "coordinates": [-121.384, 37.442]}, "properties": {"name": "Location 270"}}, {"type": "Feature", "geometry": {"type": "Point", "coordinates": [-121.37400000000001, 37.442]}, "properties": {"name": "Location 271"}}, {"type": "Feature", "geometry": {"type": "Point", "coordinates": [-121.364, 37.442]}, "properties": {"name": "Location 272"}}, {"type": "Feature", "geometry": {"type": "Point", "coordinates": [-121.354, 37.442]}, "properties": {"name": "Location 273"}}, {"type": "Feature", "geometry": {"type": "Point", "coordinates": [-121.34400000000001, 37.442]}, "properties": {"name": "Location 274"}}, {"type": "Feature", "geometry": {"type": "Point", "coordinates": [-121.334, 37.442]}, "properties": {"name": "Location 275"}}, {"type": "Feature", "geometry": {"type": "Point", "coordinates": [-121.324, 37.442]}, "properties": {"name": "Location 276"}}, {"type": "Feature", "geometry": {"type": "Point", "coordinates": [-121.31400000000001, 37.442]}, "properties": {"name": "Location 277"}}, {"type": "Feature", "geometry": {"type": "Point", "coordinates": [-121.304, 37.442]}, "properties": {"name": "Location 278"}}, {"type": "Feature", "geometry": {"type": "Point", "coordinates": [-121.294, 37.442]}, "properties": {"name": "Location 279"}}, {"type": "Feature", "geometry": {"type": "Point", "coordinates": [-121.284, 37.442]}, "properties": {"name": "Location 280"}}, {"type": "Feature", "geometry": {"type": "Point", "coordinates": [-121.274, 37.442]}, "properties": {"name": "Location 281"}}, {"type": "Feature", "geometry": {"type": "Point", "coordinates": [-121.26400000000001, 37.442]}, "properties": {"name": "Location 282"}}, {"type": "Feature", "geometry": {"type": "Point", "coordinates": [-121.254, 37.442]}, "properties": {"name": "Location 283"}}, {"type": "Feature", "geometry": {"type": "Point", "coordinates": [-121.244, 37.442]}, "properties": {"name": "Location 284"}}, {"type": "Feature", "geometry": {"type": "Point", "coordinates": [-121.23400000000001, 37.442]}, "properties": {"name": "Location 285"}}, {"type": "Feature", "geometry": {"type": "Point", "coordinates": [-121.224, 37.442]}, "properties": {"name": "Location 286"}}, {"type": "Feature", "geometry": {"type": "Point", "coordinates": [-121.214, 37.442]}, "properties": {"name": "Location 287"}}, {"type": "Feature", "geometry": {"type": "Point", "coordinates": [-121.20400000000001, 37.442]}, "properties": {"name": "Location 288"}}, {"type": "Feature", "geometry": {"type": "Point", "coordinates": [-121.194, 37.442]}, "properties": {"name": "Location 289"}}, {"type": "Feature", "geometry": {"type": "Point", "coordinates": [-121.184, 37.442]}, "properties": {"name": "Location 290"}}, {"type": "Feature", "geometry": {"type": "Point", "coordinates": [-121.174, 37.442]}, "properties": {"name": "Location 291"}}, {"type": "Feature", "geometry": {"type": "Point", "coordinates": [-121.164, 37.442]}, "properties": {"name": "Location 292"}}, {"type": "Feature", "geometry": {"type": "Point", "coordinates": [-121.154, 37.442]}, "properties": {"name": "Location 293"}}, {"type": "Feature", "geometry": {"type": "Point", "coordinates": [-121.144, 37.442]}, "properties": {"name": "Location 294"}}, {"type": "Feature", "geometry": {"type": "Point", "coordinates": [-121.134, 37.442]}, "properties": {"name": "Location 295"}}, {"type": "Feature", "geometry": {"type": "Point", "coordinates": [-121.12400000000001, 37.442]}, "properties": {"name": "Location 296"}}, {"type": "Feature", "geometry": {"type": "Point", "coordinates": [-121.114, 37.442]}, "properties": {"name": "Location 297"}}, {"type": "Feature", "geometry": {"type": "Point", "coordinates": [-121.104, 37.442]}, "properties": {"name": "Location 298"}}, {"type": "Feature", "geometry": {"type": "Point", "coordinates": [-121.09400000000001, 37.442]}, "properties": {"name": "Location 299"}}, {"type": "Feature", "geometry": {"type": "Point", "coordinates": [-122.084, 37.452]}, "properties": {"name": "Location 300"}}, {"type": "Feature", "geometry": {"type": "Point", "coordinates": [-122.074, 37.452]}, "properties": {"name": "Location 301"}}, {"type": "Feature", "geometry": {"type": "Point", "coordinates": [-122.06400000000001, 37.452]}, "properties": {"name": "Location 302"}}, {"type": "Feature", "geometry": {"type": "Point", "coordinates": [-122.054, 37.452]}, "properties": {"name": "Location 303"}}, {"type": "Feature", "geometry": {"type": "Point", "coordinates": [-122.044, 37.452]}, "properties": {"name": "Location 304"}}, {"type": "Feature", "geometry": {"type": "Point", "coordinates": [-122.034, 37.452]}, "properties": {"name": "Location 305"}}, {"type": "Feature", "geometry": {"type": "Point", "coordinates": [-122.024, 37.452]}, "properties": {"name": "Location 306"}}, {"type": "Feature", "geometry": {"type": "Point", "coordinates": [-122.01400000000001, 37.452]}, "properties": {"name": "Location 307"}}, {"type": "Feature", "geometry": {"type": "Point", "coordinates": [-122.004, 37.452]}, "properties": {"name": "Location 308"}}, {"type": "Feature", "geometry": {"type": "Point", "coordinates": [-121.994, 37.452]}, "properties": {"name": "Location 309"}}, {"type": "Feature", "geometry": {"type": "Point", "coordinates": [-121.98400000000001, 37.452]}, "properties": {"name": "Location 310"}}, {"type": "Feature", "geometry": {"type": "Point", "coordinates": [-121.974, 37.452]}, "properties": {"name": "Location 311"}}, {"type": "Feature", "geometry": {"type": "Point", "coordinates": [-121.964, 37.452]}, "properties": {"name": "Location 312"}}, {"type": "Feature", "geometry": {"type": "Point", "coordinates": [-121.95400000000001, 37.452]}, "properties": {"name": "Location 313"}}, {"type": "Feature", "geometry": {"type": "Point", "coordinates": [-121.944, 37.452]}, "properties": {"name": "Location 314"}}, {"type": "Feature", "geometry": {"type": "Point", "coordinates": [-121.934, 37.452]}, "properties": {"name": "Location 315"}}, {"type": "Feature", "geometry": {"type": "Point", "coordinates": [-121.924, 37.452]}, "properties": {"name": "Location 316"}}, {"type": "Feature", "geometry": {"type": "Point", "coordinates": [-121.914, 37.452]}, "properties": {"name": "Location 317"}}, {"type": "Feature", "geometry": {"type": "Point", "coordinates": [-121.904, 37.452]}, "properties": {"name": "Location 318"}}, {"type": "Feature", "geometry": {"type": "Point", "coordinates": [-121.894, 37.452]}, "properties": {"name": "Location 319"}}, {"type": "Feature", "geometry": {"type": "Point", "coordinates": [-121.884, 37.452]}, "properties": {"name": "Location 320"}}, {"type": "Feature", "geometry": {"type": "Point", "coordinates": [-121.87400000000001, 37.452]}, "properties": {"name": "Location 321"}}, {"type": "Feature", "geometry": {"type": "Point", "coordinates": [-121.864, 37.452]}, "properties": {"name": "Location 322"}}, {"type": "Feature", "geometry": {"type": "Point", "coordinates": [-121.854, 37.452]}, "properties": {"name": "Location 323"}}, {"type": "Feature", "geometry": {"type": "Point", "coordinates": [-121.84400000000001, 37.452]}, "properties": {"name": "Location 324"}}, {"type": "Feature", "geometry": {"type": "Point", "coordinates": [-121.834, 37.452]}, "properties": {"name": "Location 325"}}, {"type": "Feature", "geometry": {"type": "Point", "coordinates": [-121.824, 37.452]}, "properties": {"name": "Location 326"}}, {"type": "Feature", "geometry": {"type": "Point", "coordinates": [-121.81400000000001, 37.452]}, "properties": {"name": "Location 327"}}, {"type": "Feature", "geometry": {"type": "Point", "coordinates": [-121.804, 37.452]}, "properties": {"name": "Location 328"}}, {"type": "Feature", "geometry": {"type": "Point", "coordinates": [-121.794, 37.452]}, "properties": {"name": "Location 329"}}, {"type": "Feature", "geometry": {"type": "Point", "coordinates": [-121.784, 37.452]}, "properties": {"name": "Location 330"}}, {"type": "Feature", "geometry": {"type": "Point", "coordinates": [-121.774, 37.452]}, "properties": {"name": "Location 331"}}, {"type": "Feature", "geometry": {"type": "Point", "coordinates": [-121.76400000000001, 37.452]}, "properties": {"name": "Location 332"}}, {"type": "Feature", "geometry": {"type": "Point", "coordinates": [-121.754, 37.452]}, "properties": {"name": "Location 333"}}, {"type": "Feature", "geometry": {"type": "Point", "coordinates": [-121.744, 37.452]}, "properties": {"name": "Location 334"}}, {"type": "Feature", "geometry": {"type": "Point", "coordinates": [-121.73400000000001, 37.452]}, "properties": {"name": "Location 335"}}, {"type": "Feature", "geometry": {"type": "Point", "coordinates": [-121.724, 37.452]}, "properties": {"name": "Location 336"}}, {"type": "Feature", "geometry": {"type": "Point", "coordinates": [-121.714, 37.452]}, "properties": {"name": "Location 337"}}, {"type": "Feature", "geometry": {"type": "Point", "coordinates": [-121.70400000000001, 37.452]}, "properties": {"name": "Location 338"}}, {"type": "Feature", "geometry": {"type": "Point", "coordinates": [-121.694, 37.452]}, "properties": {"name": "Location 339"}}, {"type": "Feature", "geometry": {"type": "Point", "coordinates": [-121.684, 37.452]}, "properties": {"name": "Location 340"}}, {"type": "Feature", "geometry": {"type": "Point", "coordinates": [-121.674, 37.452]}, "properties": {"name": "Location 341"}}, {"type": "Feature", "geometry": {"type": "Point", "coordinates": [-121.664, 37.452]}, "properties": {"name": "Location 342"}}, {"type": "Feature", "geometry": {"type": "Point", "coordinates": [-121.654, 37.452]}, "properties": {"name": "Location 343"}}, {"type": "Feature", "geometry": {"type": "Point", "coordinates": [-121.644, 37.452]}, "properties": {"name": "Location 344"}}, {"type": "Feature", "geometry": {"type": "Point", "coordinates": [-121.634, 37.452]}, "properties": {"name": "Location 345"}}, {"type": "Feature", "geometry": {"type": "Point", "coordinates": [-121.62400000000001, 37.452]}, "properties": {"name": "Location 346"}}, {"type": "Feature", "geometry": {"type": "Point", "coordinates": [-121.614, 37.452]}, "properties": {"name": "Location 347"}}, {"type": "Feature", "geometry": {"type": "Point", "coordinates": [-121.604, 37.452]}, "properties": {"name": "Location 348"}}, {"type": "Feature", "geometry": {"type": "Point", "coordinates": [-121.59400000000001, 37.452]}, "properties": {"name": "Location 349"}}, {"type": "Feature", "geometry": {"type": "Point", "coordinates": [-121.584, 37.452]}, "properties": {"name": "Location 350"}}, {"type": "Feature", "geometry": {"type": "Point", "coordinates": [-121.574, 37.452]}, "properties": {"name": "Location 351"}}, {"type": "Feature", "geometry": {"type": "Point", "coordinates": [-121.56400000000001, 37.452]}, "properties": {"name": "Location 352"}}, {"type": "Feature", "geometry": {"type": "Point", "coordinates": [-121.554, 37.452]}, "properties": {"name": "Location 353"}}, {"type": "Feature", "geometry": {"type": "Point", "coordinates": [-121.544, 37.452]}, "properties": {"name": "Location 354"}}, {"type": "Feature", "geometry": {"type": "Point", "coordinates": [-121.534, 37.452]}, "properties": {"name": "Location 355"}}, {"type": "Feature", "geometry": {"type": "Point", "coordinates": [-121.524, 37.452]}, "properties": {"name": "Location 356"}}, {"type": "Feature", "geometry": {"type": "Point", "coordinates": [-121.51400000000001, 37.452]}, "properties": {"name": "Location 357"}}, {"type": "Feature", "geometry": {"type": "Point", "coordinates": [-121.504, 37.452]}, "properties": {"name": "Location 358"}}, {"type": "Feature", "geometry": {"type": "Point", "coordinates": [-121.494, 37.452]}, "properties": {"name": "Location 359"}}, {"type": "Feature", "geometry": {"type": "Point", "coordinates": [-121.48400000000001, 37.452]}, "properties": {"name": "Location 360"}}, {"type": "Feature", "geometry": {"type": "Point", "coordinates": [-121.474, 37.452]}, "properties": {"name": "Location 361"}}, {"type": "Feature", "geometry": {"type": "Point", "coordinates": [-121.464, 37.452]}, "properties": {"name": "Location 362"}}, {"type": "Feature", "geometry": {"type": "Point", "coordinates": [-121.45400000000001, 37.452]}, "properties": {"name": "Location 363"}}, {"type": "Feature", "geometry": {"type": "Point", "coordinates": [-121.444, 37.452]}, "properties": {"name": "Location 364"}}, {"type": "Feature", "geometry": {"type": "Point", "coordinates": [-121.434, 37.452]}, "properties": {"name": "Location 365"}}, {"type": "Feature", "geometry": {"type": "Point", "coordinates": [-121.424, 37.452]}, "properties": {"name": "Location 366"}}, {"type": "Feature", "geometry": {"type": "Point", "coordinates": [-121.414, 37.452]}, "properties": {"name": "Location 367"}}, {"type": "Feature", "geometry": {"type": "Point", "coordinates": [-121.404, 37.452]}, "properties": {"name": "Location 368"}}, {"type": "Feature", "geometry": {"type": "Point", "coordinates": [-121.394, 37.452]}, "properties": {"name": "Location 369"}}, {"type": "Feature", "geometry": {"type": "Point", "coordinates": [-121.384, 37.452]}, "properties": {"name": "Location 370"}}, {"type": "Feature", "geometry": {"type": "Point", "coordinates": [-121.37400000000001, 37.452]}, "properties": {"name": "Location 371"}}, {"type": "Feature", "geometry": {"type": "Point", "coordinates": [-121.364, 37.452]}, "properties": {"name": "Location 372"}}, {"type": "Feature", "geometry": {"type": "Point", "coordinates": [-121.354, 37.452]}, "properties": {"name": "Location 373"}}, {"type": "Feature", "geometry": {"type": "Point", "coordinates": [-121.34400000000001, 37.452]}, "properties": {"name": "Location 374"}}, {"type": "Feature", "geometry": {"type": "Point", "coordinates": [-121.334, 37.452]}, "properties": {"name": "Location 375"}}, {"type": "Feature", "geometry": {"type": "Point", "coordinates": [-121.324, 37.452]}, "properties": {"name": "Location 376"}}, {"type": "Feature", "geometry": {"type": "Point", "coordinates": [-121.31400000000001, 37.452]}, "properties": {"name": "Location 377"}}, {"type": "Feature", "geometry": {"type": "Point", "coordinates": [-121.304, 37.452]}, "properties": {"name": "Location 378"}}, {"type": "Feature", "geometry": {"type": "Point", "coordinates": [-121.294, 37.452]}, "properties": {"name": "Location 379"}}, {"type": "Feature", "geometry": {"type": "Point", "coordinates": [-121.284, 37.452]}, "properties": {"name": "Location 380"}}, {"type": "Feature", "geometry": {"type": "Point", "coordinates": [-121.274, 37.452]}, "properties": {"name": "Location 381"}}, {"type": "Feature", "geometry": {"type": "Point", "coordinates": [-121.26400000000001, 37.452]}, "properties": {"name": "Location 382"}}, {"type": "Feature", "geometry": {"type": "Point", "coordinates": [-121.254, 37.452]}, "properties": {"name": "Location 383"}}, {"type": "Feature", "geometry": {"type": "Point", "coordinates": [-121.244, 37.452]}, "properties": {"name": "Location 384"}}, {"type": "Feature", "geometry": {"type": "Point", "coordinates": [-121.23400000000001, 37.452]}, "properties": {"name": "Location 385"}}, {"type": "Feature", "geometry": {"type": "Point", "coordinates": [-121.224, 37.452]}, "properties": {"name": "Location 386"}}, {"type": "Feature", "geometry": {"type": "Point", "coordinates": [-121.214, 37.452]}, "properties": {"name": "Location 387"}}, {"type": "Feature", "geometry": {"type": "Point", "coordinates": [-121.20400000000001, 37.452]}, "properties": {"name": "Location 388"}}, {"type": "Feature", "geometry": {"type": "Point", "coordinates": [-121.194, 37.452]}, "properties": {"name": "Location 389"}}, {"type": "Feature", "geometry": {"type": "Point", "coordinates": [-121.184, 37.452]}, "properties": {"name": "Location 390"}}, {"type": "Feature", "geometry": {"type": "Point", "coordinates": [-121.174, 37.452]}, "properties": {"name": "Location 391"}}, {"type": "Feature", "geometry": {"type": "Point", "coordinates": [-121.164, 37.452]}, "properties": {"name": "Location 392"}}, {"type": "Feature", "geometry": {"type": "Point", "coordinates": [-121.154, 37.452]}, "properties": {"name": "Location 393"}}, {"type": "Feature", "geometry": {"type": "Point", "coordinates": [-121.144, 37.452]}, "properties": {"name": "Location 394"}}, {"type": "Feature", "geometry": {"type": "Point", "coordinates": [-121.134, 37.452]}, "properties": {"name": "Location 395"}}, {"type": "Feature", "geometry": {"type": "Point", "coordinates": [-121.12400000000001, 37.452]}, "properties": {"name": "Location 396"}}, {"type": "Feature", "geometry": {"type": "Point", "coordinates": [-121.114, 37.452]}, "properties": {"name": "Location 397"}}, {"type": "Feature", "geometry": {"type": "Point", "coordinates": [-121.104, 37.452]}, "properties": {"name": "Location 398"}}, {"type": "Feature", "geometry": {"type": "Point", "coordinates": [-121.09400000000001, 37.452]}, "properties": {"name": "Location 399"}}, {"type": "Feature", "geometry": {"type": "Point", "coordinates": [-122.084, 37.461999999999996]}, "properties": {"name": "Location 400"}}, {"type": "Feature", "geometry": {"type": "Point", "coordinates": [-122.074, 37.461999999999996]}, "properties": {"name": "Location 401"}}, {"type": "Feature", "geometry": {"type": "Point", "coordinates": [-122.06400000000001, 37.461999999999996]}, "properties": {"name": "Location 402"}}, {"type": "Feature", "geometry": {"type": "Point", "coordinates": [-122.054, 37.461999999999996]}, "properties": {"name": "Location 403"}}, {"type": "Feature", "geometry": {"type": "Point", "coordinates": [-122.044, 37.461999999999996]}, "properties": {"name": "Location 404"}}, {"type": "Feature", "geometry": {"type": "Point", "coordinates": [-122.034, 37.461999999999996]}, "properties": {"name": "Location 405"}}, {"type": "Feature", "geometry": {"type": "Point", "coordinates": [-122.024, 37.461999999999996]}, "properties": {"name": "Location 406"}}, {"type": "Feature", "geometry": {"type": "Point", "coordinates": [-122.01400000000001, 37.461999999999996]}, "properties": {"name": "Location 407"}}, {"type": "Feature", "geometry": {"type": "Point", "coordinates": [-122.004, 37.461999999999996]}, "properties": {"name": "Location 408"}}, {"type": "Feature", "geometry": {"type": "Point", "coordinates": [-121.994, 37.461999999999996]}, "properties": {"name": "Location 409"}}, {"type": "Feature", "geometry": {"type": "Point", "coordinates": [-121.98400000000001, 37.461999999999996]}, "properties": {"name": "Location 410"}}, {"type": "Feature", "geometry": {"type": "Point", "coordinates": [-121.974, 37.461999999999996]}, "properties": {"name": "Location 411"}}, {"type": "Feature", "geometry": {"type": "Point", "coordinates": [-121.964, 37.461999999999996]}, "properties": {"name": "Location 412"}}, {"type": "Feature", "geometry": {"type": "Point", "coordinates": [-121.95400000000001, 37.461999999999996]}, "properties": {"name": "Location 413"}}, {"type": "Feature", "geometry": {"type": "Point", "coordinates": [-121.944, 37.461999999999996]}, "properties": {"name": "Location 414"}}, {"type": "Feature", "geometry": {"type": "Point", "coordinates": [-121.934, 37.461999999999996]}, "properties": {"name": "Location 415"}}, {"type": "Feature", "geometry": {"type": "Point", "coordinates": [-121.924, 37.461999999999996]}, "properties": {"name": "Location 416"}}, {"type": "Feature", "geometry": {"type": "Point", "coordinates": [-121.914, 37.461999999999996]}, "properties": {"name": "Location 417"}}, {"type": "Feature", "geometry": {"type": "Point", "coordinates": [-121.904, 37.461999999999996]}, "properties": {"name": "Location 418"}}, {"type": "Feature", "geometry": {"type": "Point", "coordinates": [-121.894, 37.461999999999996]}, "properties": {"name": "Location 419"}}, {"type": "Feature", "geometry": {"type": "Point", "coordinates": [-121.884, 37.461999999999996]}, "properties": {"name": "Location 420"}}, {"type": "Feature", "geometry": {"type": "Point", "coordinates": [-121.87400000000001, 37.461999999999996]}, "properties": {"name": "Location 421"}}, {"type": "Feature", "geometry": {"type": "Point", "coordinates": [-121.864, 37.461999999999996]}, "properties": {"name": "Location 422"}}, {"type": "Feature", "geometry": {"type": "Point", "coordinates": [-121.854, 37.461999999999996]}, "properties": {"name": "Location 423"}}, {"type": "Feature", "geometry": {"type": "Point", "coordinates": [-121.84400000000001, 37.461999999999996]}, "properties": {"name": "Location 424"}}, {"type": "Feature", "geometry": {"type": "Point", "coordinates": [-121.834, 37.461999999999996]}, "properties": {"name": "Location 425"}}, {"type": "Feature", "geometry": {"type": "Point", "coordinates": [-121.824, 37.461999999999996]}, "properties": {"name": "Location 426"}}, {"type": "Feature", "geometry": {"type": "Point", "coordinates": [-121.81400000000001, 37.461999999999996]}, "properties": {"name": "Location 427"}}, {"type": "Feature", "geometry": {"type": "Point", "coordinates": [-121.804, 37.461999999999996]}, "properties": {"name": "Location 428"}}, {"type": "Feature", "geometry": {"type": "Point", "coordinates": [-121.794, 37.461999999999996]}, "properties": {"name": "Location 429"}}, {"type": "Feature", "geometry": {"type": "Point", "coordinates": [-121.784, 37.461999999999996]}, "properties": {"name": "Location 430"}}, {"type": "Feature", "geometry": {"type": "Point", "coordinates": [-121.774, 37.461999999999996]}, "properties": {"name": "Location 431"}}, {"type": "Feature", "geometry": {"type": "Point", "coordinates": [-121.76400000000001, 37.461999999999996]}, "properties": {"name": "Location 432"}}, {"type": "Feature", "geometry": {"type": "Point", "coordinates": [-121.754, 37.461999999999996]}, "properties": {"name": "Location 433"}}, {"type": "Feature", "geometry": {"type": "Point", "coordinates": [-121.744, 37.461999999999996]}, "properties": {"name": "Location 434"}}, {"type": "Feature", "geometry": {"type": "Point", "coordinates": [-121.73400000000001, 37.461999999999996]}, "properties": {"name": "Location 435"}}, {"type": "Feature", "geometry": {"type": "Point", "coordinates": [-121.724, 37.461999999999996]}, "properties": {"name": "Location 436"}}, {"type": "Feature", "geometry": {"type": "Point", "coordinates": [-121.714, 37.461999999999996]}, "properties": {"name": "Location 437"}}, {"type": "Feature", "geometry": {"type": "Point", "coordinates": [-121.70400000000001, 37.461999999999996]}, "properties": {"name": "Location 438"}}, {"type": "Feature", "geometry": {"type": "Point", "coordinates": [-121.694, 37.461999999999996]}, "properties": {"name": "Location 439"}}, {"type": "Feature", "geometry": {"type": "Point", "coordinates": [-121.684, 37.461999999999996]}, "properties": {"name": "Location 440"}}, {"type": "Feature", "geometry": {"type": "Point", "coordinates": [-121.674, 37.461999999999996]}, "properties": {"name": "Location 441"}}, {"type": "Feature", "geometry": {"type": "Point", "coordinates": [-121.664, 37.461999999999996]}, "properties": {"name": "Location 442"}}, {"type": "Feature", "geometry": {"type": "Point", "coordinates": [-121.654, 37.461999999999996]}, "properties": {"name": "Location 443"}}, {"type": "Feature", "geometry": {"type": "Point", "coordinates": [-121.644, 37.461999999999996]}, "properties": {"name": "Location 444"}}, {"type": "Feature", "geometry": {"type": "Point", "coordinates": [-121.634, 37.461999999999996]}, "properties": {"name": "Location 445"}}, {"type": "Feature", "geometry": {"type": "Point", "coordinates": [-121.62400000000001, 37.461999999999996]}, "properties": {"name": "Location 446"}}, {"type": "Feature", "geometry": {"type": "Point", "coordinates": [-121.614, 37.461999999999996]}, "properties": {"name": "Location 447"}}, {"type": "Feature", "geometry": {"type": "Point", "coordinates": [-121.604, 37.461999999999996]}, "properties": {"name": "Location 448"}}, {"type": "Feature", "geometry": {"type": "Point", "coordinates": [-121.59400000000001, 37.461999999999996]}, "properties": {"name": "Location 449"}}, {"type": "Feature", "geometry": {"type": "Point", "coordinates": [-121.584, 37.461999999999996]}, "properties": {"name": "Location 450"}}, {"type": "Feature", "geometry": {"type": "Point", "coordinates": [-121.574, 37.461999999999996]}, "properties": {"name": "Location 451"}}, {"type": "Feature", "geometry": {"type": "Point", "coordinates": [-121.56400000000001, 37.461999999999996]}, "properties": {"name": "Location 452"}}, {"type": "Feature", "geometry": {"type": "Point", "coordinates": [-121.554, 37.461999999999996]}, "properties": {"name": "Location 453"}}, {"type": "Feature", "geometry": {"type": "Point", "coordinates": [-121.544, 37.461999999999996]}, "properties": {"name": "Location 454"}}, {"type": "Feature", "geometry": {"type": "Point", "coordinates": [-121.534, 37.461999999999996]}, "properties": {"name": "Location 455"}}, {"type": "Feature", "geometry": {"type": "Point", "coordinates": [-121.524, 37.461999999999996]}, "properties": {"name": "Location 456"}}, {"type": "Feature", "geometry": {"type": "Point", "coordinates": [-121.51400000000001, 37.461999999999996]}, "properties": {"name": "Location 457"}}, {"type": "Feature", "geometry": {"type": "Point", "coordinates": [-121.504, 37.461999999999996]}, "properties": {"name": "Location 458"}}, {"type": "Feature", "geometry": {"type": "Point", "coordinates": [-121.494, 37.461999999999996]}, "properties": {"name": "Location 459"}}, {"type": "Feature", "geometry": {"type": "Point", "coordinates": [-121.48400000000001, 37.461999999999996]}, "properties": {"name": "Location 460"}}, {"type": "Feature", "geometry": {"type": "Point", "coordinates": [-121.474, 37.461999999999996]}, "properties": {"name": "Location 461"}}, {"type": "Feature", "geometry": {"type": "Point", "coordinates": [-121.464, 37.461999999999996]}, "properties": {"name": "Location 462"}}, {"type": "Feature", "geometry": {"type": "Point", "coordinates": [-121.45400000000001, 37.461999999999996]}, "properties": {"name": "Location 463"}}, {"type": "Feature", "geometry": {"type": "Point", "coordinates": [-121.444, 37.461999999999996]}, "properties": {"name": "Location 464"}}, {"type": "Feature", "geometry": {"type": "Point", "coordinates": [-121.434, 37.461999999999996]}, "properties": {"name": "Location 465"}}, {"type": "Feature", "geometry": {"type": "Point", "coordinates": [-121.424, 37.461999999999996]}, "properties": {"name": "Location 466"}}, {"type": "Feature", "geometry": {"type": "Point", "coordinates": [-121.414, 37.461999999999996]}, "properties": {"name": "Location 467"}}, {"type": "Feature", "geometry": {"type": "Point", "coordinates": [-121.404, 37.461999999999996]}, "properties": {"name": "Location 468"}}, {"type": "Feature", "geometry": {"type": "Point", "coordinates": [-121.394, 37.461999999999996]}, "properties": {"name": "Location 469"}}, {"type": "Feature", "geometry": {"type": "Point", "coordinates": [-121.384, 37.461999999999996]}, "properties": {"name": "Location 470"}}, {"type": "Feature", "geometry": {"type": "Point", "coordinates": [-121.37400000000001, 37.461999999999996]}, "properties": {"name": "Location 471"}}, {"type": "Feature", "geometry": {"type": "Point", "coordinates": [-121.364, 37.461999999999996]}, "properties": {"name": "Location 472"}}, {"type": "Feature", "geometry": {"type": "Point", "coordinates": [-121.354, 37.461999999999996]}, "properties": {"name": "Location 473"}}, {"type": "Feature", "geometry": {"type": "Point", "coordinates": [-121.34400000000001, 37.461999999999996]}, "properties": {"name": "Location 474"}}, {"type": "Feature", "geometry": {"type": "Point", "coordinates": [-121.334, 37.461999999999996]}, "properties": {"name": "Location 475"}}, {"type": "Feature", "geometry": {"type": "Point", "coordinates": [-121.324, 37.461999999999996]}, "properties": {"name": "Location 476"}}, {"type": "Feature", "geometry": {"type": "Point", "coordinates": [-121.31400000000001, 37.461999999999996]}, "properties": {"name": "Location 477"}}, {"type": "Feature", "geometry": {"type": "Point", "coordinates": [-121.304, 37.461999999999996]}, "properties": {"name": "Location 478"}}, {"type": "Feature", "geometry": {"type": "Point", "coordinates": [-121.294, 37.461999999999996]}, "properties": {"name": "Location 479"}}, {"type": "Feature", "geometry": {"type": "Point", "coordinates": [-121.284, 37.461999999999996]}, "properties": {"name": "Location 480"}}, {"type": "Feature", "geometry": {"type": "Point", "coordinates": [-121.274, 37.461999999999996]}, "properties": {"name": "Location 481"}}, {"type": "Feature", "geometry": {"type": "Point", "coordinates": [-121.26400000000001, 37.461999999999996]}, "properties": {"name": "Location 482"}}, {"type": "Feature", "geometry": {"type": "Point", "coordinates": [-121.254, 37.461999999999996]}, "properties": {"name": "Location 483"}}, {"type": "Feature", "geometry": {"type": "Point", "coordinates": [-121.244, 37.461999999999996]}, "properties": {"name": "Location 484"}}, {"type": "Feature", "geometry": {"type": "Point", "coordinates": [-121.23400000000001, 37.461999999999996]}, "properties": {"name": "Location 485"}}, {"type": "Feature", "geometry": {"type": "Point", "coordinates": [-121.224, 37.461999999999996]}, "properties": {"name": "Location 486"}}, {"type": "Feature", "geometry": {"type": "Point", "coordinates": [-121.214, 37.461999999999996]}, "properties": {"name": "Location 487"}}, {"type": "Feature", "geometry": {"type": "Point", "coordinates": [-121.20400000000001, 37.461999999999996]}, "properties": {"name": "Location 488"}}, {"type": "Feature", "geometry": {"type": "Point", "coordinates": [-121.194, 37.461999999999996]}, "properties": {"name": "Location 489"}}, {"type": "Feature", "geometry": {"type": "Point", "coordinates": [-121.184, 37.461999999999996]}, "properties": {"name": "Location 490"}}, {"type": "Feature", "geometry": {"type": "Point", "coordinates": [-121.174, 37.461999999999996]}, "properties": {"name": "Location 491"}}, {"type": "Feature", "geometry": {"type": "Point", "coordinates": [-121.164, 37.461999999999996]}, "properties": {"name": "Location 492"}}, {"type": "Feature", "geometry": {"type": "Point", "coordinates": [-121.154, 37.461999999999996]}, "properties": {"name": "Location 493"}}, {"type": "Feature", "geometry": {"type": "Point", "coordinates": [-121.144, 37.461999999999996]}, "properties": {"name": "Location 494"}}, {"type": "Feature", "geometry": {"type": "Point", "coordinates": [-121.134, 37.461999999999996]}, "properties": {"name": "Location 495"}}, {"type": "Feature", "geometry": {"type": "Point", "coordinates": [-121.12400000000001, 37.461999999999996]}, "properties": {"name": "Location 496"}}, {"type": "Feature", "geometry": {"type": "Point", "coordinates": [-121.114, 37.461999999999996]}, "properties": {"name": "Location 497"}}, {"type": "Feature", "geometry": {"type": "Point", "coordinates": [-121.104, 37.461999999999996]}, "properties": {"name": "Location 498"}}, {"type": "Feature", "geometry": {"type": "Point", "coordinates": [-121.09400000000001, 37.461999999999996]}, "properties": {"name": "Location 499"}}, {"type": "Feature", "geometry": {"type": "Point", "coordinates": [-122.084, 37.471999999999994]}, "properties": {"name": "Location 500"}}, {"type": "Feature", "geometry": {"type": "Point", "coordinates": [-122.074, 37.471999999999994]}, "properties": {"name": "Location 501"}}, {"type": "Feature", "geometry": {"type": "Point", "coordinates": [-122.06400000000001, 37.471999999999994]}, "properties": {"name": "Location 502"}}, {"type": "Feature", "geometry": {"type": "Point", "coordinates": [-122.054, 37.471999999999994]}, "properties": {"name": "Location 503"}}, {"type": "Feature", "geometry": {"type": "Point", "coordinates": [-122.044, 37.471999999999994]}, "properties": {"name": "Location 504"}}, {"type": "Feature", "geometry": {"type": "Point", "coordinates": [-122.034, 37.471999999999994]}, "properties": {"name": "Location 505"}}, {"type": "Feature", "geometry": {"type": "Point", "coordinates": [-122.024, 37.471999999999994]}, "properties": {"name": "Location 506"}}, {"type": "Feature", "geometry": {"type": "Point", "coordinates": [-122.01400000000001, 37.471999999999994]}, "properties": {"name": "Location 507"}}, {"type": "Feature", "geometry": {"type": "Point", "coordinates": [-122.004, 37.471999999999994]}, "properties": {"name": "Location 508"}}, {"type": "Feature", "geometry": {"type": "Point", "coordinates": [-121.994, 37.471999999999994]}, "properties": {"name": "Location 509"}}, {"type": "Feature", "geometry": {"type": "Point", "coordinates": [-121.98400000000001, 37.471999999999994]}, "properties": {"name": "Location 510"}}, {"type": "Feature", "geometry": {"type": "Point", "coordinates": [-121.974, 37.471999999999994]}, "properties": {"name": "Location 511"}}, {"type": "Feature", "geometry": {"type": "Point", "coordinates": [-121.964, 37.471999999999994]}, "properties": {"name": "Location 512"}}, {"type": "Feature", "geometry": {"type": "Point", "coordinates": [-121.95400000000001, 37.471999999999994]}, "properties": {"name": "Location 513"}}, {"type": "Feature", "geometry": {"type": "Point", "coordinates": [-121.944, 37.471999999999994]}, "properties": {"name": "Location 514"}}, {"type": "Feature", "geometry": {"type": "Point", "coordinates": [-121.934, 37.471999999999994]}, "properties": {"name": "Location 515"}}, {"type": "Feature", "geometry": {"type": "Point", "coordinates": [-121.924, 37.471999999999994]}, "properties": {"name": "Location 516"}}, {"type": "Feature", "geometry": {"type": "Point", "coordinates": [-121.914, 37.471999999999994]}, "properties": {"name": "Location 517"}}, {"type": "Feature", "geometry": {"type": "Point", "coordinates": [-121.904, 37.471999999999994]}, "properties": {"name": "Location 518"}}, {"type": "Feature", "geometry": {"type": "Point", "coordinates": [-121.894, 37.471999999999994]}, "properties": {"name": "Location 519"}}, {"type": "Feature", "geometry": {"type": "Point", "coordinates": [-121.884, 37.471999999999994]}, "properties": {"name": "Location 520"}}, {"type": "Feature", "geometry": {"type": "Point", "coordinates": [-121.87400000000001, 37.471999999999994]}, "properties": {"name": "Location 521"}}, {"type": "Feature", "geometry": {"type": "Point", "coordinates": [-121.864, 37.471999999999994]}, "properties": {"name": "Location 522"}}, {"type": "Feature", "geometry": {"type": "Point", "coordinates": [-121.854, 37.471999999999994]}, "properties": {"name": "Location 523"}}, {"type": "Feature", "geometry": {"type": "Point", "coordinates": [-121.84400000000001, 37.471999999999994]}, "properties": {"name": "Location 524"}}, {"type": "Feature", "geometry": {"type": "Point", "coordinates": [-121.834, 37.471999999999994]}, "properties": {"name": "Location 525"}}, {"type": "Feature", "geometry": {"type": "Point", "coordinates": [-121.824, 37.471999999999994]}, "properties": {"name": "Location 526"}}, {"type": "Feature", "geometry": {"type": "Point", "coordinates": [-121.81400000000001, 37.471999999999994]}, "properties": {"name": "Location 527"}}, {"type": "Feature", "geometry": {"type": "Point", "coordinates": [-121.804, 37.471999999999994]}, "properties": {"name": "Location 528"}}, {"type": "Feature", "geometry": {"type": "Point", "coordinates": [-121.794, 37.471999999999994]}, "properties": {"name": "Location 529"}}, {"type": "Feature", "geometry": {"type": "Point", "coordinates": [-121.784, 37.471999999999994]}, "properties": {"name": "Location 530"}}, {"type": "Feature", "geometry": {"type": "Point", "coordinates": [-121.774, 37.471999999999994]}, "properties": {"name": "Location 531"}}, {"type": "Feature", "geometry": {"type": "Point", "coordinates": [-121.76400000000001, 37.471999999999994]}, "properties": {"name": "Location 532"}}, {"type": "Feature", "geometry": {"type": "Point", "coordinates": [-121.754, 37.471999999999994]}, "properties": {"name": "Location 533"}}, {"type": "Feature", "geometry": {"type": "Point", "coordinates": [-121.744, 37.471999999999994]}, "properties": {"name": "Location 534"}}, {"type": "Feature", "geometry": {"type": "Point", "coordinates": [-121.73400000000001, 37.471999999999994]}, "properties": {"name": "Location 535"}}, {"type": "Feature", "geometry": {"type": "Point", "coordinates": [-121.724, 37.471999999999994]}, "properties": {"name": "Location 536"}}, {"type": "Feature", "geometry": {"type": "Point", "coordinates": [-121.714, 37.471999999999994]}, "properties": {"name": "Location 537"}}, {"type": "Feature", "geometry": {"type": "Point", "coordinates": [-121.70400000000001, 37.471999999999994]}, "properties": {"name": "Location 538"}}, {"type": "Feature", "geometry": {"type": "Point", "coordinates": [-121.694, 37.471999999999994]}, "properties": {"name": "Location 539"}}, {"type": "Feature", "geometry": {"type": "Point", "coordinates": [-121.684, 37.471999999999994]}, "properties": {"name": "Location 540"}}, {"type": "Feature", "geometry": {"type": "Point", "coordinates": [-121.674, 37.471999999999994]}, "properties": {"name": "Location 541"}}, {"type": "Feature", "geometry": {"type": "Point", "coordinates": [-121.664, 37.471999999999994]}, "properties": {"name": "Location 542"}}, {"type": "Feature", "geometry": {"type": "Point", "coordinates": [-121.654, 37.471999999999994]}, "properties": {"name": "Location 543"}}, {"type": "Feature", "geometry": {"type": "Point", "coordinates": [-121.644, 37.471999999999994]}, "properties": {"name": "Location 544"}}, {"type": "Feature", "geometry": {"type": "Point", "coordinates": [-121.634, 37.471999999999994]}, "properties": {"name": "Location 545"}}, {"type": "Feature", "geometry": {"type": "Point", "coordinates": [-121.62400000000001, 37.471999999999994]}, "properties": {"name": "Location 546"}}, {"type": "Feature", "geometry": {"type": "Point", "coordinates": [-121.614, 37.471999999999994]}, "properties": {"name": "Location 547"}}, {"type": "Feature", "geometry": {"type": "Point", "coordinates": [-121.604, 37.471999999999994]}, "properties": {"name": "Location 548"}}, {"type": "Feature", "geometry": {"type": "Point", "coordinates": [-121.59400000000001, 37.471999999999994]}, "properties": {"name": "Location 549"}}, {"type": "Feature", "geometry": {"type": "Point", "coordinates": [-121.584, 37.471999999999994]}, "properties": {"name": "Location 550"}}, {"type": "Feature", "geometry": {"type": "Point", "coordinates": [-121.574, 37.471999999999994]}, "properties": {"name": "Location 551"}}, {"type": "Feature", "geometry": {"type": "Point", "coordinates": [-121.56400000000001, 37.471999999999994]}, "properties": {"name": "Location 552"}}, {"type": "Feature", "geometry": {"type": "Point", "coordinates": [-121.554, 37.471999999999994]}, "properties": {"name": "Location 553"}}, {"type": "Feature", "geometry": {"type": "Point", "coordinates": [-121.544, 37.471999999999994]}, "properties": {"name": "Location 554"}}, {"type": "Feature", "geometry": {"type": "Point", "coordinates": [-121.534, 37.471999999999994]}, "properties": {"name": "Location 555"}}, {"type": "Feature", "geometry": {"type": "Point", "coordinates": [-121.524, 37.471999999999994]}, "properties": {"name": "Location 556"}}, {"type": "Feature", "geometry": {"type": "Point", "coordinates": [-121.51400000000001, 37.471999999999994]}, "properties": {"name": "Location 557"}}, {"type": "Feature", "geometry": {"type": "Point", "coordinates": [-121.504, 37.471999999999994]}, "properties": {"name": "Location 558"}}, {"type": "Feature", "geometry": {"type": "Point", "coordinates": [-121.494, 37.471999999999994]}, "properties": {"name": "Location 559"}}, {"type": "Feature", "geometry": {"type": "Point", "coordinates": [-121.48400000000001, 37.471999999999994]}, "properties": {"name": "Location 560"}}, {"type": "Feature", "geometry": {"type": "Point", "coordinates": [-121.474, 37.471999999999994]}, "properties": {"name": "Location 561"}}, {"type": "Feature", "geometry": {"type": "Point", "coordinates": [-121.464, 37.471999999999994]}, "properties": {"name": "Location 562"}}, {"type": "Feature", "geometry": {"type": "Point", "coordinates": [-121.45400000000001, 37.471999999999994]}, "properties": {"name": "Location 563"}}, {"type": "Feature", "geometry": {"type": "Point", "coordinates": [-121.444, 37.471999999999994]}, "properties": {"name": "Location 564"}}, {"type": "Feature", "geometry": {"type": "Point", "coordinates": [-121.434, 37.471999999999994]}, "properties": {"name": "Location 565"}}, {"type": "Feature", "geometry": {"type": "Point", "coordinates": [-121.424, 37.471999999999994]}, "properties": {"name": "Location 566"}}, {"type": "Feature", "geometry": {"type": "Point", "coordinates": [-121.414, 37.471999999999994]}, "properties": {"name": "Location 567"}}, {"type": "Feature", "geometry": {"type": "Point", "coordinates": [-121.404, 37.471999999999994]}, "properties": {"name": "Location 568"}}, {"type": "Feature", "geometry": {"type": "Point", "coordinates": [-121.394, 37.471999999999994]}, "properties": {"name": "Location 569"}}, {"type": "Feature", "geometry": {"type": "Point", "coordinates": [-121.384, 37.471999999999994]}, "properties": {"name": "Location 570"}}, {"type": "Feature", "geometry": {"type": "Point", "coordinates": [-121.37400000000001, 37.471999999999994]}, "properties": {"name": "Location 571"}}, {"type": "Feature", "geometry": {"type": "Point", "coordinates": [-121.364, 37.471999999999994]}, "properties": {"name": "Location 572"}}, {"type": "Feature", "geometry": {"type": "Point", "coordinates": [-121.354, 37.471999999999994]}, "properties": {"name": "Location 573"}}, {"type": "Feature", "geometry": {"type": "Point", "coordinates": [-121.34400000000001, 37.471999999999994]}, "properties": {"name": "Location 574"}}, {"type": "Feature", "geometry": {"type": "Point", "coordinates": [-121.334, 37.471999999999994]}, "properties": {"name": "Location 575"}}, {"type": "Feature", "geometry": {"type": "Point", "coordinates": [-121.324, 37.471999999999994]}, "properties": {"name": "Location 576"}}, {"type": "Feature", "geometry": {"type": "Point", "coordinates": [-121.31400000000001, 37.471999999999994]}, "properties": {"name": "Location 577"}}, {"type": "Feature", "geometry": {"type": "Point", "coordinates": [-121.304, 37.471999999999994]}, "properties": {"name": "Location 578"}}, {"type": "Feature", "geometry": {"type": "Point", "coordinates": [-121.294, 37.471999999999994]}, "properties": {"name": "Location 579"}}, {"type": "Feature", "geometry": {"type": "Point", "coordinates": [-121.284, 37.471999999999994]}, "properties": {"name": "Location 580"}}, {"type": "Feature", "geometry": {"type": "Point", "coordinates": [-121.274, 37.471999999999994]}, "properties": {"name": "Location 581"}}, {"type": "Feature", "geometry": {"type": "Point", "coordinates": [-121.26400000000001, 37.471999999999994]}, "properties": {"name": "Location 582"}}, {"type": "Feature", "geometry": {"type": "Point", "coordinates": [-121.254, 37.471999999999994]}, "properties": {"name": "Location 583"}}, {"type": "Feature", "geometry": {"type": "Point", "coordinates": [-121.244, 37.471999999999994]}, "properties": {"name": "Location 584"}}, {"type": "Feature", "geometry": {"type": "Point", "coordinates": [-121.23400000000001, 37.471999999999994]}, "properties": {"name": "Location 585"}}, {"type": "Feature", "geometry": {"type": "Point", "coordinates": [-121.224, 37.471999999999994]}, "properties": {"name": "Location 586"}}, {"type": "Feature", "geometry": {"type": "Point", "coordinates": [-121.214, 37.471999999999994]}, "properties": {"name": "Location 587"}}, {"type": "Feature", "geometry": {"type": "Point", "coordinates": [-121.20400000000001, 37.471999999999994]}, "properties": {"name": "Location 588"}}, {"type": "Feature", "geometry": {"type": "Point", "coordinates": [-121.194, 37.471999999999994]}, "properties": {"name": "Location 589"}}, {"type": "Feature", "geometry": {"type": "Point", "coordinates": [-121.184, 37.471999999999994]}, "properties": {"name": "Location 590"}}, {"type": "Feature", "geometry": {"type": "Point", "coordinates": [-121.174, 37.471999999999994]}, "properties": {"name": "Location 591"}}, {"type": "Feature", "geometry": {"type": "Point", "coordinates": [-121.164, 37.471999999999994]}, "properties": {"name": "Location 592"}}, {"type": "Feature", "geometry": {"type": "Point", "coordinates": [-121.154, 37.471999999999994]}, "properties": {"name": "Location 593"}}, {"type": "Feature", "geometry": {"type": "Point", "coordinates": [-121.144, 37.471999999999994]}, "properties": {"name": "Location 594"}}, {"type": "Feature", "geometry": {"type": "Point", "coordinates": [-121.134, 37.471999999999994]}, "properties": {"name": "Location 595"}}, {"type": "Feature", "geometry": {"type": "Point", "coordinates": [-121.12400000000001, 37.471999999999994]}, "properties": {"name": "Location 596"}}, {"type": "Feature", "geometry": {"type": "Point", "coordinates": [-121.114, 37.471999999999994]}, "properties": {"name": "Location 597"}}, {"type": "Feature", "geometry": {"type": "Point", "coordinates": [-121.104, 37.471999999999994]}, "properties": {"name": "Location 598"}}, {"type": "Feature", "geometry": {"type": "Point", "coordinates": [-121.09400000000001, 37.471999999999994]}, "properties": {"name": "Location 599"}}, {"type": "Feature", "geometry": {"type": "Point", "coordinates": [-122.084, 37.482]}, "properties": {"name": "Location 600"}}, {"type": "Feature", "geometry": {"type": "Point", "coordinates": [-122.074, 37.482]}, "properties": {"name": "Location 601"}}, {"type": "Feature", "geometry": {"type": "Point", "coordinates": [-122.06400000000001, 37.482]}, "properties": {"name": "Location 602"}}, {"type": "Feature", "geometry": {"type": "Point", "coordinates": [-122.054, 37.482]}, "properties": {"name": "Location 603"}}, {"type": "Feature", "geometry": {"type": "Point", "coordinates": [-122.044, 37.482]}, "properties": {"name": "Location 604"}}, {"type": "Feature", "geometry": {"type": "Point", "coordinates": [-122.034, 37.482]}, "properties": {"name": "Location 605"}}, {"type": "Feature", "geometry": {"type": "Point", "coordinates": [-122.024, 37.482]}, "properties": {"name": "Location 606"}}, {"type": "Feature", "geometry": {"type": "Point", "coordinates": [-122.01400000000001, 37.482]}, "properties": {"name": "Location 607"}}, {"type": "Feature", "geometry": {"type": "Point", "coordinates": [-122.004, 37.482]}, "properties": {"name": "Location 608"}}, {"type": "Feature", "geometry": {"type": "Point", "coordinates": [-121.994, 37.482]}, "properties": {"name": "Location 609"}}, {"type": "Feature", "geometry": {"type": "Point", "coordinates": [-121.98400000000001, 37.482]}, "properties": {"name": "Location 610"}}, {"type": "Feature", "geometry": {"type": "Point", "coordinates": [-121.974, 37.482]}, "properties": {"name": "Location 611"}}, {"type": "Feature", "geometry": {"type": "Point", "coordinates": [-121.964, 37.482]}, "properties": {"name": "Location 612"}}, {"type": "Feature", "geometry": {"type": "Point", "coordinates": [-121.95400000000001, 37.482]}, "properties": {"name": "Location 613"}}, {"type": "Feature", "geometry": {"type": "Point", "coordinates": [-121.944, 37.482]}, "properties": {"name": "Location 614"}}, {"type": "Feature", "geometry": {"type": "Point", "coordinates": [-121.934, 37.482]}, "properties": {"name": "Location 615"}}, {"type": "Feature", "geometry": {"type": "Point", "coordinates": [-121.924, 37.482]}, "properties": {"name": "Location 616"}}, {"type": "Feature", "geometry": {"type": "Point", "coordinates": [-121.914, 37.482]}, "properties": {"name": "Location 617"}}, {"type": "Feature", "geometry": {"type": "Point", "coordinates": [-121.904, 37.482]}, "properties": {"name": "Location 618"}}, {"type": "Feature", "geometry": {"type": "Point", "coordinates": [-121.894, 37.482]}, "properties": {"name": "Location 619"}}, {"type": "Feature", "geometry": {"type": "Point", "coordinates": [-121.884, 37.482]}, "properties": {"name": "Location 620"}}, {"type": "Feature", "geometry": {"type": "Point", "coordinates": [-121.87400000000001, 37.482]}, "properties": {"name": "Location 621"}}, {"type": "Feature", "geometry": {"type": "Point", "coordinates": [-121.864, 37.482]}, "properties": {"name": "Location 622"}}, {"type": "Feature", "geometry": {"type": "Point", "coordinates": [-121.854, 37.482]}, "properties": {"name": "Location 623"}}, {"type": "Feature", "geometry": {"type": "Point", "coordinates": [-121.84400000000001, 37.482]}, "properties": {"name": "Location 624"}}, {"type": "Feature", "geometry": {"type": "Point", "coordinates": [-121.834, 37.482]}, "properties": {"name": "Location 625"}}, {"type": "Feature", "geometry": {"type": "Point", "coordinates": [-121.824, 37.482]}, "properties": {"name": "Location 626"}}, {"type": "Feature", "geometry": {"type": "Point", "coordinates": [-121.81400000000001, 37.482]}, "properties": {"name": "Location 627"}}, {"type": "Feature", "geometry": {"type": "Point", "coordinates": [-121.804, 37.482]}, "properties": {"name": "Location 628"}}, {"type": "Feature", "geometry": {"type": "Point", "coordinates": [-121.794, 37.482]}, "properties": {"name": "Location 629"}}, {"type": "Feature", "geometry": {"type": "Point", "coordinates": [-121.784, 37.482]}, "properties": {"name": "Location 630"}}, {"type": "Feature", "geometry": {"type": "Point", "coordinates": [-121.774, 37.482]}, "properties": {"name": "Location 631"}}, {"type": "Feature", "geometry": {"type": "Point", "coordinates": [-121.76400000000001, 37.482]}, "properties": {"name": "Location 632"}}, {"type": "Feature", "geometry": {"type": "Point", "coordinates": [-121.754, 37.482]}, "properties": {"name": "Location 633"}}, {"type": "Feature", "geometry": {"type": "Point", "coordinates": [-121.744, 37.482]}, "properties": {"name": "Location 634"}}, {"type": "Feature", "geometry": {"type": "Point", "coordinates": [-121.73400000000001, 37.482]}, "properties": {"name": "Location 635"}}, {"type": "Feature", "geometry": {"type": "Point", "coordinates": [-121.724, 37.482]}, "properties": {"name": "Location 636"}}, {"type": "Feature", "geometry": {"type": "Point", "coordinates": [-121.714, 37.482]}, "properties": {"name": "Location 637"}}, {"type": "Feature", "geometry": {"type": "Point", "coordinates": [-121.70400000000001, 37.482]}, "properties": {"name": "Location 638"}}, {"type": "Feature", "geometry": {"type": "Point", "coordinates": [-121.694, 37.482]}, "properties": {"name": "Location 639"}}, {"type": "Feature", "geometry": {"type": "Point", "coordinates": [-121.684, 37.482]}, "properties": {"name": "Location 640"}}, {"type": "Feature", "geometry": {"type": "Point", "coordinates": [-121.674, 37.482]}, "properties": {"name": "Location 641"}}, {"type": "Feature", "geometry": {"type": "Point", "coordinates": [-121.664, 37.482]}, "properties": {"name": "Location 642"}}, {"type": "Feature", "geometry": {"type": "Point", "coordinates": [-121.654, 37.482]}, "properties": {"name": "Location 643"}}, {"type": "Feature", "geometry": {"type": "Point", "coordinates": [-121.644, 37.482]}, "properties": {"name": "Location 644"}}, {"type": "Feature", "geometry": {"type": "Point", "coordinates": [-121.634, 37.482]}, "properties": {"name": "Location 645"}}, {"type": "Feature", "geometry": {"type": "Point", "coordinates": [-121.62400000000001, 37.482]}, "properties": {"name": "Location 646"}}, {"type": "Feature", "geometry": {"type": "Point", "coordinates": [-121.614, 37.482]}, "properties": {"name": "Location 647"}}, {"type": "Feature", "geometry": {"type": "Point", "coordinates": [-121.604, 37.482]}, "properties": {"name": "Location 648"}}, {"type": "Feature", "geometry": {"type": "Point", "coordinates": [-121.59400000000001, 37.482]}, "properties": {"name": "Location 649"}}, {"type": "Feature", "geometry": {"type": "Point", "coordinates": [-121.584, 37.482]}, "properties": {"name": "Location 650"}}, {"type": "Feature", "geometry": {"type": "Point", "coordinates": [-121.574, 37.482]}, "properties": {"name": "Location 651"}}, {"type": "Feature", "geometry": {"type": "Point", "coordinates": [-121.56400000000001, 37.482]}, "properties": {"name": "Location 652"}}, {"type": "Feature", "geometry": {"type": "Point", "coordinates": [-121.554, 37.482]}, "properties": {"name": "Location 653"}}, {"type": "Feature", "geometry": {"type": "Point", "coordinates": [-121.544, 37.482]}, "properties": {"name": "Location 654"}}, {"type": "Feature", "geometry": {"type": "Point", "coordinates": [-121.534, 37.482]}, "properties": {"name": "Location 655"}}, {"type": "Feature", "geometry": {"type": "Point", "coordinates": [-121.524, 37.482]}, "properties": {"name": "Location 656"}}, {"type": "Feature", "geometry": {"type": "Point", "coordinates": [-121.51400000000001, 37.482]}, "properties": {"name": "Location 657"}}, {"type": "Feature", "geometry": {"type": "Point", "coordinates": [-121.504, 37.482]}, "properties": {"name": "Location 658"}}, {"type": "Feature", "geometry": {"type": "Point", "coordinates": [-121.494, 37.482]}, "properties": {"name": "Location 659"}}, {"type": "Feature", "geometry": {"type": "Point", "coordinates": [-121.48400000000001, 37.482]}, "properties": {"name": "Location 660"}}, {"type": "Feature", "geometry": {"type": "Point", "coordinates": [-121.474, 37.482]}, "properties": {"name": "Location 661"}}, {"type": "Feature", "geometry": {"type": "Point", "coordinates": [-121.464, 37.482]}, "properties": {"name": "Location 662"}}, {"type": "Feature", "geometry": {"type": "Point", "coordinates": [-121.45400000000001, 37.482]}, "properties": {"name": "Location 663"}}, {"type": "Feature", "geometry": {"type": "Point", "coordinates": [-121.444, 37.482]}, "properties": {"name": "Location 664"}}, {"type": "Feature", "geometry": {"type": "Point", "coordinates": [-121.434, 37.482]}, "properties": {"name": "Location 665"}}, {"type": "Feature", "geometry": {"type": "Point", "coordinates": [-121.424, 37.482]}, "properties": {"name": "Location 666"}}, {"type": "Feature", "geometry": {"type": "Point", "coordinates": [-121.414, 37.482]}, "properties": {"name": "Location 667"}}, {"type": "Feature", "geometry": {"type": "Point", "coordinates": [-121.404, 37.482]}, "properties": {"name": "Location 668"}}, {"type": "Feature", "geometry": {"type": "Point", "coordinates": [-121.394, 37.482]}, "properties": {"name": "Location 669"}}, {"type": "Feature", "geometry": {"type": "Point", "coordinates": [-121.384, 37.482]}, "properties": {"name": "Location 670"}}, {"type": "Feature", "geometry": {"type": "Point", "coordinates": [-121.37400000000001, 37.482]}, "properties": {"name": "Location 671"}}, {"type": "Feature", "geometry": {"type": "Point", "coordinates": [-121.364, 37.482]}, "properties": {"name": "Location 672"}}, {"type": "Feature", "geometry": {"type": "Point", "coordinates": [-121.354, 37.482]}, "properties": {"name": "Location 673"}}, {"type": "Feature", "geometry": {"type": "Point", "coordinates": [-121.34400000000001, 37.482]}, "properties": {"name": "Location 674"}}, {"type": "Feature", "geometry": {"type": "Point", "coordinates": [-121.334, 37.482]}, "properties": {"name": "Location 675"}}, {"type": "Feature", "geometry": {"type": "Point", "coordinates": [-121.324, 37.482]}, "properties": {"name": "Location 676"}}, {"type": "Feature", "geometry": {"type": "Point", "coordinates": [-121.31400000000001, 37.482]}, "properties": {"name": "Location 677"}}, {"type": "Feature", "geometry": {"type": "Point", "coordinates": [-121.304, 37.482]}, "properties": {"name": "Location 678"}}, {"type": "Feature", "geometry": {"type": "Point", "coordinates": [-121.294, 37.482]}, "properties": {"name": "Location 679"}}, {"type": "Feature", "geometry": {"type": "Point", "coordinates": [-121.284, 37.482]}, "properties": {"name": "Location 680"}}, {"type": "Feature", "geometry": {"type": "Point", "coordinates": [-121.274, 37.482]}, "properties": {"name": "Location 681"}}, {"type": "Feature", "geometry": {"type": "Point", "coordinates": [-121.26400000000001, 37.482]}, "properties": {"name": "Location 682"}}, {"type": "Feature", "geometry": {"type": "Point", "coordinates": [-121.254, 37.482]}, "properties": {"name": "Location 683"}}, {"type": "Feature", "geometry": {"type": "Point", "coordinates": [-121.244, 37.482]}, "properties": {"name": "Location 684"}}, {"type": "Feature", "geometry": {"type": "Point", "coordinates": [-121.23400000000001, 37.482]}, "properties": {"name": "Location 685"}}, {"type": "Feature", "geometry": {"type": "Point", "coordinates": [-121.224, 37.482]}, "properties": {"name": "Location 686"}}, {"type": "Feature", "geometry": {"type": "Point", "coordinates": [-121.214, 37.482]}, "properties": {"name": "Location 687"}}, {"type": "Feature", "geometry": {"type": "Point", "coordinates": [-121.20400000000001, 37.482]}, "properties": {"name": "Location 688"}}, {"type": "Feature", "geometry": {"type": "Point", "coordinates": [-121.194, 37.482]}, "properties": {"name": "Location 689"}}, {"type": "Feature", "geometry": {"type": "Point", "coordinates": [-121.184, 37.482]}, "properties": {"name": "Location 690"}}, {"type": "Feature", "geometry": {"type": "Point", "coordinates": [-121.174, 37.482]}, "properties": {"name": "Location 691"}}, {"type": "Feature", "geometry": {"type": "Point", "coordinates": [-121.164, 37.482]}, "properties": {"name": "Location 692"}}, {"type": "Feature", "geometry": {"type": "Point", "coordinates": [-121.154, 37.482]}, "properties": {"name": "Location 693"}}, {"type": "Feature", "geometry": {"type": "Point", "coordinates": [-121.144, 37.482]}, "properties": {"name": "Location 694"}}, {"type": "Feature", "geometry": {"type": "Point", "coordinates": [-121.134, 37.482]}, "properties": {"name": "Location 695"}}, {"type": "Feature", "geometry": {"type": "Point", "coordinates": [-121.12400000000001, 37.482]}, "properties": {"name": "Location 696"}}, {"type": "Feature", "geometry": {"type": "Point", "coordinates": [-121.114, 37.482]}, "properties": {"name": "Location 697"}}, {"type": "Feature", "geometry": {"type": "Point", "coordinates": [-121.104, 37.482]}, "properties": {"name": "Location 698"}}, {"type": "Feature", "geometry": {"type": "Point", "coordinates": [-121.09400000000001, 37.482]}, "properties": {"name": "Location 699"}}, {"type": "Feature", "geometry": {"type": "Point", "coordinates": [-122.084, 37.492]}, "properties": {"name": "Location 700"}}, {"type": "Feature", "geometry": {"type": "Point", "coordinates": [-122.074, 37.492]}, "properties": {"name": "Location 701"}}, {"type": "Feature", "geometry": {"type": "Point", "coordinates": [-122.06400000000001, 37.492]}, "properties": {"name": "Location 702"}}, {"type": "Feature", "geometry": {"type": "Point", "coordinates": [-122.054, 37.492]}, "properties": {"name": "Location 703"}}, {"type": "Feature", "geometry": {"type": "Point", "coordinates": [-122.044, 37.492]}, "properties": {"name": "Location 704"}}, {"type": "Feature", "geometry": {"type": "Point", "coordinates": [-122.034, 37.492]}, "properties": {"name": "Location 705"}}, {"type": "Feature", "geometry": {"type": "Point", "coordinates": [-122.024, 37.492]}, "properties": {"name": "Location 706"}}, {"type": "Feature", "geometry": {"type": "Point", "coordinates": [-122.01400000000001, 37.492]}, "properties": {"name": "Location 707"}}, {"type": "Feature", "geometry": {"type": "Point", "coordinates": [-122.004, 37.492]}, "properties": {"name": "Location 708"}}, {"type": "Feature", "geometry": {"type": "Point", "coordinates": [-121.994, 37.492]}, "properties": {"name": "Location 709"}}, {"type": "Feature", "geometry": {"type": "Point", "coordinates": [-121.98400000000001, 37.492]}, "properties": {"name": "Location 710"}}, {"type": "Feature", "geometry": {"type": "Point", "coordinates": [-121.974, 37.492]}, "properties": {"name": "Location 711"}}, {"type": "Feature", "geometry": {"type": "Point", "coordinates": [-121.964, 37.492]}, "properties": {"name": "Location 712"}}, {"type": "Feature", "geometry": {"type": "Point", "coordinates": [-121.95400000000001, 37.492]}, "properties": {"name": "Location 713"}}, {"type": "Feature", "geometry": {"type": "Point", "coordinates": [-121.944, 37.492]}, "properties": {"name": "Location 714"}}, {"type": "Feature", "geometry": {"type": "Point", "coordinates": [-121.934, 37.492]}, "properties": {"name": "Location 715"}}, {"type": "Feature", "geometry": {"type": "Point", "coordinates": [-121.924, 37.492]}, "properties": {"name": "Location 716"}}, {"type": "Feature", "geometry": {"type": "Point", "coordinates": [-121.914, 37.492]}, "properties": {"name": "Location 717"}}, {"type": "Feature", "geometry": {"type": "Point", "coordinates": [-121.904, 37.492]}, "properties": {"name": "Location 718"}}, {"type": "Feature", "geometry": {"type": "Point", "coordinates": [-121.894, 37.492]}, "properties": {"name": "Location 719"}}, {"type": "Feature", "geometry": {"type": "Point", "coordinates": [-121.884, 37.492]}, "properties": {"name": "Location 720"}}, {"type": "Feature", "geometry": {"type": "Point", "coordinates": [-121.87400000000001, 37.492]}, "properties": {"name": "Location 721"}}, {"type": "Feature", "geometry": {"type": "Point", "coordinates": [-121.864, 37.492]}, "properties": {"name": "Location 722"}}, {"type": "Feature", "geometry": {"type": "Point", "coordinates": [-121.854, 37.492]}, "properties": {"name": "Location 723"}}, {"type": "Feature", "geometry": {"type": "Point", "coordinates": [-121.84400000000001, 37.492]}, "properties": {"name": "Location 724"}}, {"type": "Feature", "geometry": {"type": "Point", "coordinates": [-121.834, 37.492]}, "properties": {"name": "Location 725"}}, {"type": "Feature", "geometry": {"type": "Point", "coordinates": [-121.824, 37.492]}, "properties": {"name": "Location 726"}}, {"type": "Feature", "geometry": {"type": "Point", "coordinates": [-121.81400000000001, 37.492]}, "properties": {"name": "Location 727"}}, {"type": "Feature", "geometry": {"type": "Point", "coordinates": [-121.804, 37.492]}, "properties": {"name": "Location 728"}}, {"type": "Feature", "geometry": {"type": "Point", "coordinates": [-121.794, 37.492]}, "properties": {"name": "Location 729"}}, {"type": "Feature", "geometry": {"type": "Point", "coordinates": [-121.784, 37.492]}, "properties": {"name": "Location 730"}}, {"type": "Feature", "geometry": {"type": "Point", "coordinates": [-121.774, 37.492]}, "properties": {"name": "Location 731"}}, {"type": "Feature", "geometry": {"type": "Point", "coordinates": [-121.76400000000001, 37.492]}, "properties": {"name": "Location 732"}}, {"type": "Feature", "geometry": {"type": "Point", "coordinates": [-121.754, 37.492]}, "properties": {"name": "Location 733"}}, {"type": "Feature", "geometry": {"type": "Point", "coordinates": [-121.744, 37.492]}, "properties": {"name": "Location 734"}}, {"type": "Feature", "geometry": {"type": "Point", "coordinates": [-121.73400000000001, 37.492]}, "properties": {"name": "Location 735"}}, {"type": "Feature", "geometry": {"type": "Point", "coordinates": [-121.724, 37.492]}, "properties": {"name": "Location 736"}}, {"type": "Feature", "geometry": {"type": "Point", "coordinates": [-121.714, 37.492]}, "properties": {"name": "Location 737"}}, {"type": "Feature", "geometry": {"type": "Point", "coordinates": [-121.70400000000001, 37.492]}, "properties": {"name": "Location 738"}}, {"type": "Feature", "geometry": {"type": "Point", "coordinates": [-121.694, 37.492]}, "properties": {"name": "Location 739"}}, {"type": "Feature", "geometry": {"type": "Point", "coordinates": [-121.684, 37.492]}, "properties": {"name": "Location 740"}}, {"type": "Feature", "geometry": {"type": "Point", "coordinates": [-121.674, 37.492]}, "properties": {"name": "Location 741"}}, {"type": "Feature", "geometry": {"type": "Point", "coordinates": [-121.664, 37.492]}, "properties": {"name": "Location 742"}}, {"type": "Feature", "geometry": {"type": "Point", "coordinates": [-121.654, 37.492]}, "properties": {"name": "Location 743"}}, {"type": "Feature", "geometry": {"type": "Point", "coordinates": [-121.644, 37.492]}, "properties": {"name": "Location 744"}}, {"type": "Feature", "geometry": {"type": "Point", "coordinates": [-121.634, 37.492]}, "properties": {"name": "Location 745"}}, {"type": "Feature", "geometry": {"type": "Point", "coordinates": [-121.62400000000001, 37.492]}, "properties": {"name": "Location 746"}}, {"type": "Feature", "geometry": {"type": "Point", "coordinates": [-121.614, 37.492]}, "properties": {"name": "Location 747"}}, {"type": "Feature", "geometry": {"type": "Point", "coordinates": [-121.604, 37.492]}, "properties": {"name": "Location 748"}}, {"type": "Feature", "geometry": {"type": "Point", "coordinates": [-121.59400000000001, 37.492]}, "properties": {"name": "Location 749"}}, {"type": "Feature", "geometry": {"type": "Point", "coordinates": [-121.584, 37.492]}, "properties": {"name": "Location 750"}}, {"type": "Feature", "geometry": {"type": "Point", "coordinates": [-121.574, 37.492]}, "properties": {"name": "Location 751"}}, {"type": "Feature", "geometry": {"type": "Point", "coordinates": [-121.56400000000001, 37.492]}, "properties": {"name": "Location 752"}}, {"type": "Feature", "geometry": {"type": "Point", "coordinates": [-121.554, 37.492]}, "properties": {"name": "Location 753"}}, {"type": "Feature", "geometry": {"type": "Point", "coordinates": [-121.544, 37.492]}, "properties": {"name": "Location 754"}}, {"type": "Feature", "geometry": {"type": "Point", "coordinates": [-121.534, 37.492]}, "properties": {"name": "Location 755"}}, {"type": "Feature", "geometry": {"type": "Point", "coordinates": [-121.524, 37.492]}, "properties": {"name": "Location 756"}}, {"type": "Feature", "geometry": {"type": "Point", "coordinates": [-121.51400000000001, 37.492]}, "properties": {"name": "Location 757"}}, {"type": "Feature", "geometry": {"type": "Point", "coordinates": [-121.504, 37.492]}, "properties": {"name": "Location 758"}}, {"type": "Feature", "geometry": {"type": "Point", "coordinates": [-121.494, 37.492]}, "properties": {"name": "Location 759"}}, {"type": "Feature", "geometry": {"type": "Point", "coordinates": [-121.48400000000001, 37.492]}, "properties": {"name": "Location 760"}}, {"type": "Feature", "geometry": {"type": "Point", "coordinates": [-121.474, 37.492]}, "properties": {"name": "Location 761"}}, {"type": "Feature", "geometry": {"type": "Point", "coordinates": [-121.464, 37.492]}, "properties": {"name": "Location 762"}}, {"type": "Feature", "geometry": {"type": "Point", "coordinates": [-121.45400000000001, 37.492]}, "properties": {"name": "Location 763"}}, {"type": "Feature", "geometry": {"type": "Point", "coordinates": [-121.444, 37.492]}, "properties": {"name": "Location 764"}}, {"type": "Feature", "geometry": {"type": "Point", "coordinates": [-121.434, 37.492]}, "properties": {"name": "Location 765"}}, {"type": "Feature", "geometry": {"type": "Point", "coordinates": [-121.424, 37.492]}, "properties": {"name": "Location 766"}}, {"type": "Feature", "geometry": {"type": "Point", "coordinates": [-121.414, 37.492]}, "properties": {"name": "Location 767"}}, {"type": "Feature", "geometry": {"type": "Point", "coordinates": [-121.404, 37.492]}, "properties": {"name": "Location 768"}}, {"type": "Feature", "geometry": {"type": "Point", "coordinates": [-121.394, 37.492]}, "properties": {"name": "Location 769"}}, {"type": "Feature", "geometry": {"type": "Point", "coordinates": [-121.384, 37.492]}, "properties": {"name": "Location 770"}}, {"type": "Feature", "geometry": {"type": "Point", "coordinates": [-121.37400000000001, 37.492]}, "properties": {"name": "Location 771"}}, {"type": "Feature", "geometry": {"type": "Point", "coordinates": [-121.364, 37.492]}, "properties": {"name": "Location 772"}}, {"type": "Feature", "geometry": {"type": "Point", "coordinates": [-121.354, 37.492]}, "properties": {"name": "Location 773"}}, {"type": "Feature", "geometry": {"type": "Point", "coordinates": [-121.34400000000001, 37.492]}, "properties": {"name": "Location 774"}}, {"type": "Feature", "geometry": {"type": "Point", "coordinates": [-121.334, 37.492]}, "properties": {"name": "Location 775"}}, {"type": "Feature", "geometry": {"type": "Point", "coordinates": [-121.324, 37.492]}, "properties": {"name": "Location 776"}}, {"type": "Feature", "geometry": {"type": "Point", "coordinates": [-121.31400000000001, 37.492]}, "properties": {"name": "Location 777"}}, {"type": "Feature", "geometry": {"type": "Point", "coordinates": [-121.304, 37.492]}, "properties": {"name": "Location 778"}}, {"type": "Feature", "geometry": {"type": "Point", "coordinates": [-121.294, 37.492]}, "properties": {"name": "Location 779"}}, {"type": "Feature", "geometry": {"type": "Point", "coordinates": [-121.284, 37.492]}, "properties": {"name": "Location 780"}}, {"type": "Feature", "geometry": {"type": "Point", "coordinates": [-121.274, 37.492]}, "properties": {"name": "Location 781"}}, {"type": "Feature", "geometry": {"type": "Point", "coordinates": [-121.26400000000001, 37.492]}, "properties": {"name": "Location 782"}}, {"type": "Feature", "geometry": {"type": "Point", "coordinates": [-121.254, 37.492]}, "properties": {"name": "Location 783"}}, {"type": "Feature", "geometry": {"type": "Point", "coordinates": [-121.244, 37.492]}, "properties": {"name": "Location 784"}}, {"type": "Feature", "geometry": {"type": "Point", "coordinates": [-121.23400000000001, 37.492]}, "properties": {"name": "Location 785"}}, {"type": "Feature", "geometry": {"type": "Point", "coordinates": [-121.224, 37.492]}, "properties": {"name": "Location 786"}}, {"type": "Feature", "geometry": {"type": "Point", "coordinates": [-121.214, 37.492]}, "properties": {"name": "Location 787"}}, {"type": "Feature", "geometry": {"type": "Point", "coordinates": [-121.20400000000001, 37.492]}, "properties": {"name": "Location 788"}}, {"type": "Feature", "geometry": {"type": "Point", "coordinates": [-121.194, 37.492]}, "properties": {"name": "Location 789"}}, {"type": "Feature", "geometry": {"type": "Point", "coordinates": [-121.184, 37.492]}, "properties": {"name": "Location 790"}}, {"type": "Feature", "geometry": {"type": "Point", "coordinates": [-121.174, 37.492]}, "properties": {"name": "Location 791"}}, {"type": "Feature", "geometry": {"type": "Point", "coordinates": [-121.164, 37.492]}, "properties": {"name": "Location 792"}}, {"type": "Feature", "geometry": {"type": "Point", "coordinates": [-121.154, 37.492]}, "properties": {"name": "Location 793"}}, {"type": "Feature", "geometry": {"type": "Point", "coordinates": [-121.144, 37.492]}, "properties": {"name": "Location 794"}}, {"type": "Feature", "geometry": {"type": "Point", "coordinates": [-121.134, 37.492]}, "properties": {"name": "Location 795"}}, {"type": "Feature", "geometry": {"type": "Point", "coordinates": [-121.12400000000001, 37.492]}, "properties": {"name": "Location 796"}}, {"type": "Feature", "geometry": {"type": "Point", "coordinates": [-121.114, 37.492]}, "properties": {"name": "Location 797"}}, {"type": "Feature", "geometry": {"type": "Point", "coordinates": [-121.104, 37.492]}, "properties": {"name": "Location 798"}}, {"type": "Feature", "geometry": {"type": "Point", "coordinates": [-121.09400000000001, 37.492]}, "properties": {"name": "Location 799"}}, {"type": "Feature", "geometry": {"type": "Point", "coordinates": [-122.084, 37.501999999999995]}, "properties": {"name": "Location 800"}}, {"type": "Feature", "geometry": {"type": "Point", "coordinates": [-122.074, 37.501999999999995]}, "properties": {"name": "Location 801"}}, {"type": "Feature", "geometry": {"type": "Point", "coordinates": [-122.06400000000001, 37.501999999999995]}, "properties": {"name": "Location 802"}}, {"type": "Feature", "geometry": {"type": "Point", "coordinates": [-122.054, 37.501999999999995]}, "properties": {"name": "Location 803"}}, {"type": "Feature", "geometry": {"type": "Point", "coordinates": [-122.044, 37.501999999999995]}, "properties": {"name": "Location 804"}}, {"type": "Feature", "geometry": {"type": "Point", "coordinates": [-122.034, 37.501999999999995]}, "properties": {"name": "Location 805"}}, {"type": "Feature", "geometry": {"type": "Point", "coordinates": [-122.024, 37.501999999999995]}, "properties": {"name": "Location 806"}}, {"type": "Feature", "geometry": {"type": "Point", "coordinates": [-122.01400000000001, 37.501999999999995]}, "properties": {"name": "Location 807"}}, {"type": "Feature", "geometry": {"type": "Point", "coordinates": [-122.004, 37.501999999999995]}, "properties": {"name": "Location 808"}}, {"type": "Feature", "geometry": {"type": "Point", "coordinates": [-121.994, 37.501999999999995]}, "properties": {"name": "Location 809"}}, {"type": "Feature", "geometry": {"type": "Point", "coordinates": [-121.98400000000001, 37.501999999999995]}, "properties": {"name": "Location 810"}}, {"type": "Feature", "geometry": {"type": "Point", "coordinates": [-121.974, 37.501999999999995]}, "properties": {"name": "Location 811"}}, {"type": "Feature", "geometry": {"type": "Point", "coordinates": [-121.964, 37.501999999999995]}, "properties": {"name": "Location 812"}}, {"type": "Feature", "geometry": {"type": "Point", "coordinates": [-121.95400000000001, 37.501999999999995]}, "properties": {"name": "Location 813"}}, {"type": "Feature", "geometry": {"type": "Point", "coordinates": [-121.944, 37.501999999999995]}, "properties": {"name": "Location 814"}}, {"type": "Feature", "geometry": {"type": "Point", "coordinates": [-121.934, 37.501999999999995]}, "properties": {"name": "Location 815"}}, {"type": "Feature", "geometry": {"type": "Point", "coordinates": [-121.924, 37.501999999999995]}, "properties": {"name": "Location 816"}}, {"type": "Feature", "geometry": {"type": "Point", "coordinates": [-121.914, 37.501999999999995]}, "properties": {"name": "Location 817"}}, {"type": "Feature", "geometry": {"type": "Point", "coordinates": [-121.904, 37.501999999999995]}, "properties": {"name": "Location 818"}}, {"type": "Feature", "geometry": {"type": "Point", "coordinates": [-121.894, 37.501999999999995]}, "properties": {"name": "Location 819"}}, {"type": "Feature", "geometry": {"type": "Point", "coordinates": [-121.884, 37.501999999999995]}, "properties": {"name": "Location 820"}}, {"type": "Feature", "geometry": {"type": "Point", "coordinates": [-121.87400000000001, 37.501999999999995]}, "properties": {"name": "Location 821"}}, {"type": "Feature", "geometry": {"type": "Point", "coordinates": [-121.864, 37.501999999999995]}, "properties": {"name": "Location 822"}}, {"type": "Feature", "geometry": {"type": "Point", "coordinates": [-121.854, 37.501999999999995]}, "properties": {"name": "Location 823"}}, {"type": "Feature", "geometry": {"type": "Point", "coordinates": [-121.84400000000001, 37.501999999999995]}, "properties": {"name": "Location 824"}}, {"type": "Feature", "geometry": {"type": "Point", "coordinates": [-121.834, 37.501999999999995]}, "properties": {"name": "Location 825"}}, {"type": "Feature", "geometry": {"type": "Point", "coordinates": [-121.824, 37.501999999999995]}, "properties": {"name": "Location 826"}}, {"type": "Feature", "geometry": {"type": "Point", "coordinates": [-121.81400000000001, 37.501999999999995]}, "properties": {"name": "Location 827"}}, {"type": "Feature", "geometry": {"type": "Point", "coordinates": [-121.804, 37.501999999999995]}, "properties": {"name": "Location 828"}}, {"type": "Feature", "geometry": {"type": "Point", "coordinates": [-121.794, 37.501999999999995]}, "properties": {"name": "Location 829"}}, {"type": "Feature", "geometry": {"type": "Point", "coordinates": [-121.784, 37.501999999999995]}, "properties": {"name": "Location 830"}}, {"type": "Feature", "geometry": {"type": "Point", "coordinates": [-121.774, 37.501999999999995]}, "properties": {"name": "Location 831"}}, {"type": "Feature", "geometry": {"type": "Point", "coordinates": [-121.76400000000001, 37.501999999999995]}, "properties": {"name": "Location 832"}}, {"type": "Feature", "geometry": {"type": "Point", "coordinates": [-121.754, 37.501999999999995]}, "properties": {"name": "Location 833"}}, {"type": "Feature", "geometry": {"type": "Point", "coordinates": [-121.744, 37.501999999999995]}, "properties": {"name": "Location 834"}}, {"type": "Feature", "geometry": {"type": "Point", "coordinates": [-121.73400000000001, 37.501999999999995]}, "properties": {"name": "Location 835"}}, {"type": "Feature", "geometry": {"type": "Point", "coordinates": [-121.724, 37.501999999999995]}, "properties": {"name": "Location 836"}}, {"type": "Feature", "geometry": {"type": "Point", "coordinates": [-121.714, 37.501999999999995]}, "properties": {"name": "Location 837"}}, {"type": "Feature", "geometry": {"type": "Point", "coordinates": [-121.70400000000001, 37.501999999999995]}, "properties": {"name": "Location 838"}}, {"type": "Feature", "geometry": {"type": "Point", "coordinates": [-121.694, 37.501999999999995]}, "properties": {"name": "Location 839"}}, {"type": "Feature", "geometry": {"type": "Point", "coordinates": [-121.684, 37.501999999999995]}, "properties": {"name": "Location 840"}}, {"type": "Feature", "geometry": {"type": "Point", "coordinates": [-121.674, 37.501999999999995]}, "properties": {"name": "Location 841"}}, {"type": "Feature", "geometry": {"type": "Point", "coordinates": [-121.664, 37.501999999999995]}, "properties": {"name": "Location 842"}}, {"type": "Feature", "geometry": {"type": "Point", "coordinates": [-121.654, 37.501999999999995]}, "properties": {"name": "Location 843"}}, {"type": "Feature", "geometry": {"type": "Point", "coordinates": [-121.644, 37.501999999999995]}, "properties": {"name": "Location 844"}}, {"type": "Feature", "geometry": {"type": "Point", "coordinates": [-121.634, 37.501999999999995]}, "properties": {"name": "Location 845"}}, {"type": "Feature", "geometry": {"type": "Point", "coordinates": [-121.62400000000001, 37.501999999999995]}, "properties": {"name": "Location 846"}}, {"type": "Feature", "geometry": {"type": "Point", "coordinates": [-121.614, 37.501999999999995]}, "properties": {"name": "Location 847"}}, {"type": "Feature", "geometry": {"type": "Point", "coordinates": [-121.604, 37.501999999999995]}, "properties": {"name": "Location 848"}}, {"type": "Feature", "geometry": {"type": "Point", "coordinates": [-121.59400000000001, 37.501999999999995]}, "properties": {"name": "Location 849"}}, {"type": "Feature", "geometry": {"type": "Point", "coordinates": [-121.584, 37.501999999999995]}, "properties": {"name": "Location 850"}}, {"type": "Feature", "geometry": {"type": "Point", "coordinates": [-121.574, 37.501999999999995]}, "properties": {"name": "Location 851"}}, {"type": "Feature", "geometry": {"type": "Point", "coordinates": [-121.56400000000001, 37.501999999999995]}, "properties": {"name": "Location 852"}}, {"type": "Feature", "geometry": {"type": "Point", "coordinates": [-121.554, 37.501999999999995]}, "properties": {"name": "Location 853"}}, {"type": "Feature", "geometry": {"type": "Point", "coordinates": [-121.544, 37.501999999999995]}, "properties": {"name": "Location 854"}}, {"type": "Feature", "geometry": {"type": "Point", "coordinates": [-121.534, 37.501999999999995]}, "properties": {"name": "Location 855"}}, {"type": "Feature", "geometry": {"type": "Point", "coordinates": [-121.524, 37.501999999999995]}, "properties": {"name": "Location 856"}}, {"type": "Feature", "geometry": {"type": "Point", "coordinates": [-121.51400000000001, 37.501999999999995]}, "properties": {"name": "Location 857"}}, {"type": "Feature", "geometry": {"type": "Point", "coordinates": [-121.504, 37.501999999999995]}, "properties": {"name": "Location 858"}}, {"type": "Feature", "geometry": {"type": "Point", "coordinates": [-121.494, 37.501999999999995]}, "properties": {"name": "Location 859"}}, {"type": "Feature", "geometry": {"type": "Point", "coordinates": [-121.48400000000001, 37.501999999999995]}, "properties": {"name": "Location 860"}}, {"type": "Feature", "geometry": {"type": "Point", "coordinates": [-121.474, 37.501999999999995]}, "properties": {"name": "Location 861"}}, {"type": "Feature", "geometry": {"type": "Point", "coordinates": [-121.464, 37.501999999999995]}, "properties": {"name": "Location 862"}}, {"type": "Feature", "geometry": {"type": "Point", "coordinates": [-121.45400000000001, 37.501999999999995]}, "properties": {"name": "Location 863"}}, {"type": "Feature", "geometry": {"type": "Point", "coordinates": [-121.444, 37.501999999999995]}, "properties": {"name": "Location 864"}}, {"type": "Feature", "geometry": {"type": "Point", "coordinates": [-121.434, 37.501999999999995]}, "properties": {"name": "Location 865"}}, {"type": "Feature", "geometry": {"type": "Point", "coordinates": [-121.424, 37.501999999999995]}, "properties": {"name": "Location 866"}}, {"type": "Feature", "geometry": {"type": "Point", "coordinates": [-121.414, 37.501999999999995]}, "properties": {"name": "Location 867"}}, {"type": "Feature", "geometry": {"type": "Point", "coordinates": [-121.404, 37.501999999999995]}, "properties": {"name": "Location 868"}}, {"type": "Feature", "geometry": {"type": "Point", "coordinates": [-121.394, 37.501999999999995]}, "properties": {"name": "Location 869"}}, {"type": "Feature", "geometry": {"type": "Point", "coordinates": [-121.384, 37.501999999999995]}, "properties": {"name": "Location 870"}}, {"type": "Feature", "geometry": {"type": "Point", "coordinates": [-121.37400000000001, 37.501999999999995]}, "properties": {"name": "Location 871"}}, {"type": "Feature", "geometry": {"type": "Point", "coordinates": [-121.364, 37.501999999999995]}, "properties": {"name": "Location 872"}}, {"type": "Feature", "geometry": {"type": "Point", "coordinates": [-121.354, 37.501999999999995]}, "properties": {"name": "Location 873"}}, {"type": "Feature", "geometry": {"type": "Point", "coordinates": [-121.34400000000001, 37.501999999999995]}, "properties": {"name": "Location 874"}}, {"type": "Feature", "geometry": {"type": "Point", "coordinates": [-121.334, 37.501999999999995]}, "properties": {"name": "Location 875"}}, {"type": "Feature", "geometry": {"type": "Point", "coordinates": [-121.324, 37.501999999999995]}, "properties": {"name": "Location 876"}}, {"type": "Feature", "geometry": {"type": "Point", "coordinates": [-121.31400000000001, 37.501999999999995]}, "properties": {"name": "Location 877"}}, {"type": "Feature", "geometry": {"type": "Point", "coordinates": [-121.304, 37.501999999999995]}, "properties": {"name": "Location 878"}}, {"type": "Feature", "geometry": {"type": "Point", "coordinates": [-121.294, 37.501999999999995]}, "properties": {"name": "Location 879"}}, {"type": "Feature", "geometry": {"type": "Point", "coordinates": [-121.284, 37.501999999999995]}, "properties": {"name": "Location 880"}}, {"type": "Feature", "geometry": {"type": "Point", "coordinates": [-121.274, 37.501999999999995]}, "properties": {"name": "Location 881"}}, {"type": "Feature", "geometry": {"type": "Point", "coordinates": [-121.26400000000001, 37.501999999999995]}, "properties": {"name": "Location 882"}}, {"type": "Feature", "geometry": {"type": "Point", "coordinates": [-121.254, 37.501999999999995]}, "properties": {"name": "Location 883"}}, {"type": "Feature", "geometry": {"type": "Point", "coordinates": [-121.244, 37.501999999999995]}, "properties": {"name": "Location 884"}}, {"type": "Feature", "geometry": {"type": "Point", "coordinates": [-121.23400000000001, 37.501999999999995]}, "properties": {"name": "Location 885"}}, {"type": "Feature", "geometry": {"type": "Point", "coordinates": [-121.224, 37.501999999999995]}, "properties": {"name": "Location 886"}}, {"type": "Feature", "geometry": {"type": "Point", "coordinates": [-121.214, 37.501999999999995]}, "properties": {"name": "Location 887"}}, {"type": "Feature", "geometry": {"type": "Point", "coordinates": [-121.20400000000001, 37.501999999999995]}, "properties": {"name": "Location 888"}}, {"type": "Feature", "geometry": {"type": "Point", "coordinates": [-121.194, 37.501999999999995]}, "properties": {"name": "Location 889"}}, {"type": "Feature", "geometry": {"type": "Point", "coordinates": [-121.184, 37.501999999999995]}, "properties": {"name": "Location 890"}}, {"type": "Feature", "geometry": {"type": "Point", "coordinates": [-121.174, 37.501999999999995]}, "properties": {"name": "Location 891"}}, {"type": "Feature", "geometry": {"type": "Point", "coordinates": [-121.164, 37.501999999999995]}, "properties": {"name": "Location 892"}}, {"type": "Feature", "geometry": {"type": "Point", "coordinates": [-121.154, 37.501999999999995]}, "properties": {"name": "Location 893"}}, {"type": "Feature", "geometry": {"type": "Point", "coordinates": [-121.144, 37.501999999999995]}, "properties": {"name": "Location 894"}}, {"type": "Feature", "geometry": {"type": "Point", "coordinates": [-121.134, 37.501999999999995]}, "properties": {"name": "Location 895"}}, {"type": "Feature", "geometry": {"type": "Point", "coordinates": [-121.12400000000001, 37.501999999999995]}, "properties": {"name": "Location 896"}}, {"type": "Feature", "geometry": {"type": "Point", "coordinates": [-121.114, 37.501999999999995]}, "properties": {"name": "Location 897"}}, {"type": "Feature", "geometry": {"type": "Point", "coordinates": [-121.104, 37.501999999999995]}, "properties": {"name": "Location 898"}}, {"type": "Feature", "geometry": {"type": "Point", "coordinates": [-121.09400000000001, 37.501999999999995]}, "properties": {"name": "Location 899"}}, {"type": "Feature", "geometry": {"type": "Point", "coordinates": [-122.084, 37.512]}, "properties": {"name": "Location 900"}}, {"type": "Feature", "geometry": {"type": "Point", "coordinates": [-122.074, 37.512]}, "properties": {"name": "Location 901"}}, {"type": "Feature", "geometry": {"type": "Point", "coordinates": [-122.06400000000001, 37.512]}, "properties": {"name": "Location 902"}}, {"type": "Feature", "geometry": {"type": "Point", "coordinates": [-122.054, 37.512]}, "properties": {"name": "Location 903"}}, {"type": "Feature", "geometry": {"type": "Point", "coordinates": [-122.044, 37.512]}, "properties": {"name": "Location 904"}}, {"type": "Feature", "geometry": {"type": "Point", "coordinates": [-122.034, 37.512]}, "properties": {"name": "Location 905"}}, {"type": "Feature", "geometry": {"type": "Point", "coordinates": [-122.024, 37.512]}, "properties": {"name": "Location 906"}}, {"type": "Feature", "geometry": {"type": "Point", "coordinates": [-122.01400000000001, 37.512]}, "properties": {"name": "Location 907"}}, {"type": "Feature", "geometry": {"type": "Point", "coordinates": [-122.004, 37.512]}, "properties": {"name": "Location 908"}}, {"type": "Feature", "geometry": {"type": "Point", "coordinates": [-121.994, 37.512]}, "properties": {"name": "Location 909"}}, {"type": "Feature", "geometry": {"type": "Point", "coordinates": [-121.98400000000001, 37.512]}, "properties": {"name": "Location 910"}}, {"type": "Feature", "geometry": {"type": "Point", "coordinates": [-121.974, 37.512]}, "properties": {"name": "Location 911"}}, {"type": "Feature", "geometry": {"type": "Point", "coordinates": [-121.964, 37.512]}, "properties": {"name": "Location 912"}}, {"type": "Feature", "geometry": {"type": "Point", "coordinates": [-121.95400000000001, 37.512]}, "properties": {"name": "Location 913"}}, {"type": "Feature", "geometry": {"type": "Point", "coordinates": [-121.944, 37.512]}, "properties": {"name": "Location 914"}}, {"type": "Feature", "geometry": {"type": "Point", "coordinates": [-121.934, 37.512]}, "properties": {"name": "Location 915"}}, {"type": "Feature", "geometry": {"type": "Point", "coordinates": [-121.924, 37.512]}, "properties": {"name": "Location 916"}}, {"type": "Feature", "geometry": {"type": "Point", "coordinates": [-121.914, 37.512]}, "properties": {"name": "Location 917"}}, {"type": "Feature", "geometry": {"type": "Point", "coordinates": [-121.904, 37.512]}, "properties": {"name": "Location 918"}}, {"type": "Feature", "geometry": {"type": "Point", "coordinates": [-121.894, 37.512]}, "properties": {"name": "Location 919"}}, {"type": "Feature", "geometry": {"type": "Point", "coordinates": [-121.884, 37.512]}, "properties": {"name": "Location 920"}}, {"type": "Feature", "geometry": {"type": "Point", "coordinates": [-121.87400000000001, 37.512]}, "properties": {"name": "Location 921"}}, {"type": "Feature", "geometry": {"type": "Point", "coordinates": [-121.864, 37.512]}, "properties": {"name": "Location 922"}}, {"type": "Feature", "geometry": {"type": "Point", "coordinates": [-121.854, 37.512]}, "properties": {"name": "Location 923"}}, {"type": "Feature", "geometry": {"type": "Point", "coordinates": [-121.84400000000001, 37.512]}, "properties": {"name": "Location 924"}}, {"type": "Feature", "geometry": {"type": "Point", "coordinates": [-121.834, 37.512]}, "properties": {"name": "Location 925"}}, {"type": "Feature", "geometry": {"type": "Point", "coordinates": [-121.824, 37.512]}, "properties": {"name": "Location 926"}}, {"type": "Feature", "geometry": {"type": "Point", "coordinates": [-121.81400000000001, 37.512]}, "properties": {"name": "Location 927"}}, {"type": "Feature", "geometry": {"type": "Point", "coordinates": [-121.804, 37.512]}, "properties": {"name": "Location 928"}}, {"type": "Feature", "geometry": {"type": "Point", "coordinates": [-121.794, 37.512]}, "properties": {"name": "Location 929"}}, {"type": "Feature", "geometry": {"type": "Point", "coordinates": [-121.784, 37.512]}, "properties": {"name": "Location 930"}}, {"type": "Feature", "geometry": {"type": "Point", "coordinates": [-121.774, 37.512]}, "properties": {"name": "Location 931"}}, {"type": "Feature", "geometry": {"type": "Point", "coordinates": [-121.76400000000001, 37.512]}, "properties": {"name": "Location 932"}}, {"type": "Feature", "geometry": {"type": "Point", "coordinates": [-121.754, 37.512]}, "properties": {"name": "Location 933"}}, {"type": "Feature", "geometry": {"type": "Point", "coordinates": [-121.744, 37.512]}, "properties": {"name": "Location 934"}}, {"type": "Feature", "geometry": {"type": "Point", "coordinates": [-121.73400000000001, 37.512]}, "properties": {"name": "Location 935"}}, {"type": "Feature", "geometry": {"type": "Point", "coordinates": [-121.724, 37.512]}, "properties": {"name": "Location 936"}}, {"type": "Feature", "geometry": {"type": "Point", "coordinates": [-121.714, 37.512]}, "properties": {"name": "Location 937"}}, {"type": "Feature", "geometry": {"type": "Point", "coordinates": [-121.70400000000001, 37.512]}, "properties": {"name": "Location 938"}}, {"type": "Feature", "geometry": {"type": "Point", "coordinates": [-121.694, 37.512]}, "properties": {"name": "Location 939"}}, {"type": "Feature", "geometry": {"type": "Point", "coordinates": [-121.684, 37.512]}, "properties": {"name": "Location 940"}}, {"type": "Feature", "geometry": {"type": "Point", "coordinates": [-121.674, 37.512]}, "properties": {"name": "Location 941"}}, {"type": "Feature", "geometry": {"type": "Point", "coordinates": [-121.664, 37.512]}, "properties": {"name": "Location 942"}}, {"type": "Feature", "geometry": {"type": "Point", "coordinates": [-121.654, 37.512]}, "properties": {"name": "Location 943"}}, {"type": "Feature", "geometry": {"type": "Point", "coordinates": [-121.644, 37.512]}, "properties": {"name": "Location 944"}}, {"type": "Feature", "geometry": {"type": "Point", "coordinates": [-121.634, 37.512]}, "properties": {"name": "Location 945"}}, {"type": "Feature", "geometry": {"type": "Point", "coordinates": [-121.62400000000001, 37.512]}, "properties": {"name": "Location 946"}}, {"type": "Feature", "geometry": {"type": "Point", "coordinates": [-121.614, 37.512]}, "properties": {"name": "Location 947"}}, {"type": "Feature", "geometry": {"type": "Point", "coordinates": [-121.604, 37.512]}, "properties": {"name": "Location 948"}}, {"type": "Feature", "geometry": {"type": "Point", "coordinates": [-121.59400000000001, 37.512]}, "properties": {"name": "Location 949"}}, {"type": "Feature", "geometry": {"type": "Point", "coordinates": [-121.584, 37.512]}, "properties": {"name": "Location 950"}}, {"type": "Feature", "geometry": {"type": "Point", "coordinates": [-121.574, 37.512]}, "properties": {"name": "Location 951"}}, {"type": "Feature", "geometry": {"type": "Point", "coordinates": [-121.56400000000001, 37.512]}, "properties": {"name": "Location 952"}}, {"type": "Feature", "geometry": {"type": "Point", "coordinates": [-121.554, 37.512]}, "properties": {"name": "Location 953"}}, {"type": "Feature", "geometry": {"type": "Point", "coordinates": [-121.544, 37.512]}, "properties": {"name": "Location 954"}}, {"type": "Feature", "geometry": {"type": "Point", "coordinates": [-121.534, 37.512]}, "properties": {"name": "Location 955"}}, {"type": "Feature", "geometry": {"type": "Point", "coordinates": [-121.524, 37.512]}, "properties": {"name": "Location 956"}}, {"type": "Feature", "geometry": {"type": "Point", "coordinates": [-121.51400000000001, 37.512]}, "properties": {"name": "Location 957"}}, {"type": "Feature", "geometry": {"type": "Point", "coordinates": [-121.504, 37.512]}, "properties": {"name": "Location 958"}}, {"type": "Feature", "geometry": {"type": "Point", "coordinates": [-121.494, 37.512]}, "properties": {"name": "Location 959"}}, {"type": "Feature", "geometry": {"type": "Point", "coordinates": [-121.48400000000001, 37.512]}, "properties": {"name": "Location 960"}}, {"type": "Feature", "geometry": {"type": "Point", "coordinates": [-121.474, 37.512]}, "properties": {"name": "Location 961"}}, {"type": "Feature", "geometry": {"type": "Point", "coordinates": [-121.464, 37.512]}, "properties": {"name": "Location 962"}}, {"type": "Feature", "geometry": {"type": "Point", "coordinates": [-121.45400000000001, 37.512]}, "properties": {"name": "Location 963"}}, {"type": "Feature", "geometry": {"type": "Point", "coordinates": [-121.444, 37.512]}, "properties": {"name": "Location 964"}}, {"type": "Feature", "geometry": {"type": "Point", "coordinates": [-121.434, 37.512]}, "properties": {"name": "Location 965"}}, {"type": "Feature", "geometry": {"type": "Point", "coordinates": [-121.424, 37.512]}, "properties": {"name": "Location 966"}}, {"type": "Feature", "geometry": {"type": "Point", "coordinates": [-121.414, 37.512]}, "properties": {"name": "Location 967"}}, {"type": "Feature", "geometry": {"type": "Point", "coordinates": [-121.404, 37.512]}, "properties": {"name": "Location 968"}}, {"type": "Feature", "geometry": {"type": "Point", "coordinates": [-121.394, 37.512]}, "properties": {"name": "Location 969"}}, {"type": "Feature", "geometry": {"type": "Point", "coordinates": [-121.384, 37.512]}, "properties": {"name": "Location 970"}}, {"type": "Feature", "geometry": {"type": "Point", "coordinates": [-121.37400000000001, 37.512]}, "properties": {"name": "Location 971"}}, {"type": "Feature", "geometry": {"type": "Point", "coordinates": [-121.364, 37.512]}, "properties": {"name": "Location 972"}}, {"type": "Feature", "geometry": {"type": "Point", "coordinates": [-121.354, 37.512]}, "properties": {"name": "Location 973"}}, {"type": "Feature", "geometry": {"type": "Point", "coordinates": [-121.34400000000001, 37.512]}, "properties": {"name": "Location 974"}}, {"type": "Feature", "geometry": {"type": "Point", "coordinates": [-121.334, 37.512]}, "properties": {"name": "Location 975"}}, {"type": "Feature", "geometry": {"type": "Point", "coordinates": [-121.324, 37.512]}, "properties": {"name": "Location 976"}}, {"type": "Feature", "geometry": {"type": "Point", "coordinates": [-121.31400000000001, 37.512]}, "properties": {"name": "Location 977"}}, {"type": "Feature", "geometry": {"type": "Point", "coordinates": [-121.304, 37.512]}, "properties": {"name": "Location 978"}}, {"type": "Feature", "geometry": {"type": "Point", "coordinates": [-121.294, 37.512]}, "properties": {"name": "Location 979"}}, {"type": "Feature", "geometry": {"type": "Point", "coordinates": [-121.284, 37.512]}, "properties": {"name": "Location 980"}}, {"type": "Feature", "geometry": {"type": "Point", "coordinates": [-121.274, 37.512]}, "properties": {"name": "Location 981"}}, {"type": "Feature", "geometry": {"type": "Point", "coordinates": [-121.26400000000001, 37.512]}, "properties": {"name": "Location 982"}}, {"type": "Feature", "geometry": {"type": "Point", "coordinates": [-121.254, 37.512]}, "properties": {"name": "Location 983"}}, {"type": "Feature", "geometry": {"type": "Point", "coordinates": [-121.244, 37.512]}, "properties": {"name": "Location 984"}}, {"type": "Feature", "geometry": {"type": "Point", "coordinates": [-121.23400000000001, 37.512]}, "properties": {"name": "Location 985"}}, {"type": "Feature", "geometry": {"type": "Point", "coordinates": [-121.224, 37.512]}, "properties": {"name": "Location 986"}}, {"type": "Feature", "geometry": {"type": "Point", "coordinates": [-121.214, 37.512]}, "properties": {"name": "Location 987"}}, {"type": "Feature", "geometry": {"type": "Point", "coordinates": [-121.20400000000001, 37.512]}, "properties": {"name": "Location 988"}}, {"type": "Feature", "geometry": {"type": "Point", "coordinates": [-121.194, 37.512]}, "properties": {"name": "Location 989"}}, {"type": "Feature", "geometry": {"type": "Point", "coordinates": [-121.184, 37.512]}, "properties": {"name": "Location 990"}}, {"type": "Feature", "geometry": {"type": "Point", "coordinates": [-121.174, 37.512]}, "properties": {"name": "Location 991"}}, {"type": "Feature", "geometry": {"type": "Point", "coordinates": [-121.164, 37.512]}, "properties": {"name": "Location 992"}}, {"type": "Feature", "geometry": {"type": "Point", "coordinates": [-121.154, 37.512]}, "properties": {"name": "Location 993"}}, {"type": "Feature", "geometry": {"type": "Point", "coordinates": [-121.144, 37.512]}, "properties": {"name": "Location 994"}}, {"type": "Feature", "geometry": {"type": "Point", "coordinates": [-121.134, 37.512]}, "properties": {"name": "Location 995"}}, {"type": "Feature", "geometry": {"type": "Point", "coordinates": [-121.12400000000001, 37.512]}, "properties": {"name": "Location 996"}}, {"type": "Feature", "geometry": {"type": "Point", "coordinates": [-121.114, 37.512]}, "properties": {"name": "Location 997"}}, {"type": "Feature", "geometry": {"type": "Point", "coordinates": [-121.104, 37.512]}, "properties": {"name": "Location 998"}}, {"type": "Feature", "geometry": {"type": "Point", "coordinates": [-121.09400000000001, 37.512]}, "properties": {"name": "Location 999"}}, {"type": "Feature", "geometry": {"type": "Point", "coordinates": [-122.084, 37.522]}, "properties": {"name": "Location 1000"}}, {"type": "Feature", "geometry": {"type": "Point", "coordinates": [-122.074, 37.522]}, "properties": {"name": "Location 1001"}}, {"type": "Feature", "geometry": {"type": "Point", "coordinates": [-122.06400000000001, 37.522]}, "properties": {"name": "Location 1002"}}, {"type": "Feature", "geometry": {"type": "Point", "coordinates": [-122.054, 37.522]}, "properties": {"name": "Location 1003"}}, {"type": "Feature", "geometry": {"type": "Point", "coordinates": [-122.044, 37.522]}, "properties": {"name": "Location 1004"}}, {"type": "Feature", "geometry": {"type": "Point", "coordinates": [-122.034, 37.522]}, "properties": {"name": "Location 1005"}}, {"type": "Feature", "geometry": {"type": "Point", "coordinates": [-122.024, 37.522]}, "properties": {"name": "Location 1006"}}, {"type": "Feature", "geometry": {"type": "Point", "coordinates": [-122.01400000000001, 37.522]}, "properties": {"name": "Location 1007"}}, {"type": "Feature", "geometry": {"type": "Point", "coordinates": [-122.004, 37.522]}, "properties": {"name": "Location 1008"}}, {"type": "Feature", "geometry": {"type": "Point", "coordinates": [-121.994, 37.522]}, "properties": {"name": "Location 1009"}}, {"type": "Feature", "geometry": {"type": "Point", "coordinates": [-121.98400000000001, 37.522]}, "properties": {"name": "Location 1010"}}, {"type": "Feature", "geometry": {"type": "Point", "coordinates": [-121.974, 37.522]}, "properties": {"name": "Location 1011"}}, {"type": "Feature", "geometry": {"type": "Point", "coordinates": [-121.964, 37.522]}, "properties": {"name": "Location 1012"}}, {"type": "Feature", "geometry": {"type": "Point", "coordinates": [-121.95400000000001, 37.522]}, "properties": {"name": "Location 1013"}}, {"type": "Feature", "geometry": {"type": "Point", "coordinates": [-121.944, 37.522]}, "properties": {"name": "Location 1014"}}, {"type": "Feature", "geometry": {"type": "Point", "coordinates": [-121.934, 37.522]}, "properties": {"name": "Location 1015"}}, {"type": "Feature", "geometry": {"type": "Point", "coordinates": [-121.924, 37.522]}, "properties": {"name": "Location 1016"}}, {"type": "Feature", "geometry": {"type": "Point", "coordinates": [-121.914, 37.522]}, "properties": {"name": "Location 1017"}}, {"type": "Feature", "geometry": {"type": "Point", "coordinates": [-121.904, 37.522]}, "properties": {"name": "Location 1018"}}, {"type": "Feature", "geometry": {"type": "Point", "coordinates": [-121.894, 37.522]}, "properties": {"name": "Location 1019"}}, {"type": "Feature", "geometry": {"type": "Point", "coordinates": [-121.884, 37.522]}, "properties": {"name": "Location 1020"}}, {"type": "Feature", "geometry": {"type": "Point", "coordinates": [-121.87400000000001, 37.522]}, "properties": {"name": "Location 1021"}}, {"type": "Feature", "geometry": {"type": "Point", "coordinates": [-121.864, 37.522]}, "properties": {"name": "Location 1022"}}, {"type": "Feature", "geometry": {"type": "Point", "coordinates": [-121.854, 37.522]}, "properties": {"name": "Location 1023"}}, {"type": "Feature", "geometry": {"type": "Point", "coordinates": [-121.84400000000001, 37.522]}, "properties": {"name": "Location 1024"}}, {"type": "Feature", "geometry": {"type": "Point", "coordinates": [-121.834, 37.522]}, "properties": {"name": "Location 1025"}}, {"type": "Feature", "geometry": {"type": "Point", "coordinates": [-121.824, 37.522]}, "properties": {"name": "Location 1026"}}, {"type": "Feature", "geometry": {"type": "Point", "coordinates": [-121.81400000000001, 37.522]}, "properties": {"name": "Location 1027"}}, {"type": "Feature", "geometry": {"type": "Point", "coordinates": [-121.804, 37.522]}, "properties": {"name": "Location 1028"}}, {"type": "Feature", "geometry": {"type": "Point", "coordinates": [-121.794, 37.522]}, "properties": {"name": "Location 1029"}}, {"type": "Feature", "geometry": {"type": "Point", "coordinates": [-121.784, 37.522]}, "properties": {"name": "Location 1030"}}, {"type": "Feature", "geometry": {"type": "Point", "coordinates": [-121.774, 37.522]}, "properties": {"name": "Location 1031"}}, {"type": "Feature", "geometry": {"type": "Point", "coordinates": [-121.76400000000001, 37.522]}, "properties": {"name": "Location 1032"}}, {"type": "Feature", "geometry": {"type": "Point", "coordinates": [-121.754, 37.522]}, "properties": {"name": "Location 1033"}}, {"type": "Feature", "geometry": {"type": "Point", "coordinates": [-121.744, 37.522]}, "properties": {"name": "Location 1034"}}, {"type": "Feature", "geometry": {"type": "Point", "coordinates": [-121.73400000000001, 37.522]}, "properties": {"name": "Location 1035"}}, {"type": "Feature", "geometry": {"type": "Point", "coordinates": [-121.724, 37.522]}, "properties": {"name": "Location 1036"}}, {"type": "Feature", "geometry": {"type": "Point", "coordinates": [-121.714, 37.522]}, "properties": {"name": "Location 1037"}}, {"type": "Feature", "geometry": {"type": "Point", "coordinates": [-121.70400000000001, 37.522]}, "properties": {"name": "Location 1038"}}, {"type": "Feature", "geometry": {"type": "Point", "coordinates": [-121.694, 37.522]}, "properties": {"name": "Location 1039"}}, {"type": "Feature", "geometry": {"type": "Point", "coordinates": [-121.684, 37.522]}, "properties": {"name": "Location 1040"}}, {"type": "Feature", "geometry": {"type": "Point", "coordinates": [-121.674, 37.522]}, "properties": {"name": "Location 1041"}}, {"type": "Feature", "geometry": {"type": "Point", "coordinates": [-121.664, 37.522]}, "properties": {"name": "Location 1042"}}, {"type": "Feature", "geometry": {"type": "Point", "coordinates": [-121.654, 37.522]}, "properties": {"name": "Location 1043"}}, {"type": "Feature", "geometry": {"type": "Point", "coordinates": [-121.644, 37.522]}, "properties": {"name": "Location 1044"}}, {"type": "Feature", "geometry": {"type": "Point", "coordinates": [-121.634, 37.522]}, "properties": {"name": "Location 1045"}}, {"type": "Feature", "geometry": {"type": "Point", "coordinates": [-121.62400000000001, 37.522]}, "properties": {"name": "Location 1046"}}, {"type": "Feature", "geometry": {"type": "Point", "coordinates": [-121.614, 37.522]}, "properties": {"name": "Location 1047"}}, {"type": "Feature", "geometry": {"type": "Point", "coordinates": [-121.604, 37.522]}, "properties": {"name": "Location 1048"}}, {"type": "Feature", "geometry": {"type": "Point", "coordinates": [-121.59400000000001, 37.522]}, "properties": {"name": "Location 1049"}}, {"type": "Feature", "geometry": {"type": "Point", "coordinates": [-121.584, 37.522]}, "properties": {"name": "Location 1050"}}, {"type": "Feature", "geometry": {"type": "Point", "coordinates": [-121.574, 37.522]}, "properties": {"name": "Location 1051"}}, {"type": "Feature", "geometry": {"type": "Point", "coordinates": [-121.56400000000001, 37.522]}, "properties": {"name": "Location 1052"}}, {"type": "Feature", "geometry": {"type": "Point", "coordinates": [-121.554, 37.522]}, "properties": {"name": "Location 1053"}}, {"type": "Feature", "geometry": {"type": "Point", "coordinates": [-121.544, 37.522]}, "properties": {"name": "Location 1054"}}, {"type": "Feature", "geometry": {"type": "Point", "coordinates": [-121.534, 37.522]}, "properties": {"name": "Location 1055"}}, {"type": "Feature", "geometry": {"type": "Point", "coordinates": [-121.524, 37.522]}, "properties": {"name": "Location 1056"}}, {"type": "Feature", "geometry": {"type": "Point", "coordinates": [-121.51400000000001, 37.522]}, "properties": {"name": "Location 1057"}}, {"type": "Feature", "geometry": {"type": "Point", "coordinates": [-121.504, 37.522]}, "properties": {"name": "Location 1058"}}, {"type": "Feature", "geometry": {"type": "Point", "coordinates": [-121.494, 37.522]}, "properties": {"name": "Location 1059"}}, {"type": "Feature", "geometry": {"type": "Point", "coordinates": [-121.48400000000001, 37.522]}, "properties": {"name": "Location 1060"}}, {"type": "Feature", "geometry": {"type": "Point", "coordinates": [-121.474, 37.522]}, "properties": {"name": "Location 1061"}}, {"type": "Feature", "geometry": {"type": "Point", "coordinates": [-121.464, 37.522]}, "properties": {"name": "Location 1062"}}, {"type": "Feature", "geometry": {"type": "Point", "coordinates": [-121.45400000000001, 37.522]}, "properties": {"name": "Location 1063"}}, {"type": "Feature", "geometry": {"type": "Point", "coordinates": [-121.444, 37.522]}, "properties": {"name": "Location 1064"}}, {"type": "Feature", "geometry": {"type": "Point", "coordinates": [-121.434, 37.522]}, "properties": {"name": "Location 1065"}}, {"type": "Feature", "geometry": {"type": "Point", "coordinates": [-121.424, 37.522]}, "properties": {"name": "Location 1066"}}, {"type": "Feature", "geometry": {"type": "Point", "coordinates": [-121.414, 37.522]}, "properties": {"name": "Location 1067"}}, {"type": "Feature", "geometry": {"type": "Point", "coordinates": [-121.404, 37.522]}, "properties": {"name": "Location 1068"}}, {"type": "Feature", "geometry": {"type": "Point", "coordinates": [-121.394, 37.522]}, "properties": {"name": "Location 1069"}}, {"type": "Feature", "geometry": {"type": "Point", "coordinates": [-121.384, 37.522]}, "properties": {"name": "Location 1070"}}, {"type": "Feature", "geometry": {"type": "Point", "coordinates": [-121.37400000000001, 37.522]}, "properties": {"name": "Location 1071"}}, {"type": "Feature", "geometry": {"type": "Point", "coordinates": [-121.364, 37.522]}, "properties": {"name": "Location 1072"}}, {"type": "Feature", "geometry": {"type": "Point", "coordinates": [-121.354, 37.522]}, "properties": {"name": "Location 1073"}}, {"type": "Feature", "geometry": {"type": "Point", "coordinates": [-121.34400000000001, 37.522]}, "properties": {"name": "Location 1074"}}, {"type": "Feature", "geometry": {"type": "Point", "coordinates": [-121.334, 37.522]}, "properties": {"name": "Location 1075"}}, {"type": "Feature", "geometry": {"type": "Point", "coordinates": [-121.324, 37.522]}, "properties": {"name": "Location 1076"}}, {"type": "Feature", "geometry": {"type": "Point", "coordinates": [-121.31400000000001, 37.522]}, "properties": {"name": "Location 1077"}}, {"type": "Feature", "geometry": {"type": "Point", "coordinates": [-121.304, 37.522]}, "properties": {"name": "Location 1078"}}, {"type": "Feature", "geometry": {"type": "Point", "coordinates": [-121.294, 37.522]}, "properties": {"name": "Location 1079"}}, {"type": "Feature", "geometry": {"type": "Point", "coordinates": [-121.284, 37.522]}, "properties": {"name": "Location 1080"}}, {"type": "Feature", "geometry": {"type": "Point", "coordinates": [-121.274, 37.522]}, "properties": {"name": "Location 1081"}}, {"type": "Feature", "geometry": {"type": "Point", "coordinates": [-121.26400000000001, 37.522]}, "properties": {"name": "Location 1082"}}, {"type": "Feature", "geometry": {"type": "Point", "coordinates": [-121.254, 37.522]}, "properties": {"name": "Location 1083"}}, {"type": "Feature", "geometry": {"type": "Point", "coordinates": [-121.244, 37.522]}, "properties": {"name": "Location 1084"}}, {"type": "Feature", "geometry": {"type": "Point", "coordinates": [-121.23400000000001, 37.522]}, "properties": {"name": "Location 1085"}}, {"type": "Feature", "geometry": {"type": "Point", "coordinates": [-121.224, 37.522]}, "properties": {"name": "Location 1086"}}, {"type": "Feature", "geometry": {"type": "Point", "coordinates": [-121.214, 37.522]}, "properties": {"name": "Location 1087"}}, {"type": "Feature", "geometry": {"type": "Point", "coordinates": [-121.20400000000001, 37.522]}, "properties": {"name": "Location 1088"}}, {"type": "Feature", "geometry": {"type": "Point", "coordinates": [-121.194, 37.522]}, "properties": {"name": "Location 1089"}}, {"type": "Feature", "geometry": {"type": "Point", "coordinates": [-121.184, 37.522]}, "properties": {"name": "Location 1090"}}, {"type": "Feature", "geometry": {"type": "Point", "coordinates": [-121.174, 37.522]}, "properties": {"name": "Location 1091"}}, {"type": "Feature", "geometry": {"type": "Point", "coordinates": [-121.164, 37.522]}, "properties": {"name": "Location 1092"}}, {"type": "Feature", "geometry": {"type": "Point", "coordinates": [-121.154, 37.522]}, "properties": {"name": "Location 1093"}}, {"type": "Feature", "geometry": {"type": "Point", "coordinates": [-121.144, 37.522]}, "properties": {"name": "Location 1094"}}, {"type": "Feature", "geometry": {"type": "Point", "coordinates": [-121.134, 37.522]}, "properties": {"name": "Location 1095"}}, {"type": "Feature", "geometry": {"type": "Point", "coordinates": [-121.12400000000001, 37.522]}, "properties": {"name": "Location 1096"}}, {"type": "Feature", "geometry": {"type": "Point", "coordinates": [-121.114, 37.522]}, "properties": {"name": "Location 1097"}}, {"type": "Feature", "geometry": {"type": "Point", "coordinates": [-121.104, 37.522]}, "properties": {"name": "Location 1098"}}, {"type": "Feature", "geometry": {"type": "Point", "coordinates": [-121.09400000000001, 37.522]}, "properties": {"name": "Location 1099"}}, {"type": "Feature", "geometry": {"type": "Point", "coordinates": [-122.084, 37.532]}, "properties": {"name": "Location 1100"}}, {"type": "Feature", "geometry": {"type": "Point", "coordinates": [-122.074, 37.532]}, "properties": {"name": "Location 1101"}}, {"type": "Feature", "geometry": {"type": "Point", "coordinates": [-122.06400000000001, 37.532]}, "properties": {"name": "Location 1102"}}, {"type": "Feature", "geometry": {"type": "Point", "coordinates": [-122.054, 37.532]}, "properties": {"name": "Location 1103"}}, {"type": "Feature", "geometry": {"type": "Point", "coordinates": [-122.044, 37.532]}, "properties": {"name": "Location 1104"}}, {"type": "Feature", "geometry": {"type": "Point", "coordinates": [-122.034, 37.532]}, "properties": {"name": "Location 1105"}}, {"type": "Feature", "geometry": {"type": "Point", "coordinates": [-122.024, 37.532]}, "properties": {"name": "Location 1106"}}, {"type": "Feature", "geometry": {"type": "Point", "coordinates": [-122.01400000000001, 37.532]}, "properties": {"name": "Location 1107"}}, {"type": "Feature", "geometry": {"type": "Point", "coordinates": [-122.004, 37.532]}, "properties": {"name": "Location 1108"}}, {"type": "Feature", "geometry": {"type": "Point", "coordinates": [-121.994, 37.532]}, "properties": {"name": "Location 1109"}}, {"type": "Feature", "geometry": {"type": "Point", "coordinates": [-121.98400000000001, 37.532]}, "properties": {"name": "Location 1110"}}, {"type": "Feature", "geometry": {"type": "Point", "coordinates": [-121.974, 37.532]}, "properties": {"name": "Location 1111"}}, {"type": "Feature", "geometry": {"type": "Point", "coordinates": [-121.964, 37.532]}, "properties": {"name": "Location 1112"}}, {"type": "Feature", "geometry": {"type": "Point", "coordinates": [-121.95400000000001, 37.532]}, "properties": {"name": "Location 1113"}}, {"type": "Feature", "geometry": {"type": "Point", "coordinates": [-121.944, 37.532]}, "properties": {"name": "Location 1114"}}, {"type": "Feature", "geometry": {"type": "Point", "coordinates": [-121.934, 37.532]}, "properties": {"name": "Location 1115"}}, {"type": "Feature", "geometry": {"type": "Point", "coordinates": [-121.924, 37.532]}, "properties": {"name": "Location 1116"}}, {"type": "Feature", "geometry": {"type": "Point", "coordinates": [-121.914, 37.532]}, "properties": {"name": "Location 1117"}}, {"type": "Feature", "geometry": {"type": "Point", "coordinates": [-121.904, 37.532]}, "properties": {"name": "Location 1118"}}, {"type": "Feature", "geometry": {"type": "Point", "coordinates": [-121.894, 37.532]}, "properties": {"name": "Location 1119"}}, {"type": "Feature", "geometry": {"type": "Point", "coordinates": [-121.884, 37.532]}, "properties": {"name": "Location 1120"}}, {"type": "Feature", "geometry": {"type": "Point", "coordinates": [-121.87400000000001, 37.532]}, "properties": {"name": "Location 1121"}}, {"type": "Feature", "geometry": {"type": "Point", "coordinates": [-121.864, 37.532]}, "properties": {"name": "Location 1122"}}, {"type": "Feature", "geometry": {"type": "Point", "coordinates": [-121.854, 37.532]}, "properties": {"name": "Location 1123"}}, {"type": "Feature", "geometry": {"type": "Point", "coordinates": [-121.84400000000001, 37.532]}, "properties": {"name": "Location 1124"}}, {"type": "Feature", "geometry": {"type": "Point", "coordinates": [-121.834, 37.532]}, "properties": {"name": "Location 1125"}}, {"type": "Feature", "geometry": {"type": "Point", "coordinates": [-121.824, 37.532]}, "properties": {"name": "Location 1126"}}, {"type": "Feature", "geometry": {"type": "Point", "coordinates": [-121.81400000000001, 37.532]}, "properties": {"name": "Location 1127"}}, {"type": "Feature", "geometry": {"type": "Point", "coordinates": [-121.804, 37.532]}, "properties": {"name": "Location 1128"}}, {"type": "Feature", "geometry": {"type": "Point", "coordinates": [-121.794, 37.532]}, "properties": {"name": "Location 1129"}}, {"type": "Feature", "geometry": {"type": "Point", "coordinates": [-121.784, 37.532]}, "properties": {"name": "Location 1130"}}, {"type": "Feature", "geometry": {"type": "Point", "coordinates": [-121.774, 37.532]}, "properties": {"name": "Location 1131"}}, {"type": "Feature", "geometry": {"type": "Point", "coordinates": [-121.76400000000001, 37.532]}, "properties": {"name": "Location 1132"}}, {"type": "Feature", "geometry": {"type": "Point", "coordinates": [-121.754, 37.532]}, "properties": {"name": "Location 1133"}}, {"type": "Feature", "geometry": {"type": "Point", "coordinates": [-121.744, 37.532]}, "properties": {"name": "Location 1134"}}, {"type": "Feature", "geometry": {"type": "Point", "coordinates": [-121.73400000000001, 37.532]}, "properties": {"name": "Location 1135"}}, {"type": "Feature", "geometry": {"type": "Point", "coordinates": [-121.724, 37.532]}, "properties": {"name": "Location 1136"}}, {"type": "Feature", "geometry": {"type": "Point", "coordinates": [-121.714, 37.532]}, "properties": {"name": "Location 1137"}}, {"type": "Feature", "geometry": {"type": "Point", "coordinates": [-121.70400000000001, 37.532]}, "properties": {"name": "Location 1138"}}, {"type": "Feature", "geometry": {"type": "Point", "coordinates": [-121.694, 37.532]}, "properties": {"name": "Location 1139"}}, {"type": "Feature", "geometry": {"type": "Point", "coordinates": [-121.684, 37.532]}, "properties": {"name": "Location 1140"}}, {"type": "Feature", "geometry": {"type": "Point", "coordinates": [-121.674, 37.532]}, "properties": {"name": "Location 1141"}}, {"type": "Feature", "geometry": {"type": "Point", "coordinates": [-121.664, 37.532]}, "properties": {"name": "Location 1142"}}, {"type": "Feature", "geometry": {"type": "Point", "coordinates": [-121.654, 37.532]}, "properties": {"name": "Location 1143"}}, {"type": "Feature", "geometry": {"type": "Point", "coordinates": [-121.644, 37.532]}, "properties": {"name": "Location 1144"}}, {"type": "Feature", "geometry": {"type": "Point", "coordinates": [-121.634, 37.532]}, "properties": {"name": "Location 1145"}}, {"type": "Feature", "geometry": {"type": "Point", "coordinates": [-121.62400000000001, 37.532]}, "properties": {"name": "Location 1146"}}, {"type": "Feature", "geometry": {"type": "Point", "coordinates": [-121.614, 37.532]}, "properties": {"name": "Location 1147"}}, {"type": "Feature", "geometry": {"type": "Point", "coordinates": [-121.604, 37.532]}, "properties": {"name": "Location 1148"}}, {"type": "Feature", "geometry": {"type": "Point", "coordinates": [-121.59400000000001, 37.532]}, "properties": {"name": "Location 1149"}}, {"type": "Feature", "geometry": {"type": "Point", "coordinates": [-121.584, 37.532]}, "properties": {"name": "Location 1150"}}, {"type": "Feature", "geometry": {"type": "Point", "coordinates": [-121.574, 37.532]}, "properties": {"name": "Location 1151"}}, {"type": "Feature", "geometry": {"type": "Point", "coordinates": [-121.56400000000001, 37.532]}, "properties": {"name": "Location 1152"}}, {"type": "Feature", "geometry": {"type": "Point", "coordinates": [-121.554, 37.532]}, "properties": {"name": "Location 1153"}}, {"type": "Feature", "geometry": {"type": "Point", "coordinates": [-121.544, 37.532]}, "properties": {"name": "Location 1154"}}, {"type": "Feature", "geometry": {"type": "Point", "coordinates": [-121.534, 37.532]}, "properties": {"name": "Location 1155"}}, {"type": "Feature", "geometry": {"type": "Point", "coordinates": [-121.524, 37.532]}, "properties": {"name": "Location 1156"}}, {"type": "Feature", "geometry": {"type": "Point", "coordinates": [-121.51400000000001, 37.532]}, "properties": {"name": "Location 1157"}}, {"type": "Feature", "geometry": {"type": "Point", "coordinates": [-121.504, 37.532]}, "properties": {"name": "Location 1158"}}, {"type": "Feature", "geometry": {"type": "Point", "coordinates": [-121.494, 37.532]}, "properties": {"name": "Location 1159"}}, {"type": "Feature", "geometry": {"type": "Point", "coordinates": [-121.48400000000001, 37.532]}, "properties": {"name": "Location 1160"}}, {"type": "Feature", "geometry": {"type": "Point", "coordinates": [-121.474, 37.532]}, "properties": {"name": "Location 1161"}}, {"type": "Feature", "geometry": {"type": "Point", "coordinates": [-121.464, 37.532]}, "properties": {"name": "Location 1162"}}, {"type": "Feature", "geometry": {"type": "Point", "coordinates": [-121.45400000000001, 37.532]}, "properties": {"name": "Location 1163"}}, {"type": "Feature", "geometry": {"type": "Point", "coordinates": [-121.444, 37.532]}, "properties": {"name": "Location 1164"}}, {"type": "Feature", "geometry": {"type": "Point", "coordinates": [-121.434, 37.532]}, "properties": {"name": "Location 1165"}}, {"type": "Feature", "geometry": {"type": "Point", "coordinates": [-121.424, 37.532]}, "properties": {"name": "Location 1166"}}, {"type": "Feature", "geometry": {"type": "Point", "coordinates": [-121.414, 37.532]}, "properties": {"name": "Location 1167"}}, {"type": "Feature", "geometry": {"type": "Point", "coordinates": [-121.404, 37.532]}, "properties": {"name": "Location 1168"}}, {"type": "Feature", "geometry": {"type": "Point", "coordinates": [-121.394, 37.532]}, "properties": {"name": "Location 1169"}}, {"type": "Feature", "geometry": {"type": "Point", "coordinates": [-121.384, 37.532]}, "properties": {"name": "Location 1170"}}, {"type": "Feature", "geometry": {"type": "Point", "coordinates": [-121.37400000000001, 37.532]}, "properties": {"name": "Location 1171"}}, {"type": "Feature", "geometry": {"type": "Point", "coordinates": [-121.364, 37.532]}, "properties": {"name": "Location 1172"}}, {"type": "Feature", "geometry": {"type": "Point", "coordinates": [-121.354, 37.532]}, "properties": {"name": "Location 1173"}}, {"type": "Feature", "geometry": {"type": "Point", "coordinates": [-121.34400000000001, 37.532]}, "properties": {"name": "Location 1174"}}, {"type": "Feature", "geometry": {"type": "Point", "coordinates": [-121.334, 37.532]}, "properties": {"name": "Location 1175"}}, {"type": "Feature", "geometry": {"type": "Point", "coordinates": [-121.324, 37.532]}, "properties": {"name": "Location 1176"}}, {"type": "Feature", "geometry": {"type": "Point", "coordinates": [-121.31400000000001, 37.532]}, "properties": {"name": "Location 1177"}}, {"type": "Feature", "geometry": {"type": "Point", "coordinates": [-121.304, 37.532]}, "properties": {"name": "Location 1178"}}, {"type": "Feature", "geometry": {"type": "Point", "coordinates": [-121.294, 37.532]}, "properties": {"name": "Location 1179"}}, {"type": "Feature", "geometry": {"type": "Point", "coordinates": [-121.284, 37.532]}, "properties": {"name": "Location 1180"}}, {"type": "Feature", "geometry": {"type": "Point", "coordinates": [-121.274, 37.532]}, "properties": {"name": "Location 1181"}}, {"type": "Feature", "geometry": {"type": "Point", "coordinates": [-121.26400000000001, 37.532]}, "properties": {"name": "Location 1182"}}, {"type": "Feature", "geometry": {"type": "Point", "coordinates": [-121.254, 37.532]}, "properties": {"name": "Location 1183"}}, {"type": "Feature", "geometry": {"type": "Point", "coordinates": [-121.244, 37.532]}, "properties": {"name": "Location 1184"}}, {"type": "Feature", "geometry": {"type": "Point", "coordinates": [-121.23400000000001, 37.532]}, "properties": {"name": "Location 1185"}}, {"type": "Feature", "geometry": {"type": "Point", "coordinates": [-121.224, 37.532]}, "properties": {"name": "Location 1186"}}, {"type": "Feature", "geometry": {"type": "Point", "coordinates": [-121.214, 37.532]}, "properties": {"name": "Location 1187"}}, {"type": "Feature", "geometry": {"type": "Point", "coordinates": [-121.20400000000001, 37.532]}, "properties": {"name": "Location 1188"}}, {"type": "Feature", "geometry": {"type": "Point", "coordinates": [-121.194, 37.532]}, "properties": {"name": "Location 1189"}}, {"type": "Feature", "geometry": {"type": "Point", "coordinates": [-121.184, 37.532]}, "properties": {"name": "Location 1190"}}, {"type": "Feature", "geometry": {"type": "Point", "coordinates": [-121.174, 37.532]}, "properties": {"name": "Location 1191"}}, {"type": "Feature", "geometry": {"type": "Point", "coordinates": [-121.164, 37.532]}, "properties": {"name": "Location 1192"}}, {"type": "Feature", "geometry": {"type": "Point", "coordinates": [-121.154, 37.532]}, "properties": {"name": "Location 1193"}}, {"type": "Feature", "geometry": {"type": "Point", "coordinates": [-121.144, 37.532]}, "properties": {"name": "Location 1194"}}, {"type": "Feature", "geometry": {"type": "Point", "coordinates": [-121.134, 37.532]}, "properties": {"name": "Location 1195"}}, {"type": "Feature", "geometry": {"type": "Point", "coordinates": [-121.12400000000001, 37.532]}, "properties": {"name": "Location 1196"}}, {"type": "Feature", "geometry": {"type": "Point", "coordinates": [-121.114, 37.532]}, "properties": {"name": "Location 1197"}}, {"type": "Feature", "geometry": {"type": "Point", "coordinates": [-121.104, 37.532]}, "properties": {"name": "Location 1198"}}, {"type": "Feature", "geometry": {"type": "Point", "coordinates": [-121.09400000000001, 37.532]}, "properties": {"name": "Location 1199"}}, {"type": "Feature", "geometry": {"type": "Point", "coordinates": [-122.084, 37.541999999999994]}, "properties": {"name": "Location 1200"}}, {"type": "Feature", "geometry": {"type": "Point", "coordinates": [-122.074, 37.541999999999994]}, "properties": {"name": "Location 1201"}}, {"type": "Feature", "geometry": {"type": "Point", "coordinates": [-122.06400000000001, 37.541999999999994]}, "properties": {"name": "Location 1202"}}, {"type": "Feature", "geometry": {"type": "Point", "coordinates": [-122.054, 37.541999999999994]}, "properties": {"name": "Location 1203"}}, {"type": "Feature", "geometry": {"type": "Point", "coordinates": [-122.044, 37.541999999999994]}, "properties": {"name": "Location 1204"}}, {"type": "Feature", "geometry": {"type": "Point", "coordinates": [-122.034, 37.541999999999994]}, "properties": {"name": "Location 1205"}}, {"type": "Feature", "geometry": {"type": "Point", "coordinates": [-122.024, 37.541999999999994]}, "properties": {"name": "Location 1206"}}, {"type": "Feature", "geometry": {"type": "Point", "coordinates": [-122.01400000000001, 37.541999999999994]}, "properties": {"name": "Location 1207"}}, {"type": "Feature", "geometry": {"type": "Point", "coordinates": [-122.004, 37.541999999999994]}, "properties": {"name": "Location 1208"}}, {"type": "Feature", "geometry": {"type": "Point", "coordinates": [-121.994, 37.541999999999994]}, "properties": {"name": "Location 1209"}}, {"type": "Feature", "geometry": {"type": "Point", "coordinates": [-121.98400000000001, 37.541999999999994]}, "properties": {"name": "Location 1210"}}, {"type": "Feature", "geometry": {"type": "Point", "coordinates": [-121.974, 37.541999999999994]}, "properties": {"name": "Location 1211"}}, {"type": "Feature", "geometry": {"type": "Point", "coordinates": [-121.964, 37.541999999999994]}, "properties": {"name": "Location 1212"}}, {"type": "Feature", "geometry": {"type": "Point", "coordinates": [-121.95400000000001, 37.541999999999994]}, "properties": {"name": "Location 1213"}}, {"type": "Feature", "geometry": {"type": "Point", "coordinates": [-121.944, 37.541999999999994]}, "properties": {"name": "Location 1214"}}, {"type": "Feature", "geometry": {"type": "Point", "coordinates": [-121.934, 37.541999999999994]}, "properties": {"name": "Location 1215"}}, {"type": "Feature", "geometry": {"type": "Point", "coordinates": [-121.924, 37.541999999999994]}, "properties": {"name": "Location 1216"}}, {"type": "Feature", "geometry": {"type": "Point", "coordinates": [-121.914, 37.541999999999994]}, "properties": {"name": "Location 1217"}}, {"type": "Feature", "geometry": {"type": "Point", "coordinates": [-121.904, 37.541999999999994]}, "properties": {"name": "Location 1218"}}, {"type": "Feature", "geometry": {"type": "Point", "coordinates": [-121.894, 37.541999999999994]}, "properties": {"name": "Location 1219"}}, {"type": "Feature", "geometry": {"type": "Point", "coordinates": [-121.884, 37.541999999999994]}, "properties": {"name": "Location 1220"}}, {"type": "Feature", "geometry": {"type": "Point", "coordinates": [-121.87400000000001, 37.541999999999994]}, "properties": {"name": "Location 1221"}}, {"type": "Feature", "geometry": {"type": "Point", "coordinates": [-121.864, 37.541999999999994]}, "properties": {"name": "Location 1222"}}, {"type": "Feature", "geometry": {"type": "Point", "coordinates": [-121.854, 37.541999999999994]}, "properties": {"name": "Location 1223"}}, {"type": "Feature", "geometry": {"type": "Point", "coordinates": [-121.84400000000001, 37.541999999999994]}, "properties": {"name": "Location 1224"}}, {"type": "Feature", "geometry": {"type": "Point", "coordinates": [-121.834, 37.541999999999994]}, "properties": {"name": "Location 1225"}}, {"type": "Feature", "geometry": {"type": "Point", "coordinates": [-121.824, 37.541999999999994]}, "properties": {"name": "Location 1226"}}, {"type": "Feature", "geometry": {"type": "Point", "coordinates": [-121.81400000000001, 37.541999999999994]}, "properties": {"name": "Location 1227"}}, {"type": "Feature", "geometry": {"type": "Point", "coordinates": [-121.804, 37.541999999999994]}, "properties": {"name": "Location 1228"}}, {"type": "Feature", "geometry": {"type": "Point", "coordinates": [-121.794, 37.541999999999994]}, "properties": {"name": "Location 1229"}}, {"type": "Feature", "geometry": {"type": "Point", "coordinates": [-121.784, 37.541999999999994]}, "properties": {"name": "Location 1230"}}, {"type": "Feature", "geometry": {"type": "Point", "coordinates": [-121.774, 37.541999999999994]}, "properties": {"name": "Location 1231"}}, {"type": "Feature", "geometry": {"type": "Point", "coordinates": [-121.76400000000001, 37.541999999999994]}, "properties": {"name": "Location 1232"}}, {"type": "Feature", "geometry": {"type": "Point", "coordinates": [-121.754, 37.541999999999994]}, "properties": {"name": "Location 1233"}}, {"type": "Feature", "geometry": {"type": "Point", "coordinates": [-121.744, 37.541999999999994]}, "properties": {"name": "Location 1234"}}, {"type": "Feature", "geometry": {"type": "Point", "coordinates": [-121.73400000000001, 37.541999999999994]}, "properties": {"name": "Location 1235"}}, {"type": "Feature", "geometry": {"type": "Point", "coordinates": [-121.724, 37.541999999999994]}, "properties": {"name": "Location 1236"}}, {"type": "Feature", "geometry": {"type": "Point", "coordinates": [-121.714, 37.541999999999994]}, "properties": {"name": "Location 1237"}}, {"type": "Feature", "geometry": {"type": "Point", "coordinates": [-121.70400000000001, 37.541999999999994]}, "properties": {"name": "Location 1238"}}, {"type": "Feature", "geometry": {"type": "Point", "coordinates": [-121.694, 37.541999999999994]}, "properties": {"name": "Location 1239"}}, {"type": "Feature", "geometry": {"type": "Point", "coordinates": [-121.684, 37.541999999999994]}, "properties": {"name": "Location 1240"}}, {"type": "Feature", "geometry": {"type": "Point", "coordinates": [-121.674, 37.541999999999994]}, "properties": {"name": "Location 1241"}}, {"type": "Feature", "geometry": {"type": "Point", "coordinates": [-121.664, 37.541999999999994]}, "properties": {"name": "Location 1242"}}, {"type": "Feature", "geometry": {"type": "Point", "coordinates": [-121.654, 37.541999999999994]}, "properties": {"name": "Location 1243"}}, {"type": "Feature", "geometry": {"type": "Point", "coordinates": [-121.644, 37.541999999999994]}, "properties": {"name": "Location 1244"}}, {"type": "Feature", "geometry": {"type": "Point", "coordinates": [-121.634, 37.541999999999994]}, "properties": {"name": "Location 1245"}}, {"type": "Feature", "geometry": {"type": "Point", "coordinates": [-121.62400000000001, 37.541999999999994]}, "properties": {"name": "Location 1246"}}, {"type": "Feature", "geometry": {"type": "Point", "coordinates": [-121.614, 37.541999999999994]}, "properties": {"name": "Location 1247"}}, {"type": "Feature", "geometry": {"type": "Point", "coordinates": [-121.604, 37.541999999999994]}, "properties": {"name": "Location 1248"}}, {"type": "Feature", "geometry": {"type": "Point", "coordinates": [-121.59400000000001, 37.541999999999994]}, "properties": {"name": "Location 1249"}}, {"type": "Feature", "geometry": {"type": "Point", "coordinates": [-121.584, 37.541999999999994]}, "properties": {"name": "Location 1250"}}, {"type": "Feature", "geometry": {"type": "Point", "coordinates": [-121.574, 37.541999999999994]}, "properties": {"name": "Location 1251"}}, {"type": "Feature", "geometry": {"type": "Point", "coordinates": [-121.56400000000001, 37.541999999999994]}, "properties": {"name": "Location 1252"}}, {"type": "Feature", "geometry": {"type": "Point", "coordinates": [-121.554, 37.541999999999994]}, "properties": {"name": "Location 1253"}}, {"type": "Feature", "geometry": {"type": "Point", "coordinates": [-121.544, 37.541999999999994]}, "properties": {"name": "Location 1254"}}, {"type": "Feature", "geometry": {"type": "Point", "coordinates": [-121.534, 37.541999999999994]}, "properties": {"name": "Location 1255"}}, {"type": "Feature", "geometry": {"type": "Point", "coordinates": [-121.524, 37.541999999999994]}, "properties": {"name": "Location 1256"}}, {"type": "Feature", "geometry": {"type": "Point", "coordinates": [-121.51400000000001, 37.541999999999994]}, "properties": {"name": "Location 1257"}}, {"type": "Feature", "geometry": {"type": "Point", "coordinates": [-121.504, 37.541999999999994]}, "properties": {"name": "Location 1258"}}, {"type": "Feature", "geometry": {"type": "Point", "coordinates": [-121.494, 37.541999999999994]}, "properties": {"name": "Location 1259"}}, {"type": "Feature", "geometry": {"type": "Point", "coordinates": [-121.48400000000001, 37.541999999999994]}, "properties": {"name": "Location 1260"}}, {"type": "Feature", "geometry": {"type": "Point", "coordinates": [-121.474, 37.541999999999994]}, "properties": {"name": "Location 1261"}}, {"type": "Feature", "geometry": {"type": "Point", "coordinates": [-121.464, 37.541999999999994]}, "properties": {"name": "Location 1262"}}, {"type": "Feature", "geometry": {"type": "Point", "coordinates": [-121.45400000000001, 37.541999999999994]}, "properties": {"name": "Location 1263"}}, {"type": "Feature", "geometry": {"type": "Point", "coordinates": [-121.444, 37.541999999999994]}, "properties": {"name": "Location 1264"}}, {"type": "Feature", "geometry": {"type": "Point", "coordinates": [-121.434, 37.541999999999994]}, "properties": {"name": "Location 1265"}}, {"type": "Feature", "geometry": {"type": "Point", "coordinates": [-121.424, 37.541999999999994]}, "properties": {"name": "Location 1266"}}, {"type": "Feature", "geometry": {"type": "Point", "coordinates": [-121.414, 37.541999999999994]}, "properties": {"name": "Location 1267"}}, {"type": "Feature", "geometry": {"type": "Point", "coordinates": [-121.404, 37.541999999999994]}, "properties": {"name": "Location 1268"}}, {"type": "Feature", "geometry": {"type": "Point", "coordinates": [-121.394, 37.541999999999994]}, "properties": {"name": "Location 1269"}}, {"type": "Feature", "geometry": {"type": "Point", "coordinates": [-121.384, 37.541999999999994]}, "properties": {"name": "Location 1270"}}, {"type": "Feature", "geometry": {"type": "Point", "coordinates": [-121.37400000000001, 37.541999999999994]}, "properties": {"name": "Location 1271"}}, {"type": "Feature", "geometry": {"type": "Point", "coordinates": [-121.364, 37.541999999999994]}, "properties": {"name": "Location 1272"}}, {"type": "Feature", "geometry": {"type": "Point", "coordinates": [-121.354, 37.541999999999994]}, "properties": {"name": "Location 1273"}}, {"type": "Feature", "geometry": {"type": "Point", "coordinates": [-121.34400000000001, 37.541999999999994]}, "properties": {"name": "Location 1274"}}, {"type": "Feature", "geometry": {"type": "Point", "coordinates": [-121.334, 37.541999999999994]}, "properties": {"name": "Location 1275"}}, {"type": "Feature", "geometry": {"type": "Point", "coordinates": [-121.324, 37.541999999999994]}, "properties": {"name": "Location 1276"}}, {"type": "Feature", "geometry": {"type": "Point", "coordinates": [-121.31400000000001, 37.541999999999994]}, "properties": {"name": "Location 1277"}}, {"type": "Feature", "geometry": {"type": "Point", "coordinates": [-121.304, 37.541999999999994]}, "properties": {"name": "Location 1278"}}, {"type": "Feature", "geometry": {"type": "Point", "coordinates": [-121.294, 37.541999999999994]}, "properties": {"name": "Location 1279"}}, {"type": "Feature", "geometry": {"type": "Point", "coordinates": [-121.284, 37.541999999999994]}, "properties": {"name": "Location 1280"}}, {"type": "Feature", "geometry": {"type": "Point", "coordinates": [-121.274, 37.541999999999994]}, "properties": {"name": "Location 1281"}}, {"type": "Feature", "geometry": {"type": "Point", "coordinates": [-121.26400000000001, 37.541999999999994]}, "properties": {"name": "Location 1282"}}, {"type": "Feature", "geometry": {"type": "Point", "coordinates": [-121.254, 37.541999999999994]}, "properties": {"name": "Location 1283"}}, {"type": "Feature", "geometry": {"type": "Point", "coordinates": [-121.244, 37.541999999999994]}, "properties": {"name": "Location 1284"}}, {"type": "Feature", "geometry": {"type": "Point", "coordinates": [-121.23400000000001, 37.541999999999994]}, "properties": {"name": "Location 1285"}}, {"type": "Feature", "geometry": {"type": "Point", "coordinates": [-121.224, 37.541999999999994]}, "properties": {"name": "Location 1286"}}, {"type": "Feature", "geometry": {"type": "Point", "coordinates": [-121.214, 37.541999999999994]}, "properties": {"name": "Location 1287"}}, {"type": "Feature", "geometry": {"type": "Point", "coordinates": [-121.20400000000001, 37.541999999999994]}, "properties": {"name": "Location 1288"}}, {"type": "Feature", "geometry": {"type": "Point", "coordinates": [-121.194, 37.541999999999994]}, "properties": {"name": "Location 1289"}}, {"type": "Feature", "geometry": {"type": "Point", "coordinates": [-121.184, 37.541999999999994]}, "properties": {"name": "Location 1290"}}, {"type": "Feature", "geometry": {"type": "Point", "coordinates": [-121.174, 37.541999999999994]}, "properties": {"name": "Location 1291"}}, {"type": "Feature", "geometry": {"type": "Point", "coordinates": [-121.164, 37.541999999999994]}, "properties": {"name": "Location 1292"}}, {"type": "Feature", "geometry": {"type": "Point", "coordinates": [-121.154, 37.541999999999994]}, "properties": {"name": "Location 1293"}}, {"type": "Feature", "geometry": {"type": "Point", "coordinates": [-121.144, 37.541999999999994]}, "properties": {"name": "Location 1294"}}, {"type": "Feature", "geometry": {"type": "Point", "coordinates": [-121.134, 37.541999999999994]}, "properties": {"name": "Location 1295"}}, {"type": "Feature", "geometry": {"type": "Point", "coordinates": [-121.12400000000001, 37.541999999999994]}, "properties": {"name": "Location 1296"}}, {"type": "Feature", "geometry": {"type": "Point", "coordinates": [-121.114, 37.541999999999994]}, "properties": {"name": "Location 1297"}}, {"type": "Feature", "geometry": {"type": "Point", "coordinates": [-121.104, 37.541999999999994]}, "properties": {"name": "Location 1298"}}, {"type": "Feature", "geometry": {"type": "Point", "coordinates": [-121.09400000000001, 37.541999999999994]}, "properties": {"name": "Location 1299"}}, {"type": "Feature", "geometry": {"type": "Point", "coordinates": [-122.084, 37.552]}, "properties": {"name": "Location 1300"}}, {"type": "Feature", "geometry": {"type": "Point", "coordinates": [-122.074, 37.552]}, "properties": {"name": "Location 1301"}}, {"type": "Feature", "geometry": {"type": "Point", "coordinates": [-122.06400000000001, 37.552]}, "properties": {"name": "Location 1302"}}, {"type": "Feature", "geometry": {"type": "Point", "coordinates": [-122.054, 37.552]}, "properties": {"name": "Location 1303"}}, {"type": "Feature", "geometry": {"type": "Point", "coordinates": [-122.044, 37.552]}, "properties": {"name": "Location 1304"}}, {"type": "Feature", "geometry": {"type": "Point", "coordinates": [-122.034, 37.552]}, "properties": {"name": "Location 1305"}}, {"type": "Feature", "geometry": {"type": "Point", "coordinates": [-122.024, 37.552]}, "properties": {"name": "Location 1306"}}, {"type": "Feature", "geometry": {"type": "Point", "coordinates": [-122.01400000000001, 37.552]}, "properties": {"name": "Location 1307"}}, {"type": "Feature", "geometry": {"type": "Point", "coordinates": [-122.004, 37.552]}, "properties": {"name": "Location 1308"}}, {"type": "Feature", "geometry": {"type": "Point", "coordinates": [-121.994, 37.552]}, "properties": {"name": "Location 1309"}}, {"type": "Feature", "geometry": {"type": "Point", "coordinates": [-121.98400000000001, 37.552]}, "properties": {"name": "Location 1310"}}, {"type": "Feature", "geometry": {"type": "Point", "coordinates": [-121.974, 37.552]}, "properties": {"name": "Location 1311"}}, {"type": "Feature", "geometry": {"type": "Point", "coordinates": [-121.964, 37.552]}, "properties": {"name": "Location 1312"}}, {"type": "Feature", "geometry": {"type": "Point", "coordinates": [-121.95400000000001, 37.552]}, "properties": {"name": "Location 1313"}}, {"type": "Feature", "geometry": {"type": "Point", "coordinates": [-121.944, 37.552]}, "properties": {"name": "Location 1314"}}, {"type": "Feature", "geometry": {"type": "Point", "coordinates": [-121.934, 37.552]}, "properties": {"name": "Location 1315"}}, {"type": "Feature", "geometry": {"type": "Point", "coordinates": [-121.924, 37.552]}, "properties": {"name": "Location 1316"}}, {"type": "Feature", "geometry": {"type": "Point", "coordinates": [-121.914, 37.552]}, "properties": {"name": "Location 1317"}}, {"type": "Feature", "geometry": {"type": "Point", "coordinates": [-121.904, 37.552]}, "properties": {"name": "Location 1318"}}, {"type": "Feature", "geometry": {"type": "Point", "coordinates": [-121.894, 37.552]}, "properties": {"name": "Location 1319"}}, {"type": "Feature", "geometry": {"type": "Point", "coordinates": [-121.884, 37.552]}, "properties": {"name": "Location 1320"}}, {"type": "Feature", "geometry": {"type": "Point", "coordinates": [-121.87400000000001, 37.552]}, "properties": {"name": "Location 1321"}}, {"type": "Feature", "geometry": {"type": "Point", "coordinates": [-121.864, 37.552]}, "properties": {"name": "Location 1322"}}, {"type": "Feature", "geometry": {"type": "Point", "coordinates": [-121.854, 37.552]}, "properties": {"name": "Location 1323"}}, {"type": "Feature", "geometry": {"type": "Point", "coordinates": [-121.84400000000001, 37.552]}, "properties": {"name": "Location 1324"}}, {"type": "Feature", "geometry": {"type": "Point", "coordinates": [-121.834, 37.552]}, "properties": {"name": "Location 1325"}}, {"type": "Feature", "geometry": {"type": "Point", "coordinates": [-121.824, 37.552]}, "properties": {"name": "Location 1326"}}, {"type": "Feature", "geometry": {"type": "Point", "coordinates": [-121.81400000000001, 37.552]}, "properties": {"name": "Location 1327"}}, {"type": "Feature", "geometry": {"type": "Point", "coordinates": [-121.804, 37.552]}, "properties": {"name": "Location 1328"}}, {"type": "Feature", "geometry": {"type": "Point", "coordinates": [-121.794, 37.552]}, "properties": {"name": "Location 1329"}}, {"type": "Feature", "geometry": {"type": "Point", "coordinates": [-121.784, 37.552]}, "properties": {"name": "Location 1330"}}, {"type": "Feature", "geometry": {"type": "Point", "coordinates": [-121.774, 37.552]}, "properties": {"name": "Location 1331"}}, {"type": "Feature", "geometry": {"type": "Point", "coordinates": [-121.76400000000001, 37.552]}, "properties": {"name": "Location 1332"}}, {"type": "Feature", "geometry": {"type": "Point", "coordinates": [-121.754, 37.552]}, "properties": {"name": "Location 1333"}}, {"type": "Feature", "geometry": {"type": "Point", "coordinates": [-121.744, 37.552]}, "properties": {"name": "Location 1334"}}, {"type": "Feature", "geometry": {"type": "Point", "coordinates": [-121.73400000000001, 37.552]}, "properties": {"name": "Location 1335"}}, {"type": "Feature", "geometry": {"type": "Point", "coordinates": [-121.724, 37.552]}, "properties": {"name": "Location 1336"}}, {"type": "Feature", "geometry": {"type": "Point", "coordinates": [-121.714, 37.552]}, "properties": {"name": "Location 1337"}}, {"type": "Feature", "geometry": {"type": "Point", "coordinates": [-121.70400000000001, 37.552]}, "properties": {"name": "Location 1338"}}, {"type": "Feature", "geometry": {"type": "Point", "coordinates": [-121.694, 37.552]}, "properties": {"name": "Location 1339"}}, {"type": "Feature", "geometry": {"type": "Point", "coordinates": [-121.684, 37.552]}, "properties": {"name": "Location 1340"}}, {"type": "Feature", "geometry": {"type": "Point", "coordinates": [-121.674, 37.552]}, "properties": {"name": "Location 1341"}}, {"type": "Feature", "geometry": {"type": "Point", "coordinates": [-121.664, 37.552]}, "properties": {"name": "Location 1342"}}, {"type": "Feature", "geometry": {"type": "Point", "coordinates": [-121.654, 37.552]}, "properties": {"name": "Location 1343"}}, {"type": "Feature", "geometry": {"type": "Point", "coordinates": [-121.644, 37.552]}, "properties": {"name": "Location 1344"}}, {"type": "Feature", "geometry": {"type": "Point", "coordinates": [-121.634, 37.552]}, "properties": {"name": "Location 1345"}}, {"type": "Feature", "geometry": {"type": "Point", "coordinates": [-121.62400000000001, 37.552]}, "properties": {"name": "Location 1346"}}, {"type": "Feature", "geometry": {"type": "Point", "coordinates": [-121.614, 37.552]}, "properties": {"name": "Location 1347"}}, {"type": "Feature", "geometry": {"type": "Point", "coordinates": [-121.604, 37.552]}, "properties": {"name": "Location 1348"}}, {"type": "Feature", "geometry": {"type": "Point", "coordinates": [-121.59400000000001, 37.552]}, "properties": {"name": "Location 1349"}}, {"type": "Feature", "geometry": {"type": "Point", "coordinates": [-121.584, 37.552]}, "properties": {"name": "Location 1350"}}, {"type": "Feature", "geometry": {"type": "Point", "coordinates": [-121.574, 37.552]}, "properties": {"name": "Location 1351"}}, {"type": "Feature", "geometry": {"type": "Point", "coordinates": [-121.56400000000001, 37.552]}, "properties": {"name": "Location 1352"}}, {"type": "Feature", "geometry": {"type": "Point", "coordinates": [-121.554, 37.552]}, "properties": {"name": "Location 1353"}}, {"type": "Feature", "geometry": {"type": "Point", "coordinates": [-121.544, 37.552]}, "properties": {"name": "Location 1354"}}, {"type": "Feature", "geometry": {"type": "Point", "coordinates": [-121.534, 37.552]}, "properties": {"name": "Location 1355"}}, {"type": "Feature", "geometry": {"type": "Point", "coordinates": [-121.524, 37.552]}, "properties": {"name": "Location 1356"}}, {"type": "Feature", "geometry": {"type": "Point", "coordinates": [-121.51400000000001, 37.552]}, "properties": {"name": "Location 1357"}}, {"type": "Feature", "geometry": {"type": "Point", "coordinates": [-121.504, 37.552]}, "properties": {"name": "Location 1358"}}, {"type": "Feature", "geometry": {"type": "Point", "coordinates": [-121.494, 37.552]}, "properties": {"name": "Location 1359"}}, {"type": "Feature", "geometry": {"type": "Point", "coordinates": [-121.48400000000001, 37.552]}, "properties": {"name": "Location 1360"}}, {"type": "Feature", "geometry": {"type": "Point", "coordinates": [-121.474, 37.552]}, "properties": {"name": "Location 1361"}}, {"type": "Feature", "geometry": {"type": "Point", "coordinates": [-121.464, 37.552]}, "properties": {"name": "Location 1362"}}, {"type": "Feature", "geometry": {"type": "Point", "coordinates": [-121.45400000000001, 37.552]}, "properties": {"name": "Location 1363"}}, {"type": "Feature", "geometry": {"type": "Point", "coordinates": [-121.444, 37.552]}, "properties": {"name": "Location 1364"}}, {"type": "Feature", "geometry": {"type": "Point", "coordinates": [-121.434, 37.552]}, "properties": {"name": "Location 1365"}}, {"type": "Feature", "geometry": {"type": "Point", "coordinates": [-121.424, 37.552]}, "properties": {"name": "Location 1366"}}, {"type": "Feature", "geometry": {"type": "Point", "coordinates": [-121.414, 37.552]}, "properties": {"name": "Location 1367"}}, {"type": "Feature", "geometry": {"type": "Point", "coordinates": [-121.404, 37.552]}, "properties": {"name": "Location 1368"}}, {"type": "Feature", "geometry": {"type": "Point", "coordinates": [-121.394, 37.552]}, "properties": {"name": "Location 1369"}}, {"type": "Feature", "geometry": {"type": "Point", "coordinates": [-121.384, 37.552]}, "properties": {"name": "Location 1370"}}, {"type": "Feature", "geometry": {"type": "Point", "coordinates": [-121.37400000000001, 37.552]}, "properties": {"name": "Location 1371"}}, {"type": "Feature", "geometry": {"type": "Point", "coordinates": [-121.364, 37.552]}, "properties": {"name": "Location 1372"}}, {"type": "Feature", "geometry": {"type": "Point", "coordinates": [-121.354, 37.552]}, "properties": {"name": "Location 1373"}}, {"type": "Feature", "geometry": {"type": "Point", "coordinates": [-121.34400000000001, 37.552]}, "properties": {"name": "Location 1374"}}, {"type": "Feature", "geometry": {"type": "Point", "coordinates": [-121.334, 37.552]}, "properties": {"name": "Location 1375"}}, {"type": "Feature", "geometry": {"type": "Point", "coordinates": [-121.324, 37.552]}, "properties": {"name": "Location 1376"}}, {"type": "Feature", "geometry": {"type": "Point", "coordinates": [-121.31400000000001, 37.552]}, "properties": {"name": "Location 1377"}}, {"type": "Feature", "geometry": {"type": "Point", "coordinates": [-121.304, 37.552]}, "properties": {"name": "Location 1378"}}, {"type": "Feature", "geometry": {"type": "Point", "coordinates": [-121.294, 37.552]}, "properties": {"name": "Location 1379"}}, {"type": "Feature", "geometry": {"type": "Point", "coordinates": [-121.284, 37.552]}, "properties": {"name": "Location 1380"}}, {"type": "Feature", "geometry": {"type": "Point", "coordinates": [-121.274, 37.552]}, "properties": {"name": "Location 1381"}}, {"type": "Feature", "geometry": {"type": "Point", "coordinates": [-121.26400000000001, 37.552]}, "properties": {"name": "Location 1382"}}, {"type": "Feature", "geometry": {"type": "Point", "coordinates": [-121.254, 37.552]}, "properties": {"name": "Location 1383"}}, {"type": "Feature", "geometry": {"type": "Point", "coordinates": [-121.244, 37.552]}, "properties": {"name": "Location 1384"}}, {"type": "Feature", "geometry": {"type": "Point", "coordinates": [-121.23400000000001, 37.552]}, "properties": {"name": "Location 1385"}}, {"type": "Feature", "geometry": {"type": "Point", "coordinates": [-121.224, 37.552]}, "properties": {"name": "Location 1386"}}, {"type": "Feature", "geometry": {"type": "Point", "coordinates": [-121.214, 37.552]}, "properties": {"name": "Location 1387"}}, {"type": "Feature", "geometry": {"type": "Point", "coordinates": [-121.20400000000001, 37.552]}, "properties": {"name": "Location 1388"}}, {"type": "Feature", "geometry": {"type": "Point", "coordinates": [-121.194, 37.552]}, "properties": {"name": "Location 1389"}}, {"type": "Feature", "geometry": {"type": "Point", "coordinates": [-121.184, 37.552]}, "properties": {"name": "Location 1390"}}, {"type": "Feature", "geometry": {"type": "Point", "coordinates": [-121.174, 37.552]}, "properties": {"name": "Location 1391"}}, {"type": "Feature", "geometry": {"type": "Point", "coordinates": [-121.164, 37.552]}, "properties": {"name": "Location 1392"}}, {"type": "Feature", "geometry": {"type": "Point", "coordinates": [-121.154, 37.552]}, "properties": {"name": "Location 1393"}}, {"type": "Feature", "geometry": {"type": "Point", "coordinates": [-121.144, 37.552]}, "properties": {"name": "Location 1394"}}, {"type": "Feature", "geometry": {"type": "Point", "coordinates": [-121.134, 37.552]}, "properties": {"name": "Location 1395"}}, {"type": "Feature", "geometry": {"type": "Point", "coordinates": [-121.12400000000001, 37.552]}, "properties": {"name": "Location 1396"}}, {"type": "Feature", "geometry": {"type": "Point", "coordinates": [-121.114, 37.552]}, "properties": {"name": "Location 1397"}}, {"type": "Feature", "geometry": {"type": "Point", "coordinates": [-121.104, 37.552]}, "properties": {"name": "Location 1398"}}, {"type": "Feature", "geometry": {"type": "Point", "coordinates": [-121.09400000000001, 37.552]}, "properties": {"name": "Location 1399"}}, {"type": "Feature", "geometry": {"type": "Point", "coordinates": [-122.084, 37.562]}, "properties": {"name": "Location 1400"}}, {"type": "Feature", "geometry": {"type": "Point", "coordinates": [-122.074, 37.562]}, "properties": {"name": "Location 1401"}}, {"type": "Feature", "geometry": {"type": "Point", "coordinates": [-122.06400000000001, 37.562]}, "properties": {"name": "Location 1402"}}, {"type": "Feature", "geometry": {"type": "Point", "coordinates": [-122.054, 37.562]}, "properties": {"name": "Location 1403"}}, {"type": "Feature", "geometry": {"type": "Point", "coordinates": [-122.044, 37.562]}, "properties": {"name": "Location 1404"}}, {"type": "Feature", "geometry": {"type": "Point", "coordinates": [-122.034, 37.562]}, "properties": {"name": "Location 1405"}}, {"type": "Feature", "geometry": {"type": "Point", "coordinates": [-122.024, 37.562]}, "properties": {"name": "Location 1406"}}, {"type": "Feature", "geometry": {"type": "Point", "coordinates": [-122.01400000000001, 37.562]}, "properties": {"name": "Location 1407"}}, {"type": "Feature", "geometry": {"type": "Point", "coordinates": [-122.004, 37.562]}, "properties": {"name": "Location 1408"}}, {"type": "Feature", "geometry": {"type": "Point", "coordinates": [-121.994, 37.562]}, "properties": {"name": "Location 1409"}}, {"type": "Feature", "geometry": {"type": "Point", "coordinates": [-121.98400000000001, 37.562]}, "properties": {"name": "Location 1410"}}, {"type": "Feature", "geometry": {"type": "Point", "coordinates": [-121.974, 37.562]}, "properties": {"name": "Location 1411"}}, {"type": "Feature", "geometry": {"type": "Point", "coordinates": [-121.964, 37.562]}, "properties": {"name": "Location 1412"}}, {"type": "Feature", "geometry": {"type": "Point", "coordinates": [-121.95400000000001, 37.562]}, "properties": {"name": "Location 1413"}}, {"type": "Feature", "geometry": {"type": "Point", "coordinates": [-121.944, 37.562]}, "properties": {"name": "Location 1414"}}, {"type": "Feature", "geometry": {"type": "Point", "coordinates": [-121.934, 37.562]}, "properties": {"name": "Location 1415"}}, {"type": "Feature", "geometry": {"type": "Point", "coordinates": [-121.924, 37.562]}, "properties": {"name": "Location 1416"}}, {"type": "Feature", "geometry": {"type": "Point", "coordinates": [-121.914, 37.562]}, "properties": {"name": "Location 1417"}}, {"type": "Feature", "geometry": {"type": "Point", "coordinates": [-121.904, 37.562]}, "properties": {"name": "Location 1418"}}, {"type": "Feature", "geometry": {"type": "Point", "coordinates": [-121.894, 37.562]}, "properties": {"name": "Location 1419"}}, {"type": "Feature", "geometry": {"type": "Point", "coordinates": [-121.884, 37.562]}, "properties": {"name": "Location 1420"}}, {"type": "Feature", "geometry": {"type": "Point", "coordinates": [-121.87400000000001, 37.562]}, "properties": {"name": "Location 1421"}}, {"type": "Feature", "geometry": {"type": "Point", "coordinates": [-121.864, 37.562]}, "properties": {"name": "Location 1422"}}, {"type": "Feature", "geometry": {"type": "Point", "coordinates": [-121.854, 37.562]}, "properties": {"name": "Location 1423"}}, {"type": "Feature", "geometry": {"type": "Point", "coordinates": [-121.84400000000001, 37.562]}, "properties": {"name": "Location 1424"}}, {"type": "Feature", "geometry": {"type": "Point", "coordinates": [-121.834, 37.562]}, "properties": {"name": "Location 1425"}}, {"type": "Feature", "geometry": {"type": "Point", "coordinates": [-121.824, 37.562]}, "properties": {"name": "Location 1426"}}, {"type": "Feature", "geometry": {"type": "Point", "coordinates": [-121.81400000000001, 37.562]}, "properties": {"name": "Location 1427"}}, {"type": "Feature", "geometry": {"type": "Point", "coordinates": [-121.804, 37.562]}, "properties": {"name": "Location 1428"}}, {"type": "Feature", "geometry": {"type": "Point", "coordinates": [-121.794, 37.562]}, "properties": {"name": "Location 1429"}}, {"type": "Feature", "geometry": {"type": "Point", "coordinates": [-121.784, 37.562]}, "properties": {"name": "Location 1430"}}, {"type": "Feature", "geometry": {"type": "Point", "coordinates": [-121.774, 37.562]}, "properties": {"name": "Location 1431"}}, {"type": "Feature", "geometry": {"type": "Point", "coordinates": [-121.76400000000001, 37.562]}, "properties": {"name": "Location 1432"}}, {"type": "Feature", "geometry": {"type": "Point", "coordinates": [-121.754, 37.562]}, "properties": {"name": "Location 1433"}}, {"type": "Feature", "geometry": {"type": "Point", "coordinates": [-121.744, 37.562]}, "properties": {"name": "Location 1434"}}, {"type": "Feature", "geometry": {"type": "Point", "coordinates": [-121.73400000000001, 37.562]}, "properties": {"name": "Location 1435"}}, {"type": "Feature", "geometry": {"type": "Point", "coordinates": [-121.724, 37.562]}, "properties": {"name": "Location 1436"}}, {"type": "Feature", "geometry": {"type": "Point", "coordinates": [-121.714, 37.562]}, "properties": {"name": "Location 1437"}}, {"type": "Feature", "geometry": {"type": "Point", "coordinates": [-121.70400000000001, 37.562]}, "properties": {"name": "Location 1438"}}, {"type": "Feature", "geometry": {"type": "Point", "coordinates": [-121.694, 37.562]}, "properties": {"name": "Location 1439"}}, {"type": "Feature", "geometry": {"type": "Point", "coordinates": [-121.684, 37.562]}, "properties": {"name": "Location 1440"}}, {"type": "Feature", "geometry": {"type": "Point", "coordinates": [-121.674, 37.562]}, "properties": {"name": "Location 1441"}}, {"type": "Feature", "geometry": {"type": "Point", "coordinates": [-121.664, 37.562]}, "properties": {"name": "Location 1442"}}, {"type": "Feature", "geometry": {"type": "Point", "coordinates": [-121.654, 37.562]}, "properties": {"name": "Location 1443"}}, {"type": "Feature", "geometry": {"type": "Point", "coordinates": [-121.644, 37.562]}, "properties": {"name": "Location 1444"}}, {"type": "Feature", "geometry": {"type": "Point", "coordinates": [-121.634, 37.562]}, "properties": {"name": "Location 1445"}}, {"type": "Feature", "geometry": {"type": "Point", "coordinates": [-121.62400000000001, 37.562]}, "properties": {"name": "Location 1446"}}, {"type": "Feature", "geometry": {"type": "Point", "coordinates": [-121.614, 37.562]}, "properties": {"name": "Location 1447"}}, {"type": "Feature", "geometry": {"type": "Point", "coordinates": [-121.604, 37.562]}, "properties": {"name": "Location 1448"}}, {"type": "Feature", "geometry": {"type": "Point", "coordinates": [-121.59400000000001, 37.562]}, "properties": {"name": "Location 1449"}}, {"type": "Feature", "geometry": {"type": "Point", "coordinates": [-121.584, 37.562]}, "properties": {"name": "Location 1450"}}, {"type": "Feature", "geometry": {"type": "Point", "coordinates": [-121.574, 37.562]}, "properties": {"name": "Location 1451"}}, {"type": "Feature", "geometry": {"type": "Point", "coordinates": [-121.56400000000001, 37.562]}, "properties": {"name": "Location 1452"}}, {"type": "Feature", "geometry": {"type": "Point", "coordinates": [-121.554, 37.562]}, "properties": {"name": "Location 1453"}}, {"type": "Feature", "geometry": {"type": "Point", "coordinates": [-121.544, 37.562]}, "properties": {"name": "Location 1454"}}, {"type": "Feature", "geometry": {"type": "Point", "coordinates": [-121.534, 37.562]}, "properties": {"name": "Location 1455"}}, {"type": "Feature", "geometry": {"type": "Point", "coordinates": [-121.524, 37.562]}, "properties": {"name": "Location 1456"}}, {"type": "Feature", "geometry": {"type": "Point", "coordinates": [-121.51400000000001, 37.562]}, "properties": {"name": "Location 1457"}}, {"type": "Feature", "geometry": {"type": "Point", "coordinates": [-121.504, 37.562]}, "properties": {"name": "Location 1458"}}, {"type": "Feature", "geometry": {"type": "Point", "coordinates": [-121.494, 37.562]}, "properties": {"name": "Location 1459"}}, {"type": "Feature", "geometry": {"type": "Point", "coordinates": [-121.48400000000001, 37.562]}, "properties": {"name": "Location 1460"}}, {"type": "Feature", "geometry": {"type": "Point", "coordinates": [-121.474, 37.562]}, "properties": {"name": "Location 1461"}}, {"type": "Feature", "geometry": {"type": "Point", "coordinates": [-121.464, 37.562]}, "properties": {"name": "Location 1462"}}, {"type": "Feature", "geometry": {"type": "Point", "coordinates": [-121.45400000000001, 37.562]}, "properties": {"name": "Location 1463"}}, {"type": "Feature", "geometry": {"type": "Point", "coordinates": [-121.444, 37.562]}, "properties": {"name": "Location 1464"}}, {"type": "Feature", "geometry": {"type": "Point", "coordinates": [-121.434, 37.562]}, "properties": {"name": "Location 1465"}}, {"type": "Feature", "geometry": {"type": "Point", "coordinates": [-121.424, 37.562]}, "properties": {"name": "Location 1466"}}, {"type": "Feature", "geometry": {"type": "Point", "coordinates": [-121.414, 37.562]}, "properties": {"name": "Location 1467"}}, {"type": "Feature", "geometry": {"type": "Point", "coordinates": [-121.404, 37.562]}, "properties": {"name": "Location 1468"}}, {"type": "Feature", "geometry": {"type": "Point", "coordinates": [-121.394, 37.562]}, "properties": {"name": "Location 1469"}}, {"type": "Feature", "geometry": {"type": "Point", "coordinates": [-121.384, 37.562]}, "properties": {"name": "Location 1470"}}, {"type": "Feature", "geometry": {"type": "Point", "coordinates": [-121.37400000000001, 37.562]}, "properties": {"name": "Location 1471"}}, {"type": "Feature", "geometry": {"type": "Point", "coordinates": [-121.364, 37.562]}, "properties": {"name": "Location 1472"}}, {"type": "Feature", "geometry": {"type": "Point", "coordinates": [-121.354, 37.562]}, "properties": {"name": "Location 1473"}}, {"type": "Feature", "geometry": {"type": "Point", "coordinates": [-121.34400000000001, 37.562]}, "properties": {"name": "Location 1474"}}, {"type": "Feature", "geometry": {"type": "Point", "coordinates": [-121.334, 37.562]}, "properties": {"name": "Location 1475"}}, {"type": "Feature", "geometry": {"type": "Point", "coordinates": [-121.324, 37.562]}, "properties": {"name": "Location 1476"}}, {"type": "Feature", "geometry": {"type": "Point", "coordinates": [-121.31400000000001, 37.562]}, "properties": {"name": "Location 1477"}}, {"type": "Feature", "geometry": {"type": "Point", "coordinates": [-121.304, 37.562]}, "properties": {"name": "Location 1478"}}, {"type": "Feature", "geometry": {"type": "Point", "coordinates": [-121.294, 37.562]}, "properties": {"name": "Location 1479"}}, {"type": "Feature", "geometry": {"type": "Point", "coordinates": [-121.284, 37.562]}, "properties": {"name": "Location 1480"}}, {"type": "Feature", "geometry": {"type": "Point", "coordinates": [-121.274, 37.562]}, "properties": {"name": "Location 1481"}}, {"type": "Feature", "geometry": {"type": "Point", "coordinates": [-121.26400000000001, 37.562]}, "properties": {"name": "Location 1482"}}, {"type": "Feature", "geometry": {"type": "Point", "coordinates": [-121.254, 37.562]}, "properties": {"name": "Location 1483"}}, {"type": "Feature", "geometry": {"type": "Point", "coordinates": [-121.244, 37.562]}, "properties": {"name": "Location 1484"}}, {"type": "Feature", "geometry": {"type": "Point", "coordinates": [-121.23400000000001, 37.562]}, "properties": {"name": "Location 1485"}}, {"type": "Feature", "geometry": {"type": "Point", "coordinates": [-121.224, 37.562]}, "properties": {"name": "Location 1486"}}, {"type": "Feature", "geometry": {"type": "Point", "coordinates": [-121.214, 37.562]}, "properties": {"name": "Location 1487"}}, {"type": "Feature", "geometry": {"type": "Point", "coordinates": [-121.20400000000001, 37.562]}, "properties": {"name": "Location 1488"}}, {"type": "Feature", "geometry": {"type": "Point", "coordinates": [-121.194, 37.562]}, "properties": {"name": "Location 1489"}}, {"type": "Feature", "geometry": {"type": "Point", "coordinates": [-121.184, 37.562]}, "properties": {"name": "Location 1490"}}, {"type": "Feature", "geometry": {"type": "Point", "coordinates": [-121.174, 37.562]}, "properties": {"name": "Location 1491"}}, {"type": "Feature", "geometry": {"type": "Point", "coordinates": [-121.164, 37.562]}, "properties": {"name": "Location 1492"}}, {"type": "Feature", "geometry": {"type": "Point", "coordinates": [-121.154, 37.562]}, "properties": {"name": "Location 1493"}}, {"type": "Feature", "geometry": {"type": "Point", "coordinates": [-121.144, 37.562]}, "properties": {"name": "Location 1494"}}, {"type": "Feature", "geometry": {"type": "Point", "coordinates": [-121.134, 37.562]}, "properties": {"name": "Location 1495"}}, {"type": "Feature", "geometry": {"type": "Point", "coordinates": [-121.12400000000001, 37.562]}, "properties": {"name": "Location 1496"}}, {"type": "Feature", "geometry": {"type": "Point", "coordinates": [-121.114, 37.562]}, "properties": {"name": "Location 1497"}}, {"type": "Feature", "geometry": {"type": "Point", "coordinates": [-121.104, 37.562]}, "properties": {"name": "Location 1498"}}, {"type": "Feature", "geometry": {"type": "Point", "coordinates": [-121.09400000000001, 37.562]}, "properties": {"name": "Location 1499"}}]}