ID	Name	Category	Price	InStock
1	Widget 1	Electronics	5.33	False
2	Widget 2	Misc	7.67	True
3	Widget 3	Tools	10.0	False
4	Widget 4	Office	12.33	True
5	Widget 5	Hardware	14.67	False
6	Widget 6	Electronics	17.0	True
7	Widget 7	Misc	19.33	False
8	Widget 8	Tools	21.67	True
9	Widget 9	Office	24.0	False
10	Widget 10	Hardware	26.33	True
11	Widget 11	Electronics	28.67	False
12	Widget 12	Misc	31.0	True
13	Widget 13	Tools	33.33	False
14	Widget 14	Office	35.67	True
15	Widget 15	Hardware	38.0	False
16	Widget 16	Electronics	40.33	True
17	Widget 17	Misc	42.67	False
18	Widget 18	Tools	45.0	True
19	Widget 19	Office	47.33	False
20	Widget 20	Hardware	49.67	True
21	Widget 21	Electronics	52.0	False
22	Widget 22	Misc	54.33	True
23	Widget 23	Tools	56.67	False
24	Widget 24	Office	59.0	True
25	Widget 25	Hardware	61.33	False
26	Widget 26	Electronics	63.67	True
27	Widget 27	Misc	66.0	False
28	Widget 28	Tools	68.33	True
29	Widget 29	Office	70.67	False
30	Widget 30	Hardware	73.0	True
31	Widget 31	Electronics	75.33	False
32	Widget 32	Misc	77.67	True
33	Widget 33	Tools	80.0	False
34	Widget 34	Office	82.33	True
35	Widget 35	Hardware	84.67	False
36	Widget 36	Electronics	87.0	True
37	Widget 37	Misc	89.33	False
38	Widget 38	Tools	91.67	True
39	Widget 39	Office	94.0	False
40	Widget 40	Hardware	96.33	True
41	Widget 41	Electronics	98.67	False
42	Widget 42	Misc	101.0	True
43	Widget 43	Tools	103.33	False
44	Widget 44	Office	105.67	True
45	Widget 45	Hardware	108.0	False
46	Widget 46	Electronics	110.33	True
47	Widget 47	Misc	112.67	False
48	Widget 48	Tools	115.0	True
49	Widget 49	Office	117.33	False
50	Widget 50	Hardware	119.67	True
51	Widget 51	Electronics	122.0	False
52	Widget 52	Misc	124.33	True
53	Widget 53	Tools	126.67	False
54	Widget 54	Office	129.0	True
55	Widget 55	Hardware	131.33	False
56	Widget 56	Electronics	133.67	True
57	Widget 57	Misc	136.0	False
58	Widget 58	Tools	138.33	True
59	Widget 59	Office	140.67	False
60	Widget 60	Hardware	143.0	True
61	Widget 61	Electronics	145.33	False
62	Widget 62	Misc	147.67	True
63	Widget 63	Tools	150.0	False
64	Widget 64	Office	152.33	True
65	Widget 65	Hardware	154.67	False
66	Widget 66	Electronics	157.0	True
67	Widget 67	Misc	159.33	False
68	Widget 68	Tools	161.67	True
69	Widget 69	Office	164.0	False
70	Widget 70	Hardware	166.33	True
71	Widget 71	Electronics	168.67	False
72	Widget 72	Misc	4.33	True
73	Widget 73	Tools	6.67	False
74	Widget 74	Office	9.0	True
75	Widget 75	Hardware	11.33	False
76	Widget 76	Electronics	13.67	True
77	Widget 77	Misc	16.0	False
78	Widget 78	Tools	18.33	True
79	Widget 79	Office	20.67	False
80	Widget 80	Hardware	23.0	True
81	Widget 81	Electronics	25.33	False
82	Widget 82	Misc	27.67	True
83	Widget 83	Tools	30.0	False
84	Widget 84	Office	32.33	True
85	Widget 85	Hardware	34.67	False
86	Widget 86	Electronics	37.0	True
87	Widget 87	Misc	39.33	False
88	Widget 88	Tools	41.67	True
89	Widget 89	Office	44.0	False
90	Widget 90	Hardware	46.33	True
91	Widget 91	Electronics	48.67	False
92	Widget 92	Misc	51.0	True
93	Widget 93	Tools	53.33	False
94	Widget 94	Office	55.67	True
95	Widget 95	Hardware	58.0	False
96	Widget 96	Electronics	60.33	True
97	Widget 97	Misc	62.67	False
98	Widget 98	Tools	65.0	True
99	Widget 99	Office	67.33	False
100	Widget 100	Hardware	69.67	True
101	Widget 101	Electronics	72.0	False
102	Widget 102	Misc	74.33	True
103	Widget 103	Tools	76.67	False
104	Widget 104	Office	79.0	True
105	Widget 105	Hardware	81.33	False
106	Widget 106	Electronics	83.67	True
107	Widget 107	Misc	86.0	False
108	Widget 108	Tools	88.33	True
109	Widget 109	Office	90.67	False
110	Widget 110	Hardware	93.0	True
111	Widget 111	Electronics	95.33	False
112	Widget 112	Misc	97.67	True
113	Widget 113	Tools	100.0	False
114	Widget 114	Office	102.33	True
115	Widget 115	Hardware	104.67	False
116	Widget 116	Electronics	107.0	True
117	Widget 117	Misc	109.33	False
118	Widget 118	Tools	111.67	True
119	Widget 119	Office	114.0	False
120	Widget 120	Hardware	116.33	True
121	Widget 121	Electronics	118.67	False
122	Widget 122	Misc	121.0	True
123	Widget 123	Tools	123.33	False
124	Widget 124	Office	125.67	True
125	Widget 125	Hardware	128.0	False
126	Widget 126	Electronics	130.33	True
127	Widget 127	Misc	132.67	False
128	Widget 128	Tools	135.0	True
129	Widget 129	Office	137.33	False
130	Widget 130	Hardware	139.67	True
131	Widget 131	Electronics	142.0	False
132	Widget 132	Misc	144.33	True
133	Widget 133	Tools	146.67	False
134	Widget 134	Office	149.0	True
135	Widget 135	Hardware	151.33	False
136	Widget 136	Electronics	153.67	True
137	Widget 137	Misc	156.0	False
138	Widget 138	Tools	158.33	True
139	Widget 139	Office	160.67	False
140	Widget 140	Hardware	163.0	True
141	Widget 141	Electronics	165.33	False
142	Widget 142	Misc	167.67	True
143	Widget 143	Tools	3.33	False
144	Widget 144	Office	5.67	True
145	Widget 145	Hardware	8.0	False
146	Widget 146	Electronics	10.33	True
147	Widget 147	Misc	12.67	False
148	Widget 148	Tools	15.0	True
149	Widget 149	Office	17.33	False
150	Widget 150	Hardware	19.67	True
151	Widget 151	Electronics	22.0	False
152	Widget 152	Misc	24.33	True
153	Widget 153	Tools	26.67	False
154	Widget 154	Office	29.0	True
155	Widget 155	Hardware	31.33	False
156	Widget 156	Electronics	33.67	True
157	Widget 157	Misc	36.0	False
158	Widget 158	Tools	38.33	True
159	Widget 159	Office	40.67	False
160	Widget 160	Hardware	43.0	True
161	Widget 161	Electronics	45.33	False
162	Widget 162	Misc	47.67	True
163	Widget 163	Tools	50.0	False
164	Widget 164	Office	52.33	True
165	Widget 165	Hardware	54.67	False
166	Widget 166	Electronics	57.0	True
167	Widget 167	Misc	59.33	False
168	Widget 168	Tools	61.67	True
169	Widget 169	Office	64.0	False
170	Widget 170	Hardware	66.33	True
171	Widget 171	Electronics	68.67	False
172	Widget 172	Misc	71.0	True
173	Widget 173	Tools	73.33	False
174	Widget 174	Office	75.67	True
175	Widget 175	Hardware	78.0	False
176	Widget 176	Electronics	80.33	True
177	Widget 177	Misc	82.67	False
178	Widget 178	Tools	85.0	True
179	Widget 179	Office	87.33	False
180	Widget 180	Hardware	89.67	True
181	Widget 181	Electronics	92.0	False
182	Widget 182	Misc	94.33	True
183	Widget 183	Tools	96.67	False
184	Widget 184	Office	99.0	True
185	Widget 185	Hardware	101.33	False
186	Widget 186	Electronics	103.67	True
187	Widget 187	Misc	106.0	False
188	Widget 188	Tools	108.33	True
189	Widget 189	Office	110.67	False
190	Widget 190	Hardware	113.0	True
191	Widget 191	Electronics	115.33	False
192	Widget 192	Misc	117.67	True
193	Widget 193	Tools	120.0	False
194	Widget 194	Office	122.33	True
195	Widget 195	Hardware	124.67	False
196	Widget 196	Electronics	127.0	True
197	Widget 197	Misc	129.33	False
198	Widget 198	Tools	131.67	True
199	Widget 199	Office	134.0	False
200	Widget 200	Hardware	136.33	True
201	Widget 201	Electronics	138.67	False
202	Widget 202	Misc	141.0	True
203	Widget 203	Tools	143.33	False
204	Widget 204	Office	145.67	True
205	Widget 205	Hardware	148.0	False
206	Widget 206	Electronics	150.33	True
207	Widget 207	Misc	152.67	False
208	Widget 208	Tools	155.0	True
209	Widget 209	Office	157.33	False
210	Widget 210	Hardware	159.67	True
211	Widget 211	Electronics	162.0	False
212	Widget 212	Misc	164.33	True
213	Widget 213	Tools	166.67	False
214	Widget 214	Office	169.0	True
215	Widget 215	Hardware	4.67	False
216	Widget 216	Electronics	7.0	True
217	Widget 217	Misc	9.33	False
218	Widget 218	Tools	11.67	True
219	Widget 219	Office	14.0	False
220	Widget 220	Hardware	16.33	True
221	Widget 221	Electronics	18.67	False
222	Widget 222	Misc	21.0	True
223	Widget 223	Tools	23.33	False
224	Widget 224	Office	25.67	True
225	Widget 225	Hardware	28.0	False
226	Widget 226	Electronics	30.33	True
227	Widget 227	Misc	32.67	False
228	Widget 228	Tools	35.0	True
229	Widget 229	Office	37.33	False
230	Widget 230	Hardware	39.67	True
231	Widget 231	Electronics	42.0	False
232	Widget 232	Misc	44.33	True
233	Widget 233	Tools	46.67	False
234	Widget 234	Office	49.0	True
235	Widget 235	Hardware	51.33	False
236	Widget 236	Electronics	53.67	True
237	Widget 237	Misc	56.0	False
238	Widget 238	Tools	58.33	True
239	Widget 239	Office	60.67	False
240	Widget 240	Hardware	63.0	True
241	Widget 241	Electronics	65.33	False
242	Widget 242	Misc	67.67	True
243	Widget 243	Tools	70.0	False
244	Widget 244	Office	72.33	True
245	Widget 245	Hardware	74.67	False
246	Widget 246	Electronics	77.0	True
247	Widget 247	Misc	79.33	False
248	Widget 248	Tools	81.67	True
249	Widget 249	Office	84.0	False
250	Widget 250	Hardware	86.33	True
251	Widget 251	Electronics	88.67	False
252	Widget 252	Misc	91.0	True
253	Widget 253	Tools	93.33	False
254	Widget 254	Office	95.67	True
255	Widget 255	Hardware	98.0	False
256	Widget 256	Electronics	100.33	True
257	Widget 257	Misc	102.67	False
258	Widget 258	Tools	105.0	True
259	Widget 259	Office	107.33	False
260	Widget 260	Hardware	109.67	True
261	Widget 261	Electronics	112.0	False
262	Widget 262	Misc	114.33	True
263	Widget 263	Tools	116.67	False
264	Widget 264	Office	119.0	True
265	Widget 265	Hardware	121.33	False
266	Widget 266	Electronics	123.67	True
267	Widget 267	Misc	126.0	False
268	Widget 268	Tools	128.33	True
269	Widget 269	Office	130.67	False
270	Widget 270	Hardware	133.0	True
271	Widget 271	Electronics	135.33	False
272	Widget 272	Misc	137.67	True
273	Widget 273	Tools	140.0	False
274	Widget 274	Office	142.33	True
275	Widget 275	Hardware	144.67	False
276	Widget 276	Electronics	147.0	True
277	Widget 277	Misc	149.33	False
278	Widget 278	Tools	151.67	True
279	Widget 279	Office	154.0	False
280	Widget 280	Hardware	156.33	True
281	Widget 281	Electronics	158.67	False
282	Widget 282	Misc	161.0	True
283	Widget 283	Tools	163.33	False
284	Widget 284	Office	165.67	True
285	Widget 285	Hardware	168.0	False
286	Widget 286	Electronics	3.67	True
287	Widget 287	Misc	6.0	False
288	Widget 288	Tools	8.33	True
289	Widget 289	Office	10.67	False
290	Widget 290	Hardware	13.0	True
291	Widget 291	Electronics	15.33	False
292	Widget 292	Misc	17.67	True
293	Widget 293	Tools	20.0	False
294	Widget 294	Office	22.33	True
295	Widget 295	Hardware	24.67	False
296	Widget 296	Electronics	27.0	True
297	Widget 297	Misc	29.33	False
298	Widget 298	Tools	31.67	True
299	Widget 299	Office	34.0	False
300	Widget 300	Hardware	36.33	True
301	Widget 301	Electronics	38.67	False
302	Widget 302	Misc	41.0	True
303	Widget 303	Tools	43.33	False
304	Widget 304	Office	45.67	True
305	Widget 305	Hardware	48.0	False
306	Widget 306	Electronics	50.33	True
307	Widget 307	Misc	52.67	False
308	Widget 308	Tools	55.0	True
309	Widget 309	Office	57.33	False
310	Widget 310	Hardware	59.67	True
311	Widget 311	Electronics	62.0	False
312	Widget 312	Misc	64.33	True
313	Widget 313	Tools	66.67	False
314	Widget 314	Office	69.0	True
315	Widget 315	Hardware	71.33	False
316	Widget 316	Electronics	73.67	True
317	Widget 317	Misc	76.0	False
318	Widget 318	Tools	78.33	True
319	Widget 319	Office	80.67	False
320	Widget 320	Hardware	83.0	True
321	Widget 321	Electronics	85.33	False
322	Widget 322	Misc	87.67	True
323	Widget 323	Tools	90.0	False
324	Widget 324	Office	92.33	True
325	Widget 325	Hardware	94.67	False
326	Widget 326	Electronics	97.0	True
327	Widget 327	Misc	99.33	False
328	Widget 328	Tools	101.67	True
329	Widget 329	Office	104.0	False
330	Widget 330	Hardware	106.33	True
331	Widget 331	Electronics	108.67	False
332	Widget 332	Misc	111.0	True
333	Widget 333	Tools	113.33	False
334	Widget 334	Office	115.67	True
335	Widget 335	Hardware	118.0	False
336	Widget 336	Electronics	120.33	True
337	Widget 337	Misc	122.67	False
338	Widget 338	Tools	125.0	True
339	Widget 339	Office	127.33	False
340	Widget 340	Hardware	129.67	True
341	Widget 341	Electronics	132.0	False
342	Widget 342	Misc	134.33	True
343	Widget 343	Tools	136.67	False
344	Widget 344	Office	139.0	True
345	Widget 345	Hardware	141.33	False
346	Widget 346	Electronics	143.67	True
347	Widget 347	Misc	146.0	False
348	Widget 348	Tools	148.33	True
349	Widget 349	Office	150.67	False
350	Widget 350	Hardware	153.0	True
351	Widget 351	Electronics	155.33	False
352	Widget 352	Misc	157.67	True
353	Widget 353	Tools	160.0	False
354	Widget 354	Office	162.33	True
355	Widget 355	Hardware	164.67	False
356	Widget 356	Electronics	167.0	True
357	Widget 357	Misc	169.33	False
358	Widget 358	Tools	5.0	True
359	Widget 359	Office	7.33	False
360	Widget 360	Hardware	9.67	True
361	Widget 361	Electronics	12.0	False
362	Widget 362	Misc	14.33	True
363	Widget 363	Tools	16.67	False
364	Widget 364	Office	19.0	True
365	Widget 365	Hardware	21.33	False
366	Widget 366	Electronics	23.67	True
367	Widget 367	Misc	26.0	False
368	Widget 368	Tools	28.33	True
369	Widget 369	Office	30.67	False
370	Widget 370	Hardware	33.0	True
371	Widget 371	Electronics	35.33	False
372	Widget 372	Misc	37.67	True
373	Widget 373	Tools	40.0	False
374	Widget 374	Office	42.33	True
375	Widget 375	Hardware	44.67	False
376	Widget 376	Electronics	47.0	True
377	Widget 377	Misc	49.33	False
378	Widget 378	Tools	51.67	True
379	Widget 379	Office	54.0	False
380	Widget 380	Hardware	56.33	True
381	Widget 381	Electronics	58.67	False
382	Widget 382	Misc	61.0	True
383	Widget 383	Tools	63.33	False
384	Widget 384	Office	65.67	True
385	Widget 385	Hardware	68.0	False
386	Widget 386	Electronics	70.33	True
387	Widget 387	Misc	72.67	False
388	Widget 388	Tools	75.0	True
389	Widget 389	Office	77.33	False
390	Widget 390	Hardware	79.67	True
391	Widget 391	Electronics	82.0	False
392	Widget 392	Misc	84.33	True
393	Widget 393	Tools	86.67	False
394	Widget 394	Office	89.0	True
395	Widget 395	Hardware	91.33	False
396	Widget 396	Electronics	93.67	True
397	Widget 397	Misc	96.0	False
398	Widget 398	Tools	98.33	True
399	Widget 399	Office	100.67	False
400	Widget 400	Hardware	103.0	True
401	Widget 401	Electronics	105.33	False
402	Widget 402	Misc	107.67	True
403	Widget 403	Tools	110.0	False
404	Widget 404	Office	112.33	True
405	Widget 405	Hardware	114.67	False
406	Widget 406	Electronics	117.0	True
407	Widget 407	Misc	119.33	False
408	Widget 408	Tools	121.67	True
409	Widget 409	Office	124.0	False
410	Widget 410	Hardware	126.33	True
411	Widget 411	Electronics	128.67	False
412	Widget 412	Misc	131.0	True
413	Widget 413	Tools	133.33	False
414	Widget 414	Office	135.67	True
415	Widget 415	Hardware	138.0	False
416	Widget 416	Electronics	140.33	True
417	Widget 417	Misc	142.67	False
418	Widget 418	Tools	145.0	True
419	Widget 419	Office	147.33	False
420	Widget 420	Hardware	149.67	True
421	Widget 421	Electronics	152.0	False
422	Widget 422	Misc	154.33	True
423	Widget 423	Tools	156.67	False
424	Widget 424	Office	159.0	True
425	Widget 425	Hardware	161.33	False
426	Widget 426	Electronics	163.67	True
427	Widget 427	Misc	166.0	False
428	Widget 428	Tools	168.33	True
429	Widget 429	Office	4.0	False
430	Widget 430	Hardware	6.33	True
431	Widget 431	Electronics	8.67	False
432	Widget 432	Misc	11.0	True
433	Widget 433	Tools	13.33	False
434	Widget 434	Office	15.67	True
435	Widget 435	Hardware	18.0	False
436	Widget 436	Electronics	20.33	True
437	Widget 437	Misc	22.67	False
438	Widget 438	Tools	25.0	True
439	Widget 439	Office	27.33	False
440	Widget 440	Hardware	29.67	True
441	Widget 441	Electronics	32.0	False
442	Widget 442	Misc	34.33	True
443	Widget 443	Tools	36.67	False
444	Widget 444	Office	39.0	True
445	Widget 445	Hardware	41.33	False
446	Widget 446	Electronics	43.67	True
447	Widget 447	Misc	46.0	False
448	Widget 448	Tools	48.33	True
449	Widget 449	Office	50.67	False
450	Widget 450	Hardware	53.0	True
451	Widget 451	Electronics	55.33	False
452	Widget 452	Misc	57.67	True
453	Widget 453	Tools	60.0	False
454	Widget 454	Office	62.33	True
455	Widget 455	Hardware	64.67	False
456	Widget 456	Electronics	67.0	True
457	Widget 457	Misc	69.33	False
458	Widget 458	Tools	71.67	True
459	Widget 459	Office	74.0	False
460	Widget 460	Hardware	76.33	True
461	Widget 461	Electronics	78.67	False
462	Widget 462	Misc	81.0	True
463	Widget 463	Tools	83.33	False
464	Widget 464	Office	85.67	True
465	Widget 465	Hardware	88.0	False
466	Widget 466	Electronics	90.33	True
467	Widget 467	Misc	92.67	False
468	Widget 468	Tools	95.0	True
469	Widget 469	Office	97.33	False
470	Widget 470	Hardware	99.67	True
471	Widget 471	Electronics	102.0	False
472	Widget 472	Misc	104.33	True
473	Widget 473	Tools	106.67	False
474	Widget 474	Office	109.0	True
475	Widget 475	Hardware	111.33	False
476	Widget 476	Electronics	113.67	True
477	Widget 477	Misc	116.0	False
478	Widget 478	Tools	118.33	True
479	Widget 479	Office	120.67	False
480	Widget 480	Hardware	123.0	True
481	Widget 481	Electronics	125.33	False
482	Widget 482	Misc	127.67	True
483	Widget 483	Tools	130.0	False
484	Widget 484	Office	132.33	True
485	Widget 485	Hardware	134.67	False
486	Widget 486	Electronics	137.0	True
487	Widget 487	Misc	139.33	False
488	Widget 488	Tools	141.67	True
489	Widget 489	Office	144.0	False
490	Widget 490	Hardware	146.33	True
491	Widget 491	Electronics	148.67	False
492	Widget 492	Misc	151.0	True
493	Widget 493	Tools	153.33	False
494	Widget 494	Office	155.67	True
495	Widget 495	Hardware	158.0	False
496	Widget 496	Electronics	160.33	True
497	Widget 497	Misc	162.67	False
498	Widget 498	Tools	165.0	True
499	Widget 499	Office	167.33	False
500	Widget 500	Hardware	3.0	True
501	Widget 501	Electronics	5.33	False
502	Widget 502	Misc	7.67	True
503	Widget 503	Tools	10.0	False
504	Widget 504	Office	12.33	True
505	Widget 505	Hardware	14.67	False
506	Widget 506	Electronics	17.0	True
507	Widget 507	Misc	19.33	False
508	Widget 508	Tools	21.67	True
509	Widget 509	Office	24.0	False
510	Widget 510	Hardware	26.33	True
511	Widget 511	Electronics	28.67	False
512	Widget 512	Misc	31.0	True
513	Widget 513	Tools	33.33	False
514	Widget 514	Office	35.67	True
515	Widget 515	Hardware	38.0	False
516	Widget 516	Electronics	40.33	True
517	Widget 517	Misc	42.67	False
518	Widget 518	Tools	45.0	True
519	Widget 519	Office	47.33	False
520	Widget 520	Hardware	49.67	True
521	Widget 521	Electronics	52.0	False
522	Widget 522	Misc	54.33	True
523	Widget 523	Tools	56.67	False
524	Widget 524	Office	59.0	True
525	Widget 525	Hardware	61.33	False
526	Widget 526	Electronics	63.67	True
527	Widget 527	Misc	66.0	False
528	Widget 528	Tools	68.33	True
529	Widget 529	Office	70.67	False
530	Widget 530	Hardware	73.0	True
531	Widget 531	Electronics	75.33	False
532	Widget 532	Misc	77.67	True
533	Widget 533	Tools	80.0	False
534	Widget 534	Office	82.33	True
535	Widget 535	Hardware	84.67	False
536	Widget 536	Electronics	87.0	True
537	Widget 537	Misc	89.33	False
538	Widget 538	Tools	91.67	True
539	Widget 539	Office	94.0	False
540	Widget 540	Hardware	96.33	True
541	Widget 541	Electronics	98.67	False
542	Widget 542	Misc	101.0	True
543	Widget 543	Tools	103.33	False
544	Widget 544	Office	105.67	True
545	Widget 545	Hardware	108.0	False
546	Widget 546	Electronics	110.33	True
547	Widget 547	Misc	112.67	False
548	Widget 548	Tools	115.0	True
549	Widget 549	Office	117.33	False
550	Widget 550	Hardware	119.67	True
551	Widget 551	Electronics	122.0	False
552	Widget 552	Misc	124.33	True
553	Widget 553	Tools	126.67	False
554	Widget 554	Office	129.0	True
555	Widget 555	Hardware	131.33	False
556	Widget 556	Electronics	133.67	True
557	Widget 557	Misc	136.0	False
558	Widget 558	Tools	138.33	True
559	Widget 559	Office	140.67	False
560	Widget 560	Hardware	143.0	True
561	Widget 561	Electronics	145.33	False
562	Widget 562	Misc	147.67	True
563	Widget 563	Tools	150.0	False
564	Widget 564	Office	152.33	True
565	Widget 565	Hardware	154.67	False
566	Widget 566	Electronics	157.0	True
567	Widget 567	Misc	159.33	False
568	Widget 568	Tools	161.67	True
569	Widget 569	Office	164.0	False
570	Widget 570	Hardware	166.33	True
571	Widget 571	Electronics	168.67	False
572	Widget 572	Misc	4.33	True
573	Widget 573	Tools	6.67	False
574	Widget 574	Office	9.0	True
575	Widget 575	Hardware	11.33	False
576	Widget 576	Electronics	13.67	True
577	Widget 577	Misc	16.0	False
578	Widget 578	Tools	18.33	True
579	Widget 579	Office	20.67	False
580	Widget 580	Hardware	23.0	True
581	Widget 581	Electronics	25.33	False
582	Widget 582	Misc	27.67	True
583	Widget 583	Tools	30.0	False
584	Widget 584	Office	32.33	True
585	Widget 585	Hardware	34.67	False
586	Widget 586	Electronics	37.0	True
587	Widget 587	Misc	39.33	False
588	Widget 588	Tools	41.67	True
589	Widget 589	Office	44.0	False
590	Widget 590	Hardware	46.33	True
591	Widget 591	Electronics	48.67	False
592	Widget 592	Misc	51.0	True
593	Widget 593	Tools	53.33	False
594	Widget 594	Office	55.67	True
595	Widget 595	Hardware	58.0	False
596	Widget 596	Electronics	60.33	True
597	Widget 597	Misc	62.67	False
598	Widget 598	Tools	65.0	True
599	Widget 599	Office	67.33	False
600	Widget 600	Hardware	69.67	True
601	Widget 601	Electronics	72.0	False
602	Widget 602	Misc	74.33	True
603	Widget 603	Tools	76.67	False
604	Widget 604	Office	79.0	True
605	Widget 605	Hardware	81.33	False
606	Widget 606	Electronics	83.67	True
607	Widget 607	Misc	86.0	False
608	Widget 608	Tools	88.33	True
609	Widget 609	Office	90.67	False
610	Widget 610	Hardware	93.0	True
611	Widget 611	Electronics	95.33	False
612	Widget 612	Misc	97.67	True
613	Widget 613	Tools	100.0	False
614	Widget 614	Office	102.33	True
615	Widget 615	Hardware	104.67	False
616	Widget 616	Electronics	107.0	True
617	Widget 617	Misc	109.33	False
618	Widget 618	Tools	111.67	True
619	Widget 619	Office	114.0	False
620	Widget 620	Hardware	116.33	True
621	Widget 621	Electronics	118.67	False
622	Widget 622	Misc	121.0	True
623	Widget 623	Tools	123.33	False
624	Widget 624	Office	125.67	True
625	Widget 625	Hardware	128.0	False
626	Widget 626	Electronics	130.33	True
627	Widget 627	Misc	132.67	False
628	Widget 628	Tools	135.0	True
629	Widget 629	Office	137.33	False
630	Widget 630	Hardware	139.67	True
631	Widget 631	Electronics	142.0	False
632	Widget 632	Misc	144.33	True
633	Widget 633	Tools	146.67	False
634	Widget 634	Office	149.0	True
635	Widget 635	Hardware	151.33	False
636	Widget 636	Electronics	153.67	True
637	Widget 637	Misc	156.0	False
638	Widget 638	Tools	158.33	True
639	Widget 639	Office	160.67	False
640	Widget 640	Hardware	163.0	True
641	Widget 641	Electronics	165.33	False
642	Widget 642	Misc	167.67	True
643	Widget 643	Tools	3.33	False
644	Widget 644	Office	5.67	True
645	Widget 645	Hardware	8.0	False
646	Widget 646	Electronics	10.33	True
647	Widget 647	Misc	12.67	False
648	Widget 648	Tools	15.0	True
649	Widget 649	Office	17.33	False
650	Widget 650	Hardware	19.67	True
651	Widget 651	Electronics	22.0	False
652	Widget 652	Misc	24.33	True
653	Widget 653	Tools	26.67	False
654	Widget 654	Office	29.0	True
655	Widget 655	Hardware	31.33	False
656	Widget 656	Electronics	33.67	True
657	Widget 657	Misc	36.0	False
658	Widget 658	Tools	38.33	True
659	Widget 659	Office	40.67	False
660	Widget 660	Hardware	43.0	True
661	Widget 661	Electronics	45.33	False
662	Widget 662	Misc	47.67	True
663	Widget 663	Tools	50.0	False
664	Widget 664	Office	52.33	True
665	Widget 665	Hardware	54.67	False
666	Widget 666	Electronics	57.0	True
667	Widget 667	Misc	59.33	False
668	Widget 668	Tools	61.67	True
669	Widget 669	Office	64.0	False
670	Widget 670	Hardware	66.33	True
671	Widget 671	Electronics	68.67	False
672	Widget 672	Misc	71.0	True
673	Widget 673	Tools	73.33	False
674	Widget 674	Office	75.67	True
675	Widget 675	Hardware	78.0	False
676	Widget 676	Electronics	80.33	True
677	Widget 677	Misc	82.67	False
678	Widget 678	Tools	85.0	True
679	Widget 679	Office	87.33	False
680	Widget 680	Hardware	89.67	True
681	Widget 681	Electronics	92.0	False
682	Widget 682	Misc	94.33	True
683	Widget 683	Tools	96.67	False
684	Widget 684	Office	99.0	True
685	Widget 685	Hardware	101.33	False
686	Widget 686	Electronics	103.67	True
687	Widget 687	Misc	106.0	False
688	Widget 688	Tools	108.33	True
689	Widget 689	Office	110.67	False
690	Widget 690	Hardware	113.0	True
691	Widget 691	Electronics	115.33	False
692	Widget 692	Misc	117.67	True
693	Widget 693	Tools	120.0	False
694	Widget 694	Office	122.33	True
695	Widget 695	Hardware	124.67	False
696	Widget 696	Electronics	127.0	True
697	Widget 697	Misc	129.33	False
698	Widget 698	Tools	131.67	True
699	Widget 699	Office	134.0	False
700	Widget 700	Hardware	136.33	True
701	Widget 701	Electronics	138.67	False
702	Widget 702	Misc	141.0	True
703	Widget 703	Tools	143.33	False
704	Widget 704	Office	145.67	True
705	Widget 705	Hardware	148.0	False
706	Widget 706	Electronics	150.33	True
707	Widget 707	Misc	152.67	False
708	Widget 708	Tools	155.0	True
709	Widget 709	Office	157.33	False
710	Widget 710	Hardware	159.67	True
711	Widget 711	Electronics	162.0	False
712	Widget 712	Misc	164.33	True
713	Widget 713	Tools	166.67	False
714	Widget 714	Office	169.0	True
715	Widget 715	Hardware	4.67	False
716	Widget 716	Electronics	7.0	True
717	Widget 717	Misc	9.33	False
718	Widget 718	Tools	11.67	True
719	Widget 719	Office	14.0	False
720	Widget 720	Hardware	16.33	True
721	Widget 721	Electronics	18.67	False
722	Widget 722	Misc	21.0	True
723	Widget 723	Tools	23.33	False
724	Widget 724	Office	25.67	True
725	Widget 725	Hardware	28.0	False
726	Widget 726	Electronics	30.33	True
727	Widget 727	Misc	32.67	False
728	Widget 728	Tools	35.0	True
729	Widget 729	Office	37.33	False
730	Widget 730	Hardware	39.67	True
731	Widget 731	Electronics	42.0	False
732	Widget 732	Misc	44.33	True
733	Widget 733	Tools	46.67	False
734	Widget 734	Office	49.0	True
735	Widget 735	Hardware	51.33	False
736	Widget 736	Electronics	53.67	True
737	Widget 737	Misc	56.0	False
738	Widget 738	Tools	58.33	True
739	Widget 739	Office	60.67	False
740	Widget 740	Hardware	63.0	True
741	Widget 741	Electronics	65.33	False
742	Widget 742	Misc	67.67	True
743	Widget 743	Tools	70.0	False
744	Widget 744	Office	72.33	True
745	Widget 745	Hardware	74.67	False
746	Widget 746	Electronics	77.0	True
747	Widget 747	Misc	79.33	False
748	Widget 748	Tools	81.67	True
749	Widget 749	Office	84.0	False
750	Widget 750	Hardware	86.33	True
751	Widget 751	Electronics	88.67	False
752	Widget 752	Misc	91.0	True
753	Widget 753	Tools	93.33	False
754	Widget 754	Office	95.67	True
755	Widget 755	Hardware	98.0	False
756	Widget 756	Electronics	100.33	True
757	Widget 757	Misc	102.67	False
758	Widget 758	Tools	105.0	True
759	Widget 759	Office	107.33	False
760	Widget 760	Hardware	109.67	True
761	Widget 761	Electronics	112.0	False
762	Widget 762	Misc	114.33	True
763	Widget 763	Tools	116.67	False
764	Widget 764	Office	119.0	True
765	Widget 765	Hardware	121.33	False
766	Widget 766	Electronics	123.67	True
767	Widget 767	Misc	126.0	False
768	Widget 768	Tools	128.33	True
769	Widget 769	Office	130.67	False
770	Widget 770	Hardware	133.0	True
771	Widget 771	Electronics	135.33	False
772	Widget 772	Misc	137.67	True
773	Widget 773	Tools	140.0	False
774	Widget 774	Office	142.33	True
775	Widget 775	Hardware	144.67	False
776	Widget 776	Electronics	147.0	True
777	Widget 777	Misc	149.33	False
778	Widget 778	Tools	151.67	True
779	Widget 779	Office	154.0	False
780	Widget 780	Hardware	156.33	True
781	Widget 781	Electronics	158.67	False
782	Widget 782	Misc	161.0	True
783	Widget 783	Tools	163.33	False
784	Widget 784	Office	165.67	True
785	Widget 785	Hardware	168.0	False
786	Widget 786	Electronics	3.67	True
787	Widget 787	Misc	6.0	False
788	Widget 788	Tools	8.33	True
789	Widget 789	Office	10.67	False
790	Widget 790	Hardware	13.0	True
791	Widget 791	Electronics	15.33	False
792	Widget 792	Misc	17.67	True
793	Widget 793	Tools	20.0	False
794	Widget 794	Office	22.33	True
795	Widget 795	Hardware	24.67	False
796	Widget 796	Electronics	27.0	True
797	Widget 797	Misc	29.33	False
798	Widget 798	Tools	31.67	True
799	Widget 799	Office	34.0	False
800	Widget 800	Hardware	36.33	True
801	Widget 801	Electronics	38.67	False
802	Widget 802	Misc	41.0	True
803	Widget 803	Tools	43.33	False
804	Widget 804	Office	45.67	True
805	Widget 805	Hardware	48.0	False
806	Widget 806	Electronics	50.33	True
807	Widget 807	Misc	52.67	False
808	Widget 808	Tools	55.0	True
809	Widget 809	Office	57.33	False
810	Widget 810	Hardware	59.67	True
811	Widget 811	Electronics	62.0	False
812	Widget 812	Misc	64.33	True
813	Widget 813	Tools	66.67	False
814	Widget 814	Office	69.0	True
815	Widget 815	Hardware	71.33	False
816	Widget 816	Electronics	73.67	True
817	Widget 817	Misc	76.0	False
818	Widget 818	Tools	78.33	True
819	Widget 819	Office	80.67	False
820	Widget 820	Hardware	83.0	True
821	Widget 821	Electronics	85.33	False
822	Widget 822	Misc	87.67	True
823	Widget 823	Tools	90.0	False
824	Widget 824	Office	92.33	True
825	Widget 825	Hardware	94.67	False
826	Widget 826	Electronics	97.0	True
827	Widget 827	Misc	99.33	False
828	Widget 828	Tools	101.67	True
829	Widget 829	Office	104.0	False
830	Widget 830	Hardware	106.33	True
831	Widget 831	Electronics	108.67	False
832	Widget 832	Misc	111.0	True
833	Widget 833	Tools	113.33	False
834	Widget 834	Office	115.67	True
835	Widget 835	Hardware	118.0	False
836	Widget 836	Electronics	120.33	True
837	Widget 837	Misc	122.67	False
838	Widget 838	Tools	125.0	True
839	Widget 839	Office	127.33	False
840	Widget 840	Hardware	129.67	True
841	Widget 841	Electronics	132.0	False
842	Widget 842	Misc	134.33	True
843	Widget 843	Tools	136.67	False
844	Widget 844	Office	139.0	True
845	Widget 845	Hardware	141.33	False
846	Widget 846	Electronics	143.67	True
847	Widget 847	Misc	146.0	False
848	Widget 848	Tools	148.33	True
849	Widget 849	Office	150.67	False
850	Widget 850	Hardware	153.0	True
851	Widget 851	Electronics	155.33	False
852	Widget 852	Misc	157.67	True
853	Widget 853	Tools	160.0	False
854	Widget 854	Office	162.33	True
855	Widget 855	Hardware	164.67	False
856	Widget 856	Electronics	167.0	True
857	Widget 857	Misc	169.33	False
858	Widget 858	Tools	5.0	True
859	Widget 859	Office	7.33	False
860	Widget 860	Hardware	9.67	True
861	Widget 861	Electronics	12.0	False
862	Widget 862	Misc	14.33	True
863	Widget 863	Tools	16.67	False
864	Widget 864	Office	19.0	True
865	Widget 865	Hardware	21.33	False
866	Widget 866	Electronics	23.67	True
867	Widget 867	Misc	26.0	False
868	Widget 868	Tools	28.33	True
869	Widget 869	Office	30.67	False
870	Widget 870	Hardware	33.0	True
871	Widget 871	Electronics	35.33	False
872	Widget 872	Misc	37.67	True
873	Widget 873	Tools	40.0	False
874	Widget 874	Office	42.33	True
875	Widget 875	Hardware	44.67	False
876	Widget 876	Electronics	47.0	True
877	Widget 877	Misc	49.33	False
878	Widget 878	Tools	51.67	True
879	Widget 879	Office	54.0	False
880	Widget 880	Hardware	56.33	True
881	Widget 881	Electronics	58.67	False
882	Widget 882	Misc	61.0	True
883	Widget 883	Tools	63.33	False
884	Widget 884	Office	65.67	True
885	Widget 885	Hardware	68.0	False
886	Widget 886	Electronics	70.33	True
887	Widget 887	Misc	72.67	False
888	Widget 888	Tools	75.0	True
889	Widget 889	Office	77.33	False
890	Widget 890	Hardware	79.67	True
891	Widget 891	Electronics	82.0	False
892	Widget 892	Misc	84.33	True
893	Widget 893	Tools	86.67	False
894	Widget 894	Office	89.0	True
895	Widget 895	Hardware	91.33	False
896	Widget 896	Electronics	93.67	True
897	Widget 897	Misc	96.0	False
898	Widget 898	Tools	98.33	True
899	Widget 899	Office	100.67	False
900	Widget 900	Hardware	103.0	True
901	Widget 901	Electronics	105.33	False
902	Widget 902	Misc	107.67	True
903	Widget 903	Tools	110.0	False
904	Widget 904	Office	112.33	True
905	Widget 905	Hardware	114.67	False
906	Widget 906	Electronics	117.0	True
907	Widget 907	Misc	119.33	False
908	Widget 908	Tools	121.67	True
909	Widget 909	Office	124.0	False
910	Widget 910	Hardware	126.33	True
911	Widget 911	Electronics	128.67	False
912	Widget 912	Misc	131.0	True
913	Widget 913	Tools	133.33	False
914	Widget 914	Office	135.67	True
915	Widget 915	Hardware	138.0	False
916	Widget 916	Electronics	140.33	True
917	Widget 917	Misc	142.67	False
918	Widget 918	Tools	145.0	True
919	Widget 919	Office	147.33	False
920	Widget 920	Hardware	149.67	True
921	Widget 921	Electronics	152.0	False
922	Widget 922	Misc	154.33	True
923	Widget 923	Tools	156.67	False
924	Widget 924	Office	159.0	True
925	Widget 925	Hardware	161.33	False
926	Widget 926	Electronics	163.67	True
927	Widget 927	Misc	166.0	False
928	Widget 928	Tools	168.33	True
929	Widget 929	Office	4.0	False
930	Widget 930	Hardware	6.33	True
931	Widget 931	Electronics	8.67	False
932	Widget 932	Misc	11.0	True
933	Widget 933	Tools	13.33	False
934	Widget 934	Office	15.67	True
935	Widget 935	Hardware	18.0	False
936	Widget 936	Electronics	20.33	True
937	Widget 937	Misc	22.67	False
938	Widget 938	Tools	25.0	True
939	Widget 939	Office	27.33	False
940	Widget 940	Hardware	29.67	True
941	Widget 941	Electronics	32.0	False
942	Widget 942	Misc	34.33	True
943	Widget 943	Tools	36.67	False
944	Widget 944	Office	39.0	True
945	Widget 945	Hardware	41.33	False
946	Widget 946	Electronics	43.67	True
947	Widget 947	Misc	46.0	False
948	Widget 948	Tools	48.33	True
949	Widget 949	Office	50.67	False
950	Widget 950	Hardware	53.0	True
951	Widget 951	Electronics	55.33	False
952	Widget 952	Misc	57.67	True
953	Widget 953	Tools	60.0	False
954	Widget 954	Office	62.33	True
955	Widget 955	Hardware	64.67	False
956	Widget 956	Electronics	67.0	True
957	Widget 957	Misc	69.33	False
958	Widget 958	Tools	71.67	True
959	Widget 959	Office	74.0	False
960	Widget 960	Hardware	76.33	True
961	Widget 961	Electronics	78.67	False
962	Widget 962	Misc	81.0	True
963	Widget 963	Tools	83.33	False
964	Widget 964	Office	85.67	True
965	Widget 965	Hardware	88.0	False
966	Widget 966	Electronics	90.33	True
967	Widget 967	Misc	92.67	False
968	Widget 968	Tools	95.0	True
969	Widget 969	Office	97.33	False
970	Widget 970	Hardware	99.67	True
971	Widget 971	Electronics	102.0	False
972	Widget 972	Misc	104.33	True
973	Widget 973	Tools	106.67	False
974	Widget 974	Office	109.0	True
975	Widget 975	Hardware	111.33	False
976	Widget 976	Electronics	113.67	True
977	Widget 977	Misc	116.0	False
978	Widget 978	Tools	118.33	True
979	Widget 979	Office	120.67	False
980	Widget 980	Hardware	123.0	True
981	Widget 981	Electronics	125.33	False
982	Widget 982	Misc	127.67	True
983	Widget 983	Tools	130.0	False
984	Widget 984	Office	132.33	True
985	Widget 985	Hardware	134.67	False
986	Widget 986	Electronics	137.0	True
987	Widget 987	Misc	139.33	False
988	Widget 988	Tools	141.67	True
989	Widget 989	Office	144.0	False
990	Widget 990	Hardware	146.33	True
991	Widget 991	Electronics	148.67	False
992	Widget 992	Misc	151.0	True
993	Widget 993	Tools	153.33	False
994	Widget 994	Office	155.67	True
995	Widget 995	Hardware	158.0	False
996	Widget 996	Electronics	160.33	True
997	Widget 997	Misc	162.67	False
998	Widget 998	Tools	165.0	True
999	Widget 999	Office	167.33	False
1000	Widget 1000	Hardware	3.0	True
1001	Widget 1001	Electronics	5.33	False
1002	Widget 1002	Misc	7.67	True
1003	Widget 1003	Tools	10.0	False
1004	Widget 1004	Office	12.33	True
1005	Widget 1005	Hardware	14.67	False
1006	Widget 1006	Electronics	17.0	True
1007	Widget 1007	Misc	19.33	False
1008	Widget 1008	Tools	21.67	True
1009	Widget 1009	Office	24.0	False
1010	Widget 1010	Hardware	26.33	True
1011	Widget 1011	Electronics	28.67	False
1012	Widget 1012	Misc	31.0	True
1013	Widget 1013	Tools	33.33	False
1014	Widget 1014	Office	35.67	True
1015	Widget 1015	Hardware	38.0	False
1016	Widget 1016	Electronics	40.33	True
1017	Widget 1017	Misc	42.67	False
1018	Widget 1018	Tools	45.0	True
1019	Widget 1019	Office	47.33	False
1020	Widget 1020	Hardware	49.67	True
1021	Widget 1021	Electronics	52.0	False
1022	Widget 1022	Misc	54.33	True
1023	Widget 1023	Tools	56.67	False
1024	Widget 1024	Office	59.0	True
1025	Widget 1025	Hardware	61.33	False
1026	Widget 1026	Electronics	63.67	True
1027	Widget 1027	Misc	66.0	False
1028	Widget 1028	Tools	68.33	True
1029	Widget 1029	Office	70.67	False
1030	Widget 1030	Hardware	73.0	True
1031	Widget 1031	Electronics	75.33	False
1032	Widget 1032	Misc	77.67	True
1033	Widget 1033	Tools	80.0	False
1034	Widget 1034	Office	82.33	True
1035	Widget 1035	Hardware	84.67	False
1036	Widget 1036	Electronics	87.0	True
1037	Widget 1037	Misc	89.33	False
1038	Widget 1038	Tools	91.67	True
1039	Widget 1039	Office	94.0	False
1040	Widget 1040	Hardware	96.33	True
1041	Widget 1041	Electronics	98.67	False
1042	Widget 1042	Misc	101.0	True
1043	Widget 1043	Tools	103.33	False
1044	Widget 1044	Office	105.67	True
1045	Widget 1045	Hardware	108.0	False
1046	Widget 1046	Electronics	110.33	True
1047	Widget 1047	Misc	112.67	False
1048	Widget 1048	Tools	115.0	True
1049	Widget 1049	Office	117.33	False
1050	Widget 1050	Hardware	119.67	True
1051	Widget 1051	Electronics	122.0	False
1052	Widget 1052	Misc	124.33	True
1053	Widget 1053	Tools	126.67	False
1054	Widget 1054	Office	129.0	True
1055	Widget 1055	Hardware	131.33	False
1056	Widget 1056	Electronics	133.67	True
1057	Widget 1057	Misc	136.0	False
1058	Widget 1058	Tools	138.33	True
1059	Widget 1059	Office	140.67	False
1060	Widget 1060	Hardware	143.0	True
1061	Widget 1061	Electronics	145.33	False
1062	Widget 1062	Misc	147.67	True
1063	Widget 1063	Tools	150.0	False
1064	Widget 1064	Office	152.33	True
1065	Widget 1065	Hardware	154.67	False
1066	Widget 1066	Electronics	157.0	True
1067	Widget 1067	Misc	159.33	False
1068	Widget 1068	Tools	161.67	True
1069	Widget 1069	Office	164.0	False
1070	Widget 1070	Hardware	166.33	True
1071	Widget 1071	Electronics	168.67	False
1072	Widget 1072	Misc	4.33	True
1073	Widget 1073	Tools	6.67	False
1074	Widget 1074	Office	9.0	True
1075	Widget 1075	Hardware	11.33	False
1076	Widget 1076	Electronics	13.67	True
1077	Widget 1077	Misc	16.0	False
1078	Widget 1078	Tools	18.33	True
1079	Widget 1079	Office	20.67	False
1080	Widget 1080	Hardware	23.0	True
1081	Widget 1081	Electronics	25.33	False
1082	Widget 1082	Misc	27.67	True
1083	Widget 1083	Tools	30.0	False
1084	Widget 1084	Office	32.33	True
1085	Widget 1085	Hardware	34.67	False
1086	Widget 1086	Electronics	37.0	True
1087	Widget 1087	Misc	39.33	False
1088	Widget 1088	Tools	41.67	True
1089	Widget 1089	Office	44.0	False
1090	Widget 1090	Hardware	46.33	True
1091	Widget 1091	Electronics	48.67	False
1092	Widget 1092	Misc	51.0	True
1093	Widget 1093	Tools	53.33	False
1094	Widget 1094	Office	55.67	True
1095	Widget 1095	Hardware	58.0	False
1096	Widget 1096	Electronics	60.33	True
1097	Widget 1097	Misc	62.67	False
1098	Widget 1098	Tools	65.0	True
1099	Widget 1099	Office	67.33	False
1100	Widget 1100	Hardware	69.67	True
1101	Widget 1101	Electronics	72.0	False
1102	Widget 1102	Misc	74.33	True
1103	Widget 1103	Tools	76.67	False
1104	Widget 1104	Office	79.0	True
1105	Widget 1105	Hardware	81.33	False
1106	Widget 1106	Electronics	83.67	True
1107	Widget 1107	Misc	86.0	False
1108	Widget 1108	Tools	88.33	True
1109	Widget 1109	Office	90.67	False
1110	Widget 1110	Hardware	93.0	True
1111	Widget 1111	Electronics	95.33	False
1112	Widget 1112	Misc	97.67	True
1113	Widget 1113	Tools	100.0	False
1114	Widget 1114	Office	102.33	True
1115	Widget 1115	Hardware	104.67	False
1116	Widget 1116	Electronics	107.0	True
1117	Widget 1117	Misc	109.33	False
1118	Widget 1118	Tools	111.67	True
1119	Widget 1119	Office	114.0	False
1120	Widget 1120	Hardware	116.33	True
1121	Widget 1121	Electronics	118.67	False
1122	Widget 1122	Misc	121.0	True
1123	Widget 1123	Tools	123.33	False
1124	Widget 1124	Office	125.67	True
1125	Widget 1125	Hardware	128.0	False
1126	Widget 1126	Electronics	130.33	True
1127	Widget 1127	Misc	132.67	False
1128	Widget 1128	Tools	135.0	True
1129	Widget 1129	Office	137.33	False
1130	Widget 1130	Hardware	139.67	True
1131	Widget 1131	Electronics	142.0	False
1132	Widget 1132	Misc	144.33	True
1133	Widget 1133	Tools	146.67	False
1134	Widget 1134	Office	149.0	True
1135	Widget 1135	Hardware	151.33	False
1136	Widget 1136	Electronics	153.67	True
1137	Widget 1137	Misc	156.0	False
1138	Widget 1138	Tools	158.33	True
1139	Widget 1139	Office	160.67	False
1140	Widget 1140	Hardware	163.0	True
1141	Widget 1141	Electronics	165.33	False
1142	Widget 1142	Misc	167.67	True
1143	Widget 1143	Tools	3.33	False
1144	Widget 1144	Office	5.67	True
1145	Widget 1145	Hardware	8.0	False
1146	Widget 1146	Electronics	10.33	True
1147	Widget 1147	Misc	12.67	False
1148	Widget 1148	Tools	15.0	True
1149	Widget 1149	Office	17.33	False
1150	Widget 1150	Hardware	19.67	True
1151	Widget 1151	Electronics	22.0	False
1152	Widget 1152	Misc	24.33	True
1153	Widget 1153	Tools	26.67	False
1154	Widget 1154	Office	29.0	True
1155	Widget 1155	Hardware	31.33	False
1156	Widget 1156	Electronics	33.67	True
1157	Widget 1157	Misc	36.0	False
1158	Widget 1158	Tools	38.33	True
1159	Widget 1159	Office	40.67	False
1160	Widget 1160	Hardware	43.0	True
1161	Widget 1161	Electronics	45.33	False
1162	Widget 1162	Misc	47.67	True
1163	Widget 1163	Tools	50.0	False
1164	Widget 1164	Office	52.33	True
1165	Widget 1165	Hardware	54.67	False
1166	Widget 1166	Electronics	57.0	True
1167	Widget 1167	Misc	59.33	False
1168	Widget 1168	Tools	61.67	True
1169	Widget 1169	Office	64.0	False
1170	Widget 1170	Hardware	66.33	True
1171	Widget 1171	Electronics	68.67	False
1172	Widget 1172	Misc	71.0	True
1173	Widget 1173	Tools	73.33	False
1174	Widget 1174	Office	75.67	True
1175	Widget 1175	Hardware	78.0	False
1176	Widget 1176	Electronics	80.33	True
1177	Widget 1177	Misc	82.67	False
1178	Widget 1178	Tools	85.0	True
1179	Widget 1179	Office	87.33	False
1180	Widget 1180	Hardware	89.67	True
1181	Widget 1181	Electronics	92.0	False
1182	Widget 1182	Misc	94.33	True
1183	Widget 1183	Tools	96.67	False
1184	Widget 1184	Office	99.0	True
1185	Widget 1185	Hardware	101.33	False
1186	Widget 1186	Electronics	103.67	True
1187	Widget 1187	Misc	106.0	False
1188	Widget 1188	Tools	108.33	True
1189	Widget 1189	Office	110.67	False
1190	Widget 1190	Hardware	113.0	True
1191	Widget 1191	Electronics	115.33	False
1192	Widget 1192	Misc	117.67	True
1193	Widget 1193	Tools	120.0	False
1194	Widget 1194	Office	122.33	True
1195	Widget 1195	Hardware	124.67	False
1196	Widget 1196	Electronics	127.0	True
1197	Widget 1197	Misc	129.33	False
1198	Widget 1198	Tools	131.67	True
1199	Widget 1199	Office	134.0	False
1200	Widget 1200	Hardware	136.33	True
1201	Widget 1201	Electronics	138.67	False
1202	Widget 1202	Misc	141.0	True
1203	Widget 1203	Tools	143.33	False
1204	Widget 1204	Office	145.67	True
1205	Widget 1205	Hardware	148.0	False
1206	Widget 1206	Electronics	150.33	True
1207	Widget 1207	Misc	152.67	False
1208	Widget 1208	Tools	155.0	True
1209	Widget 1209	Office	157.33	False
1210	Widget 1210	Hardware	159.67	True
1211	Widget 1211	Electronics	162.0	False
1212	Widget 1212	Misc	164.33	True
1213	Widget 1213	Tools	166.67	False
1214	Widget 1214	Office	169.0	True
1215	Widget 1215	Hardware	4.67	False
1216	Widget 1216	Electronics	7.0	True
1217	Widget 1217	Misc	9.33	False
1218	Widget 1218	Tools	11.67	True
1219	Widget 1219	Office	14.0	False
1220	Widget 1220	Hardware	16.33	True
1221	Widget 1221	Electronics	18.67	False
1222	Widget 1222	Misc	21.0	True
1223	Widget 1223	Tools	23.33	False
1224	Widget 1224	Office	25.67	True
1225	Widget 1225	Hardware	28.0	False
1226	Widget 1226	Electronics	30.33	True
1227	Widget 1227	Misc	32.67	False
1228	Widget 1228	Tools	35.0	True
1229	Widget 1229	Office	37.33	False
1230	Widget 1230	Hardware	39.67	True
1231	Widget 1231	Electronics	42.0	False
1232	Widget 1232	Misc	44.33	True
1233	Widget 1233	Tools	46.67	False
1234	Widget 1234	Office	49.0	True
1235	Widget 1235	Hardware	51.33	False
1236	Widget 1236	Electronics	53.67	True
1237	Widget 1237	Misc	56.0	False
1238	Widget 1238	Tools	58.33	True
1239	Widget 1239	Office	60.67	False
1240	Widget 1240	Hardware	63.0	True
1241	Widget 1241	Electronics	65.33	False
1242	Widget 1242	Misc	67.67	True
1243	Widget 1243	Tools	70.0	False
1244	Widget 1244	Office	72.33	True
1245	Widget 1245	Hardware	74.67	False
1246	Widget 1246	Electronics	77.0	True
1247	Widget 1247	Misc	79.33	False
1248	Widget 1248	Tools	81.67	True
1249	Widget 1249	Office	84.0	False
1250	Widget 1250	Hardware	86.33	True
1251	Widget 1251	Electronics	88.67	False
1252	Widget 1252	Misc	91.0	True
1253	Widget 1253	Tools	93.33	False
1254	Widget 1254	Office	95.67	True
1255	Widget 1255	Hardware	98.0	False
1256	Widget 1256	Electronics	100.33	True
1257	Widget 1257	Misc	102.67	False
1258	Widget 1258	Tools	105.0	True
1259	Widget 1259	Office	107.33	False
1260	Widget 1260	Hardware	109.67	True
1261	Widget 1261	Electronics	112.0	False
1262	Widget 1262	Misc	114.33	True
1263	Widget 1263	Tools	116.67	False
1264	Widget 1264	Office	119.0	True
1265	Widget 1265	Hardware	121.33	False
1266	Widget 1266	Electronics	123.67	True
1267	Widget 1267	Misc	126.0	False
1268	Widget 1268	Tools	128.33	True
1269	Widget 1269	Office	130.67	False
1270	Widget 1270	Hardware	133.0	True
1271	Widget 1271	Electronics	135.33	False
1272	Widget 1272	Misc	137.67	True
1273	Widget 1273	Tools	140.0	False
1274	Widget 1274	Office	142.33	True
1275	Widget 1275	Hardware	144.67	False
1276	Widget 1276	Electronics	147.0	True
1277	Widget 1277	Misc	149.33	False
1278	Widget 1278	Tools	151.67	True
1279	Widget 1279	Office	154.0	False
1280	Widget 1280	Hardware	156.33	True
1281	Widget 1281	Electronics	158.67	False
1282	Widget 1282	Misc	161.0	True
1283	Widget 1283	Tools	163.33	False
1284	Widget 1284	Office	165.67	True
1285	Widget 1285	Hardware	168.0	False
1286	Widget 1286	Electronics	3.67	True
1287	Widget 1287	Misc	6.0	False
1288	Widget 1288	Tools	8.33	True
1289	Widget 1289	Office	10.67	False
1290	Widget 1290	Hardware	13.0	True
1291	Widget 1291	Electronics	15.33	False
1292	Widget 1292	Misc	17.67	True
1293	Widget 1293	Tools	20.0	False
1294	Widget 1294	Office	22.33	True
1295	Widget 1295	Hardware	24.67	False
1296	Widget 1296	Electronics	27.0	True
1297	Widget 1297	Misc	29.33	False
1298	Widget 1298	Tools	31.67	True
1299	Widget 1299	Office	34.0	False
1300	Widget 1300	Hardware	36.33	True
1301	Widget 1301	Electronics	38.67	False
1302	Widget 1302	Misc	41.0	True
1303	Widget 1303	Tools	43.33	False
1304	Widget 1304	Office	45.67	True
1305	Widget 1305	Hardware	48.0	False
1306	Widget 1306	Electronics	50.33	True
1307	Widget 1307	Misc	52.67	False
1308	Widget 1308	Tools	55.0	True
1309	Widget 1309	Office	57.33	False
1310	Widget 1310	Hardware	59.67	True
1311	Widget 1311	Electronics	62.0	False
1312	Widget 1312	Misc	64.33	True
1313	Widget 1313	Tools	66.67	False
1314	Widget 1314	Office	69.0	True
1315	Widget 1315	Hardware	71.33	False
1316	Widget 1316	Electronics	73.67	True
1317	Widget 1317	Misc	76.0	False
1318	Widget 1318	Tools	78.33	True
1319	Widget 1319	Office	80.67	False
1320	Widget 1320	Hardware	83.0	True
1321	Widget 1321	Electronics	85.33	False
1322	Widget 1322	Misc	87.67	True
1323	Widget 1323	Tools	90.0	False
1324	Widget 1324	Office	92.33	True
1325	Widget 1325	Hardware	94.67	False
1326	Widget 1326	Electronics	97.0	True
1327	Widget 1327	Misc	99.33	False
1328	Widget 1328	Tools	101.67	True
1329	Widget 1329	Office	104.0	False
1330	Widget 1330	Hardware	106.33	True
1331	Widget 1331	Electronics	108.67	False
1332	Widget 1332	Misc	111.0	True
1333	Widget 1333	Tools	113.33	False
1334	Widget 1334	Office	115.67	True
1335	Widget 1335	Hardware	118.0	False
1336	Widget 1336	Electronics	120.33	True
1337	Widget 1337	Misc	122.67	False
1338	Widget 1338	Tools	125.0	True
1339	Widget 1339	Office	127.33	False
1340	Widget 1340	Hardware	129.67	True
1341	Widget 1341	Electronics	132.0	False
1342	Widget 1342	Misc	134.33	True
1343	Widget 1343	Tools	136.67	False
1344	Widget 1344	Office	139.0	True
1345	Widget 1345	Hardware	141.33	False
1346	Widget 1346	Electronics	143.67	True
1347	Widget 1347	Misc	146.0	False
1348	Widget 1348	Tools	148.33	True
1349	Widget 1349	Office	150.67	False
1350	Widget 1350	Hardware	153.0	True
1351	Widget 1351	Electronics	155.33	False
1352	Widget 1352	Misc	157.67	True
1353	Widget 1353	Tools	160.0	False
1354	Widget 1354	Office	162.33	True
1355	Widget 1355	Hardware	164.67	False
1356	Widget 1356	Electronics	167.0	True
1357	Widget 1357	Misc	169.33	False
1358	Widget 1358	Tools	5.0	True
1359	Widget 1359	Office	7.33	False
1360	Widget 1360	Hardware	9.67	True
1361	Widget 1361	Electronics	12.0	False
1362	Widget 1362	Misc	14.33	True
1363	Widget 1363	Tools	16.67	False
1364	Widget 1364	Office	19.0	True
1365	Widget 1365	Hardware	21.33	False
1366	Widget 1366	Electronics	23.67	True
1367	Widget 1367	Misc	26.0	False
1368	Widget 1368	Tools	28.33	True
1369	Widget 1369	Office	30.67	False
1370	Widget 1370	Hardware	33.0	True
1371	Widget 1371	Electronics	35.33	False
1372	Widget 1372	Misc	37.67	True
1373	Widget 1373	Tools	40.0	False
1374	Widget 1374	Office	42.33	True
1375	Widget 1375	Hardware	44.67	False
1376	Widget 1376	Electronics	47.0	True
1377	Widget 1377	Misc	49.33	False
1378	Widget 1378	Tools	51.67	True
1379	Widget 1379	Office	54.0	False
1380	Widget 1380	Hardware	56.33	True
1381	Widget 1381	Electronics	58.67	False
1382	Widget 1382	Misc	61.0	True
1383	Widget 1383	Tools	63.33	False
1384	Widget 1384	Office	65.67	True
1385	Widget 1385	Hardware	68.0	False
1386	Widget 1386	Electronics	70.33	True
1387	Widget 1387	Misc	72.67	False
1388	Widget 1388	Tools	75.0	True
1389	Widget 1389	Office	77.33	False
1390	Widget 1390	Hardware	79.67	True
1391	Widget 1391	Electronics	82.0	False
1392	Widget 1392	Misc	84.33	True
1393	Widget 1393	Tools	86.67	False
1394	Widget 1394	Office	89.0	True
1395	Widget 1395	Hardware	91.33	False
1396	Widget 1396	Electronics	93.67	True
1397	Widget 1397	Misc	96.0	False
1398	Widget 1398	Tools	98.33	True
1399	Widget 1399	Office	100.67	False
1400	Widget 1400	Hardware	103.0	True
1401	Widget 1401	Electronics	105.33	False
1402	Widget 1402	Misc	107.67	True
1403	Widget 1403	Tools	110.0	False
1404	Widget 1404	Office	112.33	True
1405	Widget 1405	Hardware	114.67	False
1406	Widget 1406	Electronics	117.0	True
1407	Widget 1407	Misc	119.33	False
1408	Widget 1408	Tools	121.67	True
1409	Widget 1409	Office	124.0	False
1410	Widget 1410	Hardware	126.33	True
1411	Widget 1411	Electronics	128.67	False
1412	Widget 1412	Misc	131.0	True
1413	Widget 1413	Tools	133.33	False
1414	Widget 1414	Office	135.67	True
1415	Widget 1415	Hardware	138.0	False
1416	Widget 1416	Electronics	140.33	True
1417	Widget 1417	Misc	142.67	False
1418	Widget 1418	Tools	145.0	True
1419	Widget 1419	Office	147.33	False
1420	Widget 1420	Hardware	149.67	True
1421	Widget 1421	Electronics	152.0	False
1422	Widget 1422	Misc	154.33	True
1423	Widget 1423	Tools	156.67	False
1424	Widget 1424	Office	159.0	True
1425	Widget 1425	Hardware	161.33	False
1426	Widget 1426	Electronics	163.67	True
1427	Widget 1427	Misc	166.0	False
1428	Widget 1428	Tools	168.33	True
1429	Widget 1429	Office	4.0	False
1430	Widget 1430	Hardware	6.33	True
1431	Widget 1431	Electronics	8.67	False
1432	Widget 1432	Misc	11.0	True
1433	Widget 1433	Tools	13.33	False
1434	Widget 1434	Office	15.67	True
1435	Widget 1435	Hardware	18.0	False
1436	Widget 1436	Electronics	20.33	True
1437	Widget 1437	Misc	22.67	False
1438	Widget 1438	Tools	25.0	True
1439	Widget 1439	Office	27.33	False
1440	Widget 1440	Hardware	29.67	True
1441	Widget 1441	Electronics	32.0	False
1442	Widget 1442	Misc	34.33	True
1443	Widget 1443	Tools	36.67	False
1444	Widget 1444	Office	39.0	True
1445	Widget 1445	Hardware	41.33	False
1446	Widget 1446	Electronics	43.67	True
1447	Widget 1447	Misc	46.0	False
1448	Widget 1448	Tools	48.33	True
1449	Widget 1449	Office	50.67	False
1450	Widget 1450	Hardware	53.0	True
1451	Widget 1451	Electronics	55.33	False
1452	Widget 1452	Misc	57.67	True
1453	Widget 1453	Tools	60.0	False
1454	Widget 1454	Office	62.33	True
1455	Widget 1455	Hardware	64.67	False
1456	Widget 1456	Electronics	67.0	True
1457	Widget 1457	Misc	69.33	False
1458	Widget 1458	Tools	71.67	True
1459	Widget 1459	Office	74.0	False
1460	Widget 1460	Hardware	76.33	True
1461	Widget 1461	Electronics	78.67	False
1462	Widget 1462	Misc	81.0	True
1463	Widget 1463	Tools	83.33	False
1464	Widget 1464	Office	85.67	True
1465	Widget 1465	Hardware	88.0	False
1466	Widget 1466	Electronics	90.33	True
1467	Widget 1467	Misc	92.67	False
1468	Widget 1468	Tools	95.0	True
1469	Widget 1469	Office	97.33	False
1470	Widget 1470	Hardware	99.67	True
1471	Widget 1471	Electronics	102.0	False
1472	Widget 1472	Misc	104.33	True
1473	Widget 1473	Tools	106.67	False
1474	Widget 1474	Office	109.0	True
1475	Widget 1475	Hardware	111.33	False
1476	Widget 1476	Electronics	113.67	True
1477	Widget 1477	Misc	116.0	False
1478	Widget 1478	Tools	118.33	True
1479	Widget 1479	Office	120.67	False
1480	Widget 1480	Hardware	123.0	True
1481	Widget 1481	Electronics	125.33	False
1482	Widget 1482	Misc	127.67	True
1483	Widget 1483	Tools	130.0	False
1484	Widget 1484	Office	132.33	True
1485	Widget 1485	Hardware	134.67	False
1486	Widget 1486	Electronics	137.0	True
1487	Widget 1487	Misc	139.33	False
1488	Widget 1488	Tools	141.67	True
1489	Widget 1489	Office	144.0	False
1490	Widget 1490	Hardware	146.33	True
1491	Widget 1491	Electronics	148.67	False
1492	Widget 1492	Misc	151.0	True
1493	Widget 1493	Tools	153.33	False
1494	Widget 1494	Office	155.67	True
1495	Widget 1495	Hardware	158.0	False
1496	Widget 1496	Electronics	160.33	True
1497	Widget 1497	Misc	162.67	False
1498	Widget 1498	Tools	165.0	True
1499	Widget 1499	Office	167.33	False
1500	Widget 1500	Hardware	3.0	True
1501	Widget 1501	Electronics	5.33	False
1502	Widget 1502	Misc	7.67	True
1503	Widget 1503	Tools	10.0	False
1504	Widget 1504	Office	12.33	True
1505	Widget 1505	Hardware	14.67	False
1506	Widget 1506	Electronics	17.0	True
1507	Widget 1507	Misc	19.33	False
1508	Widget 1508	Tools	21.67	True
1509	Widget 1509	Office	24.0	False
1510	Widget 1510	Hardware	26.33	True
1511	Widget 1511	Electronics	28.67	False
1512	Widget 1512	Misc	31.0	True
1513	Widget 1513	Tools	33.33	False
1514	Widget 1514	Office	35.67	True
1515	Widget 1515	Hardware	38.0	False
1516	Widget 1516	Electronics	40.33	True
1517	Widget 1517	Misc	42.67	False
1518	Widget 1518	Tools	45.0	True
1519	Widget 1519	Office	47.33	False
1520	Widget 1520	Hardware	49.67	True
1521	Widget 1521	Electronics	52.0	False
1522	Widget 1522	Misc	54.33	True
1523	Widget 1523	Tools	56.67	False
1524	Widget 1524	Office	59.0	True
1525	Widget 1525	Hardware	61.33	False
1526	Widget 1526	Electronics	63.67	True
1527	Widget 1527	Misc	66.0	False
1528	Widget 1528	Tools	68.33	True
1529	Widget 1529	Office	70.67	False
1530	Widget 1530	Hardware	73.0	True
1531	Widget 1531	Electronics	75.33	False
1532	Widget 1532	Misc	77.67	True
1533	Widget 1533	Tools	80.0	False
1534	Widget 1534	Office	82.33	True
1535	Widget 1535	Hardware	84.67	False
1536	Widget 1536	Electronics	87.0	True
1537	Widget 1537	Misc	89.33	False
1538	Widget 1538	Tools	91.67	True
1539	Widget 1539	Office	94.0	False
1540	Widget 1540	Hardware	96.33	True
1541	Widget 1541	Electronics	98.67	False
1542	Widget 1542	Misc	101.0	True
1543	Widget 1543	Tools	103.33	False
1544	Widget 1544	Office	105.67	True
1545	Widget 1545	Hardware	108.0	False
1546	Widget 1546	Electronics	110.33	True
1547	Widget 1547	Misc	112.67	False
1548	Widget 1548	Tools	115.0	True
1549	Widget 1549	Office	117.33	False
1550	Widget 1550	Hardware	119.67	True
1551	Widget 1551	Electronics	122.0	False
1552	Widget 1552	Misc	124.33	True
1553	Widget 1553	Tools	126.67	False
1554	Widget 1554	Office	129.0	True
1555	Widget 1555	Hardware	131.33	False
1556	Widget 1556	Electronics	133.67	True
1557	Widget 1557	Misc	136.0	False
1558	Widget 1558	Tools	138.33	True
1559	Widget 1559	Office	140.67	False
1560	Widget 1560	Hardware	143.0	True
1561	Widget 1561	Electronics	145.33	False
1562	Widget 1562	Misc	147.67	True
1563	Widget 1563	Tools	150.0	False
1564	Widget 1564	Office	152.33	True
1565	Widget 1565	Hardware	154.67	False
1566	Widget 1566	Electronics	157.0	True
1567	Widget 1567	Misc	159.33	False
1568	Widget 1568	Tools	161.67	True
1569	Widget 1569	Office	164.0	False
1570	Widget 1570	Hardware	166.33	True
1571	Widget 1571	Electronics	168.67	False
1572	Widget 1572	Misc	4.33	True
1573	Widget 1573	Tools	6.67	False
1574	Widget 1574	Office	9.0	True
1575	Widget 1575	Hardware	11.33	False
1576	Widget 1576	Electronics	13.67	True
1577	Widget 1577	Misc	16.0	False
1578	Widget 1578	Tools	18.33	True
1579	Widget 1579	Office	20.67	False
1580	Widget 1580	Hardware	23.0	True
1581	Widget 1581	Electronics	25.33	False
1582	Widget 1582	Misc	27.67	True
1583	Widget 1583	Tools	30.0	False
1584	Widget 1584	Office	32.33	True
1585	Widget 1585	Hardware	34.67	False
1586	Widget 1586	Electronics	37.0	True
1587	Widget 1587	Misc	39.33	False
1588	Widget 1588	Tools	41.67	True
1589	Widget 1589	Office	44.0	False
1590	Widget 1590	Hardware	46.33	True
1591	Widget 1591	Electronics	48.67	False
1592	Widget 1592	Misc	51.0	True
1593	Widget 1593	Tools	53.33	False
1594	Widget 1594	Office	55.67	True
1595	Widget 1595	Hardware	58.0	False
1596	Widget 1596	Electronics	60.33	True
1597	Widget 1597	Misc	62.67	False
1598	Widget 1598	Tools	65.0	True
1599	Widget 1599	Office	67.33	False
1600	Widget 1600	Hardware	69.67	True
1601	Widget 1601	Electronics	72.0	False
1602	Widget 1602	Misc	74.33	True
1603	Widget 1603	Tools	76.67	False
1604	Widget 1604	Office	79.0	True
1605	Widget 1605	Hardware	81.33	False
1606	Widget 1606	Electronics	83.67	True
1607	Widget 1607	Misc	86.0	False
1608	Widget 1608	Tools	88.33	True
1609	Widget 1609	Office	90.67	False
1610	Widget 1610	Hardware	93.0	True
1611	Widget 1611	Electronics	95.33	False
1612	Widget 1612	Misc	97.67	True
1613	Widget 1613	Tools	100.0	False
1614	Widget 1614	Office	102.33	True
1615	Widget 1615	Hardware	104.67	False
1616	Widget 1616	Electronics	107.0	True
1617	Widget 1617	Misc	109.33	False
1618	Widget 1618	Tools	111.67	True
1619	Widget 1619	Office	114.0	False
1620	Widget 1620	Hardware	116.33	True
1621	Widget 1621	Electronics	118.67	False
1622	Widget 1622	Misc	121.0	True
1623	Widget 1623	Tools	123.33	False
1624	Widget 1624	Office	125.67	True
1625	Widget 1625	Hardware	128.0	False
1626	Widget 1626	Electronics	130.33	True
1627	Widget 1627	Misc	132.67	False
1628	Widget 1628	Tools	135.0	True
1629	Widget 1629	Office	137.33	False
1630	Widget 1630	Hardware	139.67	True
1631	Widget 1631	Electronics	142.0	False
1632	Widget 1632	Misc	144.33	True
1633	Widget 1633	Tools	146.67	False
1634	Widget 1634	Office	149.0	True
1635	Widget 1635	Hardware	151.33	False
1636	Widget 1636	Electronics	153.67	True
1637	Widget 1637	Misc	156.0	False
1638	Widget 1638	Tools	158.33	True
1639	Widget 1639	Office	160.67	False
1640	Widget 1640	Hardware	163.0	True
1641	Widget 1641	Electronics	165.33	False
1642	Widget 1642	Misc	167.67	True
1643	Widget 1643	Tools	3.33	False
1644	Widget 1644	Office	5.67	True
1645	Widget 1645	Hardware	8.0	False
1646	Widget 1646	Electronics	10.33	True
1647	Widget 1647	Misc	12.67	False
1648	Widget 1648	Tools	15.0	True
1649	Widget 1649	Office	17.33	False
1650	Widget 1650	Hardware	19.67	True
1651	Widget 1651	Electronics	22.0	False
1652	Widget 1652	Misc	24.33	True
1653	Widget 1653	Tools	26.67	False
1654	Widget 1654	Office	29.0	True
1655	Widget 1655	Hardware	31.33	False
1656	Widget 1656	Electronics	33.67	True
1657	Widget 1657	Misc	36.0	False
1658	Widget 1658	Tools	38.33	True
1659	Widget 1659	Office	40.67	False
1660	Widget 1660	Hardware	43.0	True
1661	Widget 1661	Electronics	45.33	False
1662	Widget 1662	Misc	47.67	True
1663	Widget 1663	Tools	50.0	False
1664	Widget 1664	Office	52.33	True
1665	Widget 1665	Hardware	54.67	False
1666	Widget 1666	Electronics	57.0	True
1667	Widget 1667	Misc	59.33	False
1668	Widget 1668	Tools	61.67	True
1669	Widget 1669	Office	64.0	False
1670	Widget 1670	Hardware	66.33	True
1671	Widget 1671	Electronics	68.67	False
1672	Widget 1672	Misc	71.0	True
1673	Widget 1673	Tools	73.33	False
1674	Widget 1674	Office	75.67	True
1675	Widget 1675	Hardware	78.0	False
1676	Widget 1676	Electronics	80.33	True
1677	Widget 1677	Misc	82.67	False
1678	Widget 1678	Tools	85.0	True
1679	Widget 1679	Office	87.33	False
1680	Widget 1680	Hardware	89.67	True
1681	Widget 1681	Electronics	92.0	False
1682	Widget 1682	Misc	94.33	True
1683	Widget 1683	Tools	96.67	False
1684	Widget 1684	Office	99.0	True
1685	Widget 1685	Hardware	101.33	False
1686	Widget 1686	Electronics	103.67	True
1687	Widget 1687	Misc	106.0	False
1688	Widget 1688	Tools	108.33	True
1689	Widget 1689	Office	110.67	False
1690	Widget 1690	Hardware	113.0	True
1691	Widget 1691	Electronics	115.33	False
1692	Widget 1692	Misc	117.67	True
1693	Widget 1693	Tools	120.0	False
1694	Widget 1694	Office	122.33	True
1695	Widget 1695	Hardware	124.67	False
1696	Widget 1696	Electronics	127.0	True
1697	Widget 1697	Misc	129.33	False
1698	Widget 1698	Tools	131.67	True
1699	Widget 1699	Office	134.0	False
1700	Widget 1700	Hardware	136.33	True
1701	Widget 1701	Electronics	138.67	False
1702	Widget 1702	Misc	141.0	True
1703	Widget 1703	Tools	143.33	False
1704	Widget 1704	Office	145.67	True
1705	Widget 1705	Hardware	148.0	False
1706	Widget 1706	Electronics	150.33	True
1707	Widget 1707	Misc	152.67	False
1708	Widget 1708	Tools	155.0	True
1709	Widget 1709	Office	157.33	False
1710	Widget 1710	Hardware	159.67	True
1711	Widget 1711	Electronics	162.0	False
1712	Widget 1712	Misc	164.33	True
1713	Widget 1713	Tools	166.67	False
1714	Widget 1714	Office	169.0	True
1715	Widget 1715	Hardware	4.67	False
1716	Widget 1716	Electronics	7.0	True
1717	Widget 1717	Misc	9.33	False
1718	Widget 1718	Tools	11.67	True
1719	Widget 1719	Office	14.0	False
1720	Widget 1720	Hardware	16.33	True
1721	Widget 1721	Electronics	18.67	False
1722	Widget 1722	Misc	21.0	True
1723	Widget 1723	Tools	23.33	False
1724	Widget 1724	Office	25.67	True
1725	Widget 1725	Hardware	28.0	False
1726	Widget 1726	Electronics	30.33	True
1727	Widget 1727	Misc	32.67	False
1728	Widget 1728	Tools	35.0	True
1729	Widget 1729	Office	37.33	False
1730	Widget 1730	Hardware	39.67	True
1731	Widget 1731	Electronics	42.0	False
1732	Widget 1732	Misc	44.33	True
1733	Widget 1733	Tools	46.67	False
1734	Widget 1734	Office	49.0	True
1735	Widget 1735	Hardware	51.33	False
1736	Widget 1736	Electronics	53.67	True
1737	Widget 1737	Misc	56.0	False
1738	Widget 1738	Tools	58.33	True
1739	Widget 1739	Office	60.67	False
1740	Widget 1740	Hardware	63.0	True
1741	Widget 1741	Electronics	65.33	False
1742	Widget 1742	Misc	67.67	True
1743	Widget 1743	Tools	70.0	False
1744	Widget 1744	Office	72.33	True
1745	Widget 1745	Hardware	74.67	False
1746	Widget 1746	Electronics	77.0	True
1747	Widget 1747	Misc	79.33	False
1748	Widget 1748	Tools	81.67	True
1749	Widget 1749	Office	84.0	False
1750	Widget 1750	Hardware	86.33	True
1751	Widget 1751	Electronics	88.67	False
1752	Widget 1752	Misc	91.0	True
1753	Widget 1753	Tools	93.33	False
1754	Widget 1754	Office	95.67	True
1755	Widget 1755	Hardware	98.0	False
1756	Widget 1756	Electronics	100.33	True
1757	Widget 1757	Misc	102.67	False
1758	Widget 1758	Tools	105.0	True
1759	Widget 1759	Office	107.33	False
1760	Widget 1760	Hardware	109.67	True
1761	Widget 1761	Electronics	112.0	False
1762	Widget 1762	Misc	114.33	True
1763	Widget 1763	Tools	116.67	False
1764	Widget 1764	Office	119.0	True
1765	Widget 1765	Hardware	121.33	False
1766	Widget 1766	Electronics	123.67	True
1767	Widget 1767	Misc	126.0	False
1768	Widget 1768	Tools	128.33	True
1769	Widget 1769	Office	130.67	False
1770	Widget 1770	Hardware	133.0	True
1771	Widget 1771	Electronics	135.33	False
1772	Widget 1772	Misc	137.67	True
1773	Widget 1773	Tools	140.0	False
1774	Widget 1774	Office	142.33	True
1775	Widget 1775	Hardware	144.67	False
1776	Widget 1776	Electronics	147.0	True
1777	Widget 1777	Misc	149.33	False
1778	Widget 1778	Tools	151.67	True
1779	Widget 1779	Office	154.0	False
1780	Widget 1780	Hardware	156.33	True
1781	Widget 1781	Electronics	158.67	False
1782	Widget 1782	Misc	161.0	True
1783	Widget 1783	Tools	163.33	False
1784	Widget 1784	Office	165.67	True
1785	Widget 1785	Hardware	168.0	False
1786	Widget 1786	Electronics	3.67	True
1787	Widget 1787	Misc	6.0	False
1788	Widget 1788	Tools	8.33	True
1789	Widget 1789	Office	10.67	False
1790	Widget 1790	Hardware	13.0	True
1791	Widget 1791	Electronics	15.33	False
1792	Widget 1792	Misc	17.67	True
1793	Widget 1793	Tools	20.0	False
1794	Widget 1794	Office	22.33	True
1795	Widget 1795	Hardware	24.67	False
1796	Widget 1796	Electronics	27.0	True
1797	Widget 1797	Misc	29.33	False
1798	Widget 1798	Tools	31.67	True
1799	Widget 1799	Office	34.0	False
1800	Widget 1800	Hardware	36.33	True
1801	Widget 1801	Electronics	38.67	False
1802	Widget 1802	Misc	41.0	True
1803	Widget 1803	Tools	43.33	False
1804	Widget 1804	Office	45.67	True
1805	Widget 1805	Hardware	48.0	False
1806	Widget 1806	Electronics	50.33	True
1807	Widget 1807	Misc	52.67	False
1808	Widget 1808	Tools	55.0	True
1809	Widget 1809	Office	57.33	False
1810	Widget 1810	Hardware	59.67	True
1811	Widget 1811	Electronics	62.0	False
1812	Widget 1812	Misc	64.33	True
1813	Widget 1813	Tools	66.67	False
1814	Widget 1814	Office	69.0	True
1815	Widget 1815	Hardware	71.33	False
1816	Widget 1816	Electronics	73.67	True
1817	Widget 1817	Misc	76.0	False
1818	Widget 1818	Tools	78.33	True
1819	Widget 1819	Office	80.67	False
1820	Widget 1820	Hardware	83.0	True
1821	Widget 1821	Electronics	85.33	False
1822	Widget 1822	Misc	87.67	True
1823	Widget 1823	Tools	90.0	False
1824	Widget 1824	Office	92.33	True
1825	Widget 1825	Hardware	94.67	False
1826	Widget 1826	Electronics	97.0	True
1827	Widget 1827	Misc	99.33	False
1828	Widget 1828	Tools	101.67	True
1829	Widget 1829	Office	104.0	False
1830	Widget 1830	Hardware	106.33	True
1831	Widget 1831	Electronics	108.67	False
1832	Widget 1832	Misc	111.0	True
1833	Widget 1833	Tools	113.33	False
1834	Widget 1834	Office	115.67	True
1835	Widget 1835	Hardware	118.0	False
1836	Widget 1836	Electronics	120.33	True
1837	Widget 1837	Misc	122.67	False
1838	Widget 1838	Tools	125.0	True
1839	Widget 1839	Office	127.33	False
1840	Widget 1840	Hardware	129.67	True
1841	Widget 1841	Electronics	132.0	False
1842	Widget 1842	Misc	134.33	True
1843	Widget 1843	Tools	136.67	False
1844	Widget 1844	Office	139.0	True
1845	Widget 1845	Hardware	141.33	False
1846	Widget 1846	Electronics	143.67	True
1847	Widget 1847	Misc	146.0	False
1848	Widget 1848	Tools	148.33	True
1849	Widget 1849	Office	150.67	False
1850	Widget 1850	Hardware	153.0	True
1851	Widget 1851	Electronics	155.33	False
1852	Widget 1852	Misc	157.67	True
1853	Widget 1853	Tools	160.0	False
1854	Widget 1854	Office	162.33	True
1855	Widget 1855	Hardware	164.67	False
1856	Widget 1856	Electronics	167.0	True
1857	Widget 1857	Misc	169.33	False
1858	Widget 1858	Tools	5.0	True
1859	Widget 1859	Office	7.33	False
1860	Widget 1860	Hardware	9.67	True
1861	Widget 1861	Electronics	12.0	False
1862	Widget 1862	Misc	14.33	True
1863	Widget 1863	Tools	16.67	False
1864	Widget 1864	Office	19.0	True
1865	Widget 1865	Hardware	21.33	False
1866	Widget 1866	Electronics	23.67	True
1867	Widget 1867	Misc	26.0	False
1868	Widget 1868	Tools	28.33	True
1869	Widget 1869	Office	30.67	False
1870	Widget 1870	Hardware	33.0	True
1871	Widget 1871	Electronics	35.33	False
1872	Widget 1872	Misc	37.67	True
1873	Widget 1873	Tools	40.0	False
1874	Widget 1874	Office	42.33	True
1875	Widget 1875	Hardware	44.67	False
1876	Widget 1876	Electronics	47.0	True
1877	Widget 1877	Misc	49.33	False
1878	Widget 1878	Tools	51.67	True
1879	Widget 1879	Office	54.0	False
1880	Widget 1880	Hardware	56.33	True
1881	Widget 1881	Electronics	58.67	False
1882	Widget 1882	Misc	61.0	True
1883	Widget 1883	Tools	63.33	False
1884	Widget 1884	Office	65.67	True
1885	Widget 1885	Hardware	68.0	False
1886	Widget 1886	Electronics	70.33	True
1887	Widget 1887	Misc	72.67	False
1888	Widget 1888	Tools	75.0	True
1889	Widget 1889	Office	77.33	False
1890	Widget 1890	Hardware	79.67	True
1891	Widget 1891	Electronics	82.0	False
1892	Widget 1892	Misc	84.33	True
1893	Widget 1893	Tools	86.67	False
1894	Widget 1894	Office	89.0	True
1895	Widget 1895	Hardware	91.33	False
1896	Widget 1896	Electronics	93.67	True
1897	Widget 1897	Misc	96.0	False
1898	Widget 1898	Tools	98.33	True
1899	Widget 1899	Office	100.67	False
1900	Widget 1900	Hardware	103.0	True
1901	Widget 1901	Electronics	105.33	False
1902	Widget 1902	Misc	107.67	True
1903	Widget 1903	Tools	110.0	False
1904	Widget 1904	Office	112.33	True
1905	Widget 1905	Hardware	114.67	False
1906	Widget 1906	Electronics	117.0	True
1907	Widget 1907	Misc	119.33	False
1908	Widget 1908	Tools	121.67	True
1909	Widget 1909	Office	124.0	False
1910	Widget 1910	Hardware	126.33	True
1911	Widget 1911	Electronics	128.67	False
1912	Widget 1912	Misc	131.0	True
1913	Widget 1913	Tools	133.33	False
1914	Widget 1914	Office	135.67	True
1915	Widget 1915	Hardware	138.0	False
1916	Widget 1916	Electronics	140.33	True
1917	Widget 1917	Misc	142.67	False
1918	Widget 1918	Tools	145.0	True
1919	Widget 1919	Office	147.33	False
1920	Widget 1920	Hardware	149.67	True
1921	Widget 1921	Electronics	152.0	False
1922	Widget 1922	Misc	154.33	True
1923	Widget 1923	Tools	156.67	False
1924	Widget 1924	Office	159.0	True
1925	Widget 1925	Hardware	161.33	False
1926	Widget 1926	Electronics	163.67	True
1927	Widget 1927	Misc	166.0	False
1928	Widget 1928	Tools	168.33	True
1929	Widget 1929	Office	4.0	False
1930	Widget 1930	Hardware	6.33	True
1931	Widget 1931	Electronics	8.67	False
1932	Widget 1932	Misc	11.0	True
1933	Widget 1933	Tools	13.33	False
1934	Widget 1934	Office	15.67	True
1935	Widget 1935	Hardware	18.0	False
1936	Widget 1936	Electronics	20.33	True
1937	Widget 1937	Misc	22.67	False
1938	Widget 1938	Tools	25.0	True
1939	Widget 1939	Office	27.33	False
1940	Widget 1940	Hardware	29.67	True
1941	Widget 1941	Electronics	32.0	False
1942	Widget 1942	Misc	34.33	True
1943	Widget 1943	Tools	36.67	False
1944	Widget 1944	Office	39.0	True
1945	Widget 1945	Hardware	41.33	False
1946	Widget 1946	Electronics	43.67	True
1947	Widget 1947	Misc	46.0	False
1948	Widget 1948	Tools	48.33	True
1949	Widget 1949	Office	50.67	False
1950	Widget 1950	Hardware	53.0	True
1951	Widget 1951	Electronics	55.33	False
1952	Widget 1952	Misc	57.67	True
1953	Widget 1953	Tools	60.0	False
1954	Widget 1954	Office	62.33	True
1955	Widget 1955	Hardware	64.67	False
1956	Widget 1956	Electronics	67.0	True
1957	Widget 1957	Misc	69.33	False
1958	Widget 1958	Tools	71.67	True
1959	Widget 1959	Office	74.0	False
1960	Widget 1960	Hardware	76.33	True
1961	Widget 1961	Electronics	78.67	False
1962	Widget 1962	Misc	81.0	True
1963	Widget 1963	Tools	83.33	False
1964	Widget 1964	Office	85.67	True
1965	Widget 1965	Hardware	88.0	False
1966	Widget 1966	Electronics	90.33	True
1967	Widget 1967	Misc	92.67	False
1968	Widget 1968	Tools	95.0	True
1969	Widget 1969	Office	97.33	False
1970	Widget 1970	Hardware	99.67	True
1971	Widget 1971	Electronics	102.0	False
1972	Widget 1972	Misc	104.33	True
1973	Widget 1973	Tools	106.67	False
1974	Widget 1974	Office	109.0	True
1975	Widget 1975	Hardware	111.33	False
1976	Widget 1976	Electronics	113.67	True
1977	Widget 1977	Misc	116.0	False
1978	Widget 1978	Tools	118.33	True
1979	Widget 1979	Office	120.67	False
1980	Widget 1980	Hardware	123.0	True
1981	Widget 1981	Electronics	125.33	False
1982	Widget 1982	Misc	127.67	True
1983	Widget 1983	Tools	130.0	False
1984	Widget 1984	Office	132.33	True
1985	Widget 1985	Hardware	134.67	False
1986	Widget 1986	Electronics	137.0	True
1987	Widget 1987	Misc	139.33	False
1988	Widget 1988	Tools	141.67	True
1989	Widget 1989	Office	144.0	False
1990	Widget 1990	Hardware	146.33	True
1991	Widget 1991	Electronics	148.67	False
1992	Widget 1992	Misc	151.0	True
1993	Widget 1993	Tools	153.33	False
1994	Widget 1994	Office	155.67	True
1995	Widget 1995	Hardware	158.0	False
1996	Widget 1996	Electronics	160.33	True
1997	Widget 1997	Misc	162.67	False
1998	Widget 1998	Tools	165.0	True
1999	Widget 1999	Office	167.33	False
2000	Widget 2000	Hardware	3.0	True
2001	Widget 2001	Electronics	5.33	False
2002	Widget 2002	Misc	7.67	True
2003	Widget 2003	Tools	10.0	False
2004	Widget 2004	Office	12.33	True
2005	Widget 2005	Hardware	14.67	False
2006	Widget 2006	Electronics	17.0	True
2007	Widget 2007	Misc	19.33	False
2008	Widget 2008	Tools	21.67	True
2009	Widget 2009	Office	24.0	False
2010	Widget 2010	Hardware	26.33	True
2011	Widget 2011	Electronics	28.67	False
2012	Widget 2012	Misc	31.0	True
2013	Widget 2013	Tools	33.33	False
2014	Widget 2014	Office	35.67	True
2015	Widget 2015	Hardware	38.0	False
2016	Widget 2016	Electronics	40.33	True
2017	Widget 2017	Misc	42.67	False
2018	Widget 2018	Tools	45.0	True
2019	Widget 2019	Office	47.33	False
2020	Widget 2020	Hardware	49.67	True
2021	Widget 2021	Electronics	52.0	False
2022	Widget 2022	Misc	54.33	True
2023	Widget 2023	Tools	56.67	False
2024	Widget 2024	Office	59.0	True
2025	Widget 2025	Hardware	61.33	False
2026	Widget 2026	Electronics	63.67	True
2027	Widget 2027	Misc	66.0	False
2028	Widget 2028	Tools	68.33	True
2029	Widget 2029	Office	70.67	False
2030	Widget 2030	Hardware	73.0	True
2031	Widget 2031	Electronics	75.33	False
2032	Widget 2032	Misc	77.67	True
2033	Widget 2033	Tools	80.0	False
2034	Widget 2034	Office	82.33	True
2035	Widget 2035	Hardware	84.67	False
2036	Widget 2036	Electronics	87.0	True
2037	Widget 2037	Misc	89.33	False
2038	Widget 2038	Tools	91.67	True
2039	Widget 2039	Office	94.0	False
2040	Widget 2040	Hardware	96.33	True
2041	Widget 2041	Electronics	98.67	False
2042	Widget 2042	Misc	101.0	True
2043	Widget 2043	Tools	103.33	False
2044	Widget 2044	Office	105.67	True
2045	Widget 2045	Hardware	108.0	False
2046	Widget 2046	Electronics	110.33	True
2047	Widget 2047	Misc	112.67	False
2048	Widget 2048	Tools	115.0	True
2049	Widget 2049	Office	117.33	False
2050	Widget 2050	Hardware	119.67	True
2051	Widget 2051	Electronics	122.0	False
2052	Widget 2052	Misc	124.33	True
2053	Widget 2053	Tools	126.67	False
2054	Widget 2054	Office	129.0	True
2055	Widget 2055	Hardware	131.33	False
2056	Widget 2056	Electronics	133.67	True
2057	Widget 2057	Misc	136.0	False
2058	Widget 2058	Tools	138.33	True
2059	Widget 2059	Office	140.67	False
2060	Widget 2060	Hardware	143.0	True
2061	Widget 2061	Electronics	145.33	False
2062	Widget 2062	Misc	147.67	True
2063	Widget 2063	Tools	150.0	False
2064	Widget 2064	Office	152.33	True
2065	Widget 2065	Hardware	154.67	False
2066	Widget 2066	Electronics	157.0	True
2067	Widget 2067	Misc	159.33	False
2068	Widget 2068	Tools	161.67	True
2069	Widget 2069	Office	164.0	False
2070	Widget 2070	Hardware	166.33	True
2071	Widget 2071	Electronics	168.67	False
2072	Widget 2072	Misc	4.33	True
2073	Widget 2073	Tools	6.67	False
2074	Widget 2074	Office	9.0	True
2075	Widget 2075	Hardware	11.33	False
2076	Widget 2076	Electronics	13.67	True
2077	Widget 2077	Misc	16.0	False
2078	Widget 2078	Tools	18.33	True
2079	Widget 2079	Office	20.67	False
2080	Widget 2080	Hardware	23.0	True
2081	Widget 2081	Electronics	25.33	False
2082	Widget 2082	Misc	27.67	True
2083	Widget 2083	Tools	30.0	False
2084	Widget 2084	Office	32.33	True
2085	Widget 2085	Hardware	34.67	False
2086	Widget 2086	Electronics	37.0	True
2087	Widget 2087	Misc	39.33	False
2088	Widget 2088	Tools	41.67	True
2089	Widget 2089	Office	44.0	False
2090	Widget 2090	Hardware	46.33	True
2091	Widget 2091	Electronics	48.67	False
2092	Widget 2092	Misc	51.0	True
2093	Widget 2093	Tools	53.33	False
2094	Widget 2094	Office	55.67	True
2095	Widget 2095	Hardware	58.0	False
2096	Widget 2096	Electronics	60.33	True
2097	Widget 2097	Misc	62.67	False
2098	Widget 2098	Tools	65.0	True
2099	Widget 2099	Office	67.33	False
2100	Widget 2100	Hardware	69.67	True
2101	Widget 2101	Electronics	72.0	False
2102	Widget 2102	Misc	74.33	True
2103	Widget 2103	Tools	76.67	False
2104	Widget 2104	Office	79.0	True
2105	Widget 2105	Hardware	81.33	False
2106	Widget 2106	Electronics	83.67	True
2107	Widget 2107	Misc	86.0	False
2108	Widget 2108	Tools	88.33	True
2109	Widget 2109	Office	90.67	False
2110	Widget 2110	Hardware	93.0	True
2111	Widget 2111	Electronics	95.33	False
2112	Widget 2112	Misc	97.67	True
2113	Widget 2113	Tools	100.0	False
2114	Widget 2114	Office	102.33	True
2115	Widget 2115	Hardware	104.67	False
2116	Widget 2116	Electronics	107.0	True
2117	Widget 2117	Misc	109.33	False
2118	Widget 2118	Tools	111.67	True
2119	Widget 2119	Office	114.0	False
2120	Widget 2120	Hardware	116.33	True
2121	Widget 2121	Electronics	118.67	False
2122	Widget 2122	Misc	121.0	True
2123	Widget 2123	Tools	123.33	False
2124	Widget 2124	Office	125.67	True
2125	Widget 2125	Hardware	128.0	False
2126	Widget 2126	Electronics	130.33	True
2127	Widget 2127	Misc	132.67	False
2128	Widget 2128	Tools	135.0	True
2129	Widget 2129	Office	137.33	False
2130	Widget 2130	Hardware	139.67	True
2131	Widget 2131	Electronics	142.0	False
2132	Widget 2132	Misc	144.33	True
2133	Widget 2133	Tools	146.67	False
2134	Widget 2134	Office	149.0	True
2135	Widget 2135	Hardware	151.33	False
2136	Widget 2136	Electronics	153.67	True
2137	Widget 2137	Misc	156.0	False
2138	Widget 2138	Tools	158.33	True
2139	Widget 2139	Office	160.67	False
2140	Widget 2140	Hardware	163.0	True
2141	Widget 2141	Electronics	165.33	False
2142	Widget 2142	Misc	167.67	True
2143	Widget 2143	Tools	3.33	False
2144	Widget 2144	Office	5.67	True
2145	Widget 2145	Hardware	8.0	False
2146	Widget 2146	Electronics	10.33	True
2147	Widget 2147	Misc	12.67	False
2148	Widget 2148	Tools	15.0	True
2149	Widget 2149	Office	17.33	False
2150	Widget 2150	Hardware	19.67	True
2151	Widget 2151	Electronics	22.0	False
2152	Widget 2152	Misc	24.33	True
2153	Widget 2153	Tools	26.67	False
2154	Widget 2154	Office	29.0	True
2155	Widget 2155	Hardware	31.33	False
2156	Widget 2156	Electronics	33.67	True
2157	Widget 2157	Misc	36.0	False
2158	Widget 2158	Tools	38.33	True
2159	Widget 2159	Office	40.67	False
2160	Widget 2160	Hardware	43.0	True
2161	Widget 2161	Electronics	45.33	False
2162	Widget 2162	Misc	47.67	True
2163	Widget 2163	Tools	50.0	False
2164	Widget 2164	Office	52.33	True
2165	Widget 2165	Hardware	54.67	False
2166	Widget 2166	Electronics	57.0	True
2167	Widget 2167	Misc	59.33	False
2168	Widget 2168	Tools	61.67	True
2169	Widget 2169	Office	64.0	False
2170	Widget 2170	Hardware	66.33	True
2171	Widget 2171	Electronics	68.67	False
2172	Widget 2172	Misc	71.0	True
2173	Widget 2173	Tools	73.33	False
2174	Widget 2174	Office	75.67	True
2175	Widget 2175	Hardware	78.0	False
2176	Widget 2176	Electronics	80.33	True
2177	Widget 2177	Misc	82.67	False
2178	Widget 2178	Tools	85.0	True
2179	Widget 2179	Office	87.33	False
2180	Widget 2180	Hardware	89.67	True
2181	Widget 2181	Electronics	92.0	False
2182	Widget 2182	Misc	94.33	True
2183	Widget 2183	Tools	96.67	False
2184	Widget 2184	Office	99.0	True
2185	Widget 2185	Hardware	101.33	False
2186	Widget 2186	Electronics	103.67	True
2187	Widget 2187	Misc	106.0	False
2188	Widget 2188	Tools	108.33	True
2189	Widget 2189	Office	110.67	False
2190	Widget 2190	Hardware	113.0	True
2191	Widget 2191	Electronics	115.33	False
2192	Widget 2192	Misc	117.67	True
2193	Widget 2193	Tools	120.0	False
2194	Widget 2194	Office	122.33	True
2195	Widget 2195	Hardware	124.67	False
2196	Widget 2196	Electronics	127.0	True
2197	Widget 2197	Misc	129.33	False
2198	Widget 2198	Tools	131.67	True
2199	Widget 2199	Office	134.0	False
2200	Widget 2200	Hardware	136.33	True
2201	Widget 2201	Electronics	138.67	False
2202	Widget 2202	Misc	141.0	True
2203	Widget 2203	Tools	143.33	False
2204	Widget 2204	Office	145.67	True
2205	Widget 2205	Hardware	148.0	False
2206	Widget 2206	Electronics	150.33	True
2207	Widget 2207	Misc	152.67	False
2208	Widget 2208	Tools	155.0	True
2209	Widget 2209	Office	157.33	False
2210	Widget 2210	Hardware	159.67	True
2211	Widget 2211	Electronics	162.0	False
2212	Widget 2212	Misc	164.33	True
2213	Widget 2213	Tools	166.67	False
2214	Widget 2214	Office	169.0	True
2215	Widget 2215	Hardware	4.67	False
2216	Widget 2216	Electronics	7.0	True
2217	Widget 2217	Misc	9.33	False
2218	Widget 2218	Tools	11.67	True
2219	Widget 2219	Office	14.0	False
2220	Widget 2220	Hardware	16.33	True
2221	Widget 2221	Electronics	18.67	False
2222	Widget 2222	Misc	21.0	True
2223	Widget 2223	Tools	23.33	False
2224	Widget 2224	Office	25.67	True
2225	Widget 2225	Hardware	28.0	False
2226	Widget 2226	Electronics	30.33	True
2227	Widget 2227	Misc	32.67	False
2228	Widget 2228	Tools	35.0	True
2229	Widget 2229	Office	37.33	False
2230	Widget 2230	Hardware	39.67	True
2231	Widget 2231	Electronics	42.0	False
2232	Widget 2232	Misc	44.33	True
2233	Widget 2233	Tools	46.67	False
2234	Widget 2234	Office	49.0	True
2235	Widget 2235	Hardware	51.33	False
2236	Widget 2236	Electronics	53.67	True
2237	Widget 2237	Misc	56.0	False
2238	Widget 2238	Tools	58.33	True
2239	Widget 2239	Office	60.67	False
2240	Widget 2240	Hardware	63.0	True
2241	Widget 2241	Electronics	65.33	False
2242	Widget 2242	Misc	67.67	True
2243	Widget 2243	Tools	70.0	False
2244	Widget 2244	Office	72.33	True
2245	Widget 2245	Hardware	74.67	False
2246	Widget 2246	Electronics	77.0	True
2247	Widget 2247	Misc	79.33	False
2248	Widget 2248	Tools	81.67	True
2249	Widget 2249	Office	84.0	False
2250	Widget 2250	Hardware	86.33	True
2251	Widget 2251	Electronics	88.67	False
2252	Widget 2252	Misc	91.0	True
2253	Widget 2253	Tools	93.33	False
2254	Widget 2254	Office	95.67	True
2255	Widget 2255	Hardware	98.0	False
2256	Widget 2256	Electronics	100.33	True
2257	Widget 2257	Misc	102.67	False
2258	Widget 2258	Tools	105.0	True
2259	Widget 2259	Office	107.33	False
2260	Widget 2260	Hardware	109.67	True
2261	Widget 2261	Electronics	112.0	False
2262	Widget 2262	Misc	114.33	True
2263	Widget 2263	Tools	116.67	False
2264	Widget 2264	Office	119.0	True
2265	Widget 2265	Hardware	121.33	False
2266	Widget 2266	Electronics	123.67	True
2267	Widget 2267	Misc	126.0	False
2268	Widget 2268	Tools	128.33	True
2269	Widget 2269	Office	130.67	False
2270	Widget 2270	Hardware	133.0	True
2271	Widget 2271	Electronics	135.33	False
2272	Widget 2272	Misc	137.67	True
2273	Widget 2273	Tools	140.0	False
2274	Widget 2274	Office	142.33	True
2275	Widget 2275	Hardware	144.67	False
2276	Widget 2276	Electronics	147.0	True
2277	Widget 2277	Misc	149.33	False
2278	Widget 2278	Tools	151.67	True
2279	Widget 2279	Office	154.0	False
2280	Widget 2280	Hardware	156.33	True
2281	Widget 2281	Electronics	158.67	False
2282	Widget 2282	Misc	161.0	True
2283	Widget 2283	Tools	163.33	False
2284	Widget 2284	Office	165.67	True
2285	Widget 2285	Hardware	168.0	False
2286	Widget 2286	Electronics	3.67	True
2287	Widget 2287	Misc	6.0	False
2288	Widget 2288	Tools	8.33	True
2289	Widget 2289	Office	10.67	False
2290	Widget 2290	Hardware	13.0	True
2291	Widget 2291	Electronics	15.33	False
2292	Widget 2292	Misc	17.67	True
2293	Widget 2293	Tools	20.0	False
2294	Widget 2294	Office	22.33	True
2295	Widget 2295	Hardware	24.67	False
2296	Widget 2296	Electronics	27.0	True
2297	Widget 2297	Misc	29.33	False
2298	Widget 2298	Tools	31.67	True
2299	Widget 2299	Office	34.0	False
2300	Widget 2300	Hardware	36.33	True
2301	Widget 2301	Electronics	38.67	False
2302	Widget 2302	Misc	41.0	True
2303	Widget 2303	Tools	43.33	False
2304	Widget 2304	Office	45.67	True
2305	Widget 2305	Hardware	48.0	False
2306	Widget 2306	Electronics	50.33	True
2307	Widget 2307	Misc	52.67	False
2308	Widget 2308	Tools	55.0	True
2309	Widget 2309	Office	57.33	False
2310	Widget 2310	Hardware	59.67	True
2311	Widget 2311	Electronics	62.0	False
2312	Widget 2312	Misc	64.33	True
2313	Widget 2313	Tools	66.67	False
2314	Widget 2314	Office	69.0	True
2315	Widget 2315	Hardware	71.33	False
2316	Widget 2316	Electronics	73.67	True
2317	Widget 2317	Misc	76.0	False
2318	Widget 2318	Tools	78.33	True
2319	Widget 2319	Office	80.67	False
2320	Widget 2320	Hardware	83.0	True
2321	Widget 2321	Electronics	85.33	False
2322	Widget 2322	Misc	87.67	True
2323	Widget 2323	Tools	90.0	False
2324	Widget 2324	Office	92.33	True
2325	Widget 2325	Hardware	94.67	False
2326	Widget 2326	Electronics	97.0	True
2327	Widget 2327	Misc	99.33	False
2328	Widget 2328	Tools	101.67	True
2329	Widget 2329	Office	104.0	False
2330	Widget 2330	Hardware	106.33	True
2331	Widget 2331	Electronics	108.67	False
2332	Widget 2332	Misc	111.0	True
2333	Widget 2333	Tools	113.33	False
2334	Widget 2334	Office	115.67	True
2335	Widget 2335	Hardware	118.0	False
2336	Widget 2336	Electronics	120.33	True
2337	Widget 2337	Misc	122.67	False
2338	Widget 2338	Tools	125.0	True
2339	Widget 2339	Office	127.33	False
2340	Widget 2340	Hardware	129.67	True
2341	Widget 2341	Electronics	132.0	False
2342	Widget 2342	Misc	134.33	True
2343	Widget 2343	Tools	136.67	False
2344	Widget 2344	Office	139.0	True
2345	Widget 2345	Hardware	141.33	False
2346	Widget 2346	Electronics	143.67	True
2347	Widget 2347	Misc	146.0	False
2348	Widget 2348	Tools	148.33	True
2349	Widget 2349	Office	150.67	False
2350	Widget 2350	Hardware	153.0	True
2351	Widget 2351	Electronics	155.33	False
2352	Widget 2352	Misc	157.67	True
2353	Widget 2353	Tools	160.0	False
2354	Widget 2354	Office	162.33	True
2355	Widget 2355	Hardware	164.67	False
2356	Widget 2356	Electronics	167.0	True
2357	Widget 2357	Misc	169.33	False
2358	Widget 2358	Tools	5.0	True
2359	Widget 2359	Office	7.33	False
2360	Widget 2360	Hardware	9.67	True
2361	Widget 2361	Electronics	12.0	False
2362	Widget 2362	Misc	14.33	True
2363	Widget 2363	Tools	16.67	False
2364	Widget 2364	Office	19.0	True
2365	Widget 2365	Hardware	21.33	False
2366	Widget 2366	Electronics	23.67	True
2367	Widget 2367	Misc	26.0	False
2368	Widget 2368	Tools	28.33	True
2369	Widget 2369	Office	30.67	False
2370	Widget 2370	Hardware	33.0	True
2371	Widget 2371	Electronics	35.33	False
2372	Widget 2372	Misc	37.67	True
2373	Widget 2373	Tools	40.0	False
2374	Widget 2374	Office	42.33	True
2375	Widget 2375	Hardware	44.67	False
2376	Widget 2376	Electronics	47.0	True
2377	Widget 2377	Misc	49.33	False
2378	Widget 2378	Tools	51.67	True
2379	Widget 2379	Office	54.0	False
2380	Widget 2380	Hardware	56.33	True
2381	Widget 2381	Electronics	58.67	False
2382	Widget 2382	Misc	61.0	True
2383	Widget 2383	Tools	63.33	False
2384	Widget 2384	Office	65.67	True
2385	Widget 2385	Hardware	68.0	False
2386	Widget 2386	Electronics	70.33	True
2387	Widget 2387	Misc	72.67	False
2388	Widget 2388	Tools	75.0	True
2389	Widget 2389	Office	77.33	False
2390	Widget 2390	Hardware	79.67	True
2391	Widget 2391	Electronics	82.0	False
2392	Widget 2392	Misc	84.33	True
2393	Widget 2393	Tools	86.67	False
2394	Widget 2394	Office	89.0	True
2395	Widget 2395	Hardware	91.33	False
2396	Widget 2396	Electronics	93.67	True
2397	Widget 2397	Misc	96.0	False
2398	Widget 2398	Tools	98.33	True
2399	Widget 2399	Office	100.67	False
2400	Widget 2400	Hardware	103.0	True
2401	Widget 2401	Electronics	105.33	False
2402	Widget 2402	Misc	107.67	True
2403	Widget 2403	Tools	110.0	False
2404	Widget 2404	Office	112.33	True
2405	Widget 2405	Hardware	114.67	False
2406	Widget 2406	Electronics	117.0	True
2407	Widget 2407	Misc	119.33	False
2408	Widget 2408	Tools	121.67	True
2409	Widget 2409	Office	124.0	False
2410	Widget 2410	Hardware	126.33	True
2411	Widget 2411	Electronics	128.67	False
2412	Widget 2412	Misc	131.0	True
2413	Widget 2413	Tools	133.33	False
2414	Widget 2414	Office	135.67	True
2415	Widget 2415	Hardware	138.0	False
2416	Widget 2416	Electronics	140.33	True
2417	Widget 2417	Misc	142.67	False
2418	Widget 2418	Tools	145.0	True
2419	Widget 2419	Office	147.33	False
2420	Widget 2420	Hardware	149.67	True
2421	Widget 2421	Electronics	152.0	False
2422	Widget 2422	Misc	154.33	True
2423	Widget 2423	Tools	156.67	False
2424	Widget 2424	Office	159.0	True
2425	Widget 2425	Hardware	161.33	False
2426	Widget 2426	Electronics	163.67	True
2427	Widget 2427	Misc	166.0	False
2428	Widget 2428	Tools	168.33	True
2429	Widget 2429	Office	4.0	False
2430	Widget 2430	Hardware	6.33	True
2431	Widget 2431	Electronics	8.67	False
2432	Widget 2432	Misc	11.0	True
2433	Widget 2433	Tools	13.33	False
2434	Widget 2434	Office	15.67	True
2435	Widget 2435	Hardware	18.0	False
2436	Widget 2436	Electronics	20.33	True
2437	Widget 2437	Misc	22.67	False
2438	Widget 2438	Tools	25.0	True
2439	Widget 2439	Office	27.33	False
2440	Widget 2440	Hardware	29.67	True
2441	Widget 2441	Electronics	32.0	False
2442	Widget 2442	Misc	34.33	True
2443	Widget 2443	Tools	36.67	False
2444	Widget 2444	Office	39.0	True
2445	Widget 2445	Hardware	41.33	False
2446	Widget 2446	Electronics	43.67	True
2447	Widget 2447	Misc	46.0	False
2448	Widget 2448	Tools	48.33	True
2449	Widget 2449	Office	50.67	False
2450	Widget 2450	Hardware	53.0	True
2451	Widget 2451	Electronics	55.33	False
2452	Widget 2452	Misc	57.67	True
2453	Widget 2453	Tools	60.0	False
2454	Widget 2454	Office	62.33	True
2455	Widget 2455	Hardware	64.67	False
2456	Widget 2456	Electronics	67.0	True
2457	Widget 2457	Misc	69.33	False
2458	Widget 2458	Tools	71.67	True
2459	Widget 2459	Office	74.0	False
2460	Widget 2460	Hardware	76.33	True
2461	Widget 2461	Electronics	78.67	False
2462	Widget 2462	Misc	81.0	True
2463	Widget 2463	Tools	83.33	False
2464	Widget 2464	Office	85.67	True
2465	Widget 2465	Hardware	88.0	False
2466	Widget 2466	Electronics	90.33	True
2467	Widget 2467	Misc	92.67	False
2468	Widget 2468	Tools	95.0	True
2469	Widget 2469	Office	97.33	False
2470	Widget 2470	Hardware	99.67	True
2471	Widget 2471	Electronics	102.0	False
2472	Widget 2472	Misc	104.33	True
2473	Widget 2473	Tools	106.67	False
2474	Widget 2474	Office	109.0	True
2475	Widget 2475	Hardware	111.33	False
2476	Widget 2476	Electronics	113.67	True
2477	Widget 2477	Misc	116.0	False
2478	Widget 2478	Tools	118.33	True
2479	Widget 2479	Office	120.67	False
2480	Widget 2480	Hardware	123.0	True
2481	Widget 2481	Electronics	125.33	False
2482	Widget 2482	Misc	127.67	True
2483	Widget 2483	Tools	130.0	False
2484	Widget 2484	Office	132.33	True
2485	Widget 2485	Hardware	134.67	False
2486	Widget 2486	Electronics	137.0	True
2487	Widget 2487	Misc	139.33	False
2488	Widget 2488	Tools	141.67	True
2489	Widget 2489	Office	144.0	False
2490	Widget 2490	Hardware	146.33	True
2491	Widget 2491	Electronics	148.67	False
2492	Widget 2492	Misc	151.0	True
2493	Widget 2493	Tools	153.33	False
2494	Widget 2494	Office	155.67	True
2495	Widget 2495	Hardware	158.0	False
2496	Widget 2496	Electronics	160.33	True
2497	Widget 2497	Misc	162.67	False
2498	Widget 2498	Tools	165.0	True
2499	Widget 2499	Office	167.33	False
2500	Widget 2500	Hardware	3.0	True
2501	Widget 2501	Electronics	5.33	False
2502	Widget 2502	Misc	7.67	True
2503	Widget 2503	Tools	10.0	False
2504	Widget 2504	Office	12.33	True
2505	Widget 2505	Hardware	14.67	False
2506	Widget 2506	Electronics	17.0	True
2507	Widget 2507	Misc	19.33	False
2508	Widget 2508	Tools	21.67	True
2509	Widget 2509	Office	24.0	False
2510	Widget 2510	Hardware	26.33	True
2511	Widget 2511	Electronics	28.67	False
2512	Widget 2512	Misc	31.0	True
2513	Widget 2513	Tools	33.33	False
2514	Widget 2514	Office	35.67	True
2515	Widget 2515	Hardware	38.0	False
2516	Widget 2516	Electronics	40.33	True
2517	Widget 2517	Misc	42.67	False
2518	Widget 2518	Tools	45.0	True
2519	Widget 2519	Office	47.33	False
2520	Widget 2520	Hardware	49.67	True
2521	Widget 2521	Electronics	52.0	False
2522	Widget 2522	Misc	54.33	True
2523	Widget 2523	Tools	56.67	False
2524	Widget 2524	Office	59.0	True
2525	Widget 2525	Hardware	61.33	False
2526	Widget 2526	Electronics	63.67	True
2527	Widget 2527	Misc	66.0	False
2528	Widget 2528	Tools	68.33	True
2529	Widget 2529	Office	70.67	False
2530	Widget 2530	Hardware	73.0	True
2531	Widget 2531	Electronics	75.33	False
2532	Widget 2532	Misc	77.67	True
2533	Widget 2533	Tools	80.0	False
2534	Widget 2534	Office	82.33	True
2535	Widget 2535	Hardware	84.67	False
2536	Widget 2536	Electronics	87.0	True
2537	Widget 2537	Misc	89.33	False
2538	Widget 2538	Tools	91.67	True
2539	Widget 2539	Office	94.0	False
2540	Widget 2540	Hardware	96.33	True
2541	Widget 2541	Electronics	98.67	False
2542	Widget 2542	Misc	101.0	True
2543	Widget 2543	Tools	103.33	False
2544	Widget 2544	Office	105.67	True
2545	Widget 2545	Hardware	108.0	False
2546	Widget 2546	Electronics	110.33	True
2547	Widget 2547	Misc	112.67	False
2548	Widget 2548	Tools	115.0	True
2549	Widget 2549	Office	117.33	False
2550	Widget 2550	Hardware	119.67	True
2551	Widget 2551	Electronics	122.0	False
2552	Widget 2552	Misc	124.33	True
2553	Widget 2553	Tools	126.67	False
2554	Widget 2554	Office	129.0	True
2555	Widget 2555	Hardware	131.33	False
2556	Widget 2556	Electronics	133.67	True
2557	Widget 2557	Misc	136.0	False
2558	Widget 2558	Tools	138.33	True
2559	Widget 2559	Office	140.67	False
2560	Widget 2560	Hardware	143.0	True
2561	Widget 2561	Electronics	145.33	False
2562	Widget 2562	Misc	147.67	True
2563	Widget 2563	Tools	150.0	False
2564	Widget 2564	Office	152.33	True
2565	Widget 2565	Hardware	154.67	False
2566	Widget 2566	Electronics	157.0	True
2567	Widget 2567	Misc	159.33	False
2568	Widget 2568	Tools	161.67	True
2569	Widget 2569	Office	164.0	False
2570	Widget 2570	Hardware	166.33	True
2571	Widget 2571	Electronics	168.67	False
2572	Widget 2572	Misc	4.33	True
2573	Widget 2573	Tools	6.67	False
2574	Widget 2574	Office	9.0	True
2575	Widget 2575	Hardware	11.33	False
2576	Widget 2576	Electronics	13.67	True
2577	Widget 2577	Misc	16.0	False
2578	Widget 2578	Tools	18.33	True
2579	Widget 2579	Office	20.67	False
2580	Widget 2580	Hardware	23.0	True
2581	Widget 2581	Electronics	25.33	False
2582	Widget 2582	Misc	27.67	True
2583	Widget 2583	Tools	30.0	False
2584	Widget 2584	Office	32.33	True
2585	Widget 2585	Hardware	34.67	False
2586	Widget 2586	Electronics	37.0	True
2587	Widget 2587	Misc	39.33	False
2588	Widget 2588	Tools	41.67	True
2589	Widget 2589	Office	44.0	False
2590	Widget 2590	Hardware	46.33	True
2591	Widget 2591	Electronics	48.67	False
2592	Widget 2592	Misc	51.0	True
2593	Widget 2593	Tools	53.33	False
2594	Widget 2594	Office	55.67	True
2595	Widget 2595	Hardware	58.0	False
2596	Widget 2596	Electronics	60.33	True
2597	Widget 2597	Misc	62.67	False
2598	Widget 2598	Tools	65.0	True
2599	Widget 2599	Office	67.33	False
2600	Widget 2600	Hardware	69.67	True
2601	Widget 2601	Electronics	72.0	False
2602	Widget 2602	Misc	74.33	True
2603	Widget 2603	Tools	76.67	False
2604	Widget 2604	Office	79.0	True
2605	Widget 2605	Hardware	81.33	False
2606	Widget 2606	Electronics	83.67	True
2607	Widget 2607	Misc	86.0	False
2608	Widget 2608	Tools	88.33	True
2609	Widget 2609	Office	90.67	False
2610	Widget 2610	Hardware	93.0	True
2611	Widget 2611	Electronics	95.33	False
2612	Widget 2612	Misc	97.67	True
2613	Widget 2613	Tools	100.0	False
2614	Widget 2614	Office	102.33	True
2615	Widget 2615	Hardware	104.67	False
2616	Widget 2616	Electronics	107.0	True
2617	Widget 2617	Misc	109.33	False
2618	Widget 2618	Tools	111.67	True
2619	Widget 2619	Office	114.0	False
2620	Widget 2620	Hardware	116.33	True
2621	Widget 2621	Electronics	118.67	False
2622	Widget 2622	Misc	121.0	True
2623	Widget 2623	Tools	123.33	False
2624	Widget 2624	Office	125.67	True
2625	Widget 2625	Hardware	128.0	False
2626	Widget 2626	Electronics	130.33	True
2627	Widget 2627	Misc	132.67	False
2628	Widget 2628	Tools	135.0	True
2629	Widget 2629	Office	137.33	False
2630	Widget 2630	Hardware	139.67	True
2631	Widget 2631	Electronics	142.0	False
2632	Widget 2632	Misc	144.33	True
2633	Widget 2633	Tools	146.67	False
2634	Widget 2634	Office	149.0	True
2635	Widget 2635	Hardware	151.33	False
2636	Widget 2636	Electronics	153.67	True
2637	Widget 2637	Misc	156.0	False
2638	Widget 2638	Tools	158.33	True
2639	Widget 2639	Office	160.67	False
2640	Widget 2640	Hardware	163.0	True
2641	Widget 2641	Electronics	165.33	False
2642	Widget 2642	Misc	167.67	True
2643	Widget 2643	Tools	3.33	False
2644	Widget 2644	Office	5.67	True
2645	Widget 2645	Hardware	8.0	False
2646	Widget 2646	Electronics	10.33	True
2647	Widget 2647	Misc	12.67	False
2648	Widget 2648	Tools	15.0	True
2649	Widget 2649	Office	17.33	False
2650	Widget 2650	Hardware	19.67	True
2651	Widget 2651	Electronics	22.0	False
2652	Widget 2652	Misc	24.33	True
2653	Widget 2653	Tools	26.67	False
2654	Widget 2654	Office	29.0	True
2655	Widget 2655	Hardware	31.33	False
2656	Widget 2656	Electronics	33.67	True
2657	Widget 2657	Misc	36.0	False
2658	Widget 2658	Tools	38.33	True
2659	Widget 2659	Office	40.67	False
2660	Widget 2660	Hardware	43.0	True
2661	Widget 2661	Electronics	45.33	False
2662	Widget 2662	Misc	47.67	True
2663	Widget 2663	Tools	50.0	False
2664	Widget 2664	Office	52.33	True
2665	Widget 2665	Hardware	54.67	False
2666	Widget 2666	Electronics	57.0	True
2667	Widget 2667	Misc	59.33	False
2668	Widget 2668	Tools	61.67	True
2669	Widget 2669	Office	64.0	False
2670	Widget 2670	Hardware	66.33	True
2671	Widget 2671	Electronics	68.67	False
2672	Widget 2672	Misc	71.0	True
2673	Widget 2673	Tools	73.33	False
2674	Widget 2674	Office	75.67	True
2675	Widget 2675	Hardware	78.0	False
2676	Widget 2676	Electronics	80.33	True
2677	Widget 2677	Misc	82.67	False
2678	Widget 2678	Tools	85.0	True
2679	Widget 2679	Office	87.33	False
2680	Widget 2680	Hardware	89.67	True
2681	Widget 2681	Electronics	92.0	False
2682	Widget 2682	Misc	94.33	True
2683	Widget 2683	Tools	96.67	False
2684	Widget 2684	Office	99.0	True
2685	Widget 2685	Hardware	101.33	False
2686	Widget 2686	Electronics	103.67	True
2687	Widget 2687	Misc	106.0	False
2688	Widget 2688	Tools	108.33	True
2689	Widget 2689	Office	110.67	False
2690	Widget 2690	Hardware	113.0	True
2691	Widget 2691	Electronics	115.33	False
2692	Widget 2692	Misc	117.67	True
2693	Widget 2693	Tools	120.0	False
2694	Widget 2694	Office	122.33	True
2695	Widget 2695	Hardware	124.67	False
2696	Widget 2696	Electronics	127.0	True
2697	Widget 2697	Misc	129.33	False
2698	Widget 2698	Tools	131.67	True
2699	Widget 2699	Office	134.0	False
2700	Widget 2700	Hardware	136.33	True
2701	Widget 2701	Electronics	138.67	False
2702	Widget 2702	Misc	141.0	True
2703	Widget 2703	Tools	143.33	False
2704	Widget 2704	Office	145.67	True
2705	Widget 2705	Hardware	148.0	False
2706	Widget 2706	Electronics	150.33	True
2707	Widget 2707	Misc	152.67	False
2708	Widget 2708	Tools	155.0	True
2709	Widget 2709	Office	157.33	False
2710	Widget 2710	Hardware	159.67	True
2711	Widget 2711	Electronics	162.0	False
2712	Widget 2712	Misc	164.33	True
2713	Widget 2713	Tools	166.67	False
2714	Widget 2714	Office	169.0	True
2715	Widget 2715	Hardware	4.67	False
2716	Widget 2716	Electronics	7.0	True
2717	Widget 2717	Misc	9.33	False
2718	Widget 2718	Tools	11.67	True
2719	Widget 2719	Office	14.0	False
2720	Widget 2720	Hardware	16.33	True
2721	Widget 2721	Electronics	18.67	False
2722	Widget 2722	Misc	21.0	True
2723	Widget 2723	Tools	23.33	False
2724	Widget 2724	Office	25.67	True
2725	Widget 2725	Hardware	28.0	False
2726	Widget 2726	Electronics	30.33	True
2727	Widget 2727	Misc	32.67	False
2728	Widget 2728	Tools	35.0	True
2729	Widget 2729	Office	37.33	False
2730	Widget 2730	Hardware	39.67	True
2731	Widget 2731	Electronics	42.0	False
2732	Widget 2732	Misc	44.33	True
2733	Widget 2733	Tools	46.67	False
2734	Widget 2734	Office	49.0	True
2735	Widget 2735	Hardware	51.33	False
2736	Widget 2736	Electronics	53.67	True
2737	Widget 2737	Misc	56.0	False
2738	Widget 2738	Tools	58.33	True
2739	Widget 2739	Office	60.67	False
2740	Widget 2740	Hardware	63.0	True
2741	Widget 2741	Electronics	65.33	False
2742	Widget 2742	Misc	67.67	True
2743	Widget 2743	Tools	70.0	False
2744	Widget 2744	Office	72.33	True
2745	Widget 2745	Hardware	74.67	False
2746	Widget 2746	Electronics	77.0	True
2747	Widget 2747	Misc	79.33	False
2748	Widget 2748	Tools	81.67	True
2749	Widget 2749	Office	84.0	False
2750	Widget 2750	Hardware	86.33	True
2751	Widget 2751	Electronics	88.67	False
2752	Widget 2752	Misc	91.0	True
2753	Widget 2753	Tools	93.33	False
2754	Widget 2754	Office	95.67	True
2755	Widget 2755	Hardware	98.0	False
2756	Widget 2756	Electronics	100.33	True
2757	Widget 2757	Misc	102.67	False
2758	Widget 2758	Tools	105.0	True
2759	Widget 2759	Office	107.33	False
2760	Widget 2760	Hardware	109.67	True
2761	Widget 2761	Electronics	112.0	False
2762	Widget 2762	Misc	114.33	True
2763	Widget 2763	Tools	116.67	False
2764	Widget 2764	Office	119.0	True
2765	Widget 2765	Hardware	121.33	False
2766	Widget 2766	Electronics	123.67	True
2767	Widget 2767	Misc	126.0	False
2768	Widget 2768	Tools	128.33	True
2769	Widget 2769	Office	130.67	False
2770	Widget 2770	Hardware	133.0	True
2771	Widget 2771	Electronics	135.33	False
2772	Widget 2772	Misc	137.67	True
2773	Widget 2773	Tools	140.0	False
2774	Widget 2774	Office	142.33	True
2775	Widget 2775	Hardware	144.67	False
2776	Widget 2776	Electronics	147.0	True
2777	Widget 2777	Misc	149.33	False
2778	Widget 2778	Tools	151.67	True
2779	Widget 2779	Office	154.0	False
2780	Widget 2780	Hardware	156.33	True
2781	Widget 2781	Electronics	158.67	False
2782	Widget 2782	Misc	161.0	True
2783	Widget 2783	Tools	163.33	False
2784	Widget 2784	Office	165.67	True
2785	Widget 2785	Hardware	168.0	False
2786	Widget 2786	Electronics	3.67	True
2787	Widget 2787	Misc	6.0	False
2788	Widget 2788	Tools	8.33	True
2789	Widget 2789	Office	10.67	False
2790	Widget 2790	Hardware	13.0	True
2791	Widget 2791	Electronics	15.33	False
2792	Widget 2792	Misc	17.67	True
2793	Widget 2793	Tools	20.0	False
2794	Widget 2794	Office	22.33	True
2795	Widget 2795	Hardware	24.67	False
2796	Widget 2796	Electronics	27.0	True
2797	Widget 2797	Misc	29.33	False
2798	Widget 2798	Tools	31.67	True
2799	Widget 2799	Office	34.0	False
2800	Widget 2800	Hardware	36.33	True
2801	Widget 2801	Electronics	38.67	False
2802	Widget 2802	Misc	41.0	True
2803	Widget 2803	Tools	43.33	False
2804	Widget 2804	Office	45.67	True
2805	Widget 2805	Hardware	48.0	False
2806	Widget 2806	Electronics	50.33	True
2807	Widget 2807	Misc	52.67	False
2808	Widget 2808	Tools	55.0	True
2809	Widget 2809	Office	57.33	False
2810	Widget 2810	Hardware	59.67	True
2811	Widget 2811	Electronics	62.0	False
2812	Widget 2812	Misc	64.33	True
2813	Widget 2813	Tools	66.67	False
2814	Widget 2814	Office	69.0	True
2815	Widget 2815	Hardware	71.33	False
2816	Widget 2816	Electronics	73.67	True
2817	Widget 2817	Misc	76.0	False
2818	Widget 2818	Tools	78.33	True
2819	Widget 2819	Office	80.67	False
2820	Widget 2820	Hardware	83.0	True
2821	Widget 2821	Electronics	85.33	False
2822	Widget 2822	Misc	87.67	True
2823	Widget 2823	Tools	90.0	False
2824	Widget 2824	Office	92.33	True
2825	Widget 2825	Hardware	94.67	False
2826	Widget 2826	Electronics	97.0	True
2827	Widget 2827	Misc	99.33	False
2828	Widget 2828	Tools	101.67	True
2829	Widget 2829	Office	104.0	False
2830	Widget 2830	Hardware	106.33	True
2831	Widget 2831	Electronics	108.67	False
2832	Widget 2832	Misc	111.0	True
2833	Widget 2833	Tools	113.33	False
2834	Widget 2834	Office	115.67	True
2835	Widget 2835	Hardware	118.0	False
2836	Widget 2836	Electronics	120.33	True
2837	Widget 2837	Misc	122.67	False
2838	Widget 2838	Tools	125.0	True
2839	Widget 2839	Office	127.33	False
2840	Widget 2840	Hardware	129.67	True
2841	Widget 2841	Electronics	132.0	False
2842	Widget 2842	Misc	134.33	True
2843	Widget 2843	Tools	136.67	False
2844	Widget 2844	Office	139.0	True
2845	Widget 2845	Hardware	141.33	False
2846	Widget 2846	Electronics	143.67	True
2847	Widget 2847	Misc	146.0	False
2848	Widget 2848	Tools	148.33	True
2849	Widget 2849	Office	150.67	False
2850	Widget 2850	Hardware	153.0	True
2851	Widget 2851	Electronics	155.33	False
2852	Widget 2852	Misc	157.67	True
2853	Widget 2853	Tools	160.0	False
2854	Widget 2854	Office	162.33	True
2855	Widget 2855	Hardware	164.67	False
2856	Widget 2856	Electronics	167.0	True
2857	Widget 2857	Misc	169.33	False
2858	Widget 2858	Tools	5.0	True
2859	Widget 2859	Office	7.33	False
2860	Widget 2860	Hardware	9.67	True
2861	Widget 2861	Electronics	12.0	False
2862	Widget 2862	Misc	14.33	True
2863	Widget 2863	Tools	16.67	False
2864	Widget 2864	Office	19.0	True
2865	Widget 2865	Hardware	21.33	False
2866	Widget 2866	Electronics	23.67	True
2867	Widget 2867	Misc	26.0	False
2868	Widget 2868	Tools	28.33	True
2869	Widget 2869	Office	30.67	False
2870	Widget 2870	Hardware	33.0	True
2871	Widget 2871	Electronics	35.33	False
2872	Widget 2872	Misc	37.67	True
2873	Widget 2873	Tools	40.0	False
2874	Widget 2874	Office	42.33	True
2875	Widget 2875	Hardware	44.67	False
2876	Widget 2876	Electronics	47.0	True
2877	Widget 2877	Misc	49.33	False
2878	Widget 2878	Tools	51.67	True
2879	Widget 2879	Office	54.0	False
2880	Widget 2880	Hardware	56.33	True
2881	Widget 2881	Electronics	58.67	False
2882	Widget 2882	Misc	61.0	True
2883	Widget 2883	Tools	63.33	False
2884	Widget 2884	Office	65.67	True
2885	Widget 2885	Hardware	68.0	False
2886	Widget 2886	Electronics	70.33	True
2887	Widget 2887	Misc	72.67	False
2888	Widget 2888	Tools	75.0	True
2889	Widget 2889	Office	77.33	False
2890	Widget 2890	Hardware	79.67	True
2891	Widget 2891	Electronics	82.0	False
2892	Widget 2892	Misc	84.33	True
2893	Widget 2893	Tools	86.67	False
2894	Widget 2894	Office	89.0	True
2895	Widget 2895	Hardware	91.33	False
2896	Widget 2896	Electronics	93.67	True
2897	Widget 2897	Misc	96.0	False
2898	Widget 2898	Tools	98.33	True
2899	Widget 2899	Office	100.67	False
2900	Widget 2900	Hardware	103.0	True
2901	Widget 2901	Electronics	105.33	False
2902	Widget 2902	Misc	107.67	True
2903	Widget 2903	Tools	110.0	False
2904	Widget 2904	Office	112.33	True
2905	Widget 2905	Hardware	114.67	False
2906	Widget 2906	Electronics	117.0	True
2907	Widget 2907	Misc	119.33	False
2908	Widget 2908	Tools	121.67	True
2909	Widget 2909	Office	124.0	False
2910	Widget 2910	Hardware	126.33	True
2911	Widget 2911	Electronics	128.67	False
2912	Widget 2912	Misc	131.0	True
2913	Widget 2913	Tools	133.33	False
2914	Widget 2914	Office	135.67	True
2915	Widget 2915	Hardware	138.0	False
2916	Widget 2916	Electronics	140.33	True
2917	Widget 2917	Misc	142.67	False
2918	Widget 2918	Tools	145.0	True
2919	Widget 2919	Office	147.33	False
2920	Widget 2920	Hardware	149.67	True
2921	Widget 2921	Electronics	152.0	False
2922	Widget 2922	Misc	154.33	True
2923	Widget 2923	Tools	156.67	False
2924	Widget 2924	Office	159.0	True
2925	Widget 2925	Hardware	161.33	False
2926	Widget 2926	Electronics	163.67	True
2927	Widget 2927	Misc	166.0	False
2928	Widget 2928	Tools	168.33	True
2929	Widget 2929	Office	4.0	False
2930	Widget 2930	Hardware	6.33	True
2931	Widget 2931	Electronics	8.67	False
2932	Widget 2932	Misc	11.0	True
2933	Widget 2933	Tools	13.33	False
2934	Widget 2934	Office	15.67	True
2935	Widget 2935	Hardware	18.0	False
2936	Widget 2936	Electronics	20.33	True
2937	Widget 2937	Misc	22.67	False
2938	Widget 2938	Tools	25.0	True
2939	Widget 2939	Office	27.33	False
2940	Widget 2940	Hardware	29.67	True
2941	Widget 2941	Electronics	32.0	False
2942	Widget 2942	Misc	34.33	True
2943	Widget 2943	Tools	36.67	False
2944	Widget 2944	Office	39.0	True
2945	Widget 2945	Hardware	41.33	False
2946	Widget 2946	Electronics	43.67	True
2947	Widget 2947	Misc	46.0	False
2948	Widget 2948	Tools	48.33	True
2949	Widget 2949	Office	50.67	False
2950	Widget 2950	Hardware	53.0	True
2951	Widget 2951	Electronics	55.33	False
2952	Widget 2952	Misc	57.67	True
2953	Widget 2953	Tools	60.0	False
2954	Widget 2954	Office	62.33	True
2955	Widget 2955	Hardware	64.67	False
2956	Widget 2956	Electronics	67.0	True
2957	Widget 2957	Misc	69.33	False
2958	Widget 2958	Tools	71.67	True
2959	Widget 2959	Office	74.0	False
2960	Widget 2960	Hardware	76.33	True
2961	Widget 2961	Electronics	78.67	False
2962	Widget 2962	Misc	81.0	True
2963	Widget 2963	Tools	83.33	False
2964	Widget 2964	Office	85.67	True
2965	Widget 2965	Hardware	88.0	False
2966	Widget 2966	Electronics	90.33	True
2967	Widget 2967	Misc	92.67	False
2968	Widget 2968	Tools	95.0	True
2969	Widget 2969	Office	97.33	False
2970	Widget 2970	Hardware	99.67	True
2971	Widget 2971	Electronics	102.0	False
2972	Widget 2972	Misc	104.33	True
2973	Widget 2973	Tools	106.67	False
2974	Widget 2974	Office	109.0	True
2975	Widget 2975	Hardware	111.33	False
2976	Widget 2976	Electronics	113.67	True
2977	Widget 2977	Misc	116.0	False
2978	Widget 2978	Tools	118.33	True
2979	Widget 2979	Office	120.67	False
2980	Widget 2980	Hardware	123.0	True
2981	Widget 2981	Electronics	125.33	False
2982	Widget 2982	Misc	127.67	True
2983	Widget 2983	Tools	130.0	False
2984	Widget 2984	Office	132.33	True
2985	Widget 2985	Hardware	134.67	False
2986	Widget 2986	Electronics	137.0	True
2987	Widget 2987	Misc	139.33	False
2988	Widget 2988	Tools	141.67	True
2989	Widget 2989	Office	144.0	False
2990	Widget 2990	Hardware	146.33	True
2991	Widget 2991	Electronics	148.67	False
2992	Widget 2992	Misc	151.0	True
2993	Widget 2993	Tools	153.33	False
2994	Widget 2994	Office	155.67	True
2995	Widget 2995	Hardware	158.0	False
2996	Widget 2996	Electronics	160.33	True
2997	Widget 2997	Misc	162.67	False
2998	Widget 2998	Tools	165.0	True
2999	Widget 2999	Office	167.33	False
3000	Widget 3000	Hardware	3.0	True
3001	Widget 3001	Electronics	5.33	False
3002	Widget 3002	Misc	7.67	True
3003	Widget 3003	Tools	10.0	False
3004	Widget 3004	Office	12.33	True
3005	Widget 3005	Hardware	14.67	False
3006	Widget 3006	Electronics	17.0	True
3007	Widget 3007	Misc	19.33	False
3008	Widget 3008	Tools	21.67	True
3009	Widget 3009	Office	24.0	False
3010	Widget 3010	Hardware	26.33	True
3011	Widget 3011	Electronics	28.67	False
3012	Widget 3012	Misc	31.0	True
3013	Widget 3013	Tools	33.33	False
3014	Widget 3014	Office	35.67	True
3015	Widget 3015	Hardware	38.0	False
3016	Widget 3016	Electronics	40.33	True
3017	Widget 3017	Misc	42.67	False
3018	Widget 3018	Tools	45.0	True
3019	Widget 3019	Office	47.33	False
3020	Widget 3020	Hardware	49.67	True
3021	Widget 3021	Electronics	52.0	False
3022	Widget 3022	Misc	54.33	True
3023	Widget 3023	Tools	56.67	False
3024	Widget 3024	Office	59.0	True
3025	Widget 3025	Hardware	61.33	False
3026	Widget 3026	Electronics	63.67	True
3027	Widget 3027	Misc	66.0	False
3028	Widget 3028	Tools	68.33	True
3029	Widget 3029	Office	70.67	False
3030	Widget 3030	Hardware	73.0	True
3031	Widget 3031	Electronics	75.33	False
3032	Widget 3032	Misc	77.67	True
3033	Widget 3033	Tools	80.0	False
3034	Widget 3034	Office	82.33	True
3035	Widget 3035	Hardware	84.67	False
3036	Widget 3036	Electronics	87.0	True
3037	Widget 3037	Misc	89.33	False
3038	Widget 3038	Tools	91.67	True
3039	Widget 3039	Office	94.0	False
3040	Widget 3040	Hardware	96.33	True
3041	Widget 3041	Electronics	98.67	False
3042	Widget 3042	Misc	101.0	True
3043	Widget 3043	Tools	103.33	False
3044	Widget 3044	Office	105.67	True
3045	Widget 3045	Hardware	108.0	False
3046	Widget 3046	Electronics	110.33	True
3047	Widget 3047	Misc	112.67	False
3048	Widget 3048	Tools	115.0	True
3049	Widget 3049	Office	117.33	False
3050	Widget 3050	Hardware	119.67	True
3051	Widget 3051	Electronics	122.0	False
3052	Widget 3052	Misc	124.33	True
3053	Widget 3053	Tools	126.67	False
3054	Widget 3054	Office	129.0	True
3055	Widget 3055	Hardware	131.33	False
3056	Widget 3056	Electronics	133.67	True
3057	Widget 3057	Misc	136.0	False
3058	Widget 3058	Tools	138.33	True
3059	Widget 3059	Office	140.67	False
3060	Widget 3060	Hardware	143.0	True
3061	Widget 3061	Electronics	145.33	False
3062	Widget 3062	Misc	147.67	True
3063	Widget 3063	Tools	150.0	False
3064	Widget 3064	Office	152.33	True
3065	Widget 3065	Hardware	154.67	False
3066	Widget 3066	Electronics	157.0	True
3067	Widget 3067	Misc	159.33	False
3068	Widget 3068	Tools	161.67	True
3069	Widget 3069	Office	164.0	False
3070	Widget 3070	Hardware	166.33	True
3071	Widget 3071	Electronics	168.67	False
3072	Widget 3072	Misc	4.33	True
3073	Widget 3073	Tools	6.67	False
3074	Widget 3074	Office	9.0	True
3075	Widget 3075	Hardware	11.33	False
3076	Widget 3076	Electronics	13.67	True
3077	Widget 3077	Misc	16.0	False
3078	Widget 3078	Tools	18.33	True
3079	Widget 3079	Office	20.67	False
3080	Widget 3080	Hardware	23.0	True
3081	Widget 3081	Electronics	25.33	False
3082	Widget 3082	Misc	27.67	True
3083	Widget 3083	Tools	30.0	False
3084	Widget 3084	Office	32.33	True
3085	Widget 3085	Hardware	34.67	False
3086	Widget 3086	Electronics	37.0	True
3087	Widget 3087	Misc	39.33	False
3088	Widget 3088	Tools	41.67	True
3089	Widget 3089	Office	44.0	False
3090	Widget 3090	Hardware	46.33	True
3091	Widget 3091	Electronics	48.67	False
3092	Widget 3092	Misc	51.0	True
3093	Widget 3093	Tools	53.33	False
3094	Widget 3094	Office	55.67	True
3095	Widget 3095	Hardware	58.0	False
3096	Widget 3096	Electronics	60.33	True
3097	Widget 3097	Misc	62.67	False
3098	Widget 3098	Tools	65.0	True
3099	Widget 3099	Office	67.33	False
3100	Widget 3100	Hardware	69.67	True
3101	Widget 3101	Electronics	72.0	False
3102	Widget 3102	Misc	74.33	True
3103	Widget 3103	Tools	76.67	False
3104	Widget 3104	Office	79.0	True
3105	Widget 3105	Hardware	81.33	False
3106	Widget 3106	Electronics	83.67	True
3107	Widget 3107	Misc	86.0	False
3108	Widget 3108	Tools	88.33	True
3109	Widget 3109	Office	90.67	False
3110	Widget 3110	Hardware	93.0	True
3111	Widget 3111	Electronics	95.33	False
3112	Widget 3112	Misc	97.67	True
3113	Widget 3113	Tools	100.0	False
3114	Widget 3114	Office	102.33	True
3115	Widget 3115	Hardware	104.67	False
3116	Widget 3116	Electronics	107.0	True
3117	Widget 3117	Misc	109.33	False
3118	Widget 3118	Tools	111.67	True
3119	Widget 3119	Office	114.0	False
3120	Widget 3120	Hardware	116.33	True
3121	Widget 3121	Electronics	118.67	False
3122	Widget 3122	Misc	121.0	True
3123	Widget 3123	Tools	123.33	False
3124	Widget 3124	Office	125.67	True
3125	Widget 3125	Hardware	128.0	False
3126	Widget 3126	Electronics	130.33	True
3127	Widget 3127	Misc	132.67	False
3128	Widget 3128	Tools	135.0	True
3129	Widget 3129	Office	137.33	False
3130	Widget 3130	Hardware	139.67	True
3131	Widget 3131	Electronics	142.0	False
3132	Widget 3132	Misc	144.33	True
3133	Widget 3133	Tools	146.67	False
3134	Widget 3134	Office	149.0	True
3135	Widget 3135	Hardware	151.33	False
3136	Widget 3136	Electronics	153.67	True
3137	Widget 3137	Misc	156.0	False
3138	Widget 3138	Tools	158.33	True
3139	Widget 3139	Office	160.67	False
3140	Widget 3140	Hardware	163.0	True
3141	Widget 3141	Electronics	165.33	False
3142	Widget 3142	Misc	167.67	True
3143	Widget 3143	Tools	3.33	False
3144	Widget 3144	Office	5.67	True
3145	Widget 3145	Hardware	8.0	False
3146	Widget 3146	Electronics	10.33	True
3147	Widget 3147	Misc	12.67	False
3148	Widget 3148	Tools	15.0	True
3149	Widget 3149	Office	17.33	False
3150	Widget 3150	Hardware	19.67	True
3151	Widget 3151	Electronics	22.0	False
3152	Widget 3152	Misc	24.33	True
3153	Widget 3153	Tools	26.67	False
3154	Widget 3154	Office	29.0	True
3155	Widget 3155	Hardware	31.33	False
3156	Widget 3156	Electronics	33.67	True
3157	Widget 3157	Misc	36.0	False
3158	Widget 3158	Tools	38.33	True
3159	Widget 3159	Office	40.67	False
3160	Widget 3160	Hardware	43.0	True
3161	Widget 3161	Electronics	45.33	False
3162	Widget 3162	Misc	47.67	True
3163	Widget 3163	Tools	50.0	False
3164	Widget 3164	Office	52.33	True
3165	Widget 3165	Hardware	54.67	False
3166	Widget 3166	Electronics	57.0	True
3167	Widget 3167	Misc	59.33	False
3168	Widget 3168	Tools	61.67	True
3169	Widget 3169	Office	64.0	False
3170	Widget 3170	Hardware	66.33	True
3171	Widget 3171	Electronics	68.67	False
3172	Widget 3172	Misc	71.0	True
3173	Widget 3173	Tools	73.33	False
3174	Widget 3174	Office	75.67	True
3175	Widget 3175	Hardware	78.0	False
3176	Widget 3176	Electronics	80.33	True
3177	Widget 3177	Misc	82.67	False
3178	Widget 3178	Tools	85.0	True
3179	Widget 3179	Office	87.33	False
3180	Widget 3180	Hardware	89.67	True
3181	Widget 3181	Electronics	92.0	False
3182	Widget 3182	Misc	94.33	True
3183	Widget 3183	Tools	96.67	False
3184	Widget 3184	Office	99.0	True
3185	Widget 3185	Hardware	101.33	False
3186	Widget 3186	Electronics	103.67	True
3187	Widget 3187	Misc	106.0	False
3188	Widget 3188	Tools	108.33	True
3189	Widget 3189	Office	110.67	False
3190	Widget 3190	Hardware	113.0	True
3191	Widget 3191	Electronics	115.33	False
3192	Widget 3192	Misc	117.67	True
3193	Widget 3193	Tools	120.0	False
3194	Widget 3194	Office	122.33	True
3195	Widget 3195	Hardware	124.67	False
3196	Widget 3196	Electronics	127.0	True
3197	Widget 3197	Misc	129.33	False
3198	Widget 3198	Tools	131.67	True
3199	Widget 3199	Office	134.0	False
3200	Widget 3200	Hardware	136.33	True
3201	Widget 3201	Electronics	138.67	False
3202	Widget 3202	Misc	141.0	True
3203	Widget 3203	Tools	143.33	False
3204	Widget 3204	Office	145.67	True
3205	Widget 3205	Hardware	148.0	False
3206	Widget 3206	Electronics	150.33	True
3207	Widget 3207	Misc	152.67	False
3208	Widget 3208	Tools	155.0	True
3209	Widget 3209	Office	157.33	False
3210	Widget 3210	Hardware	159.67	True
3211	Widget 3211	Electronics	162.0	False
3212	Widget 3212	Misc	164.33	True
3213	Widget 3213	Tools	166.67	False
3214	Widget 3214	Office	169.0	True
3215	Widget 3215	Hardware	4.67	False
3216	Widget 3216	Electronics	7.0	True
3217	Widget 3217	Misc	9.33	False
3218	Widget 3218	Tools	11.67	True
3219	Widget 3219	Office	14.0	False
3220	Widget 3220	Hardware	16.33	True
3221	Widget 3221	Electronics	18.67	False
3222	Widget 3222	Misc	21.0	True
3223	Widget 3223	Tools	23.33	False
3224	Widget 3224	Office	25.67	True
3225	Widget 3225	Hardware	28.0	False
3226	Widget 3226	Electronics	30.33	True
3227	Widget 3227	Misc	32.67	False
3228	Widget 3228	Tools	35.0	True
3229	Widget 3229	Office	37.33	False
3230	Widget 3230	Hardware	39.67	True
3231	Widget 3231	Electronics	42.0	False
3232	Widget 3232	Misc	44.33	True
3233	Widget 3233	Tools	46.67	False
3234	Widget 3234	Office	49.0	True
3235	Widget 3235	Hardware	51.33	False
3236	Widget 3236	Electronics	53.67	True
3237	Widget 3237	Misc	56.0	False
3238	Widget 3238	Tools	58.33	True
3239	Widget 3239	Office	60.67	False
3240	Widget 3240	Hardware	63.0	True
3241	Widget 3241	Electronics	65.33	False
3242	Widget 3242	Misc	67.67	True
3243	Widget 3243	Tools	70.0	False
3244	Widget 3244	Office	72.33	True
3245	Widget 3245	Hardware	74.67	False
3246	Widget 3246	Electronics	77.0	True
3247	Widget 3247	Misc	79.33	False
3248	Widget 3248	Tools	81.67	True
3249	Widget 3249	Office	84.0	False
3250	Widget 3250	Hardware	86.33	True
3251	Widget 3251	Electronics	88.67	False
3252	Widget 3252	Misc	91.0	True
3253	Widget 3253	Tools	93.33	False
3254	Widget 3254	Office	95.67	True
3255	Widget 3255	Hardware	98.0	False
3256	Widget 3256	Electronics	100.33	True
3257	Widget 3257	Misc	102.67	False
3258	Widget 3258	Tools	105.0	True
3259	Widget 3259	Office	107.33	False
3260	Widget 3260	Hardware	109.67	True
3261	Widget 3261	Electronics	112.0	False
3262	Widget 3262	Misc	114.33	True
3263	Widget 3263	Tools	116.67	False
3264	Widget 3264	Office	119.0	True
3265	Widget 3265	Hardware	121.33	False
3266	Widget 3266	Electronics	123.67	True
3267	Widget 3267	Misc	126.0	False
3268	Widget 3268	Tools	128.33	True
3269	Widget 3269	Office	130.67	False
3270	Widget 3270	Hardware	133.0	True
3271	Widget 3271	Electronics	135.33	False
3272	Widget 3272	Misc	137.67	True
3273	Widget 3273	Tools	140.0	False
3274	Widget 3274	Office	142.33	True
3275	Widget 3275	Hardware	144.67	False
3276	Widget 3276	Electronics	147.0	True
3277	Widget 3277	Misc	149.33	False
3278	Widget 3278	Tools	151.67	True
3279	Widget 3279	Office	154.0	False
3280	Widget 3280	Hardware	156.33	True
3281	Widget 3281	Electronics	158.67	False
3282	Widget 3282	Misc	161.0	True
3283	Widget 3283	Tools	163.33	False
3284	Widget 3284	Office	165.67	True
3285	Widget 3285	Hardware	168.0	False
3286	Widget 3286	Electronics	3.67	True
3287	Widget 3287	Misc	6.0	False
3288	Widget 3288	Tools	8.33	True
3289	Widget 3289	Office	10.67	False
3290	Widget 3290	Hardware	13.0	True
3291	Widget 3291	Electronics	15.33	False
3292	Widget 3292	Misc	17.67	True
3293	Widget 3293	Tools	20.0	False
3294	Widget 3294	Office	22.33	True
3295	Widget 3295	Hardware	24.67	False
3296	Widget 3296	Electronics	27.0	True
3297	Widget 3297	Misc	29.33	False
3298	Widget 3298	Tools	31.67	True
3299	Widget 3299	Office	34.0	False
3300	Widget 3300	Hardware	36.33	True
3301	Widget 3301	Electronics	38.67	False
3302	Widget 3302	Misc	41.0	True
3303	Widget 3303	Tools	43.33	False
3304	Widget 3304	Office	45.67	True
3305	Widget 3305	Hardware	48.0	False
3306	Widget 3306	Electronics	50.33	True
3307	Widget 3307	Misc	52.67	False
3308	Widget 3308	Tools	55.0	True
3309	Widget 3309	Office	57.33	False
3310	Widget 3310	Hardware	59.67	True
3311	Widget 3311	Electronics	62.0	False
3312	Widget 3312	Misc	64.33	True
3313	Widget 3313	Tools	66.67	False
3314	Widget 3314	Office	69.0	True
3315	Widget 3315	Hardware	71.33	False
3316	Widget 3316	Electronics	73.67	True
3317	Widget 3317	Misc	76.0	False
3318	Widget 3318	Tools	78.33	True
3319	Widget 3319	Office	80.67	False
3320	Widget 3320	Hardware	83.0	True
3321	Widget 3321	Electronics	85.33	False
3322	Widget 3322	Misc	87.67	True
3323	Widget 3323	Tools	90.0	False
3324	Widget 3324	Office	92.33	True
3325	Widget 3325	Hardware	94.67	False
3326	Widget 3326	Electronics	97.0	True
3327	Widget 3327	Misc	99.33	False
3328	Widget 3328	Tools	101.67	True
3329	Widget 3329	Office	104.0	False
3330	Widget 3330	Hardware	106.33	True
3331	Widget 3331	Electronics	108.67	False
3332	Widget 3332	Misc	111.0	True
3333	Widget 3333	Tools	113.33	False
3334	Widget 3334	Office	115.67	True
3335	Widget 3335	Hardware	118.0	False
3336	Widget 3336	Electronics	120.33	True
3337	Widget 3337	Misc	122.67	False
3338	Widget 3338	Tools	125.0	True
3339	Widget 3339	Office	127.33	False
3340	Widget 3340	Hardware	129.67	True
3341	Widget 3341	Electronics	132.0	False
3342	Widget 3342	Misc	134.33	True
3343	Widget 3343	Tools	136.67	False
3344	Widget 3344	Office	139.0	True
3345	Widget 3345	Hardware	141.33	False
3346	Widget 3346	Electronics	143.67	True
3347	Widget 3347	Misc	146.0	False
3348	Widget 3348	Tools	148.33	True
3349	Widget 3349	Office	150.67	False
3350	Widget 3350	Hardware	153.0	True
3351	Widget 3351	Electronics	155.33	False
3352	Widget 3352	Misc	157.67	True
3353	Widget 3353	Tools	160.0	False
3354	Widget 3354	Office	162.33	True
3355	Widget 3355	Hardware	164.67	False
3356	Widget 3356	Electronics	167.0	True
3357	Widget 3357	Misc	169.33	False
3358	Widget 3358	Tools	5.0	True
3359	Widget 3359	Office	7.33	False
3360	Widget 3360	Hardware	9.67	True
3361	Widget 3361	Electronics	12.0	False
3362	Widget 3362	Misc	14.33	True
3363	Widget 3363	Tools	16.67	False
3364	Widget 3364	Office	19.0	True
3365	Widget 3365	Hardware	21.33	False
3366	Widget 3366	Electronics	23.67	True
3367	Widget 3367	Misc	26.0	False
3368	Widget 3368	Tools	28.33	True
3369	Widget 3369	Office	30.67	False
3370	Widget 3370	Hardware	33.0	True
3371	Widget 3371	Electronics	35.33	False
3372	Widget 3372	Misc	37.67	True
3373	Widget 3373	Tools	40.0	False
3374	Widget 3374	Office	42.33	True
3375	Widget 3375	Hardware	44.67	False
3376	Widget 3376	Electronics	47.0	True
3377	Widget 3377	Misc	49.33	False
3378	Widget 3378	Tools	51.67	True
3379	Widget 3379	Office	54.0	False
3380	Widget 3380	Hardware	56.33	True
3381	Widget 3381	Electronics	58.67	False
3382	Widget 3382	Misc	61.0	True
3383	Widget 3383	Tools	63.33	False
3384	Widget 3384	Office	65.67	True
3385	Widget 3385	Hardware	68.0	False
3386	Widget 3386	Electronics	70.33	True
3387	Widget 3387	Misc	72.67	False
3388	Widget 3388	Tools	75.0	True
3389	Widget 3389	Office	77.33	False
3390	Widget 3390	Hardware	79.67	True
3391	Widget 3391	Electronics	82.0	False
3392	Widget 3392	Misc	84.33	True
3393	Widget 3393	Tools	86.67	False
3394	Widget 3394	Office	89.0	True
3395	Widget 3395	Hardware	91.33	False
3396	Widget 3396	Electronics	93.67	True
3397	Widget 3397	Misc	96.0	False
3398	Widget 3398	Tools	98.33	True
3399	Widget 3399	Office	100.67	False
3400	Widget 3400	Hardware	103.0	True
3401	Widget 3401	Electronics	105.33	False
3402	Widget 3402	Misc	107.67	True
3403	Widget 3403	Tools	110.0	False
3404	Widget 3404	Office	112.33	True
3405	Widget 3405	Hardware	114.67	False
3406	Widget 3406	Electronics	117.0	True
3407	Widget 3407	Misc	119.33	False
3408	Widget 3408	Tools	121.67	True
3409	Widget 3409	Office	124.0	False
3410	Widget 3410	Hardware	126.33	True
3411	Widget 3411	Electronics	128.67	False
3412	Widget 3412	Misc	131.0	True
3413	Widget 3413	Tools	133.33	False
3414	Widget 3414	Office	135.67	True
3415	Widget 3415	Hardware	138.0	False
3416	Widget 3416	Electronics	140.33	True
3417	Widget 3417	Misc	142.67	False
3418	Widget 3418	Tools	145.0	True
3419	Widget 3419	Office	147.33	False
3420	Widget 3420	Hardware	149.67	True
3421	Widget 3421	Electronics	152.0	False
3422	Widget 3422	Misc	154.33	True
3423	Widget 3423	Tools	156.67	False
3424	Widget 3424	Office	159.0	True
3425	Widget 3425	Hardware	161.33	False
3426	Widget 3426	Electronics	163.67	True
3427	Widget 3427	Misc	166.0	False
3428	Widget 3428	Tools	168.33	True
3429	Widget 3429	Office	4.0	False
3430	Widget 3430	Hardware	6.33	True
3431	Widget 3431	Electronics	8.67	False
3432	Widget 3432	Misc	11.0	True
3433	Widget 3433	Tools	13.33	False
3434	Widget 3434	Office	15.67	True
3435	Widget 3435	Hardware	18.0	False
3436	Widget 3436	Electronics	20.33	True
3437	Widget 3437	Misc	22.67	False
3438	Widget 3438	Tools	25.0	True
3439	Widget 3439	Office	27.33	False
3440	Widget 3440	Hardware	29.67	True
3441	Widget 3441	Electronics	32.0	False
3442	Widget 3442	Misc	34.33	True
3443	Widget 3443	Tools	36.67	False
3444	Widget 3444	Office	39.0	True
3445	Widget 3445	Hardware	41.33	False
3446	Widget 3446	Electronics	43.67	True
3447	Widget 3447	Misc	46.0	False
3448	Widget 3448	Tools	48.33	True
3449	Widget 3449	Office	50.67	False
3450	Widget 3450	Hardware	53.0	True
3451	Widget 3451	Electronics	55.33	False
3452	Widget 3452	Misc	57.67	True
3453	Widget 3453	Tools	60.0	False
3454	Widget 3454	Office	62.33	True
3455	Widget 3455	Hardware	64.67	False
3456	Widget 3456	Electronics	67.0	True
3457	Widget 3457	Misc	69.33	False
3458	Widget 3458	Tools	71.67	True
3459	Widget 3459	Office	74.0	False
3460	Widget 3460	Hardware	76.33	True
3461	Widget 3461	Electronics	78.67	False
3462	Widget 3462	Misc	81.0	True
3463	Widget 3463	Tools	83.33	False
3464	Widget 3464	Office	85.67	True
3465	Widget 3465	Hardware	88.0	False
3466	Widget 3466	Electronics	90.33	True
3467	Widget 3467	Misc	92.67	False
3468	Widget 3468	Tools	95.0	True
3469	Widget 3469	Office	97.33	False
3470	Widget 3470	Hardware	99.67	True
3471	Widget 3471	Electronics	102.0	False
3472	Widget 3472	Misc	104.33	True
3473	Widget 3473	Tools	106.67	False
3474	Widget 3474	Office	109.0	True
3475	Widget 3475	Hardware	111.33	False
3476	Widget 3476	Electronics	113.67	True
3477	Widget 3477	Misc	116.0	False
3478	Widget 3478	Tools	118.33	True
3479	Widget 3479	Office	120.67	False
3480	Widget 3480	Hardware	123.0	True
3481	Widget 3481	Electronics	125.33	False
3482	Widget 3482	Misc	127.67	True
3483	Widget 3483	Tools	130.0	False
3484	Widget 3484	Office	132.33	True
3485	Widget 3485	Hardware	134.67	False
3486	Widget 3486	Electronics	137.0	True
3487	Widget 3487	Misc	139.33	False
3488	Widget 3488	Tools	141.67	True
3489	Widget 3489	Office	144.0	False
3490	Widget 3490	Hardware	146.33	True
3491	Widget 3491	Electronics	148.67	False
3492	Widget 3492	Misc	151.0	True
3493	Widget 3493	Tools	153.33	False
3494	Widget 3494	Office	155.67	True
3495	Widget 3495	Hardware	158.0	False
3496	Widget 3496	Electronics	160.33	True
3497	Widget 3497	Misc	162.67	False
3498	Widget 3498	Tools	165.0	True
3499	Widget 3499	Office	167.33	False
3500	Widget 3500	Hardware	3.0	True
3501	Widget 3501	Electronics	5.33	False
3502	Widget 3502	Misc	7.67	True
3503	Widget 3503	Tools	10.0	False
3504	Widget 3504	Office	12.33	True
3505	Widget 3505	Hardware	14.67	False
3506	Widget 3506	Electronics	17.0	True
3507	Widget 3507	Misc	19.33	False
3508	Widget 3508	Tools	21.67	True
3509	Widget 3509	Office	24.0	False
3510	Widget 3510	Hardware	26.33	True
3511	Widget 3511	Electronics	28.67	False
3512	Widget 3512	Misc	31.0	True
3513	Widget 3513	Tools	33.33	False
3514	Widget 3514	Office	35.67	True
3515	Widget 3515	Hardware	38.0	False
3516	Widget 3516	Electronics	40.33	True
3517	Widget 3517	Misc	42.67	False
3518	Widget 3518	Tools	45.0	True
3519	Widget 3519	Office	47.33	False
3520	Widget 3520	Hardware	49.67	True
3521	Widget 3521	Electronics	52.0	False
3522	Widget 3522	Misc	54.33	True
3523	Widget 3523	Tools	56.67	False
3524	Widget 3524	Office	59.0	True
3525	Widget 3525	Hardware	61.33	False
3526	Widget 3526	Electronics	63.67	True
3527	Widget 3527	Misc	66.0	False
3528	Widget 3528	Tools	68.33	True
3529	Widget 3529	Office	70.67	False
3530	Widget 3530	Hardware	73.0	True
3531	Widget 3531	Electronics	75.33	False
3532	Widget 3532	Misc	77.67	True
3533	Widget 3533	Tools	80.0	False
3534	Widget 3534	Office	82.33	True
3535	Widget 3535	Hardware	84.67	False
3536	Widget 3536	Electronics	87.0	True
3537	Widget 3537	Misc	89.33	False
3538	Widget 3538	Tools	91.67	True
3539	Widget 3539	Office	94.0	False
3540	Widget 3540	Hardware	96.33	True
3541	Widget 3541	Electronics	98.67	False
3542	Widget 3542	Misc	101.0	True
3543	Widget 3543	Tools	103.33	False
3544	Widget 3544	Office	105.67	True
3545	Widget 3545	Hardware	108.0	False
3546	Widget 3546	Electronics	110.33	True
3547	Widget 3547	Misc	112.67	False
3548	Widget 3548	Tools	115.0	True
3549	Widget 3549	Office	117.33	False
3550	Widget 3550	Hardware	119.67	True
3551	Widget 3551	Electronics	122.0	False
3552	Widget 3552	Misc	124.33	True
3553	Widget 3553	Tools	126.67	False
3554	Widget 3554	Office	129.0	True
3555	Widget 3555	Hardware	131.33	False
3556	Widget 3556	Electronics	133.67	True
3557	Widget 3557	Misc	136.0	False
3558	Widget 3558	Tools	138.33	True
3559	Widget 3559	Office	140.67	False
3560	Widget 3560	Hardware	143.0	True
3561	Widget 3561	Electronics	145.33	False
3562	Widget 3562	Misc	147.67	True
3563	Widget 3563	Tools	150.0	False
3564	Widget 3564	Office	152.33	True
3565	Widget 3565	Hardware	154.67	False
3566	Widget 3566	Electronics	157.0	True
3567	Widget 3567	Misc	159.33	False
3568	Widget 3568	Tools	161.67	True
3569	Widget 3569	Office	164.0	False
3570	Widget 3570	Hardware	166.33	True
3571	Widget 3571	Electronics	168.67	False
3572	Widget 3572	Misc	4.33	True
3573	Widget 3573	Tools	6.67	False
3574	Widget 3574	Office	9.0	True
3575	Widget 3575	Hardware	11.33	False
3576	Widget 3576	Electronics	13.67	True
3577	Widget 3577	Misc	16.0	False
3578	Widget 3578	Tools	18.33	True
3579	Widget 3579	Office	20.67	False
3580	Widget 3580	Hardware	23.0	True
3581	Widget 3581	Electronics	25.33	False
3582	Widget 3582	Misc	27.67	True
3583	Widget 3583	Tools	30.0	False
3584	Widget 3584	Office	32.33	True
3585	Widget 3585	Hardware	34.67	False
3586	Widget 3586	Electronics	37.0	True
3587	Widget 3587	Misc	39.33	False
3588	Widget 3588	Tools	41.67	True
3589	Widget 3589	Office	44.0	False
3590	Widget 3590	Hardware	46.33	True
3591	Widget 3591	Electronics	48.67	False
3592	Widget 3592	Misc	51.0	True
3593	Widget 3593	Tools	53.33	False
3594	Widget 3594	Office	55.67	True
3595	Widget 3595	Hardware	58.0	False
3596	Widget 3596	Electronics	60.33	True
3597	Widget 3597	Misc	62.67	False
3598	Widget 3598	Tools	65.0	True
3599	Widget 3599	Office	67.33	False
3600	Widget 3600	Hardware	69.67	True
3601	Widget 3601	Electronics	72.0	False
3602	Widget 3602	Misc	74.33	True
3603	Widget 3603	Tools	76.67	False
3604	Widget 3604	Office	79.0	True
3605	Widget 3605	Hardware	81.33	False
3606	Widget 3606	Electronics	83.67	True
3607	Widget 3607	Misc	86.0	False
3608	Widget 3608	Tools	88.33	True
3609	Widget 3609	Office	90.67	False
3610	Widget 3610	Hardware	93.0	True
3611	Widget 3611	Electronics	95.33	False
3612	Widget 3612	Misc	97.67	True
3613	Widget 3613	Tools	100.0	False
3614	Widget 3614	Office	102.33	True
3615	Widget 3615	Hardware	104.67	False
3616	Widget 3616	Electronics	107.0	True
3617	Widget 3617	Misc	109.33	False
3618	Widget 3618	Tools	111.67	True
3619	Widget 3619	Office	114.0	False
3620	Widget 3620	Hardware	116.33	True
3621	Widget 3621	Electronics	118.67	False
3622	Widget 3622	Misc	121.0	True
3623	Widget 3623	Tools	123.33	False
3624	Widget 3624	Office	125.67	True
3625	Widget 3625	Hardware	128.0	False
3626	Widget 3626	Electronics	130.33	True
3627	Widget 3627	Misc	132.67	False
3628	Widget 3628	Tools	135.0	True
3629	Widget 3629	Office	137.33	False
3630	Widget 3630	Hardware	139.67	True
3631	Widget 3631	Electronics	142.0	False
3632	Widget 3632	Misc	144.33	True
3633	Widget 3633	Tools	146.67	False
3634	Widget 3634	Office	149.0	True
3635	Widget 3635	Hardware	151.33	False
3636	Widget 3636	Electronics	153.67	True
3637	Widget 3637	Misc	156.0	False
3638	Widget 3638	Tools	158.33	True
3639	Widget 3639	Office	160.67	False
3640	Widget 3640	Hardware	163.0	True
3641	Widget 3641	Electronics	165.33	False
3642	Widget 3642	Misc	167.67	True
3643	Widget 3643	Tools	3.33	False
3644	Widget 3644	Office	5.67	True
3645	Widget 3645	Hardware	8.0	False
3646	Widget 3646	Electronics	10.33	True
3647	Widget 3647	Misc	12.67	False
3648	Widget 3648	Tools	15.0	True
3649	Widget 3649	Office	17.33	False
3650	Widget 3650	Hardware	19.67	True
3651	Widget 3651	Electronics	22.0	False
3652	Widget 3652	Misc	24.33	True
3653	Widget 3653	Tools	26.67	False
3654	Widget 3654	Office	29.0	True
3655	Widget 3655	Hardware	31.33	False
3656	Widget 3656	Electronics	33.67	True
3657	Widget 3657	Misc	36.0	False
3658	Widget 3658	Tools	38.33	True
3659	Widget 3659	Office	40.67	False
3660	Widget 3660	Hardware	43.0	True
3661	Widget 3661	Electronics	45.33	False
3662	Widget 3662	Misc	47.67	True
3663	Widget 3663	Tools	50.0	False
3664	Widget 3664	Office	52.33	True
3665	Widget 3665	Hardware	54.67	False
3666	Widget 3666	Electronics	57.0	True
3667	Widget 3667	Misc	59.33	False
3668	Widget 3668	Tools	61.67	True
3669	Widget 3669	Office	64.0	False
3670	Widget 3670	Hardware	66.33	True
3671	Widget 3671	Electronics	68.67	False
3672	Widget 3672	Misc	71.0	True
3673	Widget 3673	Tools	73.33	False
3674	Widget 3674	Office	75.67	True
3675	Widget 3675	Hardware	78.0	False
3676	Widget 3676	Electronics	80.33	True
3677	Widget 3677	Misc	82.67	False
3678	Widget 3678	Tools	85.0	True
3679	Widget 3679	Office	87.33	False
3680	Widget 3680	Hardware	89.67	True
3681	Widget 3681	Electronics	92.0	False
3682	Widget 3682	Misc	94.33	True
3683	Widget 3683	Tools	96.67	False
3684	Widget 3684	Office	99.0	True
3685	Widget 3685	Hardware	101.33	False
3686	Widget 3686	Electronics	103.67	True
3687	Widget 3687	Misc	106.0	False
3688	Widget 3688	Tools	108.33	True
3689	Widget 3689	Office	110.67	False
3690	Widget 3690	Hardware	113.0	True
3691	Widget 3691	Electronics	115.33	False
3692	Widget 3692	Misc	117.67	True
3693	Widget 3693	Tools	120.0	False
3694	Widget 3694	Office	122.33	True
3695	Widget 3695	Hardware	124.67	False
3696	Widget 3696	Electronics	127.0	True
3697	Widget 3697	Misc	129.33	False
3698	Widget 3698	Tools	131.67	True
3699	Widget 3699	Office	134.0	False
3700	Widget 3700	Hardware	136.33	True
3701	Widget 3701	Electronics	138.67	False
3702	Widget 3702	Misc	141.0	True
3703	Widget 3703	Tools	143.33	False
3704	Widget 3704	Office	145.67	True
3705	Widget 3705	Hardware	148.0	False
3706	Widget 3706	Electronics	150.33	True
3707	Widget 3707	Misc	152.67	False
3708	Widget 3708	Tools	155.0	True
3709	Widget 3709	Office	157.33	False
3710	Widget 3710	Hardware	159.67	True
3711	Widget 3711	Electronics	162.0	False
3712	Widget 3712	Misc	164.33	True
3713	Widget 3713	Tools	166.67	False
3714	Widget 3714	Office	169.0	True
3715	Widget 3715	Hardware	4.67	False
3716	Widget 3716	Electronics	7.0	True
3717	Widget 3717	Misc	9.33	False
3718	Widget 3718	Tools	11.67	True
3719	Widget 3719	Office	14.0	False
3720	Widget 3720	Hardware	16.33	True
3721	Widget 3721	Electronics	18.67	False
3722	Widget 3722	Misc	21.0	True
3723	Widget 3723	Tools	23.33	False
3724	Widget 3724	Office	25.67	True
3725	Widget 3725	Hardware	28.0	False
3726	Widget 3726	Electronics	30.33	True
3727	Widget 3727	Misc	32.67	False
3728	Widget 3728	Tools	35.0	True
3729	Widget 3729	Office	37.33	False
3730	Widget 3730	Hardware	39.67	True
3731	Widget 3731	Electronics	42.0	False
3732	Widget 3732	Misc	44.33	True
3733	Widget 3733	Tools	46.67	False
3734	Widget 3734	Office	49.0	True
3735	Widget 3735	Hardware	51.33	False
3736	Widget 3736	Electronics	53.67	True
3737	Widget 3737	Misc	56.0	False
3738	Widget 3738	Tools	58.33	True
3739	Widget 3739	Office	60.67	False
3740	Widget 3740	Hardware	63.0	True
3741	Widget 3741	Electronics	65.33	False
3742	Widget 3742	Misc	67.67	True
3743	Widget 3743	Tools	70.0	False
3744	Widget 3744	Office	72.33	True
3745	Widget 3745	Hardware	74.67	False
3746	Widget 3746	Electronics	77.0	True
3747	Widget 3747	Misc	79.33	False
3748	Widget 3748	Tools	81.67	True
3749	Widget 3749	Office	84.0	False
3750	Widget 3750	Hardware	86.33	True
3751	Widget 3751	Electronics	88.67	False
3752	Widget 3752	Misc	91.0	True
3753	Widget 3753	Tools	93.33	False
3754	Widget 3754	Office	95.67	True
3755	Widget 3755	Hardware	98.0	False
3756	Widget 3756	Electronics	100.33	True
3757	Widget 3757	Misc	102.67	False
3758	Widget 3758	Tools	105.0	True
3759	Widget 3759	Office	107.33	False
3760	Widget 3760	Hardware	109.67	True
3761	Widget 3761	Electronics	112.0	False
3762	Widget 3762	Misc	114.33	True
3763	Widget 3763	Tools	116.67	False
3764	Widget 3764	Office	119.0	True
3765	Widget 3765	Hardware	121.33	False
3766	Widget 3766	Electronics	123.67	True
3767	Widget 3767	Misc	126.0	False
3768	Widget 3768	Tools	128.33	True
3769	Widget 3769	Office	130.67	False
3770	Widget 3770	Hardware	133.0	True
3771	Widget 3771	Electronics	135.33	False
3772	Widget 3772	Misc	137.67	True
3773	Widget 3773	Tools	140.0	False
3774	Widget 3774	Office	142.33	True
3775	Widget 3775	Hardware	144.67	False
3776	Widget 3776	Electronics	147.0	True
3777	Widget 3777	Misc	149.33	False
3778	Widget 3778	Tools	151.67	True
3779	Widget 3779	Office	154.0	False
3780	Widget 3780	Hardware	156.33	True
3781	Widget 3781	Electronics	158.67	False
3782	Widget 3782	Misc	161.0	True
3783	Widget 3783	Tools	163.33	False
3784	Widget 3784	Office	165.67	True
3785	Widget 3785	Hardware	168.0	False
3786	Widget 3786	Electronics	3.67	True
3787	Widget 3787	Misc	6.0	False
3788	Widget 3788	Tools	8.33	True
3789	Widget 3789	Office	10.67	False
3790	Widget 3790	Hardware	13.0	True
3791	Widget 3791	Electronics	15.33	False
3792	Widget 3792	Misc	17.67	True
3793	Widget 3793	Tools	20.0	False
3794	Widget 3794	Office	22.33	True
3795	Widget 3795	Hardware	24.67	False
3796	Widget 3796	Electronics	27.0	True
3797	Widget 3797	Misc	29.33	False
3798	Widget 3798	Tools	31.67	True
3799	Widget 3799	Office	34.0	False
3800	Widget 3800	Hardware	36.33	True
3801	Widget 3801	Electronics	38.67	False
3802	Widget 3802	Misc	41.0	True
3803	Widget 3803	Tools	43.33	False
3804	Widget 3804	Office	45.67	True
3805	Widget 3805	Hardware	48.0	False
3806	Widget 3806	Electronics	50.33	True
3807	Widget 3807	Misc	52.67	False
3808	Widget 3808	Tools	55.0	True
3809	Widget 3809	Office	57.33	False
3810	Widget 3810	Hardware	59.67	True
3811	Widget 3811	Electronics	62.0	False
3812	Widget 3812	Misc	64.33	True
3813	Widget 3813	Tools	66.67	False
3814	Widget 3814	Office	69.0	True
3815	Widget 3815	Hardware	71.33	False
3816	Widget 3816	Electronics	73.67	True
3817	Widget 3817	Misc	76.0	False
3818	Widget 3818	Tools	78.33	True
3819	Widget 3819	Office	80.67	False
3820	Widget 3820	Hardware	83.0	True
3821	Widget 3821	Electronics	85.33	False
3822	Widget 3822	Misc	87.67	True
3823	Widget 3823	Tools	90.0	False
3824	Widget 3824	Office	92.33	True
3825	Widget 3825	Hardware	94.67	False
3826	Widget 3826	Electronics	97.0	True
3827	Widget 3827	Misc	99.33	False
3828	Widget 3828	Tools	101.67	True
3829	Widget 3829	Office	104.0	False
3830	Widget 3830	Hardware	106.33	True
3831	Widget 3831	Electronics	108.67	False
3832	Widget 3832	Misc	111.0	True
3833	Widget 3833	Tools	113.33	False
3834	Widget 3834	Office	115.67	True
3835	Widget 3835	Hardware	118.0	False
3836	Widget 3836	Electronics	120.33	True
3837	Widget 3837	Misc	122.67	False
3838	Widget 3838	Tools	125.0	True
3839	Widget 3839	Office	127.33	False
3840	Widget 3840	Hardware	129.67	True
3841	Widget 3841	Electronics	132.0	False
3842	Widget 3842	Misc	134.33	True
3843	Widget 3843	Tools	136.67	False
3844	Widget 3844	Office	139.0	True
3845	Widget 3845	Hardware	141.33	False
3846	Widget 3846	Electronics	143.67	True
3847	Widget 3847	Misc	146.0	False
3848	Widget 3848	Tools	148.33	True
3849	Widget 3849	Office	150.67	False
3850	Widget 3850	Hardware	153.0	True
3851	Widget 3851	Electronics	155.33	False
3852	Widget 3852	Misc	157.67	True
3853	Widget 3853	Tools	160.0	False
3854	Widget 3854	Office	162.33	True
3855	Widget 3855	Hardware	164.67	False
3856	Widget 3856	Electronics	167.0	True
3857	Widget 3857	Misc	169.33	False
3858	Widget 3858	Tools	5.0	True
3859	Widget 3859	Office	7.33	False
3860	Widget 3860	Hardware	9.67	True
3861	Widget 3861	Electronics	12.0	False
3862	Widget 3862	Misc	14.33	True
3863	Widget 3863	Tools	16.67	False
3864	Widget 3864	Office	19.0	True
3865	Widget 3865	Hardware	21.33	False
3866	Widget 3866	Electronics	23.67	True
3867	Widget 3867	Misc	26.0	False
3868	Widget 3868	Tools	28.33	True
3869	Widget 3869	Office	30.67	False
3870	Widget 3870	Hardware	33.0	True
3871	Widget 3871	Electronics	35.33	False
3872	Widget 3872	Misc	37.67	True
3873	Widget 3873	Tools	40.0	False
3874	Widget 3874	Office	42.33	True
3875	Widget 3875	Hardware	44.67	False
3876	Widget 3876	Electronics	47.0	True
3877	Widget 3877	Misc	49.33	False
3878	Widget 3878	Tools	51.67	True
3879	Widget 3879	Office	54.0	False
3880	Widget 3880	Hardware	56.33	True
3881	Widget 3881	Electronics	58.67	False
3882	Widget 3882	Misc	61.0	True
3883	Widget 3883	Tools	63.33	False
3884	Widget 3884	Office	65.67	True
3885	Widget 3885	Hardware	68.0	False
3886	Widget 3886	Electronics	70.33	True
3887	Widget 3887	Misc	72.67	False
3888	Widget 3888	Tools	75.0	True
3889	Widget 3889	Office	77.33	False
3890	Widget 3890	Hardware	79.67	True
3891	Widget 3891	Electronics	82.0	False
3892	Widget 3892	Misc	84.33	True
3893	Widget 3893	Tools	86.67	False
3894	Widget 3894	Office	89.0	True
3895	Widget 3895	Hardware	91.33	False
3896	Widget 3896	Electronics	93.67	True
3897	Widget 3897	Misc	96.0	False
3898	Widget 3898	Tools	98.33	True
3899	Widget 3899	Office	100.67	False
3900	Widget 3900	Hardware	103.0	True
3901	Widget 3901	Electronics	105.33	False
3902	Widget 3902	Misc	107.67	True
3903	Widget 3903	Tools	110.0	False
3904	Widget 3904	Office	112.33	True
3905	Widget 3905	Hardware	114.67	False
3906	Widget 3906	Electronics	117.0	True
3907	Widget 3907	Misc	119.33	False
3908	Widget 3908	Tools	121.67	True
3909	Widget 3909	Office	124.0	False
3910	Widget 3910	Hardware	126.33	True
3911	Widget 3911	Electronics	128.67	False
3912	Widget 3912	Misc	131.0	True
3913	Widget 3913	Tools	133.33	False
3914	Widget 3914	Office	135.67	True
3915	Widget 3915	Hardware	138.0	False
3916	Widget 3916	Electronics	140.33	True
3917	Widget 3917	Misc	142.67	False
3918	Widget 3918	Tools	145.0	True
3919	Widget 3919	Office	147.33	False
3920	Widget 3920	Hardware	149.67	True
3921	Widget 3921	Electronics	152.0	False
3922	Widget 3922	Misc	154.33	True
3923	Widget 3923	Tools	156.67	False
3924	Widget 3924	Office	159.0	True
3925	Widget 3925	Hardware	161.33	False
3926	Widget 3926	Electronics	163.67	True
3927	Widget 3927	Misc	166.0	False
3928	Widget 3928	Tools	168.33	True
3929	Widget 3929	Office	4.0	False
3930	Widget 3930	Hardware	6.33	True
3931	Widget 3931	Electronics	8.67	False
3932	Widget 3932	Misc	11.0	True
3933	Widget 3933	Tools	13.33	False
3934	Widget 3934	Office	15.67	True
3935	Widget 3935	Hardware	18.0	False
3936	Widget 3936	Electronics	20.33	True
3937	Widget 3937	Misc	22.67	False
3938	Widget 3938	Tools	25.0	True
3939	Widget 3939	Office	27.33	False
3940	Widget 3940	Hardware	29.67	True
3941	Widget 3941	Electronics	32.0	False
3942	Widget 3942	Misc	34.33	True
3943	Widget 3943	Tools	36.67	False
3944	Widget 3944	Office	39.0	True
3945	Widget 3945	Hardware	41.33	False
3946	Widget 3946	Electronics	43.67	True
3947	Widget 3947	Misc	46.0	False
3948	Widget 3948	Tools	48.33	True
3949	Widget 3949	Office	50.67	False
3950	Widget 3950	Hardware	53.0	True
3951	Widget 3951	Electronics	55.33	False
3952	Widget 3952	Misc	57.67	True
3953	Widget 3953	Tools	60.0	False
3954	Widget 3954	Office	62.33	True
3955	Widget 3955	Hardware	64.67	False
3956	Widget 3956	Electronics	67.0	True
3957	Widget 3957	Misc	69.33	False
3958	Widget 3958	Tools	71.67	True
3959	Widget 3959	Office	74.0	False
3960	Widget 3960	Hardware	76.33	True
3961	Widget 3961	Electronics	78.67	False
3962	Widget 3962	Misc	81.0	True
3963	Widget 3963	Tools	83.33	False
3964	Widget 3964	Office	85.67	True
3965	Widget 3965	Hardware	88.0	False
3966	Widget 3966	Electronics	90.33	True
3967	Widget 3967	Misc	92.67	False
3968	Widget 3968	Tools	95.0	True
3969	Widget 3969	Office	97.33	False
3970	Widget 3970	Hardware	99.67	True
3971	Widget 3971	Electronics	102.0	False
3972	Widget 3972	Misc	104.33	True
3973	Widget 3973	Tools	106.67	False
3974	Widget 3974	Office	109.0	True
3975	Widget 3975	Hardware	111.33	False
3976	Widget 3976	Electronics	113.67	True
3977	Widget 3977	Misc	116.0	False
3978	Widget 3978	Tools	118.33	True
3979	Widget 3979	Office	120.67	False
3980	Widget 3980	Hardware	123.0	True
3981	Widget 3981	Electronics	125.33	False
3982	Widget 3982	Misc	127.67	True
3983	Widget 3983	Tools	130.0	False
3984	Widget 3984	Office	132.33	True
3985	Widget 3985	Hardware	134.67	False
3986	Widget 3986	Electronics	137.0	True
3987	Widget 3987	Misc	139.33	False
3988	Widget 3988	Tools	141.67	True
3989	Widget 3989	Office	144.0	False
3990	Widget 3990	Hardware	146.33	True
3991	Widget 3991	Electronics	148.67	False
3992	Widget 3992	Misc	151.0	True
3993	Widget 3993	Tools	153.33	False
3994	Widget 3994	Office	155.67	True
3995	Widget 3995	Hardware	158.0	False
3996	Widget 3996	Electronics	160.33	True
3997	Widget 3997	Misc	162.67	False
3998	Widget 3998	Tools	165.0	True
3999	Widget 3999	Office	167.33	False
4000	Widget 4000	Hardware	3.0	True
