<?xml version="1.0" encoding="UTF-8"?>
<gpx version="1.1" creator="GetSampleData.com" xmlns="http://www.topografix.com/GPX/1/1">
  <wpt lat="37.422" lon="-122.084"><name>Location 0</name></wpt>
  <wpt lat="37.422" lon="-122.074"><name>Location 1</name></wpt>
  <wpt lat="37.422" lon="-122.06400000000001"><name>Location 2</name></wpt>
  <wpt lat="37.422" lon="-122.054"><name>Location 3</name></wpt>
  <wpt lat="37.422" lon="-122.044"><name>Location 4</name></wpt>
  <wpt lat="37.422" lon="-122.034"><name>Location 5</name></wpt>
  <wpt lat="37.422" lon="-122.024"><name>Location 6</name></wpt>
  <wpt lat="37.422" lon="-122.01400000000001"><name>Location 7</name></wpt>
  <wpt lat="37.422" lon="-122.004"><name>Location 8</name></wpt>
  <wpt lat="37.422" lon="-121.994"><name>Location 9</name></wpt>
  <wpt lat="37.422" lon="-121.98400000000001"><name>Location 10</name></wpt>
  <wpt lat="37.422" lon="-121.974"><name>Location 11</name></wpt>
  <wpt lat="37.422" lon="-121.964"><name>Location 12</name></wpt>
  <wpt lat="37.422" lon="-121.95400000000001"><name>Location 13</name></wpt>
  <wpt lat="37.422" lon="-121.944"><name>Location 14</name></wpt>
  <wpt lat="37.422" lon="-121.934"><name>Location 15</name></wpt>
  <wpt lat="37.422" lon="-121.924"><name>Location 16</name></wpt>
  <wpt lat="37.422" lon="-121.914"><name>Location 17</name></wpt>
  <wpt lat="37.422" lon="-121.904"><name>Location 18</name></wpt>
  <wpt lat="37.422" lon="-121.894"><name>Location 19</name></wpt>
  <wpt lat="37.422" lon="-121.884"><name>Location 20</name></wpt>
  <wpt lat="37.422" lon="-121.87400000000001"><name>Location 21</name></wpt>
  <wpt lat="37.422" lon="-121.864"><name>Location 22</name></wpt>
  <wpt lat="37.422" lon="-121.854"><name>Location 23</name></wpt>
  <wpt lat="37.422" lon="-121.84400000000001"><name>Location 24</name></wpt>
  <wpt lat="37.422" lon="-121.834"><name>Location 25</name></wpt>
  <wpt lat="37.422" lon="-121.824"><name>Location 26</name></wpt>
  <wpt lat="37.422" lon="-121.81400000000001"><name>Location 27</name></wpt>
  <wpt lat="37.422" lon="-121.804"><name>Location 28</name></wpt>
  <wpt lat="37.422" lon="-121.794"><name>Location 29</name></wpt>
  <wpt lat="37.422" lon="-121.784"><name>Location 30</name></wpt>
  <wpt lat="37.422" lon="-121.774"><name>Location 31</name></wpt>
  <wpt lat="37.422" lon="-121.76400000000001"><name>Location 32</name></wpt>
  <wpt lat="37.422" lon="-121.754"><name>Location 33</name></wpt>
  <wpt lat="37.422" lon="-121.744"><name>Location 34</name></wpt>
  <wpt lat="37.422" lon="-121.73400000000001"><name>Location 35</name></wpt>
  <wpt lat="37.422" lon="-121.724"><name>Location 36</name></wpt>
  <wpt lat="37.422" lon="-121.714"><name>Location 37</name></wpt>
  <wpt lat="37.422" lon="-121.70400000000001"><name>Location 38</name></wpt>
  <wpt lat="37.422" lon="-121.694"><name>Location 39</name></wpt>
  <wpt lat="37.422" lon="-121.684"><name>Location 40</name></wpt>
  <wpt lat="37.422" lon="-121.674"><name>Location 41</name></wpt>
  <wpt lat="37.422" lon="-121.664"><name>Location 42</name></wpt>
  <wpt lat="37.422" lon="-121.654"><name>Location 43</name></wpt>
  <wpt lat="37.422" lon="-121.644"><name>Location 44</name></wpt>
  <wpt lat="37.422" lon="-121.634"><name>Location 45</name></wpt>
  <wpt lat="37.422" lon="-121.62400000000001"><name>Location 46</name></wpt>
  <wpt lat="37.422" lon="-121.614"><name>Location 47</name></wpt>
  <wpt lat="37.422" lon="-121.604"><name>Location 48</name></wpt>
  <wpt lat="37.422" lon="-121.59400000000001"><name>Location 49</name></wpt>
  <wpt lat="37.422" lon="-121.584"><name>Location 50</name></wpt>
  <wpt lat="37.422" lon="-121.574"><name>Location 51</name></wpt>
  <wpt lat="37.422" lon="-121.56400000000001"><name>Location 52</name></wpt>
  <wpt lat="37.422" lon="-121.554"><name>Location 53</name></wpt>
  <wpt lat="37.422" lon="-121.544"><name>Location 54</name></wpt>
  <wpt lat="37.422" lon="-121.534"><name>Location 55</name></wpt>
  <wpt lat="37.422" lon="-121.524"><name>Location 56</name></wpt>
  <wpt lat="37.422" lon="-121.51400000000001"><name>Location 57</name></wpt>
  <wpt lat="37.422" lon="-121.504"><name>Location 58</name></wpt>
  <wpt lat="37.422" lon="-121.494"><name>Location 59</name></wpt>
  <wpt lat="37.422" lon="-121.48400000000001"><name>Location 60</name></wpt>
  <wpt lat="37.422" lon="-121.474"><name>Location 61</name></wpt>
  <wpt lat="37.422" lon="-121.464"><name>Location 62</name></wpt>
  <wpt lat="37.422" lon="-121.45400000000001"><name>Location 63</name></wpt>
  <wpt lat="37.422" lon="-121.444"><name>Location 64</name></wpt>
  <wpt lat="37.422" lon="-121.434"><name>Location 65</name></wpt>
  <wpt lat="37.422" lon="-121.424"><name>Location 66</name></wpt>
  <wpt lat="37.422" lon="-121.414"><name>Location 67</name></wpt>
  <wpt lat="37.422" lon="-121.404"><name>Location 68</name></wpt>
  <wpt lat="37.422" lon="-121.394"><name>Location 69</name></wpt>
  <wpt lat="37.422" lon="-121.384"><name>Location 70</name></wpt>
  <wpt lat="37.422" lon="-121.37400000000001"><name>Location 71</name></wpt>
  <wpt lat="37.422" lon="-121.364"><name>Location 72</name></wpt>
  <wpt lat="37.422" lon="-121.354"><name>Location 73</name></wpt>
  <wpt lat="37.422" lon="-121.34400000000001"><name>Location 74</name></wpt>
  <wpt lat="37.422" lon="-121.334"><name>Location 75</name></wpt>
  <wpt lat="37.422" lon="-121.324"><name>Location 76</name></wpt>
  <wpt lat="37.422" lon="-121.31400000000001"><name>Location 77</name></wpt>
  <wpt lat="37.422" lon="-121.304"><name>Location 78</name></wpt>
  <wpt lat="37.422" lon="-121.294"><name>Location 79</name></wpt>
  <wpt lat="37.422" lon="-121.284"><name>Location 80</name></wpt>
  <wpt lat="37.422" lon="-121.274"><name>Location 81</name></wpt>
  <wpt lat="37.422" lon="-121.26400000000001"><name>Location 82</name></wpt>
  <wpt lat="37.422" lon="-121.254"><name>Location 83</name></wpt>
  <wpt lat="37.422" lon="-121.244"><name>Location 84</name></wpt>
  <wpt lat="37.422" lon="-121.23400000000001"><name>Location 85</name></wpt>
  <wpt lat="37.422" lon="-121.224"><name>Location 86</name></wpt>
  <wpt lat="37.422" lon="-121.214"><name>Location 87</name></wpt>
  <wpt lat="37.422" lon="-121.20400000000001"><name>Location 88</name></wpt>
  <wpt lat="37.422" lon="-121.194"><name>Location 89</name></wpt>
  <wpt lat="37.422" lon="-121.184"><name>Location 90</name></wpt>
  <wpt lat="37.422" lon="-121.174"><name>Location 91</name></wpt>
  <wpt lat="37.422" lon="-121.164"><name>Location 92</name></wpt>
  <wpt lat="37.422" lon="-121.154"><name>Location 93</name></wpt>
  <wpt lat="37.422" lon="-121.144"><name>Location 94</name></wpt>
  <wpt lat="37.422" lon="-121.134"><name>Location 95</name></wpt>
  <wpt lat="37.422" lon="-121.12400000000001"><name>Location 96</name></wpt>
  <wpt lat="37.422" lon="-121.114"><name>Location 97</name></wpt>
  <wpt lat="37.422" lon="-121.104"><name>Location 98</name></wpt>
  <wpt lat="37.422" lon="-121.09400000000001"><name>Location 99</name></wpt>
  <wpt lat="37.431999999999995" lon="-122.084"><name>Location 100</name></wpt>
  <wpt lat="37.431999999999995" lon="-122.074"><name>Location 101</name></wpt>
  <wpt lat="37.431999999999995" lon="-122.06400000000001"><name>Location 102</name></wpt>
  <wpt lat="37.431999999999995" lon="-122.054"><name>Location 103</name></wpt>
  <wpt lat="37.431999999999995" lon="-122.044"><name>Location 104</name></wpt>
  <wpt lat="37.431999999999995" lon="-122.034"><name>Location 105</name></wpt>
  <wpt lat="37.431999999999995" lon="-122.024"><name>Location 106</name></wpt>
  <wpt lat="37.431999999999995" lon="-122.01400000000001"><name>Location 107</name></wpt>
  <wpt lat="37.431999999999995" lon="-122.004"><name>Location 108</name></wpt>
  <wpt lat="37.431999999999995" lon="-121.994"><name>Location 109</name></wpt>
  <wpt lat="37.431999999999995" lon="-121.98400000000001"><name>Location 110</name></wpt>
  <wpt lat="37.431999999999995" lon="-121.974"><name>Location 111</name></wpt>
  <wpt lat="37.431999999999995" lon="-121.964"><name>Location 112</name></wpt>
  <wpt lat="37.431999999999995" lon="-121.95400000000001"><name>Location 113</name></wpt>
  <wpt lat="37.431999999999995" lon="-121.944"><name>Location 114</name></wpt>
  <wpt lat="37.431999999999995" lon="-121.934"><name>Location 115</name></wpt>
  <wpt lat="37.431999999999995" lon="-121.924"><name>Location 116</name></wpt>
  <wpt lat="37.431999999999995" lon="-121.914"><name>Location 117</name></wpt>
  <wpt lat="37.431999999999995" lon="-121.904"><name>Location 118</name></wpt>
  <wpt lat="37.431999999999995" lon="-121.894"><name>Location 119</name></wpt>
  <wpt lat="37.431999999999995" lon="-121.884"><name>Location 120</name></wpt>
  <wpt lat="37.431999999999995" lon="-121.87400000000001"><name>Location 121</name></wpt>
  <wpt lat="37.431999999999995" lon="-121.864"><name>Location 122</name></wpt>
  <wpt lat="37.431999999999995" lon="-121.854"><name>Location 123</name></wpt>
  <wpt lat="37.431999999999995" lon="-121.84400000000001"><name>Location 124</name></wpt>
  <wpt lat="37.431999999999995" lon="-121.834"><name>Location 125</name></wpt>
  <wpt lat="37.431999999999995" lon="-121.824"><name>Location 126</name></wpt>
  <wpt lat="37.431999999999995" lon="-121.81400000000001"><name>Location 127</name></wpt>
  <wpt lat="37.431999999999995" lon="-121.804"><name>Location 128</name></wpt>
  <wpt lat="37.431999999999995" lon="-121.794"><name>Location 129</name></wpt>
  <wpt lat="37.431999999999995" lon="-121.784"><name>Location 130</name></wpt>
  <wpt lat="37.431999999999995" lon="-121.774"><name>Location 131</name></wpt>
  <wpt lat="37.431999999999995" lon="-121.76400000000001"><name>Location 132</name></wpt>
  <wpt lat="37.431999999999995" lon="-121.754"><name>Location 133</name></wpt>
  <wpt lat="37.431999999999995" lon="-121.744"><name>Location 134</name></wpt>
  <wpt lat="37.431999999999995" lon="-121.73400000000001"><name>Location 135</name></wpt>
  <wpt lat="37.431999999999995" lon="-121.724"><name>Location 136</name></wpt>
  <wpt lat="37.431999999999995" lon="-121.714"><name>Location 137</name></wpt>
  <wpt lat="37.431999999999995" lon="-121.70400000000001"><name>Location 138</name></wpt>
  <wpt lat="37.431999999999995" lon="-121.694"><name>Location 139</name></wpt>
  <wpt lat="37.431999999999995" lon="-121.684"><name>Location 140</name></wpt>
  <wpt lat="37.431999999999995" lon="-121.674"><name>Location 141</name></wpt>
  <wpt lat="37.431999999999995" lon="-121.664"><name>Location 142</name></wpt>
  <wpt lat="37.431999999999995" lon="-121.654"><name>Location 143</name></wpt>
  <wpt lat="37.431999999999995" lon="-121.644"><name>Location 144</name></wpt>
  <wpt lat="37.431999999999995" lon="-121.634"><name>Location 145</name></wpt>
  <wpt lat="37.431999999999995" lon="-121.62400000000001"><name>Location 146</name></wpt>
  <wpt lat="37.431999999999995" lon="-121.614"><name>Location 147</name></wpt>
  <wpt lat="37.431999999999995" lon="-121.604"><name>Location 148</name></wpt>
  <wpt lat="37.431999999999995" lon="-121.59400000000001"><name>Location 149</name></wpt>
  <wpt lat="37.431999999999995" lon="-121.584"><name>Location 150</name></wpt>
  <wpt lat="37.431999999999995" lon="-121.574"><name>Location 151</name></wpt>
  <wpt lat="37.431999999999995" lon="-121.56400000000001"><name>Location 152</name></wpt>
  <wpt lat="37.431999999999995" lon="-121.554"><name>Location 153</name></wpt>
  <wpt lat="37.431999999999995" lon="-121.544"><name>Location 154</name></wpt>
  <wpt lat="37.431999999999995" lon="-121.534"><name>Location 155</name></wpt>
  <wpt lat="37.431999999999995" lon="-121.524"><name>Location 156</name></wpt>
  <wpt lat="37.431999999999995" lon="-121.51400000000001"><name>Location 157</name></wpt>
  <wpt lat="37.431999999999995" lon="-121.504"><name>Location 158</name></wpt>
  <wpt lat="37.431999999999995" lon="-121.494"><name>Location 159</name></wpt>
  <wpt lat="37.431999999999995" lon="-121.48400000000001"><name>Location 160</name></wpt>
  <wpt lat="37.431999999999995" lon="-121.474"><name>Location 161</name></wpt>
  <wpt lat="37.431999999999995" lon="-121.464"><name>Location 162</name></wpt>
  <wpt lat="37.431999999999995" lon="-121.45400000000001"><name>Location 163</name></wpt>
  <wpt lat="37.431999999999995" lon="-121.444"><name>Location 164</name></wpt>
  <wpt lat="37.431999999999995" lon="-121.434"><name>Location 165</name></wpt>
  <wpt lat="37.431999999999995" lon="-121.424"><name>Location 166</name></wpt>
  <wpt lat="37.431999999999995" lon="-121.414"><name>Location 167</name></wpt>
  <wpt lat="37.431999999999995" lon="-121.404"><name>Location 168</name></wpt>
  <wpt lat="37.431999999999995" lon="-121.394"><name>Location 169</name></wpt>
  <wpt lat="37.431999999999995" lon="-121.384"><name>Location 170</name></wpt>
  <wpt lat="37.431999999999995" lon="-121.37400000000001"><name>Location 171</name></wpt>
  <wpt lat="37.431999999999995" lon="-121.364"><name>Location 172</name></wpt>
  <wpt lat="37.431999999999995" lon="-121.354"><name>Location 173</name></wpt>
  <wpt lat="37.431999999999995" lon="-121.34400000000001"><name>Location 174</name></wpt>
  <wpt lat="37.431999999999995" lon="-121.334"><name>Location 175</name></wpt>
  <wpt lat="37.431999999999995" lon="-121.324"><name>Location 176</name></wpt>
  <wpt lat="37.431999999999995" lon="-121.31400000000001"><name>Location 177</name></wpt>
  <wpt lat="37.431999999999995" lon="-121.304"><name>Location 178</name></wpt>
  <wpt lat="37.431999999999995" lon="-121.294"><name>Location 179</name></wpt>
  <wpt lat="37.431999999999995" lon="-121.284"><name>Location 180</name></wpt>
  <wpt lat="37.431999999999995" lon="-121.274"><name>Location 181</name></wpt>
  <wpt lat="37.431999999999995" lon="-121.26400000000001"><name>Location 182</name></wpt>
  <wpt lat="37.431999999999995" lon="-121.254"><name>Location 183</name></wpt>
  <wpt lat="37.431999999999995" lon="-121.244"><name>Location 184</name></wpt>
  <wpt lat="37.431999999999995" lon="-121.23400000000001"><name>Location 185</name></wpt>
  <wpt lat="37.431999999999995" lon="-121.224"><name>Location 186</name></wpt>
  <wpt lat="37.431999999999995" lon="-121.214"><name>Location 187</name></wpt>
  <wpt lat="37.431999999999995" lon="-121.20400000000001"><name>Location 188</name></wpt>
  <wpt lat="37.431999999999995" lon="-121.194"><name>Location 189</name></wpt>
  <wpt lat="37.431999999999995" lon="-121.184"><name>Location 190</name></wpt>
  <wpt lat="37.431999999999995" lon="-121.174"><name>Location 191</name></wpt>
  <wpt lat="37.431999999999995" lon="-121.164"><name>Location 192</name></wpt>
  <wpt lat="37.431999999999995" lon="-121.154"><name>Location 193</name></wpt>
  <wpt lat="37.431999999999995" lon="-121.144"><name>Location 194</name></wpt>
  <wpt lat="37.431999999999995" lon="-121.134"><name>Location 195</name></wpt>
  <wpt lat="37.431999999999995" lon="-121.12400000000001"><name>Location 196</name></wpt>
  <wpt lat="37.431999999999995" lon="-121.114"><name>Location 197</name></wpt>
  <wpt lat="37.431999999999995" lon="-121.104"><name>Location 198</name></wpt>
  <wpt lat="37.431999999999995" lon="-121.09400000000001"><name>Location 199</name></wpt>
  <wpt lat="37.442" lon="-122.084"><name>Location 200</name></wpt>
  <wpt lat="37.442" lon="-122.074"><name>Location 201</name></wpt>
  <wpt lat="37.442" lon="-122.06400000000001"><name>Location 202</name></wpt>
  <wpt lat="37.442" lon="-122.054"><name>Location 203</name></wpt>
  <wpt lat="37.442" lon="-122.044"><name>Location 204</name></wpt>
  <wpt lat="37.442" lon="-122.034"><name>Location 205</name></wpt>
  <wpt lat="37.442" lon="-122.024"><name>Location 206</name></wpt>
  <wpt lat="37.442" lon="-122.01400000000001"><name>Location 207</name></wpt>
  <wpt lat="37.442" lon="-122.004"><name>Location 208</name></wpt>
  <wpt lat="37.442" lon="-121.994"><name>Location 209</name></wpt>
  <wpt lat="37.442" lon="-121.98400000000001"><name>Location 210</name></wpt>
  <wpt lat="37.442" lon="-121.974"><name>Location 211</name></wpt>
  <wpt lat="37.442" lon="-121.964"><name>Location 212</name></wpt>
  <wpt lat="37.442" lon="-121.95400000000001"><name>Location 213</name></wpt>
  <wpt lat="37.442" lon="-121.944"><name>Location 214</name></wpt>
  <wpt lat="37.442" lon="-121.934"><name>Location 215</name></wpt>
  <wpt lat="37.442" lon="-121.924"><name>Location 216</name></wpt>
  <wpt lat="37.442" lon="-121.914"><name>Location 217</name></wpt>
  <wpt lat="37.442" lon="-121.904"><name>Location 218</name></wpt>
  <wpt lat="37.442" lon="-121.894"><name>Location 219</name></wpt>
  <wpt lat="37.442" lon="-121.884"><name>Location 220</name></wpt>
  <wpt lat="37.442" lon="-121.87400000000001"><name>Location 221</name></wpt>
  <wpt lat="37.442" lon="-121.864"><name>Location 222</name></wpt>
  <wpt lat="37.442" lon="-121.854"><name>Location 223</name></wpt>
  <wpt lat="37.442" lon="-121.84400000000001"><name>Location 224</name></wpt>
  <wpt lat="37.442" lon="-121.834"><name>Location 225</name></wpt>
  <wpt lat="37.442" lon="-121.824"><name>Location 226</name></wpt>
  <wpt lat="37.442" lon="-121.81400000000001"><name>Location 227</name></wpt>
  <wpt lat="37.442" lon="-121.804"><name>Location 228</name></wpt>
  <wpt lat="37.442" lon="-121.794"><name>Location 229</name></wpt>
  <wpt lat="37.442" lon="-121.784"><name>Location 230</name></wpt>
  <wpt lat="37.442" lon="-121.774"><name>Location 231</name></wpt>
  <wpt lat="37.442" lon="-121.76400000000001"><name>Location 232</name></wpt>
  <wpt lat="37.442" lon="-121.754"><name>Location 233</name></wpt>
  <wpt lat="37.442" lon="-121.744"><name>Location 234</name></wpt>
  <wpt lat="37.442" lon="-121.73400000000001"><name>Location 235</name></wpt>
  <wpt lat="37.442" lon="-121.724"><name>Location 236</name></wpt>
  <wpt lat="37.442" lon="-121.714"><name>Location 237</name></wpt>
  <wpt lat="37.442" lon="-121.70400000000001"><name>Location 238</name></wpt>
  <wpt lat="37.442" lon="-121.694"><name>Location 239</name></wpt>
  <wpt lat="37.442" lon="-121.684"><name>Location 240</name></wpt>
  <wpt lat="37.442" lon="-121.674"><name>Location 241</name></wpt>
  <wpt lat="37.442" lon="-121.664"><name>Location 242</name></wpt>
  <wpt lat="37.442" lon="-121.654"><name>Location 243</name></wpt>
  <wpt lat="37.442" lon="-121.644"><name>Location 244</name></wpt>
  <wpt lat="37.442" lon="-121.634"><name>Location 245</name></wpt>
  <wpt lat="37.442" lon="-121.62400000000001"><name>Location 246</name></wpt>
  <wpt lat="37.442" lon="-121.614"><name>Location 247</name></wpt>
  <wpt lat="37.442" lon="-121.604"><name>Location 248</name></wpt>
  <wpt lat="37.442" lon="-121.59400000000001"><name>Location 249</name></wpt>
  <wpt lat="37.442" lon="-121.584"><name>Location 250</name></wpt>
  <wpt lat="37.442" lon="-121.574"><name>Location 251</name></wpt>
  <wpt lat="37.442" lon="-121.56400000000001"><name>Location 252</name></wpt>
  <wpt lat="37.442" lon="-121.554"><name>Location 253</name></wpt>
  <wpt lat="37.442" lon="-121.544"><name>Location 254</name></wpt>
  <wpt lat="37.442" lon="-121.534"><name>Location 255</name></wpt>
  <wpt lat="37.442" lon="-121.524"><name>Location 256</name></wpt>
  <wpt lat="37.442" lon="-121.51400000000001"><name>Location 257</name></wpt>
  <wpt lat="37.442" lon="-121.504"><name>Location 258</name></wpt>
  <wpt lat="37.442" lon="-121.494"><name>Location 259</name></wpt>
  <wpt lat="37.442" lon="-121.48400000000001"><name>Location 260</name></wpt>
  <wpt lat="37.442" lon="-121.474"><name>Location 261</name></wpt>
  <wpt lat="37.442" lon="-121.464"><name>Location 262</name></wpt>
  <wpt lat="37.442" lon="-121.45400000000001"><name>Location 263</name></wpt>
  <wpt lat="37.442" lon="-121.444"><name>Location 264</name></wpt>
  <wpt lat="37.442" lon="-121.434"><name>Location 265</name></wpt>
  <wpt lat="37.442" lon="-121.424"><name>Location 266</name></wpt>
  <wpt lat="37.442" lon="-121.414"><name>Location 267</name></wpt>
  <wpt lat="37.442" lon="-121.404"><name>Location 268</name></wpt>
  <wpt lat="37.442" lon="-121.394"><name>Location 269</name></wpt>
  <wpt lat="37.442" lon="-121.384"><name>Location 270</name></wpt>
  <wpt lat="37.442" lon="-121.37400000000001"><name>Location 271</name></wpt>
  <wpt lat="37.442" lon="-121.364"><name>Location 272</name></wpt>
  <wpt lat="37.442" lon="-121.354"><name>Location 273</name></wpt>
  <wpt lat="37.442" lon="-121.34400000000001"><name>Location 274</name></wpt>
  <wpt lat="37.442" lon="-121.334"><name>Location 275</name></wpt>
  <wpt lat="37.442" lon="-121.324"><name>Location 276</name></wpt>
  <wpt lat="37.442" lon="-121.31400000000001"><name>Location 277</name></wpt>
  <wpt lat="37.442" lon="-121.304"><name>Location 278</name></wpt>
  <wpt lat="37.442" lon="-121.294"><name>Location 279</name></wpt>
  <wpt lat="37.442" lon="-121.284"><name>Location 280</name></wpt>
  <wpt lat="37.442" lon="-121.274"><name>Location 281</name></wpt>
  <wpt lat="37.442" lon="-121.26400000000001"><name>Location 282</name></wpt>
  <wpt lat="37.442" lon="-121.254"><name>Location 283</name></wpt>
  <wpt lat="37.442" lon="-121.244"><name>Location 284</name></wpt>
  <wpt lat="37.442" lon="-121.23400000000001"><name>Location 285</name></wpt>
  <wpt lat="37.442" lon="-121.224"><name>Location 286</name></wpt>
  <wpt lat="37.442" lon="-121.214"><name>Location 287</name></wpt>
  <wpt lat="37.442" lon="-121.20400000000001"><name>Location 288</name></wpt>
  <wpt lat="37.442" lon="-121.194"><name>Location 289</name></wpt>
  <wpt lat="37.442" lon="-121.184"><name>Location 290</name></wpt>
  <wpt lat="37.442" lon="-121.174"><name>Location 291</name></wpt>
  <wpt lat="37.442" lon="-121.164"><name>Location 292</name></wpt>
  <wpt lat="37.442" lon="-121.154"><name>Location 293</name></wpt>
  <wpt lat="37.442" lon="-121.144"><name>Location 294</name></wpt>
  <wpt lat="37.442" lon="-121.134"><name>Location 295</name></wpt>
  <wpt lat="37.442" lon="-121.12400000000001"><name>Location 296</name></wpt>
  <wpt lat="37.442" lon="-121.114"><name>Location 297</name></wpt>
  <wpt lat="37.442" lon="-121.104"><name>Location 298</name></wpt>
  <wpt lat="37.442" lon="-121.09400000000001"><name>Location 299</name></wpt>
  <wpt lat="37.452" lon="-122.084"><name>Location 300</name></wpt>
  <wpt lat="37.452" lon="-122.074"><name>Location 301</name></wpt>
  <wpt lat="37.452" lon="-122.06400000000001"><name>Location 302</name></wpt>
  <wpt lat="37.452" lon="-122.054"><name>Location 303</name></wpt>
  <wpt lat="37.452" lon="-122.044"><name>Location 304</name></wpt>
  <wpt lat="37.452" lon="-122.034"><name>Location 305</name></wpt>
  <wpt lat="37.452" lon="-122.024"><name>Location 306</name></wpt>
  <wpt lat="37.452" lon="-122.01400000000001"><name>Location 307</name></wpt>
  <wpt lat="37.452" lon="-122.004"><name>Location 308</name></wpt>
  <wpt lat="37.452" lon="-121.994"><name>Location 309</name></wpt>
  <wpt lat="37.452" lon="-121.98400000000001"><name>Location 310</name></wpt>
  <wpt lat="37.452" lon="-121.974"><name>Location 311</name></wpt>
  <wpt lat="37.452" lon="-121.964"><name>Location 312</name></wpt>
  <wpt lat="37.452" lon="-121.95400000000001"><name>Location 313</name></wpt>
  <wpt lat="37.452" lon="-121.944"><name>Location 314</name></wpt>
  <wpt lat="37.452" lon="-121.934"><name>Location 315</name></wpt>
  <wpt lat="37.452" lon="-121.924"><name>Location 316</name></wpt>
  <wpt lat="37.452" lon="-121.914"><name>Location 317</name></wpt>
  <wpt lat="37.452" lon="-121.904"><name>Location 318</name></wpt>
  <wpt lat="37.452" lon="-121.894"><name>Location 319</name></wpt>
  <wpt lat="37.452" lon="-121.884"><name>Location 320</name></wpt>
  <wpt lat="37.452" lon="-121.87400000000001"><name>Location 321</name></wpt>
  <wpt lat="37.452" lon="-121.864"><name>Location 322</name></wpt>
  <wpt lat="37.452" lon="-121.854"><name>Location 323</name></wpt>
  <wpt lat="37.452" lon="-121.84400000000001"><name>Location 324</name></wpt>
  <wpt lat="37.452" lon="-121.834"><name>Location 325</name></wpt>
  <wpt lat="37.452" lon="-121.824"><name>Location 326</name></wpt>
  <wpt lat="37.452" lon="-121.81400000000001"><name>Location 327</name></wpt>
  <wpt lat="37.452" lon="-121.804"><name>Location 328</name></wpt>
  <wpt lat="37.452" lon="-121.794"><name>Location 329</name></wpt>
  <wpt lat="37.452" lon="-121.784"><name>Location 330</name></wpt>
  <wpt lat="37.452" lon="-121.774"><name>Location 331</name></wpt>
  <wpt lat="37.452" lon="-121.76400000000001"><name>Location 332</name></wpt>
  <wpt lat="37.452" lon="-121.754"><name>Location 333</name></wpt>
  <wpt lat="37.452" lon="-121.744"><name>Location 334</name></wpt>
  <wpt lat="37.452" lon="-121.73400000000001"><name>Location 335</name></wpt>
  <wpt lat="37.452" lon="-121.724"><name>Location 336</name></wpt>
  <wpt lat="37.452" lon="-121.714"><name>Location 337</name></wpt>
  <wpt lat="37.452" lon="-121.70400000000001"><name>Location 338</name></wpt>
  <wpt lat="37.452" lon="-121.694"><name>Location 339</name></wpt>
  <wpt lat="37.452" lon="-121.684"><name>Location 340</name></wpt>
  <wpt lat="37.452" lon="-121.674"><name>Location 341</name></wpt>
  <wpt lat="37.452" lon="-121.664"><name>Location 342</name></wpt>
  <wpt lat="37.452" lon="-121.654"><name>Location 343</name></wpt>
  <wpt lat="37.452" lon="-121.644"><name>Location 344</name></wpt>
  <wpt lat="37.452" lon="-121.634"><name>Location 345</name></wpt>
  <wpt lat="37.452" lon="-121.62400000000001"><name>Location 346</name></wpt>
  <wpt lat="37.452" lon="-121.614"><name>Location 347</name></wpt>
  <wpt lat="37.452" lon="-121.604"><name>Location 348</name></wpt>
  <wpt lat="37.452" lon="-121.59400000000001"><name>Location 349</name></wpt>
  <wpt lat="37.452" lon="-121.584"><name>Location 350</name></wpt>
  <wpt lat="37.452" lon="-121.574"><name>Location 351</name></wpt>
  <wpt lat="37.452" lon="-121.56400000000001"><name>Location 352</name></wpt>
  <wpt lat="37.452" lon="-121.554"><name>Location 353</name></wpt>
  <wpt lat="37.452" lon="-121.544"><name>Location 354</name></wpt>
  <wpt lat="37.452" lon="-121.534"><name>Location 355</name></wpt>
  <wpt lat="37.452" lon="-121.524"><name>Location 356</name></wpt>
  <wpt lat="37.452" lon="-121.51400000000001"><name>Location 357</name></wpt>
  <wpt lat="37.452" lon="-121.504"><name>Location 358</name></wpt>
  <wpt lat="37.452" lon="-121.494"><name>Location 359</name></wpt>
  <wpt lat="37.452" lon="-121.48400000000001"><name>Location 360</name></wpt>
  <wpt lat="37.452" lon="-121.474"><name>Location 361</name></wpt>
  <wpt lat="37.452" lon="-121.464"><name>Location 362</name></wpt>
  <wpt lat="37.452" lon="-121.45400000000001"><name>Location 363</name></wpt>
  <wpt lat="37.452" lon="-121.444"><name>Location 364</name></wpt>
  <wpt lat="37.452" lon="-121.434"><name>Location 365</name></wpt>
  <wpt lat="37.452" lon="-121.424"><name>Location 366</name></wpt>
  <wpt lat="37.452" lon="-121.414"><name>Location 367</name></wpt>
  <wpt lat="37.452" lon="-121.404"><name>Location 368</name></wpt>
  <wpt lat="37.452" lon="-121.394"><name>Location 369</name></wpt>
  <wpt lat="37.452" lon="-121.384"><name>Location 370</name></wpt>
  <wpt lat="37.452" lon="-121.37400000000001"><name>Location 371</name></wpt>
  <wpt lat="37.452" lon="-121.364"><name>Location 372</name></wpt>
  <wpt lat="37.452" lon="-121.354"><name>Location 373</name></wpt>
  <wpt lat="37.452" lon="-121.34400000000001"><name>Location 374</name></wpt>
  <wpt lat="37.452" lon="-121.334"><name>Location 375</name></wpt>
  <wpt lat="37.452" lon="-121.324"><name>Location 376</name></wpt>
  <wpt lat="37.452" lon="-121.31400000000001"><name>Location 377</name></wpt>
  <wpt lat="37.452" lon="-121.304"><name>Location 378</name></wpt>
  <wpt lat="37.452" lon="-121.294"><name>Location 379</name></wpt>
  <wpt lat="37.452" lon="-121.284"><name>Location 380</name></wpt>
  <wpt lat="37.452" lon="-121.274"><name>Location 381</name></wpt>
  <wpt lat="37.452" lon="-121.26400000000001"><name>Location 382</name></wpt>
  <wpt lat="37.452" lon="-121.254"><name>Location 383</name></wpt>
  <wpt lat="37.452" lon="-121.244"><name>Location 384</name></wpt>
  <wpt lat="37.452" lon="-121.23400000000001"><name>Location 385</name></wpt>
  <wpt lat="37.452" lon="-121.224"><name>Location 386</name></wpt>
  <wpt lat="37.452" lon="-121.214"><name>Location 387</name></wpt>
  <wpt lat="37.452" lon="-121.20400000000001"><name>Location 388</name></wpt>
  <wpt lat="37.452" lon="-121.194"><name>Location 389</name></wpt>
  <wpt lat="37.452" lon="-121.184"><name>Location 390</name></wpt>
  <wpt lat="37.452" lon="-121.174"><name>Location 391</name></wpt>
  <wpt lat="37.452" lon="-121.164"><name>Location 392</name></wpt>
  <wpt lat="37.452" lon="-121.154"><name>Location 393</name></wpt>
  <wpt lat="37.452" lon="-121.144"><name>Location 394</name></wpt>
  <wpt lat="37.452" lon="-121.134"><name>Location 395</name></wpt>
  <wpt lat="37.452" lon="-121.12400000000001"><name>Location 396</name></wpt>
  <wpt lat="37.452" lon="-121.114"><name>Location 397</name></wpt>
  <wpt lat="37.452" lon="-121.104"><name>Location 398</name></wpt>
  <wpt lat="37.452" lon="-121.09400000000001"><name>Location 399</name></wpt>
  <wpt lat="37.461999999999996" lon="-122.084"><name>Location 400</name></wpt>
  <wpt lat="37.461999999999996" lon="-122.074"><name>Location 401</name></wpt>
  <wpt lat="37.461999999999996" lon="-122.06400000000001"><name>Location 402</name></wpt>
  <wpt lat="37.461999999999996" lon="-122.054"><name>Location 403</name></wpt>
  <wpt lat="37.461999999999996" lon="-122.044"><name>Location 404</name></wpt>
  <wpt lat="37.461999999999996" lon="-122.034"><name>Location 405</name></wpt>
  <wpt lat="37.461999999999996" lon="-122.024"><name>Location 406</name></wpt>
  <wpt lat="37.461999999999996" lon="-122.01400000000001"><name>Location 407</name></wpt>
  <wpt lat="37.461999999999996" lon="-122.004"><name>Location 408</name></wpt>
  <wpt lat="37.461999999999996" lon="-121.994"><name>Location 409</name></wpt>
  <wpt lat="37.461999999999996" lon="-121.98400000000001"><name>Location 410</name></wpt>
  <wpt lat="37.461999999999996" lon="-121.974"><name>Location 411</name></wpt>
  <wpt lat="37.461999999999996" lon="-121.964"><name>Location 412</name></wpt>
  <wpt lat="37.461999999999996" lon="-121.95400000000001"><name>Location 413</name></wpt>
  <wpt lat="37.461999999999996" lon="-121.944"><name>Location 414</name></wpt>
  <wpt lat="37.461999999999996" lon="-121.934"><name>Location 415</name></wpt>
  <wpt lat="37.461999999999996" lon="-121.924"><name>Location 416</name></wpt>
  <wpt lat="37.461999999999996" lon="-121.914"><name>Location 417</name></wpt>
  <wpt lat="37.461999999999996" lon="-121.904"><name>Location 418</name></wpt>
  <wpt lat="37.461999999999996" lon="-121.894"><name>Location 419</name></wpt>
  <wpt lat="37.461999999999996" lon="-121.884"><name>Location 420</name></wpt>
  <wpt lat="37.461999999999996" lon="-121.87400000000001"><name>Location 421</name></wpt>
  <wpt lat="37.461999999999996" lon="-121.864"><name>Location 422</name></wpt>
  <wpt lat="37.461999999999996" lon="-121.854"><name>Location 423</name></wpt>
  <wpt lat="37.461999999999996" lon="-121.84400000000001"><name>Location 424</name></wpt>
  <wpt lat="37.461999999999996" lon="-121.834"><name>Location 425</name></wpt>
  <wpt lat="37.461999999999996" lon="-121.824"><name>Location 426</name></wpt>
  <wpt lat="37.461999999999996" lon="-121.81400000000001"><name>Location 427</name></wpt>
  <wpt lat="37.461999999999996" lon="-121.804"><name>Location 428</name></wpt>
  <wpt lat="37.461999999999996" lon="-121.794"><name>Location 429</name></wpt>
  <wpt lat="37.461999999999996" lon="-121.784"><name>Location 430</name></wpt>
  <wpt lat="37.461999999999996" lon="-121.774"><name>Location 431</name></wpt>
  <wpt lat="37.461999999999996" lon="-121.76400000000001"><name>Location 432</name></wpt>
  <wpt lat="37.461999999999996" lon="-121.754"><name>Location 433</name></wpt>
  <wpt lat="37.461999999999996" lon="-121.744"><name>Location 434</name></wpt>
  <wpt lat="37.461999999999996" lon="-121.73400000000001"><name>Location 435</name></wpt>
  <wpt lat="37.461999999999996" lon="-121.724"><name>Location 436</name></wpt>
  <wpt lat="37.461999999999996" lon="-121.714"><name>Location 437</name></wpt>
  <wpt lat="37.461999999999996" lon="-121.70400000000001"><name>Location 438</name></wpt>
  <wpt lat="37.461999999999996" lon="-121.694"><name>Location 439</name></wpt>
  <wpt lat="37.461999999999996" lon="-121.684"><name>Location 440</name></wpt>
  <wpt lat="37.461999999999996" lon="-121.674"><name>Location 441</name></wpt>
  <wpt lat="37.461999999999996" lon="-121.664"><name>Location 442</name></wpt>
  <wpt lat="37.461999999999996" lon="-121.654"><name>Location 443</name></wpt>
  <wpt lat="37.461999999999996" lon="-121.644"><name>Location 444</name></wpt>
  <wpt lat="37.461999999999996" lon="-121.634"><name>Location 445</name></wpt>
  <wpt lat="37.461999999999996" lon="-121.62400000000001"><name>Location 446</name></wpt>
  <wpt lat="37.461999999999996" lon="-121.614"><name>Location 447</name></wpt>
  <wpt lat="37.461999999999996" lon="-121.604"><name>Location 448</name></wpt>
  <wpt lat="37.461999999999996" lon="-121.59400000000001"><name>Location 449</name></wpt>
  <wpt lat="37.461999999999996" lon="-121.584"><name>Location 450</name></wpt>
  <wpt lat="37.461999999999996" lon="-121.574"><name>Location 451</name></wpt>
  <wpt lat="37.461999999999996" lon="-121.56400000000001"><name>Location 452</name></wpt>
  <wpt lat="37.461999999999996" lon="-121.554"><name>Location 453</name></wpt>
  <wpt lat="37.461999999999996" lon="-121.544"><name>Location 454</name></wpt>
  <wpt lat="37.461999999999996" lon="-121.534"><name>Location 455</name></wpt>
  <wpt lat="37.461999999999996" lon="-121.524"><name>Location 456</name></wpt>
  <wpt lat="37.461999999999996" lon="-121.51400000000001"><name>Location 457</name></wpt>
  <wpt lat="37.461999999999996" lon="-121.504"><name>Location 458</name></wpt>
  <wpt lat="37.461999999999996" lon="-121.494"><name>Location 459</name></wpt>
  <wpt lat="37.461999999999996" lon="-121.48400000000001"><name>Location 460</name></wpt>
  <wpt lat="37.461999999999996" lon="-121.474"><name>Location 461</name></wpt>
  <wpt lat="37.461999999999996" lon="-121.464"><name>Location 462</name></wpt>
  <wpt lat="37.461999999999996" lon="-121.45400000000001"><name>Location 463</name></wpt>
  <wpt lat="37.461999999999996" lon="-121.444"><name>Location 464</name></wpt>
  <wpt lat="37.461999999999996" lon="-121.434"><name>Location 465</name></wpt>
  <wpt lat="37.461999999999996" lon="-121.424"><name>Location 466</name></wpt>
  <wpt lat="37.461999999999996" lon="-121.414"><name>Location 467</name></wpt>
  <wpt lat="37.461999999999996" lon="-121.404"><name>Location 468</name></wpt>
  <wpt lat="37.461999999999996" lon="-121.394"><name>Location 469</name></wpt>
  <wpt lat="37.461999999999996" lon="-121.384"><name>Location 470</name></wpt>
  <wpt lat="37.461999999999996" lon="-121.37400000000001"><name>Location 471</name></wpt>
  <wpt lat="37.461999999999996" lon="-121.364"><name>Location 472</name></wpt>
  <wpt lat="37.461999999999996" lon="-121.354"><name>Location 473</name></wpt>
  <wpt lat="37.461999999999996" lon="-121.34400000000001"><name>Location 474</name></wpt>
  <wpt lat="37.461999999999996" lon="-121.334"><name>Location 475</name></wpt>
  <wpt lat="37.461999999999996" lon="-121.324"><name>Location 476</name></wpt>
  <wpt lat="37.461999999999996" lon="-121.31400000000001"><name>Location 477</name></wpt>
  <wpt lat="37.461999999999996" lon="-121.304"><name>Location 478</name></wpt>
  <wpt lat="37.461999999999996" lon="-121.294"><name>Location 479</name></wpt>
  <wpt lat="37.461999999999996" lon="-121.284"><name>Location 480</name></wpt>
  <wpt lat="37.461999999999996" lon="-121.274"><name>Location 481</name></wpt>
  <wpt lat="37.461999999999996" lon="-121.26400000000001"><name>Location 482</name></wpt>
  <wpt lat="37.461999999999996" lon="-121.254"><name>Location 483</name></wpt>
  <wpt lat="37.461999999999996" lon="-121.244"><name>Location 484</name></wpt>
  <wpt lat="37.461999999999996" lon="-121.23400000000001"><name>Location 485</name></wpt>
  <wpt lat="37.461999999999996" lon="-121.224"><name>Location 486</name></wpt>
  <wpt lat="37.461999999999996" lon="-121.214"><name>Location 487</name></wpt>
  <wpt lat="37.461999999999996" lon="-121.20400000000001"><name>Location 488</name></wpt>
  <wpt lat="37.461999999999996" lon="-121.194"><name>Location 489</name></wpt>
  <wpt lat="37.461999999999996" lon="-121.184"><name>Location 490</name></wpt>
  <wpt lat="37.461999999999996" lon="-121.174"><name>Location 491</name></wpt>
  <wpt lat="37.461999999999996" lon="-121.164"><name>Location 492</name></wpt>
  <wpt lat="37.461999999999996" lon="-121.154"><name>Location 493</name></wpt>
  <wpt lat="37.461999999999996" lon="-121.144"><name>Location 494</name></wpt>
  <wpt lat="37.461999999999996" lon="-121.134"><name>Location 495</name></wpt>
  <wpt lat="37.461999999999996" lon="-121.12400000000001"><name>Location 496</name></wpt>
  <wpt lat="37.461999999999996" lon="-121.114"><name>Location 497</name></wpt>
  <wpt lat="37.461999999999996" lon="-121.104"><name>Location 498</name></wpt>
  <wpt lat="37.461999999999996" lon="-121.09400000000001"><name>Location 499</name></wpt>
  <wpt lat="37.471999999999994" lon="-122.084"><name>Location 500</name></wpt>
  <wpt lat="37.471999999999994" lon="-122.074"><name>Location 501</name></wpt>
  <wpt lat="37.471999999999994" lon="-122.06400000000001"><name>Location 502</name></wpt>
  <wpt lat="37.471999999999994" lon="-122.054"><name>Location 503</name></wpt>
  <wpt lat="37.471999999999994" lon="-122.044"><name>Location 504</name></wpt>
  <wpt lat="37.471999999999994" lon="-122.034"><name>Location 505</name></wpt>
  <wpt lat="37.471999999999994" lon="-122.024"><name>Location 506</name></wpt>
  <wpt lat="37.471999999999994" lon="-122.01400000000001"><name>Location 507</name></wpt>
  <wpt lat="37.471999999999994" lon="-122.004"><name>Location 508</name></wpt>
  <wpt lat="37.471999999999994" lon="-121.994"><name>Location 509</name></wpt>
  <wpt lat="37.471999999999994" lon="-121.98400000000001"><name>Location 510</name></wpt>
  <wpt lat="37.471999999999994" lon="-121.974"><name>Location 511</name></wpt>
  <wpt lat="37.471999999999994" lon="-121.964"><name>Location 512</name></wpt>
  <wpt lat="37.471999999999994" lon="-121.95400000000001"><name>Location 513</name></wpt>
  <wpt lat="37.471999999999994" lon="-121.944"><name>Location 514</name></wpt>
  <wpt lat="37.471999999999994" lon="-121.934"><name>Location 515</name></wpt>
  <wpt lat="37.471999999999994" lon="-121.924"><name>Location 516</name></wpt>
  <wpt lat="37.471999999999994" lon="-121.914"><name>Location 517</name></wpt>
  <wpt lat="37.471999999999994" lon="-121.904"><name>Location 518</name></wpt>
  <wpt lat="37.471999999999994" lon="-121.894"><name>Location 519</name></wpt>
  <wpt lat="37.471999999999994" lon="-121.884"><name>Location 520</name></wpt>
  <wpt lat="37.471999999999994" lon="-121.87400000000001"><name>Location 521</name></wpt>
  <wpt lat="37.471999999999994" lon="-121.864"><name>Location 522</name></wpt>
  <wpt lat="37.471999999999994" lon="-121.854"><name>Location 523</name></wpt>
  <wpt lat="37.471999999999994" lon="-121.84400000000001"><name>Location 524</name></wpt>
  <wpt lat="37.471999999999994" lon="-121.834"><name>Location 525</name></wpt>
  <wpt lat="37.471999999999994" lon="-121.824"><name>Location 526</name></wpt>
  <wpt lat="37.471999999999994" lon="-121.81400000000001"><name>Location 527</name></wpt>
  <wpt lat="37.471999999999994" lon="-121.804"><name>Location 528</name></wpt>
  <wpt lat="37.471999999999994" lon="-121.794"><name>Location 529</name></wpt>
  <wpt lat="37.471999999999994" lon="-121.784"><name>Location 530</name></wpt>
  <wpt lat="37.471999999999994" lon="-121.774"><name>Location 531</name></wpt>
  <wpt lat="37.471999999999994" lon="-121.76400000000001"><name>Location 532</name></wpt>
  <wpt lat="37.471999999999994" lon="-121.754"><name>Location 533</name></wpt>
  <wpt lat="37.471999999999994" lon="-121.744"><name>Location 534</name></wpt>
  <wpt lat="37.471999999999994" lon="-121.73400000000001"><name>Location 535</name></wpt>
  <wpt lat="37.471999999999994" lon="-121.724"><name>Location 536</name></wpt>
  <wpt lat="37.471999999999994" lon="-121.714"><name>Location 537</name></wpt>
  <wpt lat="37.471999999999994" lon="-121.70400000000001"><name>Location 538</name></wpt>
  <wpt lat="37.471999999999994" lon="-121.694"><name>Location 539</name></wpt>
  <wpt lat="37.471999999999994" lon="-121.684"><name>Location 540</name></wpt>
  <wpt lat="37.471999999999994" lon="-121.674"><name>Location 541</name></wpt>
  <wpt lat="37.471999999999994" lon="-121.664"><name>Location 542</name></wpt>
  <wpt lat="37.471999999999994" lon="-121.654"><name>Location 543</name></wpt>
  <wpt lat="37.471999999999994" lon="-121.644"><name>Location 544</name></wpt>
  <wpt lat="37.471999999999994" lon="-121.634"><name>Location 545</name></wpt>
  <wpt lat="37.471999999999994" lon="-121.62400000000001"><name>Location 546</name></wpt>
  <wpt lat="37.471999999999994" lon="-121.614"><name>Location 547</name></wpt>
  <wpt lat="37.471999999999994" lon="-121.604"><name>Location 548</name></wpt>
  <wpt lat="37.471999999999994" lon="-121.59400000000001"><name>Location 549</name></wpt>
  <wpt lat="37.471999999999994" lon="-121.584"><name>Location 550</name></wpt>
  <wpt lat="37.471999999999994" lon="-121.574"><name>Location 551</name></wpt>
  <wpt lat="37.471999999999994" lon="-121.56400000000001"><name>Location 552</name></wpt>
  <wpt lat="37.471999999999994" lon="-121.554"><name>Location 553</name></wpt>
  <wpt lat="37.471999999999994" lon="-121.544"><name>Location 554</name></wpt>
  <wpt lat="37.471999999999994" lon="-121.534"><name>Location 555</name></wpt>
  <wpt lat="37.471999999999994" lon="-121.524"><name>Location 556</name></wpt>
  <wpt lat="37.471999999999994" lon="-121.51400000000001"><name>Location 557</name></wpt>
  <wpt lat="37.471999999999994" lon="-121.504"><name>Location 558</name></wpt>
  <wpt lat="37.471999999999994" lon="-121.494"><name>Location 559</name></wpt>
  <wpt lat="37.471999999999994" lon="-121.48400000000001"><name>Location 560</name></wpt>
  <wpt lat="37.471999999999994" lon="-121.474"><name>Location 561</name></wpt>
  <wpt lat="37.471999999999994" lon="-121.464"><name>Location 562</name></wpt>
  <wpt lat="37.471999999999994" lon="-121.45400000000001"><name>Location 563</name></wpt>
  <wpt lat="37.471999999999994" lon="-121.444"><name>Location 564</name></wpt>
  <wpt lat="37.471999999999994" lon="-121.434"><name>Location 565</name></wpt>
  <wpt lat="37.471999999999994" lon="-121.424"><name>Location 566</name></wpt>
  <wpt lat="37.471999999999994" lon="-121.414"><name>Location 567</name></wpt>
  <wpt lat="37.471999999999994" lon="-121.404"><name>Location 568</name></wpt>
  <wpt lat="37.471999999999994" lon="-121.394"><name>Location 569</name></wpt>
  <wpt lat="37.471999999999994" lon="-121.384"><name>Location 570</name></wpt>
  <wpt lat="37.471999999999994" lon="-121.37400000000001"><name>Location 571</name></wpt>
  <wpt lat="37.471999999999994" lon="-121.364"><name>Location 572</name></wpt>
  <wpt lat="37.471999999999994" lon="-121.354"><name>Location 573</name></wpt>
  <wpt lat="37.471999999999994" lon="-121.34400000000001"><name>Location 574</name></wpt>
  <wpt lat="37.471999999999994" lon="-121.334"><name>Location 575</name></wpt>
  <wpt lat="37.471999999999994" lon="-121.324"><name>Location 576</name></wpt>
  <wpt lat="37.471999999999994" lon="-121.31400000000001"><name>Location 577</name></wpt>
  <wpt lat="37.471999999999994" lon="-121.304"><name>Location 578</name></wpt>
  <wpt lat="37.471999999999994" lon="-121.294"><name>Location 579</name></wpt>
  <wpt lat="37.471999999999994" lon="-121.284"><name>Location 580</name></wpt>
  <wpt lat="37.471999999999994" lon="-121.274"><name>Location 581</name></wpt>
  <wpt lat="37.471999999999994" lon="-121.26400000000001"><name>Location 582</name></wpt>
  <wpt lat="37.471999999999994" lon="-121.254"><name>Location 583</name></wpt>
  <wpt lat="37.471999999999994" lon="-121.244"><name>Location 584</name></wpt>
  <wpt lat="37.471999999999994" lon="-121.23400000000001"><name>Location 585</name></wpt>
  <wpt lat="37.471999999999994" lon="-121.224"><name>Location 586</name></wpt>
  <wpt lat="37.471999999999994" lon="-121.214"><name>Location 587</name></wpt>
  <wpt lat="37.471999999999994" lon="-121.20400000000001"><name>Location 588</name></wpt>
  <wpt lat="37.471999999999994" lon="-121.194"><name>Location 589</name></wpt>
  <wpt lat="37.471999999999994" lon="-121.184"><name>Location 590</name></wpt>
  <wpt lat="37.471999999999994" lon="-121.174"><name>Location 591</name></wpt>
  <wpt lat="37.471999999999994" lon="-121.164"><name>Location 592</name></wpt>
  <wpt lat="37.471999999999994" lon="-121.154"><name>Location 593</name></wpt>
  <wpt lat="37.471999999999994" lon="-121.144"><name>Location 594</name></wpt>
  <wpt lat="37.471999999999994" lon="-121.134"><name>Location 595</name></wpt>
  <wpt lat="37.471999999999994" lon="-121.12400000000001"><name>Location 596</name></wpt>
  <wpt lat="37.471999999999994" lon="-121.114"><name>Location 597</name></wpt>
  <wpt lat="37.471999999999994" lon="-121.104"><name>Location 598</name></wpt>
  <wpt lat="37.471999999999994" lon="-121.09400000000001"><name>Location 599</name></wpt>
  <wpt lat="37.482" lon="-122.084"><name>Location 600</name></wpt>
  <wpt lat="37.482" lon="-122.074"><name>Location 601</name></wpt>
  <wpt lat="37.482" lon="-122.06400000000001"><name>Location 602</name></wpt>
  <wpt lat="37.482" lon="-122.054"><name>Location 603</name></wpt>
  <wpt lat="37.482" lon="-122.044"><name>Location 604</name></wpt>
  <wpt lat="37.482" lon="-122.034"><name>Location 605</name></wpt>
  <wpt lat="37.482" lon="-122.024"><name>Location 606</name></wpt>
  <wpt lat="37.482" lon="-122.01400000000001"><name>Location 607</name></wpt>
  <wpt lat="37.482" lon="-122.004"><name>Location 608</name></wpt>
  <wpt lat="37.482" lon="-121.994"><name>Location 609</name></wpt>
  <wpt lat="37.482" lon="-121.98400000000001"><name>Location 610</name></wpt>
  <wpt lat="37.482" lon="-121.974"><name>Location 611</name></wpt>
  <wpt lat="37.482" lon="-121.964"><name>Location 612</name></wpt>
  <wpt lat="37.482" lon="-121.95400000000001"><name>Location 613</name></wpt>
  <wpt lat="37.482" lon="-121.944"><name>Location 614</name></wpt>
  <wpt lat="37.482" lon="-121.934"><name>Location 615</name></wpt>
  <wpt lat="37.482" lon="-121.924"><name>Location 616</name></wpt>
  <wpt lat="37.482" lon="-121.914"><name>Location 617</name></wpt>
  <wpt lat="37.482" lon="-121.904"><name>Location 618</name></wpt>
  <wpt lat="37.482" lon="-121.894"><name>Location 619</name></wpt>
  <wpt lat="37.482" lon="-121.884"><name>Location 620</name></wpt>
  <wpt lat="37.482" lon="-121.87400000000001"><name>Location 621</name></wpt>
  <wpt lat="37.482" lon="-121.864"><name>Location 622</name></wpt>
  <wpt lat="37.482" lon="-121.854"><name>Location 623</name></wpt>
  <wpt lat="37.482" lon="-121.84400000000001"><name>Location 624</name></wpt>
  <wpt lat="37.482" lon="-121.834"><name>Location 625</name></wpt>
  <wpt lat="37.482" lon="-121.824"><name>Location 626</name></wpt>
  <wpt lat="37.482" lon="-121.81400000000001"><name>Location 627</name></wpt>
  <wpt lat="37.482" lon="-121.804"><name>Location 628</name></wpt>
  <wpt lat="37.482" lon="-121.794"><name>Location 629</name></wpt>
  <wpt lat="37.482" lon="-121.784"><name>Location 630</name></wpt>
  <wpt lat="37.482" lon="-121.774"><name>Location 631</name></wpt>
  <wpt lat="37.482" lon="-121.76400000000001"><name>Location 632</name></wpt>
  <wpt lat="37.482" lon="-121.754"><name>Location 633</name></wpt>
  <wpt lat="37.482" lon="-121.744"><name>Location 634</name></wpt>
  <wpt lat="37.482" lon="-121.73400000000001"><name>Location 635</name></wpt>
  <wpt lat="37.482" lon="-121.724"><name>Location 636</name></wpt>
  <wpt lat="37.482" lon="-121.714"><name>Location 637</name></wpt>
  <wpt lat="37.482" lon="-121.70400000000001"><name>Location 638</name></wpt>
  <wpt lat="37.482" lon="-121.694"><name>Location 639</name></wpt>
  <wpt lat="37.482" lon="-121.684"><name>Location 640</name></wpt>
  <wpt lat="37.482" lon="-121.674"><name>Location 641</name></wpt>
  <wpt lat="37.482" lon="-121.664"><name>Location 642</name></wpt>
  <wpt lat="37.482" lon="-121.654"><name>Location 643</name></wpt>
  <wpt lat="37.482" lon="-121.644"><name>Location 644</name></wpt>
  <wpt lat="37.482" lon="-121.634"><name>Location 645</name></wpt>
  <wpt lat="37.482" lon="-121.62400000000001"><name>Location 646</name></wpt>
  <wpt lat="37.482" lon="-121.614"><name>Location 647</name></wpt>
  <wpt lat="37.482" lon="-121.604"><name>Location 648</name></wpt>
  <wpt lat="37.482" lon="-121.59400000000001"><name>Location 649</name></wpt>
  <wpt lat="37.482" lon="-121.584"><name>Location 650</name></wpt>
  <wpt lat="37.482" lon="-121.574"><name>Location 651</name></wpt>
  <wpt lat="37.482" lon="-121.56400000000001"><name>Location 652</name></wpt>
  <wpt lat="37.482" lon="-121.554"><name>Location 653</name></wpt>
  <wpt lat="37.482" lon="-121.544"><name>Location 654</name></wpt>
  <wpt lat="37.482" lon="-121.534"><name>Location 655</name></wpt>
  <wpt lat="37.482" lon="-121.524"><name>Location 656</name></wpt>
  <wpt lat="37.482" lon="-121.51400000000001"><name>Location 657</name></wpt>
  <wpt lat="37.482" lon="-121.504"><name>Location 658</name></wpt>
  <wpt lat="37.482" lon="-121.494"><name>Location 659</name></wpt>
  <wpt lat="37.482" lon="-121.48400000000001"><name>Location 660</name></wpt>
  <wpt lat="37.482" lon="-121.474"><name>Location 661</name></wpt>
  <wpt lat="37.482" lon="-121.464"><name>Location 662</name></wpt>
  <wpt lat="37.482" lon="-121.45400000000001"><name>Location 663</name></wpt>
  <wpt lat="37.482" lon="-121.444"><name>Location 664</name></wpt>
  <wpt lat="37.482" lon="-121.434"><name>Location 665</name></wpt>
  <wpt lat="37.482" lon="-121.424"><name>Location 666</name></wpt>
  <wpt lat="37.482" lon="-121.414"><name>Location 667</name></wpt>
  <wpt lat="37.482" lon="-121.404"><name>Location 668</name></wpt>
  <wpt lat="37.482" lon="-121.394"><name>Location 669</name></wpt>
  <wpt lat="37.482" lon="-121.384"><name>Location 670</name></wpt>
  <wpt lat="37.482" lon="-121.37400000000001"><name>Location 671</name></wpt>
  <wpt lat="37.482" lon="-121.364"><name>Location 672</name></wpt>
  <wpt lat="37.482" lon="-121.354"><name>Location 673</name></wpt>
  <wpt lat="37.482" lon="-121.34400000000001"><name>Location 674</name></wpt>
  <wpt lat="37.482" lon="-121.334"><name>Location 675</name></wpt>
  <wpt lat="37.482" lon="-121.324"><name>Location 676</name></wpt>
  <wpt lat="37.482" lon="-121.31400000000001"><name>Location 677</name></wpt>
  <wpt lat="37.482" lon="-121.304"><name>Location 678</name></wpt>
  <wpt lat="37.482" lon="-121.294"><name>Location 679</name></wpt>
  <wpt lat="37.482" lon="-121.284"><name>Location 680</name></wpt>
  <wpt lat="37.482" lon="-121.274"><name>Location 681</name></wpt>
  <wpt lat="37.482" lon="-121.26400000000001"><name>Location 682</name></wpt>
  <wpt lat="37.482" lon="-121.254"><name>Location 683</name></wpt>
  <wpt lat="37.482" lon="-121.244"><name>Location 684</name></wpt>
  <wpt lat="37.482" lon="-121.23400000000001"><name>Location 685</name></wpt>
  <wpt lat="37.482" lon="-121.224"><name>Location 686</name></wpt>
  <wpt lat="37.482" lon="-121.214"><name>Location 687</name></wpt>
  <wpt lat="37.482" lon="-121.20400000000001"><name>Location 688</name></wpt>
  <wpt lat="37.482" lon="-121.194"><name>Location 689</name></wpt>
  <wpt lat="37.482" lon="-121.184"><name>Location 690</name></wpt>
  <wpt lat="37.482" lon="-121.174"><name>Location 691</name></wpt>
  <wpt lat="37.482" lon="-121.164"><name>Location 692</name></wpt>
  <wpt lat="37.482" lon="-121.154"><name>Location 693</name></wpt>
  <wpt lat="37.482" lon="-121.144"><name>Location 694</name></wpt>
  <wpt lat="37.482" lon="-121.134"><name>Location 695</name></wpt>
  <wpt lat="37.482" lon="-121.12400000000001"><name>Location 696</name></wpt>
  <wpt lat="37.482" lon="-121.114"><name>Location 697</name></wpt>
  <wpt lat="37.482" lon="-121.104"><name>Location 698</name></wpt>
  <wpt lat="37.482" lon="-121.09400000000001"><name>Location 699</name></wpt>
  <wpt lat="37.492" lon="-122.084"><name>Location 700</name></wpt>
  <wpt lat="37.492" lon="-122.074"><name>Location 701</name></wpt>
  <wpt lat="37.492" lon="-122.06400000000001"><name>Location 702</name></wpt>
  <wpt lat="37.492" lon="-122.054"><name>Location 703</name></wpt>
  <wpt lat="37.492" lon="-122.044"><name>Location 704</name></wpt>
  <wpt lat="37.492" lon="-122.034"><name>Location 705</name></wpt>
  <wpt lat="37.492" lon="-122.024"><name>Location 706</name></wpt>
  <wpt lat="37.492" lon="-122.01400000000001"><name>Location 707</name></wpt>
  <wpt lat="37.492" lon="-122.004"><name>Location 708</name></wpt>
  <wpt lat="37.492" lon="-121.994"><name>Location 709</name></wpt>
  <wpt lat="37.492" lon="-121.98400000000001"><name>Location 710</name></wpt>
  <wpt lat="37.492" lon="-121.974"><name>Location 711</name></wpt>
  <wpt lat="37.492" lon="-121.964"><name>Location 712</name></wpt>
  <wpt lat="37.492" lon="-121.95400000000001"><name>Location 713</name></wpt>
  <wpt lat="37.492" lon="-121.944"><name>Location 714</name></wpt>
  <wpt lat="37.492" lon="-121.934"><name>Location 715</name></wpt>
  <wpt lat="37.492" lon="-121.924"><name>Location 716</name></wpt>
  <wpt lat="37.492" lon="-121.914"><name>Location 717</name></wpt>
  <wpt lat="37.492" lon="-121.904"><name>Location 718</name></wpt>
  <wpt lat="37.492" lon="-121.894"><name>Location 719</name></wpt>
  <wpt lat="37.492" lon="-121.884"><name>Location 720</name></wpt>
  <wpt lat="37.492" lon="-121.87400000000001"><name>Location 721</name></wpt>
  <wpt lat="37.492" lon="-121.864"><name>Location 722</name></wpt>
  <wpt lat="37.492" lon="-121.854"><name>Location 723</name></wpt>
  <wpt lat="37.492" lon="-121.84400000000001"><name>Location 724</name></wpt>
  <wpt lat="37.492" lon="-121.834"><name>Location 725</name></wpt>
  <wpt lat="37.492" lon="-121.824"><name>Location 726</name></wpt>
  <wpt lat="37.492" lon="-121.81400000000001"><name>Location 727</name></wpt>
  <wpt lat="37.492" lon="-121.804"><name>Location 728</name></wpt>
  <wpt lat="37.492" lon="-121.794"><name>Location 729</name></wpt>
  <wpt lat="37.492" lon="-121.784"><name>Location 730</name></wpt>
  <wpt lat="37.492" lon="-121.774"><name>Location 731</name></wpt>
  <wpt lat="37.492" lon="-121.76400000000001"><name>Location 732</name></wpt>
  <wpt lat="37.492" lon="-121.754"><name>Location 733</name></wpt>
  <wpt lat="37.492" lon="-121.744"><name>Location 734</name></wpt>
  <wpt lat="37.492" lon="-121.73400000000001"><name>Location 735</name></wpt>
  <wpt lat="37.492" lon="-121.724"><name>Location 736</name></wpt>
  <wpt lat="37.492" lon="-121.714"><name>Location 737</name></wpt>
  <wpt lat="37.492" lon="-121.70400000000001"><name>Location 738</name></wpt>
  <wpt lat="37.492" lon="-121.694"><name>Location 739</name></wpt>
  <wpt lat="37.492" lon="-121.684"><name>Location 740</name></wpt>
  <wpt lat="37.492" lon="-121.674"><name>Location 741</name></wpt>
  <wpt lat="37.492" lon="-121.664"><name>Location 742</name></wpt>
  <wpt lat="37.492" lon="-121.654"><name>Location 743</name></wpt>
  <wpt lat="37.492" lon="-121.644"><name>Location 744</name></wpt>
  <wpt lat="37.492" lon="-121.634"><name>Location 745</name></wpt>
  <wpt lat="37.492" lon="-121.62400000000001"><name>Location 746</name></wpt>
  <wpt lat="37.492" lon="-121.614"><name>Location 747</name></wpt>
  <wpt lat="37.492" lon="-121.604"><name>Location 748</name></wpt>
  <wpt lat="37.492" lon="-121.59400000000001"><name>Location 749</name></wpt>
  <wpt lat="37.492" lon="-121.584"><name>Location 750</name></wpt>
  <wpt lat="37.492" lon="-121.574"><name>Location 751</name></wpt>
  <wpt lat="37.492" lon="-121.56400000000001"><name>Location 752</name></wpt>
  <wpt lat="37.492" lon="-121.554"><name>Location 753</name></wpt>
  <wpt lat="37.492" lon="-121.544"><name>Location 754</name></wpt>
  <wpt lat="37.492" lon="-121.534"><name>Location 755</name></wpt>
  <wpt lat="37.492" lon="-121.524"><name>Location 756</name></wpt>
  <wpt lat="37.492" lon="-121.51400000000001"><name>Location 757</name></wpt>
  <wpt lat="37.492" lon="-121.504"><name>Location 758</name></wpt>
  <wpt lat="37.492" lon="-121.494"><name>Location 759</name></wpt>
  <wpt lat="37.492" lon="-121.48400000000001"><name>Location 760</name></wpt>
  <wpt lat="37.492" lon="-121.474"><name>Location 761</name></wpt>
  <wpt lat="37.492" lon="-121.464"><name>Location 762</name></wpt>
  <wpt lat="37.492" lon="-121.45400000000001"><name>Location 763</name></wpt>
  <wpt lat="37.492" lon="-121.444"><name>Location 764</name></wpt>
  <wpt lat="37.492" lon="-121.434"><name>Location 765</name></wpt>
  <wpt lat="37.492" lon="-121.424"><name>Location 766</name></wpt>
  <wpt lat="37.492" lon="-121.414"><name>Location 767</name></wpt>
  <wpt lat="37.492" lon="-121.404"><name>Location 768</name></wpt>
  <wpt lat="37.492" lon="-121.394"><name>Location 769</name></wpt>
  <wpt lat="37.492" lon="-121.384"><name>Location 770</name></wpt>
  <wpt lat="37.492" lon="-121.37400000000001"><name>Location 771</name></wpt>
  <wpt lat="37.492" lon="-121.364"><name>Location 772</name></wpt>
  <wpt lat="37.492" lon="-121.354"><name>Location 773</name></wpt>
  <wpt lat="37.492" lon="-121.34400000000001"><name>Location 774</name></wpt>
  <wpt lat="37.492" lon="-121.334"><name>Location 775</name></wpt>
  <wpt lat="37.492" lon="-121.324"><name>Location 776</name></wpt>
  <wpt lat="37.492" lon="-121.31400000000001"><name>Location 777</name></wpt>
  <wpt lat="37.492" lon="-121.304"><name>Location 778</name></wpt>
  <wpt lat="37.492" lon="-121.294"><name>Location 779</name></wpt>
  <wpt lat="37.492" lon="-121.284"><name>Location 780</name></wpt>
  <wpt lat="37.492" lon="-121.274"><name>Location 781</name></wpt>
  <wpt lat="37.492" lon="-121.26400000000001"><name>Location 782</name></wpt>
  <wpt lat="37.492" lon="-121.254"><name>Location 783</name></wpt>
  <wpt lat="37.492" lon="-121.244"><name>Location 784</name></wpt>
  <wpt lat="37.492" lon="-121.23400000000001"><name>Location 785</name></wpt>
  <wpt lat="37.492" lon="-121.224"><name>Location 786</name></wpt>
  <wpt lat="37.492" lon="-121.214"><name>Location 787</name></wpt>
  <wpt lat="37.492" lon="-121.20400000000001"><name>Location 788</name></wpt>
  <wpt lat="37.492" lon="-121.194"><name>Location 789</name></wpt>
  <wpt lat="37.492" lon="-121.184"><name>Location 790</name></wpt>
  <wpt lat="37.492" lon="-121.174"><name>Location 791</name></wpt>
  <wpt lat="37.492" lon="-121.164"><name>Location 792</name></wpt>
  <wpt lat="37.492" lon="-121.154"><name>Location 793</name></wpt>
  <wpt lat="37.492" lon="-121.144"><name>Location 794</name></wpt>
  <wpt lat="37.492" lon="-121.134"><name>Location 795</name></wpt>
  <wpt lat="37.492" lon="-121.12400000000001"><name>Location 796</name></wpt>
  <wpt lat="37.492" lon="-121.114"><name>Location 797</name></wpt>
  <wpt lat="37.492" lon="-121.104"><name>Location 798</name></wpt>
  <wpt lat="37.492" lon="-121.09400000000001"><name>Location 799</name></wpt>
  <wpt lat="37.501999999999995" lon="-122.084"><name>Location 800</name></wpt>
  <wpt lat="37.501999999999995" lon="-122.074"><name>Location 801</name></wpt>
  <wpt lat="37.501999999999995" lon="-122.06400000000001"><name>Location 802</name></wpt>
  <wpt lat="37.501999999999995" lon="-122.054"><name>Location 803</name></wpt>
  <wpt lat="37.501999999999995" lon="-122.044"><name>Location 804</name></wpt>
  <wpt lat="37.501999999999995" lon="-122.034"><name>Location 805</name></wpt>
  <wpt lat="37.501999999999995" lon="-122.024"><name>Location 806</name></wpt>
  <wpt lat="37.501999999999995" lon="-122.01400000000001"><name>Location 807</name></wpt>
  <wpt lat="37.501999999999995" lon="-122.004"><name>Location 808</name></wpt>
  <wpt lat="37.501999999999995" lon="-121.994"><name>Location 809</name></wpt>
  <wpt lat="37.501999999999995" lon="-121.98400000000001"><name>Location 810</name></wpt>
  <wpt lat="37.501999999999995" lon="-121.974"><name>Location 811</name></wpt>
  <wpt lat="37.501999999999995" lon="-121.964"><name>Location 812</name></wpt>
  <wpt lat="37.501999999999995" lon="-121.95400000000001"><name>Location 813</name></wpt>
  <wpt lat="37.501999999999995" lon="-121.944"><name>Location 814</name></wpt>
  <wpt lat="37.501999999999995" lon="-121.934"><name>Location 815</name></wpt>
  <wpt lat="37.501999999999995" lon="-121.924"><name>Location 816</name></wpt>
  <wpt lat="37.501999999999995" lon="-121.914"><name>Location 817</name></wpt>
  <wpt lat="37.501999999999995" lon="-121.904"><name>Location 818</name></wpt>
  <wpt lat="37.501999999999995" lon="-121.894"><name>Location 819</name></wpt>
  <wpt lat="37.501999999999995" lon="-121.884"><name>Location 820</name></wpt>
  <wpt lat="37.501999999999995" lon="-121.87400000000001"><name>Location 821</name></wpt>
  <wpt lat="37.501999999999995" lon="-121.864"><name>Location 822</name></wpt>
  <wpt lat="37.501999999999995" lon="-121.854"><name>Location 823</name></wpt>
  <wpt lat="37.501999999999995" lon="-121.84400000000001"><name>Location 824</name></wpt>
  <wpt lat="37.501999999999995" lon="-121.834"><name>Location 825</name></wpt>
  <wpt lat="37.501999999999995" lon="-121.824"><name>Location 826</name></wpt>
  <wpt lat="37.501999999999995" lon="-121.81400000000001"><name>Location 827</name></wpt>
  <wpt lat="37.501999999999995" lon="-121.804"><name>Location 828</name></wpt>
  <wpt lat="37.501999999999995" lon="-121.794"><name>Location 829</name></wpt>
  <wpt lat="37.501999999999995" lon="-121.784"><name>Location 830</name></wpt>
  <wpt lat="37.501999999999995" lon="-121.774"><name>Location 831</name></wpt>
  <wpt lat="37.501999999999995" lon="-121.76400000000001"><name>Location 832</name></wpt>
  <wpt lat="37.501999999999995" lon="-121.754"><name>Location 833</name></wpt>
  <wpt lat="37.501999999999995" lon="-121.744"><name>Location 834</name></wpt>
  <wpt lat="37.501999999999995" lon="-121.73400000000001"><name>Location 835</name></wpt>
  <wpt lat="37.501999999999995" lon="-121.724"><name>Location 836</name></wpt>
  <wpt lat="37.501999999999995" lon="-121.714"><name>Location 837</name></wpt>
  <wpt lat="37.501999999999995" lon="-121.70400000000001"><name>Location 838</name></wpt>
  <wpt lat="37.501999999999995" lon="-121.694"><name>Location 839</name></wpt>
  <wpt lat="37.501999999999995" lon="-121.684"><name>Location 840</name></wpt>
  <wpt lat="37.501999999999995" lon="-121.674"><name>Location 841</name></wpt>
  <wpt lat="37.501999999999995" lon="-121.664"><name>Location 842</name></wpt>
  <wpt lat="37.501999999999995" lon="-121.654"><name>Location 843</name></wpt>
  <wpt lat="37.501999999999995" lon="-121.644"><name>Location 844</name></wpt>
  <wpt lat="37.501999999999995" lon="-121.634"><name>Location 845</name></wpt>
  <wpt lat="37.501999999999995" lon="-121.62400000000001"><name>Location 846</name></wpt>
  <wpt lat="37.501999999999995" lon="-121.614"><name>Location 847</name></wpt>
  <wpt lat="37.501999999999995" lon="-121.604"><name>Location 848</name></wpt>
  <wpt lat="37.501999999999995" lon="-121.59400000000001"><name>Location 849</name></wpt>
  <wpt lat="37.501999999999995" lon="-121.584"><name>Location 850</name></wpt>
  <wpt lat="37.501999999999995" lon="-121.574"><name>Location 851</name></wpt>
  <wpt lat="37.501999999999995" lon="-121.56400000000001"><name>Location 852</name></wpt>
  <wpt lat="37.501999999999995" lon="-121.554"><name>Location 853</name></wpt>
  <wpt lat="37.501999999999995" lon="-121.544"><name>Location 854</name></wpt>
  <wpt lat="37.501999999999995" lon="-121.534"><name>Location 855</name></wpt>
  <wpt lat="37.501999999999995" lon="-121.524"><name>Location 856</name></wpt>
  <wpt lat="37.501999999999995" lon="-121.51400000000001"><name>Location 857</name></wpt>
  <wpt lat="37.501999999999995" lon="-121.504"><name>Location 858</name></wpt>
  <wpt lat="37.501999999999995" lon="-121.494"><name>Location 859</name></wpt>
  <wpt lat="37.501999999999995" lon="-121.48400000000001"><name>Location 860</name></wpt>
  <wpt lat="37.501999999999995" lon="-121.474"><name>Location 861</name></wpt>
  <wpt lat="37.501999999999995" lon="-121.464"><name>Location 862</name></wpt>
  <wpt lat="37.501999999999995" lon="-121.45400000000001"><name>Location 863</name></wpt>
  <wpt lat="37.501999999999995" lon="-121.444"><name>Location 864</name></wpt>
  <wpt lat="37.501999999999995" lon="-121.434"><name>Location 865</name></wpt>
  <wpt lat="37.501999999999995" lon="-121.424"><name>Location 866</name></wpt>
  <wpt lat="37.501999999999995" lon="-121.414"><name>Location 867</name></wpt>
  <wpt lat="37.501999999999995" lon="-121.404"><name>Location 868</name></wpt>
  <wpt lat="37.501999999999995" lon="-121.394"><name>Location 869</name></wpt>
  <wpt lat="37.501999999999995" lon="-121.384"><name>Location 870</name></wpt>
  <wpt lat="37.501999999999995" lon="-121.37400000000001"><name>Location 871</name></wpt>
  <wpt lat="37.501999999999995" lon="-121.364"><name>Location 872</name></wpt>
  <wpt lat="37.501999999999995" lon="-121.354"><name>Location 873</name></wpt>
  <wpt lat="37.501999999999995" lon="-121.34400000000001"><name>Location 874</name></wpt>
  <wpt lat="37.501999999999995" lon="-121.334"><name>Location 875</name></wpt>
  <wpt lat="37.501999999999995" lon="-121.324"><name>Location 876</name></wpt>
  <wpt lat="37.501999999999995" lon="-121.31400000000001"><name>Location 877</name></wpt>
  <wpt lat="37.501999999999995" lon="-121.304"><name>Location 878</name></wpt>
  <wpt lat="37.501999999999995" lon="-121.294"><name>Location 879</name></wpt>
  <wpt lat="37.501999999999995" lon="-121.284"><name>Location 880</name></wpt>
  <wpt lat="37.501999999999995" lon="-121.274"><name>Location 881</name></wpt>
  <wpt lat="37.501999999999995" lon="-121.26400000000001"><name>Location 882</name></wpt>
  <wpt lat="37.501999999999995" lon="-121.254"><name>Location 883</name></wpt>
  <wpt lat="37.501999999999995" lon="-121.244"><name>Location 884</name></wpt>
  <wpt lat="37.501999999999995" lon="-121.23400000000001"><name>Location 885</name></wpt>
  <wpt lat="37.501999999999995" lon="-121.224"><name>Location 886</name></wpt>
  <wpt lat="37.501999999999995" lon="-121.214"><name>Location 887</name></wpt>
  <wpt lat="37.501999999999995" lon="-121.20400000000001"><name>Location 888</name></wpt>
  <wpt lat="37.501999999999995" lon="-121.194"><name>Location 889</name></wpt>
  <wpt lat="37.501999999999995" lon="-121.184"><name>Location 890</name></wpt>
  <wpt lat="37.501999999999995" lon="-121.174"><name>Location 891</name></wpt>
  <wpt lat="37.501999999999995" lon="-121.164"><name>Location 892</name></wpt>
  <wpt lat="37.501999999999995" lon="-121.154"><name>Location 893</name></wpt>
  <wpt lat="37.501999999999995" lon="-121.144"><name>Location 894</name></wpt>
  <wpt lat="37.501999999999995" lon="-121.134"><name>Location 895</name></wpt>
  <wpt lat="37.501999999999995" lon="-121.12400000000001"><name>Location 896</name></wpt>
  <wpt lat="37.501999999999995" lon="-121.114"><name>Location 897</name></wpt>
  <wpt lat="37.501999999999995" lon="-121.104"><name>Location 898</name></wpt>
  <wpt lat="37.501999999999995" lon="-121.09400000000001"><name>Location 899</name></wpt>
  <wpt lat="37.512" lon="-122.084"><name>Location 900</name></wpt>
  <wpt lat="37.512" lon="-122.074"><name>Location 901</name></wpt>
  <wpt lat="37.512" lon="-122.06400000000001"><name>Location 902</name></wpt>
  <wpt lat="37.512" lon="-122.054"><name>Location 903</name></wpt>
  <wpt lat="37.512" lon="-122.044"><name>Location 904</name></wpt>
  <wpt lat="37.512" lon="-122.034"><name>Location 905</name></wpt>
  <wpt lat="37.512" lon="-122.024"><name>Location 906</name></wpt>
  <wpt lat="37.512" lon="-122.01400000000001"><name>Location 907</name></wpt>
  <wpt lat="37.512" lon="-122.004"><name>Location 908</name></wpt>
  <wpt lat="37.512" lon="-121.994"><name>Location 909</name></wpt>
  <wpt lat="37.512" lon="-121.98400000000001"><name>Location 910</name></wpt>
  <wpt lat="37.512" lon="-121.974"><name>Location 911</name></wpt>
  <wpt lat="37.512" lon="-121.964"><name>Location 912</name></wpt>
  <wpt lat="37.512" lon="-121.95400000000001"><name>Location 913</name></wpt>
  <wpt lat="37.512" lon="-121.944"><name>Location 914</name></wpt>
  <wpt lat="37.512" lon="-121.934"><name>Location 915</name></wpt>
  <wpt lat="37.512" lon="-121.924"><name>Location 916</name></wpt>
  <wpt lat="37.512" lon="-121.914"><name>Location 917</name></wpt>
  <wpt lat="37.512" lon="-121.904"><name>Location 918</name></wpt>
  <wpt lat="37.512" lon="-121.894"><name>Location 919</name></wpt>
  <wpt lat="37.512" lon="-121.884"><name>Location 920</name></wpt>
  <wpt lat="37.512" lon="-121.87400000000001"><name>Location 921</name></wpt>
  <wpt lat="37.512" lon="-121.864"><name>Location 922</name></wpt>
  <wpt lat="37.512" lon="-121.854"><name>Location 923</name></wpt>
  <wpt lat="37.512" lon="-121.84400000000001"><name>Location 924</name></wpt>
  <wpt lat="37.512" lon="-121.834"><name>Location 925</name></wpt>
  <wpt lat="37.512" lon="-121.824"><name>Location 926</name></wpt>
  <wpt lat="37.512" lon="-121.81400000000001"><name>Location 927</name></wpt>
  <wpt lat="37.512" lon="-121.804"><name>Location 928</name></wpt>
  <wpt lat="37.512" lon="-121.794"><name>Location 929</name></wpt>
  <wpt lat="37.512" lon="-121.784"><name>Location 930</name></wpt>
  <wpt lat="37.512" lon="-121.774"><name>Location 931</name></wpt>
  <wpt lat="37.512" lon="-121.76400000000001"><name>Location 932</name></wpt>
  <wpt lat="37.512" lon="-121.754"><name>Location 933</name></wpt>
  <wpt lat="37.512" lon="-121.744"><name>Location 934</name></wpt>
  <wpt lat="37.512" lon="-121.73400000000001"><name>Location 935</name></wpt>
  <wpt lat="37.512" lon="-121.724"><name>Location 936</name></wpt>
  <wpt lat="37.512" lon="-121.714"><name>Location 937</name></wpt>
  <wpt lat="37.512" lon="-121.70400000000001"><name>Location 938</name></wpt>
  <wpt lat="37.512" lon="-121.694"><name>Location 939</name></wpt>
  <wpt lat="37.512" lon="-121.684"><name>Location 940</name></wpt>
  <wpt lat="37.512" lon="-121.674"><name>Location 941</name></wpt>
  <wpt lat="37.512" lon="-121.664"><name>Location 942</name></wpt>
  <wpt lat="37.512" lon="-121.654"><name>Location 943</name></wpt>
  <wpt lat="37.512" lon="-121.644"><name>Location 944</name></wpt>
  <wpt lat="37.512" lon="-121.634"><name>Location 945</name></wpt>
  <wpt lat="37.512" lon="-121.62400000000001"><name>Location 946</name></wpt>
  <wpt lat="37.512" lon="-121.614"><name>Location 947</name></wpt>
  <wpt lat="37.512" lon="-121.604"><name>Location 948</name></wpt>
  <wpt lat="37.512" lon="-121.59400000000001"><name>Location 949</name></wpt>
  <wpt lat="37.512" lon="-121.584"><name>Location 950</name></wpt>
  <wpt lat="37.512" lon="-121.574"><name>Location 951</name></wpt>
  <wpt lat="37.512" lon="-121.56400000000001"><name>Location 952</name></wpt>
  <wpt lat="37.512" lon="-121.554"><name>Location 953</name></wpt>
  <wpt lat="37.512" lon="-121.544"><name>Location 954</name></wpt>
  <wpt lat="37.512" lon="-121.534"><name>Location 955</name></wpt>
  <wpt lat="37.512" lon="-121.524"><name>Location 956</name></wpt>
  <wpt lat="37.512" lon="-121.51400000000001"><name>Location 957</name></wpt>
  <wpt lat="37.512" lon="-121.504"><name>Location 958</name></wpt>
  <wpt lat="37.512" lon="-121.494"><name>Location 959</name></wpt>
  <wpt lat="37.512" lon="-121.48400000000001"><name>Location 960</name></wpt>
  <wpt lat="37.512" lon="-121.474"><name>Location 961</name></wpt>
  <wpt lat="37.512" lon="-121.464"><name>Location 962</name></wpt>
  <wpt lat="37.512" lon="-121.45400000000001"><name>Location 963</name></wpt>
  <wpt lat="37.512" lon="-121.444"><name>Location 964</name></wpt>
  <wpt lat="37.512" lon="-121.434"><name>Location 965</name></wpt>
  <wpt lat="37.512" lon="-121.424"><name>Location 966</name></wpt>
  <wpt lat="37.512" lon="-121.414"><name>Location 967</name></wpt>
  <wpt lat="37.512" lon="-121.404"><name>Location 968</name></wpt>
  <wpt lat="37.512" lon="-121.394"><name>Location 969</name></wpt>
  <wpt lat="37.512" lon="-121.384"><name>Location 970</name></wpt>
  <wpt lat="37.512" lon="-121.37400000000001"><name>Location 971</name></wpt>
  <wpt lat="37.512" lon="-121.364"><name>Location 972</name></wpt>
  <wpt lat="37.512" lon="-121.354"><name>Location 973</name></wpt>
  <wpt lat="37.512" lon="-121.34400000000001"><name>Location 974</name></wpt>
  <wpt lat="37.512" lon="-121.334"><name>Location 975</name></wpt>
  <wpt lat="37.512" lon="-121.324"><name>Location 976</name></wpt>
  <wpt lat="37.512" lon="-121.31400000000001"><name>Location 977</name></wpt>
  <wpt lat="37.512" lon="-121.304"><name>Location 978</name></wpt>
  <wpt lat="37.512" lon="-121.294"><name>Location 979</name></wpt>
  <wpt lat="37.512" lon="-121.284"><name>Location 980</name></wpt>
  <wpt lat="37.512" lon="-121.274"><name>Location 981</name></wpt>
  <wpt lat="37.512" lon="-121.26400000000001"><name>Location 982</name></wpt>
  <wpt lat="37.512" lon="-121.254"><name>Location 983</name></wpt>
  <wpt lat="37.512" lon="-121.244"><name>Location 984</name></wpt>
  <wpt lat="37.512" lon="-121.23400000000001"><name>Location 985</name></wpt>
  <wpt lat="37.512" lon="-121.224"><name>Location 986</name></wpt>
  <wpt lat="37.512" lon="-121.214"><name>Location 987</name></wpt>
  <wpt lat="37.512" lon="-121.20400000000001"><name>Location 988</name></wpt>
  <wpt lat="37.512" lon="-121.194"><name>Location 989</name></wpt>
  <wpt lat="37.512" lon="-121.184"><name>Location 990</name></wpt>
  <wpt lat="37.512" lon="-121.174"><name>Location 991</name></wpt>
  <wpt lat="37.512" lon="-121.164"><name>Location 992</name></wpt>
  <wpt lat="37.512" lon="-121.154"><name>Location 993</name></wpt>
  <wpt lat="37.512" lon="-121.144"><name>Location 994</name></wpt>
  <wpt lat="37.512" lon="-121.134"><name>Location 995</name></wpt>
  <wpt lat="37.512" lon="-121.12400000000001"><name>Location 996</name></wpt>
  <wpt lat="37.512" lon="-121.114"><name>Location 997</name></wpt>
  <wpt lat="37.512" lon="-121.104"><name>Location 998</name></wpt>
  <wpt lat="37.512" lon="-121.09400000000001"><name>Location 999</name></wpt>
  <wpt lat="37.522" lon="-122.084"><name>Location 1000</name></wpt>
  <wpt lat="37.522" lon="-122.074"><name>Location 1001</name></wpt>
  <wpt lat="37.522" lon="-122.06400000000001"><name>Location 1002</name></wpt>
  <wpt lat="37.522" lon="-122.054"><name>Location 1003</name></wpt>
  <wpt lat="37.522" lon="-122.044"><name>Location 1004</name></wpt>
  <wpt lat="37.522" lon="-122.034"><name>Location 1005</name></wpt>
  <wpt lat="37.522" lon="-122.024"><name>Location 1006</name></wpt>
  <wpt lat="37.522" lon="-122.01400000000001"><name>Location 1007</name></wpt>
  <wpt lat="37.522" lon="-122.004"><name>Location 1008</name></wpt>
  <wpt lat="37.522" lon="-121.994"><name>Location 1009</name></wpt>
  <wpt lat="37.522" lon="-121.98400000000001"><name>Location 1010</name></wpt>
  <wpt lat="37.522" lon="-121.974"><name>Location 1011</name></wpt>
  <wpt lat="37.522" lon="-121.964"><name>Location 1012</name></wpt>
  <wpt lat="37.522" lon="-121.95400000000001"><name>Location 1013</name></wpt>
  <wpt lat="37.522" lon="-121.944"><name>Location 1014</name></wpt>
  <wpt lat="37.522" lon="-121.934"><name>Location 1015</name></wpt>
  <wpt lat="37.522" lon="-121.924"><name>Location 1016</name></wpt>
  <wpt lat="37.522" lon="-121.914"><name>Location 1017</name></wpt>
  <wpt lat="37.522" lon="-121.904"><name>Location 1018</name></wpt>
  <wpt lat="37.522" lon="-121.894"><name>Location 1019</name></wpt>
  <wpt lat="37.522" lon="-121.884"><name>Location 1020</name></wpt>
  <wpt lat="37.522" lon="-121.87400000000001"><name>Location 1021</name></wpt>
  <wpt lat="37.522" lon="-121.864"><name>Location 1022</name></wpt>
  <wpt lat="37.522" lon="-121.854"><name>Location 1023</name></wpt>
  <wpt lat="37.522" lon="-121.84400000000001"><name>Location 1024</name></wpt>
  <wpt lat="37.522" lon="-121.834"><name>Location 1025</name></wpt>
  <wpt lat="37.522" lon="-121.824"><name>Location 1026</name></wpt>
  <wpt lat="37.522" lon="-121.81400000000001"><name>Location 1027</name></wpt>
  <wpt lat="37.522" lon="-121.804"><name>Location 1028</name></wpt>
  <wpt lat="37.522" lon="-121.794"><name>Location 1029</name></wpt>
  <wpt lat="37.522" lon="-121.784"><name>Location 1030</name></wpt>
  <wpt lat="37.522" lon="-121.774"><name>Location 1031</name></wpt>
  <wpt lat="37.522" lon="-121.76400000000001"><name>Location 1032</name></wpt>
  <wpt lat="37.522" lon="-121.754"><name>Location 1033</name></wpt>
  <wpt lat="37.522" lon="-121.744"><name>Location 1034</name></wpt>
  <wpt lat="37.522" lon="-121.73400000000001"><name>Location 1035</name></wpt>
  <wpt lat="37.522" lon="-121.724"><name>Location 1036</name></wpt>
  <wpt lat="37.522" lon="-121.714"><name>Location 1037</name></wpt>
  <wpt lat="37.522" lon="-121.70400000000001"><name>Location 1038</name></wpt>
  <wpt lat="37.522" lon="-121.694"><name>Location 1039</name></wpt>
  <wpt lat="37.522" lon="-121.684"><name>Location 1040</name></wpt>
  <wpt lat="37.522" lon="-121.674"><name>Location 1041</name></wpt>
  <wpt lat="37.522" lon="-121.664"><name>Location 1042</name></wpt>
  <wpt lat="37.522" lon="-121.654"><name>Location 1043</name></wpt>
  <wpt lat="37.522" lon="-121.644"><name>Location 1044</name></wpt>
  <wpt lat="37.522" lon="-121.634"><name>Location 1045</name></wpt>
  <wpt lat="37.522" lon="-121.62400000000001"><name>Location 1046</name></wpt>
  <wpt lat="37.522" lon="-121.614"><name>Location 1047</name></wpt>
  <wpt lat="37.522" lon="-121.604"><name>Location 1048</name></wpt>
  <wpt lat="37.522" lon="-121.59400000000001"><name>Location 1049</name></wpt>
  <wpt lat="37.522" lon="-121.584"><name>Location 1050</name></wpt>
  <wpt lat="37.522" lon="-121.574"><name>Location 1051</name></wpt>
  <wpt lat="37.522" lon="-121.56400000000001"><name>Location 1052</name></wpt>
  <wpt lat="37.522" lon="-121.554"><name>Location 1053</name></wpt>
  <wpt lat="37.522" lon="-121.544"><name>Location 1054</name></wpt>
  <wpt lat="37.522" lon="-121.534"><name>Location 1055</name></wpt>
  <wpt lat="37.522" lon="-121.524"><name>Location 1056</name></wpt>
  <wpt lat="37.522" lon="-121.51400000000001"><name>Location 1057</name></wpt>
  <wpt lat="37.522" lon="-121.504"><name>Location 1058</name></wpt>
  <wpt lat="37.522" lon="-121.494"><name>Location 1059</name></wpt>
  <wpt lat="37.522" lon="-121.48400000000001"><name>Location 1060</name></wpt>
  <wpt lat="37.522" lon="-121.474"><name>Location 1061</name></wpt>
  <wpt lat="37.522" lon="-121.464"><name>Location 1062</name></wpt>
  <wpt lat="37.522" lon="-121.45400000000001"><name>Location 1063</name></wpt>
  <wpt lat="37.522" lon="-121.444"><name>Location 1064</name></wpt>
  <wpt lat="37.522" lon="-121.434"><name>Location 1065</name></wpt>
  <wpt lat="37.522" lon="-121.424"><name>Location 1066</name></wpt>
  <wpt lat="37.522" lon="-121.414"><name>Location 1067</name></wpt>
  <wpt lat="37.522" lon="-121.404"><name>Location 1068</name></wpt>
  <wpt lat="37.522" lon="-121.394"><name>Location 1069</name></wpt>
  <wpt lat="37.522" lon="-121.384"><name>Location 1070</name></wpt>
  <wpt lat="37.522" lon="-121.37400000000001"><name>Location 1071</name></wpt>
  <wpt lat="37.522" lon="-121.364"><name>Location 1072</name></wpt>
  <wpt lat="37.522" lon="-121.354"><name>Location 1073</name></wpt>
  <wpt lat="37.522" lon="-121.34400000000001"><name>Location 1074</name></wpt>
  <wpt lat="37.522" lon="-121.334"><name>Location 1075</name></wpt>
  <wpt lat="37.522" lon="-121.324"><name>Location 1076</name></wpt>
  <wpt lat="37.522" lon="-121.31400000000001"><name>Location 1077</name></wpt>
  <wpt lat="37.522" lon="-121.304"><name>Location 1078</name></wpt>
  <wpt lat="37.522" lon="-121.294"><name>Location 1079</name></wpt>
  <wpt lat="37.522" lon="-121.284"><name>Location 1080</name></wpt>
  <wpt lat="37.522" lon="-121.274"><name>Location 1081</name></wpt>
  <wpt lat="37.522" lon="-121.26400000000001"><name>Location 1082</name></wpt>
  <wpt lat="37.522" lon="-121.254"><name>Location 1083</name></wpt>
  <wpt lat="37.522" lon="-121.244"><name>Location 1084</name></wpt>
  <wpt lat="37.522" lon="-121.23400000000001"><name>Location 1085</name></wpt>
  <wpt lat="37.522" lon="-121.224"><name>Location 1086</name></wpt>
  <wpt lat="37.522" lon="-121.214"><name>Location 1087</name></wpt>
  <wpt lat="37.522" lon="-121.20400000000001"><name>Location 1088</name></wpt>
  <wpt lat="37.522" lon="-121.194"><name>Location 1089</name></wpt>
  <wpt lat="37.522" lon="-121.184"><name>Location 1090</name></wpt>
  <wpt lat="37.522" lon="-121.174"><name>Location 1091</name></wpt>
  <wpt lat="37.522" lon="-121.164"><name>Location 1092</name></wpt>
  <wpt lat="37.522" lon="-121.154"><name>Location 1093</name></wpt>
  <wpt lat="37.522" lon="-121.144"><name>Location 1094</name></wpt>
  <wpt lat="37.522" lon="-121.134"><name>Location 1095</name></wpt>
  <wpt lat="37.522" lon="-121.12400000000001"><name>Location 1096</name></wpt>
  <wpt lat="37.522" lon="-121.114"><name>Location 1097</name></wpt>
  <wpt lat="37.522" lon="-121.104"><name>Location 1098</name></wpt>
  <wpt lat="37.522" lon="-121.09400000000001"><name>Location 1099</name></wpt>
  <wpt lat="37.532" lon="-122.084"><name>Location 1100</name></wpt>
  <wpt lat="37.532" lon="-122.074"><name>Location 1101</name></wpt>
  <wpt lat="37.532" lon="-122.06400000000001"><name>Location 1102</name></wpt>
  <wpt lat="37.532" lon="-122.054"><name>Location 1103</name></wpt>
  <wpt lat="37.532" lon="-122.044"><name>Location 1104</name></wpt>
  <wpt lat="37.532" lon="-122.034"><name>Location 1105</name></wpt>
  <wpt lat="37.532" lon="-122.024"><name>Location 1106</name></wpt>
  <wpt lat="37.532" lon="-122.01400000000001"><name>Location 1107</name></wpt>
  <wpt lat="37.532" lon="-122.004"><name>Location 1108</name></wpt>
  <wpt lat="37.532" lon="-121.994"><name>Location 1109</name></wpt>
  <wpt lat="37.532" lon="-121.98400000000001"><name>Location 1110</name></wpt>
  <wpt lat="37.532" lon="-121.974"><name>Location 1111</name></wpt>
  <wpt lat="37.532" lon="-121.964"><name>Location 1112</name></wpt>
  <wpt lat="37.532" lon="-121.95400000000001"><name>Location 1113</name></wpt>
  <wpt lat="37.532" lon="-121.944"><name>Location 1114</name></wpt>
  <wpt lat="37.532" lon="-121.934"><name>Location 1115</name></wpt>
  <wpt lat="37.532" lon="-121.924"><name>Location 1116</name></wpt>
  <wpt lat="37.532" lon="-121.914"><name>Location 1117</name></wpt>
  <wpt lat="37.532" lon="-121.904"><name>Location 1118</name></wpt>
  <wpt lat="37.532" lon="-121.894"><name>Location 1119</name></wpt>
  <wpt lat="37.532" lon="-121.884"><name>Location 1120</name></wpt>
  <wpt lat="37.532" lon="-121.87400000000001"><name>Location 1121</name></wpt>
  <wpt lat="37.532" lon="-121.864"><name>Location 1122</name></wpt>
  <wpt lat="37.532" lon="-121.854"><name>Location 1123</name></wpt>
  <wpt lat="37.532" lon="-121.84400000000001"><name>Location 1124</name></wpt>
  <wpt lat="37.532" lon="-121.834"><name>Location 1125</name></wpt>
  <wpt lat="37.532" lon="-121.824"><name>Location 1126</name></wpt>
  <wpt lat="37.532" lon="-121.81400000000001"><name>Location 1127</name></wpt>
  <wpt lat="37.532" lon="-121.804"><name>Location 1128</name></wpt>
  <wpt lat="37.532" lon="-121.794"><name>Location 1129</name></wpt>
  <wpt lat="37.532" lon="-121.784"><name>Location 1130</name></wpt>
  <wpt lat="37.532" lon="-121.774"><name>Location 1131</name></wpt>
  <wpt lat="37.532" lon="-121.76400000000001"><name>Location 1132</name></wpt>
  <wpt lat="37.532" lon="-121.754"><name>Location 1133</name></wpt>
  <wpt lat="37.532" lon="-121.744"><name>Location 1134</name></wpt>
  <wpt lat="37.532" lon="-121.73400000000001"><name>Location 1135</name></wpt>
  <wpt lat="37.532" lon="-121.724"><name>Location 1136</name></wpt>
  <wpt lat="37.532" lon="-121.714"><name>Location 1137</name></wpt>
  <wpt lat="37.532" lon="-121.70400000000001"><name>Location 1138</name></wpt>
  <wpt lat="37.532" lon="-121.694"><name>Location 1139</name></wpt>
  <wpt lat="37.532" lon="-121.684"><name>Location 1140</name></wpt>
  <wpt lat="37.532" lon="-121.674"><name>Location 1141</name></wpt>
  <wpt lat="37.532" lon="-121.664"><name>Location 1142</name></wpt>
  <wpt lat="37.532" lon="-121.654"><name>Location 1143</name></wpt>
  <wpt lat="37.532" lon="-121.644"><name>Location 1144</name></wpt>
  <wpt lat="37.532" lon="-121.634"><name>Location 1145</name></wpt>
  <wpt lat="37.532" lon="-121.62400000000001"><name>Location 1146</name></wpt>
  <wpt lat="37.532" lon="-121.614"><name>Location 1147</name></wpt>
  <wpt lat="37.532" lon="-121.604"><name>Location 1148</name></wpt>
  <wpt lat="37.532" lon="-121.59400000000001"><name>Location 1149</name></wpt>
  <wpt lat="37.532" lon="-121.584"><name>Location 1150</name></wpt>
  <wpt lat="37.532" lon="-121.574"><name>Location 1151</name></wpt>
  <wpt lat="37.532" lon="-121.56400000000001"><name>Location 1152</name></wpt>
  <wpt lat="37.532" lon="-121.554"><name>Location 1153</name></wpt>
  <wpt lat="37.532" lon="-121.544"><name>Location 1154</name></wpt>
  <wpt lat="37.532" lon="-121.534"><name>Location 1155</name></wpt>
  <wpt lat="37.532" lon="-121.524"><name>Location 1156</name></wpt>
  <wpt lat="37.532" lon="-121.51400000000001"><name>Location 1157</name></wpt>
  <wpt lat="37.532" lon="-121.504"><name>Location 1158</name></wpt>
  <wpt lat="37.532" lon="-121.494"><name>Location 1159</name></wpt>
  <wpt lat="37.532" lon="-121.48400000000001"><name>Location 1160</name></wpt>
  <wpt lat="37.532" lon="-121.474"><name>Location 1161</name></wpt>
  <wpt lat="37.532" lon="-121.464"><name>Location 1162</name></wpt>
  <wpt lat="37.532" lon="-121.45400000000001"><name>Location 1163</name></wpt>
  <wpt lat="37.532" lon="-121.444"><name>Location 1164</name></wpt>
  <wpt lat="37.532" lon="-121.434"><name>Location 1165</name></wpt>
  <wpt lat="37.532" lon="-121.424"><name>Location 1166</name></wpt>
  <wpt lat="37.532" lon="-121.414"><name>Location 1167</name></wpt>
  <wpt lat="37.532" lon="-121.404"><name>Location 1168</name></wpt>
  <wpt lat="37.532" lon="-121.394"><name>Location 1169</name></wpt>
  <wpt lat="37.532" lon="-121.384"><name>Location 1170</name></wpt>
  <wpt lat="37.532" lon="-121.37400000000001"><name>Location 1171</name></wpt>
  <wpt lat="37.532" lon="-121.364"><name>Location 1172</name></wpt>
  <wpt lat="37.532" lon="-121.354"><name>Location 1173</name></wpt>
  <wpt lat="37.532" lon="-121.34400000000001"><name>Location 1174</name></wpt>
  <wpt lat="37.532" lon="-121.334"><name>Location 1175</name></wpt>
  <wpt lat="37.532" lon="-121.324"><name>Location 1176</name></wpt>
  <wpt lat="37.532" lon="-121.31400000000001"><name>Location 1177</name></wpt>
  <wpt lat="37.532" lon="-121.304"><name>Location 1178</name></wpt>
  <wpt lat="37.532" lon="-121.294"><name>Location 1179</name></wpt>
  <wpt lat="37.532" lon="-121.284"><name>Location 1180</name></wpt>
  <wpt lat="37.532" lon="-121.274"><name>Location 1181</name></wpt>
  <wpt lat="37.532" lon="-121.26400000000001"><name>Location 1182</name></wpt>
  <wpt lat="37.532" lon="-121.254"><name>Location 1183</name></wpt>
  <wpt lat="37.532" lon="-121.244"><name>Location 1184</name></wpt>
  <wpt lat="37.532" lon="-121.23400000000001"><name>Location 1185</name></wpt>
  <wpt lat="37.532" lon="-121.224"><name>Location 1186</name></wpt>
  <wpt lat="37.532" lon="-121.214"><name>Location 1187</name></wpt>
  <wpt lat="37.532" lon="-121.20400000000001"><name>Location 1188</name></wpt>
  <wpt lat="37.532" lon="-121.194"><name>Location 1189</name></wpt>
  <wpt lat="37.532" lon="-121.184"><name>Location 1190</name></wpt>
  <wpt lat="37.532" lon="-121.174"><name>Location 1191</name></wpt>
  <wpt lat="37.532" lon="-121.164"><name>Location 1192</name></wpt>
  <wpt lat="37.532" lon="-121.154"><name>Location 1193</name></wpt>
  <wpt lat="37.532" lon="-121.144"><name>Location 1194</name></wpt>
  <wpt lat="37.532" lon="-121.134"><name>Location 1195</name></wpt>
  <wpt lat="37.532" lon="-121.12400000000001"><name>Location 1196</name></wpt>
  <wpt lat="37.532" lon="-121.114"><name>Location 1197</name></wpt>
  <wpt lat="37.532" lon="-121.104"><name>Location 1198</name></wpt>
  <wpt lat="37.532" lon="-121.09400000000001"><name>Location 1199</name></wpt>
  <wpt lat="37.541999999999994" lon="-122.084"><name>Location 1200</name></wpt>
  <wpt lat="37.541999999999994" lon="-122.074"><name>Location 1201</name></wpt>
  <wpt lat="37.541999999999994" lon="-122.06400000000001"><name>Location 1202</name></wpt>
  <wpt lat="37.541999999999994" lon="-122.054"><name>Location 1203</name></wpt>
  <wpt lat="37.541999999999994" lon="-122.044"><name>Location 1204</name></wpt>
  <wpt lat="37.541999999999994" lon="-122.034"><name>Location 1205</name></wpt>
  <wpt lat="37.541999999999994" lon="-122.024"><name>Location 1206</name></wpt>
  <wpt lat="37.541999999999994" lon="-122.01400000000001"><name>Location 1207</name></wpt>
  <wpt lat="37.541999999999994" lon="-122.004"><name>Location 1208</name></wpt>
  <wpt lat="37.541999999999994" lon="-121.994"><name>Location 1209</name></wpt>
  <wpt lat="37.541999999999994" lon="-121.98400000000001"><name>Location 1210</name></wpt>
  <wpt lat="37.541999999999994" lon="-121.974"><name>Location 1211</name></wpt>
  <wpt lat="37.541999999999994" lon="-121.964"><name>Location 1212</name></wpt>
  <wpt lat="37.541999999999994" lon="-121.95400000000001"><name>Location 1213</name></wpt>
  <wpt lat="37.541999999999994" lon="-121.944"><name>Location 1214</name></wpt>
  <wpt lat="37.541999999999994" lon="-121.934"><name>Location 1215</name></wpt>
  <wpt lat="37.541999999999994" lon="-121.924"><name>Location 1216</name></wpt>
  <wpt lat="37.541999999999994" lon="-121.914"><name>Location 1217</name></wpt>
  <wpt lat="37.541999999999994" lon="-121.904"><name>Location 1218</name></wpt>
  <wpt lat="37.541999999999994" lon="-121.894"><name>Location 1219</name></wpt>
  <wpt lat="37.541999999999994" lon="-121.884"><name>Location 1220</name></wpt>
  <wpt lat="37.541999999999994" lon="-121.87400000000001"><name>Location 1221</name></wpt>
  <wpt lat="37.541999999999994" lon="-121.864"><name>Location 1222</name></wpt>
  <wpt lat="37.541999999999994" lon="-121.854"><name>Location 1223</name></wpt>
  <wpt lat="37.541999999999994" lon="-121.84400000000001"><name>Location 1224</name></wpt>
  <wpt lat="37.541999999999994" lon="-121.834"><name>Location 1225</name></wpt>
  <wpt lat="37.541999999999994" lon="-121.824"><name>Location 1226</name></wpt>
  <wpt lat="37.541999999999994" lon="-121.81400000000001"><name>Location 1227</name></wpt>
  <wpt lat="37.541999999999994" lon="-121.804"><name>Location 1228</name></wpt>
  <wpt lat="37.541999999999994" lon="-121.794"><name>Location 1229</name></wpt>
  <wpt lat="37.541999999999994" lon="-121.784"><name>Location 1230</name></wpt>
  <wpt lat="37.541999999999994" lon="-121.774"><name>Location 1231</name></wpt>
  <wpt lat="37.541999999999994" lon="-121.76400000000001"><name>Location 1232</name></wpt>
  <wpt lat="37.541999999999994" lon="-121.754"><name>Location 1233</name></wpt>
  <wpt lat="37.541999999999994" lon="-121.744"><name>Location 1234</name></wpt>
  <wpt lat="37.541999999999994" lon="-121.73400000000001"><name>Location 1235</name></wpt>
  <wpt lat="37.541999999999994" lon="-121.724"><name>Location 1236</name></wpt>
  <wpt lat="37.541999999999994" lon="-121.714"><name>Location 1237</name></wpt>
  <wpt lat="37.541999999999994" lon="-121.70400000000001"><name>Location 1238</name></wpt>
  <wpt lat="37.541999999999994" lon="-121.694"><name>Location 1239</name></wpt>
  <wpt lat="37.541999999999994" lon="-121.684"><name>Location 1240</name></wpt>
  <wpt lat="37.541999999999994" lon="-121.674"><name>Location 1241</name></wpt>
  <wpt lat="37.541999999999994" lon="-121.664"><name>Location 1242</name></wpt>
  <wpt lat="37.541999999999994" lon="-121.654"><name>Location 1243</name></wpt>
  <wpt lat="37.541999999999994" lon="-121.644"><name>Location 1244</name></wpt>
  <wpt lat="37.541999999999994" lon="-121.634"><name>Location 1245</name></wpt>
  <wpt lat="37.541999999999994" lon="-121.62400000000001"><name>Location 1246</name></wpt>
  <wpt lat="37.541999999999994" lon="-121.614"><name>Location 1247</name></wpt>
  <wpt lat="37.541999999999994" lon="-121.604"><name>Location 1248</name></wpt>
  <wpt lat="37.541999999999994" lon="-121.59400000000001"><name>Location 1249</name></wpt>
  <wpt lat="37.541999999999994" lon="-121.584"><name>Location 1250</name></wpt>
  <wpt lat="37.541999999999994" lon="-121.574"><name>Location 1251</name></wpt>
  <wpt lat="37.541999999999994" lon="-121.56400000000001"><name>Location 1252</name></wpt>
  <wpt lat="37.541999999999994" lon="-121.554"><name>Location 1253</name></wpt>
  <wpt lat="37.541999999999994" lon="-121.544"><name>Location 1254</name></wpt>
  <wpt lat="37.541999999999994" lon="-121.534"><name>Location 1255</name></wpt>
  <wpt lat="37.541999999999994" lon="-121.524"><name>Location 1256</name></wpt>
  <wpt lat="37.541999999999994" lon="-121.51400000000001"><name>Location 1257</name></wpt>
  <wpt lat="37.541999999999994" lon="-121.504"><name>Location 1258</name></wpt>
  <wpt lat="37.541999999999994" lon="-121.494"><name>Location 1259</name></wpt>
  <wpt lat="37.541999999999994" lon="-121.48400000000001"><name>Location 1260</name></wpt>
  <wpt lat="37.541999999999994" lon="-121.474"><name>Location 1261</name></wpt>
  <wpt lat="37.541999999999994" lon="-121.464"><name>Location 1262</name></wpt>
  <wpt lat="37.541999999999994" lon="-121.45400000000001"><name>Location 1263</name></wpt>
  <wpt lat="37.541999999999994" lon="-121.444"><name>Location 1264</name></wpt>
  <wpt lat="37.541999999999994" lon="-121.434"><name>Location 1265</name></wpt>
  <wpt lat="37.541999999999994" lon="-121.424"><name>Location 1266</name></wpt>
  <wpt lat="37.541999999999994" lon="-121.414"><name>Location 1267</name></wpt>
  <wpt lat="37.541999999999994" lon="-121.404"><name>Location 1268</name></wpt>
  <wpt lat="37.541999999999994" lon="-121.394"><name>Location 1269</name></wpt>
  <wpt lat="37.541999999999994" lon="-121.384"><name>Location 1270</name></wpt>
  <wpt lat="37.541999999999994" lon="-121.37400000000001"><name>Location 1271</name></wpt>
  <wpt lat="37.541999999999994" lon="-121.364"><name>Location 1272</name></wpt>
  <wpt lat="37.541999999999994" lon="-121.354"><name>Location 1273</name></wpt>
  <wpt lat="37.541999999999994" lon="-121.34400000000001"><name>Location 1274</name></wpt>
  <wpt lat="37.541999999999994" lon="-121.334"><name>Location 1275</name></wpt>
  <wpt lat="37.541999999999994" lon="-121.324"><name>Location 1276</name></wpt>
  <wpt lat="37.541999999999994" lon="-121.31400000000001"><name>Location 1277</name></wpt>
  <wpt lat="37.541999999999994" lon="-121.304"><name>Location 1278</name></wpt>
  <wpt lat="37.541999999999994" lon="-121.294"><name>Location 1279</name></wpt>
  <wpt lat="37.541999999999994" lon="-121.284"><name>Location 1280</name></wpt>
  <wpt lat="37.541999999999994" lon="-121.274"><name>Location 1281</name></wpt>
  <wpt lat="37.541999999999994" lon="-121.26400000000001"><name>Location 1282</name></wpt>
  <wpt lat="37.541999999999994" lon="-121.254"><name>Location 1283</name></wpt>
  <wpt lat="37.541999999999994" lon="-121.244"><name>Location 1284</name></wpt>
  <wpt lat="37.541999999999994" lon="-121.23400000000001"><name>Location 1285</name></wpt>
  <wpt lat="37.541999999999994" lon="-121.224"><name>Location 1286</name></wpt>
  <wpt lat="37.541999999999994" lon="-121.214"><name>Location 1287</name></wpt>
  <wpt lat="37.541999999999994" lon="-121.20400000000001"><name>Location 1288</name></wpt>
  <wpt lat="37.541999999999994" lon="-121.194"><name>Location 1289</name></wpt>
  <wpt lat="37.541999999999994" lon="-121.184"><name>Location 1290</name></wpt>
  <wpt lat="37.541999999999994" lon="-121.174"><name>Location 1291</name></wpt>
  <wpt lat="37.541999999999994" lon="-121.164"><name>Location 1292</name></wpt>
  <wpt lat="37.541999999999994" lon="-121.154"><name>Location 1293</name></wpt>
  <wpt lat="37.541999999999994" lon="-121.144"><name>Location 1294</name></wpt>
  <wpt lat="37.541999999999994" lon="-121.134"><name>Location 1295</name></wpt>
  <wpt lat="37.541999999999994" lon="-121.12400000000001"><name>Location 1296</name></wpt>
  <wpt lat="37.541999999999994" lon="-121.114"><name>Location 1297</name></wpt>
  <wpt lat="37.541999999999994" lon="-121.104"><name>Location 1298</name></wpt>
  <wpt lat="37.541999999999994" lon="-121.09400000000001"><name>Location 1299</name></wpt>
  <wpt lat="37.552" lon="-122.084"><name>Location 1300</name></wpt>
  <wpt lat="37.552" lon="-122.074"><name>Location 1301</name></wpt>
  <wpt lat="37.552" lon="-122.06400000000001"><name>Location 1302</name></wpt>
  <wpt lat="37.552" lon="-122.054"><name>Location 1303</name></wpt>
  <wpt lat="37.552" lon="-122.044"><name>Location 1304</name></wpt>
  <wpt lat="37.552" lon="-122.034"><name>Location 1305</name></wpt>
  <wpt lat="37.552" lon="-122.024"><name>Location 1306</name></wpt>
  <wpt lat="37.552" lon="-122.01400000000001"><name>Location 1307</name></wpt>
  <wpt lat="37.552" lon="-122.004"><name>Location 1308</name></wpt>
  <wpt lat="37.552" lon="-121.994"><name>Location 1309</name></wpt>
  <wpt lat="37.552" lon="-121.98400000000001"><name>Location 1310</name></wpt>
  <wpt lat="37.552" lon="-121.974"><name>Location 1311</name></wpt>
  <wpt lat="37.552" lon="-121.964"><name>Location 1312</name></wpt>
  <wpt lat="37.552" lon="-121.95400000000001"><name>Location 1313</name></wpt>
  <wpt lat="37.552" lon="-121.944"><name>Location 1314</name></wpt>
  <wpt lat="37.552" lon="-121.934"><name>Location 1315</name></wpt>
  <wpt lat="37.552" lon="-121.924"><name>Location 1316</name></wpt>
  <wpt lat="37.552" lon="-121.914"><name>Location 1317</name></wpt>
  <wpt lat="37.552" lon="-121.904"><name>Location 1318</name></wpt>
  <wpt lat="37.552" lon="-121.894"><name>Location 1319</name></wpt>
  <wpt lat="37.552" lon="-121.884"><name>Location 1320</name></wpt>
  <wpt lat="37.552" lon="-121.87400000000001"><name>Location 1321</name></wpt>
  <wpt lat="37.552" lon="-121.864"><name>Location 1322</name></wpt>
  <wpt lat="37.552" lon="-121.854"><name>Location 1323</name></wpt>
  <wpt lat="37.552" lon="-121.84400000000001"><name>Location 1324</name></wpt>
  <wpt lat="37.552" lon="-121.834"><name>Location 1325</name></wpt>
  <wpt lat="37.552" lon="-121.824"><name>Location 1326</name></wpt>
  <wpt lat="37.552" lon="-121.81400000000001"><name>Location 1327</name></wpt>
  <wpt lat="37.552" lon="-121.804"><name>Location 1328</name></wpt>
  <wpt lat="37.552" lon="-121.794"><name>Location 1329</name></wpt>
  <wpt lat="37.552" lon="-121.784"><name>Location 1330</name></wpt>
  <wpt lat="37.552" lon="-121.774"><name>Location 1331</name></wpt>
  <wpt lat="37.552" lon="-121.76400000000001"><name>Location 1332</name></wpt>
  <wpt lat="37.552" lon="-121.754"><name>Location 1333</name></wpt>
  <wpt lat="37.552" lon="-121.744"><name>Location 1334</name></wpt>
  <wpt lat="37.552" lon="-121.73400000000001"><name>Location 1335</name></wpt>
  <wpt lat="37.552" lon="-121.724"><name>Location 1336</name></wpt>
  <wpt lat="37.552" lon="-121.714"><name>Location 1337</name></wpt>
  <wpt lat="37.552" lon="-121.70400000000001"><name>Location 1338</name></wpt>
  <wpt lat="37.552" lon="-121.694"><name>Location 1339</name></wpt>
  <wpt lat="37.552" lon="-121.684"><name>Location 1340</name></wpt>
  <wpt lat="37.552" lon="-121.674"><name>Location 1341</name></wpt>
  <wpt lat="37.552" lon="-121.664"><name>Location 1342</name></wpt>
  <wpt lat="37.552" lon="-121.654"><name>Location 1343</name></wpt>
  <wpt lat="37.552" lon="-121.644"><name>Location 1344</name></wpt>
  <wpt lat="37.552" lon="-121.634"><name>Location 1345</name></wpt>
  <wpt lat="37.552" lon="-121.62400000000001"><name>Location 1346</name></wpt>
  <wpt lat="37.552" lon="-121.614"><name>Location 1347</name></wpt>
  <wpt lat="37.552" lon="-121.604"><name>Location 1348</name></wpt>
  <wpt lat="37.552" lon="-121.59400000000001"><name>Location 1349</name></wpt>
  <wpt lat="37.552" lon="-121.584"><name>Location 1350</name></wpt>
  <wpt lat="37.552" lon="-121.574"><name>Location 1351</name></wpt>
  <wpt lat="37.552" lon="-121.56400000000001"><name>Location 1352</name></wpt>
  <wpt lat="37.552" lon="-121.554"><name>Location 1353</name></wpt>
  <wpt lat="37.552" lon="-121.544"><name>Location 1354</name></wpt>
  <wpt lat="37.552" lon="-121.534"><name>Location 1355</name></wpt>
  <wpt lat="37.552" lon="-121.524"><name>Location 1356</name></wpt>
  <wpt lat="37.552" lon="-121.51400000000001"><name>Location 1357</name></wpt>
  <wpt lat="37.552" lon="-121.504"><name>Location 1358</name></wpt>
  <wpt lat="37.552" lon="-121.494"><name>Location 1359</name></wpt>
  <wpt lat="37.552" lon="-121.48400000000001"><name>Location 1360</name></wpt>
  <wpt lat="37.552" lon="-121.474"><name>Location 1361</name></wpt>
  <wpt lat="37.552" lon="-121.464"><name>Location 1362</name></wpt>
  <wpt lat="37.552" lon="-121.45400000000001"><name>Location 1363</name></wpt>
  <wpt lat="37.552" lon="-121.444"><name>Location 1364</name></wpt>
  <wpt lat="37.552" lon="-121.434"><name>Location 1365</name></wpt>
  <wpt lat="37.552" lon="-121.424"><name>Location 1366</name></wpt>
  <wpt lat="37.552" lon="-121.414"><name>Location 1367</name></wpt>
  <wpt lat="37.552" lon="-121.404"><name>Location 1368</name></wpt>
  <wpt lat="37.552" lon="-121.394"><name>Location 1369</name></wpt>
  <wpt lat="37.552" lon="-121.384"><name>Location 1370</name></wpt>
  <wpt lat="37.552" lon="-121.37400000000001"><name>Location 1371</name></wpt>
  <wpt lat="37.552" lon="-121.364"><name>Location 1372</name></wpt>
  <wpt lat="37.552" lon="-121.354"><name>Location 1373</name></wpt>
  <wpt lat="37.552" lon="-121.34400000000001"><name>Location 1374</name></wpt>
  <wpt lat="37.552" lon="-121.334"><name>Location 1375</name></wpt>
  <wpt lat="37.552" lon="-121.324"><name>Location 1376</name></wpt>
  <wpt lat="37.552" lon="-121.31400000000001"><name>Location 1377</name></wpt>
  <wpt lat="37.552" lon="-121.304"><name>Location 1378</name></wpt>
  <wpt lat="37.552" lon="-121.294"><name>Location 1379</name></wpt>
  <wpt lat="37.552" lon="-121.284"><name>Location 1380</name></wpt>
  <wpt lat="37.552" lon="-121.274"><name>Location 1381</name></wpt>
  <wpt lat="37.552" lon="-121.26400000000001"><name>Location 1382</name></wpt>
  <wpt lat="37.552" lon="-121.254"><name>Location 1383</name></wpt>
  <wpt lat="37.552" lon="-121.244"><name>Location 1384</name></wpt>
  <wpt lat="37.552" lon="-121.23400000000001"><name>Location 1385</name></wpt>
  <wpt lat="37.552" lon="-121.224"><name>Location 1386</name></wpt>
  <wpt lat="37.552" lon="-121.214"><name>Location 1387</name></wpt>
  <wpt lat="37.552" lon="-121.20400000000001"><name>Location 1388</name></wpt>
  <wpt lat="37.552" lon="-121.194"><name>Location 1389</name></wpt>
  <wpt lat="37.552" lon="-121.184"><name>Location 1390</name></wpt>
  <wpt lat="37.552" lon="-121.174"><name>Location 1391</name></wpt>
  <wpt lat="37.552" lon="-121.164"><name>Location 1392</name></wpt>
  <wpt lat="37.552" lon="-121.154"><name>Location 1393</name></wpt>
  <wpt lat="37.552" lon="-121.144"><name>Location 1394</name></wpt>
  <wpt lat="37.552" lon="-121.134"><name>Location 1395</name></wpt>
  <wpt lat="37.552" lon="-121.12400000000001"><name>Location 1396</name></wpt>
  <wpt lat="37.552" lon="-121.114"><name>Location 1397</name></wpt>
  <wpt lat="37.552" lon="-121.104"><name>Location 1398</name></wpt>
  <wpt lat="37.552" lon="-121.09400000000001"><name>Location 1399</name></wpt>
  <wpt lat="37.562" lon="-122.084"><name>Location 1400</name></wpt>
  <wpt lat="37.562" lon="-122.074"><name>Location 1401</name></wpt>
  <wpt lat="37.562" lon="-122.06400000000001"><name>Location 1402</name></wpt>
  <wpt lat="37.562" lon="-122.054"><name>Location 1403</name></wpt>
  <wpt lat="37.562" lon="-122.044"><name>Location 1404</name></wpt>
  <wpt lat="37.562" lon="-122.034"><name>Location 1405</name></wpt>
  <wpt lat="37.562" lon="-122.024"><name>Location 1406</name></wpt>
  <wpt lat="37.562" lon="-122.01400000000001"><name>Location 1407</name></wpt>
  <wpt lat="37.562" lon="-122.004"><name>Location 1408</name></wpt>
  <wpt lat="37.562" lon="-121.994"><name>Location 1409</name></wpt>
  <wpt lat="37.562" lon="-121.98400000000001"><name>Location 1410</name></wpt>
  <wpt lat="37.562" lon="-121.974"><name>Location 1411</name></wpt>
  <wpt lat="37.562" lon="-121.964"><name>Location 1412</name></wpt>
  <wpt lat="37.562" lon="-121.95400000000001"><name>Location 1413</name></wpt>
  <wpt lat="37.562" lon="-121.944"><name>Location 1414</name></wpt>
  <wpt lat="37.562" lon="-121.934"><name>Location 1415</name></wpt>
  <wpt lat="37.562" lon="-121.924"><name>Location 1416</name></wpt>
  <wpt lat="37.562" lon="-121.914"><name>Location 1417</name></wpt>
  <wpt lat="37.562" lon="-121.904"><name>Location 1418</name></wpt>
  <wpt lat="37.562" lon="-121.894"><name>Location 1419</name></wpt>
  <wpt lat="37.562" lon="-121.884"><name>Location 1420</name></wpt>
  <wpt lat="37.562" lon="-121.87400000000001"><name>Location 1421</name></wpt>
  <wpt lat="37.562" lon="-121.864"><name>Location 1422</name></wpt>
  <wpt lat="37.562" lon="-121.854"><name>Location 1423</name></wpt>
  <wpt lat="37.562" lon="-121.84400000000001"><name>Location 1424</name></wpt>
  <wpt lat="37.562" lon="-121.834"><name>Location 1425</name></wpt>
  <wpt lat="37.562" lon="-121.824"><name>Location 1426</name></wpt>
  <wpt lat="37.562" lon="-121.81400000000001"><name>Location 1427</name></wpt>
  <wpt lat="37.562" lon="-121.804"><name>Location 1428</name></wpt>
  <wpt lat="37.562" lon="-121.794"><name>Location 1429</name></wpt>
  <wpt lat="37.562" lon="-121.784"><name>Location 1430</name></wpt>
  <wpt lat="37.562" lon="-121.774"><name>Location 1431</name></wpt>
  <wpt lat="37.562" lon="-121.76400000000001"><name>Location 1432</name></wpt>
  <wpt lat="37.562" lon="-121.754"><name>Location 1433</name></wpt>
  <wpt lat="37.562" lon="-121.744"><name>Location 1434</name></wpt>
  <wpt lat="37.562" lon="-121.73400000000001"><name>Location 1435</name></wpt>
  <wpt lat="37.562" lon="-121.724"><name>Location 1436</name></wpt>
  <wpt lat="37.562" lon="-121.714"><name>Location 1437</name></wpt>
  <wpt lat="37.562" lon="-121.70400000000001"><name>Location 1438</name></wpt>
  <wpt lat="37.562" lon="-121.694"><name>Location 1439</name></wpt>
  <wpt lat="37.562" lon="-121.684"><name>Location 1440</name></wpt>
  <wpt lat="37.562" lon="-121.674"><name>Location 1441</name></wpt>
  <wpt lat="37.562" lon="-121.664"><name>Location 1442</name></wpt>
  <wpt lat="37.562" lon="-121.654"><name>Location 1443</name></wpt>
  <wpt lat="37.562" lon="-121.644"><name>Location 1444</name></wpt>
  <wpt lat="37.562" lon="-121.634"><name>Location 1445</name></wpt>
  <wpt lat="37.562" lon="-121.62400000000001"><name>Location 1446</name></wpt>
  <wpt lat="37.562" lon="-121.614"><name>Location 1447</name></wpt>
  <wpt lat="37.562" lon="-121.604"><name>Location 1448</name></wpt>
  <wpt lat="37.562" lon="-121.59400000000001"><name>Location 1449</name></wpt>
  <wpt lat="37.562" lon="-121.584"><name>Location 1450</name></wpt>
  <wpt lat="37.562" lon="-121.574"><name>Location 1451</name></wpt>
  <wpt lat="37.562" lon="-121.56400000000001"><name>Location 1452</name></wpt>
  <wpt lat="37.562" lon="-121.554"><name>Location 1453</name></wpt>
  <wpt lat="37.562" lon="-121.544"><name>Location 1454</name></wpt>
  <wpt lat="37.562" lon="-121.534"><name>Location 1455</name></wpt>
  <wpt lat="37.562" lon="-121.524"><name>Location 1456</name></wpt>
  <wpt lat="37.562" lon="-121.51400000000001"><name>Location 1457</name></wpt>
  <wpt lat="37.562" lon="-121.504"><name>Location 1458</name></wpt>
  <wpt lat="37.562" lon="-121.494"><name>Location 1459</name></wpt>
  <wpt lat="37.562" lon="-121.48400000000001"><name>Location 1460</name></wpt>
  <wpt lat="37.562" lon="-121.474"><name>Location 1461</name></wpt>
  <wpt lat="37.562" lon="-121.464"><name>Location 1462</name></wpt>
  <wpt lat="37.562" lon="-121.45400000000001"><name>Location 1463</name></wpt>
  <wpt lat="37.562" lon="-121.444"><name>Location 1464</name></wpt>
  <wpt lat="37.562" lon="-121.434"><name>Location 1465</name></wpt>
  <wpt lat="37.562" lon="-121.424"><name>Location 1466</name></wpt>
  <wpt lat="37.562" lon="-121.414"><name>Location 1467</name></wpt>
  <wpt lat="37.562" lon="-121.404"><name>Location 1468</name></wpt>
  <wpt lat="37.562" lon="-121.394"><name>Location 1469</name></wpt>
  <wpt lat="37.562" lon="-121.384"><name>Location 1470</name></wpt>
  <wpt lat="37.562" lon="-121.37400000000001"><name>Location 1471</name></wpt>
  <wpt lat="37.562" lon="-121.364"><name>Location 1472</name></wpt>
  <wpt lat="37.562" lon="-121.354"><name>Location 1473</name></wpt>
  <wpt lat="37.562" lon="-121.34400000000001"><name>Location 1474</name></wpt>
  <wpt lat="37.562" lon="-121.334"><name>Location 1475</name></wpt>
  <wpt lat="37.562" lon="-121.324"><name>Location 1476</name></wpt>
  <wpt lat="37.562" lon="-121.31400000000001"><name>Location 1477</name></wpt>
  <wpt lat="37.562" lon="-121.304"><name>Location 1478</name></wpt>
  <wpt lat="37.562" lon="-121.294"><name>Location 1479</name></wpt>
  <wpt lat="37.562" lon="-121.284"><name>Location 1480</name></wpt>
  <wpt lat="37.562" lon="-121.274"><name>Location 1481</name></wpt>
  <wpt lat="37.562" lon="-121.26400000000001"><name>Location 1482</name></wpt>
  <wpt lat="37.562" lon="-121.254"><name>Location 1483</name></wpt>
  <wpt lat="37.562" lon="-121.244"><name>Location 1484</name></wpt>
  <wpt lat="37.562" lon="-121.23400000000001"><name>Location 1485</name></wpt>
  <wpt lat="37.562" lon="-121.224"><name>Location 1486</name></wpt>
  <wpt lat="37.562" lon="-121.214"><name>Location 1487</name></wpt>
  <wpt lat="37.562" lon="-121.20400000000001"><name>Location 1488</name></wpt>
  <wpt lat="37.562" lon="-121.194"><name>Location 1489</name></wpt>
  <wpt lat="37.562" lon="-121.184"><name>Location 1490</name></wpt>
  <wpt lat="37.562" lon="-121.174"><name>Location 1491</name></wpt>
  <wpt lat="37.562" lon="-121.164"><name>Location 1492</name></wpt>
  <wpt lat="37.562" lon="-121.154"><name>Location 1493</name></wpt>
  <wpt lat="37.562" lon="-121.144"><name>Location 1494</name></wpt>
  <wpt lat="37.562" lon="-121.134"><name>Location 1495</name></wpt>
  <wpt lat="37.562" lon="-121.12400000000001"><name>Location 1496</name></wpt>
  <wpt lat="37.562" lon="-121.114"><name>Location 1497</name></wpt>
  <wpt lat="37.562" lon="-121.104"><name>Location 1498</name></wpt>
  <wpt lat="37.562" lon="-121.09400000000001"><name>Location 1499</name></wpt>
</gpx>
