<?xml version="1.0" encoding="UTF-8"?>
<kml xmlns="http://www.opengis.net/kml/2.2">
  <Document>
    <name>Sample Placemarks</name>
    <Placemark><name>Location 0</name><Point><coordinates>-122.084,37.422,0</coordinates></Point></Placemark>
    <Placemark><name>Location 1</name><Point><coordinates>-122.074,37.422,0</coordinates></Point></Placemark>
    <Placemark><name>Location 2</name><Point><coordinates>-122.06400000000001,37.422,0</coordinates></Point></Placemark>
    <Placemark><name>Location 3</name><Point><coordinates>-122.054,37.422,0</coordinates></Point></Placemark>
    <Placemark><name>Location 4</name><Point><coordinates>-122.044,37.422,0</coordinates></Point></Placemark>
    <Placemark><name>Location 5</name><Point><coordinates>-122.034,37.422,0</coordinates></Point></Placemark>
    <Placemark><name>Location 6</name><Point><coordinates>-122.024,37.422,0</coordinates></Point></Placemark>
    <Placemark><name>Location 7</name><Point><coordinates>-122.01400000000001,37.422,0</coordinates></Point></Placemark>
    <Placemark><name>Location 8</name><Point><coordinates>-122.004,37.422,0</coordinates></Point></Placemark>
    <Placemark><name>Location 9</name><Point><coordinates>-121.994,37.422,0</coordinates></Point></Placemark>
    <Placemark><name>Location 10</name><Point><coordinates>-121.98400000000001,37.422,0</coordinates></Point></Placemark>
    <Placemark><name>Location 11</name><Point><coordinates>-121.974,37.422,0</coordinates></Point></Placemark>
    <Placemark><name>Location 12</name><Point><coordinates>-121.964,37.422,0</coordinates></Point></Placemark>
    <Placemark><name>Location 13</name><Point><coordinates>-121.95400000000001,37.422,0</coordinates></Point></Placemark>
    <Placemark><name>Location 14</name><Point><coordinates>-121.944,37.422,0</coordinates></Point></Placemark>
    <Placemark><name>Location 15</name><Point><coordinates>-121.934,37.422,0</coordinates></Point></Placemark>
    <Placemark><name>Location 16</name><Point><coordinates>-121.924,37.422,0</coordinates></Point></Placemark>
    <Placemark><name>Location 17</name><Point><coordinates>-121.914,37.422,0</coordinates></Point></Placemark>
    <Placemark><name>Location 18</name><Point><coordinates>-121.904,37.422,0</coordinates></Point></Placemark>
    <Placemark><name>Location 19</name><Point><coordinates>-121.894,37.422,0</coordinates></Point></Placemark>
    <Placemark><name>Location 20</name><Point><coordinates>-121.884,37.422,0</coordinates></Point></Placemark>
    <Placemark><name>Location 21</name><Point><coordinates>-121.87400000000001,37.422,0</coordinates></Point></Placemark>
    <Placemark><name>Location 22</name><Point><coordinates>-121.864,37.422,0</coordinates></Point></Placemark>
    <Placemark><name>Location 23</name><Point><coordinates>-121.854,37.422,0</coordinates></Point></Placemark>
    <Placemark><name>Location 24</name><Point><coordinates>-121.84400000000001,37.422,0</coordinates></Point></Placemark>
    <Placemark><name>Location 25</name><Point><coordinates>-121.834,37.422,0</coordinates></Point></Placemark>
    <Placemark><name>Location 26</name><Point><coordinates>-121.824,37.422,0</coordinates></Point></Placemark>
    <Placemark><name>Location 27</name><Point><coordinates>-121.81400000000001,37.422,0</coordinates></Point></Placemark>
    <Placemark><name>Location 28</name><Point><coordinates>-121.804,37.422,0</coordinates></Point></Placemark>
    <Placemark><name>Location 29</name><Point><coordinates>-121.794,37.422,0</coordinates></Point></Placemark>
    <Placemark><name>Location 30</name><Point><coordinates>-121.784,37.422,0</coordinates></Point></Placemark>
    <Placemark><name>Location 31</name><Point><coordinates>-121.774,37.422,0</coordinates></Point></Placemark>
    <Placemark><name>Location 32</name><Point><coordinates>-121.76400000000001,37.422,0</coordinates></Point></Placemark>
    <Placemark><name>Location 33</name><Point><coordinates>-121.754,37.422,0</coordinates></Point></Placemark>
    <Placemark><name>Location 34</name><Point><coordinates>-121.744,37.422,0</coordinates></Point></Placemark>
    <Placemark><name>Location 35</name><Point><coordinates>-121.73400000000001,37.422,0</coordinates></Point></Placemark>
    <Placemark><name>Location 36</name><Point><coordinates>-121.724,37.422,0</coordinates></Point></Placemark>
    <Placemark><name>Location 37</name><Point><coordinates>-121.714,37.422,0</coordinates></Point></Placemark>
    <Placemark><name>Location 38</name><Point><coordinates>-121.70400000000001,37.422,0</coordinates></Point></Placemark>
    <Placemark><name>Location 39</name><Point><coordinates>-121.694,37.422,0</coordinates></Point></Placemark>
    <Placemark><name>Location 40</name><Point><coordinates>-121.684,37.422,0</coordinates></Point></Placemark>
    <Placemark><name>Location 41</name><Point><coordinates>-121.674,37.422,0</coordinates></Point></Placemark>
    <Placemark><name>Location 42</name><Point><coordinates>-121.664,37.422,0</coordinates></Point></Placemark>
    <Placemark><name>Location 43</name><Point><coordinates>-121.654,37.422,0</coordinates></Point></Placemark>
    <Placemark><name>Location 44</name><Point><coordinates>-121.644,37.422,0</coordinates></Point></Placemark>
    <Placemark><name>Location 45</name><Point><coordinates>-121.634,37.422,0</coordinates></Point></Placemark>
    <Placemark><name>Location 46</name><Point><coordinates>-121.62400000000001,37.422,0</coordinates></Point></Placemark>
    <Placemark><name>Location 47</name><Point><coordinates>-121.614,37.422,0</coordinates></Point></Placemark>
    <Placemark><name>Location 48</name><Point><coordinates>-121.604,37.422,0</coordinates></Point></Placemark>
    <Placemark><name>Location 49</name><Point><coordinates>-121.59400000000001,37.422,0</coordinates></Point></Placemark>
    <Placemark><name>Location 50</name><Point><coordinates>-121.584,37.422,0</coordinates></Point></Placemark>
    <Placemark><name>Location 51</name><Point><coordinates>-121.574,37.422,0</coordinates></Point></Placemark>
    <Placemark><name>Location 52</name><Point><coordinates>-121.56400000000001,37.422,0</coordinates></Point></Placemark>
    <Placemark><name>Location 53</name><Point><coordinates>-121.554,37.422,0</coordinates></Point></Placemark>
    <Placemark><name>Location 54</name><Point><coordinates>-121.544,37.422,0</coordinates></Point></Placemark>
    <Placemark><name>Location 55</name><Point><coordinates>-121.534,37.422,0</coordinates></Point></Placemark>
    <Placemark><name>Location 56</name><Point><coordinates>-121.524,37.422,0</coordinates></Point></Placemark>
    <Placemark><name>Location 57</name><Point><coordinates>-121.51400000000001,37.422,0</coordinates></Point></Placemark>
    <Placemark><name>Location 58</name><Point><coordinates>-121.504,37.422,0</coordinates></Point></Placemark>
    <Placemark><name>Location 59</name><Point><coordinates>-121.494,37.422,0</coordinates></Point></Placemark>
    <Placemark><name>Location 60</name><Point><coordinates>-121.48400000000001,37.422,0</coordinates></Point></Placemark>
    <Placemark><name>Location 61</name><Point><coordinates>-121.474,37.422,0</coordinates></Point></Placemark>
    <Placemark><name>Location 62</name><Point><coordinates>-121.464,37.422,0</coordinates></Point></Placemark>
    <Placemark><name>Location 63</name><Point><coordinates>-121.45400000000001,37.422,0</coordinates></Point></Placemark>
    <Placemark><name>Location 64</name><Point><coordinates>-121.444,37.422,0</coordinates></Point></Placemark>
    <Placemark><name>Location 65</name><Point><coordinates>-121.434,37.422,0</coordinates></Point></Placemark>
    <Placemark><name>Location 66</name><Point><coordinates>-121.424,37.422,0</coordinates></Point></Placemark>
    <Placemark><name>Location 67</name><Point><coordinates>-121.414,37.422,0</coordinates></Point></Placemark>
    <Placemark><name>Location 68</name><Point><coordinates>-121.404,37.422,0</coordinates></Point></Placemark>
    <Placemark><name>Location 69</name><Point><coordinates>-121.394,37.422,0</coordinates></Point></Placemark>
    <Placemark><name>Location 70</name><Point><coordinates>-121.384,37.422,0</coordinates></Point></Placemark>
    <Placemark><name>Location 71</name><Point><coordinates>-121.37400000000001,37.422,0</coordinates></Point></Placemark>
    <Placemark><name>Location 72</name><Point><coordinates>-121.364,37.422,0</coordinates></Point></Placemark>
    <Placemark><name>Location 73</name><Point><coordinates>-121.354,37.422,0</coordinates></Point></Placemark>
    <Placemark><name>Location 74</name><Point><coordinates>-121.34400000000001,37.422,0</coordinates></Point></Placemark>
    <Placemark><name>Location 75</name><Point><coordinates>-121.334,37.422,0</coordinates></Point></Placemark>
    <Placemark><name>Location 76</name><Point><coordinates>-121.324,37.422,0</coordinates></Point></Placemark>
    <Placemark><name>Location 77</name><Point><coordinates>-121.31400000000001,37.422,0</coordinates></Point></Placemark>
    <Placemark><name>Location 78</name><Point><coordinates>-121.304,37.422,0</coordinates></Point></Placemark>
    <Placemark><name>Location 79</name><Point><coordinates>-121.294,37.422,0</coordinates></Point></Placemark>
    <Placemark><name>Location 80</name><Point><coordinates>-121.284,37.422,0</coordinates></Point></Placemark>
    <Placemark><name>Location 81</name><Point><coordinates>-121.274,37.422,0</coordinates></Point></Placemark>
    <Placemark><name>Location 82</name><Point><coordinates>-121.26400000000001,37.422,0</coordinates></Point></Placemark>
    <Placemark><name>Location 83</name><Point><coordinates>-121.254,37.422,0</coordinates></Point></Placemark>
    <Placemark><name>Location 84</name><Point><coordinates>-121.244,37.422,0</coordinates></Point></Placemark>
    <Placemark><name>Location 85</name><Point><coordinates>-121.23400000000001,37.422,0</coordinates></Point></Placemark>
    <Placemark><name>Location 86</name><Point><coordinates>-121.224,37.422,0</coordinates></Point></Placemark>
    <Placemark><name>Location 87</name><Point><coordinates>-121.214,37.422,0</coordinates></Point></Placemark>
    <Placemark><name>Location 88</name><Point><coordinates>-121.20400000000001,37.422,0</coordinates></Point></Placemark>
    <Placemark><name>Location 89</name><Point><coordinates>-121.194,37.422,0</coordinates></Point></Placemark>
    <Placemark><name>Location 90</name><Point><coordinates>-121.184,37.422,0</coordinates></Point></Placemark>
    <Placemark><name>Location 91</name><Point><coordinates>-121.174,37.422,0</coordinates></Point></Placemark>
    <Placemark><name>Location 92</name><Point><coordinates>-121.164,37.422,0</coordinates></Point></Placemark>
    <Placemark><name>Location 93</name><Point><coordinates>-121.154,37.422,0</coordinates></Point></Placemark>
    <Placemark><name>Location 94</name><Point><coordinates>-121.144,37.422,0</coordinates></Point></Placemark>
    <Placemark><name>Location 95</name><Point><coordinates>-121.134,37.422,0</coordinates></Point></Placemark>
    <Placemark><name>Location 96</name><Point><coordinates>-121.12400000000001,37.422,0</coordinates></Point></Placemark>
    <Placemark><name>Location 97</name><Point><coordinates>-121.114,37.422,0</coordinates></Point></Placemark>
    <Placemark><name>Location 98</name><Point><coordinates>-121.104,37.422,0</coordinates></Point></Placemark>
    <Placemark><name>Location 99</name><Point><coordinates>-121.09400000000001,37.422,0</coordinates></Point></Placemark>
    <Placemark><name>Location 100</name><Point><coordinates>-122.084,37.431999999999995,0</coordinates></Point></Placemark>
    <Placemark><name>Location 101</name><Point><coordinates>-122.074,37.431999999999995,0</coordinates></Point></Placemark>
    <Placemark><name>Location 102</name><Point><coordinates>-122.06400000000001,37.431999999999995,0</coordinates></Point></Placemark>
    <Placemark><name>Location 103</name><Point><coordinates>-122.054,37.431999999999995,0</coordinates></Point></Placemark>
    <Placemark><name>Location 104</name><Point><coordinates>-122.044,37.431999999999995,0</coordinates></Point></Placemark>
    <Placemark><name>Location 105</name><Point><coordinates>-122.034,37.431999999999995,0</coordinates></Point></Placemark>
    <Placemark><name>Location 106</name><Point><coordinates>-122.024,37.431999999999995,0</coordinates></Point></Placemark>
    <Placemark><name>Location 107</name><Point><coordinates>-122.01400000000001,37.431999999999995,0</coordinates></Point></Placemark>
    <Placemark><name>Location 108</name><Point><coordinates>-122.004,37.431999999999995,0</coordinates></Point></Placemark>
    <Placemark><name>Location 109</name><Point><coordinates>-121.994,37.431999999999995,0</coordinates></Point></Placemark>
    <Placemark><name>Location 110</name><Point><coordinates>-121.98400000000001,37.431999999999995,0</coordinates></Point></Placemark>
    <Placemark><name>Location 111</name><Point><coordinates>-121.974,37.431999999999995,0</coordinates></Point></Placemark>
    <Placemark><name>Location 112</name><Point><coordinates>-121.964,37.431999999999995,0</coordinates></Point></Placemark>
    <Placemark><name>Location 113</name><Point><coordinates>-121.95400000000001,37.431999999999995,0</coordinates></Point></Placemark>
    <Placemark><name>Location 114</name><Point><coordinates>-121.944,37.431999999999995,0</coordinates></Point></Placemark>
    <Placemark><name>Location 115</name><Point><coordinates>-121.934,37.431999999999995,0</coordinates></Point></Placemark>
    <Placemark><name>Location 116</name><Point><coordinates>-121.924,37.431999999999995,0</coordinates></Point></Placemark>
    <Placemark><name>Location 117</name><Point><coordinates>-121.914,37.431999999999995,0</coordinates></Point></Placemark>
    <Placemark><name>Location 118</name><Point><coordinates>-121.904,37.431999999999995,0</coordinates></Point></Placemark>
    <Placemark><name>Location 119</name><Point><coordinates>-121.894,37.431999999999995,0</coordinates></Point></Placemark>
    <Placemark><name>Location 120</name><Point><coordinates>-121.884,37.431999999999995,0</coordinates></Point></Placemark>
    <Placemark><name>Location 121</name><Point><coordinates>-121.87400000000001,37.431999999999995,0</coordinates></Point></Placemark>
    <Placemark><name>Location 122</name><Point><coordinates>-121.864,37.431999999999995,0</coordinates></Point></Placemark>
    <Placemark><name>Location 123</name><Point><coordinates>-121.854,37.431999999999995,0</coordinates></Point></Placemark>
    <Placemark><name>Location 124</name><Point><coordinates>-121.84400000000001,37.431999999999995,0</coordinates></Point></Placemark>
    <Placemark><name>Location 125</name><Point><coordinates>-121.834,37.431999999999995,0</coordinates></Point></Placemark>
    <Placemark><name>Location 126</name><Point><coordinates>-121.824,37.431999999999995,0</coordinates></Point></Placemark>
    <Placemark><name>Location 127</name><Point><coordinates>-121.81400000000001,37.431999999999995,0</coordinates></Point></Placemark>
    <Placemark><name>Location 128</name><Point><coordinates>-121.804,37.431999999999995,0</coordinates></Point></Placemark>
    <Placemark><name>Location 129</name><Point><coordinates>-121.794,37.431999999999995,0</coordinates></Point></Placemark>
    <Placemark><name>Location 130</name><Point><coordinates>-121.784,37.431999999999995,0</coordinates></Point></Placemark>
    <Placemark><name>Location 131</name><Point><coordinates>-121.774,37.431999999999995,0</coordinates></Point></Placemark>
    <Placemark><name>Location 132</name><Point><coordinates>-121.76400000000001,37.431999999999995,0</coordinates></Point></Placemark>
    <Placemark><name>Location 133</name><Point><coordinates>-121.754,37.431999999999995,0</coordinates></Point></Placemark>
    <Placemark><name>Location 134</name><Point><coordinates>-121.744,37.431999999999995,0</coordinates></Point></Placemark>
    <Placemark><name>Location 135</name><Point><coordinates>-121.73400000000001,37.431999999999995,0</coordinates></Point></Placemark>
    <Placemark><name>Location 136</name><Point><coordinates>-121.724,37.431999999999995,0</coordinates></Point></Placemark>
    <Placemark><name>Location 137</name><Point><coordinates>-121.714,37.431999999999995,0</coordinates></Point></Placemark>
    <Placemark><name>Location 138</name><Point><coordinates>-121.70400000000001,37.431999999999995,0</coordinates></Point></Placemark>
    <Placemark><name>Location 139</name><Point><coordinates>-121.694,37.431999999999995,0</coordinates></Point></Placemark>
    <Placemark><name>Location 140</name><Point><coordinates>-121.684,37.431999999999995,0</coordinates></Point></Placemark>
    <Placemark><name>Location 141</name><Point><coordinates>-121.674,37.431999999999995,0</coordinates></Point></Placemark>
    <Placemark><name>Location 142</name><Point><coordinates>-121.664,37.431999999999995,0</coordinates></Point></Placemark>
    <Placemark><name>Location 143</name><Point><coordinates>-121.654,37.431999999999995,0</coordinates></Point></Placemark>
    <Placemark><name>Location 144</name><Point><coordinates>-121.644,37.431999999999995,0</coordinates></Point></Placemark>
    <Placemark><name>Location 145</name><Point><coordinates>-121.634,37.431999999999995,0</coordinates></Point></Placemark>
    <Placemark><name>Location 146</name><Point><coordinates>-121.62400000000001,37.431999999999995,0</coordinates></Point></Placemark>
    <Placemark><name>Location 147</name><Point><coordinates>-121.614,37.431999999999995,0</coordinates></Point></Placemark>
    <Placemark><name>Location 148</name><Point><coordinates>-121.604,37.431999999999995,0</coordinates></Point></Placemark>
    <Placemark><name>Location 149</name><Point><coordinates>-121.59400000000001,37.431999999999995,0</coordinates></Point></Placemark>
    <Placemark><name>Location 150</name><Point><coordinates>-121.584,37.431999999999995,0</coordinates></Point></Placemark>
    <Placemark><name>Location 151</name><Point><coordinates>-121.574,37.431999999999995,0</coordinates></Point></Placemark>
    <Placemark><name>Location 152</name><Point><coordinates>-121.56400000000001,37.431999999999995,0</coordinates></Point></Placemark>
    <Placemark><name>Location 153</name><Point><coordinates>-121.554,37.431999999999995,0</coordinates></Point></Placemark>
    <Placemark><name>Location 154</name><Point><coordinates>-121.544,37.431999999999995,0</coordinates></Point></Placemark>
    <Placemark><name>Location 155</name><Point><coordinates>-121.534,37.431999999999995,0</coordinates></Point></Placemark>
    <Placemark><name>Location 156</name><Point><coordinates>-121.524,37.431999999999995,0</coordinates></Point></Placemark>
    <Placemark><name>Location 157</name><Point><coordinates>-121.51400000000001,37.431999999999995,0</coordinates></Point></Placemark>
    <Placemark><name>Location 158</name><Point><coordinates>-121.504,37.431999999999995,0</coordinates></Point></Placemark>
    <Placemark><name>Location 159</name><Point><coordinates>-121.494,37.431999999999995,0</coordinates></Point></Placemark>
    <Placemark><name>Location 160</name><Point><coordinates>-121.48400000000001,37.431999999999995,0</coordinates></Point></Placemark>
    <Placemark><name>Location 161</name><Point><coordinates>-121.474,37.431999999999995,0</coordinates></Point></Placemark>
    <Placemark><name>Location 162</name><Point><coordinates>-121.464,37.431999999999995,0</coordinates></Point></Placemark>
    <Placemark><name>Location 163</name><Point><coordinates>-121.45400000000001,37.431999999999995,0</coordinates></Point></Placemark>
    <Placemark><name>Location 164</name><Point><coordinates>-121.444,37.431999999999995,0</coordinates></Point></Placemark>
    <Placemark><name>Location 165</name><Point><coordinates>-121.434,37.431999999999995,0</coordinates></Point></Placemark>
    <Placemark><name>Location 166</name><Point><coordinates>-121.424,37.431999999999995,0</coordinates></Point></Placemark>
    <Placemark><name>Location 167</name><Point><coordinates>-121.414,37.431999999999995,0</coordinates></Point></Placemark>
    <Placemark><name>Location 168</name><Point><coordinates>-121.404,37.431999999999995,0</coordinates></Point></Placemark>
    <Placemark><name>Location 169</name><Point><coordinates>-121.394,37.431999999999995,0</coordinates></Point></Placemark>
    <Placemark><name>Location 170</name><Point><coordinates>-121.384,37.431999999999995,0</coordinates></Point></Placemark>
    <Placemark><name>Location 171</name><Point><coordinates>-121.37400000000001,37.431999999999995,0</coordinates></Point></Placemark>
    <Placemark><name>Location 172</name><Point><coordinates>-121.364,37.431999999999995,0</coordinates></Point></Placemark>
    <Placemark><name>Location 173</name><Point><coordinates>-121.354,37.431999999999995,0</coordinates></Point></Placemark>
    <Placemark><name>Location 174</name><Point><coordinates>-121.34400000000001,37.431999999999995,0</coordinates></Point></Placemark>
    <Placemark><name>Location 175</name><Point><coordinates>-121.334,37.431999999999995,0</coordinates></Point></Placemark>
    <Placemark><name>Location 176</name><Point><coordinates>-121.324,37.431999999999995,0</coordinates></Point></Placemark>
    <Placemark><name>Location 177</name><Point><coordinates>-121.31400000000001,37.431999999999995,0</coordinates></Point></Placemark>
    <Placemark><name>Location 178</name><Point><coordinates>-121.304,37.431999999999995,0</coordinates></Point></Placemark>
    <Placemark><name>Location 179</name><Point><coordinates>-121.294,37.431999999999995,0</coordinates></Point></Placemark>
    <Placemark><name>Location 180</name><Point><coordinates>-121.284,37.431999999999995,0</coordinates></Point></Placemark>
    <Placemark><name>Location 181</name><Point><coordinates>-121.274,37.431999999999995,0</coordinates></Point></Placemark>
    <Placemark><name>Location 182</name><Point><coordinates>-121.26400000000001,37.431999999999995,0</coordinates></Point></Placemark>
    <Placemark><name>Location 183</name><Point><coordinates>-121.254,37.431999999999995,0</coordinates></Point></Placemark>
    <Placemark><name>Location 184</name><Point><coordinates>-121.244,37.431999999999995,0</coordinates></Point></Placemark>
    <Placemark><name>Location 185</name><Point><coordinates>-121.23400000000001,37.431999999999995,0</coordinates></Point></Placemark>
    <Placemark><name>Location 186</name><Point><coordinates>-121.224,37.431999999999995,0</coordinates></Point></Placemark>
    <Placemark><name>Location 187</name><Point><coordinates>-121.214,37.431999999999995,0</coordinates></Point></Placemark>
    <Placemark><name>Location 188</name><Point><coordinates>-121.20400000000001,37.431999999999995,0</coordinates></Point></Placemark>
    <Placemark><name>Location 189</name><Point><coordinates>-121.194,37.431999999999995,0</coordinates></Point></Placemark>
    <Placemark><name>Location 190</name><Point><coordinates>-121.184,37.431999999999995,0</coordinates></Point></Placemark>
    <Placemark><name>Location 191</name><Point><coordinates>-121.174,37.431999999999995,0</coordinates></Point></Placemark>
    <Placemark><name>Location 192</name><Point><coordinates>-121.164,37.431999999999995,0</coordinates></Point></Placemark>
    <Placemark><name>Location 193</name><Point><coordinates>-121.154,37.431999999999995,0</coordinates></Point></Placemark>
    <Placemark><name>Location 194</name><Point><coordinates>-121.144,37.431999999999995,0</coordinates></Point></Placemark>
    <Placemark><name>Location 195</name><Point><coordinates>-121.134,37.431999999999995,0</coordinates></Point></Placemark>
    <Placemark><name>Location 196</name><Point><coordinates>-121.12400000000001,37.431999999999995,0</coordinates></Point></Placemark>
    <Placemark><name>Location 197</name><Point><coordinates>-121.114,37.431999999999995,0</coordinates></Point></Placemark>
    <Placemark><name>Location 198</name><Point><coordinates>-121.104,37.431999999999995,0</coordinates></Point></Placemark>
    <Placemark><name>Location 199</name><Point><coordinates>-121.09400000000001,37.431999999999995,0</coordinates></Point></Placemark>
    <Placemark><name>Location 200</name><Point><coordinates>-122.084,37.442,0</coordinates></Point></Placemark>
    <Placemark><name>Location 201</name><Point><coordinates>-122.074,37.442,0</coordinates></Point></Placemark>
    <Placemark><name>Location 202</name><Point><coordinates>-122.06400000000001,37.442,0</coordinates></Point></Placemark>
    <Placemark><name>Location 203</name><Point><coordinates>-122.054,37.442,0</coordinates></Point></Placemark>
    <Placemark><name>Location 204</name><Point><coordinates>-122.044,37.442,0</coordinates></Point></Placemark>
    <Placemark><name>Location 205</name><Point><coordinates>-122.034,37.442,0</coordinates></Point></Placemark>
    <Placemark><name>Location 206</name><Point><coordinates>-122.024,37.442,0</coordinates></Point></Placemark>
    <Placemark><name>Location 207</name><Point><coordinates>-122.01400000000001,37.442,0</coordinates></Point></Placemark>
    <Placemark><name>Location 208</name><Point><coordinates>-122.004,37.442,0</coordinates></Point></Placemark>
    <Placemark><name>Location 209</name><Point><coordinates>-121.994,37.442,0</coordinates></Point></Placemark>
    <Placemark><name>Location 210</name><Point><coordinates>-121.98400000000001,37.442,0</coordinates></Point></Placemark>
    <Placemark><name>Location 211</name><Point><coordinates>-121.974,37.442,0</coordinates></Point></Placemark>
    <Placemark><name>Location 212</name><Point><coordinates>-121.964,37.442,0</coordinates></Point></Placemark>
    <Placemark><name>Location 213</name><Point><coordinates>-121.95400000000001,37.442,0</coordinates></Point></Placemark>
    <Placemark><name>Location 214</name><Point><coordinates>-121.944,37.442,0</coordinates></Point></Placemark>
    <Placemark><name>Location 215</name><Point><coordinates>-121.934,37.442,0</coordinates></Point></Placemark>
    <Placemark><name>Location 216</name><Point><coordinates>-121.924,37.442,0</coordinates></Point></Placemark>
    <Placemark><name>Location 217</name><Point><coordinates>-121.914,37.442,0</coordinates></Point></Placemark>
    <Placemark><name>Location 218</name><Point><coordinates>-121.904,37.442,0</coordinates></Point></Placemark>
    <Placemark><name>Location 219</name><Point><coordinates>-121.894,37.442,0</coordinates></Point></Placemark>
    <Placemark><name>Location 220</name><Point><coordinates>-121.884,37.442,0</coordinates></Point></Placemark>
    <Placemark><name>Location 221</name><Point><coordinates>-121.87400000000001,37.442,0</coordinates></Point></Placemark>
    <Placemark><name>Location 222</name><Point><coordinates>-121.864,37.442,0</coordinates></Point></Placemark>
    <Placemark><name>Location 223</name><Point><coordinates>-121.854,37.442,0</coordinates></Point></Placemark>
    <Placemark><name>Location 224</name><Point><coordinates>-121.84400000000001,37.442,0</coordinates></Point></Placemark>
    <Placemark><name>Location 225</name><Point><coordinates>-121.834,37.442,0</coordinates></Point></Placemark>
    <Placemark><name>Location 226</name><Point><coordinates>-121.824,37.442,0</coordinates></Point></Placemark>
    <Placemark><name>Location 227</name><Point><coordinates>-121.81400000000001,37.442,0</coordinates></Point></Placemark>
    <Placemark><name>Location 228</name><Point><coordinates>-121.804,37.442,0</coordinates></Point></Placemark>
    <Placemark><name>Location 229</name><Point><coordinates>-121.794,37.442,0</coordinates></Point></Placemark>
    <Placemark><name>Location 230</name><Point><coordinates>-121.784,37.442,0</coordinates></Point></Placemark>
    <Placemark><name>Location 231</name><Point><coordinates>-121.774,37.442,0</coordinates></Point></Placemark>
    <Placemark><name>Location 232</name><Point><coordinates>-121.76400000000001,37.442,0</coordinates></Point></Placemark>
    <Placemark><name>Location 233</name><Point><coordinates>-121.754,37.442,0</coordinates></Point></Placemark>
    <Placemark><name>Location 234</name><Point><coordinates>-121.744,37.442,0</coordinates></Point></Placemark>
    <Placemark><name>Location 235</name><Point><coordinates>-121.73400000000001,37.442,0</coordinates></Point></Placemark>
    <Placemark><name>Location 236</name><Point><coordinates>-121.724,37.442,0</coordinates></Point></Placemark>
    <Placemark><name>Location 237</name><Point><coordinates>-121.714,37.442,0</coordinates></Point></Placemark>
    <Placemark><name>Location 238</name><Point><coordinates>-121.70400000000001,37.442,0</coordinates></Point></Placemark>
    <Placemark><name>Location 239</name><Point><coordinates>-121.694,37.442,0</coordinates></Point></Placemark>
    <Placemark><name>Location 240</name><Point><coordinates>-121.684,37.442,0</coordinates></Point></Placemark>
    <Placemark><name>Location 241</name><Point><coordinates>-121.674,37.442,0</coordinates></Point></Placemark>
    <Placemark><name>Location 242</name><Point><coordinates>-121.664,37.442,0</coordinates></Point></Placemark>
    <Placemark><name>Location 243</name><Point><coordinates>-121.654,37.442,0</coordinates></Point></Placemark>
    <Placemark><name>Location 244</name><Point><coordinates>-121.644,37.442,0</coordinates></Point></Placemark>
    <Placemark><name>Location 245</name><Point><coordinates>-121.634,37.442,0</coordinates></Point></Placemark>
    <Placemark><name>Location 246</name><Point><coordinates>-121.62400000000001,37.442,0</coordinates></Point></Placemark>
    <Placemark><name>Location 247</name><Point><coordinates>-121.614,37.442,0</coordinates></Point></Placemark>
    <Placemark><name>Location 248</name><Point><coordinates>-121.604,37.442,0</coordinates></Point></Placemark>
    <Placemark><name>Location 249</name><Point><coordinates>-121.59400000000001,37.442,0</coordinates></Point></Placemark>
    <Placemark><name>Location 250</name><Point><coordinates>-121.584,37.442,0</coordinates></Point></Placemark>
    <Placemark><name>Location 251</name><Point><coordinates>-121.574,37.442,0</coordinates></Point></Placemark>
    <Placemark><name>Location 252</name><Point><coordinates>-121.56400000000001,37.442,0</coordinates></Point></Placemark>
    <Placemark><name>Location 253</name><Point><coordinates>-121.554,37.442,0</coordinates></Point></Placemark>
    <Placemark><name>Location 254</name><Point><coordinates>-121.544,37.442,0</coordinates></Point></Placemark>
    <Placemark><name>Location 255</name><Point><coordinates>-121.534,37.442,0</coordinates></Point></Placemark>
    <Placemark><name>Location 256</name><Point><coordinates>-121.524,37.442,0</coordinates></Point></Placemark>
    <Placemark><name>Location 257</name><Point><coordinates>-121.51400000000001,37.442,0</coordinates></Point></Placemark>
    <Placemark><name>Location 258</name><Point><coordinates>-121.504,37.442,0</coordinates></Point></Placemark>
    <Placemark><name>Location 259</name><Point><coordinates>-121.494,37.442,0</coordinates></Point></Placemark>
    <Placemark><name>Location 260</name><Point><coordinates>-121.48400000000001,37.442,0</coordinates></Point></Placemark>
    <Placemark><name>Location 261</name><Point><coordinates>-121.474,37.442,0</coordinates></Point></Placemark>
    <Placemark><name>Location 262</name><Point><coordinates>-121.464,37.442,0</coordinates></Point></Placemark>
    <Placemark><name>Location 263</name><Point><coordinates>-121.45400000000001,37.442,0</coordinates></Point></Placemark>
    <Placemark><name>Location 264</name><Point><coordinates>-121.444,37.442,0</coordinates></Point></Placemark>
    <Placemark><name>Location 265</name><Point><coordinates>-121.434,37.442,0</coordinates></Point></Placemark>
    <Placemark><name>Location 266</name><Point><coordinates>-121.424,37.442,0</coordinates></Point></Placemark>
    <Placemark><name>Location 267</name><Point><coordinates>-121.414,37.442,0</coordinates></Point></Placemark>
    <Placemark><name>Location 268</name><Point><coordinates>-121.404,37.442,0</coordinates></Point></Placemark>
    <Placemark><name>Location 269</name><Point><coordinates>-121.394,37.442,0</coordinates></Point></Placemark>
    <Placemark><name>Location 270</name><Point><coordinates>-121.384,37.442,0</coordinates></Point></Placemark>
    <Placemark><name>Location 271</name><Point><coordinates>-121.37400000000001,37.442,0</coordinates></Point></Placemark>
    <Placemark><name>Location 272</name><Point><coordinates>-121.364,37.442,0</coordinates></Point></Placemark>
    <Placemark><name>Location 273</name><Point><coordinates>-121.354,37.442,0</coordinates></Point></Placemark>
    <Placemark><name>Location 274</name><Point><coordinates>-121.34400000000001,37.442,0</coordinates></Point></Placemark>
    <Placemark><name>Location 275</name><Point><coordinates>-121.334,37.442,0</coordinates></Point></Placemark>
    <Placemark><name>Location 276</name><Point><coordinates>-121.324,37.442,0</coordinates></Point></Placemark>
    <Placemark><name>Location 277</name><Point><coordinates>-121.31400000000001,37.442,0</coordinates></Point></Placemark>
    <Placemark><name>Location 278</name><Point><coordinates>-121.304,37.442,0</coordinates></Point></Placemark>
    <Placemark><name>Location 279</name><Point><coordinates>-121.294,37.442,0</coordinates></Point></Placemark>
    <Placemark><name>Location 280</name><Point><coordinates>-121.284,37.442,0</coordinates></Point></Placemark>
    <Placemark><name>Location 281</name><Point><coordinates>-121.274,37.442,0</coordinates></Point></Placemark>
    <Placemark><name>Location 282</name><Point><coordinates>-121.26400000000001,37.442,0</coordinates></Point></Placemark>
    <Placemark><name>Location 283</name><Point><coordinates>-121.254,37.442,0</coordinates></Point></Placemark>
    <Placemark><name>Location 284</name><Point><coordinates>-121.244,37.442,0</coordinates></Point></Placemark>
    <Placemark><name>Location 285</name><Point><coordinates>-121.23400000000001,37.442,0</coordinates></Point></Placemark>
    <Placemark><name>Location 286</name><Point><coordinates>-121.224,37.442,0</coordinates></Point></Placemark>
    <Placemark><name>Location 287</name><Point><coordinates>-121.214,37.442,0</coordinates></Point></Placemark>
    <Placemark><name>Location 288</name><Point><coordinates>-121.20400000000001,37.442,0</coordinates></Point></Placemark>
    <Placemark><name>Location 289</name><Point><coordinates>-121.194,37.442,0</coordinates></Point></Placemark>
    <Placemark><name>Location 290</name><Point><coordinates>-121.184,37.442,0</coordinates></Point></Placemark>
    <Placemark><name>Location 291</name><Point><coordinates>-121.174,37.442,0</coordinates></Point></Placemark>
    <Placemark><name>Location 292</name><Point><coordinates>-121.164,37.442,0</coordinates></Point></Placemark>
    <Placemark><name>Location 293</name><Point><coordinates>-121.154,37.442,0</coordinates></Point></Placemark>
    <Placemark><name>Location 294</name><Point><coordinates>-121.144,37.442,0</coordinates></Point></Placemark>
    <Placemark><name>Location 295</name><Point><coordinates>-121.134,37.442,0</coordinates></Point></Placemark>
    <Placemark><name>Location 296</name><Point><coordinates>-121.12400000000001,37.442,0</coordinates></Point></Placemark>
    <Placemark><name>Location 297</name><Point><coordinates>-121.114,37.442,0</coordinates></Point></Placemark>
    <Placemark><name>Location 298</name><Point><coordinates>-121.104,37.442,0</coordinates></Point></Placemark>
    <Placemark><name>Location 299</name><Point><coordinates>-121.09400000000001,37.442,0</coordinates></Point></Placemark>
    <Placemark><name>Location 300</name><Point><coordinates>-122.084,37.452,0</coordinates></Point></Placemark>
    <Placemark><name>Location 301</name><Point><coordinates>-122.074,37.452,0</coordinates></Point></Placemark>
    <Placemark><name>Location 302</name><Point><coordinates>-122.06400000000001,37.452,0</coordinates></Point></Placemark>
    <Placemark><name>Location 303</name><Point><coordinates>-122.054,37.452,0</coordinates></Point></Placemark>
    <Placemark><name>Location 304</name><Point><coordinates>-122.044,37.452,0</coordinates></Point></Placemark>
    <Placemark><name>Location 305</name><Point><coordinates>-122.034,37.452,0</coordinates></Point></Placemark>
    <Placemark><name>Location 306</name><Point><coordinates>-122.024,37.452,0</coordinates></Point></Placemark>
    <Placemark><name>Location 307</name><Point><coordinates>-122.01400000000001,37.452,0</coordinates></Point></Placemark>
    <Placemark><name>Location 308</name><Point><coordinates>-122.004,37.452,0</coordinates></Point></Placemark>
    <Placemark><name>Location 309</name><Point><coordinates>-121.994,37.452,0</coordinates></Point></Placemark>
    <Placemark><name>Location 310</name><Point><coordinates>-121.98400000000001,37.452,0</coordinates></Point></Placemark>
    <Placemark><name>Location 311</name><Point><coordinates>-121.974,37.452,0</coordinates></Point></Placemark>
    <Placemark><name>Location 312</name><Point><coordinates>-121.964,37.452,0</coordinates></Point></Placemark>
    <Placemark><name>Location 313</name><Point><coordinates>-121.95400000000001,37.452,0</coordinates></Point></Placemark>
    <Placemark><name>Location 314</name><Point><coordinates>-121.944,37.452,0</coordinates></Point></Placemark>
    <Placemark><name>Location 315</name><Point><coordinates>-121.934,37.452,0</coordinates></Point></Placemark>
    <Placemark><name>Location 316</name><Point><coordinates>-121.924,37.452,0</coordinates></Point></Placemark>
    <Placemark><name>Location 317</name><Point><coordinates>-121.914,37.452,0</coordinates></Point></Placemark>
    <Placemark><name>Location 318</name><Point><coordinates>-121.904,37.452,0</coordinates></Point></Placemark>
    <Placemark><name>Location 319</name><Point><coordinates>-121.894,37.452,0</coordinates></Point></Placemark>
    <Placemark><name>Location 320</name><Point><coordinates>-121.884,37.452,0</coordinates></Point></Placemark>
    <Placemark><name>Location 321</name><Point><coordinates>-121.87400000000001,37.452,0</coordinates></Point></Placemark>
    <Placemark><name>Location 322</name><Point><coordinates>-121.864,37.452,0</coordinates></Point></Placemark>
    <Placemark><name>Location 323</name><Point><coordinates>-121.854,37.452,0</coordinates></Point></Placemark>
    <Placemark><name>Location 324</name><Point><coordinates>-121.84400000000001,37.452,0</coordinates></Point></Placemark>
    <Placemark><name>Location 325</name><Point><coordinates>-121.834,37.452,0</coordinates></Point></Placemark>
    <Placemark><name>Location 326</name><Point><coordinates>-121.824,37.452,0</coordinates></Point></Placemark>
    <Placemark><name>Location 327</name><Point><coordinates>-121.81400000000001,37.452,0</coordinates></Point></Placemark>
    <Placemark><name>Location 328</name><Point><coordinates>-121.804,37.452,0</coordinates></Point></Placemark>
    <Placemark><name>Location 329</name><Point><coordinates>-121.794,37.452,0</coordinates></Point></Placemark>
    <Placemark><name>Location 330</name><Point><coordinates>-121.784,37.452,0</coordinates></Point></Placemark>
    <Placemark><name>Location 331</name><Point><coordinates>-121.774,37.452,0</coordinates></Point></Placemark>
    <Placemark><name>Location 332</name><Point><coordinates>-121.76400000000001,37.452,0</coordinates></Point></Placemark>
    <Placemark><name>Location 333</name><Point><coordinates>-121.754,37.452,0</coordinates></Point></Placemark>
    <Placemark><name>Location 334</name><Point><coordinates>-121.744,37.452,0</coordinates></Point></Placemark>
    <Placemark><name>Location 335</name><Point><coordinates>-121.73400000000001,37.452,0</coordinates></Point></Placemark>
    <Placemark><name>Location 336</name><Point><coordinates>-121.724,37.452,0</coordinates></Point></Placemark>
    <Placemark><name>Location 337</name><Point><coordinates>-121.714,37.452,0</coordinates></Point></Placemark>
    <Placemark><name>Location 338</name><Point><coordinates>-121.70400000000001,37.452,0</coordinates></Point></Placemark>
    <Placemark><name>Location 339</name><Point><coordinates>-121.694,37.452,0</coordinates></Point></Placemark>
    <Placemark><name>Location 340</name><Point><coordinates>-121.684,37.452,0</coordinates></Point></Placemark>
    <Placemark><name>Location 341</name><Point><coordinates>-121.674,37.452,0</coordinates></Point></Placemark>
    <Placemark><name>Location 342</name><Point><coordinates>-121.664,37.452,0</coordinates></Point></Placemark>
    <Placemark><name>Location 343</name><Point><coordinates>-121.654,37.452,0</coordinates></Point></Placemark>
    <Placemark><name>Location 344</name><Point><coordinates>-121.644,37.452,0</coordinates></Point></Placemark>
    <Placemark><name>Location 345</name><Point><coordinates>-121.634,37.452,0</coordinates></Point></Placemark>
    <Placemark><name>Location 346</name><Point><coordinates>-121.62400000000001,37.452,0</coordinates></Point></Placemark>
    <Placemark><name>Location 347</name><Point><coordinates>-121.614,37.452,0</coordinates></Point></Placemark>
    <Placemark><name>Location 348</name><Point><coordinates>-121.604,37.452,0</coordinates></Point></Placemark>
    <Placemark><name>Location 349</name><Point><coordinates>-121.59400000000001,37.452,0</coordinates></Point></Placemark>
    <Placemark><name>Location 350</name><Point><coordinates>-121.584,37.452,0</coordinates></Point></Placemark>
    <Placemark><name>Location 351</name><Point><coordinates>-121.574,37.452,0</coordinates></Point></Placemark>
    <Placemark><name>Location 352</name><Point><coordinates>-121.56400000000001,37.452,0</coordinates></Point></Placemark>
    <Placemark><name>Location 353</name><Point><coordinates>-121.554,37.452,0</coordinates></Point></Placemark>
    <Placemark><name>Location 354</name><Point><coordinates>-121.544,37.452,0</coordinates></Point></Placemark>
    <Placemark><name>Location 355</name><Point><coordinates>-121.534,37.452,0</coordinates></Point></Placemark>
    <Placemark><name>Location 356</name><Point><coordinates>-121.524,37.452,0</coordinates></Point></Placemark>
    <Placemark><name>Location 357</name><Point><coordinates>-121.51400000000001,37.452,0</coordinates></Point></Placemark>
    <Placemark><name>Location 358</name><Point><coordinates>-121.504,37.452,0</coordinates></Point></Placemark>
    <Placemark><name>Location 359</name><Point><coordinates>-121.494,37.452,0</coordinates></Point></Placemark>
    <Placemark><name>Location 360</name><Point><coordinates>-121.48400000000001,37.452,0</coordinates></Point></Placemark>
    <Placemark><name>Location 361</name><Point><coordinates>-121.474,37.452,0</coordinates></Point></Placemark>
    <Placemark><name>Location 362</name><Point><coordinates>-121.464,37.452,0</coordinates></Point></Placemark>
    <Placemark><name>Location 363</name><Point><coordinates>-121.45400000000001,37.452,0</coordinates></Point></Placemark>
    <Placemark><name>Location 364</name><Point><coordinates>-121.444,37.452,0</coordinates></Point></Placemark>
    <Placemark><name>Location 365</name><Point><coordinates>-121.434,37.452,0</coordinates></Point></Placemark>
    <Placemark><name>Location 366</name><Point><coordinates>-121.424,37.452,0</coordinates></Point></Placemark>
    <Placemark><name>Location 367</name><Point><coordinates>-121.414,37.452,0</coordinates></Point></Placemark>
    <Placemark><name>Location 368</name><Point><coordinates>-121.404,37.452,0</coordinates></Point></Placemark>
    <Placemark><name>Location 369</name><Point><coordinates>-121.394,37.452,0</coordinates></Point></Placemark>
    <Placemark><name>Location 370</name><Point><coordinates>-121.384,37.452,0</coordinates></Point></Placemark>
    <Placemark><name>Location 371</name><Point><coordinates>-121.37400000000001,37.452,0</coordinates></Point></Placemark>
    <Placemark><name>Location 372</name><Point><coordinates>-121.364,37.452,0</coordinates></Point></Placemark>
    <Placemark><name>Location 373</name><Point><coordinates>-121.354,37.452,0</coordinates></Point></Placemark>
    <Placemark><name>Location 374</name><Point><coordinates>-121.34400000000001,37.452,0</coordinates></Point></Placemark>
    <Placemark><name>Location 375</name><Point><coordinates>-121.334,37.452,0</coordinates></Point></Placemark>
    <Placemark><name>Location 376</name><Point><coordinates>-121.324,37.452,0</coordinates></Point></Placemark>
    <Placemark><name>Location 377</name><Point><coordinates>-121.31400000000001,37.452,0</coordinates></Point></Placemark>
    <Placemark><name>Location 378</name><Point><coordinates>-121.304,37.452,0</coordinates></Point></Placemark>
    <Placemark><name>Location 379</name><Point><coordinates>-121.294,37.452,0</coordinates></Point></Placemark>
    <Placemark><name>Location 380</name><Point><coordinates>-121.284,37.452,0</coordinates></Point></Placemark>
    <Placemark><name>Location 381</name><Point><coordinates>-121.274,37.452,0</coordinates></Point></Placemark>
    <Placemark><name>Location 382</name><Point><coordinates>-121.26400000000001,37.452,0</coordinates></Point></Placemark>
    <Placemark><name>Location 383</name><Point><coordinates>-121.254,37.452,0</coordinates></Point></Placemark>
    <Placemark><name>Location 384</name><Point><coordinates>-121.244,37.452,0</coordinates></Point></Placemark>
    <Placemark><name>Location 385</name><Point><coordinates>-121.23400000000001,37.452,0</coordinates></Point></Placemark>
    <Placemark><name>Location 386</name><Point><coordinates>-121.224,37.452,0</coordinates></Point></Placemark>
    <Placemark><name>Location 387</name><Point><coordinates>-121.214,37.452,0</coordinates></Point></Placemark>
    <Placemark><name>Location 388</name><Point><coordinates>-121.20400000000001,37.452,0</coordinates></Point></Placemark>
    <Placemark><name>Location 389</name><Point><coordinates>-121.194,37.452,0</coordinates></Point></Placemark>
    <Placemark><name>Location 390</name><Point><coordinates>-121.184,37.452,0</coordinates></Point></Placemark>
    <Placemark><name>Location 391</name><Point><coordinates>-121.174,37.452,0</coordinates></Point></Placemark>
    <Placemark><name>Location 392</name><Point><coordinates>-121.164,37.452,0</coordinates></Point></Placemark>
    <Placemark><name>Location 393</name><Point><coordinates>-121.154,37.452,0</coordinates></Point></Placemark>
    <Placemark><name>Location 394</name><Point><coordinates>-121.144,37.452,0</coordinates></Point></Placemark>
    <Placemark><name>Location 395</name><Point><coordinates>-121.134,37.452,0</coordinates></Point></Placemark>
    <Placemark><name>Location 396</name><Point><coordinates>-121.12400000000001,37.452,0</coordinates></Point></Placemark>
    <Placemark><name>Location 397</name><Point><coordinates>-121.114,37.452,0</coordinates></Point></Placemark>
    <Placemark><name>Location 398</name><Point><coordinates>-121.104,37.452,0</coordinates></Point></Placemark>
    <Placemark><name>Location 399</name><Point><coordinates>-121.09400000000001,37.452,0</coordinates></Point></Placemark>
    <Placemark><name>Location 400</name><Point><coordinates>-122.084,37.461999999999996,0</coordinates></Point></Placemark>
    <Placemark><name>Location 401</name><Point><coordinates>-122.074,37.461999999999996,0</coordinates></Point></Placemark>
    <Placemark><name>Location 402</name><Point><coordinates>-122.06400000000001,37.461999999999996,0</coordinates></Point></Placemark>
    <Placemark><name>Location 403</name><Point><coordinates>-122.054,37.461999999999996,0</coordinates></Point></Placemark>
    <Placemark><name>Location 404</name><Point><coordinates>-122.044,37.461999999999996,0</coordinates></Point></Placemark>
    <Placemark><name>Location 405</name><Point><coordinates>-122.034,37.461999999999996,0</coordinates></Point></Placemark>
    <Placemark><name>Location 406</name><Point><coordinates>-122.024,37.461999999999996,0</coordinates></Point></Placemark>
    <Placemark><name>Location 407</name><Point><coordinates>-122.01400000000001,37.461999999999996,0</coordinates></Point></Placemark>
    <Placemark><name>Location 408</name><Point><coordinates>-122.004,37.461999999999996,0</coordinates></Point></Placemark>
    <Placemark><name>Location 409</name><Point><coordinates>-121.994,37.461999999999996,0</coordinates></Point></Placemark>
    <Placemark><name>Location 410</name><Point><coordinates>-121.98400000000001,37.461999999999996,0</coordinates></Point></Placemark>
    <Placemark><name>Location 411</name><Point><coordinates>-121.974,37.461999999999996,0</coordinates></Point></Placemark>
    <Placemark><name>Location 412</name><Point><coordinates>-121.964,37.461999999999996,0</coordinates></Point></Placemark>
    <Placemark><name>Location 413</name><Point><coordinates>-121.95400000000001,37.461999999999996,0</coordinates></Point></Placemark>
    <Placemark><name>Location 414</name><Point><coordinates>-121.944,37.461999999999996,0</coordinates></Point></Placemark>
    <Placemark><name>Location 415</name><Point><coordinates>-121.934,37.461999999999996,0</coordinates></Point></Placemark>
    <Placemark><name>Location 416</name><Point><coordinates>-121.924,37.461999999999996,0</coordinates></Point></Placemark>
    <Placemark><name>Location 417</name><Point><coordinates>-121.914,37.461999999999996,0</coordinates></Point></Placemark>
    <Placemark><name>Location 418</name><Point><coordinates>-121.904,37.461999999999996,0</coordinates></Point></Placemark>
    <Placemark><name>Location 419</name><Point><coordinates>-121.894,37.461999999999996,0</coordinates></Point></Placemark>
    <Placemark><name>Location 420</name><Point><coordinates>-121.884,37.461999999999996,0</coordinates></Point></Placemark>
    <Placemark><name>Location 421</name><Point><coordinates>-121.87400000000001,37.461999999999996,0</coordinates></Point></Placemark>
    <Placemark><name>Location 422</name><Point><coordinates>-121.864,37.461999999999996,0</coordinates></Point></Placemark>
    <Placemark><name>Location 423</name><Point><coordinates>-121.854,37.461999999999996,0</coordinates></Point></Placemark>
    <Placemark><name>Location 424</name><Point><coordinates>-121.84400000000001,37.461999999999996,0</coordinates></Point></Placemark>
    <Placemark><name>Location 425</name><Point><coordinates>-121.834,37.461999999999996,0</coordinates></Point></Placemark>
    <Placemark><name>Location 426</name><Point><coordinates>-121.824,37.461999999999996,0</coordinates></Point></Placemark>
    <Placemark><name>Location 427</name><Point><coordinates>-121.81400000000001,37.461999999999996,0</coordinates></Point></Placemark>
    <Placemark><name>Location 428</name><Point><coordinates>-121.804,37.461999999999996,0</coordinates></Point></Placemark>
    <Placemark><name>Location 429</name><Point><coordinates>-121.794,37.461999999999996,0</coordinates></Point></Placemark>
    <Placemark><name>Location 430</name><Point><coordinates>-121.784,37.461999999999996,0</coordinates></Point></Placemark>
    <Placemark><name>Location 431</name><Point><coordinates>-121.774,37.461999999999996,0</coordinates></Point></Placemark>
    <Placemark><name>Location 432</name><Point><coordinates>-121.76400000000001,37.461999999999996,0</coordinates></Point></Placemark>
    <Placemark><name>Location 433</name><Point><coordinates>-121.754,37.461999999999996,0</coordinates></Point></Placemark>
    <Placemark><name>Location 434</name><Point><coordinates>-121.744,37.461999999999996,0</coordinates></Point></Placemark>
    <Placemark><name>Location 435</name><Point><coordinates>-121.73400000000001,37.461999999999996,0</coordinates></Point></Placemark>
    <Placemark><name>Location 436</name><Point><coordinates>-121.724,37.461999999999996,0</coordinates></Point></Placemark>
    <Placemark><name>Location 437</name><Point><coordinates>-121.714,37.461999999999996,0</coordinates></Point></Placemark>
    <Placemark><name>Location 438</name><Point><coordinates>-121.70400000000001,37.461999999999996,0</coordinates></Point></Placemark>
    <Placemark><name>Location 439</name><Point><coordinates>-121.694,37.461999999999996,0</coordinates></Point></Placemark>
    <Placemark><name>Location 440</name><Point><coordinates>-121.684,37.461999999999996,0</coordinates></Point></Placemark>
    <Placemark><name>Location 441</name><Point><coordinates>-121.674,37.461999999999996,0</coordinates></Point></Placemark>
    <Placemark><name>Location 442</name><Point><coordinates>-121.664,37.461999999999996,0</coordinates></Point></Placemark>
    <Placemark><name>Location 443</name><Point><coordinates>-121.654,37.461999999999996,0</coordinates></Point></Placemark>
    <Placemark><name>Location 444</name><Point><coordinates>-121.644,37.461999999999996,0</coordinates></Point></Placemark>
    <Placemark><name>Location 445</name><Point><coordinates>-121.634,37.461999999999996,0</coordinates></Point></Placemark>
    <Placemark><name>Location 446</name><Point><coordinates>-121.62400000000001,37.461999999999996,0</coordinates></Point></Placemark>
    <Placemark><name>Location 447</name><Point><coordinates>-121.614,37.461999999999996,0</coordinates></Point></Placemark>
    <Placemark><name>Location 448</name><Point><coordinates>-121.604,37.461999999999996,0</coordinates></Point></Placemark>
    <Placemark><name>Location 449</name><Point><coordinates>-121.59400000000001,37.461999999999996,0</coordinates></Point></Placemark>
    <Placemark><name>Location 450</name><Point><coordinates>-121.584,37.461999999999996,0</coordinates></Point></Placemark>
    <Placemark><name>Location 451</name><Point><coordinates>-121.574,37.461999999999996,0</coordinates></Point></Placemark>
    <Placemark><name>Location 452</name><Point><coordinates>-121.56400000000001,37.461999999999996,0</coordinates></Point></Placemark>
    <Placemark><name>Location 453</name><Point><coordinates>-121.554,37.461999999999996,0</coordinates></Point></Placemark>
    <Placemark><name>Location 454</name><Point><coordinates>-121.544,37.461999999999996,0</coordinates></Point></Placemark>
    <Placemark><name>Location 455</name><Point><coordinates>-121.534,37.461999999999996,0</coordinates></Point></Placemark>
    <Placemark><name>Location 456</name><Point><coordinates>-121.524,37.461999999999996,0</coordinates></Point></Placemark>
    <Placemark><name>Location 457</name><Point><coordinates>-121.51400000000001,37.461999999999996,0</coordinates></Point></Placemark>
    <Placemark><name>Location 458</name><Point><coordinates>-121.504,37.461999999999996,0</coordinates></Point></Placemark>
    <Placemark><name>Location 459</name><Point><coordinates>-121.494,37.461999999999996,0</coordinates></Point></Placemark>
    <Placemark><name>Location 460</name><Point><coordinates>-121.48400000000001,37.461999999999996,0</coordinates></Point></Placemark>
    <Placemark><name>Location 461</name><Point><coordinates>-121.474,37.461999999999996,0</coordinates></Point></Placemark>
    <Placemark><name>Location 462</name><Point><coordinates>-121.464,37.461999999999996,0</coordinates></Point></Placemark>
    <Placemark><name>Location 463</name><Point><coordinates>-121.45400000000001,37.461999999999996,0</coordinates></Point></Placemark>
    <Placemark><name>Location 464</name><Point><coordinates>-121.444,37.461999999999996,0</coordinates></Point></Placemark>
    <Placemark><name>Location 465</name><Point><coordinates>-121.434,37.461999999999996,0</coordinates></Point></Placemark>
    <Placemark><name>Location 466</name><Point><coordinates>-121.424,37.461999999999996,0</coordinates></Point></Placemark>
    <Placemark><name>Location 467</name><Point><coordinates>-121.414,37.461999999999996,0</coordinates></Point></Placemark>
    <Placemark><name>Location 468</name><Point><coordinates>-121.404,37.461999999999996,0</coordinates></Point></Placemark>
    <Placemark><name>Location 469</name><Point><coordinates>-121.394,37.461999999999996,0</coordinates></Point></Placemark>
    <Placemark><name>Location 470</name><Point><coordinates>-121.384,37.461999999999996,0</coordinates></Point></Placemark>
    <Placemark><name>Location 471</name><Point><coordinates>-121.37400000000001,37.461999999999996,0</coordinates></Point></Placemark>
    <Placemark><name>Location 472</name><Point><coordinates>-121.364,37.461999999999996,0</coordinates></Point></Placemark>
    <Placemark><name>Location 473</name><Point><coordinates>-121.354,37.461999999999996,0</coordinates></Point></Placemark>
    <Placemark><name>Location 474</name><Point><coordinates>-121.34400000000001,37.461999999999996,0</coordinates></Point></Placemark>
    <Placemark><name>Location 475</name><Point><coordinates>-121.334,37.461999999999996,0</coordinates></Point></Placemark>
    <Placemark><name>Location 476</name><Point><coordinates>-121.324,37.461999999999996,0</coordinates></Point></Placemark>
    <Placemark><name>Location 477</name><Point><coordinates>-121.31400000000001,37.461999999999996,0</coordinates></Point></Placemark>
    <Placemark><name>Location 478</name><Point><coordinates>-121.304,37.461999999999996,0</coordinates></Point></Placemark>
    <Placemark><name>Location 479</name><Point><coordinates>-121.294,37.461999999999996,0</coordinates></Point></Placemark>
    <Placemark><name>Location 480</name><Point><coordinates>-121.284,37.461999999999996,0</coordinates></Point></Placemark>
    <Placemark><name>Location 481</name><Point><coordinates>-121.274,37.461999999999996,0</coordinates></Point></Placemark>
    <Placemark><name>Location 482</name><Point><coordinates>-121.26400000000001,37.461999999999996,0</coordinates></Point></Placemark>
    <Placemark><name>Location 483</name><Point><coordinates>-121.254,37.461999999999996,0</coordinates></Point></Placemark>
    <Placemark><name>Location 484</name><Point><coordinates>-121.244,37.461999999999996,0</coordinates></Point></Placemark>
    <Placemark><name>Location 485</name><Point><coordinates>-121.23400000000001,37.461999999999996,0</coordinates></Point></Placemark>
    <Placemark><name>Location 486</name><Point><coordinates>-121.224,37.461999999999996,0</coordinates></Point></Placemark>
    <Placemark><name>Location 487</name><Point><coordinates>-121.214,37.461999999999996,0</coordinates></Point></Placemark>
    <Placemark><name>Location 488</name><Point><coordinates>-121.20400000000001,37.461999999999996,0</coordinates></Point></Placemark>
    <Placemark><name>Location 489</name><Point><coordinates>-121.194,37.461999999999996,0</coordinates></Point></Placemark>
    <Placemark><name>Location 490</name><Point><coordinates>-121.184,37.461999999999996,0</coordinates></Point></Placemark>
    <Placemark><name>Location 491</name><Point><coordinates>-121.174,37.461999999999996,0</coordinates></Point></Placemark>
    <Placemark><name>Location 492</name><Point><coordinates>-121.164,37.461999999999996,0</coordinates></Point></Placemark>
    <Placemark><name>Location 493</name><Point><coordinates>-121.154,37.461999999999996,0</coordinates></Point></Placemark>
    <Placemark><name>Location 494</name><Point><coordinates>-121.144,37.461999999999996,0</coordinates></Point></Placemark>
    <Placemark><name>Location 495</name><Point><coordinates>-121.134,37.461999999999996,0</coordinates></Point></Placemark>
    <Placemark><name>Location 496</name><Point><coordinates>-121.12400000000001,37.461999999999996,0</coordinates></Point></Placemark>
    <Placemark><name>Location 497</name><Point><coordinates>-121.114,37.461999999999996,0</coordinates></Point></Placemark>
    <Placemark><name>Location 498</name><Point><coordinates>-121.104,37.461999999999996,0</coordinates></Point></Placemark>
    <Placemark><name>Location 499</name><Point><coordinates>-121.09400000000001,37.461999999999996,0</coordinates></Point></Placemark>
    <Placemark><name>Location 500</name><Point><coordinates>-122.084,37.471999999999994,0</coordinates></Point></Placemark>
    <Placemark><name>Location 501</name><Point><coordinates>-122.074,37.471999999999994,0</coordinates></Point></Placemark>
    <Placemark><name>Location 502</name><Point><coordinates>-122.06400000000001,37.471999999999994,0</coordinates></Point></Placemark>
    <Placemark><name>Location 503</name><Point><coordinates>-122.054,37.471999999999994,0</coordinates></Point></Placemark>
    <Placemark><name>Location 504</name><Point><coordinates>-122.044,37.471999999999994,0</coordinates></Point></Placemark>
    <Placemark><name>Location 505</name><Point><coordinates>-122.034,37.471999999999994,0</coordinates></Point></Placemark>
    <Placemark><name>Location 506</name><Point><coordinates>-122.024,37.471999999999994,0</coordinates></Point></Placemark>
    <Placemark><name>Location 507</name><Point><coordinates>-122.01400000000001,37.471999999999994,0</coordinates></Point></Placemark>
    <Placemark><name>Location 508</name><Point><coordinates>-122.004,37.471999999999994,0</coordinates></Point></Placemark>
    <Placemark><name>Location 509</name><Point><coordinates>-121.994,37.471999999999994,0</coordinates></Point></Placemark>
    <Placemark><name>Location 510</name><Point><coordinates>-121.98400000000001,37.471999999999994,0</coordinates></Point></Placemark>
    <Placemark><name>Location 511</name><Point><coordinates>-121.974,37.471999999999994,0</coordinates></Point></Placemark>
    <Placemark><name>Location 512</name><Point><coordinates>-121.964,37.471999999999994,0</coordinates></Point></Placemark>
    <Placemark><name>Location 513</name><Point><coordinates>-121.95400000000001,37.471999999999994,0</coordinates></Point></Placemark>
    <Placemark><name>Location 514</name><Point><coordinates>-121.944,37.471999999999994,0</coordinates></Point></Placemark>
    <Placemark><name>Location 515</name><Point><coordinates>-121.934,37.471999999999994,0</coordinates></Point></Placemark>
    <Placemark><name>Location 516</name><Point><coordinates>-121.924,37.471999999999994,0</coordinates></Point></Placemark>
    <Placemark><name>Location 517</name><Point><coordinates>-121.914,37.471999999999994,0</coordinates></Point></Placemark>
    <Placemark><name>Location 518</name><Point><coordinates>-121.904,37.471999999999994,0</coordinates></Point></Placemark>
    <Placemark><name>Location 519</name><Point><coordinates>-121.894,37.471999999999994,0</coordinates></Point></Placemark>
    <Placemark><name>Location 520</name><Point><coordinates>-121.884,37.471999999999994,0</coordinates></Point></Placemark>
    <Placemark><name>Location 521</name><Point><coordinates>-121.87400000000001,37.471999999999994,0</coordinates></Point></Placemark>
    <Placemark><name>Location 522</name><Point><coordinates>-121.864,37.471999999999994,0</coordinates></Point></Placemark>
    <Placemark><name>Location 523</name><Point><coordinates>-121.854,37.471999999999994,0</coordinates></Point></Placemark>
    <Placemark><name>Location 524</name><Point><coordinates>-121.84400000000001,37.471999999999994,0</coordinates></Point></Placemark>
    <Placemark><name>Location 525</name><Point><coordinates>-121.834,37.471999999999994,0</coordinates></Point></Placemark>
    <Placemark><name>Location 526</name><Point><coordinates>-121.824,37.471999999999994,0</coordinates></Point></Placemark>
    <Placemark><name>Location 527</name><Point><coordinates>-121.81400000000001,37.471999999999994,0</coordinates></Point></Placemark>
    <Placemark><name>Location 528</name><Point><coordinates>-121.804,37.471999999999994,0</coordinates></Point></Placemark>
    <Placemark><name>Location 529</name><Point><coordinates>-121.794,37.471999999999994,0</coordinates></Point></Placemark>
    <Placemark><name>Location 530</name><Point><coordinates>-121.784,37.471999999999994,0</coordinates></Point></Placemark>
    <Placemark><name>Location 531</name><Point><coordinates>-121.774,37.471999999999994,0</coordinates></Point></Placemark>
    <Placemark><name>Location 532</name><Point><coordinates>-121.76400000000001,37.471999999999994,0</coordinates></Point></Placemark>
    <Placemark><name>Location 533</name><Point><coordinates>-121.754,37.471999999999994,0</coordinates></Point></Placemark>
    <Placemark><name>Location 534</name><Point><coordinates>-121.744,37.471999999999994,0</coordinates></Point></Placemark>
    <Placemark><name>Location 535</name><Point><coordinates>-121.73400000000001,37.471999999999994,0</coordinates></Point></Placemark>
    <Placemark><name>Location 536</name><Point><coordinates>-121.724,37.471999999999994,0</coordinates></Point></Placemark>
    <Placemark><name>Location 537</name><Point><coordinates>-121.714,37.471999999999994,0</coordinates></Point></Placemark>
    <Placemark><name>Location 538</name><Point><coordinates>-121.70400000000001,37.471999999999994,0</coordinates></Point></Placemark>
    <Placemark><name>Location 539</name><Point><coordinates>-121.694,37.471999999999994,0</coordinates></Point></Placemark>
    <Placemark><name>Location 540</name><Point><coordinates>-121.684,37.471999999999994,0</coordinates></Point></Placemark>
    <Placemark><name>Location 541</name><Point><coordinates>-121.674,37.471999999999994,0</coordinates></Point></Placemark>
    <Placemark><name>Location 542</name><Point><coordinates>-121.664,37.471999999999994,0</coordinates></Point></Placemark>
    <Placemark><name>Location 543</name><Point><coordinates>-121.654,37.471999999999994,0</coordinates></Point></Placemark>
    <Placemark><name>Location 544</name><Point><coordinates>-121.644,37.471999999999994,0</coordinates></Point></Placemark>
    <Placemark><name>Location 545</name><Point><coordinates>-121.634,37.471999999999994,0</coordinates></Point></Placemark>
    <Placemark><name>Location 546</name><Point><coordinates>-121.62400000000001,37.471999999999994,0</coordinates></Point></Placemark>
    <Placemark><name>Location 547</name><Point><coordinates>-121.614,37.471999999999994,0</coordinates></Point></Placemark>
    <Placemark><name>Location 548</name><Point><coordinates>-121.604,37.471999999999994,0</coordinates></Point></Placemark>
    <Placemark><name>Location 549</name><Point><coordinates>-121.59400000000001,37.471999999999994,0</coordinates></Point></Placemark>
    <Placemark><name>Location 550</name><Point><coordinates>-121.584,37.471999999999994,0</coordinates></Point></Placemark>
    <Placemark><name>Location 551</name><Point><coordinates>-121.574,37.471999999999994,0</coordinates></Point></Placemark>
    <Placemark><name>Location 552</name><Point><coordinates>-121.56400000000001,37.471999999999994,0</coordinates></Point></Placemark>
    <Placemark><name>Location 553</name><Point><coordinates>-121.554,37.471999999999994,0</coordinates></Point></Placemark>
    <Placemark><name>Location 554</name><Point><coordinates>-121.544,37.471999999999994,0</coordinates></Point></Placemark>
    <Placemark><name>Location 555</name><Point><coordinates>-121.534,37.471999999999994,0</coordinates></Point></Placemark>
    <Placemark><name>Location 556</name><Point><coordinates>-121.524,37.471999999999994,0</coordinates></Point></Placemark>
    <Placemark><name>Location 557</name><Point><coordinates>-121.51400000000001,37.471999999999994,0</coordinates></Point></Placemark>
    <Placemark><name>Location 558</name><Point><coordinates>-121.504,37.471999999999994,0</coordinates></Point></Placemark>
    <Placemark><name>Location 559</name><Point><coordinates>-121.494,37.471999999999994,0</coordinates></Point></Placemark>
    <Placemark><name>Location 560</name><Point><coordinates>-121.48400000000001,37.471999999999994,0</coordinates></Point></Placemark>
    <Placemark><name>Location 561</name><Point><coordinates>-121.474,37.471999999999994,0</coordinates></Point></Placemark>
    <Placemark><name>Location 562</name><Point><coordinates>-121.464,37.471999999999994,0</coordinates></Point></Placemark>
    <Placemark><name>Location 563</name><Point><coordinates>-121.45400000000001,37.471999999999994,0</coordinates></Point></Placemark>
    <Placemark><name>Location 564</name><Point><coordinates>-121.444,37.471999999999994,0</coordinates></Point></Placemark>
    <Placemark><name>Location 565</name><Point><coordinates>-121.434,37.471999999999994,0</coordinates></Point></Placemark>
    <Placemark><name>Location 566</name><Point><coordinates>-121.424,37.471999999999994,0</coordinates></Point></Placemark>
    <Placemark><name>Location 567</name><Point><coordinates>-121.414,37.471999999999994,0</coordinates></Point></Placemark>
    <Placemark><name>Location 568</name><Point><coordinates>-121.404,37.471999999999994,0</coordinates></Point></Placemark>
    <Placemark><name>Location 569</name><Point><coordinates>-121.394,37.471999999999994,0</coordinates></Point></Placemark>
    <Placemark><name>Location 570</name><Point><coordinates>-121.384,37.471999999999994,0</coordinates></Point></Placemark>
    <Placemark><name>Location 571</name><Point><coordinates>-121.37400000000001,37.471999999999994,0</coordinates></Point></Placemark>
    <Placemark><name>Location 572</name><Point><coordinates>-121.364,37.471999999999994,0</coordinates></Point></Placemark>
    <Placemark><name>Location 573</name><Point><coordinates>-121.354,37.471999999999994,0</coordinates></Point></Placemark>
    <Placemark><name>Location 574</name><Point><coordinates>-121.34400000000001,37.471999999999994,0</coordinates></Point></Placemark>
    <Placemark><name>Location 575</name><Point><coordinates>-121.334,37.471999999999994,0</coordinates></Point></Placemark>
    <Placemark><name>Location 576</name><Point><coordinates>-121.324,37.471999999999994,0</coordinates></Point></Placemark>
    <Placemark><name>Location 577</name><Point><coordinates>-121.31400000000001,37.471999999999994,0</coordinates></Point></Placemark>
    <Placemark><name>Location 578</name><Point><coordinates>-121.304,37.471999999999994,0</coordinates></Point></Placemark>
    <Placemark><name>Location 579</name><Point><coordinates>-121.294,37.471999999999994,0</coordinates></Point></Placemark>
    <Placemark><name>Location 580</name><Point><coordinates>-121.284,37.471999999999994,0</coordinates></Point></Placemark>
    <Placemark><name>Location 581</name><Point><coordinates>-121.274,37.471999999999994,0</coordinates></Point></Placemark>
    <Placemark><name>Location 582</name><Point><coordinates>-121.26400000000001,37.471999999999994,0</coordinates></Point></Placemark>
    <Placemark><name>Location 583</name><Point><coordinates>-121.254,37.471999999999994,0</coordinates></Point></Placemark>
    <Placemark><name>Location 584</name><Point><coordinates>-121.244,37.471999999999994,0</coordinates></Point></Placemark>
    <Placemark><name>Location 585</name><Point><coordinates>-121.23400000000001,37.471999999999994,0</coordinates></Point></Placemark>
    <Placemark><name>Location 586</name><Point><coordinates>-121.224,37.471999999999994,0</coordinates></Point></Placemark>
    <Placemark><name>Location 587</name><Point><coordinates>-121.214,37.471999999999994,0</coordinates></Point></Placemark>
    <Placemark><name>Location 588</name><Point><coordinates>-121.20400000000001,37.471999999999994,0</coordinates></Point></Placemark>
    <Placemark><name>Location 589</name><Point><coordinates>-121.194,37.471999999999994,0</coordinates></Point></Placemark>
    <Placemark><name>Location 590</name><Point><coordinates>-121.184,37.471999999999994,0</coordinates></Point></Placemark>
    <Placemark><name>Location 591</name><Point><coordinates>-121.174,37.471999999999994,0</coordinates></Point></Placemark>
    <Placemark><name>Location 592</name><Point><coordinates>-121.164,37.471999999999994,0</coordinates></Point></Placemark>
    <Placemark><name>Location 593</name><Point><coordinates>-121.154,37.471999999999994,0</coordinates></Point></Placemark>
    <Placemark><name>Location 594</name><Point><coordinates>-121.144,37.471999999999994,0</coordinates></Point></Placemark>
    <Placemark><name>Location 595</name><Point><coordinates>-121.134,37.471999999999994,0</coordinates></Point></Placemark>
    <Placemark><name>Location 596</name><Point><coordinates>-121.12400000000001,37.471999999999994,0</coordinates></Point></Placemark>
    <Placemark><name>Location 597</name><Point><coordinates>-121.114,37.471999999999994,0</coordinates></Point></Placemark>
    <Placemark><name>Location 598</name><Point><coordinates>-121.104,37.471999999999994,0</coordinates></Point></Placemark>
    <Placemark><name>Location 599</name><Point><coordinates>-121.09400000000001,37.471999999999994,0</coordinates></Point></Placemark>
    <Placemark><name>Location 600</name><Point><coordinates>-122.084,37.482,0</coordinates></Point></Placemark>
    <Placemark><name>Location 601</name><Point><coordinates>-122.074,37.482,0</coordinates></Point></Placemark>
    <Placemark><name>Location 602</name><Point><coordinates>-122.06400000000001,37.482,0</coordinates></Point></Placemark>
    <Placemark><name>Location 603</name><Point><coordinates>-122.054,37.482,0</coordinates></Point></Placemark>
    <Placemark><name>Location 604</name><Point><coordinates>-122.044,37.482,0</coordinates></Point></Placemark>
    <Placemark><name>Location 605</name><Point><coordinates>-122.034,37.482,0</coordinates></Point></Placemark>
    <Placemark><name>Location 606</name><Point><coordinates>-122.024,37.482,0</coordinates></Point></Placemark>
    <Placemark><name>Location 607</name><Point><coordinates>-122.01400000000001,37.482,0</coordinates></Point></Placemark>
    <Placemark><name>Location 608</name><Point><coordinates>-122.004,37.482,0</coordinates></Point></Placemark>
    <Placemark><name>Location 609</name><Point><coordinates>-121.994,37.482,0</coordinates></Point></Placemark>
    <Placemark><name>Location 610</name><Point><coordinates>-121.98400000000001,37.482,0</coordinates></Point></Placemark>
    <Placemark><name>Location 611</name><Point><coordinates>-121.974,37.482,0</coordinates></Point></Placemark>
    <Placemark><name>Location 612</name><Point><coordinates>-121.964,37.482,0</coordinates></Point></Placemark>
    <Placemark><name>Location 613</name><Point><coordinates>-121.95400000000001,37.482,0</coordinates></Point></Placemark>
    <Placemark><name>Location 614</name><Point><coordinates>-121.944,37.482,0</coordinates></Point></Placemark>
    <Placemark><name>Location 615</name><Point><coordinates>-121.934,37.482,0</coordinates></Point></Placemark>
    <Placemark><name>Location 616</name><Point><coordinates>-121.924,37.482,0</coordinates></Point></Placemark>
    <Placemark><name>Location 617</name><Point><coordinates>-121.914,37.482,0</coordinates></Point></Placemark>
    <Placemark><name>Location 618</name><Point><coordinates>-121.904,37.482,0</coordinates></Point></Placemark>
    <Placemark><name>Location 619</name><Point><coordinates>-121.894,37.482,0</coordinates></Point></Placemark>
    <Placemark><name>Location 620</name><Point><coordinates>-121.884,37.482,0</coordinates></Point></Placemark>
    <Placemark><name>Location 621</name><Point><coordinates>-121.87400000000001,37.482,0</coordinates></Point></Placemark>
    <Placemark><name>Location 622</name><Point><coordinates>-121.864,37.482,0</coordinates></Point></Placemark>
    <Placemark><name>Location 623</name><Point><coordinates>-121.854,37.482,0</coordinates></Point></Placemark>
    <Placemark><name>Location 624</name><Point><coordinates>-121.84400000000001,37.482,0</coordinates></Point></Placemark>
    <Placemark><name>Location 625</name><Point><coordinates>-121.834,37.482,0</coordinates></Point></Placemark>
    <Placemark><name>Location 626</name><Point><coordinates>-121.824,37.482,0</coordinates></Point></Placemark>
    <Placemark><name>Location 627</name><Point><coordinates>-121.81400000000001,37.482,0</coordinates></Point></Placemark>
    <Placemark><name>Location 628</name><Point><coordinates>-121.804,37.482,0</coordinates></Point></Placemark>
    <Placemark><name>Location 629</name><Point><coordinates>-121.794,37.482,0</coordinates></Point></Placemark>
    <Placemark><name>Location 630</name><Point><coordinates>-121.784,37.482,0</coordinates></Point></Placemark>
    <Placemark><name>Location 631</name><Point><coordinates>-121.774,37.482,0</coordinates></Point></Placemark>
    <Placemark><name>Location 632</name><Point><coordinates>-121.76400000000001,37.482,0</coordinates></Point></Placemark>
    <Placemark><name>Location 633</name><Point><coordinates>-121.754,37.482,0</coordinates></Point></Placemark>
    <Placemark><name>Location 634</name><Point><coordinates>-121.744,37.482,0</coordinates></Point></Placemark>
    <Placemark><name>Location 635</name><Point><coordinates>-121.73400000000001,37.482,0</coordinates></Point></Placemark>
    <Placemark><name>Location 636</name><Point><coordinates>-121.724,37.482,0</coordinates></Point></Placemark>
    <Placemark><name>Location 637</name><Point><coordinates>-121.714,37.482,0</coordinates></Point></Placemark>
    <Placemark><name>Location 638</name><Point><coordinates>-121.70400000000001,37.482,0</coordinates></Point></Placemark>
    <Placemark><name>Location 639</name><Point><coordinates>-121.694,37.482,0</coordinates></Point></Placemark>
    <Placemark><name>Location 640</name><Point><coordinates>-121.684,37.482,0</coordinates></Point></Placemark>
    <Placemark><name>Location 641</name><Point><coordinates>-121.674,37.482,0</coordinates></Point></Placemark>
    <Placemark><name>Location 642</name><Point><coordinates>-121.664,37.482,0</coordinates></Point></Placemark>
    <Placemark><name>Location 643</name><Point><coordinates>-121.654,37.482,0</coordinates></Point></Placemark>
    <Placemark><name>Location 644</name><Point><coordinates>-121.644,37.482,0</coordinates></Point></Placemark>
    <Placemark><name>Location 645</name><Point><coordinates>-121.634,37.482,0</coordinates></Point></Placemark>
    <Placemark><name>Location 646</name><Point><coordinates>-121.62400000000001,37.482,0</coordinates></Point></Placemark>
    <Placemark><name>Location 647</name><Point><coordinates>-121.614,37.482,0</coordinates></Point></Placemark>
    <Placemark><name>Location 648</name><Point><coordinates>-121.604,37.482,0</coordinates></Point></Placemark>
    <Placemark><name>Location 649</name><Point><coordinates>-121.59400000000001,37.482,0</coordinates></Point></Placemark>
    <Placemark><name>Location 650</name><Point><coordinates>-121.584,37.482,0</coordinates></Point></Placemark>
    <Placemark><name>Location 651</name><Point><coordinates>-121.574,37.482,0</coordinates></Point></Placemark>
    <Placemark><name>Location 652</name><Point><coordinates>-121.56400000000001,37.482,0</coordinates></Point></Placemark>
    <Placemark><name>Location 653</name><Point><coordinates>-121.554,37.482,0</coordinates></Point></Placemark>
    <Placemark><name>Location 654</name><Point><coordinates>-121.544,37.482,0</coordinates></Point></Placemark>
    <Placemark><name>Location 655</name><Point><coordinates>-121.534,37.482,0</coordinates></Point></Placemark>
    <Placemark><name>Location 656</name><Point><coordinates>-121.524,37.482,0</coordinates></Point></Placemark>
    <Placemark><name>Location 657</name><Point><coordinates>-121.51400000000001,37.482,0</coordinates></Point></Placemark>
    <Placemark><name>Location 658</name><Point><coordinates>-121.504,37.482,0</coordinates></Point></Placemark>
    <Placemark><name>Location 659</name><Point><coordinates>-121.494,37.482,0</coordinates></Point></Placemark>
    <Placemark><name>Location 660</name><Point><coordinates>-121.48400000000001,37.482,0</coordinates></Point></Placemark>
    <Placemark><name>Location 661</name><Point><coordinates>-121.474,37.482,0</coordinates></Point></Placemark>
    <Placemark><name>Location 662</name><Point><coordinates>-121.464,37.482,0</coordinates></Point></Placemark>
    <Placemark><name>Location 663</name><Point><coordinates>-121.45400000000001,37.482,0</coordinates></Point></Placemark>
    <Placemark><name>Location 664</name><Point><coordinates>-121.444,37.482,0</coordinates></Point></Placemark>
    <Placemark><name>Location 665</name><Point><coordinates>-121.434,37.482,0</coordinates></Point></Placemark>
    <Placemark><name>Location 666</name><Point><coordinates>-121.424,37.482,0</coordinates></Point></Placemark>
    <Placemark><name>Location 667</name><Point><coordinates>-121.414,37.482,0</coordinates></Point></Placemark>
    <Placemark><name>Location 668</name><Point><coordinates>-121.404,37.482,0</coordinates></Point></Placemark>
    <Placemark><name>Location 669</name><Point><coordinates>-121.394,37.482,0</coordinates></Point></Placemark>
    <Placemark><name>Location 670</name><Point><coordinates>-121.384,37.482,0</coordinates></Point></Placemark>
    <Placemark><name>Location 671</name><Point><coordinates>-121.37400000000001,37.482,0</coordinates></Point></Placemark>
    <Placemark><name>Location 672</name><Point><coordinates>-121.364,37.482,0</coordinates></Point></Placemark>
    <Placemark><name>Location 673</name><Point><coordinates>-121.354,37.482,0</coordinates></Point></Placemark>
    <Placemark><name>Location 674</name><Point><coordinates>-121.34400000000001,37.482,0</coordinates></Point></Placemark>
    <Placemark><name>Location 675</name><Point><coordinates>-121.334,37.482,0</coordinates></Point></Placemark>
    <Placemark><name>Location 676</name><Point><coordinates>-121.324,37.482,0</coordinates></Point></Placemark>
    <Placemark><name>Location 677</name><Point><coordinates>-121.31400000000001,37.482,0</coordinates></Point></Placemark>
    <Placemark><name>Location 678</name><Point><coordinates>-121.304,37.482,0</coordinates></Point></Placemark>
    <Placemark><name>Location 679</name><Point><coordinates>-121.294,37.482,0</coordinates></Point></Placemark>
    <Placemark><name>Location 680</name><Point><coordinates>-121.284,37.482,0</coordinates></Point></Placemark>
    <Placemark><name>Location 681</name><Point><coordinates>-121.274,37.482,0</coordinates></Point></Placemark>
    <Placemark><name>Location 682</name><Point><coordinates>-121.26400000000001,37.482,0</coordinates></Point></Placemark>
    <Placemark><name>Location 683</name><Point><coordinates>-121.254,37.482,0</coordinates></Point></Placemark>
    <Placemark><name>Location 684</name><Point><coordinates>-121.244,37.482,0</coordinates></Point></Placemark>
    <Placemark><name>Location 685</name><Point><coordinates>-121.23400000000001,37.482,0</coordinates></Point></Placemark>
    <Placemark><name>Location 686</name><Point><coordinates>-121.224,37.482,0</coordinates></Point></Placemark>
    <Placemark><name>Location 687</name><Point><coordinates>-121.214,37.482,0</coordinates></Point></Placemark>
    <Placemark><name>Location 688</name><Point><coordinates>-121.20400000000001,37.482,0</coordinates></Point></Placemark>
    <Placemark><name>Location 689</name><Point><coordinates>-121.194,37.482,0</coordinates></Point></Placemark>
    <Placemark><name>Location 690</name><Point><coordinates>-121.184,37.482,0</coordinates></Point></Placemark>
    <Placemark><name>Location 691</name><Point><coordinates>-121.174,37.482,0</coordinates></Point></Placemark>
    <Placemark><name>Location 692</name><Point><coordinates>-121.164,37.482,0</coordinates></Point></Placemark>
    <Placemark><name>Location 693</name><Point><coordinates>-121.154,37.482,0</coordinates></Point></Placemark>
    <Placemark><name>Location 694</name><Point><coordinates>-121.144,37.482,0</coordinates></Point></Placemark>
    <Placemark><name>Location 695</name><Point><coordinates>-121.134,37.482,0</coordinates></Point></Placemark>
    <Placemark><name>Location 696</name><Point><coordinates>-121.12400000000001,37.482,0</coordinates></Point></Placemark>
    <Placemark><name>Location 697</name><Point><coordinates>-121.114,37.482,0</coordinates></Point></Placemark>
    <Placemark><name>Location 698</name><Point><coordinates>-121.104,37.482,0</coordinates></Point></Placemark>
    <Placemark><name>Location 699</name><Point><coordinates>-121.09400000000001,37.482,0</coordinates></Point></Placemark>
    <Placemark><name>Location 700</name><Point><coordinates>-122.084,37.492,0</coordinates></Point></Placemark>
    <Placemark><name>Location 701</name><Point><coordinates>-122.074,37.492,0</coordinates></Point></Placemark>
    <Placemark><name>Location 702</name><Point><coordinates>-122.06400000000001,37.492,0</coordinates></Point></Placemark>
    <Placemark><name>Location 703</name><Point><coordinates>-122.054,37.492,0</coordinates></Point></Placemark>
    <Placemark><name>Location 704</name><Point><coordinates>-122.044,37.492,0</coordinates></Point></Placemark>
    <Placemark><name>Location 705</name><Point><coordinates>-122.034,37.492,0</coordinates></Point></Placemark>
    <Placemark><name>Location 706</name><Point><coordinates>-122.024,37.492,0</coordinates></Point></Placemark>
    <Placemark><name>Location 707</name><Point><coordinates>-122.01400000000001,37.492,0</coordinates></Point></Placemark>
    <Placemark><name>Location 708</name><Point><coordinates>-122.004,37.492,0</coordinates></Point></Placemark>
    <Placemark><name>Location 709</name><Point><coordinates>-121.994,37.492,0</coordinates></Point></Placemark>
    <Placemark><name>Location 710</name><Point><coordinates>-121.98400000000001,37.492,0</coordinates></Point></Placemark>
    <Placemark><name>Location 711</name><Point><coordinates>-121.974,37.492,0</coordinates></Point></Placemark>
    <Placemark><name>Location 712</name><Point><coordinates>-121.964,37.492,0</coordinates></Point></Placemark>
    <Placemark><name>Location 713</name><Point><coordinates>-121.95400000000001,37.492,0</coordinates></Point></Placemark>
    <Placemark><name>Location 714</name><Point><coordinates>-121.944,37.492,0</coordinates></Point></Placemark>
    <Placemark><name>Location 715</name><Point><coordinates>-121.934,37.492,0</coordinates></Point></Placemark>
    <Placemark><name>Location 716</name><Point><coordinates>-121.924,37.492,0</coordinates></Point></Placemark>
    <Placemark><name>Location 717</name><Point><coordinates>-121.914,37.492,0</coordinates></Point></Placemark>
    <Placemark><name>Location 718</name><Point><coordinates>-121.904,37.492,0</coordinates></Point></Placemark>
    <Placemark><name>Location 719</name><Point><coordinates>-121.894,37.492,0</coordinates></Point></Placemark>
    <Placemark><name>Location 720</name><Point><coordinates>-121.884,37.492,0</coordinates></Point></Placemark>
    <Placemark><name>Location 721</name><Point><coordinates>-121.87400000000001,37.492,0</coordinates></Point></Placemark>
    <Placemark><name>Location 722</name><Point><coordinates>-121.864,37.492,0</coordinates></Point></Placemark>
    <Placemark><name>Location 723</name><Point><coordinates>-121.854,37.492,0</coordinates></Point></Placemark>
    <Placemark><name>Location 724</name><Point><coordinates>-121.84400000000001,37.492,0</coordinates></Point></Placemark>
    <Placemark><name>Location 725</name><Point><coordinates>-121.834,37.492,0</coordinates></Point></Placemark>
    <Placemark><name>Location 726</name><Point><coordinates>-121.824,37.492,0</coordinates></Point></Placemark>
    <Placemark><name>Location 727</name><Point><coordinates>-121.81400000000001,37.492,0</coordinates></Point></Placemark>
    <Placemark><name>Location 728</name><Point><coordinates>-121.804,37.492,0</coordinates></Point></Placemark>
    <Placemark><name>Location 729</name><Point><coordinates>-121.794,37.492,0</coordinates></Point></Placemark>
    <Placemark><name>Location 730</name><Point><coordinates>-121.784,37.492,0</coordinates></Point></Placemark>
    <Placemark><name>Location 731</name><Point><coordinates>-121.774,37.492,0</coordinates></Point></Placemark>
    <Placemark><name>Location 732</name><Point><coordinates>-121.76400000000001,37.492,0</coordinates></Point></Placemark>
    <Placemark><name>Location 733</name><Point><coordinates>-121.754,37.492,0</coordinates></Point></Placemark>
    <Placemark><name>Location 734</name><Point><coordinates>-121.744,37.492,0</coordinates></Point></Placemark>
    <Placemark><name>Location 735</name><Point><coordinates>-121.73400000000001,37.492,0</coordinates></Point></Placemark>
    <Placemark><name>Location 736</name><Point><coordinates>-121.724,37.492,0</coordinates></Point></Placemark>
    <Placemark><name>Location 737</name><Point><coordinates>-121.714,37.492,0</coordinates></Point></Placemark>
    <Placemark><name>Location 738</name><Point><coordinates>-121.70400000000001,37.492,0</coordinates></Point></Placemark>
    <Placemark><name>Location 739</name><Point><coordinates>-121.694,37.492,0</coordinates></Point></Placemark>
    <Placemark><name>Location 740</name><Point><coordinates>-121.684,37.492,0</coordinates></Point></Placemark>
    <Placemark><name>Location 741</name><Point><coordinates>-121.674,37.492,0</coordinates></Point></Placemark>
    <Placemark><name>Location 742</name><Point><coordinates>-121.664,37.492,0</coordinates></Point></Placemark>
    <Placemark><name>Location 743</name><Point><coordinates>-121.654,37.492,0</coordinates></Point></Placemark>
    <Placemark><name>Location 744</name><Point><coordinates>-121.644,37.492,0</coordinates></Point></Placemark>
    <Placemark><name>Location 745</name><Point><coordinates>-121.634,37.492,0</coordinates></Point></Placemark>
    <Placemark><name>Location 746</name><Point><coordinates>-121.62400000000001,37.492,0</coordinates></Point></Placemark>
    <Placemark><name>Location 747</name><Point><coordinates>-121.614,37.492,0</coordinates></Point></Placemark>
    <Placemark><name>Location 748</name><Point><coordinates>-121.604,37.492,0</coordinates></Point></Placemark>
    <Placemark><name>Location 749</name><Point><coordinates>-121.59400000000001,37.492,0</coordinates></Point></Placemark>
    <Placemark><name>Location 750</name><Point><coordinates>-121.584,37.492,0</coordinates></Point></Placemark>
    <Placemark><name>Location 751</name><Point><coordinates>-121.574,37.492,0</coordinates></Point></Placemark>
    <Placemark><name>Location 752</name><Point><coordinates>-121.56400000000001,37.492,0</coordinates></Point></Placemark>
    <Placemark><name>Location 753</name><Point><coordinates>-121.554,37.492,0</coordinates></Point></Placemark>
    <Placemark><name>Location 754</name><Point><coordinates>-121.544,37.492,0</coordinates></Point></Placemark>
    <Placemark><name>Location 755</name><Point><coordinates>-121.534,37.492,0</coordinates></Point></Placemark>
    <Placemark><name>Location 756</name><Point><coordinates>-121.524,37.492,0</coordinates></Point></Placemark>
    <Placemark><name>Location 757</name><Point><coordinates>-121.51400000000001,37.492,0</coordinates></Point></Placemark>
    <Placemark><name>Location 758</name><Point><coordinates>-121.504,37.492,0</coordinates></Point></Placemark>
    <Placemark><name>Location 759</name><Point><coordinates>-121.494,37.492,0</coordinates></Point></Placemark>
    <Placemark><name>Location 760</name><Point><coordinates>-121.48400000000001,37.492,0</coordinates></Point></Placemark>
    <Placemark><name>Location 761</name><Point><coordinates>-121.474,37.492,0</coordinates></Point></Placemark>
    <Placemark><name>Location 762</name><Point><coordinates>-121.464,37.492,0</coordinates></Point></Placemark>
    <Placemark><name>Location 763</name><Point><coordinates>-121.45400000000001,37.492,0</coordinates></Point></Placemark>
    <Placemark><name>Location 764</name><Point><coordinates>-121.444,37.492,0</coordinates></Point></Placemark>
    <Placemark><name>Location 765</name><Point><coordinates>-121.434,37.492,0</coordinates></Point></Placemark>
    <Placemark><name>Location 766</name><Point><coordinates>-121.424,37.492,0</coordinates></Point></Placemark>
    <Placemark><name>Location 767</name><Point><coordinates>-121.414,37.492,0</coordinates></Point></Placemark>
    <Placemark><name>Location 768</name><Point><coordinates>-121.404,37.492,0</coordinates></Point></Placemark>
    <Placemark><name>Location 769</name><Point><coordinates>-121.394,37.492,0</coordinates></Point></Placemark>
    <Placemark><name>Location 770</name><Point><coordinates>-121.384,37.492,0</coordinates></Point></Placemark>
    <Placemark><name>Location 771</name><Point><coordinates>-121.37400000000001,37.492,0</coordinates></Point></Placemark>
    <Placemark><name>Location 772</name><Point><coordinates>-121.364,37.492,0</coordinates></Point></Placemark>
    <Placemark><name>Location 773</name><Point><coordinates>-121.354,37.492,0</coordinates></Point></Placemark>
    <Placemark><name>Location 774</name><Point><coordinates>-121.34400000000001,37.492,0</coordinates></Point></Placemark>
    <Placemark><name>Location 775</name><Point><coordinates>-121.334,37.492,0</coordinates></Point></Placemark>
    <Placemark><name>Location 776</name><Point><coordinates>-121.324,37.492,0</coordinates></Point></Placemark>
    <Placemark><name>Location 777</name><Point><coordinates>-121.31400000000001,37.492,0</coordinates></Point></Placemark>
    <Placemark><name>Location 778</name><Point><coordinates>-121.304,37.492,0</coordinates></Point></Placemark>
    <Placemark><name>Location 779</name><Point><coordinates>-121.294,37.492,0</coordinates></Point></Placemark>
    <Placemark><name>Location 780</name><Point><coordinates>-121.284,37.492,0</coordinates></Point></Placemark>
    <Placemark><name>Location 781</name><Point><coordinates>-121.274,37.492,0</coordinates></Point></Placemark>
    <Placemark><name>Location 782</name><Point><coordinates>-121.26400000000001,37.492,0</coordinates></Point></Placemark>
    <Placemark><name>Location 783</name><Point><coordinates>-121.254,37.492,0</coordinates></Point></Placemark>
    <Placemark><name>Location 784</name><Point><coordinates>-121.244,37.492,0</coordinates></Point></Placemark>
    <Placemark><name>Location 785</name><Point><coordinates>-121.23400000000001,37.492,0</coordinates></Point></Placemark>
    <Placemark><name>Location 786</name><Point><coordinates>-121.224,37.492,0</coordinates></Point></Placemark>
    <Placemark><name>Location 787</name><Point><coordinates>-121.214,37.492,0</coordinates></Point></Placemark>
    <Placemark><name>Location 788</name><Point><coordinates>-121.20400000000001,37.492,0</coordinates></Point></Placemark>
    <Placemark><name>Location 789</name><Point><coordinates>-121.194,37.492,0</coordinates></Point></Placemark>
    <Placemark><name>Location 790</name><Point><coordinates>-121.184,37.492,0</coordinates></Point></Placemark>
    <Placemark><name>Location 791</name><Point><coordinates>-121.174,37.492,0</coordinates></Point></Placemark>
    <Placemark><name>Location 792</name><Point><coordinates>-121.164,37.492,0</coordinates></Point></Placemark>
    <Placemark><name>Location 793</name><Point><coordinates>-121.154,37.492,0</coordinates></Point></Placemark>
    <Placemark><name>Location 794</name><Point><coordinates>-121.144,37.492,0</coordinates></Point></Placemark>
    <Placemark><name>Location 795</name><Point><coordinates>-121.134,37.492,0</coordinates></Point></Placemark>
    <Placemark><name>Location 796</name><Point><coordinates>-121.12400000000001,37.492,0</coordinates></Point></Placemark>
    <Placemark><name>Location 797</name><Point><coordinates>-121.114,37.492,0</coordinates></Point></Placemark>
    <Placemark><name>Location 798</name><Point><coordinates>-121.104,37.492,0</coordinates></Point></Placemark>
    <Placemark><name>Location 799</name><Point><coordinates>-121.09400000000001,37.492,0</coordinates></Point></Placemark>
    <Placemark><name>Location 800</name><Point><coordinates>-122.084,37.501999999999995,0</coordinates></Point></Placemark>
    <Placemark><name>Location 801</name><Point><coordinates>-122.074,37.501999999999995,0</coordinates></Point></Placemark>
    <Placemark><name>Location 802</name><Point><coordinates>-122.06400000000001,37.501999999999995,0</coordinates></Point></Placemark>
    <Placemark><name>Location 803</name><Point><coordinates>-122.054,37.501999999999995,0</coordinates></Point></Placemark>
    <Placemark><name>Location 804</name><Point><coordinates>-122.044,37.501999999999995,0</coordinates></Point></Placemark>
    <Placemark><name>Location 805</name><Point><coordinates>-122.034,37.501999999999995,0</coordinates></Point></Placemark>
    <Placemark><name>Location 806</name><Point><coordinates>-122.024,37.501999999999995,0</coordinates></Point></Placemark>
    <Placemark><name>Location 807</name><Point><coordinates>-122.01400000000001,37.501999999999995,0</coordinates></Point></Placemark>
    <Placemark><name>Location 808</name><Point><coordinates>-122.004,37.501999999999995,0</coordinates></Point></Placemark>
    <Placemark><name>Location 809</name><Point><coordinates>-121.994,37.501999999999995,0</coordinates></Point></Placemark>
    <Placemark><name>Location 810</name><Point><coordinates>-121.98400000000001,37.501999999999995,0</coordinates></Point></Placemark>
    <Placemark><name>Location 811</name><Point><coordinates>-121.974,37.501999999999995,0</coordinates></Point></Placemark>
    <Placemark><name>Location 812</name><Point><coordinates>-121.964,37.501999999999995,0</coordinates></Point></Placemark>
    <Placemark><name>Location 813</name><Point><coordinates>-121.95400000000001,37.501999999999995,0</coordinates></Point></Placemark>
    <Placemark><name>Location 814</name><Point><coordinates>-121.944,37.501999999999995,0</coordinates></Point></Placemark>
    <Placemark><name>Location 815</name><Point><coordinates>-121.934,37.501999999999995,0</coordinates></Point></Placemark>
    <Placemark><name>Location 816</name><Point><coordinates>-121.924,37.501999999999995,0</coordinates></Point></Placemark>
    <Placemark><name>Location 817</name><Point><coordinates>-121.914,37.501999999999995,0</coordinates></Point></Placemark>
    <Placemark><name>Location 818</name><Point><coordinates>-121.904,37.501999999999995,0</coordinates></Point></Placemark>
    <Placemark><name>Location 819</name><Point><coordinates>-121.894,37.501999999999995,0</coordinates></Point></Placemark>
    <Placemark><name>Location 820</name><Point><coordinates>-121.884,37.501999999999995,0</coordinates></Point></Placemark>
    <Placemark><name>Location 821</name><Point><coordinates>-121.87400000000001,37.501999999999995,0</coordinates></Point></Placemark>
    <Placemark><name>Location 822</name><Point><coordinates>-121.864,37.501999999999995,0</coordinates></Point></Placemark>
    <Placemark><name>Location 823</name><Point><coordinates>-121.854,37.501999999999995,0</coordinates></Point></Placemark>
    <Placemark><name>Location 824</name><Point><coordinates>-121.84400000000001,37.501999999999995,0</coordinates></Point></Placemark>
    <Placemark><name>Location 825</name><Point><coordinates>-121.834,37.501999999999995,0</coordinates></Point></Placemark>
    <Placemark><name>Location 826</name><Point><coordinates>-121.824,37.501999999999995,0</coordinates></Point></Placemark>
    <Placemark><name>Location 827</name><Point><coordinates>-121.81400000000001,37.501999999999995,0</coordinates></Point></Placemark>
    <Placemark><name>Location 828</name><Point><coordinates>-121.804,37.501999999999995,0</coordinates></Point></Placemark>
    <Placemark><name>Location 829</name><Point><coordinates>-121.794,37.501999999999995,0</coordinates></Point></Placemark>
    <Placemark><name>Location 830</name><Point><coordinates>-121.784,37.501999999999995,0</coordinates></Point></Placemark>
    <Placemark><name>Location 831</name><Point><coordinates>-121.774,37.501999999999995,0</coordinates></Point></Placemark>
    <Placemark><name>Location 832</name><Point><coordinates>-121.76400000000001,37.501999999999995,0</coordinates></Point></Placemark>
    <Placemark><name>Location 833</name><Point><coordinates>-121.754,37.501999999999995,0</coordinates></Point></Placemark>
    <Placemark><name>Location 834</name><Point><coordinates>-121.744,37.501999999999995,0</coordinates></Point></Placemark>
    <Placemark><name>Location 835</name><Point><coordinates>-121.73400000000001,37.501999999999995,0</coordinates></Point></Placemark>
    <Placemark><name>Location 836</name><Point><coordinates>-121.724,37.501999999999995,0</coordinates></Point></Placemark>
    <Placemark><name>Location 837</name><Point><coordinates>-121.714,37.501999999999995,0</coordinates></Point></Placemark>
    <Placemark><name>Location 838</name><Point><coordinates>-121.70400000000001,37.501999999999995,0</coordinates></Point></Placemark>
    <Placemark><name>Location 839</name><Point><coordinates>-121.694,37.501999999999995,0</coordinates></Point></Placemark>
    <Placemark><name>Location 840</name><Point><coordinates>-121.684,37.501999999999995,0</coordinates></Point></Placemark>
    <Placemark><name>Location 841</name><Point><coordinates>-121.674,37.501999999999995,0</coordinates></Point></Placemark>
    <Placemark><name>Location 842</name><Point><coordinates>-121.664,37.501999999999995,0</coordinates></Point></Placemark>
    <Placemark><name>Location 843</name><Point><coordinates>-121.654,37.501999999999995,0</coordinates></Point></Placemark>
    <Placemark><name>Location 844</name><Point><coordinates>-121.644,37.501999999999995,0</coordinates></Point></Placemark>
    <Placemark><name>Location 845</name><Point><coordinates>-121.634,37.501999999999995,0</coordinates></Point></Placemark>
    <Placemark><name>Location 846</name><Point><coordinates>-121.62400000000001,37.501999999999995,0</coordinates></Point></Placemark>
    <Placemark><name>Location 847</name><Point><coordinates>-121.614,37.501999999999995,0</coordinates></Point></Placemark>
    <Placemark><name>Location 848</name><Point><coordinates>-121.604,37.501999999999995,0</coordinates></Point></Placemark>
    <Placemark><name>Location 849</name><Point><coordinates>-121.59400000000001,37.501999999999995,0</coordinates></Point></Placemark>
    <Placemark><name>Location 850</name><Point><coordinates>-121.584,37.501999999999995,0</coordinates></Point></Placemark>
    <Placemark><name>Location 851</name><Point><coordinates>-121.574,37.501999999999995,0</coordinates></Point></Placemark>
    <Placemark><name>Location 852</name><Point><coordinates>-121.56400000000001,37.501999999999995,0</coordinates></Point></Placemark>
    <Placemark><name>Location 853</name><Point><coordinates>-121.554,37.501999999999995,0</coordinates></Point></Placemark>
    <Placemark><name>Location 854</name><Point><coordinates>-121.544,37.501999999999995,0</coordinates></Point></Placemark>
    <Placemark><name>Location 855</name><Point><coordinates>-121.534,37.501999999999995,0</coordinates></Point></Placemark>
    <Placemark><name>Location 856</name><Point><coordinates>-121.524,37.501999999999995,0</coordinates></Point></Placemark>
    <Placemark><name>Location 857</name><Point><coordinates>-121.51400000000001,37.501999999999995,0</coordinates></Point></Placemark>
    <Placemark><name>Location 858</name><Point><coordinates>-121.504,37.501999999999995,0</coordinates></Point></Placemark>
    <Placemark><name>Location 859</name><Point><coordinates>-121.494,37.501999999999995,0</coordinates></Point></Placemark>
    <Placemark><name>Location 860</name><Point><coordinates>-121.48400000000001,37.501999999999995,0</coordinates></Point></Placemark>
    <Placemark><name>Location 861</name><Point><coordinates>-121.474,37.501999999999995,0</coordinates></Point></Placemark>
    <Placemark><name>Location 862</name><Point><coordinates>-121.464,37.501999999999995,0</coordinates></Point></Placemark>
    <Placemark><name>Location 863</name><Point><coordinates>-121.45400000000001,37.501999999999995,0</coordinates></Point></Placemark>
    <Placemark><name>Location 864</name><Point><coordinates>-121.444,37.501999999999995,0</coordinates></Point></Placemark>
    <Placemark><name>Location 865</name><Point><coordinates>-121.434,37.501999999999995,0</coordinates></Point></Placemark>
    <Placemark><name>Location 866</name><Point><coordinates>-121.424,37.501999999999995,0</coordinates></Point></Placemark>
    <Placemark><name>Location 867</name><Point><coordinates>-121.414,37.501999999999995,0</coordinates></Point></Placemark>
    <Placemark><name>Location 868</name><Point><coordinates>-121.404,37.501999999999995,0</coordinates></Point></Placemark>
    <Placemark><name>Location 869</name><Point><coordinates>-121.394,37.501999999999995,0</coordinates></Point></Placemark>
    <Placemark><name>Location 870</name><Point><coordinates>-121.384,37.501999999999995,0</coordinates></Point></Placemark>
    <Placemark><name>Location 871</name><Point><coordinates>-121.37400000000001,37.501999999999995,0</coordinates></Point></Placemark>
    <Placemark><name>Location 872</name><Point><coordinates>-121.364,37.501999999999995,0</coordinates></Point></Placemark>
    <Placemark><name>Location 873</name><Point><coordinates>-121.354,37.501999999999995,0</coordinates></Point></Placemark>
    <Placemark><name>Location 874</name><Point><coordinates>-121.34400000000001,37.501999999999995,0</coordinates></Point></Placemark>
    <Placemark><name>Location 875</name><Point><coordinates>-121.334,37.501999999999995,0</coordinates></Point></Placemark>
    <Placemark><name>Location 876</name><Point><coordinates>-121.324,37.501999999999995,0</coordinates></Point></Placemark>
    <Placemark><name>Location 877</name><Point><coordinates>-121.31400000000001,37.501999999999995,0</coordinates></Point></Placemark>
    <Placemark><name>Location 878</name><Point><coordinates>-121.304,37.501999999999995,0</coordinates></Point></Placemark>
    <Placemark><name>Location 879</name><Point><coordinates>-121.294,37.501999999999995,0</coordinates></Point></Placemark>
    <Placemark><name>Location 880</name><Point><coordinates>-121.284,37.501999999999995,0</coordinates></Point></Placemark>
    <Placemark><name>Location 881</name><Point><coordinates>-121.274,37.501999999999995,0</coordinates></Point></Placemark>
    <Placemark><name>Location 882</name><Point><coordinates>-121.26400000000001,37.501999999999995,0</coordinates></Point></Placemark>
    <Placemark><name>Location 883</name><Point><coordinates>-121.254,37.501999999999995,0</coordinates></Point></Placemark>
    <Placemark><name>Location 884</name><Point><coordinates>-121.244,37.501999999999995,0</coordinates></Point></Placemark>
    <Placemark><name>Location 885</name><Point><coordinates>-121.23400000000001,37.501999999999995,0</coordinates></Point></Placemark>
    <Placemark><name>Location 886</name><Point><coordinates>-121.224,37.501999999999995,0</coordinates></Point></Placemark>
    <Placemark><name>Location 887</name><Point><coordinates>-121.214,37.501999999999995,0</coordinates></Point></Placemark>
    <Placemark><name>Location 888</name><Point><coordinates>-121.20400000000001,37.501999999999995,0</coordinates></Point></Placemark>
    <Placemark><name>Location 889</name><Point><coordinates>-121.194,37.501999999999995,0</coordinates></Point></Placemark>
    <Placemark><name>Location 890</name><Point><coordinates>-121.184,37.501999999999995,0</coordinates></Point></Placemark>
    <Placemark><name>Location 891</name><Point><coordinates>-121.174,37.501999999999995,0</coordinates></Point></Placemark>
    <Placemark><name>Location 892</name><Point><coordinates>-121.164,37.501999999999995,0</coordinates></Point></Placemark>
    <Placemark><name>Location 893</name><Point><coordinates>-121.154,37.501999999999995,0</coordinates></Point></Placemark>
    <Placemark><name>Location 894</name><Point><coordinates>-121.144,37.501999999999995,0</coordinates></Point></Placemark>
    <Placemark><name>Location 895</name><Point><coordinates>-121.134,37.501999999999995,0</coordinates></Point></Placemark>
    <Placemark><name>Location 896</name><Point><coordinates>-121.12400000000001,37.501999999999995,0</coordinates></Point></Placemark>
    <Placemark><name>Location 897</name><Point><coordinates>-121.114,37.501999999999995,0</coordinates></Point></Placemark>
    <Placemark><name>Location 898</name><Point><coordinates>-121.104,37.501999999999995,0</coordinates></Point></Placemark>
    <Placemark><name>Location 899</name><Point><coordinates>-121.09400000000001,37.501999999999995,0</coordinates></Point></Placemark>
    <Placemark><name>Location 900</name><Point><coordinates>-122.084,37.512,0</coordinates></Point></Placemark>
    <Placemark><name>Location 901</name><Point><coordinates>-122.074,37.512,0</coordinates></Point></Placemark>
    <Placemark><name>Location 902</name><Point><coordinates>-122.06400000000001,37.512,0</coordinates></Point></Placemark>
    <Placemark><name>Location 903</name><Point><coordinates>-122.054,37.512,0</coordinates></Point></Placemark>
    <Placemark><name>Location 904</name><Point><coordinates>-122.044,37.512,0</coordinates></Point></Placemark>
    <Placemark><name>Location 905</name><Point><coordinates>-122.034,37.512,0</coordinates></Point></Placemark>
    <Placemark><name>Location 906</name><Point><coordinates>-122.024,37.512,0</coordinates></Point></Placemark>
    <Placemark><name>Location 907</name><Point><coordinates>-122.01400000000001,37.512,0</coordinates></Point></Placemark>
    <Placemark><name>Location 908</name><Point><coordinates>-122.004,37.512,0</coordinates></Point></Placemark>
    <Placemark><name>Location 909</name><Point><coordinates>-121.994,37.512,0</coordinates></Point></Placemark>
    <Placemark><name>Location 910</name><Point><coordinates>-121.98400000000001,37.512,0</coordinates></Point></Placemark>
    <Placemark><name>Location 911</name><Point><coordinates>-121.974,37.512,0</coordinates></Point></Placemark>
    <Placemark><name>Location 912</name><Point><coordinates>-121.964,37.512,0</coordinates></Point></Placemark>
    <Placemark><name>Location 913</name><Point><coordinates>-121.95400000000001,37.512,0</coordinates></Point></Placemark>
    <Placemark><name>Location 914</name><Point><coordinates>-121.944,37.512,0</coordinates></Point></Placemark>
    <Placemark><name>Location 915</name><Point><coordinates>-121.934,37.512,0</coordinates></Point></Placemark>
    <Placemark><name>Location 916</name><Point><coordinates>-121.924,37.512,0</coordinates></Point></Placemark>
    <Placemark><name>Location 917</name><Point><coordinates>-121.914,37.512,0</coordinates></Point></Placemark>
    <Placemark><name>Location 918</name><Point><coordinates>-121.904,37.512,0</coordinates></Point></Placemark>
    <Placemark><name>Location 919</name><Point><coordinates>-121.894,37.512,0</coordinates></Point></Placemark>
    <Placemark><name>Location 920</name><Point><coordinates>-121.884,37.512,0</coordinates></Point></Placemark>
    <Placemark><name>Location 921</name><Point><coordinates>-121.87400000000001,37.512,0</coordinates></Point></Placemark>
    <Placemark><name>Location 922</name><Point><coordinates>-121.864,37.512,0</coordinates></Point></Placemark>
    <Placemark><name>Location 923</name><Point><coordinates>-121.854,37.512,0</coordinates></Point></Placemark>
    <Placemark><name>Location 924</name><Point><coordinates>-121.84400000000001,37.512,0</coordinates></Point></Placemark>
    <Placemark><name>Location 925</name><Point><coordinates>-121.834,37.512,0</coordinates></Point></Placemark>
    <Placemark><name>Location 926</name><Point><coordinates>-121.824,37.512,0</coordinates></Point></Placemark>
    <Placemark><name>Location 927</name><Point><coordinates>-121.81400000000001,37.512,0</coordinates></Point></Placemark>
    <Placemark><name>Location 928</name><Point><coordinates>-121.804,37.512,0</coordinates></Point></Placemark>
    <Placemark><name>Location 929</name><Point><coordinates>-121.794,37.512,0</coordinates></Point></Placemark>
    <Placemark><name>Location 930</name><Point><coordinates>-121.784,37.512,0</coordinates></Point></Placemark>
    <Placemark><name>Location 931</name><Point><coordinates>-121.774,37.512,0</coordinates></Point></Placemark>
    <Placemark><name>Location 932</name><Point><coordinates>-121.76400000000001,37.512,0</coordinates></Point></Placemark>
    <Placemark><name>Location 933</name><Point><coordinates>-121.754,37.512,0</coordinates></Point></Placemark>
    <Placemark><name>Location 934</name><Point><coordinates>-121.744,37.512,0</coordinates></Point></Placemark>
    <Placemark><name>Location 935</name><Point><coordinates>-121.73400000000001,37.512,0</coordinates></Point></Placemark>
    <Placemark><name>Location 936</name><Point><coordinates>-121.724,37.512,0</coordinates></Point></Placemark>
    <Placemark><name>Location 937</name><Point><coordinates>-121.714,37.512,0</coordinates></Point></Placemark>
    <Placemark><name>Location 938</name><Point><coordinates>-121.70400000000001,37.512,0</coordinates></Point></Placemark>
    <Placemark><name>Location 939</name><Point><coordinates>-121.694,37.512,0</coordinates></Point></Placemark>
    <Placemark><name>Location 940</name><Point><coordinates>-121.684,37.512,0</coordinates></Point></Placemark>
    <Placemark><name>Location 941</name><Point><coordinates>-121.674,37.512,0</coordinates></Point></Placemark>
    <Placemark><name>Location 942</name><Point><coordinates>-121.664,37.512,0</coordinates></Point></Placemark>
    <Placemark><name>Location 943</name><Point><coordinates>-121.654,37.512,0</coordinates></Point></Placemark>
    <Placemark><name>Location 944</name><Point><coordinates>-121.644,37.512,0</coordinates></Point></Placemark>
    <Placemark><name>Location 945</name><Point><coordinates>-121.634,37.512,0</coordinates></Point></Placemark>
    <Placemark><name>Location 946</name><Point><coordinates>-121.62400000000001,37.512,0</coordinates></Point></Placemark>
    <Placemark><name>Location 947</name><Point><coordinates>-121.614,37.512,0</coordinates></Point></Placemark>
    <Placemark><name>Location 948</name><Point><coordinates>-121.604,37.512,0</coordinates></Point></Placemark>
    <Placemark><name>Location 949</name><Point><coordinates>-121.59400000000001,37.512,0</coordinates></Point></Placemark>
    <Placemark><name>Location 950</name><Point><coordinates>-121.584,37.512,0</coordinates></Point></Placemark>
    <Placemark><name>Location 951</name><Point><coordinates>-121.574,37.512,0</coordinates></Point></Placemark>
    <Placemark><name>Location 952</name><Point><coordinates>-121.56400000000001,37.512,0</coordinates></Point></Placemark>
    <Placemark><name>Location 953</name><Point><coordinates>-121.554,37.512,0</coordinates></Point></Placemark>
    <Placemark><name>Location 954</name><Point><coordinates>-121.544,37.512,0</coordinates></Point></Placemark>
    <Placemark><name>Location 955</name><Point><coordinates>-121.534,37.512,0</coordinates></Point></Placemark>
    <Placemark><name>Location 956</name><Point><coordinates>-121.524,37.512,0</coordinates></Point></Placemark>
    <Placemark><name>Location 957</name><Point><coordinates>-121.51400000000001,37.512,0</coordinates></Point></Placemark>
    <Placemark><name>Location 958</name><Point><coordinates>-121.504,37.512,0</coordinates></Point></Placemark>
    <Placemark><name>Location 959</name><Point><coordinates>-121.494,37.512,0</coordinates></Point></Placemark>
    <Placemark><name>Location 960</name><Point><coordinates>-121.48400000000001,37.512,0</coordinates></Point></Placemark>
    <Placemark><name>Location 961</name><Point><coordinates>-121.474,37.512,0</coordinates></Point></Placemark>
    <Placemark><name>Location 962</name><Point><coordinates>-121.464,37.512,0</coordinates></Point></Placemark>
    <Placemark><name>Location 963</name><Point><coordinates>-121.45400000000001,37.512,0</coordinates></Point></Placemark>
    <Placemark><name>Location 964</name><Point><coordinates>-121.444,37.512,0</coordinates></Point></Placemark>
    <Placemark><name>Location 965</name><Point><coordinates>-121.434,37.512,0</coordinates></Point></Placemark>
    <Placemark><name>Location 966</name><Point><coordinates>-121.424,37.512,0</coordinates></Point></Placemark>
    <Placemark><name>Location 967</name><Point><coordinates>-121.414,37.512,0</coordinates></Point></Placemark>
    <Placemark><name>Location 968</name><Point><coordinates>-121.404,37.512,0</coordinates></Point></Placemark>
    <Placemark><name>Location 969</name><Point><coordinates>-121.394,37.512,0</coordinates></Point></Placemark>
    <Placemark><name>Location 970</name><Point><coordinates>-121.384,37.512,0</coordinates></Point></Placemark>
    <Placemark><name>Location 971</name><Point><coordinates>-121.37400000000001,37.512,0</coordinates></Point></Placemark>
    <Placemark><name>Location 972</name><Point><coordinates>-121.364,37.512,0</coordinates></Point></Placemark>
    <Placemark><name>Location 973</name><Point><coordinates>-121.354,37.512,0</coordinates></Point></Placemark>
    <Placemark><name>Location 974</name><Point><coordinates>-121.34400000000001,37.512,0</coordinates></Point></Placemark>
    <Placemark><name>Location 975</name><Point><coordinates>-121.334,37.512,0</coordinates></Point></Placemark>
    <Placemark><name>Location 976</name><Point><coordinates>-121.324,37.512,0</coordinates></Point></Placemark>
    <Placemark><name>Location 977</name><Point><coordinates>-121.31400000000001,37.512,0</coordinates></Point></Placemark>
    <Placemark><name>Location 978</name><Point><coordinates>-121.304,37.512,0</coordinates></Point></Placemark>
    <Placemark><name>Location 979</name><Point><coordinates>-121.294,37.512,0</coordinates></Point></Placemark>
    <Placemark><name>Location 980</name><Point><coordinates>-121.284,37.512,0</coordinates></Point></Placemark>
    <Placemark><name>Location 981</name><Point><coordinates>-121.274,37.512,0</coordinates></Point></Placemark>
    <Placemark><name>Location 982</name><Point><coordinates>-121.26400000000001,37.512,0</coordinates></Point></Placemark>
    <Placemark><name>Location 983</name><Point><coordinates>-121.254,37.512,0</coordinates></Point></Placemark>
    <Placemark><name>Location 984</name><Point><coordinates>-121.244,37.512,0</coordinates></Point></Placemark>
    <Placemark><name>Location 985</name><Point><coordinates>-121.23400000000001,37.512,0</coordinates></Point></Placemark>
    <Placemark><name>Location 986</name><Point><coordinates>-121.224,37.512,0</coordinates></Point></Placemark>
    <Placemark><name>Location 987</name><Point><coordinates>-121.214,37.512,0</coordinates></Point></Placemark>
    <Placemark><name>Location 988</name><Point><coordinates>-121.20400000000001,37.512,0</coordinates></Point></Placemark>
    <Placemark><name>Location 989</name><Point><coordinates>-121.194,37.512,0</coordinates></Point></Placemark>
    <Placemark><name>Location 990</name><Point><coordinates>-121.184,37.512,0</coordinates></Point></Placemark>
    <Placemark><name>Location 991</name><Point><coordinates>-121.174,37.512,0</coordinates></Point></Placemark>
    <Placemark><name>Location 992</name><Point><coordinates>-121.164,37.512,0</coordinates></Point></Placemark>
    <Placemark><name>Location 993</name><Point><coordinates>-121.154,37.512,0</coordinates></Point></Placemark>
    <Placemark><name>Location 994</name><Point><coordinates>-121.144,37.512,0</coordinates></Point></Placemark>
    <Placemark><name>Location 995</name><Point><coordinates>-121.134,37.512,0</coordinates></Point></Placemark>
    <Placemark><name>Location 996</name><Point><coordinates>-121.12400000000001,37.512,0</coordinates></Point></Placemark>
    <Placemark><name>Location 997</name><Point><coordinates>-121.114,37.512,0</coordinates></Point></Placemark>
    <Placemark><name>Location 998</name><Point><coordinates>-121.104,37.512,0</coordinates></Point></Placemark>
    <Placemark><name>Location 999</name><Point><coordinates>-121.09400000000001,37.512,0</coordinates></Point></Placemark>
    <Placemark><name>Location 1000</name><Point><coordinates>-122.084,37.522,0</coordinates></Point></Placemark>
    <Placemark><name>Location 1001</name><Point><coordinates>-122.074,37.522,0</coordinates></Point></Placemark>
    <Placemark><name>Location 1002</name><Point><coordinates>-122.06400000000001,37.522,0</coordinates></Point></Placemark>
    <Placemark><name>Location 1003</name><Point><coordinates>-122.054,37.522,0</coordinates></Point></Placemark>
    <Placemark><name>Location 1004</name><Point><coordinates>-122.044,37.522,0</coordinates></Point></Placemark>
    <Placemark><name>Location 1005</name><Point><coordinates>-122.034,37.522,0</coordinates></Point></Placemark>
    <Placemark><name>Location 1006</name><Point><coordinates>-122.024,37.522,0</coordinates></Point></Placemark>
    <Placemark><name>Location 1007</name><Point><coordinates>-122.01400000000001,37.522,0</coordinates></Point></Placemark>
    <Placemark><name>Location 1008</name><Point><coordinates>-122.004,37.522,0</coordinates></Point></Placemark>
    <Placemark><name>Location 1009</name><Point><coordinates>-121.994,37.522,0</coordinates></Point></Placemark>
    <Placemark><name>Location 1010</name><Point><coordinates>-121.98400000000001,37.522,0</coordinates></Point></Placemark>
    <Placemark><name>Location 1011</name><Point><coordinates>-121.974,37.522,0</coordinates></Point></Placemark>
    <Placemark><name>Location 1012</name><Point><coordinates>-121.964,37.522,0</coordinates></Point></Placemark>
    <Placemark><name>Location 1013</name><Point><coordinates>-121.95400000000001,37.522,0</coordinates></Point></Placemark>
    <Placemark><name>Location 1014</name><Point><coordinates>-121.944,37.522,0</coordinates></Point></Placemark>
    <Placemark><name>Location 1015</name><Point><coordinates>-121.934,37.522,0</coordinates></Point></Placemark>
    <Placemark><name>Location 1016</name><Point><coordinates>-121.924,37.522,0</coordinates></Point></Placemark>
    <Placemark><name>Location 1017</name><Point><coordinates>-121.914,37.522,0</coordinates></Point></Placemark>
    <Placemark><name>Location 1018</name><Point><coordinates>-121.904,37.522,0</coordinates></Point></Placemark>
    <Placemark><name>Location 1019</name><Point><coordinates>-121.894,37.522,0</coordinates></Point></Placemark>
    <Placemark><name>Location 1020</name><Point><coordinates>-121.884,37.522,0</coordinates></Point></Placemark>
    <Placemark><name>Location 1021</name><Point><coordinates>-121.87400000000001,37.522,0</coordinates></Point></Placemark>
    <Placemark><name>Location 1022</name><Point><coordinates>-121.864,37.522,0</coordinates></Point></Placemark>
    <Placemark><name>Location 1023</name><Point><coordinates>-121.854,37.522,0</coordinates></Point></Placemark>
    <Placemark><name>Location 1024</name><Point><coordinates>-121.84400000000001,37.522,0</coordinates></Point></Placemark>
    <Placemark><name>Location 1025</name><Point><coordinates>-121.834,37.522,0</coordinates></Point></Placemark>
    <Placemark><name>Location 1026</name><Point><coordinates>-121.824,37.522,0</coordinates></Point></Placemark>
    <Placemark><name>Location 1027</name><Point><coordinates>-121.81400000000001,37.522,0</coordinates></Point></Placemark>
    <Placemark><name>Location 1028</name><Point><coordinates>-121.804,37.522,0</coordinates></Point></Placemark>
    <Placemark><name>Location 1029</name><Point><coordinates>-121.794,37.522,0</coordinates></Point></Placemark>
    <Placemark><name>Location 1030</name><Point><coordinates>-121.784,37.522,0</coordinates></Point></Placemark>
    <Placemark><name>Location 1031</name><Point><coordinates>-121.774,37.522,0</coordinates></Point></Placemark>
    <Placemark><name>Location 1032</name><Point><coordinates>-121.76400000000001,37.522,0</coordinates></Point></Placemark>
    <Placemark><name>Location 1033</name><Point><coordinates>-121.754,37.522,0</coordinates></Point></Placemark>
    <Placemark><name>Location 1034</name><Point><coordinates>-121.744,37.522,0</coordinates></Point></Placemark>
    <Placemark><name>Location 1035</name><Point><coordinates>-121.73400000000001,37.522,0</coordinates></Point></Placemark>
    <Placemark><name>Location 1036</name><Point><coordinates>-121.724,37.522,0</coordinates></Point></Placemark>
    <Placemark><name>Location 1037</name><Point><coordinates>-121.714,37.522,0</coordinates></Point></Placemark>
    <Placemark><name>Location 1038</name><Point><coordinates>-121.70400000000001,37.522,0</coordinates></Point></Placemark>
    <Placemark><name>Location 1039</name><Point><coordinates>-121.694,37.522,0</coordinates></Point></Placemark>
    <Placemark><name>Location 1040</name><Point><coordinates>-121.684,37.522,0</coordinates></Point></Placemark>
    <Placemark><name>Location 1041</name><Point><coordinates>-121.674,37.522,0</coordinates></Point></Placemark>
    <Placemark><name>Location 1042</name><Point><coordinates>-121.664,37.522,0</coordinates></Point></Placemark>
    <Placemark><name>Location 1043</name><Point><coordinates>-121.654,37.522,0</coordinates></Point></Placemark>
    <Placemark><name>Location 1044</name><Point><coordinates>-121.644,37.522,0</coordinates></Point></Placemark>
    <Placemark><name>Location 1045</name><Point><coordinates>-121.634,37.522,0</coordinates></Point></Placemark>
    <Placemark><name>Location 1046</name><Point><coordinates>-121.62400000000001,37.522,0</coordinates></Point></Placemark>
    <Placemark><name>Location 1047</name><Point><coordinates>-121.614,37.522,0</coordinates></Point></Placemark>
    <Placemark><name>Location 1048</name><Point><coordinates>-121.604,37.522,0</coordinates></Point></Placemark>
    <Placemark><name>Location 1049</name><Point><coordinates>-121.59400000000001,37.522,0</coordinates></Point></Placemark>
    <Placemark><name>Location 1050</name><Point><coordinates>-121.584,37.522,0</coordinates></Point></Placemark>
    <Placemark><name>Location 1051</name><Point><coordinates>-121.574,37.522,0</coordinates></Point></Placemark>
    <Placemark><name>Location 1052</name><Point><coordinates>-121.56400000000001,37.522,0</coordinates></Point></Placemark>
    <Placemark><name>Location 1053</name><Point><coordinates>-121.554,37.522,0</coordinates></Point></Placemark>
    <Placemark><name>Location 1054</name><Point><coordinates>-121.544,37.522,0</coordinates></Point></Placemark>
    <Placemark><name>Location 1055</name><Point><coordinates>-121.534,37.522,0</coordinates></Point></Placemark>
    <Placemark><name>Location 1056</name><Point><coordinates>-121.524,37.522,0</coordinates></Point></Placemark>
    <Placemark><name>Location 1057</name><Point><coordinates>-121.51400000000001,37.522,0</coordinates></Point></Placemark>
    <Placemark><name>Location 1058</name><Point><coordinates>-121.504,37.522,0</coordinates></Point></Placemark>
    <Placemark><name>Location 1059</name><Point><coordinates>-121.494,37.522,0</coordinates></Point></Placemark>
    <Placemark><name>Location 1060</name><Point><coordinates>-121.48400000000001,37.522,0</coordinates></Point></Placemark>
    <Placemark><name>Location 1061</name><Point><coordinates>-121.474,37.522,0</coordinates></Point></Placemark>
    <Placemark><name>Location 1062</name><Point><coordinates>-121.464,37.522,0</coordinates></Point></Placemark>
    <Placemark><name>Location 1063</name><Point><coordinates>-121.45400000000001,37.522,0</coordinates></Point></Placemark>
    <Placemark><name>Location 1064</name><Point><coordinates>-121.444,37.522,0</coordinates></Point></Placemark>
    <Placemark><name>Location 1065</name><Point><coordinates>-121.434,37.522,0</coordinates></Point></Placemark>
    <Placemark><name>Location 1066</name><Point><coordinates>-121.424,37.522,0</coordinates></Point></Placemark>
    <Placemark><name>Location 1067</name><Point><coordinates>-121.414,37.522,0</coordinates></Point></Placemark>
    <Placemark><name>Location 1068</name><Point><coordinates>-121.404,37.522,0</coordinates></Point></Placemark>
    <Placemark><name>Location 1069</name><Point><coordinates>-121.394,37.522,0</coordinates></Point></Placemark>
    <Placemark><name>Location 1070</name><Point><coordinates>-121.384,37.522,0</coordinates></Point></Placemark>
    <Placemark><name>Location 1071</name><Point><coordinates>-121.37400000000001,37.522,0</coordinates></Point></Placemark>
    <Placemark><name>Location 1072</name><Point><coordinates>-121.364,37.522,0</coordinates></Point></Placemark>
    <Placemark><name>Location 1073</name><Point><coordinates>-121.354,37.522,0</coordinates></Point></Placemark>
    <Placemark><name>Location 1074</name><Point><coordinates>-121.34400000000001,37.522,0</coordinates></Point></Placemark>
    <Placemark><name>Location 1075</name><Point><coordinates>-121.334,37.522,0</coordinates></Point></Placemark>
    <Placemark><name>Location 1076</name><Point><coordinates>-121.324,37.522,0</coordinates></Point></Placemark>
    <Placemark><name>Location 1077</name><Point><coordinates>-121.31400000000001,37.522,0</coordinates></Point></Placemark>
    <Placemark><name>Location 1078</name><Point><coordinates>-121.304,37.522,0</coordinates></Point></Placemark>
    <Placemark><name>Location 1079</name><Point><coordinates>-121.294,37.522,0</coordinates></Point></Placemark>
    <Placemark><name>Location 1080</name><Point><coordinates>-121.284,37.522,0</coordinates></Point></Placemark>
    <Placemark><name>Location 1081</name><Point><coordinates>-121.274,37.522,0</coordinates></Point></Placemark>
    <Placemark><name>Location 1082</name><Point><coordinates>-121.26400000000001,37.522,0</coordinates></Point></Placemark>
    <Placemark><name>Location 1083</name><Point><coordinates>-121.254,37.522,0</coordinates></Point></Placemark>
    <Placemark><name>Location 1084</name><Point><coordinates>-121.244,37.522,0</coordinates></Point></Placemark>
    <Placemark><name>Location 1085</name><Point><coordinates>-121.23400000000001,37.522,0</coordinates></Point></Placemark>
    <Placemark><name>Location 1086</name><Point><coordinates>-121.224,37.522,0</coordinates></Point></Placemark>
    <Placemark><name>Location 1087</name><Point><coordinates>-121.214,37.522,0</coordinates></Point></Placemark>
    <Placemark><name>Location 1088</name><Point><coordinates>-121.20400000000001,37.522,0</coordinates></Point></Placemark>
    <Placemark><name>Location 1089</name><Point><coordinates>-121.194,37.522,0</coordinates></Point></Placemark>
    <Placemark><name>Location 1090</name><Point><coordinates>-121.184,37.522,0</coordinates></Point></Placemark>
    <Placemark><name>Location 1091</name><Point><coordinates>-121.174,37.522,0</coordinates></Point></Placemark>
    <Placemark><name>Location 1092</name><Point><coordinates>-121.164,37.522,0</coordinates></Point></Placemark>
    <Placemark><name>Location 1093</name><Point><coordinates>-121.154,37.522,0</coordinates></Point></Placemark>
    <Placemark><name>Location 1094</name><Point><coordinates>-121.144,37.522,0</coordinates></Point></Placemark>
    <Placemark><name>Location 1095</name><Point><coordinates>-121.134,37.522,0</coordinates></Point></Placemark>
    <Placemark><name>Location 1096</name><Point><coordinates>-121.12400000000001,37.522,0</coordinates></Point></Placemark>
    <Placemark><name>Location 1097</name><Point><coordinates>-121.114,37.522,0</coordinates></Point></Placemark>
    <Placemark><name>Location 1098</name><Point><coordinates>-121.104,37.522,0</coordinates></Point></Placemark>
    <Placemark><name>Location 1099</name><Point><coordinates>-121.09400000000001,37.522,0</coordinates></Point></Placemark>
    <Placemark><name>Location 1100</name><Point><coordinates>-122.084,37.532,0</coordinates></Point></Placemark>
    <Placemark><name>Location 1101</name><Point><coordinates>-122.074,37.532,0</coordinates></Point></Placemark>
    <Placemark><name>Location 1102</name><Point><coordinates>-122.06400000000001,37.532,0</coordinates></Point></Placemark>
    <Placemark><name>Location 1103</name><Point><coordinates>-122.054,37.532,0</coordinates></Point></Placemark>
    <Placemark><name>Location 1104</name><Point><coordinates>-122.044,37.532,0</coordinates></Point></Placemark>
    <Placemark><name>Location 1105</name><Point><coordinates>-122.034,37.532,0</coordinates></Point></Placemark>
    <Placemark><name>Location 1106</name><Point><coordinates>-122.024,37.532,0</coordinates></Point></Placemark>
    <Placemark><name>Location 1107</name><Point><coordinates>-122.01400000000001,37.532,0</coordinates></Point></Placemark>
    <Placemark><name>Location 1108</name><Point><coordinates>-122.004,37.532,0</coordinates></Point></Placemark>
    <Placemark><name>Location 1109</name><Point><coordinates>-121.994,37.532,0</coordinates></Point></Placemark>
    <Placemark><name>Location 1110</name><Point><coordinates>-121.98400000000001,37.532,0</coordinates></Point></Placemark>
    <Placemark><name>Location 1111</name><Point><coordinates>-121.974,37.532,0</coordinates></Point></Placemark>
    <Placemark><name>Location 1112</name><Point><coordinates>-121.964,37.532,0</coordinates></Point></Placemark>
    <Placemark><name>Location 1113</name><Point><coordinates>-121.95400000000001,37.532,0</coordinates></Point></Placemark>
    <Placemark><name>Location 1114</name><Point><coordinates>-121.944,37.532,0</coordinates></Point></Placemark>
    <Placemark><name>Location 1115</name><Point><coordinates>-121.934,37.532,0</coordinates></Point></Placemark>
    <Placemark><name>Location 1116</name><Point><coordinates>-121.924,37.532,0</coordinates></Point></Placemark>
    <Placemark><name>Location 1117</name><Point><coordinates>-121.914,37.532,0</coordinates></Point></Placemark>
    <Placemark><name>Location 1118</name><Point><coordinates>-121.904,37.532,0</coordinates></Point></Placemark>
    <Placemark><name>Location 1119</name><Point><coordinates>-121.894,37.532,0</coordinates></Point></Placemark>
    <Placemark><name>Location 1120</name><Point><coordinates>-121.884,37.532,0</coordinates></Point></Placemark>
    <Placemark><name>Location 1121</name><Point><coordinates>-121.87400000000001,37.532,0</coordinates></Point></Placemark>
    <Placemark><name>Location 1122</name><Point><coordinates>-121.864,37.532,0</coordinates></Point></Placemark>
    <Placemark><name>Location 1123</name><Point><coordinates>-121.854,37.532,0</coordinates></Point></Placemark>
    <Placemark><name>Location 1124</name><Point><coordinates>-121.84400000000001,37.532,0</coordinates></Point></Placemark>
    <Placemark><name>Location 1125</name><Point><coordinates>-121.834,37.532,0</coordinates></Point></Placemark>
    <Placemark><name>Location 1126</name><Point><coordinates>-121.824,37.532,0</coordinates></Point></Placemark>
    <Placemark><name>Location 1127</name><Point><coordinates>-121.81400000000001,37.532,0</coordinates></Point></Placemark>
    <Placemark><name>Location 1128</name><Point><coordinates>-121.804,37.532,0</coordinates></Point></Placemark>
    <Placemark><name>Location 1129</name><Point><coordinates>-121.794,37.532,0</coordinates></Point></Placemark>
    <Placemark><name>Location 1130</name><Point><coordinates>-121.784,37.532,0</coordinates></Point></Placemark>
    <Placemark><name>Location 1131</name><Point><coordinates>-121.774,37.532,0</coordinates></Point></Placemark>
    <Placemark><name>Location 1132</name><Point><coordinates>-121.76400000000001,37.532,0</coordinates></Point></Placemark>
    <Placemark><name>Location 1133</name><Point><coordinates>-121.754,37.532,0</coordinates></Point></Placemark>
    <Placemark><name>Location 1134</name><Point><coordinates>-121.744,37.532,0</coordinates></Point></Placemark>
    <Placemark><name>Location 1135</name><Point><coordinates>-121.73400000000001,37.532,0</coordinates></Point></Placemark>
    <Placemark><name>Location 1136</name><Point><coordinates>-121.724,37.532,0</coordinates></Point></Placemark>
    <Placemark><name>Location 1137</name><Point><coordinates>-121.714,37.532,0</coordinates></Point></Placemark>
    <Placemark><name>Location 1138</name><Point><coordinates>-121.70400000000001,37.532,0</coordinates></Point></Placemark>
    <Placemark><name>Location 1139</name><Point><coordinates>-121.694,37.532,0</coordinates></Point></Placemark>
    <Placemark><name>Location 1140</name><Point><coordinates>-121.684,37.532,0</coordinates></Point></Placemark>
    <Placemark><name>Location 1141</name><Point><coordinates>-121.674,37.532,0</coordinates></Point></Placemark>
    <Placemark><name>Location 1142</name><Point><coordinates>-121.664,37.532,0</coordinates></Point></Placemark>
    <Placemark><name>Location 1143</name><Point><coordinates>-121.654,37.532,0</coordinates></Point></Placemark>
    <Placemark><name>Location 1144</name><Point><coordinates>-121.644,37.532,0</coordinates></Point></Placemark>
    <Placemark><name>Location 1145</name><Point><coordinates>-121.634,37.532,0</coordinates></Point></Placemark>
    <Placemark><name>Location 1146</name><Point><coordinates>-121.62400000000001,37.532,0</coordinates></Point></Placemark>
    <Placemark><name>Location 1147</name><Point><coordinates>-121.614,37.532,0</coordinates></Point></Placemark>
    <Placemark><name>Location 1148</name><Point><coordinates>-121.604,37.532,0</coordinates></Point></Placemark>
    <Placemark><name>Location 1149</name><Point><coordinates>-121.59400000000001,37.532,0</coordinates></Point></Placemark>
    <Placemark><name>Location 1150</name><Point><coordinates>-121.584,37.532,0</coordinates></Point></Placemark>
    <Placemark><name>Location 1151</name><Point><coordinates>-121.574,37.532,0</coordinates></Point></Placemark>
    <Placemark><name>Location 1152</name><Point><coordinates>-121.56400000000001,37.532,0</coordinates></Point></Placemark>
    <Placemark><name>Location 1153</name><Point><coordinates>-121.554,37.532,0</coordinates></Point></Placemark>
    <Placemark><name>Location 1154</name><Point><coordinates>-121.544,37.532,0</coordinates></Point></Placemark>
    <Placemark><name>Location 1155</name><Point><coordinates>-121.534,37.532,0</coordinates></Point></Placemark>
    <Placemark><name>Location 1156</name><Point><coordinates>-121.524,37.532,0</coordinates></Point></Placemark>
    <Placemark><name>Location 1157</name><Point><coordinates>-121.51400000000001,37.532,0</coordinates></Point></Placemark>
    <Placemark><name>Location 1158</name><Point><coordinates>-121.504,37.532,0</coordinates></Point></Placemark>
    <Placemark><name>Location 1159</name><Point><coordinates>-121.494,37.532,0</coordinates></Point></Placemark>
    <Placemark><name>Location 1160</name><Point><coordinates>-121.48400000000001,37.532,0</coordinates></Point></Placemark>
    <Placemark><name>Location 1161</name><Point><coordinates>-121.474,37.532,0</coordinates></Point></Placemark>
    <Placemark><name>Location 1162</name><Point><coordinates>-121.464,37.532,0</coordinates></Point></Placemark>
    <Placemark><name>Location 1163</name><Point><coordinates>-121.45400000000001,37.532,0</coordinates></Point></Placemark>
    <Placemark><name>Location 1164</name><Point><coordinates>-121.444,37.532,0</coordinates></Point></Placemark>
    <Placemark><name>Location 1165</name><Point><coordinates>-121.434,37.532,0</coordinates></Point></Placemark>
    <Placemark><name>Location 1166</name><Point><coordinates>-121.424,37.532,0</coordinates></Point></Placemark>
    <Placemark><name>Location 1167</name><Point><coordinates>-121.414,37.532,0</coordinates></Point></Placemark>
    <Placemark><name>Location 1168</name><Point><coordinates>-121.404,37.532,0</coordinates></Point></Placemark>
    <Placemark><name>Location 1169</name><Point><coordinates>-121.394,37.532,0</coordinates></Point></Placemark>
    <Placemark><name>Location 1170</name><Point><coordinates>-121.384,37.532,0</coordinates></Point></Placemark>
    <Placemark><name>Location 1171</name><Point><coordinates>-121.37400000000001,37.532,0</coordinates></Point></Placemark>
    <Placemark><name>Location 1172</name><Point><coordinates>-121.364,37.532,0</coordinates></Point></Placemark>
    <Placemark><name>Location 1173</name><Point><coordinates>-121.354,37.532,0</coordinates></Point></Placemark>
    <Placemark><name>Location 1174</name><Point><coordinates>-121.34400000000001,37.532,0</coordinates></Point></Placemark>
    <Placemark><name>Location 1175</name><Point><coordinates>-121.334,37.532,0</coordinates></Point></Placemark>
    <Placemark><name>Location 1176</name><Point><coordinates>-121.324,37.532,0</coordinates></Point></Placemark>
    <Placemark><name>Location 1177</name><Point><coordinates>-121.31400000000001,37.532,0</coordinates></Point></Placemark>
    <Placemark><name>Location 1178</name><Point><coordinates>-121.304,37.532,0</coordinates></Point></Placemark>
    <Placemark><name>Location 1179</name><Point><coordinates>-121.294,37.532,0</coordinates></Point></Placemark>
    <Placemark><name>Location 1180</name><Point><coordinates>-121.284,37.532,0</coordinates></Point></Placemark>
    <Placemark><name>Location 1181</name><Point><coordinates>-121.274,37.532,0</coordinates></Point></Placemark>
    <Placemark><name>Location 1182</name><Point><coordinates>-121.26400000000001,37.532,0</coordinates></Point></Placemark>
    <Placemark><name>Location 1183</name><Point><coordinates>-121.254,37.532,0</coordinates></Point></Placemark>
    <Placemark><name>Location 1184</name><Point><coordinates>-121.244,37.532,0</coordinates></Point></Placemark>
    <Placemark><name>Location 1185</name><Point><coordinates>-121.23400000000001,37.532,0</coordinates></Point></Placemark>
    <Placemark><name>Location 1186</name><Point><coordinates>-121.224,37.532,0</coordinates></Point></Placemark>
    <Placemark><name>Location 1187</name><Point><coordinates>-121.214,37.532,0</coordinates></Point></Placemark>
    <Placemark><name>Location 1188</name><Point><coordinates>-121.20400000000001,37.532,0</coordinates></Point></Placemark>
    <Placemark><name>Location 1189</name><Point><coordinates>-121.194,37.532,0</coordinates></Point></Placemark>
    <Placemark><name>Location 1190</name><Point><coordinates>-121.184,37.532,0</coordinates></Point></Placemark>
    <Placemark><name>Location 1191</name><Point><coordinates>-121.174,37.532,0</coordinates></Point></Placemark>
    <Placemark><name>Location 1192</name><Point><coordinates>-121.164,37.532,0</coordinates></Point></Placemark>
    <Placemark><name>Location 1193</name><Point><coordinates>-121.154,37.532,0</coordinates></Point></Placemark>
    <Placemark><name>Location 1194</name><Point><coordinates>-121.144,37.532,0</coordinates></Point></Placemark>
    <Placemark><name>Location 1195</name><Point><coordinates>-121.134,37.532,0</coordinates></Point></Placemark>
    <Placemark><name>Location 1196</name><Point><coordinates>-121.12400000000001,37.532,0</coordinates></Point></Placemark>
    <Placemark><name>Location 1197</name><Point><coordinates>-121.114,37.532,0</coordinates></Point></Placemark>
    <Placemark><name>Location 1198</name><Point><coordinates>-121.104,37.532,0</coordinates></Point></Placemark>
    <Placemark><name>Location 1199</name><Point><coordinates>-121.09400000000001,37.532,0</coordinates></Point></Placemark>
    <Placemark><name>Location 1200</name><Point><coordinates>-122.084,37.541999999999994,0</coordinates></Point></Placemark>
    <Placemark><name>Location 1201</name><Point><coordinates>-122.074,37.541999999999994,0</coordinates></Point></Placemark>
    <Placemark><name>Location 1202</name><Point><coordinates>-122.06400000000001,37.541999999999994,0</coordinates></Point></Placemark>
    <Placemark><name>Location 1203</name><Point><coordinates>-122.054,37.541999999999994,0</coordinates></Point></Placemark>
    <Placemark><name>Location 1204</name><Point><coordinates>-122.044,37.541999999999994,0</coordinates></Point></Placemark>
    <Placemark><name>Location 1205</name><Point><coordinates>-122.034,37.541999999999994,0</coordinates></Point></Placemark>
    <Placemark><name>Location 1206</name><Point><coordinates>-122.024,37.541999999999994,0</coordinates></Point></Placemark>
    <Placemark><name>Location 1207</name><Point><coordinates>-122.01400000000001,37.541999999999994,0</coordinates></Point></Placemark>
    <Placemark><name>Location 1208</name><Point><coordinates>-122.004,37.541999999999994,0</coordinates></Point></Placemark>
    <Placemark><name>Location 1209</name><Point><coordinates>-121.994,37.541999999999994,0</coordinates></Point></Placemark>
    <Placemark><name>Location 1210</name><Point><coordinates>-121.98400000000001,37.541999999999994,0</coordinates></Point></Placemark>
    <Placemark><name>Location 1211</name><Point><coordinates>-121.974,37.541999999999994,0</coordinates></Point></Placemark>
    <Placemark><name>Location 1212</name><Point><coordinates>-121.964,37.541999999999994,0</coordinates></Point></Placemark>
    <Placemark><name>Location 1213</name><Point><coordinates>-121.95400000000001,37.541999999999994,0</coordinates></Point></Placemark>
    <Placemark><name>Location 1214</name><Point><coordinates>-121.944,37.541999999999994,0</coordinates></Point></Placemark>
    <Placemark><name>Location 1215</name><Point><coordinates>-121.934,37.541999999999994,0</coordinates></Point></Placemark>
    <Placemark><name>Location 1216</name><Point><coordinates>-121.924,37.541999999999994,0</coordinates></Point></Placemark>
    <Placemark><name>Location 1217</name><Point><coordinates>-121.914,37.541999999999994,0</coordinates></Point></Placemark>
    <Placemark><name>Location 1218</name><Point><coordinates>-121.904,37.541999999999994,0</coordinates></Point></Placemark>
    <Placemark><name>Location 1219</name><Point><coordinates>-121.894,37.541999999999994,0</coordinates></Point></Placemark>
    <Placemark><name>Location 1220</name><Point><coordinates>-121.884,37.541999999999994,0</coordinates></Point></Placemark>
    <Placemark><name>Location 1221</name><Point><coordinates>-121.87400000000001,37.541999999999994,0</coordinates></Point></Placemark>
    <Placemark><name>Location 1222</name><Point><coordinates>-121.864,37.541999999999994,0</coordinates></Point></Placemark>
    <Placemark><name>Location 1223</name><Point><coordinates>-121.854,37.541999999999994,0</coordinates></Point></Placemark>
    <Placemark><name>Location 1224</name><Point><coordinates>-121.84400000000001,37.541999999999994,0</coordinates></Point></Placemark>
    <Placemark><name>Location 1225</name><Point><coordinates>-121.834,37.541999999999994,0</coordinates></Point></Placemark>
    <Placemark><name>Location 1226</name><Point><coordinates>-121.824,37.541999999999994,0</coordinates></Point></Placemark>
    <Placemark><name>Location 1227</name><Point><coordinates>-121.81400000000001,37.541999999999994,0</coordinates></Point></Placemark>
    <Placemark><name>Location 1228</name><Point><coordinates>-121.804,37.541999999999994,0</coordinates></Point></Placemark>
    <Placemark><name>Location 1229</name><Point><coordinates>-121.794,37.541999999999994,0</coordinates></Point></Placemark>
    <Placemark><name>Location 1230</name><Point><coordinates>-121.784,37.541999999999994,0</coordinates></Point></Placemark>
    <Placemark><name>Location 1231</name><Point><coordinates>-121.774,37.541999999999994,0</coordinates></Point></Placemark>
    <Placemark><name>Location 1232</name><Point><coordinates>-121.76400000000001,37.541999999999994,0</coordinates></Point></Placemark>
    <Placemark><name>Location 1233</name><Point><coordinates>-121.754,37.541999999999994,0</coordinates></Point></Placemark>
    <Placemark><name>Location 1234</name><Point><coordinates>-121.744,37.541999999999994,0</coordinates></Point></Placemark>
    <Placemark><name>Location 1235</name><Point><coordinates>-121.73400000000001,37.541999999999994,0</coordinates></Point></Placemark>
    <Placemark><name>Location 1236</name><Point><coordinates>-121.724,37.541999999999994,0</coordinates></Point></Placemark>
    <Placemark><name>Location 1237</name><Point><coordinates>-121.714,37.541999999999994,0</coordinates></Point></Placemark>
    <Placemark><name>Location 1238</name><Point><coordinates>-121.70400000000001,37.541999999999994,0</coordinates></Point></Placemark>
    <Placemark><name>Location 1239</name><Point><coordinates>-121.694,37.541999999999994,0</coordinates></Point></Placemark>
    <Placemark><name>Location 1240</name><Point><coordinates>-121.684,37.541999999999994,0</coordinates></Point></Placemark>
    <Placemark><name>Location 1241</name><Point><coordinates>-121.674,37.541999999999994,0</coordinates></Point></Placemark>
    <Placemark><name>Location 1242</name><Point><coordinates>-121.664,37.541999999999994,0</coordinates></Point></Placemark>
    <Placemark><name>Location 1243</name><Point><coordinates>-121.654,37.541999999999994,0</coordinates></Point></Placemark>
    <Placemark><name>Location 1244</name><Point><coordinates>-121.644,37.541999999999994,0</coordinates></Point></Placemark>
    <Placemark><name>Location 1245</name><Point><coordinates>-121.634,37.541999999999994,0</coordinates></Point></Placemark>
    <Placemark><name>Location 1246</name><Point><coordinates>-121.62400000000001,37.541999999999994,0</coordinates></Point></Placemark>
    <Placemark><name>Location 1247</name><Point><coordinates>-121.614,37.541999999999994,0</coordinates></Point></Placemark>
    <Placemark><name>Location 1248</name><Point><coordinates>-121.604,37.541999999999994,0</coordinates></Point></Placemark>
    <Placemark><name>Location 1249</name><Point><coordinates>-121.59400000000001,37.541999999999994,0</coordinates></Point></Placemark>
    <Placemark><name>Location 1250</name><Point><coordinates>-121.584,37.541999999999994,0</coordinates></Point></Placemark>
    <Placemark><name>Location 1251</name><Point><coordinates>-121.574,37.541999999999994,0</coordinates></Point></Placemark>
    <Placemark><name>Location 1252</name><Point><coordinates>-121.56400000000001,37.541999999999994,0</coordinates></Point></Placemark>
    <Placemark><name>Location 1253</name><Point><coordinates>-121.554,37.541999999999994,0</coordinates></Point></Placemark>
    <Placemark><name>Location 1254</name><Point><coordinates>-121.544,37.541999999999994,0</coordinates></Point></Placemark>
    <Placemark><name>Location 1255</name><Point><coordinates>-121.534,37.541999999999994,0</coordinates></Point></Placemark>
    <Placemark><name>Location 1256</name><Point><coordinates>-121.524,37.541999999999994,0</coordinates></Point></Placemark>
    <Placemark><name>Location 1257</name><Point><coordinates>-121.51400000000001,37.541999999999994,0</coordinates></Point></Placemark>
    <Placemark><name>Location 1258</name><Point><coordinates>-121.504,37.541999999999994,0</coordinates></Point></Placemark>
    <Placemark><name>Location 1259</name><Point><coordinates>-121.494,37.541999999999994,0</coordinates></Point></Placemark>
    <Placemark><name>Location 1260</name><Point><coordinates>-121.48400000000001,37.541999999999994,0</coordinates></Point></Placemark>
    <Placemark><name>Location 1261</name><Point><coordinates>-121.474,37.541999999999994,0</coordinates></Point></Placemark>
    <Placemark><name>Location 1262</name><Point><coordinates>-121.464,37.541999999999994,0</coordinates></Point></Placemark>
    <Placemark><name>Location 1263</name><Point><coordinates>-121.45400000000001,37.541999999999994,0</coordinates></Point></Placemark>
    <Placemark><name>Location 1264</name><Point><coordinates>-121.444,37.541999999999994,0</coordinates></Point></Placemark>
    <Placemark><name>Location 1265</name><Point><coordinates>-121.434,37.541999999999994,0</coordinates></Point></Placemark>
    <Placemark><name>Location 1266</name><Point><coordinates>-121.424,37.541999999999994,0</coordinates></Point></Placemark>
    <Placemark><name>Location 1267</name><Point><coordinates>-121.414,37.541999999999994,0</coordinates></Point></Placemark>
    <Placemark><name>Location 1268</name><Point><coordinates>-121.404,37.541999999999994,0</coordinates></Point></Placemark>
    <Placemark><name>Location 1269</name><Point><coordinates>-121.394,37.541999999999994,0</coordinates></Point></Placemark>
    <Placemark><name>Location 1270</name><Point><coordinates>-121.384,37.541999999999994,0</coordinates></Point></Placemark>
    <Placemark><name>Location 1271</name><Point><coordinates>-121.37400000000001,37.541999999999994,0</coordinates></Point></Placemark>
    <Placemark><name>Location 1272</name><Point><coordinates>-121.364,37.541999999999994,0</coordinates></Point></Placemark>
    <Placemark><name>Location 1273</name><Point><coordinates>-121.354,37.541999999999994,0</coordinates></Point></Placemark>
    <Placemark><name>Location 1274</name><Point><coordinates>-121.34400000000001,37.541999999999994,0</coordinates></Point></Placemark>
    <Placemark><name>Location 1275</name><Point><coordinates>-121.334,37.541999999999994,0</coordinates></Point></Placemark>
    <Placemark><name>Location 1276</name><Point><coordinates>-121.324,37.541999999999994,0</coordinates></Point></Placemark>
    <Placemark><name>Location 1277</name><Point><coordinates>-121.31400000000001,37.541999999999994,0</coordinates></Point></Placemark>
    <Placemark><name>Location 1278</name><Point><coordinates>-121.304,37.541999999999994,0</coordinates></Point></Placemark>
    <Placemark><name>Location 1279</name><Point><coordinates>-121.294,37.541999999999994,0</coordinates></Point></Placemark>
    <Placemark><name>Location 1280</name><Point><coordinates>-121.284,37.541999999999994,0</coordinates></Point></Placemark>
    <Placemark><name>Location 1281</name><Point><coordinates>-121.274,37.541999999999994,0</coordinates></Point></Placemark>
    <Placemark><name>Location 1282</name><Point><coordinates>-121.26400000000001,37.541999999999994,0</coordinates></Point></Placemark>
    <Placemark><name>Location 1283</name><Point><coordinates>-121.254,37.541999999999994,0</coordinates></Point></Placemark>
    <Placemark><name>Location 1284</name><Point><coordinates>-121.244,37.541999999999994,0</coordinates></Point></Placemark>
    <Placemark><name>Location 1285</name><Point><coordinates>-121.23400000000001,37.541999999999994,0</coordinates></Point></Placemark>
    <Placemark><name>Location 1286</name><Point><coordinates>-121.224,37.541999999999994,0</coordinates></Point></Placemark>
    <Placemark><name>Location 1287</name><Point><coordinates>-121.214,37.541999999999994,0</coordinates></Point></Placemark>
    <Placemark><name>Location 1288</name><Point><coordinates>-121.20400000000001,37.541999999999994,0</coordinates></Point></Placemark>
    <Placemark><name>Location 1289</name><Point><coordinates>-121.194,37.541999999999994,0</coordinates></Point></Placemark>
    <Placemark><name>Location 1290</name><Point><coordinates>-121.184,37.541999999999994,0</coordinates></Point></Placemark>
    <Placemark><name>Location 1291</name><Point><coordinates>-121.174,37.541999999999994,0</coordinates></Point></Placemark>
    <Placemark><name>Location 1292</name><Point><coordinates>-121.164,37.541999999999994,0</coordinates></Point></Placemark>
    <Placemark><name>Location 1293</name><Point><coordinates>-121.154,37.541999999999994,0</coordinates></Point></Placemark>
    <Placemark><name>Location 1294</name><Point><coordinates>-121.144,37.541999999999994,0</coordinates></Point></Placemark>
    <Placemark><name>Location 1295</name><Point><coordinates>-121.134,37.541999999999994,0</coordinates></Point></Placemark>
    <Placemark><name>Location 1296</name><Point><coordinates>-121.12400000000001,37.541999999999994,0</coordinates></Point></Placemark>
    <Placemark><name>Location 1297</name><Point><coordinates>-121.114,37.541999999999994,0</coordinates></Point></Placemark>
    <Placemark><name>Location 1298</name><Point><coordinates>-121.104,37.541999999999994,0</coordinates></Point></Placemark>
    <Placemark><name>Location 1299</name><Point><coordinates>-121.09400000000001,37.541999999999994,0</coordinates></Point></Placemark>
    <Placemark><name>Location 1300</name><Point><coordinates>-122.084,37.552,0</coordinates></Point></Placemark>
    <Placemark><name>Location 1301</name><Point><coordinates>-122.074,37.552,0</coordinates></Point></Placemark>
    <Placemark><name>Location 1302</name><Point><coordinates>-122.06400000000001,37.552,0</coordinates></Point></Placemark>
    <Placemark><name>Location 1303</name><Point><coordinates>-122.054,37.552,0</coordinates></Point></Placemark>
    <Placemark><name>Location 1304</name><Point><coordinates>-122.044,37.552,0</coordinates></Point></Placemark>
    <Placemark><name>Location 1305</name><Point><coordinates>-122.034,37.552,0</coordinates></Point></Placemark>
    <Placemark><name>Location 1306</name><Point><coordinates>-122.024,37.552,0</coordinates></Point></Placemark>
    <Placemark><name>Location 1307</name><Point><coordinates>-122.01400000000001,37.552,0</coordinates></Point></Placemark>
    <Placemark><name>Location 1308</name><Point><coordinates>-122.004,37.552,0</coordinates></Point></Placemark>
    <Placemark><name>Location 1309</name><Point><coordinates>-121.994,37.552,0</coordinates></Point></Placemark>
    <Placemark><name>Location 1310</name><Point><coordinates>-121.98400000000001,37.552,0</coordinates></Point></Placemark>
    <Placemark><name>Location 1311</name><Point><coordinates>-121.974,37.552,0</coordinates></Point></Placemark>
    <Placemark><name>Location 1312</name><Point><coordinates>-121.964,37.552,0</coordinates></Point></Placemark>
    <Placemark><name>Location 1313</name><Point><coordinates>-121.95400000000001,37.552,0</coordinates></Point></Placemark>
    <Placemark><name>Location 1314</name><Point><coordinates>-121.944,37.552,0</coordinates></Point></Placemark>
    <Placemark><name>Location 1315</name><Point><coordinates>-121.934,37.552,0</coordinates></Point></Placemark>
    <Placemark><name>Location 1316</name><Point><coordinates>-121.924,37.552,0</coordinates></Point></Placemark>
    <Placemark><name>Location 1317</name><Point><coordinates>-121.914,37.552,0</coordinates></Point></Placemark>
    <Placemark><name>Location 1318</name><Point><coordinates>-121.904,37.552,0</coordinates></Point></Placemark>
    <Placemark><name>Location 1319</name><Point><coordinates>-121.894,37.552,0</coordinates></Point></Placemark>
    <Placemark><name>Location 1320</name><Point><coordinates>-121.884,37.552,0</coordinates></Point></Placemark>
    <Placemark><name>Location 1321</name><Point><coordinates>-121.87400000000001,37.552,0</coordinates></Point></Placemark>
    <Placemark><name>Location 1322</name><Point><coordinates>-121.864,37.552,0</coordinates></Point></Placemark>
    <Placemark><name>Location 1323</name><Point><coordinates>-121.854,37.552,0</coordinates></Point></Placemark>
    <Placemark><name>Location 1324</name><Point><coordinates>-121.84400000000001,37.552,0</coordinates></Point></Placemark>
    <Placemark><name>Location 1325</name><Point><coordinates>-121.834,37.552,0</coordinates></Point></Placemark>
    <Placemark><name>Location 1326</name><Point><coordinates>-121.824,37.552,0</coordinates></Point></Placemark>
    <Placemark><name>Location 1327</name><Point><coordinates>-121.81400000000001,37.552,0</coordinates></Point></Placemark>
    <Placemark><name>Location 1328</name><Point><coordinates>-121.804,37.552,0</coordinates></Point></Placemark>
    <Placemark><name>Location 1329</name><Point><coordinates>-121.794,37.552,0</coordinates></Point></Placemark>
    <Placemark><name>Location 1330</name><Point><coordinates>-121.784,37.552,0</coordinates></Point></Placemark>
    <Placemark><name>Location 1331</name><Point><coordinates>-121.774,37.552,0</coordinates></Point></Placemark>
    <Placemark><name>Location 1332</name><Point><coordinates>-121.76400000000001,37.552,0</coordinates></Point></Placemark>
    <Placemark><name>Location 1333</name><Point><coordinates>-121.754,37.552,0</coordinates></Point></Placemark>
    <Placemark><name>Location 1334</name><Point><coordinates>-121.744,37.552,0</coordinates></Point></Placemark>
    <Placemark><name>Location 1335</name><Point><coordinates>-121.73400000000001,37.552,0</coordinates></Point></Placemark>
    <Placemark><name>Location 1336</name><Point><coordinates>-121.724,37.552,0</coordinates></Point></Placemark>
    <Placemark><name>Location 1337</name><Point><coordinates>-121.714,37.552,0</coordinates></Point></Placemark>
    <Placemark><name>Location 1338</name><Point><coordinates>-121.70400000000001,37.552,0</coordinates></Point></Placemark>
    <Placemark><name>Location 1339</name><Point><coordinates>-121.694,37.552,0</coordinates></Point></Placemark>
    <Placemark><name>Location 1340</name><Point><coordinates>-121.684,37.552,0</coordinates></Point></Placemark>
    <Placemark><name>Location 1341</name><Point><coordinates>-121.674,37.552,0</coordinates></Point></Placemark>
    <Placemark><name>Location 1342</name><Point><coordinates>-121.664,37.552,0</coordinates></Point></Placemark>
    <Placemark><name>Location 1343</name><Point><coordinates>-121.654,37.552,0</coordinates></Point></Placemark>
    <Placemark><name>Location 1344</name><Point><coordinates>-121.644,37.552,0</coordinates></Point></Placemark>
    <Placemark><name>Location 1345</name><Point><coordinates>-121.634,37.552,0</coordinates></Point></Placemark>
    <Placemark><name>Location 1346</name><Point><coordinates>-121.62400000000001,37.552,0</coordinates></Point></Placemark>
    <Placemark><name>Location 1347</name><Point><coordinates>-121.614,37.552,0</coordinates></Point></Placemark>
    <Placemark><name>Location 1348</name><Point><coordinates>-121.604,37.552,0</coordinates></Point></Placemark>
    <Placemark><name>Location 1349</name><Point><coordinates>-121.59400000000001,37.552,0</coordinates></Point></Placemark>
    <Placemark><name>Location 1350</name><Point><coordinates>-121.584,37.552,0</coordinates></Point></Placemark>
    <Placemark><name>Location 1351</name><Point><coordinates>-121.574,37.552,0</coordinates></Point></Placemark>
    <Placemark><name>Location 1352</name><Point><coordinates>-121.56400000000001,37.552,0</coordinates></Point></Placemark>
    <Placemark><name>Location 1353</name><Point><coordinates>-121.554,37.552,0</coordinates></Point></Placemark>
    <Placemark><name>Location 1354</name><Point><coordinates>-121.544,37.552,0</coordinates></Point></Placemark>
    <Placemark><name>Location 1355</name><Point><coordinates>-121.534,37.552,0</coordinates></Point></Placemark>
    <Placemark><name>Location 1356</name><Point><coordinates>-121.524,37.552,0</coordinates></Point></Placemark>
    <Placemark><name>Location 1357</name><Point><coordinates>-121.51400000000001,37.552,0</coordinates></Point></Placemark>
    <Placemark><name>Location 1358</name><Point><coordinates>-121.504,37.552,0</coordinates></Point></Placemark>
    <Placemark><name>Location 1359</name><Point><coordinates>-121.494,37.552,0</coordinates></Point></Placemark>
    <Placemark><name>Location 1360</name><Point><coordinates>-121.48400000000001,37.552,0</coordinates></Point></Placemark>
    <Placemark><name>Location 1361</name><Point><coordinates>-121.474,37.552,0</coordinates></Point></Placemark>
    <Placemark><name>Location 1362</name><Point><coordinates>-121.464,37.552,0</coordinates></Point></Placemark>
    <Placemark><name>Location 1363</name><Point><coordinates>-121.45400000000001,37.552,0</coordinates></Point></Placemark>
    <Placemark><name>Location 1364</name><Point><coordinates>-121.444,37.552,0</coordinates></Point></Placemark>
    <Placemark><name>Location 1365</name><Point><coordinates>-121.434,37.552,0</coordinates></Point></Placemark>
    <Placemark><name>Location 1366</name><Point><coordinates>-121.424,37.552,0</coordinates></Point></Placemark>
    <Placemark><name>Location 1367</name><Point><coordinates>-121.414,37.552,0</coordinates></Point></Placemark>
    <Placemark><name>Location 1368</name><Point><coordinates>-121.404,37.552,0</coordinates></Point></Placemark>
    <Placemark><name>Location 1369</name><Point><coordinates>-121.394,37.552,0</coordinates></Point></Placemark>
    <Placemark><name>Location 1370</name><Point><coordinates>-121.384,37.552,0</coordinates></Point></Placemark>
    <Placemark><name>Location 1371</name><Point><coordinates>-121.37400000000001,37.552,0</coordinates></Point></Placemark>
    <Placemark><name>Location 1372</name><Point><coordinates>-121.364,37.552,0</coordinates></Point></Placemark>
    <Placemark><name>Location 1373</name><Point><coordinates>-121.354,37.552,0</coordinates></Point></Placemark>
    <Placemark><name>Location 1374</name><Point><coordinates>-121.34400000000001,37.552,0</coordinates></Point></Placemark>
    <Placemark><name>Location 1375</name><Point><coordinates>-121.334,37.552,0</coordinates></Point></Placemark>
    <Placemark><name>Location 1376</name><Point><coordinates>-121.324,37.552,0</coordinates></Point></Placemark>
    <Placemark><name>Location 1377</name><Point><coordinates>-121.31400000000001,37.552,0</coordinates></Point></Placemark>
    <Placemark><name>Location 1378</name><Point><coordinates>-121.304,37.552,0</coordinates></Point></Placemark>
    <Placemark><name>Location 1379</name><Point><coordinates>-121.294,37.552,0</coordinates></Point></Placemark>
    <Placemark><name>Location 1380</name><Point><coordinates>-121.284,37.552,0</coordinates></Point></Placemark>
    <Placemark><name>Location 1381</name><Point><coordinates>-121.274,37.552,0</coordinates></Point></Placemark>
    <Placemark><name>Location 1382</name><Point><coordinates>-121.26400000000001,37.552,0</coordinates></Point></Placemark>
    <Placemark><name>Location 1383</name><Point><coordinates>-121.254,37.552,0</coordinates></Point></Placemark>
    <Placemark><name>Location 1384</name><Point><coordinates>-121.244,37.552,0</coordinates></Point></Placemark>
    <Placemark><name>Location 1385</name><Point><coordinates>-121.23400000000001,37.552,0</coordinates></Point></Placemark>
    <Placemark><name>Location 1386</name><Point><coordinates>-121.224,37.552,0</coordinates></Point></Placemark>
    <Placemark><name>Location 1387</name><Point><coordinates>-121.214,37.552,0</coordinates></Point></Placemark>
    <Placemark><name>Location 1388</name><Point><coordinates>-121.20400000000001,37.552,0</coordinates></Point></Placemark>
    <Placemark><name>Location 1389</name><Point><coordinates>-121.194,37.552,0</coordinates></Point></Placemark>
    <Placemark><name>Location 1390</name><Point><coordinates>-121.184,37.552,0</coordinates></Point></Placemark>
    <Placemark><name>Location 1391</name><Point><coordinates>-121.174,37.552,0</coordinates></Point></Placemark>
    <Placemark><name>Location 1392</name><Point><coordinates>-121.164,37.552,0</coordinates></Point></Placemark>
    <Placemark><name>Location 1393</name><Point><coordinates>-121.154,37.552,0</coordinates></Point></Placemark>
    <Placemark><name>Location 1394</name><Point><coordinates>-121.144,37.552,0</coordinates></Point></Placemark>
    <Placemark><name>Location 1395</name><Point><coordinates>-121.134,37.552,0</coordinates></Point></Placemark>
    <Placemark><name>Location 1396</name><Point><coordinates>-121.12400000000001,37.552,0</coordinates></Point></Placemark>
    <Placemark><name>Location 1397</name><Point><coordinates>-121.114,37.552,0</coordinates></Point></Placemark>
    <Placemark><name>Location 1398</name><Point><coordinates>-121.104,37.552,0</coordinates></Point></Placemark>
    <Placemark><name>Location 1399</name><Point><coordinates>-121.09400000000001,37.552,0</coordinates></Point></Placemark>
    <Placemark><name>Location 1400</name><Point><coordinates>-122.084,37.562,0</coordinates></Point></Placemark>
    <Placemark><name>Location 1401</name><Point><coordinates>-122.074,37.562,0</coordinates></Point></Placemark>
    <Placemark><name>Location 1402</name><Point><coordinates>-122.06400000000001,37.562,0</coordinates></Point></Placemark>
    <Placemark><name>Location 1403</name><Point><coordinates>-122.054,37.562,0</coordinates></Point></Placemark>
    <Placemark><name>Location 1404</name><Point><coordinates>-122.044,37.562,0</coordinates></Point></Placemark>
    <Placemark><name>Location 1405</name><Point><coordinates>-122.034,37.562,0</coordinates></Point></Placemark>
    <Placemark><name>Location 1406</name><Point><coordinates>-122.024,37.562,0</coordinates></Point></Placemark>
    <Placemark><name>Location 1407</name><Point><coordinates>-122.01400000000001,37.562,0</coordinates></Point></Placemark>
    <Placemark><name>Location 1408</name><Point><coordinates>-122.004,37.562,0</coordinates></Point></Placemark>
    <Placemark><name>Location 1409</name><Point><coordinates>-121.994,37.562,0</coordinates></Point></Placemark>
    <Placemark><name>Location 1410</name><Point><coordinates>-121.98400000000001,37.562,0</coordinates></Point></Placemark>
    <Placemark><name>Location 1411</name><Point><coordinates>-121.974,37.562,0</coordinates></Point></Placemark>
    <Placemark><name>Location 1412</name><Point><coordinates>-121.964,37.562,0</coordinates></Point></Placemark>
    <Placemark><name>Location 1413</name><Point><coordinates>-121.95400000000001,37.562,0</coordinates></Point></Placemark>
    <Placemark><name>Location 1414</name><Point><coordinates>-121.944,37.562,0</coordinates></Point></Placemark>
    <Placemark><name>Location 1415</name><Point><coordinates>-121.934,37.562,0</coordinates></Point></Placemark>
    <Placemark><name>Location 1416</name><Point><coordinates>-121.924,37.562,0</coordinates></Point></Placemark>
    <Placemark><name>Location 1417</name><Point><coordinates>-121.914,37.562,0</coordinates></Point></Placemark>
    <Placemark><name>Location 1418</name><Point><coordinates>-121.904,37.562,0</coordinates></Point></Placemark>
    <Placemark><name>Location 1419</name><Point><coordinates>-121.894,37.562,0</coordinates></Point></Placemark>
    <Placemark><name>Location 1420</name><Point><coordinates>-121.884,37.562,0</coordinates></Point></Placemark>
    <Placemark><name>Location 1421</name><Point><coordinates>-121.87400000000001,37.562,0</coordinates></Point></Placemark>
    <Placemark><name>Location 1422</name><Point><coordinates>-121.864,37.562,0</coordinates></Point></Placemark>
    <Placemark><name>Location 1423</name><Point><coordinates>-121.854,37.562,0</coordinates></Point></Placemark>
    <Placemark><name>Location 1424</name><Point><coordinates>-121.84400000000001,37.562,0</coordinates></Point></Placemark>
    <Placemark><name>Location 1425</name><Point><coordinates>-121.834,37.562,0</coordinates></Point></Placemark>
    <Placemark><name>Location 1426</name><Point><coordinates>-121.824,37.562,0</coordinates></Point></Placemark>
    <Placemark><name>Location 1427</name><Point><coordinates>-121.81400000000001,37.562,0</coordinates></Point></Placemark>
    <Placemark><name>Location 1428</name><Point><coordinates>-121.804,37.562,0</coordinates></Point></Placemark>
    <Placemark><name>Location 1429</name><Point><coordinates>-121.794,37.562,0</coordinates></Point></Placemark>
    <Placemark><name>Location 1430</name><Point><coordinates>-121.784,37.562,0</coordinates></Point></Placemark>
    <Placemark><name>Location 1431</name><Point><coordinates>-121.774,37.562,0</coordinates></Point></Placemark>
    <Placemark><name>Location 1432</name><Point><coordinates>-121.76400000000001,37.562,0</coordinates></Point></Placemark>
    <Placemark><name>Location 1433</name><Point><coordinates>-121.754,37.562,0</coordinates></Point></Placemark>
    <Placemark><name>Location 1434</name><Point><coordinates>-121.744,37.562,0</coordinates></Point></Placemark>
    <Placemark><name>Location 1435</name><Point><coordinates>-121.73400000000001,37.562,0</coordinates></Point></Placemark>
    <Placemark><name>Location 1436</name><Point><coordinates>-121.724,37.562,0</coordinates></Point></Placemark>
    <Placemark><name>Location 1437</name><Point><coordinates>-121.714,37.562,0</coordinates></Point></Placemark>
    <Placemark><name>Location 1438</name><Point><coordinates>-121.70400000000001,37.562,0</coordinates></Point></Placemark>
    <Placemark><name>Location 1439</name><Point><coordinates>-121.694,37.562,0</coordinates></Point></Placemark>
    <Placemark><name>Location 1440</name><Point><coordinates>-121.684,37.562,0</coordinates></Point></Placemark>
    <Placemark><name>Location 1441</name><Point><coordinates>-121.674,37.562,0</coordinates></Point></Placemark>
    <Placemark><name>Location 1442</name><Point><coordinates>-121.664,37.562,0</coordinates></Point></Placemark>
    <Placemark><name>Location 1443</name><Point><coordinates>-121.654,37.562,0</coordinates></Point></Placemark>
    <Placemark><name>Location 1444</name><Point><coordinates>-121.644,37.562,0</coordinates></Point></Placemark>
    <Placemark><name>Location 1445</name><Point><coordinates>-121.634,37.562,0</coordinates></Point></Placemark>
    <Placemark><name>Location 1446</name><Point><coordinates>-121.62400000000001,37.562,0</coordinates></Point></Placemark>
    <Placemark><name>Location 1447</name><Point><coordinates>-121.614,37.562,0</coordinates></Point></Placemark>
    <Placemark><name>Location 1448</name><Point><coordinates>-121.604,37.562,0</coordinates></Point></Placemark>
    <Placemark><name>Location 1449</name><Point><coordinates>-121.59400000000001,37.562,0</coordinates></Point></Placemark>
    <Placemark><name>Location 1450</name><Point><coordinates>-121.584,37.562,0</coordinates></Point></Placemark>
    <Placemark><name>Location 1451</name><Point><coordinates>-121.574,37.562,0</coordinates></Point></Placemark>
    <Placemark><name>Location 1452</name><Point><coordinates>-121.56400000000001,37.562,0</coordinates></Point></Placemark>
    <Placemark><name>Location 1453</name><Point><coordinates>-121.554,37.562,0</coordinates></Point></Placemark>
    <Placemark><name>Location 1454</name><Point><coordinates>-121.544,37.562,0</coordinates></Point></Placemark>
    <Placemark><name>Location 1455</name><Point><coordinates>-121.534,37.562,0</coordinates></Point></Placemark>
    <Placemark><name>Location 1456</name><Point><coordinates>-121.524,37.562,0</coordinates></Point></Placemark>
    <Placemark><name>Location 1457</name><Point><coordinates>-121.51400000000001,37.562,0</coordinates></Point></Placemark>
    <Placemark><name>Location 1458</name><Point><coordinates>-121.504,37.562,0</coordinates></Point></Placemark>
    <Placemark><name>Location 1459</name><Point><coordinates>-121.494,37.562,0</coordinates></Point></Placemark>
    <Placemark><name>Location 1460</name><Point><coordinates>-121.48400000000001,37.562,0</coordinates></Point></Placemark>
    <Placemark><name>Location 1461</name><Point><coordinates>-121.474,37.562,0</coordinates></Point></Placemark>
    <Placemark><name>Location 1462</name><Point><coordinates>-121.464,37.562,0</coordinates></Point></Placemark>
    <Placemark><name>Location 1463</name><Point><coordinates>-121.45400000000001,37.562,0</coordinates></Point></Placemark>
    <Placemark><name>Location 1464</name><Point><coordinates>-121.444,37.562,0</coordinates></Point></Placemark>
    <Placemark><name>Location 1465</name><Point><coordinates>-121.434,37.562,0</coordinates></Point></Placemark>
    <Placemark><name>Location 1466</name><Point><coordinates>-121.424,37.562,0</coordinates></Point></Placemark>
    <Placemark><name>Location 1467</name><Point><coordinates>-121.414,37.562,0</coordinates></Point></Placemark>
    <Placemark><name>Location 1468</name><Point><coordinates>-121.404,37.562,0</coordinates></Point></Placemark>
    <Placemark><name>Location 1469</name><Point><coordinates>-121.394,37.562,0</coordinates></Point></Placemark>
    <Placemark><name>Location 1470</name><Point><coordinates>-121.384,37.562,0</coordinates></Point></Placemark>
    <Placemark><name>Location 1471</name><Point><coordinates>-121.37400000000001,37.562,0</coordinates></Point></Placemark>
    <Placemark><name>Location 1472</name><Point><coordinates>-121.364,37.562,0</coordinates></Point></Placemark>
    <Placemark><name>Location 1473</name><Point><coordinates>-121.354,37.562,0</coordinates></Point></Placemark>
    <Placemark><name>Location 1474</name><Point><coordinates>-121.34400000000001,37.562,0</coordinates></Point></Placemark>
    <Placemark><name>Location 1475</name><Point><coordinates>-121.334,37.562,0</coordinates></Point></Placemark>
    <Placemark><name>Location 1476</name><Point><coordinates>-121.324,37.562,0</coordinates></Point></Placemark>
    <Placemark><name>Location 1477</name><Point><coordinates>-121.31400000000001,37.562,0</coordinates></Point></Placemark>
    <Placemark><name>Location 1478</name><Point><coordinates>-121.304,37.562,0</coordinates></Point></Placemark>
    <Placemark><name>Location 1479</name><Point><coordinates>-121.294,37.562,0</coordinates></Point></Placemark>
    <Placemark><name>Location 1480</name><Point><coordinates>-121.284,37.562,0</coordinates></Point></Placemark>
    <Placemark><name>Location 1481</name><Point><coordinates>-121.274,37.562,0</coordinates></Point></Placemark>
    <Placemark><name>Location 1482</name><Point><coordinates>-121.26400000000001,37.562,0</coordinates></Point></Placemark>
    <Placemark><name>Location 1483</name><Point><coordinates>-121.254,37.562,0</coordinates></Point></Placemark>
    <Placemark><name>Location 1484</name><Point><coordinates>-121.244,37.562,0</coordinates></Point></Placemark>
    <Placemark><name>Location 1485</name><Point><coordinates>-121.23400000000001,37.562,0</coordinates></Point></Placemark>
    <Placemark><name>Location 1486</name><Point><coordinates>-121.224,37.562,0</coordinates></Point></Placemark>
    <Placemark><name>Location 1487</name><Point><coordinates>-121.214,37.562,0</coordinates></Point></Placemark>
    <Placemark><name>Location 1488</name><Point><coordinates>-121.20400000000001,37.562,0</coordinates></Point></Placemark>
    <Placemark><name>Location 1489</name><Point><coordinates>-121.194,37.562,0</coordinates></Point></Placemark>
    <Placemark><name>Location 1490</name><Point><coordinates>-121.184,37.562,0</coordinates></Point></Placemark>
    <Placemark><name>Location 1491</name><Point><coordinates>-121.174,37.562,0</coordinates></Point></Placemark>
    <Placemark><name>Location 1492</name><Point><coordinates>-121.164,37.562,0</coordinates></Point></Placemark>
    <Placemark><name>Location 1493</name><Point><coordinates>-121.154,37.562,0</coordinates></Point></Placemark>
    <Placemark><name>Location 1494</name><Point><coordinates>-121.144,37.562,0</coordinates></Point></Placemark>
    <Placemark><name>Location 1495</name><Point><coordinates>-121.134,37.562,0</coordinates></Point></Placemark>
    <Placemark><name>Location 1496</name><Point><coordinates>-121.12400000000001,37.562,0</coordinates></Point></Placemark>
    <Placemark><name>Location 1497</name><Point><coordinates>-121.114,37.562,0</coordinates></Point></Placemark>
    <Placemark><name>Location 1498</name><Point><coordinates>-121.104,37.562,0</coordinates></Point></Placemark>
    <Placemark><name>Location 1499</name><Point><coordinates>-121.09400000000001,37.562,0</coordinates></Point></Placemark>
  </Document>
</kml>
