<?xml version="1.0" encoding="UTF-8"?>
<X3D profile="Interchange" version="3.3">
  <Scene>
    <Shape>
      <Appearance><Material diffuseColor="0.2 0.4 0.8"/></Appearance>
      <IndexedFaceSet coordIndex="1 0 32 -1 1 32 2 -1 2 32 33 -1 2 33 3 -1 3 33 34 -1 3 34 4 -1 4 34 35 -1 4 35 5 -1 5 35 36 -1 5 36 6 -1 6 36 37 -1 6 37 7 -1 7 37 38 -1 7 38 8 -1 8 38 39 -1 8 39 9 -1 9 39 40 -1 9 40 10 -1 10 40 41 -1 10 41 11 -1 11 41 42 -1 11 42 12 -1 12 42 43 -1 12 43 13 -1 13 43 44 -1 13 44 14 -1 14 44 45 -1 14 45 15 -1 15 45 46 -1 15 46 16 -1 16 46 47 -1 16 47 17 -1 17 47 48 -1 17 48 18 -1 18 48 49 -1 18 49 19 -1 19 49 50 -1 19 50 20 -1 20 50 51 -1 20 51 21 -1 21 51 52 -1 21 52 22 -1 22 52 53 -1 22 53 23 -1 23 53 54 -1 23 54 24 -1 24 54 55 -1 24 55 25 -1 25 55 56 -1 25 56 26 -1 26 56 57 -1 26 57 27 -1 27 57 58 -1 27 58 28 -1 28 58 59 -1 28 59 29 -1 29 59 60 -1 29 60 30 -1 30 60 61 -1 30 61 31 -1 32 0 62 -1 32 62 33 -1 33 62 63 -1 33 63 34 -1 34 63 64 -1 34 64 35 -1 35 64 65 -1 35 65 36 -1 36 65 66 -1 36 66 37 -1 37 66 67 -1 37 67 38 -1 38 67 68 -1 38 68 39 -1 39 68 69 -1 39 69 40 -1 40 69 70 -1 40 70 41 -1 41 70 71 -1 41 71 42 -1 42 71 72 -1 42 72 43 -1 43 72 73 -1 43 73 44 -1 44 73 74 -1 44 74 45 -1 45 74 75 -1 45 75 46 -1 46 75 76 -1 46 76 47 -1 47 76 77 -1 47 77 48 -1 48 77 78 -1 48 78 49 -1 49 78 79 -1 49 79 50 -1 50 79 80 -1 50 80 51 -1 51 80 81 -1 51 81 52 -1 52 81 82 -1 52 82 53 -1 53 82 83 -1 53 83 54 -1 54 83 84 -1 54 84 55 -1 55 84 85 -1 55 85 56 -1 56 85 86 -1 56 86 57 -1 57 86 87 -1 57 87 58 -1 58 87 88 -1 58 88 59 -1 59 88 89 -1 59 89 60 -1 60 89 90 -1 60 90 61 -1 61 90 91 -1 61 91 31 -1 62 0 92 -1 62 92 63 -1 63 92 93 -1 63 93 64 -1 64 93 94 -1 64 94 65 -1 65 94 95 -1 65 95 66 -1 66 95 96 -1 66 96 67 -1 67 96 97 -1 67 97 68 -1 68 97 98 -1 68 98 69 -1 69 98 99 -1 69 99 70 -1 70 99 100 -1 70 100 71 -1 71 100 101 -1 71 101 72 -1 72 101 102 -1 72 102 73 -1 73 102 103 -1 73 103 74 -1 74 103 104 -1 74 104 75 -1 75 104 105 -1 75 105 76 -1 76 105 106 -1 76 106 77 -1 77 106 107 -1 77 107 78 -1 78 107 108 -1 78 108 79 -1 79 108 109 -1 79 109 80 -1 80 109 110 -1 80 110 81 -1 81 110 111 -1 81 111 82 -1 82 111 112 -1 82 112 83 -1 83 112 113 -1 83 113 84 -1 84 113 114 -1 84 114 85 -1 85 114 115 -1 85 115 86 -1 86 115 116 -1 86 116 87 -1 87 116 117 -1 87 117 88 -1 88 117 118 -1 88 118 89 -1 89 118 119 -1 89 119 90 -1 90 119 120 -1 90 120 91 -1 91 120 121 -1 91 121 31 -1 92 0 122 -1 92 122 93 -1 93 122 123 -1 93 123 94 -1 94 123 124 -1 94 124 95 -1 95 124 125 -1 95 125 96 -1 96 125 126 -1 96 126 97 -1 97 126 127 -1 97 127 98 -1 98 127 128 -1 98 128 99 -1 99 128 129 -1 99 129 100 -1 100 129 130 -1 100 130 101 -1 101 130 131 -1 101 131 102 -1 102 131 132 -1 102 132 103 -1 103 132 133 -1 103 133 104 -1 104 133 134 -1 104 134 105 -1 105 134 135 -1 105 135 106 -1 106 135 136 -1 106 136 107 -1 107 136 137 -1 107 137 108 -1 108 137 138 -1 108 138 109 -1 109 138 139 -1 109 139 110 -1 110 139 140 -1 110 140 111 -1 111 140 141 -1 111 141 112 -1 112 141 142 -1 112 142 113 -1 113 142 143 -1 113 143 114 -1 114 143 144 -1 114 144 115 -1 115 144 145 -1 115 145 116 -1 116 145 146 -1 116 146 117 -1 117 146 147 -1 117 147 118 -1 118 147 148 -1 118 148 119 -1 119 148 149 -1 119 149 120 -1 120 149 150 -1 120 150 121 -1 121 150 151 -1 121 151 31 -1 122 0 152 -1 122 152 123 -1 123 152 153 -1 123 153 124 -1 124 153 154 -1 124 154 125 -1 125 154 155 -1 125 155 126 -1 126 155 156 -1 126 156 127 -1 127 156 157 -1 127 157 128 -1 128 157 158 -1 128 158 129 -1 129 158 159 -1 129 159 130 -1 130 159 160 -1 130 160 131 -1 131 160 161 -1 131 161 132 -1 132 161 162 -1 132 162 133 -1 133 162 163 -1 133 163 134 -1 134 163 164 -1 134 164 135 -1 135 164 165 -1 135 165 136 -1 136 165 166 -1 136 166 137 -1 137 166 167 -1 137 167 138 -1 138 167 168 -1 138 168 139 -1 139 168 169 -1 139 169 140 -1 140 169 170 -1 140 170 141 -1 141 170 171 -1 141 171 142 -1 142 171 172 -1 142 172 143 -1 143 172 173 -1 143 173 144 -1 144 173 174 -1 144 174 145 -1 145 174 175 -1 145 175 146 -1 146 175 176 -1 146 176 147 -1 147 176 177 -1 147 177 148 -1 148 177 178 -1 148 178 149 -1 149 178 179 -1 149 179 150 -1 150 179 180 -1 150 180 151 -1 151 180 181 -1 151 181 31 -1 152 0 182 -1 152 182 153 -1 153 182 183 -1 153 183 154 -1 154 183 184 -1 154 184 155 -1 155 184 185 -1 155 185 156 -1 156 185 186 -1 156 186 157 -1 157 186 187 -1 157 187 158 -1 158 187 188 -1 158 188 159 -1 159 188 189 -1 159 189 160 -1 160 189 190 -1 160 190 161 -1 161 190 191 -1 161 191 162 -1 162 191 192 -1 162 192 163 -1 163 192 193 -1 163 193 164 -1 164 193 194 -1 164 194 165 -1 165 194 195 -1 165 195 166 -1 166 195 196 -1 166 196 167 -1 167 196 197 -1 167 197 168 -1 168 197 198 -1 168 198 169 -1 169 198 199 -1 169 199 170 -1 170 199 200 -1 170 200 171 -1 171 200 201 -1 171 201 172 -1 172 201 202 -1 172 202 173 -1 173 202 203 -1 173 203 174 -1 174 203 204 -1 174 204 175 -1 175 204 205 -1 175 205 176 -1 176 205 206 -1 176 206 177 -1 177 206 207 -1 177 207 178 -1 178 207 208 -1 178 208 179 -1 179 208 209 -1 179 209 180 -1 180 209 210 -1 180 210 181 -1 181 210 211 -1 181 211 31 -1 182 0 212 -1 182 212 183 -1 183 212 213 -1 183 213 184 -1 184 213 214 -1 184 214 185 -1 185 214 215 -1 185 215 186 -1 186 215 216 -1 186 216 187 -1 187 216 217 -1 187 217 188 -1 188 217 218 -1 188 218 189 -1 189 218 219 -1 189 219 190 -1 190 219 220 -1 190 220 191 -1 191 220 221 -1 191 221 192 -1 192 221 222 -1 192 222 193 -1 193 222 223 -1 193 223 194 -1 194 223 224 -1 194 224 195 -1 195 224 225 -1 195 225 196 -1 196 225 226 -1 196 226 197 -1 197 226 227 -1 197 227 198 -1 198 227 228 -1 198 228 199 -1 199 228 229 -1 199 229 200 -1 200 229 230 -1 200 230 201 -1 201 230 231 -1 201 231 202 -1 202 231 232 -1 202 232 203 -1 203 232 233 -1 203 233 204 -1 204 233 234 -1 204 234 205 -1 205 234 235 -1 205 235 206 -1 206 235 236 -1 206 236 207 -1 207 236 237 -1 207 237 208 -1 208 237 238 -1 208 238 209 -1 209 238 239 -1 209 239 210 -1 210 239 240 -1 210 240 211 -1 211 240 241 -1 211 241 31 -1 212 0 242 -1 212 242 213 -1 213 242 243 -1 213 243 214 -1 214 243 244 -1 214 244 215 -1 215 244 245 -1 215 245 216 -1 216 245 246 -1 216 246 217 -1 217 246 247 -1 217 247 218 -1 218 247 248 -1 218 248 219 -1 219 248 249 -1 219 249 220 -1 220 249 250 -1 220 250 221 -1 221 250 251 -1 221 251 222 -1 222 251 252 -1 222 252 223 -1 223 252 253 -1 223 253 224 -1 224 253 254 -1 224 254 225 -1 225 254 255 -1 225 255 226 -1 226 255 256 -1 226 256 227 -1 227 256 257 -1 227 257 228 -1 228 257 258 -1 228 258 229 -1 229 258 259 -1 229 259 230 -1 230 259 260 -1 230 260 231 -1 231 260 261 -1 231 261 232 -1 232 261 262 -1 232 262 233 -1 233 262 263 -1 233 263 234 -1 234 263 264 -1 234 264 235 -1 235 264 265 -1 235 265 236 -1 236 265 266 -1 236 266 237 -1 237 266 267 -1 237 267 238 -1 238 267 268 -1 238 268 239 -1 239 268 269 -1 239 269 240 -1 240 269 270 -1 240 270 241 -1 241 270 271 -1 241 271 31 -1 242 0 272 -1 242 272 243 -1 243 272 273 -1 243 273 244 -1 244 273 274 -1 244 274 245 -1 245 274 275 -1 245 275 246 -1 246 275 276 -1 246 276 247 -1 247 276 277 -1 247 277 248 -1 248 277 278 -1 248 278 249 -1 249 278 279 -1 249 279 250 -1 250 279 280 -1 250 280 251 -1 251 280 281 -1 251 281 252 -1 252 281 282 -1 252 282 253 -1 253 282 283 -1 253 283 254 -1 254 283 284 -1 254 284 255 -1 255 284 285 -1 255 285 256 -1 256 285 286 -1 256 286 257 -1 257 286 287 -1 257 287 258 -1 258 287 288 -1 258 288 259 -1 259 288 289 -1 259 289 260 -1 260 289 290 -1 260 290 261 -1 261 290 291 -1 261 291 262 -1 262 291 292 -1 262 292 263 -1 263 292 293 -1 263 293 264 -1 264 293 294 -1 264 294 265 -1 265 294 295 -1 265 295 266 -1 266 295 296 -1 266 296 267 -1 267 296 297 -1 267 297 268 -1 268 297 298 -1 268 298 269 -1 269 298 299 -1 269 299 270 -1 270 299 300 -1 270 300 271 -1 271 300 301 -1 271 301 31 -1 272 0 302 -1 272 302 273 -1 273 302 303 -1 273 303 274 -1 274 303 304 -1 274 304 275 -1 275 304 305 -1 275 305 276 -1 276 305 306 -1 276 306 277 -1 277 306 307 -1 277 307 278 -1 278 307 308 -1 278 308 279 -1 279 308 309 -1 279 309 280 -1 280 309 310 -1 280 310 281 -1 281 310 311 -1 281 311 282 -1 282 311 312 -1 282 312 283 -1 283 312 313 -1 283 313 284 -1 284 313 314 -1 284 314 285 -1 285 314 315 -1 285 315 286 -1 286 315 316 -1 286 316 287 -1 287 316 317 -1 287 317 288 -1 288 317 318 -1 288 318 289 -1 289 318 319 -1 289 319 290 -1 290 319 320 -1 290 320 291 -1 291 320 321 -1 291 321 292 -1 292 321 322 -1 292 322 293 -1 293 322 323 -1 293 323 294 -1 294 323 324 -1 294 324 295 -1 295 324 325 -1 295 325 296 -1 296 325 326 -1 296 326 297 -1 297 326 327 -1 297 327 298 -1 298 327 328 -1 298 328 299 -1 299 328 329 -1 299 329 300 -1 300 329 330 -1 300 330 301 -1 301 330 331 -1 301 331 31 -1 302 0 332 -1 302 332 303 -1 303 332 333 -1 303 333 304 -1 304 333 334 -1 304 334 305 -1 305 334 335 -1 305 335 306 -1 306 335 336 -1 306 336 307 -1 307 336 337 -1 307 337 308 -1 308 337 338 -1 308 338 309 -1 309 338 339 -1 309 339 310 -1 310 339 340 -1 310 340 311 -1 311 340 341 -1 311 341 312 -1 312 341 342 -1 312 342 313 -1 313 342 343 -1 313 343 314 -1 314 343 344 -1 314 344 315 -1 315 344 345 -1 315 345 316 -1 316 345 346 -1 316 346 317 -1 317 346 347 -1 317 347 318 -1 318 347 348 -1 318 348 319 -1 319 348 349 -1 319 349 320 -1 320 349 350 -1 320 350 321 -1 321 350 351 -1 321 351 322 -1 322 351 352 -1 322 352 323 -1 323 352 353 -1 323 353 324 -1 324 353 354 -1 324 354 325 -1 325 354 355 -1 325 355 326 -1 326 355 356 -1 326 356 327 -1 327 356 357 -1 327 357 328 -1 328 357 358 -1 328 358 329 -1 329 358 359 -1 329 359 330 -1 330 359 360 -1 330 360 331 -1 331 360 361 -1 331 361 31 -1 332 0 362 -1 332 362 333 -1 333 362 363 -1 333 363 334 -1 334 363 364 -1 334 364 335 -1 335 364 365 -1 335 365 336 -1 336 365 366 -1 336 366 337 -1 337 366 367 -1 337 367 338 -1 338 367 368 -1 338 368 339 -1 339 368 369 -1 339 369 340 -1 340 369 370 -1 340 370 341 -1 341 370 371 -1 341 371 342 -1 342 371 372 -1 342 372 343 -1 343 372 373 -1 343 373 344 -1 344 373 374 -1 344 374 345 -1 345 374 375 -1 345 375 346 -1 346 375 376 -1 346 376 347 -1 347 376 377 -1 347 377 348 -1 348 377 378 -1 348 378 349 -1 349 378 379 -1 349 379 350 -1 350 379 380 -1 350 380 351 -1 351 380 381 -1 351 381 352 -1 352 381 382 -1 352 382 353 -1 353 382 383 -1 353 383 354 -1 354 383 384 -1 354 384 355 -1 355 384 385 -1 355 385 356 -1 356 385 386 -1 356 386 357 -1 357 386 387 -1 357 387 358 -1 358 387 388 -1 358 388 359 -1 359 388 389 -1 359 389 360 -1 360 389 390 -1 360 390 361 -1 361 390 391 -1 361 391 31 -1 362 0 392 -1 362 392 363 -1 363 392 393 -1 363 393 364 -1 364 393 394 -1 364 394 365 -1 365 394 395 -1 365 395 366 -1 366 395 396 -1 366 396 367 -1 367 396 397 -1 367 397 368 -1 368 397 398 -1 368 398 369 -1 369 398 399 -1 369 399 370 -1 370 399 400 -1 370 400 371 -1 371 400 401 -1 371 401 372 -1 372 401 402 -1 372 402 373 -1 373 402 403 -1 373 403 374 -1 374 403 404 -1 374 404 375 -1 375 404 405 -1 375 405 376 -1 376 405 406 -1 376 406 377 -1 377 406 407 -1 377 407 378 -1 378 407 408 -1 378 408 379 -1 379 408 409 -1 379 409 380 -1 380 409 410 -1 380 410 381 -1 381 410 411 -1 381 411 382 -1 382 411 412 -1 382 412 383 -1 383 412 413 -1 383 413 384 -1 384 413 414 -1 384 414 385 -1 385 414 415 -1 385 415 386 -1 386 415 416 -1 386 416 387 -1 387 416 417 -1 387 417 388 -1 388 417 418 -1 388 418 389 -1 389 418 419 -1 389 419 390 -1 390 419 420 -1 390 420 391 -1 391 420 421 -1 391 421 31 -1 392 0 422 -1 392 422 393 -1 393 422 423 -1 393 423 394 -1 394 423 424 -1 394 424 395 -1 395 424 425 -1 395 425 396 -1 396 425 426 -1 396 426 397 -1 397 426 427 -1 397 427 398 -1 398 427 428 -1 398 428 399 -1 399 428 429 -1 399 429 400 -1 400 429 430 -1 400 430 401 -1 401 430 431 -1 401 431 402 -1 402 431 432 -1 402 432 403 -1 403 432 433 -1 403 433 404 -1 404 433 434 -1 404 434 405 -1 405 434 435 -1 405 435 406 -1 406 435 436 -1 406 436 407 -1 407 436 437 -1 407 437 408 -1 408 437 438 -1 408 438 409 -1 409 438 439 -1 409 439 410 -1 410 439 440 -1 410 440 411 -1 411 440 441 -1 411 441 412 -1 412 441 442 -1 412 442 413 -1 413 442 443 -1 413 443 414 -1 414 443 444 -1 414 444 415 -1 415 444 445 -1 415 445 416 -1 416 445 446 -1 416 446 417 -1 417 446 447 -1 417 447 418 -1 418 447 448 -1 418 448 419 -1 419 448 449 -1 419 449 420 -1 420 449 450 -1 420 450 421 -1 421 450 451 -1 421 451 31 -1 422 0 452 -1 422 452 423 -1 423 452 453 -1 423 453 424 -1 424 453 454 -1 424 454 425 -1 425 454 455 -1 425 455 426 -1 426 455 456 -1 426 456 427 -1 427 456 457 -1 427 457 428 -1 428 457 458 -1 428 458 429 -1 429 458 459 -1 429 459 430 -1 430 459 460 -1 430 460 431 -1 431 460 461 -1 431 461 432 -1 432 461 462 -1 432 462 433 -1 433 462 463 -1 433 463 434 -1 434 463 464 -1 434 464 435 -1 435 464 465 -1 435 465 436 -1 436 465 466 -1 436 466 437 -1 437 466 467 -1 437 467 438 -1 438 467 468 -1 438 468 439 -1 439 468 469 -1 439 469 440 -1 440 469 470 -1 440 470 441 -1 441 470 471 -1 441 471 442 -1 442 471 472 -1 442 472 443 -1 443 472 473 -1 443 473 444 -1 444 473 474 -1 444 474 445 -1 445 474 475 -1 445 475 446 -1 446 475 476 -1 446 476 447 -1 447 476 477 -1 447 477 448 -1 448 477 478 -1 448 478 449 -1 449 478 479 -1 449 479 450 -1 450 479 480 -1 450 480 451 -1 451 480 481 -1 451 481 31 -1 452 0 482 -1 452 482 453 -1 453 482 483 -1 453 483 454 -1 454 483 484 -1 454 484 455 -1 455 484 485 -1 455 485 456 -1 456 485 486 -1 456 486 457 -1 457 486 487 -1 457 487 458 -1 458 487 488 -1 458 488 459 -1 459 488 489 -1 459 489 460 -1 460 489 490 -1 460 490 461 -1 461 490 491 -1 461 491 462 -1 462 491 492 -1 462 492 463 -1 463 492 493 -1 463 493 464 -1 464 493 494 -1 464 494 465 -1 465 494 495 -1 465 495 466 -1 466 495 496 -1 466 496 467 -1 467 496 497 -1 467 497 468 -1 468 497 498 -1 468 498 469 -1 469 498 499 -1 469 499 470 -1 470 499 500 -1 470 500 471 -1 471 500 501 -1 471 501 472 -1 472 501 502 -1 472 502 473 -1 473 502 503 -1 473 503 474 -1 474 503 504 -1 474 504 475 -1 475 504 505 -1 475 505 476 -1 476 505 506 -1 476 506 477 -1 477 506 507 -1 477 507 478 -1 478 507 508 -1 478 508 479 -1 479 508 509 -1 479 509 480 -1 480 509 510 -1 480 510 481 -1 481 510 511 -1 481 511 31 -1 482 0 512 -1 482 512 483 -1 483 512 513 -1 483 513 484 -1 484 513 514 -1 484 514 485 -1 485 514 515 -1 485 515 486 -1 486 515 516 -1 486 516 487 -1 487 516 517 -1 487 517 488 -1 488 517 518 -1 488 518 489 -1 489 518 519 -1 489 519 490 -1 490 519 520 -1 490 520 491 -1 491 520 521 -1 491 521 492 -1 492 521 522 -1 492 522 493 -1 493 522 523 -1 493 523 494 -1 494 523 524 -1 494 524 495 -1 495 524 525 -1 495 525 496 -1 496 525 526 -1 496 526 497 -1 497 526 527 -1 497 527 498 -1 498 527 528 -1 498 528 499 -1 499 528 529 -1 499 529 500 -1 500 529 530 -1 500 530 501 -1 501 530 531 -1 501 531 502 -1 502 531 532 -1 502 532 503 -1 503 532 533 -1 503 533 504 -1 504 533 534 -1 504 534 505 -1 505 534 535 -1 505 535 506 -1 506 535 536 -1 506 536 507 -1 507 536 537 -1 507 537 508 -1 508 537 538 -1 508 538 509 -1 509 538 539 -1 509 539 510 -1 510 539 540 -1 510 540 511 -1 511 540 541 -1 511 541 31 -1 512 0 542 -1 512 542 513 -1 513 542 543 -1 513 543 514 -1 514 543 544 -1 514 544 515 -1 515 544 545 -1 515 545 516 -1 516 545 546 -1 516 546 517 -1 517 546 547 -1 517 547 518 -1 518 547 548 -1 518 548 519 -1 519 548 549 -1 519 549 520 -1 520 549 550 -1 520 550 521 -1 521 550 551 -1 521 551 522 -1 522 551 552 -1 522 552 523 -1 523 552 553 -1 523 553 524 -1 524 553 554 -1 524 554 525 -1 525 554 555 -1 525 555 526 -1 526 555 556 -1 526 556 527 -1 527 556 557 -1 527 557 528 -1 528 557 558 -1 528 558 529 -1 529 558 559 -1 529 559 530 -1 530 559 560 -1 530 560 531 -1 531 560 561 -1 531 561 532 -1 532 561 562 -1 532 562 533 -1 533 562 563 -1 533 563 534 -1 534 563 564 -1 534 564 535 -1 535 564 565 -1 535 565 536 -1 536 565 566 -1 536 566 537 -1 537 566 567 -1 537 567 538 -1 538 567 568 -1 538 568 539 -1 539 568 569 -1 539 569 540 -1 540 569 570 -1 540 570 541 -1 541 570 571 -1 541 571 31 -1 542 0 572 -1 542 572 543 -1 543 572 573 -1 543 573 544 -1 544 573 574 -1 544 574 545 -1 545 574 575 -1 545 575 546 -1 546 575 576 -1 546 576 547 -1 547 576 577 -1 547 577 548 -1 548 577 578 -1 548 578 549 -1 549 578 579 -1 549 579 550 -1 550 579 580 -1 550 580 551 -1 551 580 581 -1 551 581 552 -1 552 581 582 -1 552 582 553 -1 553 582 583 -1 553 583 554 -1 554 583 584 -1 554 584 555 -1 555 584 585 -1 555 585 556 -1 556 585 586 -1 556 586 557 -1 557 586 587 -1 557 587 558 -1 558 587 588 -1 558 588 559 -1 559 588 589 -1 559 589 560 -1 560 589 590 -1 560 590 561 -1 561 590 591 -1 561 591 562 -1 562 591 592 -1 562 592 563 -1 563 592 593 -1 563 593 564 -1 564 593 594 -1 564 594 565 -1 565 594 595 -1 565 595 566 -1 566 595 596 -1 566 596 567 -1 567 596 597 -1 567 597 568 -1 568 597 598 -1 568 598 569 -1 569 598 599 -1 569 599 570 -1 570 599 600 -1 570 600 571 -1 571 600 601 -1 571 601 31 -1 572 0 602 -1 572 602 573 -1 573 602 603 -1 573 603 574 -1 574 603 604 -1 574 604 575 -1 575 604 605 -1 575 605 576 -1 576 605 606 -1 576 606 577 -1 577 606 607 -1 577 607 578 -1 578 607 608 -1 578 608 579 -1 579 608 609 -1 579 609 580 -1 580 609 610 -1 580 610 581 -1 581 610 611 -1 581 611 582 -1 582 611 612 -1 582 612 583 -1 583 612 613 -1 583 613 584 -1 584 613 614 -1 584 614 585 -1 585 614 615 -1 585 615 586 -1 586 615 616 -1 586 616 587 -1 587 616 617 -1 587 617 588 -1 588 617 618 -1 588 618 589 -1 589 618 619 -1 589 619 590 -1 590 619 620 -1 590 620 591 -1 591 620 621 -1 591 621 592 -1 592 621 622 -1 592 622 593 -1 593 622 623 -1 593 623 594 -1 594 623 624 -1 594 624 595 -1 595 624 625 -1 595 625 596 -1 596 625 626 -1 596 626 597 -1 597 626 627 -1 597 627 598 -1 598 627 628 -1 598 628 599 -1 599 628 629 -1 599 629 600 -1 600 629 630 -1 600 630 601 -1 601 630 631 -1 601 631 31 -1 602 0 632 -1 602 632 603 -1 603 632 633 -1 603 633 604 -1 604 633 634 -1 604 634 605 -1 605 634 635 -1 605 635 606 -1 606 635 636 -1 606 636 607 -1 607 636 637 -1 607 637 608 -1 608 637 638 -1 608 638 609 -1 609 638 639 -1 609 639 610 -1 610 639 640 -1 610 640 611 -1 611 640 641 -1 611 641 612 -1 612 641 642 -1 612 642 613 -1 613 642 643 -1 613 643 614 -1 614 643 644 -1 614 644 615 -1 615 644 645 -1 615 645 616 -1 616 645 646 -1 616 646 617 -1 617 646 647 -1 617 647 618 -1 618 647 648 -1 618 648 619 -1 619 648 649 -1 619 649 620 -1 620 649 650 -1 620 650 621 -1 621 650 651 -1 621 651 622 -1 622 651 652 -1 622 652 623 -1 623 652 653 -1 623 653 624 -1 624 653 654 -1 624 654 625 -1 625 654 655 -1 625 655 626 -1 626 655 656 -1 626 656 627 -1 627 656 657 -1 627 657 628 -1 628 657 658 -1 628 658 629 -1 629 658 659 -1 629 659 630 -1 630 659 660 -1 630 660 631 -1 631 660 661 -1 631 661 31 -1 632 0 662 -1 632 662 633 -1 633 662 663 -1 633 663 634 -1 634 663 664 -1 634 664 635 -1 635 664 665 -1 635 665 636 -1 636 665 666 -1 636 666 637 -1 637 666 667 -1 637 667 638 -1 638 667 668 -1 638 668 639 -1 639 668 669 -1 639 669 640 -1 640 669 670 -1 640 670 641 -1 641 670 671 -1 641 671 642 -1 642 671 672 -1 642 672 643 -1 643 672 673 -1 643 673 644 -1 644 673 674 -1 644 674 645 -1 645 674 675 -1 645 675 646 -1 646 675 676 -1 646 676 647 -1 647 676 677 -1 647 677 648 -1 648 677 678 -1 648 678 649 -1 649 678 679 -1 649 679 650 -1 650 679 680 -1 650 680 651 -1 651 680 681 -1 651 681 652 -1 652 681 682 -1 652 682 653 -1 653 682 683 -1 653 683 654 -1 654 683 684 -1 654 684 655 -1 655 684 685 -1 655 685 656 -1 656 685 686 -1 656 686 657 -1 657 686 687 -1 657 687 658 -1 658 687 688 -1 658 688 659 -1 659 688 689 -1 659 689 660 -1 660 689 690 -1 660 690 661 -1 661 690 691 -1 661 691 31 -1 662 0 692 -1 662 692 663 -1 663 692 693 -1 663 693 664 -1 664 693 694 -1 664 694 665 -1 665 694 695 -1 665 695 666 -1 666 695 696 -1 666 696 667 -1 667 696 697 -1 667 697 668 -1 668 697 698 -1 668 698 669 -1 669 698 699 -1 669 699 670 -1 670 699 700 -1 670 700 671 -1 671 700 701 -1 671 701 672 -1 672 701 702 -1 672 702 673 -1 673 702 703 -1 673 703 674 -1 674 703 704 -1 674 704 675 -1 675 704 705 -1 675 705 676 -1 676 705 706 -1 676 706 677 -1 677 706 707 -1 677 707 678 -1 678 707 708 -1 678 708 679 -1 679 708 709 -1 679 709 680 -1 680 709 710 -1 680 710 681 -1 681 710 711 -1 681 711 682 -1 682 711 712 -1 682 712 683 -1 683 712 713 -1 683 713 684 -1 684 713 714 -1 684 714 685 -1 685 714 715 -1 685 715 686 -1 686 715 716 -1 686 716 687 -1 687 716 717 -1 687 717 688 -1 688 717 718 -1 688 718 689 -1 689 718 719 -1 689 719 690 -1 690 719 720 -1 690 720 691 -1 691 720 721 -1 691 721 31 -1 692 0 722 -1 692 722 693 -1 693 722 723 -1 693 723 694 -1 694 723 724 -1 694 724 695 -1 695 724 725 -1 695 725 696 -1 696 725 726 -1 696 726 697 -1 697 726 727 -1 697 727 698 -1 698 727 728 -1 698 728 699 -1 699 728 729 -1 699 729 700 -1 700 729 730 -1 700 730 701 -1 701 730 731 -1 701 731 702 -1 702 731 732 -1 702 732 703 -1 703 732 733 -1 703 733 704 -1 704 733 734 -1 704 734 705 -1 705 734 735 -1 705 735 706 -1 706 735 736 -1 706 736 707 -1 707 736 737 -1 707 737 708 -1 708 737 738 -1 708 738 709 -1 709 738 739 -1 709 739 710 -1 710 739 740 -1 710 740 711 -1 711 740 741 -1 711 741 712 -1 712 741 742 -1 712 742 713 -1 713 742 743 -1 713 743 714 -1 714 743 744 -1 714 744 715 -1 715 744 745 -1 715 745 716 -1 716 745 746 -1 716 746 717 -1 717 746 747 -1 717 747 718 -1 718 747 748 -1 718 748 719 -1 719 748 749 -1 719 749 720 -1 720 749 750 -1 720 750 721 -1 721 750 751 -1 721 751 31 -1 722 0 752 -1 722 752 723 -1 723 752 753 -1 723 753 724 -1 724 753 754 -1 724 754 725 -1 725 754 755 -1 725 755 726 -1 726 755 756 -1 726 756 727 -1 727 756 757 -1 727 757 728 -1 728 757 758 -1 728 758 729 -1 729 758 759 -1 729 759 730 -1 730 759 760 -1 730 760 731 -1 731 760 761 -1 731 761 732 -1 732 761 762 -1 732 762 733 -1 733 762 763 -1 733 763 734 -1 734 763 764 -1 734 764 735 -1 735 764 765 -1 735 765 736 -1 736 765 766 -1 736 766 737 -1 737 766 767 -1 737 767 738 -1 738 767 768 -1 738 768 739 -1 739 768 769 -1 739 769 740 -1 740 769 770 -1 740 770 741 -1 741 770 771 -1 741 771 742 -1 742 771 772 -1 742 772 743 -1 743 772 773 -1 743 773 744 -1 744 773 774 -1 744 774 745 -1 745 774 775 -1 745 775 746 -1 746 775 776 -1 746 776 747 -1 747 776 777 -1 747 777 748 -1 748 777 778 -1 748 778 749 -1 749 778 779 -1 749 779 750 -1 750 779 780 -1 750 780 751 -1 751 780 781 -1 751 781 31 -1 752 0 782 -1 752 782 753 -1 753 782 783 -1 753 783 754 -1 754 783 784 -1 754 784 755 -1 755 784 785 -1 755 785 756 -1 756 785 786 -1 756 786 757 -1 757 786 787 -1 757 787 758 -1 758 787 788 -1 758 788 759 -1 759 788 789 -1 759 789 760 -1 760 789 790 -1 760 790 761 -1 761 790 791 -1 761 791 762 -1 762 791 792 -1 762 792 763 -1 763 792 793 -1 763 793 764 -1 764 793 794 -1 764 794 765 -1 765 794 795 -1 765 795 766 -1 766 795 796 -1 766 796 767 -1 767 796 797 -1 767 797 768 -1 768 797 798 -1 768 798 769 -1 769 798 799 -1 769 799 770 -1 770 799 800 -1 770 800 771 -1 771 800 801 -1 771 801 772 -1 772 801 802 -1 772 802 773 -1 773 802 803 -1 773 803 774 -1 774 803 804 -1 774 804 775 -1 775 804 805 -1 775 805 776 -1 776 805 806 -1 776 806 777 -1 777 806 807 -1 777 807 778 -1 778 807 808 -1 778 808 779 -1 779 808 809 -1 779 809 780 -1 780 809 810 -1 780 810 781 -1 781 810 811 -1 781 811 31 -1 782 0 812 -1 782 812 783 -1 783 812 813 -1 783 813 784 -1 784 813 814 -1 784 814 785 -1 785 814 815 -1 785 815 786 -1 786 815 816 -1 786 816 787 -1 787 816 817 -1 787 817 788 -1 788 817 818 -1 788 818 789 -1 789 818 819 -1 789 819 790 -1 790 819 820 -1 790 820 791 -1 791 820 821 -1 791 821 792 -1 792 821 822 -1 792 822 793 -1 793 822 823 -1 793 823 794 -1 794 823 824 -1 794 824 795 -1 795 824 825 -1 795 825 796 -1 796 825 826 -1 796 826 797 -1 797 826 827 -1 797 827 798 -1 798 827 828 -1 798 828 799 -1 799 828 829 -1 799 829 800 -1 800 829 830 -1 800 830 801 -1 801 830 831 -1 801 831 802 -1 802 831 832 -1 802 832 803 -1 803 832 833 -1 803 833 804 -1 804 833 834 -1 804 834 805 -1 805 834 835 -1 805 835 806 -1 806 835 836 -1 806 836 807 -1 807 836 837 -1 807 837 808 -1 808 837 838 -1 808 838 809 -1 809 838 839 -1 809 839 810 -1 810 839 840 -1 810 840 811 -1 811 840 841 -1 811 841 31 -1 812 0 842 -1 812 842 813 -1 813 842 843 -1 813 843 814 -1 814 843 844 -1 814 844 815 -1 815 844 845 -1 815 845 816 -1 816 845 846 -1 816 846 817 -1 817 846 847 -1 817 847 818 -1 818 847 848 -1 818 848 819 -1 819 848 849 -1 819 849 820 -1 820 849 850 -1 820 850 821 -1 821 850 851 -1 821 851 822 -1 822 851 852 -1 822 852 823 -1 823 852 853 -1 823 853 824 -1 824 853 854 -1 824 854 825 -1 825 854 855 -1 825 855 826 -1 826 855 856 -1 826 856 827 -1 827 856 857 -1 827 857 828 -1 828 857 858 -1 828 858 829 -1 829 858 859 -1 829 859 830 -1 830 859 860 -1 830 860 831 -1 831 860 861 -1 831 861 832 -1 832 861 862 -1 832 862 833 -1 833 862 863 -1 833 863 834 -1 834 863 864 -1 834 864 835 -1 835 864 865 -1 835 865 836 -1 836 865 866 -1 836 866 837 -1 837 866 867 -1 837 867 838 -1 838 867 868 -1 838 868 839 -1 839 868 869 -1 839 869 840 -1 840 869 870 -1 840 870 841 -1 841 870 871 -1 841 871 31 -1 842 0 872 -1 842 872 843 -1 843 872 873 -1 843 873 844 -1 844 873 874 -1 844 874 845 -1 845 874 875 -1 845 875 846 -1 846 875 876 -1 846 876 847 -1 847 876 877 -1 847 877 848 -1 848 877 878 -1 848 878 849 -1 849 878 879 -1 849 879 850 -1 850 879 880 -1 850 880 851 -1 851 880 881 -1 851 881 852 -1 852 881 882 -1 852 882 853 -1 853 882 883 -1 853 883 854 -1 854 883 884 -1 854 884 855 -1 855 884 885 -1 855 885 856 -1 856 885 886 -1 856 886 857 -1 857 886 887 -1 857 887 858 -1 858 887 888 -1 858 888 859 -1 859 888 889 -1 859 889 860 -1 860 889 890 -1 860 890 861 -1 861 890 891 -1 861 891 862 -1 862 891 892 -1 862 892 863 -1 863 892 893 -1 863 893 864 -1 864 893 894 -1 864 894 865 -1 865 894 895 -1 865 895 866 -1 866 895 896 -1 866 896 867 -1 867 896 897 -1 867 897 868 -1 868 897 898 -1 868 898 869 -1 869 898 899 -1 869 899 870 -1 870 899 900 -1 870 900 871 -1 871 900 901 -1 871 901 31 -1 872 0 902 -1 872 902 873 -1 873 902 903 -1 873 903 874 -1 874 903 904 -1 874 904 875 -1 875 904 905 -1 875 905 876 -1 876 905 906 -1 876 906 877 -1 877 906 907 -1 877 907 878 -1 878 907 908 -1 878 908 879 -1 879 908 909 -1 879 909 880 -1 880 909 910 -1 880 910 881 -1 881 910 911 -1 881 911 882 -1 882 911 912 -1 882 912 883 -1 883 912 913 -1 883 913 884 -1 884 913 914 -1 884 914 885 -1 885 914 915 -1 885 915 886 -1 886 915 916 -1 886 916 887 -1 887 916 917 -1 887 917 888 -1 888 917 918 -1 888 918 889 -1 889 918 919 -1 889 919 890 -1 890 919 920 -1 890 920 891 -1 891 920 921 -1 891 921 892 -1 892 921 922 -1 892 922 893 -1 893 922 923 -1 893 923 894 -1 894 923 924 -1 894 924 895 -1 895 924 925 -1 895 925 896 -1 896 925 926 -1 896 926 897 -1 897 926 927 -1 897 927 898 -1 898 927 928 -1 898 928 899 -1 899 928 929 -1 899 929 900 -1 900 929 930 -1 900 930 901 -1 901 930 931 -1 901 931 31 -1 902 0 932 -1 902 932 903 -1 903 932 933 -1 903 933 904 -1 904 933 934 -1 904 934 905 -1 905 934 935 -1 905 935 906 -1 906 935 936 -1 906 936 907 -1 907 936 937 -1 907 937 908 -1 908 937 938 -1 908 938 909 -1 909 938 939 -1 909 939 910 -1 910 939 940 -1 910 940 911 -1 911 940 941 -1 911 941 912 -1 912 941 942 -1 912 942 913 -1 913 942 943 -1 913 943 914 -1 914 943 944 -1 914 944 915 -1 915 944 945 -1 915 945 916 -1 916 945 946 -1 916 946 917 -1 917 946 947 -1 917 947 918 -1 918 947 948 -1 918 948 919 -1 919 948 949 -1 919 949 920 -1 920 949 950 -1 920 950 921 -1 921 950 951 -1 921 951 922 -1 922 951 952 -1 922 952 923 -1 923 952 953 -1 923 953 924 -1 924 953 954 -1 924 954 925 -1 925 954 955 -1 925 955 926 -1 926 955 956 -1 926 956 927 -1 927 956 957 -1 927 957 928 -1 928 957 958 -1 928 958 929 -1 929 958 959 -1 929 959 930 -1 930 959 960 -1 930 960 931 -1 931 960 961 -1 931 961 31 -1 932 0 962 -1 932 962 933 -1 933 962 963 -1 933 963 934 -1 934 963 964 -1 934 964 935 -1 935 964 965 -1 935 965 936 -1 936 965 966 -1 936 966 937 -1 937 966 967 -1 937 967 938 -1 938 967 968 -1 938 968 939 -1 939 968 969 -1 939 969 940 -1 940 969 970 -1 940 970 941 -1 941 970 971 -1 941 971 942 -1 942 971 972 -1 942 972 943 -1 943 972 973 -1 943 973 944 -1 944 973 974 -1 944 974 945 -1 945 974 975 -1 945 975 946 -1 946 975 976 -1 946 976 947 -1 947 976 977 -1 947 977 948 -1 948 977 978 -1 948 978 949 -1 949 978 979 -1 949 979 950 -1 950 979 980 -1 950 980 951 -1 951 980 981 -1 951 981 952 -1 952 981 982 -1 952 982 953 -1 953 982 983 -1 953 983 954 -1 954 983 984 -1 954 984 955 -1 955 984 985 -1 955 985 956 -1 956 985 986 -1 956 986 957 -1 957 986 987 -1 957 987 958 -1 958 987 988 -1 958 988 959 -1 959 988 989 -1 959 989 960 -1 960 989 990 -1 960 990 961 -1 961 990 991 -1 961 991 31 -1 962 0 992 -1 962 992 963 -1 963 992 993 -1 963 993 964 -1 964 993 994 -1 964 994 965 -1 965 994 995 -1 965 995 966 -1 966 995 996 -1 966 996 967 -1 967 996 997 -1 967 997 968 -1 968 997 998 -1 968 998 969 -1 969 998 999 -1 969 999 970 -1 970 999 1000 -1 970 1000 971 -1 971 1000 1001 -1 971 1001 972 -1 972 1001 1002 -1 972 1002 973 -1 973 1002 1003 -1 973 1003 974 -1 974 1003 1004 -1 974 1004 975 -1 975 1004 1005 -1 975 1005 976 -1 976 1005 1006 -1 976 1006 977 -1 977 1006 1007 -1 977 1007 978 -1 978 1007 1008 -1 978 1008 979 -1 979 1008 1009 -1 979 1009 980 -1 980 1009 1010 -1 980 1010 981 -1 981 1010 1011 -1 981 1011 982 -1 982 1011 1012 -1 982 1012 983 -1 983 1012 1013 -1 983 1013 984 -1 984 1013 1014 -1 984 1014 985 -1 985 1014 1015 -1 985 1015 986 -1 986 1015 1016 -1 986 1016 987 -1 987 1016 1017 -1 987 1017 988 -1 988 1017 1018 -1 988 1018 989 -1 989 1018 1019 -1 989 1019 990 -1 990 1019 1020 -1 990 1020 991 -1 991 1020 1021 -1 991 1021 31 -1 992 0 1022 -1 992 1022 993 -1 993 1022 1023 -1 993 1023 994 -1 994 1023 1024 -1 994 1024 995 -1 995 1024 1025 -1 995 1025 996 -1 996 1025 1026 -1 996 1026 997 -1 997 1026 1027 -1 997 1027 998 -1 998 1027 1028 -1 998 1028 999 -1 999 1028 1029 -1 999 1029 1000 -1 1000 1029 1030 -1 1000 1030 1001 -1 1001 1030 1031 -1 1001 1031 1002 -1 1002 1031 1032 -1 1002 1032 1003 -1 1003 1032 1033 -1 1003 1033 1004 -1 1004 1033 1034 -1 1004 1034 1005 -1 1005 1034 1035 -1 1005 1035 1006 -1 1006 1035 1036 -1 1006 1036 1007 -1 1007 1036 1037 -1 1007 1037 1008 -1 1008 1037 1038 -1 1008 1038 1009 -1 1009 1038 1039 -1 1009 1039 1010 -1 1010 1039 1040 -1 1010 1040 1011 -1 1011 1040 1041 -1 1011 1041 1012 -1 1012 1041 1042 -1 1012 1042 1013 -1 1013 1042 1043 -1 1013 1043 1014 -1 1014 1043 1044 -1 1014 1044 1015 -1 1015 1044 1045 -1 1015 1045 1016 -1 1016 1045 1046 -1 1016 1046 1017 -1 1017 1046 1047 -1 1017 1047 1018 -1 1018 1047 1048 -1 1018 1048 1019 -1 1019 1048 1049 -1 1019 1049 1020 -1 1020 1049 1050 -1 1020 1050 1021 -1 1021 1050 1051 -1 1021 1051 31 -1 1022 0 1052 -1 1022 1052 1023 -1 1023 1052 1053 -1 1023 1053 1024 -1 1024 1053 1054 -1 1024 1054 1025 -1 1025 1054 1055 -1 1025 1055 1026 -1 1026 1055 1056 -1 1026 1056 1027 -1 1027 1056 1057 -1 1027 1057 1028 -1 1028 1057 1058 -1 1028 1058 1029 -1 1029 1058 1059 -1 1029 1059 1030 -1 1030 1059 1060 -1 1030 1060 1031 -1 1031 1060 1061 -1 1031 1061 1032 -1 1032 1061 1062 -1 1032 1062 1033 -1 1033 1062 1063 -1 1033 1063 1034 -1 1034 1063 1064 -1 1034 1064 1035 -1 1035 1064 1065 -1 1035 1065 1036 -1 1036 1065 1066 -1 1036 1066 1037 -1 1037 1066 1067 -1 1037 1067 1038 -1 1038 1067 1068 -1 1038 1068 1039 -1 1039 1068 1069 -1 1039 1069 1040 -1 1040 1069 1070 -1 1040 1070 1041 -1 1041 1070 1071 -1 1041 1071 1042 -1 1042 1071 1072 -1 1042 1072 1043 -1 1043 1072 1073 -1 1043 1073 1044 -1 1044 1073 1074 -1 1044 1074 1045 -1 1045 1074 1075 -1 1045 1075 1046 -1 1046 1075 1076 -1 1046 1076 1047 -1 1047 1076 1077 -1 1047 1077 1048 -1 1048 1077 1078 -1 1048 1078 1049 -1 1049 1078 1079 -1 1049 1079 1050 -1 1050 1079 1080 -1 1050 1080 1051 -1 1051 1080 1081 -1 1051 1081 31 -1 1052 0 1082 -1 1052 1082 1053 -1 1053 1082 1083 -1 1053 1083 1054 -1 1054 1083 1084 -1 1054 1084 1055 -1 1055 1084 1085 -1 1055 1085 1056 -1 1056 1085 1086 -1 1056 1086 1057 -1 1057 1086 1087 -1 1057 1087 1058 -1 1058 1087 1088 -1 1058 1088 1059 -1 1059 1088 1089 -1 1059 1089 1060 -1 1060 1089 1090 -1 1060 1090 1061 -1 1061 1090 1091 -1 1061 1091 1062 -1 1062 1091 1092 -1 1062 1092 1063 -1 1063 1092 1093 -1 1063 1093 1064 -1 1064 1093 1094 -1 1064 1094 1065 -1 1065 1094 1095 -1 1065 1095 1066 -1 1066 1095 1096 -1 1066 1096 1067 -1 1067 1096 1097 -1 1067 1097 1068 -1 1068 1097 1098 -1 1068 1098 1069 -1 1069 1098 1099 -1 1069 1099 1070 -1 1070 1099 1100 -1 1070 1100 1071 -1 1071 1100 1101 -1 1071 1101 1072 -1 1072 1101 1102 -1 1072 1102 1073 -1 1073 1102 1103 -1 1073 1103 1074 -1 1074 1103 1104 -1 1074 1104 1075 -1 1075 1104 1105 -1 1075 1105 1076 -1 1076 1105 1106 -1 1076 1106 1077 -1 1077 1106 1107 -1 1077 1107 1078 -1 1078 1107 1108 -1 1078 1108 1079 -1 1079 1108 1109 -1 1079 1109 1080 -1 1080 1109 1110 -1 1080 1110 1081 -1 1081 1110 1111 -1 1081 1111 31 -1 1082 0 1112 -1 1082 1112 1083 -1 1083 1112 1113 -1 1083 1113 1084 -1 1084 1113 1114 -1 1084 1114 1085 -1 1085 1114 1115 -1 1085 1115 1086 -1 1086 1115 1116 -1 1086 1116 1087 -1 1087 1116 1117 -1 1087 1117 1088 -1 1088 1117 1118 -1 1088 1118 1089 -1 1089 1118 1119 -1 1089 1119 1090 -1 1090 1119 1120 -1 1090 1120 1091 -1 1091 1120 1121 -1 1091 1121 1092 -1 1092 1121 1122 -1 1092 1122 1093 -1 1093 1122 1123 -1 1093 1123 1094 -1 1094 1123 1124 -1 1094 1124 1095 -1 1095 1124 1125 -1 1095 1125 1096 -1 1096 1125 1126 -1 1096 1126 1097 -1 1097 1126 1127 -1 1097 1127 1098 -1 1098 1127 1128 -1 1098 1128 1099 -1 1099 1128 1129 -1 1099 1129 1100 -1 1100 1129 1130 -1 1100 1130 1101 -1 1101 1130 1131 -1 1101 1131 1102 -1 1102 1131 1132 -1 1102 1132 1103 -1 1103 1132 1133 -1 1103 1133 1104 -1 1104 1133 1134 -1 1104 1134 1105 -1 1105 1134 1135 -1 1105 1135 1106 -1 1106 1135 1136 -1 1106 1136 1107 -1 1107 1136 1137 -1 1107 1137 1108 -1 1108 1137 1138 -1 1108 1138 1109 -1 1109 1138 1139 -1 1109 1139 1110 -1 1110 1139 1140 -1 1110 1140 1111 -1 1111 1140 1141 -1 1111 1141 31 -1 1112 0 1142 -1 1112 1142 1113 -1 1113 1142 1143 -1 1113 1143 1114 -1 1114 1143 1144 -1 1114 1144 1115 -1 1115 1144 1145 -1 1115 1145 1116 -1 1116 1145 1146 -1 1116 1146 1117 -1 1117 1146 1147 -1 1117 1147 1118 -1 1118 1147 1148 -1 1118 1148 1119 -1 1119 1148 1149 -1 1119 1149 1120 -1 1120 1149 1150 -1 1120 1150 1121 -1 1121 1150 1151 -1 1121 1151 1122 -1 1122 1151 1152 -1 1122 1152 1123 -1 1123 1152 1153 -1 1123 1153 1124 -1 1124 1153 1154 -1 1124 1154 1125 -1 1125 1154 1155 -1 1125 1155 1126 -1 1126 1155 1156 -1 1126 1156 1127 -1 1127 1156 1157 -1 1127 1157 1128 -1 1128 1157 1158 -1 1128 1158 1129 -1 1129 1158 1159 -1 1129 1159 1130 -1 1130 1159 1160 -1 1130 1160 1131 -1 1131 1160 1161 -1 1131 1161 1132 -1 1132 1161 1162 -1 1132 1162 1133 -1 1133 1162 1163 -1 1133 1163 1134 -1 1134 1163 1164 -1 1134 1164 1135 -1 1135 1164 1165 -1 1135 1165 1136 -1 1136 1165 1166 -1 1136 1166 1137 -1 1137 1166 1167 -1 1137 1167 1138 -1 1138 1167 1168 -1 1138 1168 1139 -1 1139 1168 1169 -1 1139 1169 1140 -1 1140 1169 1170 -1 1140 1170 1141 -1 1141 1170 1171 -1 1141 1171 31 -1 1142 0 1172 -1 1142 1172 1143 -1 1143 1172 1173 -1 1143 1173 1144 -1 1144 1173 1174 -1 1144 1174 1145 -1 1145 1174 1175 -1 1145 1175 1146 -1 1146 1175 1176 -1 1146 1176 1147 -1 1147 1176 1177 -1 1147 1177 1148 -1 1148 1177 1178 -1 1148 1178 1149 -1 1149 1178 1179 -1 1149 1179 1150 -1 1150 1179 1180 -1 1150 1180 1151 -1 1151 1180 1181 -1 1151 1181 1152 -1 1152 1181 1182 -1 1152 1182 1153 -1 1153 1182 1183 -1 1153 1183 1154 -1 1154 1183 1184 -1 1154 1184 1155 -1 1155 1184 1185 -1 1155 1185 1156 -1 1156 1185 1186 -1 1156 1186 1157 -1 1157 1186 1187 -1 1157 1187 1158 -1 1158 1187 1188 -1 1158 1188 1159 -1 1159 1188 1189 -1 1159 1189 1160 -1 1160 1189 1190 -1 1160 1190 1161 -1 1161 1190 1191 -1 1161 1191 1162 -1 1162 1191 1192 -1 1162 1192 1163 -1 1163 1192 1193 -1 1163 1193 1164 -1 1164 1193 1194 -1 1164 1194 1165 -1 1165 1194 1195 -1 1165 1195 1166 -1 1166 1195 1196 -1 1166 1196 1167 -1 1167 1196 1197 -1 1167 1197 1168 -1 1168 1197 1198 -1 1168 1198 1169 -1 1169 1198 1199 -1 1169 1199 1170 -1 1170 1199 1200 -1 1170 1200 1171 -1 1171 1200 1201 -1 1171 1201 31 -1 1172 0 1202 -1 1172 1202 1173 -1 1173 1202 1203 -1 1173 1203 1174 -1 1174 1203 1204 -1 1174 1204 1175 -1 1175 1204 1205 -1 1175 1205 1176 -1 1176 1205 1206 -1 1176 1206 1177 -1 1177 1206 1207 -1 1177 1207 1178 -1 1178 1207 1208 -1 1178 1208 1179 -1 1179 1208 1209 -1 1179 1209 1180 -1 1180 1209 1210 -1 1180 1210 1181 -1 1181 1210 1211 -1 1181 1211 1182 -1 1182 1211 1212 -1 1182 1212 1183 -1 1183 1212 1213 -1 1183 1213 1184 -1 1184 1213 1214 -1 1184 1214 1185 -1 1185 1214 1215 -1 1185 1215 1186 -1 1186 1215 1216 -1 1186 1216 1187 -1 1187 1216 1217 -1 1187 1217 1188 -1 1188 1217 1218 -1 1188 1218 1189 -1 1189 1218 1219 -1 1189 1219 1190 -1 1190 1219 1220 -1 1190 1220 1191 -1 1191 1220 1221 -1 1191 1221 1192 -1 1192 1221 1222 -1 1192 1222 1193 -1 1193 1222 1223 -1 1193 1223 1194 -1 1194 1223 1224 -1 1194 1224 1195 -1 1195 1224 1225 -1 1195 1225 1196 -1 1196 1225 1226 -1 1196 1226 1197 -1 1197 1226 1227 -1 1197 1227 1198 -1 1198 1227 1228 -1 1198 1228 1199 -1 1199 1228 1229 -1 1199 1229 1200 -1 1200 1229 1230 -1 1200 1230 1201 -1 1201 1230 1231 -1 1201 1231 31 -1 1202 0 1232 -1 1202 1232 1203 -1 1203 1232 1233 -1 1203 1233 1204 -1 1204 1233 1234 -1 1204 1234 1205 -1 1205 1234 1235 -1 1205 1235 1206 -1 1206 1235 1236 -1 1206 1236 1207 -1 1207 1236 1237 -1 1207 1237 1208 -1 1208 1237 1238 -1 1208 1238 1209 -1 1209 1238 1239 -1 1209 1239 1210 -1 1210 1239 1240 -1 1210 1240 1211 -1 1211 1240 1241 -1 1211 1241 1212 -1 1212 1241 1242 -1 1212 1242 1213 -1 1213 1242 1243 -1 1213 1243 1214 -1 1214 1243 1244 -1 1214 1244 1215 -1 1215 1244 1245 -1 1215 1245 1216 -1 1216 1245 1246 -1 1216 1246 1217 -1 1217 1246 1247 -1 1217 1247 1218 -1 1218 1247 1248 -1 1218 1248 1219 -1 1219 1248 1249 -1 1219 1249 1220 -1 1220 1249 1250 -1 1220 1250 1221 -1 1221 1250 1251 -1 1221 1251 1222 -1 1222 1251 1252 -1 1222 1252 1223 -1 1223 1252 1253 -1 1223 1253 1224 -1 1224 1253 1254 -1 1224 1254 1225 -1 1225 1254 1255 -1 1225 1255 1226 -1 1226 1255 1256 -1 1226 1256 1227 -1 1227 1256 1257 -1 1227 1257 1228 -1 1228 1257 1258 -1 1228 1258 1229 -1 1229 1258 1259 -1 1229 1259 1230 -1 1230 1259 1260 -1 1230 1260 1231 -1 1231 1260 1261 -1 1231 1261 31 -1 1232 0 1262 -1 1232 1262 1233 -1 1233 1262 1263 -1 1233 1263 1234 -1 1234 1263 1264 -1 1234 1264 1235 -1 1235 1264 1265 -1 1235 1265 1236 -1 1236 1265 1266 -1 1236 1266 1237 -1 1237 1266 1267 -1 1237 1267 1238 -1 1238 1267 1268 -1 1238 1268 1239 -1 1239 1268 1269 -1 1239 1269 1240 -1 1240 1269 1270 -1 1240 1270 1241 -1 1241 1270 1271 -1 1241 1271 1242 -1 1242 1271 1272 -1 1242 1272 1243 -1 1243 1272 1273 -1 1243 1273 1244 -1 1244 1273 1274 -1 1244 1274 1245 -1 1245 1274 1275 -1 1245 1275 1246 -1 1246 1275 1276 -1 1246 1276 1247 -1 1247 1276 1277 -1 1247 1277 1248 -1 1248 1277 1278 -1 1248 1278 1249 -1 1249 1278 1279 -1 1249 1279 1250 -1 1250 1279 1280 -1 1250 1280 1251 -1 1251 1280 1281 -1 1251 1281 1252 -1 1252 1281 1282 -1 1252 1282 1253 -1 1253 1282 1283 -1 1253 1283 1254 -1 1254 1283 1284 -1 1254 1284 1255 -1 1255 1284 1285 -1 1255 1285 1256 -1 1256 1285 1286 -1 1256 1286 1257 -1 1257 1286 1287 -1 1257 1287 1258 -1 1258 1287 1288 -1 1258 1288 1259 -1 1259 1288 1289 -1 1259 1289 1260 -1 1260 1289 1290 -1 1260 1290 1261 -1 1261 1290 1291 -1 1261 1291 31 -1 1262 0 1292 -1 1262 1292 1263 -1 1263 1292 1293 -1 1263 1293 1264 -1 1264 1293 1294 -1 1264 1294 1265 -1 1265 1294 1295 -1 1265 1295 1266 -1 1266 1295 1296 -1 1266 1296 1267 -1 1267 1296 1297 -1 1267 1297 1268 -1 1268 1297 1298 -1 1268 1298 1269 -1 1269 1298 1299 -1 1269 1299 1270 -1 1270 1299 1300 -1 1270 1300 1271 -1 1271 1300 1301 -1 1271 1301 1272 -1 1272 1301 1302 -1 1272 1302 1273 -1 1273 1302 1303 -1 1273 1303 1274 -1 1274 1303 1304 -1 1274 1304 1275 -1 1275 1304 1305 -1 1275 1305 1276 -1 1276 1305 1306 -1 1276 1306 1277 -1 1277 1306 1307 -1 1277 1307 1278 -1 1278 1307 1308 -1 1278 1308 1279 -1 1279 1308 1309 -1 1279 1309 1280 -1 1280 1309 1310 -1 1280 1310 1281 -1 1281 1310 1311 -1 1281 1311 1282 -1 1282 1311 1312 -1 1282 1312 1283 -1 1283 1312 1313 -1 1283 1313 1284 -1 1284 1313 1314 -1 1284 1314 1285 -1 1285 1314 1315 -1 1285 1315 1286 -1 1286 1315 1316 -1 1286 1316 1287 -1 1287 1316 1317 -1 1287 1317 1288 -1 1288 1317 1318 -1 1288 1318 1289 -1 1289 1318 1319 -1 1289 1319 1290 -1 1290 1319 1320 -1 1290 1320 1291 -1 1291 1320 1321 -1 1291 1321 31 -1 1292 0 1322 -1 1292 1322 1293 -1 1293 1322 1323 -1 1293 1323 1294 -1 1294 1323 1324 -1 1294 1324 1295 -1 1295 1324 1325 -1 1295 1325 1296 -1 1296 1325 1326 -1 1296 1326 1297 -1 1297 1326 1327 -1 1297 1327 1298 -1 1298 1327 1328 -1 1298 1328 1299 -1 1299 1328 1329 -1 1299 1329 1300 -1 1300 1329 1330 -1 1300 1330 1301 -1 1301 1330 1331 -1 1301 1331 1302 -1 1302 1331 1332 -1 1302 1332 1303 -1 1303 1332 1333 -1 1303 1333 1304 -1 1304 1333 1334 -1 1304 1334 1305 -1 1305 1334 1335 -1 1305 1335 1306 -1 1306 1335 1336 -1 1306 1336 1307 -1 1307 1336 1337 -1 1307 1337 1308 -1 1308 1337 1338 -1 1308 1338 1309 -1 1309 1338 1339 -1 1309 1339 1310 -1 1310 1339 1340 -1 1310 1340 1311 -1 1311 1340 1341 -1 1311 1341 1312 -1 1312 1341 1342 -1 1312 1342 1313 -1 1313 1342 1343 -1 1313 1343 1314 -1 1314 1343 1344 -1 1314 1344 1315 -1 1315 1344 1345 -1 1315 1345 1316 -1 1316 1345 1346 -1 1316 1346 1317 -1 1317 1346 1347 -1 1317 1347 1318 -1 1318 1347 1348 -1 1318 1348 1319 -1 1319 1348 1349 -1 1319 1349 1320 -1 1320 1349 1350 -1 1320 1350 1321 -1 1321 1350 1351 -1 1321 1351 31 -1 1322 0 1352 -1 1322 1352 1323 -1 1323 1352 1353 -1 1323 1353 1324 -1 1324 1353 1354 -1 1324 1354 1325 -1 1325 1354 1355 -1 1325 1355 1326 -1 1326 1355 1356 -1 1326 1356 1327 -1 1327 1356 1357 -1 1327 1357 1328 -1 1328 1357 1358 -1 1328 1358 1329 -1 1329 1358 1359 -1 1329 1359 1330 -1 1330 1359 1360 -1 1330 1360 1331 -1 1331 1360 1361 -1 1331 1361 1332 -1 1332 1361 1362 -1 1332 1362 1333 -1 1333 1362 1363 -1 1333 1363 1334 -1 1334 1363 1364 -1 1334 1364 1335 -1 1335 1364 1365 -1 1335 1365 1336 -1 1336 1365 1366 -1 1336 1366 1337 -1 1337 1366 1367 -1 1337 1367 1338 -1 1338 1367 1368 -1 1338 1368 1339 -1 1339 1368 1369 -1 1339 1369 1340 -1 1340 1369 1370 -1 1340 1370 1341 -1 1341 1370 1371 -1 1341 1371 1342 -1 1342 1371 1372 -1 1342 1372 1343 -1 1343 1372 1373 -1 1343 1373 1344 -1 1344 1373 1374 -1 1344 1374 1345 -1 1345 1374 1375 -1 1345 1375 1346 -1 1346 1375 1376 -1 1346 1376 1347 -1 1347 1376 1377 -1 1347 1377 1348 -1 1348 1377 1378 -1 1348 1378 1349 -1 1349 1378 1379 -1 1349 1379 1350 -1 1350 1379 1380 -1 1350 1380 1351 -1 1351 1380 1381 -1 1351 1381 31 -1 1352 0 1382 -1 1352 1382 1353 -1 1353 1382 1383 -1 1353 1383 1354 -1 1354 1383 1384 -1 1354 1384 1355 -1 1355 1384 1385 -1 1355 1385 1356 -1 1356 1385 1386 -1 1356 1386 1357 -1 1357 1386 1387 -1 1357 1387 1358 -1 1358 1387 1388 -1 1358 1388 1359 -1 1359 1388 1389 -1 1359 1389 1360 -1 1360 1389 1390 -1 1360 1390 1361 -1 1361 1390 1391 -1 1361 1391 1362 -1 1362 1391 1392 -1 1362 1392 1363 -1 1363 1392 1393 -1 1363 1393 1364 -1 1364 1393 1394 -1 1364 1394 1365 -1 1365 1394 1395 -1 1365 1395 1366 -1 1366 1395 1396 -1 1366 1396 1367 -1 1367 1396 1397 -1 1367 1397 1368 -1 1368 1397 1398 -1 1368 1398 1369 -1 1369 1398 1399 -1 1369 1399 1370 -1 1370 1399 1400 -1 1370 1400 1371 -1 1371 1400 1401 -1 1371 1401 1372 -1 1372 1401 1402 -1 1372 1402 1373 -1 1373 1402 1403 -1 1373 1403 1374 -1 1374 1403 1404 -1 1374 1404 1375 -1 1375 1404 1405 -1 1375 1405 1376 -1 1376 1405 1406 -1 1376 1406 1377 -1 1377 1406 1407 -1 1377 1407 1378 -1 1378 1407 1408 -1 1378 1408 1379 -1 1379 1408 1409 -1 1379 1409 1380 -1 1380 1409 1410 -1 1380 1410 1381 -1 1381 1410 1411 -1 1381 1411 31 -1 1382 0 1412 -1 1382 1412 1383 -1 1383 1412 1413 -1 1383 1413 1384 -1 1384 1413 1414 -1 1384 1414 1385 -1 1385 1414 1415 -1 1385 1415 1386 -1 1386 1415 1416 -1 1386 1416 1387 -1 1387 1416 1417 -1 1387 1417 1388 -1 1388 1417 1418 -1 1388 1418 1389 -1 1389 1418 1419 -1 1389 1419 1390 -1 1390 1419 1420 -1 1390 1420 1391 -1 1391 1420 1421 -1 1391 1421 1392 -1 1392 1421 1422 -1 1392 1422 1393 -1 1393 1422 1423 -1 1393 1423 1394 -1 1394 1423 1424 -1 1394 1424 1395 -1 1395 1424 1425 -1 1395 1425 1396 -1 1396 1425 1426 -1 1396 1426 1397 -1 1397 1426 1427 -1 1397 1427 1398 -1 1398 1427 1428 -1 1398 1428 1399 -1 1399 1428 1429 -1 1399 1429 1400 -1 1400 1429 1430 -1 1400 1430 1401 -1 1401 1430 1431 -1 1401 1431 1402 -1 1402 1431 1432 -1 1402 1432 1403 -1 1403 1432 1433 -1 1403 1433 1404 -1 1404 1433 1434 -1 1404 1434 1405 -1 1405 1434 1435 -1 1405 1435 1406 -1 1406 1435 1436 -1 1406 1436 1407 -1 1407 1436 1437 -1 1407 1437 1408 -1 1408 1437 1438 -1 1408 1438 1409 -1 1409 1438 1439 -1 1409 1439 1410 -1 1410 1439 1440 -1 1410 1440 1411 -1 1411 1440 1441 -1 1411 1441 31 -1 1412 0 1442 -1 1412 1442 1413 -1 1413 1442 1443 -1 1413 1443 1414 -1 1414 1443 1444 -1 1414 1444 1415 -1 1415 1444 1445 -1 1415 1445 1416 -1 1416 1445 1446 -1 1416 1446 1417 -1 1417 1446 1447 -1 1417 1447 1418 -1 1418 1447 1448 -1 1418 1448 1419 -1 1419 1448 1449 -1 1419 1449 1420 -1 1420 1449 1450 -1 1420 1450 1421 -1 1421 1450 1451 -1 1421 1451 1422 -1 1422 1451 1452 -1 1422 1452 1423 -1 1423 1452 1453 -1 1423 1453 1424 -1 1424 1453 1454 -1 1424 1454 1425 -1 1425 1454 1455 -1 1425 1455 1426 -1 1426 1455 1456 -1 1426 1456 1427 -1 1427 1456 1457 -1 1427 1457 1428 -1 1428 1457 1458 -1 1428 1458 1429 -1 1429 1458 1459 -1 1429 1459 1430 -1 1430 1459 1460 -1 1430 1460 1431 -1 1431 1460 1461 -1 1431 1461 1432 -1 1432 1461 1462 -1 1432 1462 1433 -1 1433 1462 1463 -1 1433 1463 1434 -1 1434 1463 1464 -1 1434 1464 1435 -1 1435 1464 1465 -1 1435 1465 1436 -1 1436 1465 1466 -1 1436 1466 1437 -1 1437 1466 1467 -1 1437 1467 1438 -1 1438 1467 1468 -1 1438 1468 1439 -1 1439 1468 1469 -1 1439 1469 1440 -1 1440 1469 1470 -1 1440 1470 1441 -1 1441 1470 1471 -1 1441 1471 31 -1 1442 0 1472 -1 1442 1472 1443 -1 1443 1472 1473 -1 1443 1473 1444 -1 1444 1473 1474 -1 1444 1474 1445 -1 1445 1474 1475 -1 1445 1475 1446 -1 1446 1475 1476 -1 1446 1476 1447 -1 1447 1476 1477 -1 1447 1477 1448 -1 1448 1477 1478 -1 1448 1478 1449 -1 1449 1478 1479 -1 1449 1479 1450 -1 1450 1479 1480 -1 1450 1480 1451 -1 1451 1480 1481 -1 1451 1481 1452 -1 1452 1481 1482 -1 1452 1482 1453 -1 1453 1482 1483 -1 1453 1483 1454 -1 1454 1483 1484 -1 1454 1484 1455 -1 1455 1484 1485 -1 1455 1485 1456 -1 1456 1485 1486 -1 1456 1486 1457 -1 1457 1486 1487 -1 1457 1487 1458 -1 1458 1487 1488 -1 1458 1488 1459 -1 1459 1488 1489 -1 1459 1489 1460 -1 1460 1489 1490 -1 1460 1490 1461 -1 1461 1490 1491 -1 1461 1491 1462 -1 1462 1491 1492 -1 1462 1492 1463 -1 1463 1492 1493 -1 1463 1493 1464 -1 1464 1493 1494 -1 1464 1494 1465 -1 1465 1494 1495 -1 1465 1495 1466 -1 1466 1495 1496 -1 1466 1496 1467 -1 1467 1496 1497 -1 1467 1497 1468 -1 1468 1497 1498 -1 1468 1498 1469 -1 1469 1498 1499 -1 1469 1499 1470 -1 1470 1499 1500 -1 1470 1500 1471 -1 1471 1500 1501 -1 1471 1501 31 -1 1472 0 1502 -1 1472 1502 1473 -1 1473 1502 1503 -1 1473 1503 1474 -1 1474 1503 1504 -1 1474 1504 1475 -1 1475 1504 1505 -1 1475 1505 1476 -1 1476 1505 1506 -1 1476 1506 1477 -1 1477 1506 1507 -1 1477 1507 1478 -1 1478 1507 1508 -1 1478 1508 1479 -1 1479 1508 1509 -1 1479 1509 1480 -1 1480 1509 1510 -1 1480 1510 1481 -1 1481 1510 1511 -1 1481 1511 1482 -1 1482 1511 1512 -1 1482 1512 1483 -1 1483 1512 1513 -1 1483 1513 1484 -1 1484 1513 1514 -1 1484 1514 1485 -1 1485 1514 1515 -1 1485 1515 1486 -1 1486 1515 1516 -1 1486 1516 1487 -1 1487 1516 1517 -1 1487 1517 1488 -1 1488 1517 1518 -1 1488 1518 1489 -1 1489 1518 1519 -1 1489 1519 1490 -1 1490 1519 1520 -1 1490 1520 1491 -1 1491 1520 1521 -1 1491 1521 1492 -1 1492 1521 1522 -1 1492 1522 1493 -1 1493 1522 1523 -1 1493 1523 1494 -1 1494 1523 1524 -1 1494 1524 1495 -1 1495 1524 1525 -1 1495 1525 1496 -1 1496 1525 1526 -1 1496 1526 1497 -1 1497 1526 1527 -1 1497 1527 1498 -1 1498 1527 1528 -1 1498 1528 1499 -1 1499 1528 1529 -1 1499 1529 1500 -1 1500 1529 1530 -1 1500 1530 1501 -1 1501 1530 1531 -1 1501 1531 31 -1 1502 0 1532 -1 1502 1532 1503 -1 1503 1532 1533 -1 1503 1533 1504 -1 1504 1533 1534 -1 1504 1534 1505 -1 1505 1534 1535 -1 1505 1535 1506 -1 1506 1535 1536 -1 1506 1536 1507 -1 1507 1536 1537 -1 1507 1537 1508 -1 1508 1537 1538 -1 1508 1538 1509 -1 1509 1538 1539 -1 1509 1539 1510 -1 1510 1539 1540 -1 1510 1540 1511 -1 1511 1540 1541 -1 1511 1541 1512 -1 1512 1541 1542 -1 1512 1542 1513 -1 1513 1542 1543 -1 1513 1543 1514 -1 1514 1543 1544 -1 1514 1544 1515 -1 1515 1544 1545 -1 1515 1545 1516 -1 1516 1545 1546 -1 1516 1546 1517 -1 1517 1546 1547 -1 1517 1547 1518 -1 1518 1547 1548 -1 1518 1548 1519 -1 1519 1548 1549 -1 1519 1549 1520 -1 1520 1549 1550 -1 1520 1550 1521 -1 1521 1550 1551 -1 1521 1551 1522 -1 1522 1551 1552 -1 1522 1552 1523 -1 1523 1552 1553 -1 1523 1553 1524 -1 1524 1553 1554 -1 1524 1554 1525 -1 1525 1554 1555 -1 1525 1555 1526 -1 1526 1555 1556 -1 1526 1556 1527 -1 1527 1556 1557 -1 1527 1557 1528 -1 1528 1557 1558 -1 1528 1558 1529 -1 1529 1558 1559 -1 1529 1559 1530 -1 1530 1559 1560 -1 1530 1560 1531 -1 1531 1560 1561 -1 1531 1561 31 -1 1532 0 1562 -1 1532 1562 1533 -1 1533 1562 1563 -1 1533 1563 1534 -1 1534 1563 1564 -1 1534 1564 1535 -1 1535 1564 1565 -1 1535 1565 1536 -1 1536 1565 1566 -1 1536 1566 1537 -1 1537 1566 1567 -1 1537 1567 1538 -1 1538 1567 1568 -1 1538 1568 1539 -1 1539 1568 1569 -1 1539 1569 1540 -1 1540 1569 1570 -1 1540 1570 1541 -1 1541 1570 1571 -1 1541 1571 1542 -1 1542 1571 1572 -1 1542 1572 1543 -1 1543 1572 1573 -1 1543 1573 1544 -1 1544 1573 1574 -1 1544 1574 1545 -1 1545 1574 1575 -1 1545 1575 1546 -1 1546 1575 1576 -1 1546 1576 1547 -1 1547 1576 1577 -1 1547 1577 1548 -1 1548 1577 1578 -1 1548 1578 1549 -1 1549 1578 1579 -1 1549 1579 1550 -1 1550 1579 1580 -1 1550 1580 1551 -1 1551 1580 1581 -1 1551 1581 1552 -1 1552 1581 1582 -1 1552 1582 1553 -1 1553 1582 1583 -1 1553 1583 1554 -1 1554 1583 1584 -1 1554 1584 1555 -1 1555 1584 1585 -1 1555 1585 1556 -1 1556 1585 1586 -1 1556 1586 1557 -1 1557 1586 1587 -1 1557 1587 1558 -1 1558 1587 1588 -1 1558 1588 1559 -1 1559 1588 1589 -1 1559 1589 1560 -1 1560 1589 1590 -1 1560 1590 1561 -1 1561 1590 1591 -1 1561 1591 31 -1 1562 0 1592 -1 1562 1592 1563 -1 1563 1592 1593 -1 1563 1593 1564 -1 1564 1593 1594 -1 1564 1594 1565 -1 1565 1594 1595 -1 1565 1595 1566 -1 1566 1595 1596 -1 1566 1596 1567 -1 1567 1596 1597 -1 1567 1597 1568 -1 1568 1597 1598 -1 1568 1598 1569 -1 1569 1598 1599 -1 1569 1599 1570 -1 1570 1599 1600 -1 1570 1600 1571 -1 1571 1600 1601 -1 1571 1601 1572 -1 1572 1601 1602 -1 1572 1602 1573 -1 1573 1602 1603 -1 1573 1603 1574 -1 1574 1603 1604 -1 1574 1604 1575 -1 1575 1604 1605 -1 1575 1605 1576 -1 1576 1605 1606 -1 1576 1606 1577 -1 1577 1606 1607 -1 1577 1607 1578 -1 1578 1607 1608 -1 1578 1608 1579 -1 1579 1608 1609 -1 1579 1609 1580 -1 1580 1609 1610 -1 1580 1610 1581 -1 1581 1610 1611 -1 1581 1611 1582 -1 1582 1611 1612 -1 1582 1612 1583 -1 1583 1612 1613 -1 1583 1613 1584 -1 1584 1613 1614 -1 1584 1614 1585 -1 1585 1614 1615 -1 1585 1615 1586 -1 1586 1615 1616 -1 1586 1616 1587 -1 1587 1616 1617 -1 1587 1617 1588 -1 1588 1617 1618 -1 1588 1618 1589 -1 1589 1618 1619 -1 1589 1619 1590 -1 1590 1619 1620 -1 1590 1620 1591 -1 1591 1620 1621 -1 1591 1621 31 -1 1592 0 1622 -1 1592 1622 1593 -1 1593 1622 1623 -1 1593 1623 1594 -1 1594 1623 1624 -1 1594 1624 1595 -1 1595 1624 1625 -1 1595 1625 1596 -1 1596 1625 1626 -1 1596 1626 1597 -1 1597 1626 1627 -1 1597 1627 1598 -1 1598 1627 1628 -1 1598 1628 1599 -1 1599 1628 1629 -1 1599 1629 1600 -1 1600 1629 1630 -1 1600 1630 1601 -1 1601 1630 1631 -1 1601 1631 1602 -1 1602 1631 1632 -1 1602 1632 1603 -1 1603 1632 1633 -1 1603 1633 1604 -1 1604 1633 1634 -1 1604 1634 1605 -1 1605 1634 1635 -1 1605 1635 1606 -1 1606 1635 1636 -1 1606 1636 1607 -1 1607 1636 1637 -1 1607 1637 1608 -1 1608 1637 1638 -1 1608 1638 1609 -1 1609 1638 1639 -1 1609 1639 1610 -1 1610 1639 1640 -1 1610 1640 1611 -1 1611 1640 1641 -1 1611 1641 1612 -1 1612 1641 1642 -1 1612 1642 1613 -1 1613 1642 1643 -1 1613 1643 1614 -1 1614 1643 1644 -1 1614 1644 1615 -1 1615 1644 1645 -1 1615 1645 1616 -1 1616 1645 1646 -1 1616 1646 1617 -1 1617 1646 1647 -1 1617 1647 1618 -1 1618 1647 1648 -1 1618 1648 1619 -1 1619 1648 1649 -1 1619 1649 1620 -1 1620 1649 1650 -1 1620 1650 1621 -1 1621 1650 1651 -1 1621 1651 31 -1 1622 0 1652 -1 1622 1652 1623 -1 1623 1652 1653 -1 1623 1653 1624 -1 1624 1653 1654 -1 1624 1654 1625 -1 1625 1654 1655 -1 1625 1655 1626 -1 1626 1655 1656 -1 1626 1656 1627 -1 1627 1656 1657 -1 1627 1657 1628 -1 1628 1657 1658 -1 1628 1658 1629 -1 1629 1658 1659 -1 1629 1659 1630 -1 1630 1659 1660 -1 1630 1660 1631 -1 1631 1660 1661 -1 1631 1661 1632 -1 1632 1661 1662 -1 1632 1662 1633 -1 1633 1662 1663 -1 1633 1663 1634 -1 1634 1663 1664 -1 1634 1664 1635 -1 1635 1664 1665 -1 1635 1665 1636 -1 1636 1665 1666 -1 1636 1666 1637 -1 1637 1666 1667 -1 1637 1667 1638 -1 1638 1667 1668 -1 1638 1668 1639 -1 1639 1668 1669 -1 1639 1669 1640 -1 1640 1669 1670 -1 1640 1670 1641 -1 1641 1670 1671 -1 1641 1671 1642 -1 1642 1671 1672 -1 1642 1672 1643 -1 1643 1672 1673 -1 1643 1673 1644 -1 1644 1673 1674 -1 1644 1674 1645 -1 1645 1674 1675 -1 1645 1675 1646 -1 1646 1675 1676 -1 1646 1676 1647 -1 1647 1676 1677 -1 1647 1677 1648 -1 1648 1677 1678 -1 1648 1678 1649 -1 1649 1678 1679 -1 1649 1679 1650 -1 1650 1679 1680 -1 1650 1680 1651 -1 1651 1680 1681 -1 1651 1681 31 -1 1652 0 1682 -1 1652 1682 1653 -1 1653 1682 1683 -1 1653 1683 1654 -1 1654 1683 1684 -1 1654 1684 1655 -1 1655 1684 1685 -1 1655 1685 1656 -1 1656 1685 1686 -1 1656 1686 1657 -1 1657 1686 1687 -1 1657 1687 1658 -1 1658 1687 1688 -1 1658 1688 1659 -1 1659 1688 1689 -1 1659 1689 1660 -1 1660 1689 1690 -1 1660 1690 1661 -1 1661 1690 1691 -1 1661 1691 1662 -1 1662 1691 1692 -1 1662 1692 1663 -1 1663 1692 1693 -1 1663 1693 1664 -1 1664 1693 1694 -1 1664 1694 1665 -1 1665 1694 1695 -1 1665 1695 1666 -1 1666 1695 1696 -1 1666 1696 1667 -1 1667 1696 1697 -1 1667 1697 1668 -1 1668 1697 1698 -1 1668 1698 1669 -1 1669 1698 1699 -1 1669 1699 1670 -1 1670 1699 1700 -1 1670 1700 1671 -1 1671 1700 1701 -1 1671 1701 1672 -1 1672 1701 1702 -1 1672 1702 1673 -1 1673 1702 1703 -1 1673 1703 1674 -1 1674 1703 1704 -1 1674 1704 1675 -1 1675 1704 1705 -1 1675 1705 1676 -1 1676 1705 1706 -1 1676 1706 1677 -1 1677 1706 1707 -1 1677 1707 1678 -1 1678 1707 1708 -1 1678 1708 1679 -1 1679 1708 1709 -1 1679 1709 1680 -1 1680 1709 1710 -1 1680 1710 1681 -1 1681 1710 1711 -1 1681 1711 31 -1 1682 0 1712 -1 1682 1712 1683 -1 1683 1712 1713 -1 1683 1713 1684 -1 1684 1713 1714 -1 1684 1714 1685 -1 1685 1714 1715 -1 1685 1715 1686 -1 1686 1715 1716 -1 1686 1716 1687 -1 1687 1716 1717 -1 1687 1717 1688 -1 1688 1717 1718 -1 1688 1718 1689 -1 1689 1718 1719 -1 1689 1719 1690 -1 1690 1719 1720 -1 1690 1720 1691 -1 1691 1720 1721 -1 1691 1721 1692 -1 1692 1721 1722 -1 1692 1722 1693 -1 1693 1722 1723 -1 1693 1723 1694 -1 1694 1723 1724 -1 1694 1724 1695 -1 1695 1724 1725 -1 1695 1725 1696 -1 1696 1725 1726 -1 1696 1726 1697 -1 1697 1726 1727 -1 1697 1727 1698 -1 1698 1727 1728 -1 1698 1728 1699 -1 1699 1728 1729 -1 1699 1729 1700 -1 1700 1729 1730 -1 1700 1730 1701 -1 1701 1730 1731 -1 1701 1731 1702 -1 1702 1731 1732 -1 1702 1732 1703 -1 1703 1732 1733 -1 1703 1733 1704 -1 1704 1733 1734 -1 1704 1734 1705 -1 1705 1734 1735 -1 1705 1735 1706 -1 1706 1735 1736 -1 1706 1736 1707 -1 1707 1736 1737 -1 1707 1737 1708 -1 1708 1737 1738 -1 1708 1738 1709 -1 1709 1738 1739 -1 1709 1739 1710 -1 1710 1739 1740 -1 1710 1740 1711 -1 1711 1740 1741 -1 1711 1741 31 -1 1712 0 1742 -1 1712 1742 1713 -1 1713 1742 1743 -1 1713 1743 1714 -1 1714 1743 1744 -1 1714 1744 1715 -1 1715 1744 1745 -1 1715 1745 1716 -1 1716 1745 1746 -1 1716 1746 1717 -1 1717 1746 1747 -1 1717 1747 1718 -1 1718 1747 1748 -1 1718 1748 1719 -1 1719 1748 1749 -1 1719 1749 1720 -1 1720 1749 1750 -1 1720 1750 1721 -1 1721 1750 1751 -1 1721 1751 1722 -1 1722 1751 1752 -1 1722 1752 1723 -1 1723 1752 1753 -1 1723 1753 1724 -1 1724 1753 1754 -1 1724 1754 1725 -1 1725 1754 1755 -1 1725 1755 1726 -1 1726 1755 1756 -1 1726 1756 1727 -1 1727 1756 1757 -1 1727 1757 1728 -1 1728 1757 1758 -1 1728 1758 1729 -1 1729 1758 1759 -1 1729 1759 1730 -1 1730 1759 1760 -1 1730 1760 1731 -1 1731 1760 1761 -1 1731 1761 1732 -1 1732 1761 1762 -1 1732 1762 1733 -1 1733 1762 1763 -1 1733 1763 1734 -1 1734 1763 1764 -1 1734 1764 1735 -1 1735 1764 1765 -1 1735 1765 1736 -1 1736 1765 1766 -1 1736 1766 1737 -1 1737 1766 1767 -1 1737 1767 1738 -1 1738 1767 1768 -1 1738 1768 1739 -1 1739 1768 1769 -1 1739 1769 1740 -1 1740 1769 1770 -1 1740 1770 1741 -1 1741 1770 1771 -1 1741 1771 31 -1 1742 0 1772 -1 1742 1772 1743 -1 1743 1772 1773 -1 1743 1773 1744 -1 1744 1773 1774 -1 1744 1774 1745 -1 1745 1774 1775 -1 1745 1775 1746 -1 1746 1775 1776 -1 1746 1776 1747 -1 1747 1776 1777 -1 1747 1777 1748 -1 1748 1777 1778 -1 1748 1778 1749 -1 1749 1778 1779 -1 1749 1779 1750 -1 1750 1779 1780 -1 1750 1780 1751 -1 1751 1780 1781 -1 1751 1781 1752 -1 1752 1781 1782 -1 1752 1782 1753 -1 1753 1782 1783 -1 1753 1783 1754 -1 1754 1783 1784 -1 1754 1784 1755 -1 1755 1784 1785 -1 1755 1785 1756 -1 1756 1785 1786 -1 1756 1786 1757 -1 1757 1786 1787 -1 1757 1787 1758 -1 1758 1787 1788 -1 1758 1788 1759 -1 1759 1788 1789 -1 1759 1789 1760 -1 1760 1789 1790 -1 1760 1790 1761 -1 1761 1790 1791 -1 1761 1791 1762 -1 1762 1791 1792 -1 1762 1792 1763 -1 1763 1792 1793 -1 1763 1793 1764 -1 1764 1793 1794 -1 1764 1794 1765 -1 1765 1794 1795 -1 1765 1795 1766 -1 1766 1795 1796 -1 1766 1796 1767 -1 1767 1796 1797 -1 1767 1797 1768 -1 1768 1797 1798 -1 1768 1798 1769 -1 1769 1798 1799 -1 1769 1799 1770 -1 1770 1799 1800 -1 1770 1800 1771 -1 1771 1800 1801 -1 1771 1801 31 -1 1772 0 1802 -1 1772 1802 1773 -1 1773 1802 1803 -1 1773 1803 1774 -1 1774 1803 1804 -1 1774 1804 1775 -1 1775 1804 1805 -1 1775 1805 1776 -1 1776 1805 1806 -1 1776 1806 1777 -1 1777 1806 1807 -1 1777 1807 1778 -1 1778 1807 1808 -1 1778 1808 1779 -1 1779 1808 1809 -1 1779 1809 1780 -1 1780 1809 1810 -1 1780 1810 1781 -1 1781 1810 1811 -1 1781 1811 1782 -1 1782 1811 1812 -1 1782 1812 1783 -1 1783 1812 1813 -1 1783 1813 1784 -1 1784 1813 1814 -1 1784 1814 1785 -1 1785 1814 1815 -1 1785 1815 1786 -1 1786 1815 1816 -1 1786 1816 1787 -1 1787 1816 1817 -1 1787 1817 1788 -1 1788 1817 1818 -1 1788 1818 1789 -1 1789 1818 1819 -1 1789 1819 1790 -1 1790 1819 1820 -1 1790 1820 1791 -1 1791 1820 1821 -1 1791 1821 1792 -1 1792 1821 1822 -1 1792 1822 1793 -1 1793 1822 1823 -1 1793 1823 1794 -1 1794 1823 1824 -1 1794 1824 1795 -1 1795 1824 1825 -1 1795 1825 1796 -1 1796 1825 1826 -1 1796 1826 1797 -1 1797 1826 1827 -1 1797 1827 1798 -1 1798 1827 1828 -1 1798 1828 1799 -1 1799 1828 1829 -1 1799 1829 1800 -1 1800 1829 1830 -1 1800 1830 1801 -1 1801 1830 1831 -1 1801 1831 31 -1 1802 0 1832 -1 1802 1832 1803 -1 1803 1832 1833 -1 1803 1833 1804 -1 1804 1833 1834 -1 1804 1834 1805 -1 1805 1834 1835 -1 1805 1835 1806 -1 1806 1835 1836 -1 1806 1836 1807 -1 1807 1836 1837 -1 1807 1837 1808 -1 1808 1837 1838 -1 1808 1838 1809 -1 1809 1838 1839 -1 1809 1839 1810 -1 1810 1839 1840 -1 1810 1840 1811 -1 1811 1840 1841 -1 1811 1841 1812 -1 1812 1841 1842 -1 1812 1842 1813 -1 1813 1842 1843 -1 1813 1843 1814 -1 1814 1843 1844 -1 1814 1844 1815 -1 1815 1844 1845 -1 1815 1845 1816 -1 1816 1845 1846 -1 1816 1846 1817 -1 1817 1846 1847 -1 1817 1847 1818 -1 1818 1847 1848 -1 1818 1848 1819 -1 1819 1848 1849 -1 1819 1849 1820 -1 1820 1849 1850 -1 1820 1850 1821 -1 1821 1850 1851 -1 1821 1851 1822 -1 1822 1851 1852 -1 1822 1852 1823 -1 1823 1852 1853 -1 1823 1853 1824 -1 1824 1853 1854 -1 1824 1854 1825 -1 1825 1854 1855 -1 1825 1855 1826 -1 1826 1855 1856 -1 1826 1856 1827 -1 1827 1856 1857 -1 1827 1857 1828 -1 1828 1857 1858 -1 1828 1858 1829 -1 1829 1858 1859 -1 1829 1859 1830 -1 1830 1859 1860 -1 1830 1860 1831 -1 1831 1860 1861 -1 1831 1861 31 -1 1832 0 1862 -1 1832 1862 1833 -1 1833 1862 1863 -1 1833 1863 1834 -1 1834 1863 1864 -1 1834 1864 1835 -1 1835 1864 1865 -1 1835 1865 1836 -1 1836 1865 1866 -1 1836 1866 1837 -1 1837 1866 1867 -1 1837 1867 1838 -1 1838 1867 1868 -1 1838 1868 1839 -1 1839 1868 1869 -1 1839 1869 1840 -1 1840 1869 1870 -1 1840 1870 1841 -1 1841 1870 1871 -1 1841 1871 1842 -1 1842 1871 1872 -1 1842 1872 1843 -1 1843 1872 1873 -1 1843 1873 1844 -1 1844 1873 1874 -1 1844 1874 1845 -1 1845 1874 1875 -1 1845 1875 1846 -1 1846 1875 1876 -1 1846 1876 1847 -1 1847 1876 1877 -1 1847 1877 1848 -1 1848 1877 1878 -1 1848 1878 1849 -1 1849 1878 1879 -1 1849 1879 1850 -1 1850 1879 1880 -1 1850 1880 1851 -1 1851 1880 1881 -1 1851 1881 1852 -1 1852 1881 1882 -1 1852 1882 1853 -1 1853 1882 1883 -1 1853 1883 1854 -1 1854 1883 1884 -1 1854 1884 1855 -1 1855 1884 1885 -1 1855 1885 1856 -1 1856 1885 1886 -1 1856 1886 1857 -1 1857 1886 1887 -1 1857 1887 1858 -1 1858 1887 1888 -1 1858 1888 1859 -1 1859 1888 1889 -1 1859 1889 1860 -1 1860 1889 1890 -1 1860 1890 1861 -1 1861 1890 1891 -1 1861 1891 31 -1 1862 0 1892 -1 1862 1892 1863 -1 1863 1892 1893 -1 1863 1893 1864 -1 1864 1893 1894 -1 1864 1894 1865 -1 1865 1894 1895 -1 1865 1895 1866 -1 1866 1895 1896 -1 1866 1896 1867 -1 1867 1896 1897 -1 1867 1897 1868 -1 1868 1897 1898 -1 1868 1898 1869 -1 1869 1898 1899 -1 1869 1899 1870 -1 1870 1899 1900 -1 1870 1900 1871 -1 1871 1900 1901 -1 1871 1901 1872 -1 1872 1901 1902 -1 1872 1902 1873 -1 1873 1902 1903 -1 1873 1903 1874 -1 1874 1903 1904 -1 1874 1904 1875 -1 1875 1904 1905 -1 1875 1905 1876 -1 1876 1905 1906 -1 1876 1906 1877 -1 1877 1906 1907 -1 1877 1907 1878 -1 1878 1907 1908 -1 1878 1908 1879 -1 1879 1908 1909 -1 1879 1909 1880 -1 1880 1909 1910 -1 1880 1910 1881 -1 1881 1910 1911 -1 1881 1911 1882 -1 1882 1911 1912 -1 1882 1912 1883 -1 1883 1912 1913 -1 1883 1913 1884 -1 1884 1913 1914 -1 1884 1914 1885 -1 1885 1914 1915 -1 1885 1915 1886 -1 1886 1915 1916 -1 1886 1916 1887 -1 1887 1916 1917 -1 1887 1917 1888 -1 1888 1917 1918 -1 1888 1918 1889 -1 1889 1918 1919 -1 1889 1919 1890 -1 1890 1919 1920 -1 1890 1920 1891 -1 1891 1920 1921 -1 1891 1921 31 -1 1892 0 1 -1 1892 1 1893 -1 1893 1 2 -1 1893 2 1894 -1 1894 2 3 -1 1894 3 1895 -1 1895 3 4 -1 1895 4 1896 -1 1896 4 5 -1 1896 5 1897 -1 1897 5 6 -1 1897 6 1898 -1 1898 6 7 -1 1898 7 1899 -1 1899 7 8 -1 1899 8 1900 -1 1900 8 9 -1 1900 9 1901 -1 1901 9 10 -1 1901 10 1902 -1 1902 10 11 -1 1902 11 1903 -1 1903 11 12 -1 1903 12 1904 -1 1904 12 13 -1 1904 13 1905 -1 1905 13 14 -1 1905 14 1906 -1 1906 14 15 -1 1906 15 1907 -1 1907 15 16 -1 1907 16 1908 -1 1908 16 17 -1 1908 17 1909 -1 1909 17 18 -1 1909 18 1910 -1 1910 18 19 -1 1910 19 1911 -1 1911 19 20 -1 1911 20 1912 -1 1912 20 21 -1 1912 21 1913 -1 1913 21 22 -1 1913 22 1914 -1 1914 22 23 -1 1914 23 1915 -1 1915 23 24 -1 1915 24 1916 -1 1916 24 25 -1 1916 25 1917 -1 1917 25 26 -1 1917 26 1918 -1 1918 26 27 -1 1918 27 1919 -1 1919 27 28 -1 1919 28 1920 -1 1920 28 29 -1 1920 29 1921 -1 1921 29 30 -1 1921 30 31 -1">
        <Coordinate point="0.0000 0.0000 -1.0000 0.1012 0.0000 -0.9949 0.2013 0.0000 -0.9795 0.2994 0.0000 -0.9541 0.3944 0.0000 -0.9190 0.4853 0.0000 -0.8743 0.5713 0.0000 -0.8208 0.6514 0.0000 -0.7588 0.7248 0.0000 -0.6890 0.7908 0.0000 -0.6121 0.8486 0.0000 -0.5290 0.8978 0.0000 -0.4404 0.9378 0.0000 -0.3473 0.9681 0.0000 -0.2507 0.9885 0.0000 -0.1514 0.9987 0.0000 -0.0506 0.9987 0.0000 0.0506 0.9885 0.0000 0.1514 0.9681 0.0000 0.2507 0.9378 0.0000 0.3473 0.8978 0.0000 0.4404 0.8486 0.0000 0.5290 0.7908 0.0000 0.6121 0.7248 0.0000 0.6890 0.6514 0.0000 0.7588 0.5713 0.0000 0.8208 0.4853 0.0000 0.8743 0.3944 0.0000 0.9190 0.2994 0.0000 0.9541 0.2013 0.0000 0.9795 0.1012 0.0000 0.9949 0.0000 0.0000 1.0000 0.1007 0.0099 -0.9949 0.2003 0.0197 -0.9795 0.2979 0.0293 -0.9541 0.3925 0.0387 -0.9190 0.4830 0.0476 -0.8743 0.5685 0.0560 -0.8208 0.6482 0.0638 -0.7588 0.7213 0.0710 -0.6890 0.7870 0.0775 -0.6121 0.8446 0.0832 -0.5290 0.8935 0.0880 -0.4404 0.9332 0.0919 -0.3473 0.9634 0.0949 -0.2507 0.9837 0.0969 -0.1514 0.9939 0.0979 -0.0506 0.9939 0.0979 0.0506 0.9837 0.0969 0.1514 0.9634 0.0949 0.2507 0.9332 0.0919 0.3473 0.8935 0.0880 0.4404 0.8446 0.0832 0.5290 0.7870 0.0775 0.6121 0.7213 0.0710 0.6890 0.6482 0.0638 0.7588 0.5685 0.0560 0.8208 0.4830 0.0476 0.8743 0.3925 0.0387 0.9190 0.2979 0.0293 0.9541 0.2003 0.0197 0.9795 0.1007 0.0099 0.9949 0.0992 0.0197 -0.9949 0.1974 0.0393 -0.9795 0.2936 0.0584 -0.9541 0.3868 0.0769 -0.9190 0.4760 0.0947 -0.8743 0.5603 0.1114 -0.8208 0.6389 0.1271 -0.7588 0.7109 0.1414 -0.6890 0.7756 0.1543 -0.6121 0.8323 0.1656 -0.5290 0.8806 0.1752 -0.4404 0.9197 0.1829 -0.3473 0.9495 0.1889 -0.2507 0.9695 0.1928 -0.1514 0.9795 0.1948 -0.0506 0.9795 0.1948 0.0506 0.9695 0.1928 0.1514 0.9495 0.1889 0.2507 0.9197 0.1829 0.3473 0.8806 0.1752 0.4404 0.8323 0.1656 0.5290 0.7756 0.1543 0.6121 0.7109 0.1414 0.6890 0.6389 0.1271 0.7588 0.5603 0.1114 0.8208 0.4760 0.0947 0.8743 0.3868 0.0769 0.9190 0.2936 0.0584 0.9541 0.1974 0.0393 0.9795 0.0992 0.0197 0.9949 0.0968 0.0294 -0.9949 0.1926 0.0584 -0.9795 0.2865 0.0869 -0.9541 0.3774 0.1145 -0.9190 0.4644 0.1409 -0.8743 0.5467 0.1658 -0.8208 0.6233 0.1891 -0.7588 0.6936 0.2104 -0.6890 0.7567 0.2296 -0.6121 0.8121 0.2463 -0.5290 0.8591 0.2606 -0.4404 0.8974 0.2722 -0.3473 0.9264 0.2810 -0.2507 0.9459 0.2869 -0.1514 0.9557 0.2899 -0.0506 0.9557 0.2899 0.0506 0.9459 0.2869 0.1514 0.9264 0.2810 0.2507 0.8974 0.2722 0.3473 0.8591 0.2606 0.4404 0.8121 0.2463 0.5290 0.7567 0.2296 0.6121 0.6936 0.2104 0.6890 0.6233 0.1891 0.7588 0.5467 0.1658 0.8208 0.4644 0.1409 0.8743 0.3774 0.1145 0.9190 0.2865 0.0869 0.9541 0.1926 0.0584 0.9795 0.0968 0.0294 0.9949 0.0935 0.0387 -0.9949 0.1860 0.0770 -0.9795 0.2766 0.1146 -0.9541 0.3643 0.1509 -0.9190 0.4484 0.1857 -0.8743 0.5278 0.2186 -0.8208 0.6018 0.2493 -0.7588 0.6696 0.2774 -0.6890 0.7306 0.3026 -0.6121 0.7840 0.3248 -0.5290 0.8295 0.3436 -0.4404 0.8664 0.3589 -0.3473 0.8944 0.3705 -0.2507 0.9132 0.3783 -0.1514 0.9227 0.3822 -0.0506 0.9227 0.3822 0.0506 0.9132 0.3783 0.1514 0.8944 0.3705 0.2507 0.8664 0.3589 0.3473 0.8295 0.3436 0.4404 0.7840 0.3248 0.5290 0.7306 0.3026 0.6121 0.6696 0.2774 0.6890 0.6018 0.2493 0.7588 0.5278 0.2186 0.8208 0.4484 0.1857 0.8743 0.3643 0.1509 0.9190 0.2766 0.1146 0.9541 0.1860 0.0770 0.9795 0.0935 0.0387 0.9949 0.0892 0.0477 -0.9949 0.1775 0.0949 -0.9795 0.2640 0.1411 -0.9541 0.3478 0.1859 -0.9190 0.4280 0.2288 -0.8743 0.5038 0.2693 -0.8208 0.5745 0.3071 -0.7588 0.6392 0.3417 -0.6890 0.6974 0.3728 -0.6121 0.7484 0.4000 -0.5290 0.7918 0.4232 -0.4404 0.8270 0.4421 -0.3473 0.8538 0.4563 -0.2507 0.8718 0.4660 -0.1514 0.8808 0.4708 -0.0506 0.8808 0.4708 0.0506 0.8718 0.4660 0.1514 0.8538 0.4563 0.2507 0.8270 0.4421 0.3473 0.7918 0.4232 0.4404 0.7484 0.4000 0.5290 0.6974 0.3728 0.6121 0.6392 0.3417 0.6890 0.5745 0.3071 0.7588 0.5038 0.2693 0.8208 0.4280 0.2288 0.8743 0.3478 0.1859 0.9190 0.2640 0.1411 0.9541 0.1775 0.0949 0.9795 0.0892 0.0477 0.9949 0.0841 0.0562 -0.9949 0.1674 0.1118 -0.9795 0.2489 0.1663 -0.9541 0.3279 0.2191 -0.9190 0.4035 0.2696 -0.8743 0.4750 0.3174 -0.8208 0.5416 0.3619 -0.7588 0.6026 0.4027 -0.6890 0.6575 0.4393 -0.6121 0.7056 0.4715 -0.5290 0.7465 0.4988 -0.4404 0.7797 0.5210 -0.3473 0.8049 0.5378 -0.2507 0.8219 0.5492 -0.1514 0.8304 0.5549 -0.0506 0.8304 0.5549 0.0506 0.8219 0.5492 0.1514 0.8049 0.5378 0.2507 0.7797 0.5210 0.3473 0.7465 0.4988 0.4404 0.7056 0.4715 0.5290 0.6575 0.4393 0.6121 0.6026 0.4027 0.6890 0.5416 0.3619 0.7588 0.4750 0.3174 0.8208 0.4035 0.2696 0.8743 0.3279 0.2191 0.9190 0.2489 0.1663 0.9541 0.1674 0.1118 0.9795 0.0841 0.0562 0.9949 0.0782 0.0642 -0.9949 0.1556 0.1277 -0.9795 0.2314 0.1899 -0.9541 0.3048 0.2502 -0.9190 0.3751 0.3079 -0.8743 0.4416 0.3624 -0.8208 0.5035 0.4132 -0.7588 0.5603 0.4598 -0.6890 0.6113 0.5017 -0.6121 0.6560 0.5384 -0.5290 0.6940 0.5696 -0.4404 0.7249 0.5949 -0.3473 0.7483 0.6141 -0.2507 0.7641 0.6271 -0.1514 0.7720 0.6336 -0.0506 0.7720 0.6336 0.0506 0.7641 0.6271 0.1514 0.7483 0.6141 0.2507 0.7249 0.5949 0.3473 0.6940 0.5696 0.4404 0.6560 0.5384 0.5290 0.6113 0.5017 0.6121 0.5603 0.4598 0.6890 0.5035 0.4132 0.7588 0.4416 0.3624 0.8208 0.3751 0.3079 0.8743 0.3048 0.2502 0.9190 0.2314 0.1899 0.9541 0.1556 0.1277 0.9795 0.0782 0.0642 0.9949 0.0715 0.0715 -0.9949 0.1423 0.1423 -0.9795 0.2117 0.2117 -0.9541 0.2789 0.2789 -0.9190 0.3432 0.3432 -0.8743 0.4039 0.4039 -0.8208 0.4606 0.4606 -0.7588 0.5125 0.5125 -0.6890 0.5592 0.5592 -0.6121 0.6001 0.6001 -0.5290 0.6348 0.6348 -0.4404 0.6631 0.6631 -0.3473 0.6845 0.6845 -0.2507 0.6990 0.6990 -0.1514 0.7062 0.7062 -0.0506 0.7062 0.7062 0.0506 0.6990 0.6990 0.1514 0.6845 0.6845 0.2507 0.6631 0.6631 0.3473 0.6348 0.6348 0.4404 0.6001 0.6001 0.5290 0.5592 0.5592 0.6121 0.5125 0.5125 0.6890 0.4606 0.4606 0.7588 0.4039 0.4039 0.8208 0.3432 0.3432 0.8743 0.2789 0.2789 0.9190 0.2117 0.2117 0.9541 0.1423 0.1423 0.9795 0.0715 0.0715 0.9949 0.0642 0.0782 -0.9949 0.1277 0.1556 -0.9795 0.1899 0.2314 -0.9541 0.2502 0.3048 -0.9190 0.3079 0.3751 -0.8743 0.3624 0.4416 -0.8208 0.4132 0.5035 -0.7588 0.4598 0.5603 -0.6890 0.5017 0.6113 -0.6121 0.5384 0.6560 -0.5290 0.5696 0.6940 -0.4404 0.5949 0.7249 -0.3473 0.6141 0.7483 -0.2507 0.6271 0.7641 -0.1514 0.6336 0.7720 -0.0506 0.6336 0.7720 0.0506 0.6271 0.7641 0.1514 0.6141 0.7483 0.2507 0.5949 0.7249 0.3473 0.5696 0.6940 0.4404 0.5384 0.6560 0.5290 0.5017 0.6113 0.6121 0.4598 0.5603 0.6890 0.4132 0.5035 0.7588 0.3624 0.4416 0.8208 0.3079 0.3751 0.8743 0.2502 0.3048 0.9190 0.1899 0.2314 0.9541 0.1277 0.1556 0.9795 0.0642 0.0782 0.9949 0.0562 0.0841 -0.9949 0.1118 0.1674 -0.9795 0.1663 0.2489 -0.9541 0.2191 0.3279 -0.9190 0.2696 0.4035 -0.8743 0.3174 0.4750 -0.8208 0.3619 0.5416 -0.7588 0.4027 0.6026 -0.6890 0.4393 0.6575 -0.6121 0.4715 0.7056 -0.5290 0.4988 0.7465 -0.4404 0.5210 0.7797 -0.3473 0.5378 0.8049 -0.2507 0.5492 0.8219 -0.1514 0.5549 0.8304 -0.0506 0.5549 0.8304 0.0506 0.5492 0.8219 0.1514 0.5378 0.8049 0.2507 0.5210 0.7797 0.3473 0.4988 0.7465 0.4404 0.4715 0.7056 0.5290 0.4393 0.6575 0.6121 0.4027 0.6026 0.6890 0.3619 0.5416 0.7588 0.3174 0.4750 0.8208 0.2696 0.4035 0.8743 0.2191 0.3279 0.9190 0.1663 0.2489 0.9541 0.1118 0.1674 0.9795 0.0562 0.0841 0.9949 0.0477 0.0892 -0.9949 0.0949 0.1775 -0.9795 0.1411 0.2640 -0.9541 0.1859 0.3478 -0.9190 0.2288 0.4280 -0.8743 0.2693 0.5038 -0.8208 0.3071 0.5745 -0.7588 0.3417 0.6392 -0.6890 0.3728 0.6974 -0.6121 0.4000 0.7484 -0.5290 0.4232 0.7918 -0.4404 0.4421 0.8270 -0.3473 0.4563 0.8538 -0.2507 0.4660 0.8718 -0.1514 0.4708 0.8808 -0.0506 0.4708 0.8808 0.0506 0.4660 0.8718 0.1514 0.4563 0.8538 0.2507 0.4421 0.8270 0.3473 0.4232 0.7918 0.4404 0.4000 0.7484 0.5290 0.3728 0.6974 0.6121 0.3417 0.6392 0.6890 0.3071 0.5745 0.7588 0.2693 0.5038 0.8208 0.2288 0.4280 0.8743 0.1859 0.3478 0.9190 0.1411 0.2640 0.9541 0.0949 0.1775 0.9795 0.0477 0.0892 0.9949 0.0387 0.0935 -0.9949 0.0770 0.1860 -0.9795 0.1146 0.2766 -0.9541 0.1509 0.3643 -0.9190 0.1857 0.4484 -0.8743 0.2186 0.5278 -0.8208 0.2493 0.6018 -0.7588 0.2774 0.6696 -0.6890 0.3026 0.7306 -0.6121 0.3248 0.7840 -0.5290 0.3436 0.8295 -0.4404 0.3589 0.8664 -0.3473 0.3705 0.8944 -0.2507 0.3783 0.9132 -0.1514 0.3822 0.9227 -0.0506 0.3822 0.9227 0.0506 0.3783 0.9132 0.1514 0.3705 0.8944 0.2507 0.3589 0.8664 0.3473 0.3436 0.8295 0.4404 0.3248 0.7840 0.5290 0.3026 0.7306 0.6121 0.2774 0.6696 0.6890 0.2493 0.6018 0.7588 0.2186 0.5278 0.8208 0.1857 0.4484 0.8743 0.1509 0.3643 0.9190 0.1146 0.2766 0.9541 0.0770 0.1860 0.9795 0.0387 0.0935 0.9949 0.0294 0.0968 -0.9949 0.0584 0.1926 -0.9795 0.0869 0.2865 -0.9541 0.1145 0.3774 -0.9190 0.1409 0.4644 -0.8743 0.1658 0.5467 -0.8208 0.1891 0.6233 -0.7588 0.2104 0.6936 -0.6890 0.2296 0.7567 -0.6121 0.2463 0.8121 -0.5290 0.2606 0.8591 -0.4404 0.2722 0.8974 -0.3473 0.2810 0.9264 -0.2507 0.2869 0.9459 -0.1514 0.2899 0.9557 -0.0506 0.2899 0.9557 0.0506 0.2869 0.9459 0.1514 0.2810 0.9264 0.2507 0.2722 0.8974 0.3473 0.2606 0.8591 0.4404 0.2463 0.8121 0.5290 0.2296 0.7567 0.6121 0.2104 0.6936 0.6890 0.1891 0.6233 0.7588 0.1658 0.5467 0.8208 0.1409 0.4644 0.8743 0.1145 0.3774 0.9190 0.0869 0.2865 0.9541 0.0584 0.1926 0.9795 0.0294 0.0968 0.9949 0.0197 0.0992 -0.9949 0.0393 0.1974 -0.9795 0.0584 0.2936 -0.9541 0.0769 0.3868 -0.9190 0.0947 0.4760 -0.8743 0.1114 0.5603 -0.8208 0.1271 0.6389 -0.7588 0.1414 0.7109 -0.6890 0.1543 0.7756 -0.6121 0.1656 0.8323 -0.5290 0.1752 0.8806 -0.4404 0.1829 0.9197 -0.3473 0.1889 0.9495 -0.2507 0.1928 0.9695 -0.1514 0.1948 0.9795 -0.0506 0.1948 0.9795 0.0506 0.1928 0.9695 0.1514 0.1889 0.9495 0.2507 0.1829 0.9197 0.3473 0.1752 0.8806 0.4404 0.1656 0.8323 0.5290 0.1543 0.7756 0.6121 0.1414 0.7109 0.6890 0.1271 0.6389 0.7588 0.1114 0.5603 0.8208 0.0947 0.4760 0.8743 0.0769 0.3868 0.9190 0.0584 0.2936 0.9541 0.0393 0.1974 0.9795 0.0197 0.0992 0.9949 0.0099 0.1007 -0.9949 0.0197 0.2003 -0.9795 0.0293 0.2979 -0.9541 0.0387 0.3925 -0.9190 0.0476 0.4830 -0.8743 0.0560 0.5685 -0.8208 0.0638 0.6482 -0.7588 0.0710 0.7213 -0.6890 0.0775 0.7870 -0.6121 0.0832 0.8446 -0.5290 0.0880 0.8935 -0.4404 0.0919 0.9332 -0.3473 0.0949 0.9634 -0.2507 0.0969 0.9837 -0.1514 0.0979 0.9939 -0.0506 0.0979 0.9939 0.0506 0.0969 0.9837 0.1514 0.0949 0.9634 0.2507 0.0919 0.9332 0.3473 0.0880 0.8935 0.4404 0.0832 0.8446 0.5290 0.0775 0.7870 0.6121 0.0710 0.7213 0.6890 0.0638 0.6482 0.7588 0.0560 0.5685 0.8208 0.0476 0.4830 0.8743 0.0387 0.3925 0.9190 0.0293 0.2979 0.9541 0.0197 0.2003 0.9795 0.0099 0.1007 0.9949 0.0000 0.1012 -0.9949 0.0000 0.2013 -0.9795 0.0000 0.2994 -0.9541 0.0000 0.3944 -0.9190 0.0000 0.4853 -0.8743 0.0000 0.5713 -0.8208 0.0000 0.6514 -0.7588 0.0000 0.7248 -0.6890 0.0000 0.7908 -0.6121 0.0000 0.8486 -0.5290 0.0000 0.8978 -0.4404 0.0000 0.9378 -0.3473 0.0000 0.9681 -0.2507 0.0000 0.9885 -0.1514 0.0000 0.9987 -0.0506 0.0000 0.9987 0.0506 0.0000 0.9885 0.1514 0.0000 0.9681 0.2507 0.0000 0.9378 0.3473 0.0000 0.8978 0.4404 0.0000 0.8486 0.5290 0.0000 0.7908 0.6121 0.0000 0.7248 0.6890 0.0000 0.6514 0.7588 0.0000 0.5713 0.8208 0.0000 0.4853 0.8743 0.0000 0.3944 0.9190 0.0000 0.2994 0.9541 0.0000 0.2013 0.9795 0.0000 0.1012 0.9949 -0.0099 0.1007 -0.9949 -0.0197 0.2003 -0.9795 -0.0293 0.2979 -0.9541 -0.0387 0.3925 -0.9190 -0.0476 0.4830 -0.8743 -0.0560 0.5685 -0.8208 -0.0638 0.6482 -0.7588 -0.0710 0.7213 -0.6890 -0.0775 0.7870 -0.6121 -0.0832 0.8446 -0.5290 -0.0880 0.8935 -0.4404 -0.0919 0.9332 -0.3473 -0.0949 0.9634 -0.2507 -0.0969 0.9837 -0.1514 -0.0979 0.9939 -0.0506 -0.0979 0.9939 0.0506 -0.0969 0.9837 0.1514 -0.0949 0.9634 0.2507 -0.0919 0.9332 0.3473 -0.0880 0.8935 0.4404 -0.0832 0.8446 0.5290 -0.0775 0.7870 0.6121 -0.0710 0.7213 0.6890 -0.0638 0.6482 0.7588 -0.0560 0.5685 0.8208 -0.0476 0.4830 0.8743 -0.0387 0.3925 0.9190 -0.0293 0.2979 0.9541 -0.0197 0.2003 0.9795 -0.0099 0.1007 0.9949 -0.0197 0.0992 -0.9949 -0.0393 0.1974 -0.9795 -0.0584 0.2936 -0.9541 -0.0769 0.3868 -0.9190 -0.0947 0.4760 -0.8743 -0.1114 0.5603 -0.8208 -0.1271 0.6389 -0.7588 -0.1414 0.7109 -0.6890 -0.1543 0.7756 -0.6121 -0.1656 0.8323 -0.5290 -0.1752 0.8806 -0.4404 -0.1829 0.9197 -0.3473 -0.1889 0.9495 -0.2507 -0.1928 0.9695 -0.1514 -0.1948 0.9795 -0.0506 -0.1948 0.9795 0.0506 -0.1928 0.9695 0.1514 -0.1889 0.9495 0.2507 -0.1829 0.9197 0.3473 -0.1752 0.8806 0.4404 -0.1656 0.8323 0.5290 -0.1543 0.7756 0.6121 -0.1414 0.7109 0.6890 -0.1271 0.6389 0.7588 -0.1114 0.5603 0.8208 -0.0947 0.4760 0.8743 -0.0769 0.3868 0.9190 -0.0584 0.2936 0.9541 -0.0393 0.1974 0.9795 -0.0197 0.0992 0.9949 -0.0294 0.0968 -0.9949 -0.0584 0.1926 -0.9795 -0.0869 0.2865 -0.9541 -0.1145 0.3774 -0.9190 -0.1409 0.4644 -0.8743 -0.1658 0.5467 -0.8208 -0.1891 0.6233 -0.7588 -0.2104 0.6936 -0.6890 -0.2296 0.7567 -0.6121 -0.2463 0.8121 -0.5290 -0.2606 0.8591 -0.4404 -0.2722 0.8974 -0.3473 -0.2810 0.9264 -0.2507 -0.2869 0.9459 -0.1514 -0.2899 0.9557 -0.0506 -0.2899 0.9557 0.0506 -0.2869 0.9459 0.1514 -0.2810 0.9264 0.2507 -0.2722 0.8974 0.3473 -0.2606 0.8591 0.4404 -0.2463 0.8121 0.5290 -0.2296 0.7567 0.6121 -0.2104 0.6936 0.6890 -0.1891 0.6233 0.7588 -0.1658 0.5467 0.8208 -0.1409 0.4644 0.8743 -0.1145 0.3774 0.9190 -0.0869 0.2865 0.9541 -0.0584 0.1926 0.9795 -0.0294 0.0968 0.9949 -0.0387 0.0935 -0.9949 -0.0770 0.1860 -0.9795 -0.1146 0.2766 -0.9541 -0.1509 0.3643 -0.9190 -0.1857 0.4484 -0.8743 -0.2186 0.5278 -0.8208 -0.2493 0.6018 -0.7588 -0.2774 0.6696 -0.6890 -0.3026 0.7306 -0.6121 -0.3248 0.7840 -0.5290 -0.3436 0.8295 -0.4404 -0.3589 0.8664 -0.3473 -0.3705 0.8944 -0.2507 -0.3783 0.9132 -0.1514 -0.3822 0.9227 -0.0506 -0.3822 0.9227 0.0506 -0.3783 0.9132 0.1514 -0.3705 0.8944 0.2507 -0.3589 0.8664 0.3473 -0.3436 0.8295 0.4404 -0.3248 0.7840 0.5290 -0.3026 0.7306 0.6121 -0.2774 0.6696 0.6890 -0.2493 0.6018 0.7588 -0.2186 0.5278 0.8208 -0.1857 0.4484 0.8743 -0.1509 0.3643 0.9190 -0.1146 0.2766 0.9541 -0.0770 0.1860 0.9795 -0.0387 0.0935 0.9949 -0.0477 0.0892 -0.9949 -0.0949 0.1775 -0.9795 -0.1411 0.2640 -0.9541 -0.1859 0.3478 -0.9190 -0.2288 0.4280 -0.8743 -0.2693 0.5038 -0.8208 -0.3071 0.5745 -0.7588 -0.3417 0.6392 -0.6890 -0.3728 0.6974 -0.6121 -0.4000 0.7484 -0.5290 -0.4232 0.7918 -0.4404 -0.4421 0.8270 -0.3473 -0.4563 0.8538 -0.2507 -0.4660 0.8718 -0.1514 -0.4708 0.8808 -0.0506 -0.4708 0.8808 0.0506 -0.4660 0.8718 0.1514 -0.4563 0.8538 0.2507 -0.4421 0.8270 0.3473 -0.4232 0.7918 0.4404 -0.4000 0.7484 0.5290 -0.3728 0.6974 0.6121 -0.3417 0.6392 0.6890 -0.3071 0.5745 0.7588 -0.2693 0.5038 0.8208 -0.2288 0.4280 0.8743 -0.1859 0.3478 0.9190 -0.1411 0.2640 0.9541 -0.0949 0.1775 0.9795 -0.0477 0.0892 0.9949 -0.0562 0.0841 -0.9949 -0.1118 0.1674 -0.9795 -0.1663 0.2489 -0.9541 -0.2191 0.3279 -0.9190 -0.2696 0.4035 -0.8743 -0.3174 0.4750 -0.8208 -0.3619 0.5416 -0.7588 -0.4027 0.6026 -0.6890 -0.4393 0.6575 -0.6121 -0.4715 0.7056 -0.5290 -0.4988 0.7465 -0.4404 -0.5210 0.7797 -0.3473 -0.5378 0.8049 -0.2507 -0.5492 0.8219 -0.1514 -0.5549 0.8304 -0.0506 -0.5549 0.8304 0.0506 -0.5492 0.8219 0.1514 -0.5378 0.8049 0.2507 -0.5210 0.7797 0.3473 -0.4988 0.7465 0.4404 -0.4715 0.7056 0.5290 -0.4393 0.6575 0.6121 -0.4027 0.6026 0.6890 -0.3619 0.5416 0.7588 -0.3174 0.4750 0.8208 -0.2696 0.4035 0.8743 -0.2191 0.3279 0.9190 -0.1663 0.2489 0.9541 -0.1118 0.1674 0.9795 -0.0562 0.0841 0.9949 -0.0642 0.0782 -0.9949 -0.1277 0.1556 -0.9795 -0.1899 0.2314 -0.9541 -0.2502 0.3048 -0.9190 -0.3079 0.3751 -0.8743 -0.3624 0.4416 -0.8208 -0.4132 0.5035 -0.7588 -0.4598 0.5603 -0.6890 -0.5017 0.6113 -0.6121 -0.5384 0.6560 -0.5290 -0.5696 0.6940 -0.4404 -0.5949 0.7249 -0.3473 -0.6141 0.7483 -0.2507 -0.6271 0.7641 -0.1514 -0.6336 0.7720 -0.0506 -0.6336 0.7720 0.0506 -0.6271 0.7641 0.1514 -0.6141 0.7483 0.2507 -0.5949 0.7249 0.3473 -0.5696 0.6940 0.4404 -0.5384 0.6560 0.5290 -0.5017 0.6113 0.6121 -0.4598 0.5603 0.6890 -0.4132 0.5035 0.7588 -0.3624 0.4416 0.8208 -0.3079 0.3751 0.8743 -0.2502 0.3048 0.9190 -0.1899 0.2314 0.9541 -0.1277 0.1556 0.9795 -0.0642 0.0782 0.9949 -0.0715 0.0715 -0.9949 -0.1423 0.1423 -0.9795 -0.2117 0.2117 -0.9541 -0.2789 0.2789 -0.9190 -0.3432 0.3432 -0.8743 -0.4039 0.4039 -0.8208 -0.4606 0.4606 -0.7588 -0.5125 0.5125 -0.6890 -0.5592 0.5592 -0.6121 -0.6001 0.6001 -0.5290 -0.6348 0.6348 -0.4404 -0.6631 0.6631 -0.3473 -0.6845 0.6845 -0.2507 -0.6990 0.6990 -0.1514 -0.7062 0.7062 -0.0506 -0.7062 0.7062 0.0506 -0.6990 0.6990 0.1514 -0.6845 0.6845 0.2507 -0.6631 0.6631 0.3473 -0.6348 0.6348 0.4404 -0.6001 0.6001 0.5290 -0.5592 0.5592 0.6121 -0.5125 0.5125 0.6890 -0.4606 0.4606 0.7588 -0.4039 0.4039 0.8208 -0.3432 0.3432 0.8743 -0.2789 0.2789 0.9190 -0.2117 0.2117 0.9541 -0.1423 0.1423 0.9795 -0.0715 0.0715 0.9949 -0.0782 0.0642 -0.9949 -0.1556 0.1277 -0.9795 -0.2314 0.1899 -0.9541 -0.3048 0.2502 -0.9190 -0.3751 0.3079 -0.8743 -0.4416 0.3624 -0.8208 -0.5035 0.4132 -0.7588 -0.5603 0.4598 -0.6890 -0.6113 0.5017 -0.6121 -0.6560 0.5384 -0.5290 -0.6940 0.5696 -0.4404 -0.7249 0.5949 -0.3473 -0.7483 0.6141 -0.2507 -0.7641 0.6271 -0.1514 -0.7720 0.6336 -0.0506 -0.7720 0.6336 0.0506 -0.7641 0.6271 0.1514 -0.7483 0.6141 0.2507 -0.7249 0.5949 0.3473 -0.6940 0.5696 0.4404 -0.6560 0.5384 0.5290 -0.6113 0.5017 0.6121 -0.5603 0.4598 0.6890 -0.5035 0.4132 0.7588 -0.4416 0.3624 0.8208 -0.3751 0.3079 0.8743 -0.3048 0.2502 0.9190 -0.2314 0.1899 0.9541 -0.1556 0.1277 0.9795 -0.0782 0.0642 0.9949 -0.0841 0.0562 -0.9949 -0.1674 0.1118 -0.9795 -0.2489 0.1663 -0.9541 -0.3279 0.2191 -0.9190 -0.4035 0.2696 -0.8743 -0.4750 0.3174 -0.8208 -0.5416 0.3619 -0.7588 -0.6026 0.4027 -0.6890 -0.6575 0.4393 -0.6121 -0.7056 0.4715 -0.5290 -0.7465 0.4988 -0.4404 -0.7797 0.5210 -0.3473 -0.8049 0.5378 -0.2507 -0.8219 0.5492 -0.1514 -0.8304 0.5549 -0.0506 -0.8304 0.5549 0.0506 -0.8219 0.5492 0.1514 -0.8049 0.5378 0.2507 -0.7797 0.5210 0.3473 -0.7465 0.4988 0.4404 -0.7056 0.4715 0.5290 -0.6575 0.4393 0.6121 -0.6026 0.4027 0.6890 -0.5416 0.3619 0.7588 -0.4750 0.3174 0.8208 -0.4035 0.2696 0.8743 -0.3279 0.2191 0.9190 -0.2489 0.1663 0.9541 -0.1674 0.1118 0.9795 -0.0841 0.0562 0.9949 -0.0892 0.0477 -0.9949 -0.1775 0.0949 -0.9795 -0.2640 0.1411 -0.9541 -0.3478 0.1859 -0.9190 -0.4280 0.2288 -0.8743 -0.5038 0.2693 -0.8208 -0.5745 0.3071 -0.7588 -0.6392 0.3417 -0.6890 -0.6974 0.3728 -0.6121 -0.7484 0.4000 -0.5290 -0.7918 0.4232 -0.4404 -0.8270 0.4421 -0.3473 -0.8538 0.4563 -0.2507 -0.8718 0.4660 -0.1514 -0.8808 0.4708 -0.0506 -0.8808 0.4708 0.0506 -0.8718 0.4660 0.1514 -0.8538 0.4563 0.2507 -0.8270 0.4421 0.3473 -0.7918 0.4232 0.4404 -0.7484 0.4000 0.5290 -0.6974 0.3728 0.6121 -0.6392 0.3417 0.6890 -0.5745 0.3071 0.7588 -0.5038 0.2693 0.8208 -0.4280 0.2288 0.8743 -0.3478 0.1859 0.9190 -0.2640 0.1411 0.9541 -0.1775 0.0949 0.9795 -0.0892 0.0477 0.9949 -0.0935 0.0387 -0.9949 -0.1860 0.0770 -0.9795 -0.2766 0.1146 -0.9541 -0.3643 0.1509 -0.9190 -0.4484 0.1857 -0.8743 -0.5278 0.2186 -0.8208 -0.6018 0.2493 -0.7588 -0.6696 0.2774 -0.6890 -0.7306 0.3026 -0.6121 -0.7840 0.3248 -0.5290 -0.8295 0.3436 -0.4404 -0.8664 0.3589 -0.3473 -0.8944 0.3705 -0.2507 -0.9132 0.3783 -0.1514 -0.9227 0.3822 -0.0506 -0.9227 0.3822 0.0506 -0.9132 0.3783 0.1514 -0.8944 0.3705 0.2507 -0.8664 0.3589 0.3473 -0.8295 0.3436 0.4404 -0.7840 0.3248 0.5290 -0.7306 0.3026 0.6121 -0.6696 0.2774 0.6890 -0.6018 0.2493 0.7588 -0.5278 0.2186 0.8208 -0.4484 0.1857 0.8743 -0.3643 0.1509 0.9190 -0.2766 0.1146 0.9541 -0.1860 0.0770 0.9795 -0.0935 0.0387 0.9949 -0.0968 0.0294 -0.9949 -0.1926 0.0584 -0.9795 -0.2865 0.0869 -0.9541 -0.3774 0.1145 -0.9190 -0.4644 0.1409 -0.8743 -0.5467 0.1658 -0.8208 -0.6233 0.1891 -0.7588 -0.6936 0.2104 -0.6890 -0.7567 0.2296 -0.6121 -0.8121 0.2463 -0.5290 -0.8591 0.2606 -0.4404 -0.8974 0.2722 -0.3473 -0.9264 0.2810 -0.2507 -0.9459 0.2869 -0.1514 -0.9557 0.2899 -0.0506 -0.9557 0.2899 0.0506 -0.9459 0.2869 0.1514 -0.9264 0.2810 0.2507 -0.8974 0.2722 0.3473 -0.8591 0.2606 0.4404 -0.8121 0.2463 0.5290 -0.7567 0.2296 0.6121 -0.6936 0.2104 0.6890 -0.6233 0.1891 0.7588 -0.5467 0.1658 0.8208 -0.4644 0.1409 0.8743 -0.3774 0.1145 0.9190 -0.2865 0.0869 0.9541 -0.1926 0.0584 0.9795 -0.0968 0.0294 0.9949 -0.0992 0.0197 -0.9949 -0.1974 0.0393 -0.9795 -0.2936 0.0584 -0.9541 -0.3868 0.0769 -0.9190 -0.4760 0.0947 -0.8743 -0.5603 0.1114 -0.8208 -0.6389 0.1271 -0.7588 -0.7109 0.1414 -0.6890 -0.7756 0.1543 -0.6121 -0.8323 0.1656 -0.5290 -0.8806 0.1752 -0.4404 -0.9197 0.1829 -0.3473 -0.9495 0.1889 -0.2507 -0.9695 0.1928 -0.1514 -0.9795 0.1948 -0.0506 -0.9795 0.1948 0.0506 -0.9695 0.1928 0.1514 -0.9495 0.1889 0.2507 -0.9197 0.1829 0.3473 -0.8806 0.1752 0.4404 -0.8323 0.1656 0.5290 -0.7756 0.1543 0.6121 -0.7109 0.1414 0.6890 -0.6389 0.1271 0.7588 -0.5603 0.1114 0.8208 -0.4760 0.0947 0.8743 -0.3868 0.0769 0.9190 -0.2936 0.0584 0.9541 -0.1974 0.0393 0.9795 -0.0992 0.0197 0.9949 -0.1007 0.0099 -0.9949 -0.2003 0.0197 -0.9795 -0.2979 0.0293 -0.9541 -0.3925 0.0387 -0.9190 -0.4830 0.0476 -0.8743 -0.5685 0.0560 -0.8208 -0.6482 0.0638 -0.7588 -0.7213 0.0710 -0.6890 -0.7870 0.0775 -0.6121 -0.8446 0.0832 -0.5290 -0.8935 0.0880 -0.4404 -0.9332 0.0919 -0.3473 -0.9634 0.0949 -0.2507 -0.9837 0.0969 -0.1514 -0.9939 0.0979 -0.0506 -0.9939 0.0979 0.0506 -0.9837 0.0969 0.1514 -0.9634 0.0949 0.2507 -0.9332 0.0919 0.3473 -0.8935 0.0880 0.4404 -0.8446 0.0832 0.5290 -0.7870 0.0775 0.6121 -0.7213 0.0710 0.6890 -0.6482 0.0638 0.7588 -0.5685 0.0560 0.8208 -0.4830 0.0476 0.8743 -0.3925 0.0387 0.9190 -0.2979 0.0293 0.9541 -0.2003 0.0197 0.9795 -0.1007 0.0099 0.9949 -0.1012 0.0000 -0.9949 -0.2013 0.0000 -0.9795 -0.2994 0.0000 -0.9541 -0.3944 0.0000 -0.9190 -0.4853 0.0000 -0.8743 -0.5713 0.0000 -0.8208 -0.6514 0.0000 -0.7588 -0.7248 0.0000 -0.6890 -0.7908 0.0000 -0.6121 -0.8486 0.0000 -0.5290 -0.8978 0.0000 -0.4404 -0.9378 0.0000 -0.3473 -0.9681 0.0000 -0.2507 -0.9885 0.0000 -0.1514 -0.9987 0.0000 -0.0506 -0.9987 0.0000 0.0506 -0.9885 0.0000 0.1514 -0.9681 0.0000 0.2507 -0.9378 0.0000 0.3473 -0.8978 0.0000 0.4404 -0.8486 0.0000 0.5290 -0.7908 0.0000 0.6121 -0.7248 0.0000 0.6890 -0.6514 0.0000 0.7588 -0.5713 0.0000 0.8208 -0.4853 0.0000 0.8743 -0.3944 0.0000 0.9190 -0.2994 0.0000 0.9541 -0.2013 0.0000 0.9795 -0.1012 0.0000 0.9949 -0.1007 -0.0099 -0.9949 -0.2003 -0.0197 -0.9795 -0.2979 -0.0293 -0.9541 -0.3925 -0.0387 -0.9190 -0.4830 -0.0476 -0.8743 -0.5685 -0.0560 -0.8208 -0.6482 -0.0638 -0.7588 -0.7213 -0.0710 -0.6890 -0.7870 -0.0775 -0.6121 -0.8446 -0.0832 -0.5290 -0.8935 -0.0880 -0.4404 -0.9332 -0.0919 -0.3473 -0.9634 -0.0949 -0.2507 -0.9837 -0.0969 -0.1514 -0.9939 -0.0979 -0.0506 -0.9939 -0.0979 0.0506 -0.9837 -0.0969 0.1514 -0.9634 -0.0949 0.2507 -0.9332 -0.0919 0.3473 -0.8935 -0.0880 0.4404 -0.8446 -0.0832 0.5290 -0.7870 -0.0775 0.6121 -0.7213 -0.0710 0.6890 -0.6482 -0.0638 0.7588 -0.5685 -0.0560 0.8208 -0.4830 -0.0476 0.8743 -0.3925 -0.0387 0.9190 -0.2979 -0.0293 0.9541 -0.2003 -0.0197 0.9795 -0.1007 -0.0099 0.9949 -0.0992 -0.0197 -0.9949 -0.1974 -0.0393 -0.9795 -0.2936 -0.0584 -0.9541 -0.3868 -0.0769 -0.9190 -0.4760 -0.0947 -0.8743 -0.5603 -0.1114 -0.8208 -0.6389 -0.1271 -0.7588 -0.7109 -0.1414 -0.6890 -0.7756 -0.1543 -0.6121 -0.8323 -0.1656 -0.5290 -0.8806 -0.1752 -0.4404 -0.9197 -0.1829 -0.3473 -0.9495 -0.1889 -0.2507 -0.9695 -0.1928 -0.1514 -0.9795 -0.1948 -0.0506 -0.9795 -0.1948 0.0506 -0.9695 -0.1928 0.1514 -0.9495 -0.1889 0.2507 -0.9197 -0.1829 0.3473 -0.8806 -0.1752 0.4404 -0.8323 -0.1656 0.5290 -0.7756 -0.1543 0.6121 -0.7109 -0.1414 0.6890 -0.6389 -0.1271 0.7588 -0.5603 -0.1114 0.8208 -0.4760 -0.0947 0.8743 -0.3868 -0.0769 0.9190 -0.2936 -0.0584 0.9541 -0.1974 -0.0393 0.9795 -0.0992 -0.0197 0.9949 -0.0968 -0.0294 -0.9949 -0.1926 -0.0584 -0.9795 -0.2865 -0.0869 -0.9541 -0.3774 -0.1145 -0.9190 -0.4644 -0.1409 -0.8743 -0.5467 -0.1658 -0.8208 -0.6233 -0.1891 -0.7588 -0.6936 -0.2104 -0.6890 -0.7567 -0.2296 -0.6121 -0.8121 -0.2463 -0.5290 -0.8591 -0.2606 -0.4404 -0.8974 -0.2722 -0.3473 -0.9264 -0.2810 -0.2507 -0.9459 -0.2869 -0.1514 -0.9557 -0.2899 -0.0506 -0.9557 -0.2899 0.0506 -0.9459 -0.2869 0.1514 -0.9264 -0.2810 0.2507 -0.8974 -0.2722 0.3473 -0.8591 -0.2606 0.4404 -0.8121 -0.2463 0.5290 -0.7567 -0.2296 0.6121 -0.6936 -0.2104 0.6890 -0.6233 -0.1891 0.7588 -0.5467 -0.1658 0.8208 -0.4644 -0.1409 0.8743 -0.3774 -0.1145 0.9190 -0.2865 -0.0869 0.9541 -0.1926 -0.0584 0.9795 -0.0968 -0.0294 0.9949 -0.0935 -0.0387 -0.9949 -0.1860 -0.0770 -0.9795 -0.2766 -0.1146 -0.9541 -0.3643 -0.1509 -0.9190 -0.4484 -0.1857 -0.8743 -0.5278 -0.2186 -0.8208 -0.6018 -0.2493 -0.7588 -0.6696 -0.2774 -0.6890 -0.7306 -0.3026 -0.6121 -0.7840 -0.3248 -0.5290 -0.8295 -0.3436 -0.4404 -0.8664 -0.3589 -0.3473 -0.8944 -0.3705 -0.2507 -0.9132 -0.3783 -0.1514 -0.9227 -0.3822 -0.0506 -0.9227 -0.3822 0.0506 -0.9132 -0.3783 0.1514 -0.8944 -0.3705 0.2507 -0.8664 -0.3589 0.3473 -0.8295 -0.3436 0.4404 -0.7840 -0.3248 0.5290 -0.7306 -0.3026 0.6121 -0.6696 -0.2774 0.6890 -0.6018 -0.2493 0.7588 -0.5278 -0.2186 0.8208 -0.4484 -0.1857 0.8743 -0.3643 -0.1509 0.9190 -0.2766 -0.1146 0.9541 -0.1860 -0.0770 0.9795 -0.0935 -0.0387 0.9949 -0.0892 -0.0477 -0.9949 -0.1775 -0.0949 -0.9795 -0.2640 -0.1411 -0.9541 -0.3478 -0.1859 -0.9190 -0.4280 -0.2288 -0.8743 -0.5038 -0.2693 -0.8208 -0.5745 -0.3071 -0.7588 -0.6392 -0.3417 -0.6890 -0.6974 -0.3728 -0.6121 -0.7484 -0.4000 -0.5290 -0.7918 -0.4232 -0.4404 -0.8270 -0.4421 -0.3473 -0.8538 -0.4563 -0.2507 -0.8718 -0.4660 -0.1514 -0.8808 -0.4708 -0.0506 -0.8808 -0.4708 0.0506 -0.8718 -0.4660 0.1514 -0.8538 -0.4563 0.2507 -0.8270 -0.4421 0.3473 -0.7918 -0.4232 0.4404 -0.7484 -0.4000 0.5290 -0.6974 -0.3728 0.6121 -0.6392 -0.3417 0.6890 -0.5745 -0.3071 0.7588 -0.5038 -0.2693 0.8208 -0.4280 -0.2288 0.8743 -0.3478 -0.1859 0.9190 -0.2640 -0.1411 0.9541 -0.1775 -0.0949 0.9795 -0.0892 -0.0477 0.9949 -0.0841 -0.0562 -0.9949 -0.1674 -0.1118 -0.9795 -0.2489 -0.1663 -0.9541 -0.3279 -0.2191 -0.9190 -0.4035 -0.2696 -0.8743 -0.4750 -0.3174 -0.8208 -0.5416 -0.3619 -0.7588 -0.6026 -0.4027 -0.6890 -0.6575 -0.4393 -0.6121 -0.7056 -0.4715 -0.5290 -0.7465 -0.4988 -0.4404 -0.7797 -0.5210 -0.3473 -0.8049 -0.5378 -0.2507 -0.8219 -0.5492 -0.1514 -0.8304 -0.5549 -0.0506 -0.8304 -0.5549 0.0506 -0.8219 -0.5492 0.1514 -0.8049 -0.5378 0.2507 -0.7797 -0.5210 0.3473 -0.7465 -0.4988 0.4404 -0.7056 -0.4715 0.5290 -0.6575 -0.4393 0.6121 -0.6026 -0.4027 0.6890 -0.5416 -0.3619 0.7588 -0.4750 -0.3174 0.8208 -0.4035 -0.2696 0.8743 -0.3279 -0.2191 0.9190 -0.2489 -0.1663 0.9541 -0.1674 -0.1118 0.9795 -0.0841 -0.0562 0.9949 -0.0782 -0.0642 -0.9949 -0.1556 -0.1277 -0.9795 -0.2314 -0.1899 -0.9541 -0.3048 -0.2502 -0.9190 -0.3751 -0.3079 -0.8743 -0.4416 -0.3624 -0.8208 -0.5035 -0.4132 -0.7588 -0.5603 -0.4598 -0.6890 -0.6113 -0.5017 -0.6121 -0.6560 -0.5384 -0.5290 -0.6940 -0.5696 -0.4404 -0.7249 -0.5949 -0.3473 -0.7483 -0.6141 -0.2507 -0.7641 -0.6271 -0.1514 -0.7720 -0.6336 -0.0506 -0.7720 -0.6336 0.0506 -0.7641 -0.6271 0.1514 -0.7483 -0.6141 0.2507 -0.7249 -0.5949 0.3473 -0.6940 -0.5696 0.4404 -0.6560 -0.5384 0.5290 -0.6113 -0.5017 0.6121 -0.5603 -0.4598 0.6890 -0.5035 -0.4132 0.7588 -0.4416 -0.3624 0.8208 -0.3751 -0.3079 0.8743 -0.3048 -0.2502 0.9190 -0.2314 -0.1899 0.9541 -0.1556 -0.1277 0.9795 -0.0782 -0.0642 0.9949 -0.0715 -0.0715 -0.9949 -0.1423 -0.1423 -0.9795 -0.2117 -0.2117 -0.9541 -0.2789 -0.2789 -0.9190 -0.3432 -0.3432 -0.8743 -0.4039 -0.4039 -0.8208 -0.4606 -0.4606 -0.7588 -0.5125 -0.5125 -0.6890 -0.5592 -0.5592 -0.6121 -0.6001 -0.6001 -0.5290 -0.6348 -0.6348 -0.4404 -0.6631 -0.6631 -0.3473 -0.6845 -0.6845 -0.2507 -0.6990 -0.6990 -0.1514 -0.7062 -0.7062 -0.0506 -0.7062 -0.7062 0.0506 -0.6990 -0.6990 0.1514 -0.6845 -0.6845 0.2507 -0.6631 -0.6631 0.3473 -0.6348 -0.6348 0.4404 -0.6001 -0.6001 0.5290 -0.5592 -0.5592 0.6121 -0.5125 -0.5125 0.6890 -0.4606 -0.4606 0.7588 -0.4039 -0.4039 0.8208 -0.3432 -0.3432 0.8743 -0.2789 -0.2789 0.9190 -0.2117 -0.2117 0.9541 -0.1423 -0.1423 0.9795 -0.0715 -0.0715 0.9949 -0.0642 -0.0782 -0.9949 -0.1277 -0.1556 -0.9795 -0.1899 -0.2314 -0.9541 -0.2502 -0.3048 -0.9190 -0.3079 -0.3751 -0.8743 -0.3624 -0.4416 -0.8208 -0.4132 -0.5035 -0.7588 -0.4598 -0.5603 -0.6890 -0.5017 -0.6113 -0.6121 -0.5384 -0.6560 -0.5290 -0.5696 -0.6940 -0.4404 -0.5949 -0.7249 -0.3473 -0.6141 -0.7483 -0.2507 -0.6271 -0.7641 -0.1514 -0.6336 -0.7720 -0.0506 -0.6336 -0.7720 0.0506 -0.6271 -0.7641 0.1514 -0.6141 -0.7483 0.2507 -0.5949 -0.7249 0.3473 -0.5696 -0.6940 0.4404 -0.5384 -0.6560 0.5290 -0.5017 -0.6113 0.6121 -0.4598 -0.5603 0.6890 -0.4132 -0.5035 0.7588 -0.3624 -0.4416 0.8208 -0.3079 -0.3751 0.8743 -0.2502 -0.3048 0.9190 -0.1899 -0.2314 0.9541 -0.1277 -0.1556 0.9795 -0.0642 -0.0782 0.9949 -0.0562 -0.0841 -0.9949 -0.1118 -0.1674 -0.9795 -0.1663 -0.2489 -0.9541 -0.2191 -0.3279 -0.9190 -0.2696 -0.4035 -0.8743 -0.3174 -0.4750 -0.8208 -0.3619 -0.5416 -0.7588 -0.4027 -0.6026 -0.6890 -0.4393 -0.6575 -0.6121 -0.4715 -0.7056 -0.5290 -0.4988 -0.7465 -0.4404 -0.5210 -0.7797 -0.3473 -0.5378 -0.8049 -0.2507 -0.5492 -0.8219 -0.1514 -0.5549 -0.8304 -0.0506 -0.5549 -0.8304 0.0506 -0.5492 -0.8219 0.1514 -0.5378 -0.8049 0.2507 -0.5210 -0.7797 0.3473 -0.4988 -0.7465 0.4404 -0.4715 -0.7056 0.5290 -0.4393 -0.6575 0.6121 -0.4027 -0.6026 0.6890 -0.3619 -0.5416 0.7588 -0.3174 -0.4750 0.8208 -0.2696 -0.4035 0.8743 -0.2191 -0.3279 0.9190 -0.1663 -0.2489 0.9541 -0.1118 -0.1674 0.9795 -0.0562 -0.0841 0.9949 -0.0477 -0.0892 -0.9949 -0.0949 -0.1775 -0.9795 -0.1411 -0.2640 -0.9541 -0.1859 -0.3478 -0.9190 -0.2288 -0.4280 -0.8743 -0.2693 -0.5038 -0.8208 -0.3071 -0.5745 -0.7588 -0.3417 -0.6392 -0.6890 -0.3728 -0.6974 -0.6121 -0.4000 -0.7484 -0.5290 -0.4232 -0.7918 -0.4404 -0.4421 -0.8270 -0.3473 -0.4563 -0.8538 -0.2507 -0.4660 -0.8718 -0.1514 -0.4708 -0.8808 -0.0506 -0.4708 -0.8808 0.0506 -0.4660 -0.8718 0.1514 -0.4563 -0.8538 0.2507 -0.4421 -0.8270 0.3473 -0.4232 -0.7918 0.4404 -0.4000 -0.7484 0.5290 -0.3728 -0.6974 0.6121 -0.3417 -0.6392 0.6890 -0.3071 -0.5745 0.7588 -0.2693 -0.5038 0.8208 -0.2288 -0.4280 0.8743 -0.1859 -0.3478 0.9190 -0.1411 -0.2640 0.9541 -0.0949 -0.1775 0.9795 -0.0477 -0.0892 0.9949 -0.0387 -0.0935 -0.9949 -0.0770 -0.1860 -0.9795 -0.1146 -0.2766 -0.9541 -0.1509 -0.3643 -0.9190 -0.1857 -0.4484 -0.8743 -0.2186 -0.5278 -0.8208 -0.2493 -0.6018 -0.7588 -0.2774 -0.6696 -0.6890 -0.3026 -0.7306 -0.6121 -0.3248 -0.7840 -0.5290 -0.3436 -0.8295 -0.4404 -0.3589 -0.8664 -0.3473 -0.3705 -0.8944 -0.2507 -0.3783 -0.9132 -0.1514 -0.3822 -0.9227 -0.0506 -0.3822 -0.9227 0.0506 -0.3783 -0.9132 0.1514 -0.3705 -0.8944 0.2507 -0.3589 -0.8664 0.3473 -0.3436 -0.8295 0.4404 -0.3248 -0.7840 0.5290 -0.3026 -0.7306 0.6121 -0.2774 -0.6696 0.6890 -0.2493 -0.6018 0.7588 -0.2186 -0.5278 0.8208 -0.1857 -0.4484 0.8743 -0.1509 -0.3643 0.9190 -0.1146 -0.2766 0.9541 -0.0770 -0.1860 0.9795 -0.0387 -0.0935 0.9949 -0.0294 -0.0968 -0.9949 -0.0584 -0.1926 -0.9795 -0.0869 -0.2865 -0.9541 -0.1145 -0.3774 -0.9190 -0.1409 -0.4644 -0.8743 -0.1658 -0.5467 -0.8208 -0.1891 -0.6233 -0.7588 -0.2104 -0.6936 -0.6890 -0.2296 -0.7567 -0.6121 -0.2463 -0.8121 -0.5290 -0.2606 -0.8591 -0.4404 -0.2722 -0.8974 -0.3473 -0.2810 -0.9264 -0.2507 -0.2869 -0.9459 -0.1514 -0.2899 -0.9557 -0.0506 -0.2899 -0.9557 0.0506 -0.2869 -0.9459 0.1514 -0.2810 -0.9264 0.2507 -0.2722 -0.8974 0.3473 -0.2606 -0.8591 0.4404 -0.2463 -0.8121 0.5290 -0.2296 -0.7567 0.6121 -0.2104 -0.6936 0.6890 -0.1891 -0.6233 0.7588 -0.1658 -0.5467 0.8208 -0.1409 -0.4644 0.8743 -0.1145 -0.3774 0.9190 -0.0869 -0.2865 0.9541 -0.0584 -0.1926 0.9795 -0.0294 -0.0968 0.9949 -0.0197 -0.0992 -0.9949 -0.0393 -0.1974 -0.9795 -0.0584 -0.2936 -0.9541 -0.0769 -0.3868 -0.9190 -0.0947 -0.4760 -0.8743 -0.1114 -0.5603 -0.8208 -0.1271 -0.6389 -0.7588 -0.1414 -0.7109 -0.6890 -0.1543 -0.7756 -0.6121 -0.1656 -0.8323 -0.5290 -0.1752 -0.8806 -0.4404 -0.1829 -0.9197 -0.3473 -0.1889 -0.9495 -0.2507 -0.1928 -0.9695 -0.1514 -0.1948 -0.9795 -0.0506 -0.1948 -0.9795 0.0506 -0.1928 -0.9695 0.1514 -0.1889 -0.9495 0.2507 -0.1829 -0.9197 0.3473 -0.1752 -0.8806 0.4404 -0.1656 -0.8323 0.5290 -0.1543 -0.7756 0.6121 -0.1414 -0.7109 0.6890 -0.1271 -0.6389 0.7588 -0.1114 -0.5603 0.8208 -0.0947 -0.4760 0.8743 -0.0769 -0.3868 0.9190 -0.0584 -0.2936 0.9541 -0.0393 -0.1974 0.9795 -0.0197 -0.0992 0.9949 -0.0099 -0.1007 -0.9949 -0.0197 -0.2003 -0.9795 -0.0293 -0.2979 -0.9541 -0.0387 -0.3925 -0.9190 -0.0476 -0.4830 -0.8743 -0.0560 -0.5685 -0.8208 -0.0638 -0.6482 -0.7588 -0.0710 -0.7213 -0.6890 -0.0775 -0.7870 -0.6121 -0.0832 -0.8446 -0.5290 -0.0880 -0.8935 -0.4404 -0.0919 -0.9332 -0.3473 -0.0949 -0.9634 -0.2507 -0.0969 -0.9837 -0.1514 -0.0979 -0.9939 -0.0506 -0.0979 -0.9939 0.0506 -0.0969 -0.9837 0.1514 -0.0949 -0.9634 0.2507 -0.0919 -0.9332 0.3473 -0.0880 -0.8935 0.4404 -0.0832 -0.8446 0.5290 -0.0775 -0.7870 0.6121 -0.0710 -0.7213 0.6890 -0.0638 -0.6482 0.7588 -0.0560 -0.5685 0.8208 -0.0476 -0.4830 0.8743 -0.0387 -0.3925 0.9190 -0.0293 -0.2979 0.9541 -0.0197 -0.2003 0.9795 -0.0099 -0.1007 0.9949 -0.0000 -0.1012 -0.9949 -0.0000 -0.2013 -0.9795 -0.0000 -0.2994 -0.9541 -0.0000 -0.3944 -0.9190 -0.0000 -0.4853 -0.8743 -0.0000 -0.5713 -0.8208 -0.0000 -0.6514 -0.7588 -0.0000 -0.7248 -0.6890 -0.0000 -0.7908 -0.6121 -0.0000 -0.8486 -0.5290 -0.0000 -0.8978 -0.4404 -0.0000 -0.9378 -0.3473 -0.0000 -0.9681 -0.2507 -0.0000 -0.9885 -0.1514 -0.0000 -0.9987 -0.0506 -0.0000 -0.9987 0.0506 -0.0000 -0.9885 0.1514 -0.0000 -0.9681 0.2507 -0.0000 -0.9378 0.3473 -0.0000 -0.8978 0.4404 -0.0000 -0.8486 0.5290 -0.0000 -0.7908 0.6121 -0.0000 -0.7248 0.6890 -0.0000 -0.6514 0.7588 -0.0000 -0.5713 0.8208 -0.0000 -0.4853 0.8743 -0.0000 -0.3944 0.9190 -0.0000 -0.2994 0.9541 -0.0000 -0.2013 0.9795 -0.0000 -0.1012 0.9949 0.0099 -0.1007 -0.9949 0.0197 -0.2003 -0.9795 0.0293 -0.2979 -0.9541 0.0387 -0.3925 -0.9190 0.0476 -0.4830 -0.8743 0.0560 -0.5685 -0.8208 0.0638 -0.6482 -0.7588 0.0710 -0.7213 -0.6890 0.0775 -0.7870 -0.6121 0.0832 -0.8446 -0.5290 0.0880 -0.8935 -0.4404 0.0919 -0.9332 -0.3473 0.0949 -0.9634 -0.2507 0.0969 -0.9837 -0.1514 0.0979 -0.9939 -0.0506 0.0979 -0.9939 0.0506 0.0969 -0.9837 0.1514 0.0949 -0.9634 0.2507 0.0919 -0.9332 0.3473 0.0880 -0.8935 0.4404 0.0832 -0.8446 0.5290 0.0775 -0.7870 0.6121 0.0710 -0.7213 0.6890 0.0638 -0.6482 0.7588 0.0560 -0.5685 0.8208 0.0476 -0.4830 0.8743 0.0387 -0.3925 0.9190 0.0293 -0.2979 0.9541 0.0197 -0.2003 0.9795 0.0099 -0.1007 0.9949 0.0197 -0.0992 -0.9949 0.0393 -0.1974 -0.9795 0.0584 -0.2936 -0.9541 0.0769 -0.3868 -0.9190 0.0947 -0.4760 -0.8743 0.1114 -0.5603 -0.8208 0.1271 -0.6389 -0.7588 0.1414 -0.7109 -0.6890 0.1543 -0.7756 -0.6121 0.1656 -0.8323 -0.5290 0.1752 -0.8806 -0.4404 0.1829 -0.9197 -0.3473 0.1889 -0.9495 -0.2507 0.1928 -0.9695 -0.1514 0.1948 -0.9795 -0.0506 0.1948 -0.9795 0.0506 0.1928 -0.9695 0.1514 0.1889 -0.9495 0.2507 0.1829 -0.9197 0.3473 0.1752 -0.8806 0.4404 0.1656 -0.8323 0.5290 0.1543 -0.7756 0.6121 0.1414 -0.7109 0.6890 0.1271 -0.6389 0.7588 0.1114 -0.5603 0.8208 0.0947 -0.4760 0.8743 0.0769 -0.3868 0.9190 0.0584 -0.2936 0.9541 0.0393 -0.1974 0.9795 0.0197 -0.0992 0.9949 0.0294 -0.0968 -0.9949 0.0584 -0.1926 -0.9795 0.0869 -0.2865 -0.9541 0.1145 -0.3774 -0.9190 0.1409 -0.4644 -0.8743 0.1658 -0.5467 -0.8208 0.1891 -0.6233 -0.7588 0.2104 -0.6936 -0.6890 0.2296 -0.7567 -0.6121 0.2463 -0.8121 -0.5290 0.2606 -0.8591 -0.4404 0.2722 -0.8974 -0.3473 0.2810 -0.9264 -0.2507 0.2869 -0.9459 -0.1514 0.2899 -0.9557 -0.0506 0.2899 -0.9557 0.0506 0.2869 -0.9459 0.1514 0.2810 -0.9264 0.2507 0.2722 -0.8974 0.3473 0.2606 -0.8591 0.4404 0.2463 -0.8121 0.5290 0.2296 -0.7567 0.6121 0.2104 -0.6936 0.6890 0.1891 -0.6233 0.7588 0.1658 -0.5467 0.8208 0.1409 -0.4644 0.8743 0.1145 -0.3774 0.9190 0.0869 -0.2865 0.9541 0.0584 -0.1926 0.9795 0.0294 -0.0968 0.9949 0.0387 -0.0935 -0.9949 0.0770 -0.1860 -0.9795 0.1146 -0.2766 -0.9541 0.1509 -0.3643 -0.9190 0.1857 -0.4484 -0.8743 0.2186 -0.5278 -0.8208 0.2493 -0.6018 -0.7588 0.2774 -0.6696 -0.6890 0.3026 -0.7306 -0.6121 0.3248 -0.7840 -0.5290 0.3436 -0.8295 -0.4404 0.3589 -0.8664 -0.3473 0.3705 -0.8944 -0.2507 0.3783 -0.9132 -0.1514 0.3822 -0.9227 -0.0506 0.3822 -0.9227 0.0506 0.3783 -0.9132 0.1514 0.3705 -0.8944 0.2507 0.3589 -0.8664 0.3473 0.3436 -0.8295 0.4404 0.3248 -0.7840 0.5290 0.3026 -0.7306 0.6121 0.2774 -0.6696 0.6890 0.2493 -0.6018 0.7588 0.2186 -0.5278 0.8208 0.1857 -0.4484 0.8743 0.1509 -0.3643 0.9190 0.1146 -0.2766 0.9541 0.0770 -0.1860 0.9795 0.0387 -0.0935 0.9949 0.0477 -0.0892 -0.9949 0.0949 -0.1775 -0.9795 0.1411 -0.2640 -0.9541 0.1859 -0.3478 -0.9190 0.2288 -0.4280 -0.8743 0.2693 -0.5038 -0.8208 0.3071 -0.5745 -0.7588 0.3417 -0.6392 -0.6890 0.3728 -0.6974 -0.6121 0.4000 -0.7484 -0.5290 0.4232 -0.7918 -0.4404 0.4421 -0.8270 -0.3473 0.4563 -0.8538 -0.2507 0.4660 -0.8718 -0.1514 0.4708 -0.8808 -0.0506 0.4708 -0.8808 0.0506 0.4660 -0.8718 0.1514 0.4563 -0.8538 0.2507 0.4421 -0.8270 0.3473 0.4232 -0.7918 0.4404 0.4000 -0.7484 0.5290 0.3728 -0.6974 0.6121 0.3417 -0.6392 0.6890 0.3071 -0.5745 0.7588 0.2693 -0.5038 0.8208 0.2288 -0.4280 0.8743 0.1859 -0.3478 0.9190 0.1411 -0.2640 0.9541 0.0949 -0.1775 0.9795 0.0477 -0.0892 0.9949 0.0562 -0.0841 -0.9949 0.1118 -0.1674 -0.9795 0.1663 -0.2489 -0.9541 0.2191 -0.3279 -0.9190 0.2696 -0.4035 -0.8743 0.3174 -0.4750 -0.8208 0.3619 -0.5416 -0.7588 0.4027 -0.6026 -0.6890 0.4393 -0.6575 -0.6121 0.4715 -0.7056 -0.5290 0.4988 -0.7465 -0.4404 0.5210 -0.7797 -0.3473 0.5378 -0.8049 -0.2507 0.5492 -0.8219 -0.1514 0.5549 -0.8304 -0.0506 0.5549 -0.8304 0.0506 0.5492 -0.8219 0.1514 0.5378 -0.8049 0.2507 0.5210 -0.7797 0.3473 0.4988 -0.7465 0.4404 0.4715 -0.7056 0.5290 0.4393 -0.6575 0.6121 0.4027 -0.6026 0.6890 0.3619 -0.5416 0.7588 0.3174 -0.4750 0.8208 0.2696 -0.4035 0.8743 0.2191 -0.3279 0.9190 0.1663 -0.2489 0.9541 0.1118 -0.1674 0.9795 0.0562 -0.0841 0.9949 0.0642 -0.0782 -0.9949 0.1277 -0.1556 -0.9795 0.1899 -0.2314 -0.9541 0.2502 -0.3048 -0.9190 0.3079 -0.3751 -0.8743 0.3624 -0.4416 -0.8208 0.4132 -0.5035 -0.7588 0.4598 -0.5603 -0.6890 0.5017 -0.6113 -0.6121 0.5384 -0.6560 -0.5290 0.5696 -0.6940 -0.4404 0.5949 -0.7249 -0.3473 0.6141 -0.7483 -0.2507 0.6271 -0.7641 -0.1514 0.6336 -0.7720 -0.0506 0.6336 -0.7720 0.0506 0.6271 -0.7641 0.1514 0.6141 -0.7483 0.2507 0.5949 -0.7249 0.3473 0.5696 -0.6940 0.4404 0.5384 -0.6560 0.5290 0.5017 -0.6113 0.6121 0.4598 -0.5603 0.6890 0.4132 -0.5035 0.7588 0.3624 -0.4416 0.8208 0.3079 -0.3751 0.8743 0.2502 -0.3048 0.9190 0.1899 -0.2314 0.9541 0.1277 -0.1556 0.9795 0.0642 -0.0782 0.9949 0.0715 -0.0715 -0.9949 0.1423 -0.1423 -0.9795 0.2117 -0.2117 -0.9541 0.2789 -0.2789 -0.9190 0.3432 -0.3432 -0.8743 0.4039 -0.4039 -0.8208 0.4606 -0.4606 -0.7588 0.5125 -0.5125 -0.6890 0.5592 -0.5592 -0.6121 0.6001 -0.6001 -0.5290 0.6348 -0.6348 -0.4404 0.6631 -0.6631 -0.3473 0.6845 -0.6845 -0.2507 0.6990 -0.6990 -0.1514 0.7062 -0.7062 -0.0506 0.7062 -0.7062 0.0506 0.6990 -0.6990 0.1514 0.6845 -0.6845 0.2507 0.6631 -0.6631 0.3473 0.6348 -0.6348 0.4404 0.6001 -0.6001 0.5290 0.5592 -0.5592 0.6121 0.5125 -0.5125 0.6890 0.4606 -0.4606 0.7588 0.4039 -0.4039 0.8208 0.3432 -0.3432 0.8743 0.2789 -0.2789 0.9190 0.2117 -0.2117 0.9541 0.1423 -0.1423 0.9795 0.0715 -0.0715 0.9949 0.0782 -0.0642 -0.9949 0.1556 -0.1277 -0.9795 0.2314 -0.1899 -0.9541 0.3048 -0.2502 -0.9190 0.3751 -0.3079 -0.8743 0.4416 -0.3624 -0.8208 0.5035 -0.4132 -0.7588 0.5603 -0.4598 -0.6890 0.6113 -0.5017 -0.6121 0.6560 -0.5384 -0.5290 0.6940 -0.5696 -0.4404 0.7249 -0.5949 -0.3473 0.7483 -0.6141 -0.2507 0.7641 -0.6271 -0.1514 0.7720 -0.6336 -0.0506 0.7720 -0.6336 0.0506 0.7641 -0.6271 0.1514 0.7483 -0.6141 0.2507 0.7249 -0.5949 0.3473 0.6940 -0.5696 0.4404 0.6560 -0.5384 0.5290 0.6113 -0.5017 0.6121 0.5603 -0.4598 0.6890 0.5035 -0.4132 0.7588 0.4416 -0.3624 0.8208 0.3751 -0.3079 0.8743 0.3048 -0.2502 0.9190 0.2314 -0.1899 0.9541 0.1556 -0.1277 0.9795 0.0782 -0.0642 0.9949 0.0841 -0.0562 -0.9949 0.1674 -0.1118 -0.9795 0.2489 -0.1663 -0.9541 0.3279 -0.2191 -0.9190 0.4035 -0.2696 -0.8743 0.4750 -0.3174 -0.8208 0.5416 -0.3619 -0.7588 0.6026 -0.4027 -0.6890 0.6575 -0.4393 -0.6121 0.7056 -0.4715 -0.5290 0.7465 -0.4988 -0.4404 0.7797 -0.5210 -0.3473 0.8049 -0.5378 -0.2507 0.8219 -0.5492 -0.1514 0.8304 -0.5549 -0.0506 0.8304 -0.5549 0.0506 0.8219 -0.5492 0.1514 0.8049 -0.5378 0.2507 0.7797 -0.5210 0.3473 0.7465 -0.4988 0.4404 0.7056 -0.4715 0.5290 0.6575 -0.4393 0.6121 0.6026 -0.4027 0.6890 0.5416 -0.3619 0.7588 0.4750 -0.3174 0.8208 0.4035 -0.2696 0.8743 0.3279 -0.2191 0.9190 0.2489 -0.1663 0.9541 0.1674 -0.1118 0.9795 0.0841 -0.0562 0.9949 0.0892 -0.0477 -0.9949 0.1775 -0.0949 -0.9795 0.2640 -0.1411 -0.9541 0.3478 -0.1859 -0.9190 0.4280 -0.2288 -0.8743 0.5038 -0.2693 -0.8208 0.5745 -0.3071 -0.7588 0.6392 -0.3417 -0.6890 0.6974 -0.3728 -0.6121 0.7484 -0.4000 -0.5290 0.7918 -0.4232 -0.4404 0.8270 -0.4421 -0.3473 0.8538 -0.4563 -0.2507 0.8718 -0.4660 -0.1514 0.8808 -0.4708 -0.0506 0.8808 -0.4708 0.0506 0.8718 -0.4660 0.1514 0.8538 -0.4563 0.2507 0.8270 -0.4421 0.3473 0.7918 -0.4232 0.4404 0.7484 -0.4000 0.5290 0.6974 -0.3728 0.6121 0.6392 -0.3417 0.6890 0.5745 -0.3071 0.7588 0.5038 -0.2693 0.8208 0.4280 -0.2288 0.8743 0.3478 -0.1859 0.9190 0.2640 -0.1411 0.9541 0.1775 -0.0949 0.9795 0.0892 -0.0477 0.9949 0.0935 -0.0387 -0.9949 0.1860 -0.0770 -0.9795 0.2766 -0.1146 -0.9541 0.3643 -0.1509 -0.9190 0.4484 -0.1857 -0.8743 0.5278 -0.2186 -0.8208 0.6018 -0.2493 -0.7588 0.6696 -0.2774 -0.6890 0.7306 -0.3026 -0.6121 0.7840 -0.3248 -0.5290 0.8295 -0.3436 -0.4404 0.8664 -0.3589 -0.3473 0.8944 -0.3705 -0.2507 0.9132 -0.3783 -0.1514 0.9227 -0.3822 -0.0506 0.9227 -0.3822 0.0506 0.9132 -0.3783 0.1514 0.8944 -0.3705 0.2507 0.8664 -0.3589 0.3473 0.8295 -0.3436 0.4404 0.7840 -0.3248 0.5290 0.7306 -0.3026 0.6121 0.6696 -0.2774 0.6890 0.6018 -0.2493 0.7588 0.5278 -0.2186 0.8208 0.4484 -0.1857 0.8743 0.3643 -0.1509 0.9190 0.2766 -0.1146 0.9541 0.1860 -0.0770 0.9795 0.0935 -0.0387 0.9949 0.0968 -0.0294 -0.9949 0.1926 -0.0584 -0.9795 0.2865 -0.0869 -0.9541 0.3774 -0.1145 -0.9190 0.4644 -0.1409 -0.8743 0.5467 -0.1658 -0.8208 0.6233 -0.1891 -0.7588 0.6936 -0.2104 -0.6890 0.7567 -0.2296 -0.6121 0.8121 -0.2463 -0.5290 0.8591 -0.2606 -0.4404 0.8974 -0.2722 -0.3473 0.9264 -0.2810 -0.2507 0.9459 -0.2869 -0.1514 0.9557 -0.2899 -0.0506 0.9557 -0.2899 0.0506 0.9459 -0.2869 0.1514 0.9264 -0.2810 0.2507 0.8974 -0.2722 0.3473 0.8591 -0.2606 0.4404 0.8121 -0.2463 0.5290 0.7567 -0.2296 0.6121 0.6936 -0.2104 0.6890 0.6233 -0.1891 0.7588 0.5467 -0.1658 0.8208 0.4644 -0.1409 0.8743 0.3774 -0.1145 0.9190 0.2865 -0.0869 0.9541 0.1926 -0.0584 0.9795 0.0968 -0.0294 0.9949 0.0992 -0.0197 -0.9949 0.1974 -0.0393 -0.9795 0.2936 -0.0584 -0.9541 0.3868 -0.0769 -0.9190 0.4760 -0.0947 -0.8743 0.5603 -0.1114 -0.8208 0.6389 -0.1271 -0.7588 0.7109 -0.1414 -0.6890 0.7756 -0.1543 -0.6121 0.8323 -0.1656 -0.5290 0.8806 -0.1752 -0.4404 0.9197 -0.1829 -0.3473 0.9495 -0.1889 -0.2507 0.9695 -0.1928 -0.1514 0.9795 -0.1948 -0.0506 0.9795 -0.1948 0.0506 0.9695 -0.1928 0.1514 0.9495 -0.1889 0.2507 0.9197 -0.1829 0.3473 0.8806 -0.1752 0.4404 0.8323 -0.1656 0.5290 0.7756 -0.1543 0.6121 0.7109 -0.1414 0.6890 0.6389 -0.1271 0.7588 0.5603 -0.1114 0.8208 0.4760 -0.0947 0.8743 0.3868 -0.0769 0.9190 0.2936 -0.0584 0.9541 0.1974 -0.0393 0.9795 0.0992 -0.0197 0.9949 0.1007 -0.0099 -0.9949 0.2003 -0.0197 -0.9795 0.2979 -0.0293 -0.9541 0.3925 -0.0387 -0.9190 0.4830 -0.0476 -0.8743 0.5685 -0.0560 -0.8208 0.6482 -0.0638 -0.7588 0.7213 -0.0710 -0.6890 0.7870 -0.0775 -0.6121 0.8446 -0.0832 -0.5290 0.8935 -0.0880 -0.4404 0.9332 -0.0919 -0.3473 0.9634 -0.0949 -0.2507 0.9837 -0.0969 -0.1514 0.9939 -0.0979 -0.0506 0.9939 -0.0979 0.0506 0.9837 -0.0969 0.1514 0.9634 -0.0949 0.2507 0.9332 -0.0919 0.3473 0.8935 -0.0880 0.4404 0.8446 -0.0832 0.5290 0.7870 -0.0775 0.6121 0.7213 -0.0710 0.6890 0.6482 -0.0638 0.7588 0.5685 -0.0560 0.8208 0.4830 -0.0476 0.8743 0.3925 -0.0387 0.9190 0.2979 -0.0293 0.9541 0.2003 -0.0197 0.9795 0.1007 -0.0099 0.9949"/>
      </IndexedFaceSet>
    </Shape>
  </Scene>
</X3D>
