<?xml version="1.0" encoding="UTF-8"?>
<X3D profile="Interchange" version="3.3">
  <Scene>
    <Shape>
      <Appearance><Material diffuseColor="0.2 0.4 0.8"/></Appearance>
      <IndexedFaceSet coordIndex="1 0 90 -1 1 90 2 -1 2 90 91 -1 2 91 3 -1 3 91 92 -1 3 92 4 -1 4 92 93 -1 4 93 5 -1 5 93 94 -1 5 94 6 -1 6 94 95 -1 6 95 7 -1 7 95 96 -1 7 96 8 -1 8 96 97 -1 8 97 9 -1 9 97 98 -1 9 98 10 -1 10 98 99 -1 10 99 11 -1 11 99 100 -1 11 100 12 -1 12 100 101 -1 12 101 13 -1 13 101 102 -1 13 102 14 -1 14 102 103 -1 14 103 15 -1 15 103 104 -1 15 104 16 -1 16 104 105 -1 16 105 17 -1 17 105 106 -1 17 106 18 -1 18 106 107 -1 18 107 19 -1 19 107 108 -1 19 108 20 -1 20 108 109 -1 20 109 21 -1 21 109 110 -1 21 110 22 -1 22 110 111 -1 22 111 23 -1 23 111 112 -1 23 112 24 -1 24 112 113 -1 24 113 25 -1 25 113 114 -1 25 114 26 -1 26 114 115 -1 26 115 27 -1 27 115 116 -1 27 116 28 -1 28 116 117 -1 28 117 29 -1 29 117 118 -1 29 118 30 -1 30 118 119 -1 30 119 31 -1 31 119 120 -1 31 120 32 -1 32 120 121 -1 32 121 33 -1 33 121 122 -1 33 122 34 -1 34 122 123 -1 34 123 35 -1 35 123 124 -1 35 124 36 -1 36 124 125 -1 36 125 37 -1 37 125 126 -1 37 126 38 -1 38 126 127 -1 38 127 39 -1 39 127 128 -1 39 128 40 -1 40 128 129 -1 40 129 41 -1 41 129 130 -1 41 130 42 -1 42 130 131 -1 42 131 43 -1 43 131 132 -1 43 132 44 -1 44 132 133 -1 44 133 45 -1 45 133 134 -1 45 134 46 -1 46 134 135 -1 46 135 47 -1 47 135 136 -1 47 136 48 -1 48 136 137 -1 48 137 49 -1 49 137 138 -1 49 138 50 -1 50 138 139 -1 50 139 51 -1 51 139 140 -1 51 140 52 -1 52 140 141 -1 52 141 53 -1 53 141 142 -1 53 142 54 -1 54 142 143 -1 54 143 55 -1 55 143 144 -1 55 144 56 -1 56 144 145 -1 56 145 57 -1 57 145 146 -1 57 146 58 -1 58 146 147 -1 58 147 59 -1 59 147 148 -1 59 148 60 -1 60 148 149 -1 60 149 61 -1 61 149 150 -1 61 150 62 -1 62 150 151 -1 62 151 63 -1 63 151 152 -1 63 152 64 -1 64 152 153 -1 64 153 65 -1 65 153 154 -1 65 154 66 -1 66 154 155 -1 66 155 67 -1 67 155 156 -1 67 156 68 -1 68 156 157 -1 68 157 69 -1 69 157 158 -1 69 158 70 -1 70 158 159 -1 70 159 71 -1 71 159 160 -1 71 160 72 -1 72 160 161 -1 72 161 73 -1 73 161 162 -1 73 162 74 -1 74 162 163 -1 74 163 75 -1 75 163 164 -1 75 164 76 -1 76 164 165 -1 76 165 77 -1 77 165 166 -1 77 166 78 -1 78 166 167 -1 78 167 79 -1 79 167 168 -1 79 168 80 -1 80 168 169 -1 80 169 81 -1 81 169 170 -1 81 170 82 -1 82 170 171 -1 82 171 83 -1 83 171 172 -1 83 172 84 -1 84 172 173 -1 84 173 85 -1 85 173 174 -1 85 174 86 -1 86 174 175 -1 86 175 87 -1 87 175 176 -1 87 176 88 -1 88 176 177 -1 88 177 89 -1 90 0 178 -1 90 178 91 -1 91 178 179 -1 91 179 92 -1 92 179 180 -1 92 180 93 -1 93 180 181 -1 93 181 94 -1 94 181 182 -1 94 182 95 -1 95 182 183 -1 95 183 96 -1 96 183 184 -1 96 184 97 -1 97 184 185 -1 97 185 98 -1 98 185 186 -1 98 186 99 -1 99 186 187 -1 99 187 100 -1 100 187 188 -1 100 188 101 -1 101 188 189 -1 101 189 102 -1 102 189 190 -1 102 190 103 -1 103 190 191 -1 103 191 104 -1 104 191 192 -1 104 192 105 -1 105 192 193 -1 105 193 106 -1 106 193 194 -1 106 194 107 -1 107 194 195 -1 107 195 108 -1 108 195 196 -1 108 196 109 -1 109 196 197 -1 109 197 110 -1 110 197 198 -1 110 198 111 -1 111 198 199 -1 111 199 112 -1 112 199 200 -1 112 200 113 -1 113 200 201 -1 113 201 114 -1 114 201 202 -1 114 202 115 -1 115 202 203 -1 115 203 116 -1 116 203 204 -1 116 204 117 -1 117 204 205 -1 117 205 118 -1 118 205 206 -1 118 206 119 -1 119 206 207 -1 119 207 120 -1 120 207 208 -1 120 208 121 -1 121 208 209 -1 121 209 122 -1 122 209 210 -1 122 210 123 -1 123 210 211 -1 123 211 124 -1 124 211 212 -1 124 212 125 -1 125 212 213 -1 125 213 126 -1 126 213 214 -1 126 214 127 -1 127 214 215 -1 127 215 128 -1 128 215 216 -1 128 216 129 -1 129 216 217 -1 129 217 130 -1 130 217 218 -1 130 218 131 -1 131 218 219 -1 131 219 132 -1 132 219 220 -1 132 220 133 -1 133 220 221 -1 133 221 134 -1 134 221 222 -1 134 222 135 -1 135 222 223 -1 135 223 136 -1 136 223 224 -1 136 224 137 -1 137 224 225 -1 137 225 138 -1 138 225 226 -1 138 226 139 -1 139 226 227 -1 139 227 140 -1 140 227 228 -1 140 228 141 -1 141 228 229 -1 141 229 142 -1 142 229 230 -1 142 230 143 -1 143 230 231 -1 143 231 144 -1 144 231 232 -1 144 232 145 -1 145 232 233 -1 145 233 146 -1 146 233 234 -1 146 234 147 -1 147 234 235 -1 147 235 148 -1 148 235 236 -1 148 236 149 -1 149 236 237 -1 149 237 150 -1 150 237 238 -1 150 238 151 -1 151 238 239 -1 151 239 152 -1 152 239 240 -1 152 240 153 -1 153 240 241 -1 153 241 154 -1 154 241 242 -1 154 242 155 -1 155 242 243 -1 155 243 156 -1 156 243 244 -1 156 244 157 -1 157 244 245 -1 157 245 158 -1 158 245 246 -1 158 246 159 -1 159 246 247 -1 159 247 160 -1 160 247 248 -1 160 248 161 -1 161 248 249 -1 161 249 162 -1 162 249 250 -1 162 250 163 -1 163 250 251 -1 163 251 164 -1 164 251 252 -1 164 252 165 -1 165 252 253 -1 165 253 166 -1 166 253 254 -1 166 254 167 -1 167 254 255 -1 167 255 168 -1 168 255 256 -1 168 256 169 -1 169 256 257 -1 169 257 170 -1 170 257 258 -1 170 258 171 -1 171 258 259 -1 171 259 172 -1 172 259 260 -1 172 260 173 -1 173 260 261 -1 173 261 174 -1 174 261 262 -1 174 262 175 -1 175 262 263 -1 175 263 176 -1 176 263 264 -1 176 264 177 -1 177 264 265 -1 177 265 89 -1 178 0 266 -1 178 266 179 -1 179 266 267 -1 179 267 180 -1 180 267 268 -1 180 268 181 -1 181 268 269 -1 181 269 182 -1 182 269 270 -1 182 270 183 -1 183 270 271 -1 183 271 184 -1 184 271 272 -1 184 272 185 -1 185 272 273 -1 185 273 186 -1 186 273 274 -1 186 274 187 -1 187 274 275 -1 187 275 188 -1 188 275 276 -1 188 276 189 -1 189 276 277 -1 189 277 190 -1 190 277 278 -1 190 278 191 -1 191 278 279 -1 191 279 192 -1 192 279 280 -1 192 280 193 -1 193 280 281 -1 193 281 194 -1 194 281 282 -1 194 282 195 -1 195 282 283 -1 195 283 196 -1 196 283 284 -1 196 284 197 -1 197 284 285 -1 197 285 198 -1 198 285 286 -1 198 286 199 -1 199 286 287 -1 199 287 200 -1 200 287 288 -1 200 288 201 -1 201 288 289 -1 201 289 202 -1 202 289 290 -1 202 290 203 -1 203 290 291 -1 203 291 204 -1 204 291 292 -1 204 292 205 -1 205 292 293 -1 205 293 206 -1 206 293 294 -1 206 294 207 -1 207 294 295 -1 207 295 208 -1 208 295 296 -1 208 296 209 -1 209 296 297 -1 209 297 210 -1 210 297 298 -1 210 298 211 -1 211 298 299 -1 211 299 212 -1 212 299 300 -1 212 300 213 -1 213 300 301 -1 213 301 214 -1 214 301 302 -1 214 302 215 -1 215 302 303 -1 215 303 216 -1 216 303 304 -1 216 304 217 -1 217 304 305 -1 217 305 218 -1 218 305 306 -1 218 306 219 -1 219 306 307 -1 219 307 220 -1 220 307 308 -1 220 308 221 -1 221 308 309 -1 221 309 222 -1 222 309 310 -1 222 310 223 -1 223 310 311 -1 223 311 224 -1 224 311 312 -1 224 312 225 -1 225 312 313 -1 225 313 226 -1 226 313 314 -1 226 314 227 -1 227 314 315 -1 227 315 228 -1 228 315 316 -1 228 316 229 -1 229 316 317 -1 229 317 230 -1 230 317 318 -1 230 318 231 -1 231 318 319 -1 231 319 232 -1 232 319 320 -1 232 320 233 -1 233 320 321 -1 233 321 234 -1 234 321 322 -1 234 322 235 -1 235 322 323 -1 235 323 236 -1 236 323 324 -1 236 324 237 -1 237 324 325 -1 237 325 238 -1 238 325 326 -1 238 326 239 -1 239 326 327 -1 239 327 240 -1 240 327 328 -1 240 328 241 -1 241 328 329 -1 241 329 242 -1 242 329 330 -1 242 330 243 -1 243 330 331 -1 243 331 244 -1 244 331 332 -1 244 332 245 -1 245 332 333 -1 245 333 246 -1 246 333 334 -1 246 334 247 -1 247 334 335 -1 247 335 248 -1 248 335 336 -1 248 336 249 -1 249 336 337 -1 249 337 250 -1 250 337 338 -1 250 338 251 -1 251 338 339 -1 251 339 252 -1 252 339 340 -1 252 340 253 -1 253 340 341 -1 253 341 254 -1 254 341 342 -1 254 342 255 -1 255 342 343 -1 255 343 256 -1 256 343 344 -1 256 344 257 -1 257 344 345 -1 257 345 258 -1 258 345 346 -1 258 346 259 -1 259 346 347 -1 259 347 260 -1 260 347 348 -1 260 348 261 -1 261 348 349 -1 261 349 262 -1 262 349 350 -1 262 350 263 -1 263 350 351 -1 263 351 264 -1 264 351 352 -1 264 352 265 -1 265 352 353 -1 265 353 89 -1 266 0 354 -1 266 354 267 -1 267 354 355 -1 267 355 268 -1 268 355 356 -1 268 356 269 -1 269 356 357 -1 269 357 270 -1 270 357 358 -1 270 358 271 -1 271 358 359 -1 271 359 272 -1 272 359 360 -1 272 360 273 -1 273 360 361 -1 273 361 274 -1 274 361 362 -1 274 362 275 -1 275 362 363 -1 275 363 276 -1 276 363 364 -1 276 364 277 -1 277 364 365 -1 277 365 278 -1 278 365 366 -1 278 366 279 -1 279 366 367 -1 279 367 280 -1 280 367 368 -1 280 368 281 -1 281 368 369 -1 281 369 282 -1 282 369 370 -1 282 370 283 -1 283 370 371 -1 283 371 284 -1 284 371 372 -1 284 372 285 -1 285 372 373 -1 285 373 286 -1 286 373 374 -1 286 374 287 -1 287 374 375 -1 287 375 288 -1 288 375 376 -1 288 376 289 -1 289 376 377 -1 289 377 290 -1 290 377 378 -1 290 378 291 -1 291 378 379 -1 291 379 292 -1 292 379 380 -1 292 380 293 -1 293 380 381 -1 293 381 294 -1 294 381 382 -1 294 382 295 -1 295 382 383 -1 295 383 296 -1 296 383 384 -1 296 384 297 -1 297 384 385 -1 297 385 298 -1 298 385 386 -1 298 386 299 -1 299 386 387 -1 299 387 300 -1 300 387 388 -1 300 388 301 -1 301 388 389 -1 301 389 302 -1 302 389 390 -1 302 390 303 -1 303 390 391 -1 303 391 304 -1 304 391 392 -1 304 392 305 -1 305 392 393 -1 305 393 306 -1 306 393 394 -1 306 394 307 -1 307 394 395 -1 307 395 308 -1 308 395 396 -1 308 396 309 -1 309 396 397 -1 309 397 310 -1 310 397 398 -1 310 398 311 -1 311 398 399 -1 311 399 312 -1 312 399 400 -1 312 400 313 -1 313 400 401 -1 313 401 314 -1 314 401 402 -1 314 402 315 -1 315 402 403 -1 315 403 316 -1 316 403 404 -1 316 404 317 -1 317 404 405 -1 317 405 318 -1 318 405 406 -1 318 406 319 -1 319 406 407 -1 319 407 320 -1 320 407 408 -1 320 408 321 -1 321 408 409 -1 321 409 322 -1 322 409 410 -1 322 410 323 -1 323 410 411 -1 323 411 324 -1 324 411 412 -1 324 412 325 -1 325 412 413 -1 325 413 326 -1 326 413 414 -1 326 414 327 -1 327 414 415 -1 327 415 328 -1 328 415 416 -1 328 416 329 -1 329 416 417 -1 329 417 330 -1 330 417 418 -1 330 418 331 -1 331 418 419 -1 331 419 332 -1 332 419 420 -1 332 420 333 -1 333 420 421 -1 333 421 334 -1 334 421 422 -1 334 422 335 -1 335 422 423 -1 335 423 336 -1 336 423 424 -1 336 424 337 -1 337 424 425 -1 337 425 338 -1 338 425 426 -1 338 426 339 -1 339 426 427 -1 339 427 340 -1 340 427 428 -1 340 428 341 -1 341 428 429 -1 341 429 342 -1 342 429 430 -1 342 430 343 -1 343 430 431 -1 343 431 344 -1 344 431 432 -1 344 432 345 -1 345 432 433 -1 345 433 346 -1 346 433 434 -1 346 434 347 -1 347 434 435 -1 347 435 348 -1 348 435 436 -1 348 436 349 -1 349 436 437 -1 349 437 350 -1 350 437 438 -1 350 438 351 -1 351 438 439 -1 351 439 352 -1 352 439 440 -1 352 440 353 -1 353 440 441 -1 353 441 89 -1 354 0 442 -1 354 442 355 -1 355 442 443 -1 355 443 356 -1 356 443 444 -1 356 444 357 -1 357 444 445 -1 357 445 358 -1 358 445 446 -1 358 446 359 -1 359 446 447 -1 359 447 360 -1 360 447 448 -1 360 448 361 -1 361 448 449 -1 361 449 362 -1 362 449 450 -1 362 450 363 -1 363 450 451 -1 363 451 364 -1 364 451 452 -1 364 452 365 -1 365 452 453 -1 365 453 366 -1 366 453 454 -1 366 454 367 -1 367 454 455 -1 367 455 368 -1 368 455 456 -1 368 456 369 -1 369 456 457 -1 369 457 370 -1 370 457 458 -1 370 458 371 -1 371 458 459 -1 371 459 372 -1 372 459 460 -1 372 460 373 -1 373 460 461 -1 373 461 374 -1 374 461 462 -1 374 462 375 -1 375 462 463 -1 375 463 376 -1 376 463 464 -1 376 464 377 -1 377 464 465 -1 377 465 378 -1 378 465 466 -1 378 466 379 -1 379 466 467 -1 379 467 380 -1 380 467 468 -1 380 468 381 -1 381 468 469 -1 381 469 382 -1 382 469 470 -1 382 470 383 -1 383 470 471 -1 383 471 384 -1 384 471 472 -1 384 472 385 -1 385 472 473 -1 385 473 386 -1 386 473 474 -1 386 474 387 -1 387 474 475 -1 387 475 388 -1 388 475 476 -1 388 476 389 -1 389 476 477 -1 389 477 390 -1 390 477 478 -1 390 478 391 -1 391 478 479 -1 391 479 392 -1 392 479 480 -1 392 480 393 -1 393 480 481 -1 393 481 394 -1 394 481 482 -1 394 482 395 -1 395 482 483 -1 395 483 396 -1 396 483 484 -1 396 484 397 -1 397 484 485 -1 397 485 398 -1 398 485 486 -1 398 486 399 -1 399 486 487 -1 399 487 400 -1 400 487 488 -1 400 488 401 -1 401 488 489 -1 401 489 402 -1 402 489 490 -1 402 490 403 -1 403 490 491 -1 403 491 404 -1 404 491 492 -1 404 492 405 -1 405 492 493 -1 405 493 406 -1 406 493 494 -1 406 494 407 -1 407 494 495 -1 407 495 408 -1 408 495 496 -1 408 496 409 -1 409 496 497 -1 409 497 410 -1 410 497 498 -1 410 498 411 -1 411 498 499 -1 411 499 412 -1 412 499 500 -1 412 500 413 -1 413 500 501 -1 413 501 414 -1 414 501 502 -1 414 502 415 -1 415 502 503 -1 415 503 416 -1 416 503 504 -1 416 504 417 -1 417 504 505 -1 417 505 418 -1 418 505 506 -1 418 506 419 -1 419 506 507 -1 419 507 420 -1 420 507 508 -1 420 508 421 -1 421 508 509 -1 421 509 422 -1 422 509 510 -1 422 510 423 -1 423 510 511 -1 423 511 424 -1 424 511 512 -1 424 512 425 -1 425 512 513 -1 425 513 426 -1 426 513 514 -1 426 514 427 -1 427 514 515 -1 427 515 428 -1 428 515 516 -1 428 516 429 -1 429 516 517 -1 429 517 430 -1 430 517 518 -1 430 518 431 -1 431 518 519 -1 431 519 432 -1 432 519 520 -1 432 520 433 -1 433 520 521 -1 433 521 434 -1 434 521 522 -1 434 522 435 -1 435 522 523 -1 435 523 436 -1 436 523 524 -1 436 524 437 -1 437 524 525 -1 437 525 438 -1 438 525 526 -1 438 526 439 -1 439 526 527 -1 439 527 440 -1 440 527 528 -1 440 528 441 -1 441 528 529 -1 441 529 89 -1 442 0 530 -1 442 530 443 -1 443 530 531 -1 443 531 444 -1 444 531 532 -1 444 532 445 -1 445 532 533 -1 445 533 446 -1 446 533 534 -1 446 534 447 -1 447 534 535 -1 447 535 448 -1 448 535 536 -1 448 536 449 -1 449 536 537 -1 449 537 450 -1 450 537 538 -1 450 538 451 -1 451 538 539 -1 451 539 452 -1 452 539 540 -1 452 540 453 -1 453 540 541 -1 453 541 454 -1 454 541 542 -1 454 542 455 -1 455 542 543 -1 455 543 456 -1 456 543 544 -1 456 544 457 -1 457 544 545 -1 457 545 458 -1 458 545 546 -1 458 546 459 -1 459 546 547 -1 459 547 460 -1 460 547 548 -1 460 548 461 -1 461 548 549 -1 461 549 462 -1 462 549 550 -1 462 550 463 -1 463 550 551 -1 463 551 464 -1 464 551 552 -1 464 552 465 -1 465 552 553 -1 465 553 466 -1 466 553 554 -1 466 554 467 -1 467 554 555 -1 467 555 468 -1 468 555 556 -1 468 556 469 -1 469 556 557 -1 469 557 470 -1 470 557 558 -1 470 558 471 -1 471 558 559 -1 471 559 472 -1 472 559 560 -1 472 560 473 -1 473 560 561 -1 473 561 474 -1 474 561 562 -1 474 562 475 -1 475 562 563 -1 475 563 476 -1 476 563 564 -1 476 564 477 -1 477 564 565 -1 477 565 478 -1 478 565 566 -1 478 566 479 -1 479 566 567 -1 479 567 480 -1 480 567 568 -1 480 568 481 -1 481 568 569 -1 481 569 482 -1 482 569 570 -1 482 570 483 -1 483 570 571 -1 483 571 484 -1 484 571 572 -1 484 572 485 -1 485 572 573 -1 485 573 486 -1 486 573 574 -1 486 574 487 -1 487 574 575 -1 487 575 488 -1 488 575 576 -1 488 576 489 -1 489 576 577 -1 489 577 490 -1 490 577 578 -1 490 578 491 -1 491 578 579 -1 491 579 492 -1 492 579 580 -1 492 580 493 -1 493 580 581 -1 493 581 494 -1 494 581 582 -1 494 582 495 -1 495 582 583 -1 495 583 496 -1 496 583 584 -1 496 584 497 -1 497 584 585 -1 497 585 498 -1 498 585 586 -1 498 586 499 -1 499 586 587 -1 499 587 500 -1 500 587 588 -1 500 588 501 -1 501 588 589 -1 501 589 502 -1 502 589 590 -1 502 590 503 -1 503 590 591 -1 503 591 504 -1 504 591 592 -1 504 592 505 -1 505 592 593 -1 505 593 506 -1 506 593 594 -1 506 594 507 -1 507 594 595 -1 507 595 508 -1 508 595 596 -1 508 596 509 -1 509 596 597 -1 509 597 510 -1 510 597 598 -1 510 598 511 -1 511 598 599 -1 511 599 512 -1 512 599 600 -1 512 600 513 -1 513 600 601 -1 513 601 514 -1 514 601 602 -1 514 602 515 -1 515 602 603 -1 515 603 516 -1 516 603 604 -1 516 604 517 -1 517 604 605 -1 517 605 518 -1 518 605 606 -1 518 606 519 -1 519 606 607 -1 519 607 520 -1 520 607 608 -1 520 608 521 -1 521 608 609 -1 521 609 522 -1 522 609 610 -1 522 610 523 -1 523 610 611 -1 523 611 524 -1 524 611 612 -1 524 612 525 -1 525 612 613 -1 525 613 526 -1 526 613 614 -1 526 614 527 -1 527 614 615 -1 527 615 528 -1 528 615 616 -1 528 616 529 -1 529 616 617 -1 529 617 89 -1 530 0 618 -1 530 618 531 -1 531 618 619 -1 531 619 532 -1 532 619 620 -1 532 620 533 -1 533 620 621 -1 533 621 534 -1 534 621 622 -1 534 622 535 -1 535 622 623 -1 535 623 536 -1 536 623 624 -1 536 624 537 -1 537 624 625 -1 537 625 538 -1 538 625 626 -1 538 626 539 -1 539 626 627 -1 539 627 540 -1 540 627 628 -1 540 628 541 -1 541 628 629 -1 541 629 542 -1 542 629 630 -1 542 630 543 -1 543 630 631 -1 543 631 544 -1 544 631 632 -1 544 632 545 -1 545 632 633 -1 545 633 546 -1 546 633 634 -1 546 634 547 -1 547 634 635 -1 547 635 548 -1 548 635 636 -1 548 636 549 -1 549 636 637 -1 549 637 550 -1 550 637 638 -1 550 638 551 -1 551 638 639 -1 551 639 552 -1 552 639 640 -1 552 640 553 -1 553 640 641 -1 553 641 554 -1 554 641 642 -1 554 642 555 -1 555 642 643 -1 555 643 556 -1 556 643 644 -1 556 644 557 -1 557 644 645 -1 557 645 558 -1 558 645 646 -1 558 646 559 -1 559 646 647 -1 559 647 560 -1 560 647 648 -1 560 648 561 -1 561 648 649 -1 561 649 562 -1 562 649 650 -1 562 650 563 -1 563 650 651 -1 563 651 564 -1 564 651 652 -1 564 652 565 -1 565 652 653 -1 565 653 566 -1 566 653 654 -1 566 654 567 -1 567 654 655 -1 567 655 568 -1 568 655 656 -1 568 656 569 -1 569 656 657 -1 569 657 570 -1 570 657 658 -1 570 658 571 -1 571 658 659 -1 571 659 572 -1 572 659 660 -1 572 660 573 -1 573 660 661 -1 573 661 574 -1 574 661 662 -1 574 662 575 -1 575 662 663 -1 575 663 576 -1 576 663 664 -1 576 664 577 -1 577 664 665 -1 577 665 578 -1 578 665 666 -1 578 666 579 -1 579 666 667 -1 579 667 580 -1 580 667 668 -1 580 668 581 -1 581 668 669 -1 581 669 582 -1 582 669 670 -1 582 670 583 -1 583 670 671 -1 583 671 584 -1 584 671 672 -1 584 672 585 -1 585 672 673 -1 585 673 586 -1 586 673 674 -1 586 674 587 -1 587 674 675 -1 587 675 588 -1 588 675 676 -1 588 676 589 -1 589 676 677 -1 589 677 590 -1 590 677 678 -1 590 678 591 -1 591 678 679 -1 591 679 592 -1 592 679 680 -1 592 680 593 -1 593 680 681 -1 593 681 594 -1 594 681 682 -1 594 682 595 -1 595 682 683 -1 595 683 596 -1 596 683 684 -1 596 684 597 -1 597 684 685 -1 597 685 598 -1 598 685 686 -1 598 686 599 -1 599 686 687 -1 599 687 600 -1 600 687 688 -1 600 688 601 -1 601 688 689 -1 601 689 602 -1 602 689 690 -1 602 690 603 -1 603 690 691 -1 603 691 604 -1 604 691 692 -1 604 692 605 -1 605 692 693 -1 605 693 606 -1 606 693 694 -1 606 694 607 -1 607 694 695 -1 607 695 608 -1 608 695 696 -1 608 696 609 -1 609 696 697 -1 609 697 610 -1 610 697 698 -1 610 698 611 -1 611 698 699 -1 611 699 612 -1 612 699 700 -1 612 700 613 -1 613 700 701 -1 613 701 614 -1 614 701 702 -1 614 702 615 -1 615 702 703 -1 615 703 616 -1 616 703 704 -1 616 704 617 -1 617 704 705 -1 617 705 89 -1 618 0 706 -1 618 706 619 -1 619 706 707 -1 619 707 620 -1 620 707 708 -1 620 708 621 -1 621 708 709 -1 621 709 622 -1 622 709 710 -1 622 710 623 -1 623 710 711 -1 623 711 624 -1 624 711 712 -1 624 712 625 -1 625 712 713 -1 625 713 626 -1 626 713 714 -1 626 714 627 -1 627 714 715 -1 627 715 628 -1 628 715 716 -1 628 716 629 -1 629 716 717 -1 629 717 630 -1 630 717 718 -1 630 718 631 -1 631 718 719 -1 631 719 632 -1 632 719 720 -1 632 720 633 -1 633 720 721 -1 633 721 634 -1 634 721 722 -1 634 722 635 -1 635 722 723 -1 635 723 636 -1 636 723 724 -1 636 724 637 -1 637 724 725 -1 637 725 638 -1 638 725 726 -1 638 726 639 -1 639 726 727 -1 639 727 640 -1 640 727 728 -1 640 728 641 -1 641 728 729 -1 641 729 642 -1 642 729 730 -1 642 730 643 -1 643 730 731 -1 643 731 644 -1 644 731 732 -1 644 732 645 -1 645 732 733 -1 645 733 646 -1 646 733 734 -1 646 734 647 -1 647 734 735 -1 647 735 648 -1 648 735 736 -1 648 736 649 -1 649 736 737 -1 649 737 650 -1 650 737 738 -1 650 738 651 -1 651 738 739 -1 651 739 652 -1 652 739 740 -1 652 740 653 -1 653 740 741 -1 653 741 654 -1 654 741 742 -1 654 742 655 -1 655 742 743 -1 655 743 656 -1 656 743 744 -1 656 744 657 -1 657 744 745 -1 657 745 658 -1 658 745 746 -1 658 746 659 -1 659 746 747 -1 659 747 660 -1 660 747 748 -1 660 748 661 -1 661 748 749 -1 661 749 662 -1 662 749 750 -1 662 750 663 -1 663 750 751 -1 663 751 664 -1 664 751 752 -1 664 752 665 -1 665 752 753 -1 665 753 666 -1 666 753 754 -1 666 754 667 -1 667 754 755 -1 667 755 668 -1 668 755 756 -1 668 756 669 -1 669 756 757 -1 669 757 670 -1 670 757 758 -1 670 758 671 -1 671 758 759 -1 671 759 672 -1 672 759 760 -1 672 760 673 -1 673 760 761 -1 673 761 674 -1 674 761 762 -1 674 762 675 -1 675 762 763 -1 675 763 676 -1 676 763 764 -1 676 764 677 -1 677 764 765 -1 677 765 678 -1 678 765 766 -1 678 766 679 -1 679 766 767 -1 679 767 680 -1 680 767 768 -1 680 768 681 -1 681 768 769 -1 681 769 682 -1 682 769 770 -1 682 770 683 -1 683 770 771 -1 683 771 684 -1 684 771 772 -1 684 772 685 -1 685 772 773 -1 685 773 686 -1 686 773 774 -1 686 774 687 -1 687 774 775 -1 687 775 688 -1 688 775 776 -1 688 776 689 -1 689 776 777 -1 689 777 690 -1 690 777 778 -1 690 778 691 -1 691 778 779 -1 691 779 692 -1 692 779 780 -1 692 780 693 -1 693 780 781 -1 693 781 694 -1 694 781 782 -1 694 782 695 -1 695 782 783 -1 695 783 696 -1 696 783 784 -1 696 784 697 -1 697 784 785 -1 697 785 698 -1 698 785 786 -1 698 786 699 -1 699 786 787 -1 699 787 700 -1 700 787 788 -1 700 788 701 -1 701 788 789 -1 701 789 702 -1 702 789 790 -1 702 790 703 -1 703 790 791 -1 703 791 704 -1 704 791 792 -1 704 792 705 -1 705 792 793 -1 705 793 89 -1 706 0 794 -1 706 794 707 -1 707 794 795 -1 707 795 708 -1 708 795 796 -1 708 796 709 -1 709 796 797 -1 709 797 710 -1 710 797 798 -1 710 798 711 -1 711 798 799 -1 711 799 712 -1 712 799 800 -1 712 800 713 -1 713 800 801 -1 713 801 714 -1 714 801 802 -1 714 802 715 -1 715 802 803 -1 715 803 716 -1 716 803 804 -1 716 804 717 -1 717 804 805 -1 717 805 718 -1 718 805 806 -1 718 806 719 -1 719 806 807 -1 719 807 720 -1 720 807 808 -1 720 808 721 -1 721 808 809 -1 721 809 722 -1 722 809 810 -1 722 810 723 -1 723 810 811 -1 723 811 724 -1 724 811 812 -1 724 812 725 -1 725 812 813 -1 725 813 726 -1 726 813 814 -1 726 814 727 -1 727 814 815 -1 727 815 728 -1 728 815 816 -1 728 816 729 -1 729 816 817 -1 729 817 730 -1 730 817 818 -1 730 818 731 -1 731 818 819 -1 731 819 732 -1 732 819 820 -1 732 820 733 -1 733 820 821 -1 733 821 734 -1 734 821 822 -1 734 822 735 -1 735 822 823 -1 735 823 736 -1 736 823 824 -1 736 824 737 -1 737 824 825 -1 737 825 738 -1 738 825 826 -1 738 826 739 -1 739 826 827 -1 739 827 740 -1 740 827 828 -1 740 828 741 -1 741 828 829 -1 741 829 742 -1 742 829 830 -1 742 830 743 -1 743 830 831 -1 743 831 744 -1 744 831 832 -1 744 832 745 -1 745 832 833 -1 745 833 746 -1 746 833 834 -1 746 834 747 -1 747 834 835 -1 747 835 748 -1 748 835 836 -1 748 836 749 -1 749 836 837 -1 749 837 750 -1 750 837 838 -1 750 838 751 -1 751 838 839 -1 751 839 752 -1 752 839 840 -1 752 840 753 -1 753 840 841 -1 753 841 754 -1 754 841 842 -1 754 842 755 -1 755 842 843 -1 755 843 756 -1 756 843 844 -1 756 844 757 -1 757 844 845 -1 757 845 758 -1 758 845 846 -1 758 846 759 -1 759 846 847 -1 759 847 760 -1 760 847 848 -1 760 848 761 -1 761 848 849 -1 761 849 762 -1 762 849 850 -1 762 850 763 -1 763 850 851 -1 763 851 764 -1 764 851 852 -1 764 852 765 -1 765 852 853 -1 765 853 766 -1 766 853 854 -1 766 854 767 -1 767 854 855 -1 767 855 768 -1 768 855 856 -1 768 856 769 -1 769 856 857 -1 769 857 770 -1 770 857 858 -1 770 858 771 -1 771 858 859 -1 771 859 772 -1 772 859 860 -1 772 860 773 -1 773 860 861 -1 773 861 774 -1 774 861 862 -1 774 862 775 -1 775 862 863 -1 775 863 776 -1 776 863 864 -1 776 864 777 -1 777 864 865 -1 777 865 778 -1 778 865 866 -1 778 866 779 -1 779 866 867 -1 779 867 780 -1 780 867 868 -1 780 868 781 -1 781 868 869 -1 781 869 782 -1 782 869 870 -1 782 870 783 -1 783 870 871 -1 783 871 784 -1 784 871 872 -1 784 872 785 -1 785 872 873 -1 785 873 786 -1 786 873 874 -1 786 874 787 -1 787 874 875 -1 787 875 788 -1 788 875 876 -1 788 876 789 -1 789 876 877 -1 789 877 790 -1 790 877 878 -1 790 878 791 -1 791 878 879 -1 791 879 792 -1 792 879 880 -1 792 880 793 -1 793 880 881 -1 793 881 89 -1 794 0 882 -1 794 882 795 -1 795 882 883 -1 795 883 796 -1 796 883 884 -1 796 884 797 -1 797 884 885 -1 797 885 798 -1 798 885 886 -1 798 886 799 -1 799 886 887 -1 799 887 800 -1 800 887 888 -1 800 888 801 -1 801 888 889 -1 801 889 802 -1 802 889 890 -1 802 890 803 -1 803 890 891 -1 803 891 804 -1 804 891 892 -1 804 892 805 -1 805 892 893 -1 805 893 806 -1 806 893 894 -1 806 894 807 -1 807 894 895 -1 807 895 808 -1 808 895 896 -1 808 896 809 -1 809 896 897 -1 809 897 810 -1 810 897 898 -1 810 898 811 -1 811 898 899 -1 811 899 812 -1 812 899 900 -1 812 900 813 -1 813 900 901 -1 813 901 814 -1 814 901 902 -1 814 902 815 -1 815 902 903 -1 815 903 816 -1 816 903 904 -1 816 904 817 -1 817 904 905 -1 817 905 818 -1 818 905 906 -1 818 906 819 -1 819 906 907 -1 819 907 820 -1 820 907 908 -1 820 908 821 -1 821 908 909 -1 821 909 822 -1 822 909 910 -1 822 910 823 -1 823 910 911 -1 823 911 824 -1 824 911 912 -1 824 912 825 -1 825 912 913 -1 825 913 826 -1 826 913 914 -1 826 914 827 -1 827 914 915 -1 827 915 828 -1 828 915 916 -1 828 916 829 -1 829 916 917 -1 829 917 830 -1 830 917 918 -1 830 918 831 -1 831 918 919 -1 831 919 832 -1 832 919 920 -1 832 920 833 -1 833 920 921 -1 833 921 834 -1 834 921 922 -1 834 922 835 -1 835 922 923 -1 835 923 836 -1 836 923 924 -1 836 924 837 -1 837 924 925 -1 837 925 838 -1 838 925 926 -1 838 926 839 -1 839 926 927 -1 839 927 840 -1 840 927 928 -1 840 928 841 -1 841 928 929 -1 841 929 842 -1 842 929 930 -1 842 930 843 -1 843 930 931 -1 843 931 844 -1 844 931 932 -1 844 932 845 -1 845 932 933 -1 845 933 846 -1 846 933 934 -1 846 934 847 -1 847 934 935 -1 847 935 848 -1 848 935 936 -1 848 936 849 -1 849 936 937 -1 849 937 850 -1 850 937 938 -1 850 938 851 -1 851 938 939 -1 851 939 852 -1 852 939 940 -1 852 940 853 -1 853 940 941 -1 853 941 854 -1 854 941 942 -1 854 942 855 -1 855 942 943 -1 855 943 856 -1 856 943 944 -1 856 944 857 -1 857 944 945 -1 857 945 858 -1 858 945 946 -1 858 946 859 -1 859 946 947 -1 859 947 860 -1 860 947 948 -1 860 948 861 -1 861 948 949 -1 861 949 862 -1 862 949 950 -1 862 950 863 -1 863 950 951 -1 863 951 864 -1 864 951 952 -1 864 952 865 -1 865 952 953 -1 865 953 866 -1 866 953 954 -1 866 954 867 -1 867 954 955 -1 867 955 868 -1 868 955 956 -1 868 956 869 -1 869 956 957 -1 869 957 870 -1 870 957 958 -1 870 958 871 -1 871 958 959 -1 871 959 872 -1 872 959 960 -1 872 960 873 -1 873 960 961 -1 873 961 874 -1 874 961 962 -1 874 962 875 -1 875 962 963 -1 875 963 876 -1 876 963 964 -1 876 964 877 -1 877 964 965 -1 877 965 878 -1 878 965 966 -1 878 966 879 -1 879 966 967 -1 879 967 880 -1 880 967 968 -1 880 968 881 -1 881 968 969 -1 881 969 89 -1 882 0 970 -1 882 970 883 -1 883 970 971 -1 883 971 884 -1 884 971 972 -1 884 972 885 -1 885 972 973 -1 885 973 886 -1 886 973 974 -1 886 974 887 -1 887 974 975 -1 887 975 888 -1 888 975 976 -1 888 976 889 -1 889 976 977 -1 889 977 890 -1 890 977 978 -1 890 978 891 -1 891 978 979 -1 891 979 892 -1 892 979 980 -1 892 980 893 -1 893 980 981 -1 893 981 894 -1 894 981 982 -1 894 982 895 -1 895 982 983 -1 895 983 896 -1 896 983 984 -1 896 984 897 -1 897 984 985 -1 897 985 898 -1 898 985 986 -1 898 986 899 -1 899 986 987 -1 899 987 900 -1 900 987 988 -1 900 988 901 -1 901 988 989 -1 901 989 902 -1 902 989 990 -1 902 990 903 -1 903 990 991 -1 903 991 904 -1 904 991 992 -1 904 992 905 -1 905 992 993 -1 905 993 906 -1 906 993 994 -1 906 994 907 -1 907 994 995 -1 907 995 908 -1 908 995 996 -1 908 996 909 -1 909 996 997 -1 909 997 910 -1 910 997 998 -1 910 998 911 -1 911 998 999 -1 911 999 912 -1 912 999 1000 -1 912 1000 913 -1 913 1000 1001 -1 913 1001 914 -1 914 1001 1002 -1 914 1002 915 -1 915 1002 1003 -1 915 1003 916 -1 916 1003 1004 -1 916 1004 917 -1 917 1004 1005 -1 917 1005 918 -1 918 1005 1006 -1 918 1006 919 -1 919 1006 1007 -1 919 1007 920 -1 920 1007 1008 -1 920 1008 921 -1 921 1008 1009 -1 921 1009 922 -1 922 1009 1010 -1 922 1010 923 -1 923 1010 1011 -1 923 1011 924 -1 924 1011 1012 -1 924 1012 925 -1 925 1012 1013 -1 925 1013 926 -1 926 1013 1014 -1 926 1014 927 -1 927 1014 1015 -1 927 1015 928 -1 928 1015 1016 -1 928 1016 929 -1 929 1016 1017 -1 929 1017 930 -1 930 1017 1018 -1 930 1018 931 -1 931 1018 1019 -1 931 1019 932 -1 932 1019 1020 -1 932 1020 933 -1 933 1020 1021 -1 933 1021 934 -1 934 1021 1022 -1 934 1022 935 -1 935 1022 1023 -1 935 1023 936 -1 936 1023 1024 -1 936 1024 937 -1 937 1024 1025 -1 937 1025 938 -1 938 1025 1026 -1 938 1026 939 -1 939 1026 1027 -1 939 1027 940 -1 940 1027 1028 -1 940 1028 941 -1 941 1028 1029 -1 941 1029 942 -1 942 1029 1030 -1 942 1030 943 -1 943 1030 1031 -1 943 1031 944 -1 944 1031 1032 -1 944 1032 945 -1 945 1032 1033 -1 945 1033 946 -1 946 1033 1034 -1 946 1034 947 -1 947 1034 1035 -1 947 1035 948 -1 948 1035 1036 -1 948 1036 949 -1 949 1036 1037 -1 949 1037 950 -1 950 1037 1038 -1 950 1038 951 -1 951 1038 1039 -1 951 1039 952 -1 952 1039 1040 -1 952 1040 953 -1 953 1040 1041 -1 953 1041 954 -1 954 1041 1042 -1 954 1042 955 -1 955 1042 1043 -1 955 1043 956 -1 956 1043 1044 -1 956 1044 957 -1 957 1044 1045 -1 957 1045 958 -1 958 1045 1046 -1 958 1046 959 -1 959 1046 1047 -1 959 1047 960 -1 960 1047 1048 -1 960 1048 961 -1 961 1048 1049 -1 961 1049 962 -1 962 1049 1050 -1 962 1050 963 -1 963 1050 1051 -1 963 1051 964 -1 964 1051 1052 -1 964 1052 965 -1 965 1052 1053 -1 965 1053 966 -1 966 1053 1054 -1 966 1054 967 -1 967 1054 1055 -1 967 1055 968 -1 968 1055 1056 -1 968 1056 969 -1 969 1056 1057 -1 969 1057 89 -1 970 0 1058 -1 970 1058 971 -1 971 1058 1059 -1 971 1059 972 -1 972 1059 1060 -1 972 1060 973 -1 973 1060 1061 -1 973 1061 974 -1 974 1061 1062 -1 974 1062 975 -1 975 1062 1063 -1 975 1063 976 -1 976 1063 1064 -1 976 1064 977 -1 977 1064 1065 -1 977 1065 978 -1 978 1065 1066 -1 978 1066 979 -1 979 1066 1067 -1 979 1067 980 -1 980 1067 1068 -1 980 1068 981 -1 981 1068 1069 -1 981 1069 982 -1 982 1069 1070 -1 982 1070 983 -1 983 1070 1071 -1 983 1071 984 -1 984 1071 1072 -1 984 1072 985 -1 985 1072 1073 -1 985 1073 986 -1 986 1073 1074 -1 986 1074 987 -1 987 1074 1075 -1 987 1075 988 -1 988 1075 1076 -1 988 1076 989 -1 989 1076 1077 -1 989 1077 990 -1 990 1077 1078 -1 990 1078 991 -1 991 1078 1079 -1 991 1079 992 -1 992 1079 1080 -1 992 1080 993 -1 993 1080 1081 -1 993 1081 994 -1 994 1081 1082 -1 994 1082 995 -1 995 1082 1083 -1 995 1083 996 -1 996 1083 1084 -1 996 1084 997 -1 997 1084 1085 -1 997 1085 998 -1 998 1085 1086 -1 998 1086 999 -1 999 1086 1087 -1 999 1087 1000 -1 1000 1087 1088 -1 1000 1088 1001 -1 1001 1088 1089 -1 1001 1089 1002 -1 1002 1089 1090 -1 1002 1090 1003 -1 1003 1090 1091 -1 1003 1091 1004 -1 1004 1091 1092 -1 1004 1092 1005 -1 1005 1092 1093 -1 1005 1093 1006 -1 1006 1093 1094 -1 1006 1094 1007 -1 1007 1094 1095 -1 1007 1095 1008 -1 1008 1095 1096 -1 1008 1096 1009 -1 1009 1096 1097 -1 1009 1097 1010 -1 1010 1097 1098 -1 1010 1098 1011 -1 1011 1098 1099 -1 1011 1099 1012 -1 1012 1099 1100 -1 1012 1100 1013 -1 1013 1100 1101 -1 1013 1101 1014 -1 1014 1101 1102 -1 1014 1102 1015 -1 1015 1102 1103 -1 1015 1103 1016 -1 1016 1103 1104 -1 1016 1104 1017 -1 1017 1104 1105 -1 1017 1105 1018 -1 1018 1105 1106 -1 1018 1106 1019 -1 1019 1106 1107 -1 1019 1107 1020 -1 1020 1107 1108 -1 1020 1108 1021 -1 1021 1108 1109 -1 1021 1109 1022 -1 1022 1109 1110 -1 1022 1110 1023 -1 1023 1110 1111 -1 1023 1111 1024 -1 1024 1111 1112 -1 1024 1112 1025 -1 1025 1112 1113 -1 1025 1113 1026 -1 1026 1113 1114 -1 1026 1114 1027 -1 1027 1114 1115 -1 1027 1115 1028 -1 1028 1115 1116 -1 1028 1116 1029 -1 1029 1116 1117 -1 1029 1117 1030 -1 1030 1117 1118 -1 1030 1118 1031 -1 1031 1118 1119 -1 1031 1119 1032 -1 1032 1119 1120 -1 1032 1120 1033 -1 1033 1120 1121 -1 1033 1121 1034 -1 1034 1121 1122 -1 1034 1122 1035 -1 1035 1122 1123 -1 1035 1123 1036 -1 1036 1123 1124 -1 1036 1124 1037 -1 1037 1124 1125 -1 1037 1125 1038 -1 1038 1125 1126 -1 1038 1126 1039 -1 1039 1126 1127 -1 1039 1127 1040 -1 1040 1127 1128 -1 1040 1128 1041 -1 1041 1128 1129 -1 1041 1129 1042 -1 1042 1129 1130 -1 1042 1130 1043 -1 1043 1130 1131 -1 1043 1131 1044 -1 1044 1131 1132 -1 1044 1132 1045 -1 1045 1132 1133 -1 1045 1133 1046 -1 1046 1133 1134 -1 1046 1134 1047 -1 1047 1134 1135 -1 1047 1135 1048 -1 1048 1135 1136 -1 1048 1136 1049 -1 1049 1136 1137 -1 1049 1137 1050 -1 1050 1137 1138 -1 1050 1138 1051 -1 1051 1138 1139 -1 1051 1139 1052 -1 1052 1139 1140 -1 1052 1140 1053 -1 1053 1140 1141 -1 1053 1141 1054 -1 1054 1141 1142 -1 1054 1142 1055 -1 1055 1142 1143 -1 1055 1143 1056 -1 1056 1143 1144 -1 1056 1144 1057 -1 1057 1144 1145 -1 1057 1145 89 -1 1058 0 1146 -1 1058 1146 1059 -1 1059 1146 1147 -1 1059 1147 1060 -1 1060 1147 1148 -1 1060 1148 1061 -1 1061 1148 1149 -1 1061 1149 1062 -1 1062 1149 1150 -1 1062 1150 1063 -1 1063 1150 1151 -1 1063 1151 1064 -1 1064 1151 1152 -1 1064 1152 1065 -1 1065 1152 1153 -1 1065 1153 1066 -1 1066 1153 1154 -1 1066 1154 1067 -1 1067 1154 1155 -1 1067 1155 1068 -1 1068 1155 1156 -1 1068 1156 1069 -1 1069 1156 1157 -1 1069 1157 1070 -1 1070 1157 1158 -1 1070 1158 1071 -1 1071 1158 1159 -1 1071 1159 1072 -1 1072 1159 1160 -1 1072 1160 1073 -1 1073 1160 1161 -1 1073 1161 1074 -1 1074 1161 1162 -1 1074 1162 1075 -1 1075 1162 1163 -1 1075 1163 1076 -1 1076 1163 1164 -1 1076 1164 1077 -1 1077 1164 1165 -1 1077 1165 1078 -1 1078 1165 1166 -1 1078 1166 1079 -1 1079 1166 1167 -1 1079 1167 1080 -1 1080 1167 1168 -1 1080 1168 1081 -1 1081 1168 1169 -1 1081 1169 1082 -1 1082 1169 1170 -1 1082 1170 1083 -1 1083 1170 1171 -1 1083 1171 1084 -1 1084 1171 1172 -1 1084 1172 1085 -1 1085 1172 1173 -1 1085 1173 1086 -1 1086 1173 1174 -1 1086 1174 1087 -1 1087 1174 1175 -1 1087 1175 1088 -1 1088 1175 1176 -1 1088 1176 1089 -1 1089 1176 1177 -1 1089 1177 1090 -1 1090 1177 1178 -1 1090 1178 1091 -1 1091 1178 1179 -1 1091 1179 1092 -1 1092 1179 1180 -1 1092 1180 1093 -1 1093 1180 1181 -1 1093 1181 1094 -1 1094 1181 1182 -1 1094 1182 1095 -1 1095 1182 1183 -1 1095 1183 1096 -1 1096 1183 1184 -1 1096 1184 1097 -1 1097 1184 1185 -1 1097 1185 1098 -1 1098 1185 1186 -1 1098 1186 1099 -1 1099 1186 1187 -1 1099 1187 1100 -1 1100 1187 1188 -1 1100 1188 1101 -1 1101 1188 1189 -1 1101 1189 1102 -1 1102 1189 1190 -1 1102 1190 1103 -1 1103 1190 1191 -1 1103 1191 1104 -1 1104 1191 1192 -1 1104 1192 1105 -1 1105 1192 1193 -1 1105 1193 1106 -1 1106 1193 1194 -1 1106 1194 1107 -1 1107 1194 1195 -1 1107 1195 1108 -1 1108 1195 1196 -1 1108 1196 1109 -1 1109 1196 1197 -1 1109 1197 1110 -1 1110 1197 1198 -1 1110 1198 1111 -1 1111 1198 1199 -1 1111 1199 1112 -1 1112 1199 1200 -1 1112 1200 1113 -1 1113 1200 1201 -1 1113 1201 1114 -1 1114 1201 1202 -1 1114 1202 1115 -1 1115 1202 1203 -1 1115 1203 1116 -1 1116 1203 1204 -1 1116 1204 1117 -1 1117 1204 1205 -1 1117 1205 1118 -1 1118 1205 1206 -1 1118 1206 1119 -1 1119 1206 1207 -1 1119 1207 1120 -1 1120 1207 1208 -1 1120 1208 1121 -1 1121 1208 1209 -1 1121 1209 1122 -1 1122 1209 1210 -1 1122 1210 1123 -1 1123 1210 1211 -1 1123 1211 1124 -1 1124 1211 1212 -1 1124 1212 1125 -1 1125 1212 1213 -1 1125 1213 1126 -1 1126 1213 1214 -1 1126 1214 1127 -1 1127 1214 1215 -1 1127 1215 1128 -1 1128 1215 1216 -1 1128 1216 1129 -1 1129 1216 1217 -1 1129 1217 1130 -1 1130 1217 1218 -1 1130 1218 1131 -1 1131 1218 1219 -1 1131 1219 1132 -1 1132 1219 1220 -1 1132 1220 1133 -1 1133 1220 1221 -1 1133 1221 1134 -1 1134 1221 1222 -1 1134 1222 1135 -1 1135 1222 1223 -1 1135 1223 1136 -1 1136 1223 1224 -1 1136 1224 1137 -1 1137 1224 1225 -1 1137 1225 1138 -1 1138 1225 1226 -1 1138 1226 1139 -1 1139 1226 1227 -1 1139 1227 1140 -1 1140 1227 1228 -1 1140 1228 1141 -1 1141 1228 1229 -1 1141 1229 1142 -1 1142 1229 1230 -1 1142 1230 1143 -1 1143 1230 1231 -1 1143 1231 1144 -1 1144 1231 1232 -1 1144 1232 1145 -1 1145 1232 1233 -1 1145 1233 89 -1 1146 0 1234 -1 1146 1234 1147 -1 1147 1234 1235 -1 1147 1235 1148 -1 1148 1235 1236 -1 1148 1236 1149 -1 1149 1236 1237 -1 1149 1237 1150 -1 1150 1237 1238 -1 1150 1238 1151 -1 1151 1238 1239 -1 1151 1239 1152 -1 1152 1239 1240 -1 1152 1240 1153 -1 1153 1240 1241 -1 1153 1241 1154 -1 1154 1241 1242 -1 1154 1242 1155 -1 1155 1242 1243 -1 1155 1243 1156 -1 1156 1243 1244 -1 1156 1244 1157 -1 1157 1244 1245 -1 1157 1245 1158 -1 1158 1245 1246 -1 1158 1246 1159 -1 1159 1246 1247 -1 1159 1247 1160 -1 1160 1247 1248 -1 1160 1248 1161 -1 1161 1248 1249 -1 1161 1249 1162 -1 1162 1249 1250 -1 1162 1250 1163 -1 1163 1250 1251 -1 1163 1251 1164 -1 1164 1251 1252 -1 1164 1252 1165 -1 1165 1252 1253 -1 1165 1253 1166 -1 1166 1253 1254 -1 1166 1254 1167 -1 1167 1254 1255 -1 1167 1255 1168 -1 1168 1255 1256 -1 1168 1256 1169 -1 1169 1256 1257 -1 1169 1257 1170 -1 1170 1257 1258 -1 1170 1258 1171 -1 1171 1258 1259 -1 1171 1259 1172 -1 1172 1259 1260 -1 1172 1260 1173 -1 1173 1260 1261 -1 1173 1261 1174 -1 1174 1261 1262 -1 1174 1262 1175 -1 1175 1262 1263 -1 1175 1263 1176 -1 1176 1263 1264 -1 1176 1264 1177 -1 1177 1264 1265 -1 1177 1265 1178 -1 1178 1265 1266 -1 1178 1266 1179 -1 1179 1266 1267 -1 1179 1267 1180 -1 1180 1267 1268 -1 1180 1268 1181 -1 1181 1268 1269 -1 1181 1269 1182 -1 1182 1269 1270 -1 1182 1270 1183 -1 1183 1270 1271 -1 1183 1271 1184 -1 1184 1271 1272 -1 1184 1272 1185 -1 1185 1272 1273 -1 1185 1273 1186 -1 1186 1273 1274 -1 1186 1274 1187 -1 1187 1274 1275 -1 1187 1275 1188 -1 1188 1275 1276 -1 1188 1276 1189 -1 1189 1276 1277 -1 1189 1277 1190 -1 1190 1277 1278 -1 1190 1278 1191 -1 1191 1278 1279 -1 1191 1279 1192 -1 1192 1279 1280 -1 1192 1280 1193 -1 1193 1280 1281 -1 1193 1281 1194 -1 1194 1281 1282 -1 1194 1282 1195 -1 1195 1282 1283 -1 1195 1283 1196 -1 1196 1283 1284 -1 1196 1284 1197 -1 1197 1284 1285 -1 1197 1285 1198 -1 1198 1285 1286 -1 1198 1286 1199 -1 1199 1286 1287 -1 1199 1287 1200 -1 1200 1287 1288 -1 1200 1288 1201 -1 1201 1288 1289 -1 1201 1289 1202 -1 1202 1289 1290 -1 1202 1290 1203 -1 1203 1290 1291 -1 1203 1291 1204 -1 1204 1291 1292 -1 1204 1292 1205 -1 1205 1292 1293 -1 1205 1293 1206 -1 1206 1293 1294 -1 1206 1294 1207 -1 1207 1294 1295 -1 1207 1295 1208 -1 1208 1295 1296 -1 1208 1296 1209 -1 1209 1296 1297 -1 1209 1297 1210 -1 1210 1297 1298 -1 1210 1298 1211 -1 1211 1298 1299 -1 1211 1299 1212 -1 1212 1299 1300 -1 1212 1300 1213 -1 1213 1300 1301 -1 1213 1301 1214 -1 1214 1301 1302 -1 1214 1302 1215 -1 1215 1302 1303 -1 1215 1303 1216 -1 1216 1303 1304 -1 1216 1304 1217 -1 1217 1304 1305 -1 1217 1305 1218 -1 1218 1305 1306 -1 1218 1306 1219 -1 1219 1306 1307 -1 1219 1307 1220 -1 1220 1307 1308 -1 1220 1308 1221 -1 1221 1308 1309 -1 1221 1309 1222 -1 1222 1309 1310 -1 1222 1310 1223 -1 1223 1310 1311 -1 1223 1311 1224 -1 1224 1311 1312 -1 1224 1312 1225 -1 1225 1312 1313 -1 1225 1313 1226 -1 1226 1313 1314 -1 1226 1314 1227 -1 1227 1314 1315 -1 1227 1315 1228 -1 1228 1315 1316 -1 1228 1316 1229 -1 1229 1316 1317 -1 1229 1317 1230 -1 1230 1317 1318 -1 1230 1318 1231 -1 1231 1318 1319 -1 1231 1319 1232 -1 1232 1319 1320 -1 1232 1320 1233 -1 1233 1320 1321 -1 1233 1321 89 -1 1234 0 1322 -1 1234 1322 1235 -1 1235 1322 1323 -1 1235 1323 1236 -1 1236 1323 1324 -1 1236 1324 1237 -1 1237 1324 1325 -1 1237 1325 1238 -1 1238 1325 1326 -1 1238 1326 1239 -1 1239 1326 1327 -1 1239 1327 1240 -1 1240 1327 1328 -1 1240 1328 1241 -1 1241 1328 1329 -1 1241 1329 1242 -1 1242 1329 1330 -1 1242 1330 1243 -1 1243 1330 1331 -1 1243 1331 1244 -1 1244 1331 1332 -1 1244 1332 1245 -1 1245 1332 1333 -1 1245 1333 1246 -1 1246 1333 1334 -1 1246 1334 1247 -1 1247 1334 1335 -1 1247 1335 1248 -1 1248 1335 1336 -1 1248 1336 1249 -1 1249 1336 1337 -1 1249 1337 1250 -1 1250 1337 1338 -1 1250 1338 1251 -1 1251 1338 1339 -1 1251 1339 1252 -1 1252 1339 1340 -1 1252 1340 1253 -1 1253 1340 1341 -1 1253 1341 1254 -1 1254 1341 1342 -1 1254 1342 1255 -1 1255 1342 1343 -1 1255 1343 1256 -1 1256 1343 1344 -1 1256 1344 1257 -1 1257 1344 1345 -1 1257 1345 1258 -1 1258 1345 1346 -1 1258 1346 1259 -1 1259 1346 1347 -1 1259 1347 1260 -1 1260 1347 1348 -1 1260 1348 1261 -1 1261 1348 1349 -1 1261 1349 1262 -1 1262 1349 1350 -1 1262 1350 1263 -1 1263 1350 1351 -1 1263 1351 1264 -1 1264 1351 1352 -1 1264 1352 1265 -1 1265 1352 1353 -1 1265 1353 1266 -1 1266 1353 1354 -1 1266 1354 1267 -1 1267 1354 1355 -1 1267 1355 1268 -1 1268 1355 1356 -1 1268 1356 1269 -1 1269 1356 1357 -1 1269 1357 1270 -1 1270 1357 1358 -1 1270 1358 1271 -1 1271 1358 1359 -1 1271 1359 1272 -1 1272 1359 1360 -1 1272 1360 1273 -1 1273 1360 1361 -1 1273 1361 1274 -1 1274 1361 1362 -1 1274 1362 1275 -1 1275 1362 1363 -1 1275 1363 1276 -1 1276 1363 1364 -1 1276 1364 1277 -1 1277 1364 1365 -1 1277 1365 1278 -1 1278 1365 1366 -1 1278 1366 1279 -1 1279 1366 1367 -1 1279 1367 1280 -1 1280 1367 1368 -1 1280 1368 1281 -1 1281 1368 1369 -1 1281 1369 1282 -1 1282 1369 1370 -1 1282 1370 1283 -1 1283 1370 1371 -1 1283 1371 1284 -1 1284 1371 1372 -1 1284 1372 1285 -1 1285 1372 1373 -1 1285 1373 1286 -1 1286 1373 1374 -1 1286 1374 1287 -1 1287 1374 1375 -1 1287 1375 1288 -1 1288 1375 1376 -1 1288 1376 1289 -1 1289 1376 1377 -1 1289 1377 1290 -1 1290 1377 1378 -1 1290 1378 1291 -1 1291 1378 1379 -1 1291 1379 1292 -1 1292 1379 1380 -1 1292 1380 1293 -1 1293 1380 1381 -1 1293 1381 1294 -1 1294 1381 1382 -1 1294 1382 1295 -1 1295 1382 1383 -1 1295 1383 1296 -1 1296 1383 1384 -1 1296 1384 1297 -1 1297 1384 1385 -1 1297 1385 1298 -1 1298 1385 1386 -1 1298 1386 1299 -1 1299 1386 1387 -1 1299 1387 1300 -1 1300 1387 1388 -1 1300 1388 1301 -1 1301 1388 1389 -1 1301 1389 1302 -1 1302 1389 1390 -1 1302 1390 1303 -1 1303 1390 1391 -1 1303 1391 1304 -1 1304 1391 1392 -1 1304 1392 1305 -1 1305 1392 1393 -1 1305 1393 1306 -1 1306 1393 1394 -1 1306 1394 1307 -1 1307 1394 1395 -1 1307 1395 1308 -1 1308 1395 1396 -1 1308 1396 1309 -1 1309 1396 1397 -1 1309 1397 1310 -1 1310 1397 1398 -1 1310 1398 1311 -1 1311 1398 1399 -1 1311 1399 1312 -1 1312 1399 1400 -1 1312 1400 1313 -1 1313 1400 1401 -1 1313 1401 1314 -1 1314 1401 1402 -1 1314 1402 1315 -1 1315 1402 1403 -1 1315 1403 1316 -1 1316 1403 1404 -1 1316 1404 1317 -1 1317 1404 1405 -1 1317 1405 1318 -1 1318 1405 1406 -1 1318 1406 1319 -1 1319 1406 1407 -1 1319 1407 1320 -1 1320 1407 1408 -1 1320 1408 1321 -1 1321 1408 1409 -1 1321 1409 89 -1 1322 0 1410 -1 1322 1410 1323 -1 1323 1410 1411 -1 1323 1411 1324 -1 1324 1411 1412 -1 1324 1412 1325 -1 1325 1412 1413 -1 1325 1413 1326 -1 1326 1413 1414 -1 1326 1414 1327 -1 1327 1414 1415 -1 1327 1415 1328 -1 1328 1415 1416 -1 1328 1416 1329 -1 1329 1416 1417 -1 1329 1417 1330 -1 1330 1417 1418 -1 1330 1418 1331 -1 1331 1418 1419 -1 1331 1419 1332 -1 1332 1419 1420 -1 1332 1420 1333 -1 1333 1420 1421 -1 1333 1421 1334 -1 1334 1421 1422 -1 1334 1422 1335 -1 1335 1422 1423 -1 1335 1423 1336 -1 1336 1423 1424 -1 1336 1424 1337 -1 1337 1424 1425 -1 1337 1425 1338 -1 1338 1425 1426 -1 1338 1426 1339 -1 1339 1426 1427 -1 1339 1427 1340 -1 1340 1427 1428 -1 1340 1428 1341 -1 1341 1428 1429 -1 1341 1429 1342 -1 1342 1429 1430 -1 1342 1430 1343 -1 1343 1430 1431 -1 1343 1431 1344 -1 1344 1431 1432 -1 1344 1432 1345 -1 1345 1432 1433 -1 1345 1433 1346 -1 1346 1433 1434 -1 1346 1434 1347 -1 1347 1434 1435 -1 1347 1435 1348 -1 1348 1435 1436 -1 1348 1436 1349 -1 1349 1436 1437 -1 1349 1437 1350 -1 1350 1437 1438 -1 1350 1438 1351 -1 1351 1438 1439 -1 1351 1439 1352 -1 1352 1439 1440 -1 1352 1440 1353 -1 1353 1440 1441 -1 1353 1441 1354 -1 1354 1441 1442 -1 1354 1442 1355 -1 1355 1442 1443 -1 1355 1443 1356 -1 1356 1443 1444 -1 1356 1444 1357 -1 1357 1444 1445 -1 1357 1445 1358 -1 1358 1445 1446 -1 1358 1446 1359 -1 1359 1446 1447 -1 1359 1447 1360 -1 1360 1447 1448 -1 1360 1448 1361 -1 1361 1448 1449 -1 1361 1449 1362 -1 1362 1449 1450 -1 1362 1450 1363 -1 1363 1450 1451 -1 1363 1451 1364 -1 1364 1451 1452 -1 1364 1452 1365 -1 1365 1452 1453 -1 1365 1453 1366 -1 1366 1453 1454 -1 1366 1454 1367 -1 1367 1454 1455 -1 1367 1455 1368 -1 1368 1455 1456 -1 1368 1456 1369 -1 1369 1456 1457 -1 1369 1457 1370 -1 1370 1457 1458 -1 1370 1458 1371 -1 1371 1458 1459 -1 1371 1459 1372 -1 1372 1459 1460 -1 1372 1460 1373 -1 1373 1460 1461 -1 1373 1461 1374 -1 1374 1461 1462 -1 1374 1462 1375 -1 1375 1462 1463 -1 1375 1463 1376 -1 1376 1463 1464 -1 1376 1464 1377 -1 1377 1464 1465 -1 1377 1465 1378 -1 1378 1465 1466 -1 1378 1466 1379 -1 1379 1466 1467 -1 1379 1467 1380 -1 1380 1467 1468 -1 1380 1468 1381 -1 1381 1468 1469 -1 1381 1469 1382 -1 1382 1469 1470 -1 1382 1470 1383 -1 1383 1470 1471 -1 1383 1471 1384 -1 1384 1471 1472 -1 1384 1472 1385 -1 1385 1472 1473 -1 1385 1473 1386 -1 1386 1473 1474 -1 1386 1474 1387 -1 1387 1474 1475 -1 1387 1475 1388 -1 1388 1475 1476 -1 1388 1476 1389 -1 1389 1476 1477 -1 1389 1477 1390 -1 1390 1477 1478 -1 1390 1478 1391 -1 1391 1478 1479 -1 1391 1479 1392 -1 1392 1479 1480 -1 1392 1480 1393 -1 1393 1480 1481 -1 1393 1481 1394 -1 1394 1481 1482 -1 1394 1482 1395 -1 1395 1482 1483 -1 1395 1483 1396 -1 1396 1483 1484 -1 1396 1484 1397 -1 1397 1484 1485 -1 1397 1485 1398 -1 1398 1485 1486 -1 1398 1486 1399 -1 1399 1486 1487 -1 1399 1487 1400 -1 1400 1487 1488 -1 1400 1488 1401 -1 1401 1488 1489 -1 1401 1489 1402 -1 1402 1489 1490 -1 1402 1490 1403 -1 1403 1490 1491 -1 1403 1491 1404 -1 1404 1491 1492 -1 1404 1492 1405 -1 1405 1492 1493 -1 1405 1493 1406 -1 1406 1493 1494 -1 1406 1494 1407 -1 1407 1494 1495 -1 1407 1495 1408 -1 1408 1495 1496 -1 1408 1496 1409 -1 1409 1496 1497 -1 1409 1497 89 -1 1410 0 1498 -1 1410 1498 1411 -1 1411 1498 1499 -1 1411 1499 1412 -1 1412 1499 1500 -1 1412 1500 1413 -1 1413 1500 1501 -1 1413 1501 1414 -1 1414 1501 1502 -1 1414 1502 1415 -1 1415 1502 1503 -1 1415 1503 1416 -1 1416 1503 1504 -1 1416 1504 1417 -1 1417 1504 1505 -1 1417 1505 1418 -1 1418 1505 1506 -1 1418 1506 1419 -1 1419 1506 1507 -1 1419 1507 1420 -1 1420 1507 1508 -1 1420 1508 1421 -1 1421 1508 1509 -1 1421 1509 1422 -1 1422 1509 1510 -1 1422 1510 1423 -1 1423 1510 1511 -1 1423 1511 1424 -1 1424 1511 1512 -1 1424 1512 1425 -1 1425 1512 1513 -1 1425 1513 1426 -1 1426 1513 1514 -1 1426 1514 1427 -1 1427 1514 1515 -1 1427 1515 1428 -1 1428 1515 1516 -1 1428 1516 1429 -1 1429 1516 1517 -1 1429 1517 1430 -1 1430 1517 1518 -1 1430 1518 1431 -1 1431 1518 1519 -1 1431 1519 1432 -1 1432 1519 1520 -1 1432 1520 1433 -1 1433 1520 1521 -1 1433 1521 1434 -1 1434 1521 1522 -1 1434 1522 1435 -1 1435 1522 1523 -1 1435 1523 1436 -1 1436 1523 1524 -1 1436 1524 1437 -1 1437 1524 1525 -1 1437 1525 1438 -1 1438 1525 1526 -1 1438 1526 1439 -1 1439 1526 1527 -1 1439 1527 1440 -1 1440 1527 1528 -1 1440 1528 1441 -1 1441 1528 1529 -1 1441 1529 1442 -1 1442 1529 1530 -1 1442 1530 1443 -1 1443 1530 1531 -1 1443 1531 1444 -1 1444 1531 1532 -1 1444 1532 1445 -1 1445 1532 1533 -1 1445 1533 1446 -1 1446 1533 1534 -1 1446 1534 1447 -1 1447 1534 1535 -1 1447 1535 1448 -1 1448 1535 1536 -1 1448 1536 1449 -1 1449 1536 1537 -1 1449 1537 1450 -1 1450 1537 1538 -1 1450 1538 1451 -1 1451 1538 1539 -1 1451 1539 1452 -1 1452 1539 1540 -1 1452 1540 1453 -1 1453 1540 1541 -1 1453 1541 1454 -1 1454 1541 1542 -1 1454 1542 1455 -1 1455 1542 1543 -1 1455 1543 1456 -1 1456 1543 1544 -1 1456 1544 1457 -1 1457 1544 1545 -1 1457 1545 1458 -1 1458 1545 1546 -1 1458 1546 1459 -1 1459 1546 1547 -1 1459 1547 1460 -1 1460 1547 1548 -1 1460 1548 1461 -1 1461 1548 1549 -1 1461 1549 1462 -1 1462 1549 1550 -1 1462 1550 1463 -1 1463 1550 1551 -1 1463 1551 1464 -1 1464 1551 1552 -1 1464 1552 1465 -1 1465 1552 1553 -1 1465 1553 1466 -1 1466 1553 1554 -1 1466 1554 1467 -1 1467 1554 1555 -1 1467 1555 1468 -1 1468 1555 1556 -1 1468 1556 1469 -1 1469 1556 1557 -1 1469 1557 1470 -1 1470 1557 1558 -1 1470 1558 1471 -1 1471 1558 1559 -1 1471 1559 1472 -1 1472 1559 1560 -1 1472 1560 1473 -1 1473 1560 1561 -1 1473 1561 1474 -1 1474 1561 1562 -1 1474 1562 1475 -1 1475 1562 1563 -1 1475 1563 1476 -1 1476 1563 1564 -1 1476 1564 1477 -1 1477 1564 1565 -1 1477 1565 1478 -1 1478 1565 1566 -1 1478 1566 1479 -1 1479 1566 1567 -1 1479 1567 1480 -1 1480 1567 1568 -1 1480 1568 1481 -1 1481 1568 1569 -1 1481 1569 1482 -1 1482 1569 1570 -1 1482 1570 1483 -1 1483 1570 1571 -1 1483 1571 1484 -1 1484 1571 1572 -1 1484 1572 1485 -1 1485 1572 1573 -1 1485 1573 1486 -1 1486 1573 1574 -1 1486 1574 1487 -1 1487 1574 1575 -1 1487 1575 1488 -1 1488 1575 1576 -1 1488 1576 1489 -1 1489 1576 1577 -1 1489 1577 1490 -1 1490 1577 1578 -1 1490 1578 1491 -1 1491 1578 1579 -1 1491 1579 1492 -1 1492 1579 1580 -1 1492 1580 1493 -1 1493 1580 1581 -1 1493 1581 1494 -1 1494 1581 1582 -1 1494 1582 1495 -1 1495 1582 1583 -1 1495 1583 1496 -1 1496 1583 1584 -1 1496 1584 1497 -1 1497 1584 1585 -1 1497 1585 89 -1 1498 0 1586 -1 1498 1586 1499 -1 1499 1586 1587 -1 1499 1587 1500 -1 1500 1587 1588 -1 1500 1588 1501 -1 1501 1588 1589 -1 1501 1589 1502 -1 1502 1589 1590 -1 1502 1590 1503 -1 1503 1590 1591 -1 1503 1591 1504 -1 1504 1591 1592 -1 1504 1592 1505 -1 1505 1592 1593 -1 1505 1593 1506 -1 1506 1593 1594 -1 1506 1594 1507 -1 1507 1594 1595 -1 1507 1595 1508 -1 1508 1595 1596 -1 1508 1596 1509 -1 1509 1596 1597 -1 1509 1597 1510 -1 1510 1597 1598 -1 1510 1598 1511 -1 1511 1598 1599 -1 1511 1599 1512 -1 1512 1599 1600 -1 1512 1600 1513 -1 1513 1600 1601 -1 1513 1601 1514 -1 1514 1601 1602 -1 1514 1602 1515 -1 1515 1602 1603 -1 1515 1603 1516 -1 1516 1603 1604 -1 1516 1604 1517 -1 1517 1604 1605 -1 1517 1605 1518 -1 1518 1605 1606 -1 1518 1606 1519 -1 1519 1606 1607 -1 1519 1607 1520 -1 1520 1607 1608 -1 1520 1608 1521 -1 1521 1608 1609 -1 1521 1609 1522 -1 1522 1609 1610 -1 1522 1610 1523 -1 1523 1610 1611 -1 1523 1611 1524 -1 1524 1611 1612 -1 1524 1612 1525 -1 1525 1612 1613 -1 1525 1613 1526 -1 1526 1613 1614 -1 1526 1614 1527 -1 1527 1614 1615 -1 1527 1615 1528 -1 1528 1615 1616 -1 1528 1616 1529 -1 1529 1616 1617 -1 1529 1617 1530 -1 1530 1617 1618 -1 1530 1618 1531 -1 1531 1618 1619 -1 1531 1619 1532 -1 1532 1619 1620 -1 1532 1620 1533 -1 1533 1620 1621 -1 1533 1621 1534 -1 1534 1621 1622 -1 1534 1622 1535 -1 1535 1622 1623 -1 1535 1623 1536 -1 1536 1623 1624 -1 1536 1624 1537 -1 1537 1624 1625 -1 1537 1625 1538 -1 1538 1625 1626 -1 1538 1626 1539 -1 1539 1626 1627 -1 1539 1627 1540 -1 1540 1627 1628 -1 1540 1628 1541 -1 1541 1628 1629 -1 1541 1629 1542 -1 1542 1629 1630 -1 1542 1630 1543 -1 1543 1630 1631 -1 1543 1631 1544 -1 1544 1631 1632 -1 1544 1632 1545 -1 1545 1632 1633 -1 1545 1633 1546 -1 1546 1633 1634 -1 1546 1634 1547 -1 1547 1634 1635 -1 1547 1635 1548 -1 1548 1635 1636 -1 1548 1636 1549 -1 1549 1636 1637 -1 1549 1637 1550 -1 1550 1637 1638 -1 1550 1638 1551 -1 1551 1638 1639 -1 1551 1639 1552 -1 1552 1639 1640 -1 1552 1640 1553 -1 1553 1640 1641 -1 1553 1641 1554 -1 1554 1641 1642 -1 1554 1642 1555 -1 1555 1642 1643 -1 1555 1643 1556 -1 1556 1643 1644 -1 1556 1644 1557 -1 1557 1644 1645 -1 1557 1645 1558 -1 1558 1645 1646 -1 1558 1646 1559 -1 1559 1646 1647 -1 1559 1647 1560 -1 1560 1647 1648 -1 1560 1648 1561 -1 1561 1648 1649 -1 1561 1649 1562 -1 1562 1649 1650 -1 1562 1650 1563 -1 1563 1650 1651 -1 1563 1651 1564 -1 1564 1651 1652 -1 1564 1652 1565 -1 1565 1652 1653 -1 1565 1653 1566 -1 1566 1653 1654 -1 1566 1654 1567 -1 1567 1654 1655 -1 1567 1655 1568 -1 1568 1655 1656 -1 1568 1656 1569 -1 1569 1656 1657 -1 1569 1657 1570 -1 1570 1657 1658 -1 1570 1658 1571 -1 1571 1658 1659 -1 1571 1659 1572 -1 1572 1659 1660 -1 1572 1660 1573 -1 1573 1660 1661 -1 1573 1661 1574 -1 1574 1661 1662 -1 1574 1662 1575 -1 1575 1662 1663 -1 1575 1663 1576 -1 1576 1663 1664 -1 1576 1664 1577 -1 1577 1664 1665 -1 1577 1665 1578 -1 1578 1665 1666 -1 1578 1666 1579 -1 1579 1666 1667 -1 1579 1667 1580 -1 1580 1667 1668 -1 1580 1668 1581 -1 1581 1668 1669 -1 1581 1669 1582 -1 1582 1669 1670 -1 1582 1670 1583 -1 1583 1670 1671 -1 1583 1671 1584 -1 1584 1671 1672 -1 1584 1672 1585 -1 1585 1672 1673 -1 1585 1673 89 -1 1586 0 1674 -1 1586 1674 1587 -1 1587 1674 1675 -1 1587 1675 1588 -1 1588 1675 1676 -1 1588 1676 1589 -1 1589 1676 1677 -1 1589 1677 1590 -1 1590 1677 1678 -1 1590 1678 1591 -1 1591 1678 1679 -1 1591 1679 1592 -1 1592 1679 1680 -1 1592 1680 1593 -1 1593 1680 1681 -1 1593 1681 1594 -1 1594 1681 1682 -1 1594 1682 1595 -1 1595 1682 1683 -1 1595 1683 1596 -1 1596 1683 1684 -1 1596 1684 1597 -1 1597 1684 1685 -1 1597 1685 1598 -1 1598 1685 1686 -1 1598 1686 1599 -1 1599 1686 1687 -1 1599 1687 1600 -1 1600 1687 1688 -1 1600 1688 1601 -1 1601 1688 1689 -1 1601 1689 1602 -1 1602 1689 1690 -1 1602 1690 1603 -1 1603 1690 1691 -1 1603 1691 1604 -1 1604 1691 1692 -1 1604 1692 1605 -1 1605 1692 1693 -1 1605 1693 1606 -1 1606 1693 1694 -1 1606 1694 1607 -1 1607 1694 1695 -1 1607 1695 1608 -1 1608 1695 1696 -1 1608 1696 1609 -1 1609 1696 1697 -1 1609 1697 1610 -1 1610 1697 1698 -1 1610 1698 1611 -1 1611 1698 1699 -1 1611 1699 1612 -1 1612 1699 1700 -1 1612 1700 1613 -1 1613 1700 1701 -1 1613 1701 1614 -1 1614 1701 1702 -1 1614 1702 1615 -1 1615 1702 1703 -1 1615 1703 1616 -1 1616 1703 1704 -1 1616 1704 1617 -1 1617 1704 1705 -1 1617 1705 1618 -1 1618 1705 1706 -1 1618 1706 1619 -1 1619 1706 1707 -1 1619 1707 1620 -1 1620 1707 1708 -1 1620 1708 1621 -1 1621 1708 1709 -1 1621 1709 1622 -1 1622 1709 1710 -1 1622 1710 1623 -1 1623 1710 1711 -1 1623 1711 1624 -1 1624 1711 1712 -1 1624 1712 1625 -1 1625 1712 1713 -1 1625 1713 1626 -1 1626 1713 1714 -1 1626 1714 1627 -1 1627 1714 1715 -1 1627 1715 1628 -1 1628 1715 1716 -1 1628 1716 1629 -1 1629 1716 1717 -1 1629 1717 1630 -1 1630 1717 1718 -1 1630 1718 1631 -1 1631 1718 1719 -1 1631 1719 1632 -1 1632 1719 1720 -1 1632 1720 1633 -1 1633 1720 1721 -1 1633 1721 1634 -1 1634 1721 1722 -1 1634 1722 1635 -1 1635 1722 1723 -1 1635 1723 1636 -1 1636 1723 1724 -1 1636 1724 1637 -1 1637 1724 1725 -1 1637 1725 1638 -1 1638 1725 1726 -1 1638 1726 1639 -1 1639 1726 1727 -1 1639 1727 1640 -1 1640 1727 1728 -1 1640 1728 1641 -1 1641 1728 1729 -1 1641 1729 1642 -1 1642 1729 1730 -1 1642 1730 1643 -1 1643 1730 1731 -1 1643 1731 1644 -1 1644 1731 1732 -1 1644 1732 1645 -1 1645 1732 1733 -1 1645 1733 1646 -1 1646 1733 1734 -1 1646 1734 1647 -1 1647 1734 1735 -1 1647 1735 1648 -1 1648 1735 1736 -1 1648 1736 1649 -1 1649 1736 1737 -1 1649 1737 1650 -1 1650 1737 1738 -1 1650 1738 1651 -1 1651 1738 1739 -1 1651 1739 1652 -1 1652 1739 1740 -1 1652 1740 1653 -1 1653 1740 1741 -1 1653 1741 1654 -1 1654 1741 1742 -1 1654 1742 1655 -1 1655 1742 1743 -1 1655 1743 1656 -1 1656 1743 1744 -1 1656 1744 1657 -1 1657 1744 1745 -1 1657 1745 1658 -1 1658 1745 1746 -1 1658 1746 1659 -1 1659 1746 1747 -1 1659 1747 1660 -1 1660 1747 1748 -1 1660 1748 1661 -1 1661 1748 1749 -1 1661 1749 1662 -1 1662 1749 1750 -1 1662 1750 1663 -1 1663 1750 1751 -1 1663 1751 1664 -1 1664 1751 1752 -1 1664 1752 1665 -1 1665 1752 1753 -1 1665 1753 1666 -1 1666 1753 1754 -1 1666 1754 1667 -1 1667 1754 1755 -1 1667 1755 1668 -1 1668 1755 1756 -1 1668 1756 1669 -1 1669 1756 1757 -1 1669 1757 1670 -1 1670 1757 1758 -1 1670 1758 1671 -1 1671 1758 1759 -1 1671 1759 1672 -1 1672 1759 1760 -1 1672 1760 1673 -1 1673 1760 1761 -1 1673 1761 89 -1 1674 0 1762 -1 1674 1762 1675 -1 1675 1762 1763 -1 1675 1763 1676 -1 1676 1763 1764 -1 1676 1764 1677 -1 1677 1764 1765 -1 1677 1765 1678 -1 1678 1765 1766 -1 1678 1766 1679 -1 1679 1766 1767 -1 1679 1767 1680 -1 1680 1767 1768 -1 1680 1768 1681 -1 1681 1768 1769 -1 1681 1769 1682 -1 1682 1769 1770 -1 1682 1770 1683 -1 1683 1770 1771 -1 1683 1771 1684 -1 1684 1771 1772 -1 1684 1772 1685 -1 1685 1772 1773 -1 1685 1773 1686 -1 1686 1773 1774 -1 1686 1774 1687 -1 1687 1774 1775 -1 1687 1775 1688 -1 1688 1775 1776 -1 1688 1776 1689 -1 1689 1776 1777 -1 1689 1777 1690 -1 1690 1777 1778 -1 1690 1778 1691 -1 1691 1778 1779 -1 1691 1779 1692 -1 1692 1779 1780 -1 1692 1780 1693 -1 1693 1780 1781 -1 1693 1781 1694 -1 1694 1781 1782 -1 1694 1782 1695 -1 1695 1782 1783 -1 1695 1783 1696 -1 1696 1783 1784 -1 1696 1784 1697 -1 1697 1784 1785 -1 1697 1785 1698 -1 1698 1785 1786 -1 1698 1786 1699 -1 1699 1786 1787 -1 1699 1787 1700 -1 1700 1787 1788 -1 1700 1788 1701 -1 1701 1788 1789 -1 1701 1789 1702 -1 1702 1789 1790 -1 1702 1790 1703 -1 1703 1790 1791 -1 1703 1791 1704 -1 1704 1791 1792 -1 1704 1792 1705 -1 1705 1792 1793 -1 1705 1793 1706 -1 1706 1793 1794 -1 1706 1794 1707 -1 1707 1794 1795 -1 1707 1795 1708 -1 1708 1795 1796 -1 1708 1796 1709 -1 1709 1796 1797 -1 1709 1797 1710 -1 1710 1797 1798 -1 1710 1798 1711 -1 1711 1798 1799 -1 1711 1799 1712 -1 1712 1799 1800 -1 1712 1800 1713 -1 1713 1800 1801 -1 1713 1801 1714 -1 1714 1801 1802 -1 1714 1802 1715 -1 1715 1802 1803 -1 1715 1803 1716 -1 1716 1803 1804 -1 1716 1804 1717 -1 1717 1804 1805 -1 1717 1805 1718 -1 1718 1805 1806 -1 1718 1806 1719 -1 1719 1806 1807 -1 1719 1807 1720 -1 1720 1807 1808 -1 1720 1808 1721 -1 1721 1808 1809 -1 1721 1809 1722 -1 1722 1809 1810 -1 1722 1810 1723 -1 1723 1810 1811 -1 1723 1811 1724 -1 1724 1811 1812 -1 1724 1812 1725 -1 1725 1812 1813 -1 1725 1813 1726 -1 1726 1813 1814 -1 1726 1814 1727 -1 1727 1814 1815 -1 1727 1815 1728 -1 1728 1815 1816 -1 1728 1816 1729 -1 1729 1816 1817 -1 1729 1817 1730 -1 1730 1817 1818 -1 1730 1818 1731 -1 1731 1818 1819 -1 1731 1819 1732 -1 1732 1819 1820 -1 1732 1820 1733 -1 1733 1820 1821 -1 1733 1821 1734 -1 1734 1821 1822 -1 1734 1822 1735 -1 1735 1822 1823 -1 1735 1823 1736 -1 1736 1823 1824 -1 1736 1824 1737 -1 1737 1824 1825 -1 1737 1825 1738 -1 1738 1825 1826 -1 1738 1826 1739 -1 1739 1826 1827 -1 1739 1827 1740 -1 1740 1827 1828 -1 1740 1828 1741 -1 1741 1828 1829 -1 1741 1829 1742 -1 1742 1829 1830 -1 1742 1830 1743 -1 1743 1830 1831 -1 1743 1831 1744 -1 1744 1831 1832 -1 1744 1832 1745 -1 1745 1832 1833 -1 1745 1833 1746 -1 1746 1833 1834 -1 1746 1834 1747 -1 1747 1834 1835 -1 1747 1835 1748 -1 1748 1835 1836 -1 1748 1836 1749 -1 1749 1836 1837 -1 1749 1837 1750 -1 1750 1837 1838 -1 1750 1838 1751 -1 1751 1838 1839 -1 1751 1839 1752 -1 1752 1839 1840 -1 1752 1840 1753 -1 1753 1840 1841 -1 1753 1841 1754 -1 1754 1841 1842 -1 1754 1842 1755 -1 1755 1842 1843 -1 1755 1843 1756 -1 1756 1843 1844 -1 1756 1844 1757 -1 1757 1844 1845 -1 1757 1845 1758 -1 1758 1845 1846 -1 1758 1846 1759 -1 1759 1846 1847 -1 1759 1847 1760 -1 1760 1847 1848 -1 1760 1848 1761 -1 1761 1848 1849 -1 1761 1849 89 -1 1762 0 1850 -1 1762 1850 1763 -1 1763 1850 1851 -1 1763 1851 1764 -1 1764 1851 1852 -1 1764 1852 1765 -1 1765 1852 1853 -1 1765 1853 1766 -1 1766 1853 1854 -1 1766 1854 1767 -1 1767 1854 1855 -1 1767 1855 1768 -1 1768 1855 1856 -1 1768 1856 1769 -1 1769 1856 1857 -1 1769 1857 1770 -1 1770 1857 1858 -1 1770 1858 1771 -1 1771 1858 1859 -1 1771 1859 1772 -1 1772 1859 1860 -1 1772 1860 1773 -1 1773 1860 1861 -1 1773 1861 1774 -1 1774 1861 1862 -1 1774 1862 1775 -1 1775 1862 1863 -1 1775 1863 1776 -1 1776 1863 1864 -1 1776 1864 1777 -1 1777 1864 1865 -1 1777 1865 1778 -1 1778 1865 1866 -1 1778 1866 1779 -1 1779 1866 1867 -1 1779 1867 1780 -1 1780 1867 1868 -1 1780 1868 1781 -1 1781 1868 1869 -1 1781 1869 1782 -1 1782 1869 1870 -1 1782 1870 1783 -1 1783 1870 1871 -1 1783 1871 1784 -1 1784 1871 1872 -1 1784 1872 1785 -1 1785 1872 1873 -1 1785 1873 1786 -1 1786 1873 1874 -1 1786 1874 1787 -1 1787 1874 1875 -1 1787 1875 1788 -1 1788 1875 1876 -1 1788 1876 1789 -1 1789 1876 1877 -1 1789 1877 1790 -1 1790 1877 1878 -1 1790 1878 1791 -1 1791 1878 1879 -1 1791 1879 1792 -1 1792 1879 1880 -1 1792 1880 1793 -1 1793 1880 1881 -1 1793 1881 1794 -1 1794 1881 1882 -1 1794 1882 1795 -1 1795 1882 1883 -1 1795 1883 1796 -1 1796 1883 1884 -1 1796 1884 1797 -1 1797 1884 1885 -1 1797 1885 1798 -1 1798 1885 1886 -1 1798 1886 1799 -1 1799 1886 1887 -1 1799 1887 1800 -1 1800 1887 1888 -1 1800 1888 1801 -1 1801 1888 1889 -1 1801 1889 1802 -1 1802 1889 1890 -1 1802 1890 1803 -1 1803 1890 1891 -1 1803 1891 1804 -1 1804 1891 1892 -1 1804 1892 1805 -1 1805 1892 1893 -1 1805 1893 1806 -1 1806 1893 1894 -1 1806 1894 1807 -1 1807 1894 1895 -1 1807 1895 1808 -1 1808 1895 1896 -1 1808 1896 1809 -1 1809 1896 1897 -1 1809 1897 1810 -1 1810 1897 1898 -1 1810 1898 1811 -1 1811 1898 1899 -1 1811 1899 1812 -1 1812 1899 1900 -1 1812 1900 1813 -1 1813 1900 1901 -1 1813 1901 1814 -1 1814 1901 1902 -1 1814 1902 1815 -1 1815 1902 1903 -1 1815 1903 1816 -1 1816 1903 1904 -1 1816 1904 1817 -1 1817 1904 1905 -1 1817 1905 1818 -1 1818 1905 1906 -1 1818 1906 1819 -1 1819 1906 1907 -1 1819 1907 1820 -1 1820 1907 1908 -1 1820 1908 1821 -1 1821 1908 1909 -1 1821 1909 1822 -1 1822 1909 1910 -1 1822 1910 1823 -1 1823 1910 1911 -1 1823 1911 1824 -1 1824 1911 1912 -1 1824 1912 1825 -1 1825 1912 1913 -1 1825 1913 1826 -1 1826 1913 1914 -1 1826 1914 1827 -1 1827 1914 1915 -1 1827 1915 1828 -1 1828 1915 1916 -1 1828 1916 1829 -1 1829 1916 1917 -1 1829 1917 1830 -1 1830 1917 1918 -1 1830 1918 1831 -1 1831 1918 1919 -1 1831 1919 1832 -1 1832 1919 1920 -1 1832 1920 1833 -1 1833 1920 1921 -1 1833 1921 1834 -1 1834 1921 1922 -1 1834 1922 1835 -1 1835 1922 1923 -1 1835 1923 1836 -1 1836 1923 1924 -1 1836 1924 1837 -1 1837 1924 1925 -1 1837 1925 1838 -1 1838 1925 1926 -1 1838 1926 1839 -1 1839 1926 1927 -1 1839 1927 1840 -1 1840 1927 1928 -1 1840 1928 1841 -1 1841 1928 1929 -1 1841 1929 1842 -1 1842 1929 1930 -1 1842 1930 1843 -1 1843 1930 1931 -1 1843 1931 1844 -1 1844 1931 1932 -1 1844 1932 1845 -1 1845 1932 1933 -1 1845 1933 1846 -1 1846 1933 1934 -1 1846 1934 1847 -1 1847 1934 1935 -1 1847 1935 1848 -1 1848 1935 1936 -1 1848 1936 1849 -1 1849 1936 1937 -1 1849 1937 89 -1 1850 0 1938 -1 1850 1938 1851 -1 1851 1938 1939 -1 1851 1939 1852 -1 1852 1939 1940 -1 1852 1940 1853 -1 1853 1940 1941 -1 1853 1941 1854 -1 1854 1941 1942 -1 1854 1942 1855 -1 1855 1942 1943 -1 1855 1943 1856 -1 1856 1943 1944 -1 1856 1944 1857 -1 1857 1944 1945 -1 1857 1945 1858 -1 1858 1945 1946 -1 1858 1946 1859 -1 1859 1946 1947 -1 1859 1947 1860 -1 1860 1947 1948 -1 1860 1948 1861 -1 1861 1948 1949 -1 1861 1949 1862 -1 1862 1949 1950 -1 1862 1950 1863 -1 1863 1950 1951 -1 1863 1951 1864 -1 1864 1951 1952 -1 1864 1952 1865 -1 1865 1952 1953 -1 1865 1953 1866 -1 1866 1953 1954 -1 1866 1954 1867 -1 1867 1954 1955 -1 1867 1955 1868 -1 1868 1955 1956 -1 1868 1956 1869 -1 1869 1956 1957 -1 1869 1957 1870 -1 1870 1957 1958 -1 1870 1958 1871 -1 1871 1958 1959 -1 1871 1959 1872 -1 1872 1959 1960 -1 1872 1960 1873 -1 1873 1960 1961 -1 1873 1961 1874 -1 1874 1961 1962 -1 1874 1962 1875 -1 1875 1962 1963 -1 1875 1963 1876 -1 1876 1963 1964 -1 1876 1964 1877 -1 1877 1964 1965 -1 1877 1965 1878 -1 1878 1965 1966 -1 1878 1966 1879 -1 1879 1966 1967 -1 1879 1967 1880 -1 1880 1967 1968 -1 1880 1968 1881 -1 1881 1968 1969 -1 1881 1969 1882 -1 1882 1969 1970 -1 1882 1970 1883 -1 1883 1970 1971 -1 1883 1971 1884 -1 1884 1971 1972 -1 1884 1972 1885 -1 1885 1972 1973 -1 1885 1973 1886 -1 1886 1973 1974 -1 1886 1974 1887 -1 1887 1974 1975 -1 1887 1975 1888 -1 1888 1975 1976 -1 1888 1976 1889 -1 1889 1976 1977 -1 1889 1977 1890 -1 1890 1977 1978 -1 1890 1978 1891 -1 1891 1978 1979 -1 1891 1979 1892 -1 1892 1979 1980 -1 1892 1980 1893 -1 1893 1980 1981 -1 1893 1981 1894 -1 1894 1981 1982 -1 1894 1982 1895 -1 1895 1982 1983 -1 1895 1983 1896 -1 1896 1983 1984 -1 1896 1984 1897 -1 1897 1984 1985 -1 1897 1985 1898 -1 1898 1985 1986 -1 1898 1986 1899 -1 1899 1986 1987 -1 1899 1987 1900 -1 1900 1987 1988 -1 1900 1988 1901 -1 1901 1988 1989 -1 1901 1989 1902 -1 1902 1989 1990 -1 1902 1990 1903 -1 1903 1990 1991 -1 1903 1991 1904 -1 1904 1991 1992 -1 1904 1992 1905 -1 1905 1992 1993 -1 1905 1993 1906 -1 1906 1993 1994 -1 1906 1994 1907 -1 1907 1994 1995 -1 1907 1995 1908 -1 1908 1995 1996 -1 1908 1996 1909 -1 1909 1996 1997 -1 1909 1997 1910 -1 1910 1997 1998 -1 1910 1998 1911 -1 1911 1998 1999 -1 1911 1999 1912 -1 1912 1999 2000 -1 1912 2000 1913 -1 1913 2000 2001 -1 1913 2001 1914 -1 1914 2001 2002 -1 1914 2002 1915 -1 1915 2002 2003 -1 1915 2003 1916 -1 1916 2003 2004 -1 1916 2004 1917 -1 1917 2004 2005 -1 1917 2005 1918 -1 1918 2005 2006 -1 1918 2006 1919 -1 1919 2006 2007 -1 1919 2007 1920 -1 1920 2007 2008 -1 1920 2008 1921 -1 1921 2008 2009 -1 1921 2009 1922 -1 1922 2009 2010 -1 1922 2010 1923 -1 1923 2010 2011 -1 1923 2011 1924 -1 1924 2011 2012 -1 1924 2012 1925 -1 1925 2012 2013 -1 1925 2013 1926 -1 1926 2013 2014 -1 1926 2014 1927 -1 1927 2014 2015 -1 1927 2015 1928 -1 1928 2015 2016 -1 1928 2016 1929 -1 1929 2016 2017 -1 1929 2017 1930 -1 1930 2017 2018 -1 1930 2018 1931 -1 1931 2018 2019 -1 1931 2019 1932 -1 1932 2019 2020 -1 1932 2020 1933 -1 1933 2020 2021 -1 1933 2021 1934 -1 1934 2021 2022 -1 1934 2022 1935 -1 1935 2022 2023 -1 1935 2023 1936 -1 1936 2023 2024 -1 1936 2024 1937 -1 1937 2024 2025 -1 1937 2025 89 -1 1938 0 2026 -1 1938 2026 1939 -1 1939 2026 2027 -1 1939 2027 1940 -1 1940 2027 2028 -1 1940 2028 1941 -1 1941 2028 2029 -1 1941 2029 1942 -1 1942 2029 2030 -1 1942 2030 1943 -1 1943 2030 2031 -1 1943 2031 1944 -1 1944 2031 2032 -1 1944 2032 1945 -1 1945 2032 2033 -1 1945 2033 1946 -1 1946 2033 2034 -1 1946 2034 1947 -1 1947 2034 2035 -1 1947 2035 1948 -1 1948 2035 2036 -1 1948 2036 1949 -1 1949 2036 2037 -1 1949 2037 1950 -1 1950 2037 2038 -1 1950 2038 1951 -1 1951 2038 2039 -1 1951 2039 1952 -1 1952 2039 2040 -1 1952 2040 1953 -1 1953 2040 2041 -1 1953 2041 1954 -1 1954 2041 2042 -1 1954 2042 1955 -1 1955 2042 2043 -1 1955 2043 1956 -1 1956 2043 2044 -1 1956 2044 1957 -1 1957 2044 2045 -1 1957 2045 1958 -1 1958 2045 2046 -1 1958 2046 1959 -1 1959 2046 2047 -1 1959 2047 1960 -1 1960 2047 2048 -1 1960 2048 1961 -1 1961 2048 2049 -1 1961 2049 1962 -1 1962 2049 2050 -1 1962 2050 1963 -1 1963 2050 2051 -1 1963 2051 1964 -1 1964 2051 2052 -1 1964 2052 1965 -1 1965 2052 2053 -1 1965 2053 1966 -1 1966 2053 2054 -1 1966 2054 1967 -1 1967 2054 2055 -1 1967 2055 1968 -1 1968 2055 2056 -1 1968 2056 1969 -1 1969 2056 2057 -1 1969 2057 1970 -1 1970 2057 2058 -1 1970 2058 1971 -1 1971 2058 2059 -1 1971 2059 1972 -1 1972 2059 2060 -1 1972 2060 1973 -1 1973 2060 2061 -1 1973 2061 1974 -1 1974 2061 2062 -1 1974 2062 1975 -1 1975 2062 2063 -1 1975 2063 1976 -1 1976 2063 2064 -1 1976 2064 1977 -1 1977 2064 2065 -1 1977 2065 1978 -1 1978 2065 2066 -1 1978 2066 1979 -1 1979 2066 2067 -1 1979 2067 1980 -1 1980 2067 2068 -1 1980 2068 1981 -1 1981 2068 2069 -1 1981 2069 1982 -1 1982 2069 2070 -1 1982 2070 1983 -1 1983 2070 2071 -1 1983 2071 1984 -1 1984 2071 2072 -1 1984 2072 1985 -1 1985 2072 2073 -1 1985 2073 1986 -1 1986 2073 2074 -1 1986 2074 1987 -1 1987 2074 2075 -1 1987 2075 1988 -1 1988 2075 2076 -1 1988 2076 1989 -1 1989 2076 2077 -1 1989 2077 1990 -1 1990 2077 2078 -1 1990 2078 1991 -1 1991 2078 2079 -1 1991 2079 1992 -1 1992 2079 2080 -1 1992 2080 1993 -1 1993 2080 2081 -1 1993 2081 1994 -1 1994 2081 2082 -1 1994 2082 1995 -1 1995 2082 2083 -1 1995 2083 1996 -1 1996 2083 2084 -1 1996 2084 1997 -1 1997 2084 2085 -1 1997 2085 1998 -1 1998 2085 2086 -1 1998 2086 1999 -1 1999 2086 2087 -1 1999 2087 2000 -1 2000 2087 2088 -1 2000 2088 2001 -1 2001 2088 2089 -1 2001 2089 2002 -1 2002 2089 2090 -1 2002 2090 2003 -1 2003 2090 2091 -1 2003 2091 2004 -1 2004 2091 2092 -1 2004 2092 2005 -1 2005 2092 2093 -1 2005 2093 2006 -1 2006 2093 2094 -1 2006 2094 2007 -1 2007 2094 2095 -1 2007 2095 2008 -1 2008 2095 2096 -1 2008 2096 2009 -1 2009 2096 2097 -1 2009 2097 2010 -1 2010 2097 2098 -1 2010 2098 2011 -1 2011 2098 2099 -1 2011 2099 2012 -1 2012 2099 2100 -1 2012 2100 2013 -1 2013 2100 2101 -1 2013 2101 2014 -1 2014 2101 2102 -1 2014 2102 2015 -1 2015 2102 2103 -1 2015 2103 2016 -1 2016 2103 2104 -1 2016 2104 2017 -1 2017 2104 2105 -1 2017 2105 2018 -1 2018 2105 2106 -1 2018 2106 2019 -1 2019 2106 2107 -1 2019 2107 2020 -1 2020 2107 2108 -1 2020 2108 2021 -1 2021 2108 2109 -1 2021 2109 2022 -1 2022 2109 2110 -1 2022 2110 2023 -1 2023 2110 2111 -1 2023 2111 2024 -1 2024 2111 2112 -1 2024 2112 2025 -1 2025 2112 2113 -1 2025 2113 89 -1 2026 0 2114 -1 2026 2114 2027 -1 2027 2114 2115 -1 2027 2115 2028 -1 2028 2115 2116 -1 2028 2116 2029 -1 2029 2116 2117 -1 2029 2117 2030 -1 2030 2117 2118 -1 2030 2118 2031 -1 2031 2118 2119 -1 2031 2119 2032 -1 2032 2119 2120 -1 2032 2120 2033 -1 2033 2120 2121 -1 2033 2121 2034 -1 2034 2121 2122 -1 2034 2122 2035 -1 2035 2122 2123 -1 2035 2123 2036 -1 2036 2123 2124 -1 2036 2124 2037 -1 2037 2124 2125 -1 2037 2125 2038 -1 2038 2125 2126 -1 2038 2126 2039 -1 2039 2126 2127 -1 2039 2127 2040 -1 2040 2127 2128 -1 2040 2128 2041 -1 2041 2128 2129 -1 2041 2129 2042 -1 2042 2129 2130 -1 2042 2130 2043 -1 2043 2130 2131 -1 2043 2131 2044 -1 2044 2131 2132 -1 2044 2132 2045 -1 2045 2132 2133 -1 2045 2133 2046 -1 2046 2133 2134 -1 2046 2134 2047 -1 2047 2134 2135 -1 2047 2135 2048 -1 2048 2135 2136 -1 2048 2136 2049 -1 2049 2136 2137 -1 2049 2137 2050 -1 2050 2137 2138 -1 2050 2138 2051 -1 2051 2138 2139 -1 2051 2139 2052 -1 2052 2139 2140 -1 2052 2140 2053 -1 2053 2140 2141 -1 2053 2141 2054 -1 2054 2141 2142 -1 2054 2142 2055 -1 2055 2142 2143 -1 2055 2143 2056 -1 2056 2143 2144 -1 2056 2144 2057 -1 2057 2144 2145 -1 2057 2145 2058 -1 2058 2145 2146 -1 2058 2146 2059 -1 2059 2146 2147 -1 2059 2147 2060 -1 2060 2147 2148 -1 2060 2148 2061 -1 2061 2148 2149 -1 2061 2149 2062 -1 2062 2149 2150 -1 2062 2150 2063 -1 2063 2150 2151 -1 2063 2151 2064 -1 2064 2151 2152 -1 2064 2152 2065 -1 2065 2152 2153 -1 2065 2153 2066 -1 2066 2153 2154 -1 2066 2154 2067 -1 2067 2154 2155 -1 2067 2155 2068 -1 2068 2155 2156 -1 2068 2156 2069 -1 2069 2156 2157 -1 2069 2157 2070 -1 2070 2157 2158 -1 2070 2158 2071 -1 2071 2158 2159 -1 2071 2159 2072 -1 2072 2159 2160 -1 2072 2160 2073 -1 2073 2160 2161 -1 2073 2161 2074 -1 2074 2161 2162 -1 2074 2162 2075 -1 2075 2162 2163 -1 2075 2163 2076 -1 2076 2163 2164 -1 2076 2164 2077 -1 2077 2164 2165 -1 2077 2165 2078 -1 2078 2165 2166 -1 2078 2166 2079 -1 2079 2166 2167 -1 2079 2167 2080 -1 2080 2167 2168 -1 2080 2168 2081 -1 2081 2168 2169 -1 2081 2169 2082 -1 2082 2169 2170 -1 2082 2170 2083 -1 2083 2170 2171 -1 2083 2171 2084 -1 2084 2171 2172 -1 2084 2172 2085 -1 2085 2172 2173 -1 2085 2173 2086 -1 2086 2173 2174 -1 2086 2174 2087 -1 2087 2174 2175 -1 2087 2175 2088 -1 2088 2175 2176 -1 2088 2176 2089 -1 2089 2176 2177 -1 2089 2177 2090 -1 2090 2177 2178 -1 2090 2178 2091 -1 2091 2178 2179 -1 2091 2179 2092 -1 2092 2179 2180 -1 2092 2180 2093 -1 2093 2180 2181 -1 2093 2181 2094 -1 2094 2181 2182 -1 2094 2182 2095 -1 2095 2182 2183 -1 2095 2183 2096 -1 2096 2183 2184 -1 2096 2184 2097 -1 2097 2184 2185 -1 2097 2185 2098 -1 2098 2185 2186 -1 2098 2186 2099 -1 2099 2186 2187 -1 2099 2187 2100 -1 2100 2187 2188 -1 2100 2188 2101 -1 2101 2188 2189 -1 2101 2189 2102 -1 2102 2189 2190 -1 2102 2190 2103 -1 2103 2190 2191 -1 2103 2191 2104 -1 2104 2191 2192 -1 2104 2192 2105 -1 2105 2192 2193 -1 2105 2193 2106 -1 2106 2193 2194 -1 2106 2194 2107 -1 2107 2194 2195 -1 2107 2195 2108 -1 2108 2195 2196 -1 2108 2196 2109 -1 2109 2196 2197 -1 2109 2197 2110 -1 2110 2197 2198 -1 2110 2198 2111 -1 2111 2198 2199 -1 2111 2199 2112 -1 2112 2199 2200 -1 2112 2200 2113 -1 2113 2200 2201 -1 2113 2201 89 -1 2114 0 2202 -1 2114 2202 2115 -1 2115 2202 2203 -1 2115 2203 2116 -1 2116 2203 2204 -1 2116 2204 2117 -1 2117 2204 2205 -1 2117 2205 2118 -1 2118 2205 2206 -1 2118 2206 2119 -1 2119 2206 2207 -1 2119 2207 2120 -1 2120 2207 2208 -1 2120 2208 2121 -1 2121 2208 2209 -1 2121 2209 2122 -1 2122 2209 2210 -1 2122 2210 2123 -1 2123 2210 2211 -1 2123 2211 2124 -1 2124 2211 2212 -1 2124 2212 2125 -1 2125 2212 2213 -1 2125 2213 2126 -1 2126 2213 2214 -1 2126 2214 2127 -1 2127 2214 2215 -1 2127 2215 2128 -1 2128 2215 2216 -1 2128 2216 2129 -1 2129 2216 2217 -1 2129 2217 2130 -1 2130 2217 2218 -1 2130 2218 2131 -1 2131 2218 2219 -1 2131 2219 2132 -1 2132 2219 2220 -1 2132 2220 2133 -1 2133 2220 2221 -1 2133 2221 2134 -1 2134 2221 2222 -1 2134 2222 2135 -1 2135 2222 2223 -1 2135 2223 2136 -1 2136 2223 2224 -1 2136 2224 2137 -1 2137 2224 2225 -1 2137 2225 2138 -1 2138 2225 2226 -1 2138 2226 2139 -1 2139 2226 2227 -1 2139 2227 2140 -1 2140 2227 2228 -1 2140 2228 2141 -1 2141 2228 2229 -1 2141 2229 2142 -1 2142 2229 2230 -1 2142 2230 2143 -1 2143 2230 2231 -1 2143 2231 2144 -1 2144 2231 2232 -1 2144 2232 2145 -1 2145 2232 2233 -1 2145 2233 2146 -1 2146 2233 2234 -1 2146 2234 2147 -1 2147 2234 2235 -1 2147 2235 2148 -1 2148 2235 2236 -1 2148 2236 2149 -1 2149 2236 2237 -1 2149 2237 2150 -1 2150 2237 2238 -1 2150 2238 2151 -1 2151 2238 2239 -1 2151 2239 2152 -1 2152 2239 2240 -1 2152 2240 2153 -1 2153 2240 2241 -1 2153 2241 2154 -1 2154 2241 2242 -1 2154 2242 2155 -1 2155 2242 2243 -1 2155 2243 2156 -1 2156 2243 2244 -1 2156 2244 2157 -1 2157 2244 2245 -1 2157 2245 2158 -1 2158 2245 2246 -1 2158 2246 2159 -1 2159 2246 2247 -1 2159 2247 2160 -1 2160 2247 2248 -1 2160 2248 2161 -1 2161 2248 2249 -1 2161 2249 2162 -1 2162 2249 2250 -1 2162 2250 2163 -1 2163 2250 2251 -1 2163 2251 2164 -1 2164 2251 2252 -1 2164 2252 2165 -1 2165 2252 2253 -1 2165 2253 2166 -1 2166 2253 2254 -1 2166 2254 2167 -1 2167 2254 2255 -1 2167 2255 2168 -1 2168 2255 2256 -1 2168 2256 2169 -1 2169 2256 2257 -1 2169 2257 2170 -1 2170 2257 2258 -1 2170 2258 2171 -1 2171 2258 2259 -1 2171 2259 2172 -1 2172 2259 2260 -1 2172 2260 2173 -1 2173 2260 2261 -1 2173 2261 2174 -1 2174 2261 2262 -1 2174 2262 2175 -1 2175 2262 2263 -1 2175 2263 2176 -1 2176 2263 2264 -1 2176 2264 2177 -1 2177 2264 2265 -1 2177 2265 2178 -1 2178 2265 2266 -1 2178 2266 2179 -1 2179 2266 2267 -1 2179 2267 2180 -1 2180 2267 2268 -1 2180 2268 2181 -1 2181 2268 2269 -1 2181 2269 2182 -1 2182 2269 2270 -1 2182 2270 2183 -1 2183 2270 2271 -1 2183 2271 2184 -1 2184 2271 2272 -1 2184 2272 2185 -1 2185 2272 2273 -1 2185 2273 2186 -1 2186 2273 2274 -1 2186 2274 2187 -1 2187 2274 2275 -1 2187 2275 2188 -1 2188 2275 2276 -1 2188 2276 2189 -1 2189 2276 2277 -1 2189 2277 2190 -1 2190 2277 2278 -1 2190 2278 2191 -1 2191 2278 2279 -1 2191 2279 2192 -1 2192 2279 2280 -1 2192 2280 2193 -1 2193 2280 2281 -1 2193 2281 2194 -1 2194 2281 2282 -1 2194 2282 2195 -1 2195 2282 2283 -1 2195 2283 2196 -1 2196 2283 2284 -1 2196 2284 2197 -1 2197 2284 2285 -1 2197 2285 2198 -1 2198 2285 2286 -1 2198 2286 2199 -1 2199 2286 2287 -1 2199 2287 2200 -1 2200 2287 2288 -1 2200 2288 2201 -1 2201 2288 2289 -1 2201 2289 89 -1 2202 0 2290 -1 2202 2290 2203 -1 2203 2290 2291 -1 2203 2291 2204 -1 2204 2291 2292 -1 2204 2292 2205 -1 2205 2292 2293 -1 2205 2293 2206 -1 2206 2293 2294 -1 2206 2294 2207 -1 2207 2294 2295 -1 2207 2295 2208 -1 2208 2295 2296 -1 2208 2296 2209 -1 2209 2296 2297 -1 2209 2297 2210 -1 2210 2297 2298 -1 2210 2298 2211 -1 2211 2298 2299 -1 2211 2299 2212 -1 2212 2299 2300 -1 2212 2300 2213 -1 2213 2300 2301 -1 2213 2301 2214 -1 2214 2301 2302 -1 2214 2302 2215 -1 2215 2302 2303 -1 2215 2303 2216 -1 2216 2303 2304 -1 2216 2304 2217 -1 2217 2304 2305 -1 2217 2305 2218 -1 2218 2305 2306 -1 2218 2306 2219 -1 2219 2306 2307 -1 2219 2307 2220 -1 2220 2307 2308 -1 2220 2308 2221 -1 2221 2308 2309 -1 2221 2309 2222 -1 2222 2309 2310 -1 2222 2310 2223 -1 2223 2310 2311 -1 2223 2311 2224 -1 2224 2311 2312 -1 2224 2312 2225 -1 2225 2312 2313 -1 2225 2313 2226 -1 2226 2313 2314 -1 2226 2314 2227 -1 2227 2314 2315 -1 2227 2315 2228 -1 2228 2315 2316 -1 2228 2316 2229 -1 2229 2316 2317 -1 2229 2317 2230 -1 2230 2317 2318 -1 2230 2318 2231 -1 2231 2318 2319 -1 2231 2319 2232 -1 2232 2319 2320 -1 2232 2320 2233 -1 2233 2320 2321 -1 2233 2321 2234 -1 2234 2321 2322 -1 2234 2322 2235 -1 2235 2322 2323 -1 2235 2323 2236 -1 2236 2323 2324 -1 2236 2324 2237 -1 2237 2324 2325 -1 2237 2325 2238 -1 2238 2325 2326 -1 2238 2326 2239 -1 2239 2326 2327 -1 2239 2327 2240 -1 2240 2327 2328 -1 2240 2328 2241 -1 2241 2328 2329 -1 2241 2329 2242 -1 2242 2329 2330 -1 2242 2330 2243 -1 2243 2330 2331 -1 2243 2331 2244 -1 2244 2331 2332 -1 2244 2332 2245 -1 2245 2332 2333 -1 2245 2333 2246 -1 2246 2333 2334 -1 2246 2334 2247 -1 2247 2334 2335 -1 2247 2335 2248 -1 2248 2335 2336 -1 2248 2336 2249 -1 2249 2336 2337 -1 2249 2337 2250 -1 2250 2337 2338 -1 2250 2338 2251 -1 2251 2338 2339 -1 2251 2339 2252 -1 2252 2339 2340 -1 2252 2340 2253 -1 2253 2340 2341 -1 2253 2341 2254 -1 2254 2341 2342 -1 2254 2342 2255 -1 2255 2342 2343 -1 2255 2343 2256 -1 2256 2343 2344 -1 2256 2344 2257 -1 2257 2344 2345 -1 2257 2345 2258 -1 2258 2345 2346 -1 2258 2346 2259 -1 2259 2346 2347 -1 2259 2347 2260 -1 2260 2347 2348 -1 2260 2348 2261 -1 2261 2348 2349 -1 2261 2349 2262 -1 2262 2349 2350 -1 2262 2350 2263 -1 2263 2350 2351 -1 2263 2351 2264 -1 2264 2351 2352 -1 2264 2352 2265 -1 2265 2352 2353 -1 2265 2353 2266 -1 2266 2353 2354 -1 2266 2354 2267 -1 2267 2354 2355 -1 2267 2355 2268 -1 2268 2355 2356 -1 2268 2356 2269 -1 2269 2356 2357 -1 2269 2357 2270 -1 2270 2357 2358 -1 2270 2358 2271 -1 2271 2358 2359 -1 2271 2359 2272 -1 2272 2359 2360 -1 2272 2360 2273 -1 2273 2360 2361 -1 2273 2361 2274 -1 2274 2361 2362 -1 2274 2362 2275 -1 2275 2362 2363 -1 2275 2363 2276 -1 2276 2363 2364 -1 2276 2364 2277 -1 2277 2364 2365 -1 2277 2365 2278 -1 2278 2365 2366 -1 2278 2366 2279 -1 2279 2366 2367 -1 2279 2367 2280 -1 2280 2367 2368 -1 2280 2368 2281 -1 2281 2368 2369 -1 2281 2369 2282 -1 2282 2369 2370 -1 2282 2370 2283 -1 2283 2370 2371 -1 2283 2371 2284 -1 2284 2371 2372 -1 2284 2372 2285 -1 2285 2372 2373 -1 2285 2373 2286 -1 2286 2373 2374 -1 2286 2374 2287 -1 2287 2374 2375 -1 2287 2375 2288 -1 2288 2375 2376 -1 2288 2376 2289 -1 2289 2376 2377 -1 2289 2377 89 -1 2290 0 2378 -1 2290 2378 2291 -1 2291 2378 2379 -1 2291 2379 2292 -1 2292 2379 2380 -1 2292 2380 2293 -1 2293 2380 2381 -1 2293 2381 2294 -1 2294 2381 2382 -1 2294 2382 2295 -1 2295 2382 2383 -1 2295 2383 2296 -1 2296 2383 2384 -1 2296 2384 2297 -1 2297 2384 2385 -1 2297 2385 2298 -1 2298 2385 2386 -1 2298 2386 2299 -1 2299 2386 2387 -1 2299 2387 2300 -1 2300 2387 2388 -1 2300 2388 2301 -1 2301 2388 2389 -1 2301 2389 2302 -1 2302 2389 2390 -1 2302 2390 2303 -1 2303 2390 2391 -1 2303 2391 2304 -1 2304 2391 2392 -1 2304 2392 2305 -1 2305 2392 2393 -1 2305 2393 2306 -1 2306 2393 2394 -1 2306 2394 2307 -1 2307 2394 2395 -1 2307 2395 2308 -1 2308 2395 2396 -1 2308 2396 2309 -1 2309 2396 2397 -1 2309 2397 2310 -1 2310 2397 2398 -1 2310 2398 2311 -1 2311 2398 2399 -1 2311 2399 2312 -1 2312 2399 2400 -1 2312 2400 2313 -1 2313 2400 2401 -1 2313 2401 2314 -1 2314 2401 2402 -1 2314 2402 2315 -1 2315 2402 2403 -1 2315 2403 2316 -1 2316 2403 2404 -1 2316 2404 2317 -1 2317 2404 2405 -1 2317 2405 2318 -1 2318 2405 2406 -1 2318 2406 2319 -1 2319 2406 2407 -1 2319 2407 2320 -1 2320 2407 2408 -1 2320 2408 2321 -1 2321 2408 2409 -1 2321 2409 2322 -1 2322 2409 2410 -1 2322 2410 2323 -1 2323 2410 2411 -1 2323 2411 2324 -1 2324 2411 2412 -1 2324 2412 2325 -1 2325 2412 2413 -1 2325 2413 2326 -1 2326 2413 2414 -1 2326 2414 2327 -1 2327 2414 2415 -1 2327 2415 2328 -1 2328 2415 2416 -1 2328 2416 2329 -1 2329 2416 2417 -1 2329 2417 2330 -1 2330 2417 2418 -1 2330 2418 2331 -1 2331 2418 2419 -1 2331 2419 2332 -1 2332 2419 2420 -1 2332 2420 2333 -1 2333 2420 2421 -1 2333 2421 2334 -1 2334 2421 2422 -1 2334 2422 2335 -1 2335 2422 2423 -1 2335 2423 2336 -1 2336 2423 2424 -1 2336 2424 2337 -1 2337 2424 2425 -1 2337 2425 2338 -1 2338 2425 2426 -1 2338 2426 2339 -1 2339 2426 2427 -1 2339 2427 2340 -1 2340 2427 2428 -1 2340 2428 2341 -1 2341 2428 2429 -1 2341 2429 2342 -1 2342 2429 2430 -1 2342 2430 2343 -1 2343 2430 2431 -1 2343 2431 2344 -1 2344 2431 2432 -1 2344 2432 2345 -1 2345 2432 2433 -1 2345 2433 2346 -1 2346 2433 2434 -1 2346 2434 2347 -1 2347 2434 2435 -1 2347 2435 2348 -1 2348 2435 2436 -1 2348 2436 2349 -1 2349 2436 2437 -1 2349 2437 2350 -1 2350 2437 2438 -1 2350 2438 2351 -1 2351 2438 2439 -1 2351 2439 2352 -1 2352 2439 2440 -1 2352 2440 2353 -1 2353 2440 2441 -1 2353 2441 2354 -1 2354 2441 2442 -1 2354 2442 2355 -1 2355 2442 2443 -1 2355 2443 2356 -1 2356 2443 2444 -1 2356 2444 2357 -1 2357 2444 2445 -1 2357 2445 2358 -1 2358 2445 2446 -1 2358 2446 2359 -1 2359 2446 2447 -1 2359 2447 2360 -1 2360 2447 2448 -1 2360 2448 2361 -1 2361 2448 2449 -1 2361 2449 2362 -1 2362 2449 2450 -1 2362 2450 2363 -1 2363 2450 2451 -1 2363 2451 2364 -1 2364 2451 2452 -1 2364 2452 2365 -1 2365 2452 2453 -1 2365 2453 2366 -1 2366 2453 2454 -1 2366 2454 2367 -1 2367 2454 2455 -1 2367 2455 2368 -1 2368 2455 2456 -1 2368 2456 2369 -1 2369 2456 2457 -1 2369 2457 2370 -1 2370 2457 2458 -1 2370 2458 2371 -1 2371 2458 2459 -1 2371 2459 2372 -1 2372 2459 2460 -1 2372 2460 2373 -1 2373 2460 2461 -1 2373 2461 2374 -1 2374 2461 2462 -1 2374 2462 2375 -1 2375 2462 2463 -1 2375 2463 2376 -1 2376 2463 2464 -1 2376 2464 2377 -1 2377 2464 2465 -1 2377 2465 89 -1 2378 0 2466 -1 2378 2466 2379 -1 2379 2466 2467 -1 2379 2467 2380 -1 2380 2467 2468 -1 2380 2468 2381 -1 2381 2468 2469 -1 2381 2469 2382 -1 2382 2469 2470 -1 2382 2470 2383 -1 2383 2470 2471 -1 2383 2471 2384 -1 2384 2471 2472 -1 2384 2472 2385 -1 2385 2472 2473 -1 2385 2473 2386 -1 2386 2473 2474 -1 2386 2474 2387 -1 2387 2474 2475 -1 2387 2475 2388 -1 2388 2475 2476 -1 2388 2476 2389 -1 2389 2476 2477 -1 2389 2477 2390 -1 2390 2477 2478 -1 2390 2478 2391 -1 2391 2478 2479 -1 2391 2479 2392 -1 2392 2479 2480 -1 2392 2480 2393 -1 2393 2480 2481 -1 2393 2481 2394 -1 2394 2481 2482 -1 2394 2482 2395 -1 2395 2482 2483 -1 2395 2483 2396 -1 2396 2483 2484 -1 2396 2484 2397 -1 2397 2484 2485 -1 2397 2485 2398 -1 2398 2485 2486 -1 2398 2486 2399 -1 2399 2486 2487 -1 2399 2487 2400 -1 2400 2487 2488 -1 2400 2488 2401 -1 2401 2488 2489 -1 2401 2489 2402 -1 2402 2489 2490 -1 2402 2490 2403 -1 2403 2490 2491 -1 2403 2491 2404 -1 2404 2491 2492 -1 2404 2492 2405 -1 2405 2492 2493 -1 2405 2493 2406 -1 2406 2493 2494 -1 2406 2494 2407 -1 2407 2494 2495 -1 2407 2495 2408 -1 2408 2495 2496 -1 2408 2496 2409 -1 2409 2496 2497 -1 2409 2497 2410 -1 2410 2497 2498 -1 2410 2498 2411 -1 2411 2498 2499 -1 2411 2499 2412 -1 2412 2499 2500 -1 2412 2500 2413 -1 2413 2500 2501 -1 2413 2501 2414 -1 2414 2501 2502 -1 2414 2502 2415 -1 2415 2502 2503 -1 2415 2503 2416 -1 2416 2503 2504 -1 2416 2504 2417 -1 2417 2504 2505 -1 2417 2505 2418 -1 2418 2505 2506 -1 2418 2506 2419 -1 2419 2506 2507 -1 2419 2507 2420 -1 2420 2507 2508 -1 2420 2508 2421 -1 2421 2508 2509 -1 2421 2509 2422 -1 2422 2509 2510 -1 2422 2510 2423 -1 2423 2510 2511 -1 2423 2511 2424 -1 2424 2511 2512 -1 2424 2512 2425 -1 2425 2512 2513 -1 2425 2513 2426 -1 2426 2513 2514 -1 2426 2514 2427 -1 2427 2514 2515 -1 2427 2515 2428 -1 2428 2515 2516 -1 2428 2516 2429 -1 2429 2516 2517 -1 2429 2517 2430 -1 2430 2517 2518 -1 2430 2518 2431 -1 2431 2518 2519 -1 2431 2519 2432 -1 2432 2519 2520 -1 2432 2520 2433 -1 2433 2520 2521 -1 2433 2521 2434 -1 2434 2521 2522 -1 2434 2522 2435 -1 2435 2522 2523 -1 2435 2523 2436 -1 2436 2523 2524 -1 2436 2524 2437 -1 2437 2524 2525 -1 2437 2525 2438 -1 2438 2525 2526 -1 2438 2526 2439 -1 2439 2526 2527 -1 2439 2527 2440 -1 2440 2527 2528 -1 2440 2528 2441 -1 2441 2528 2529 -1 2441 2529 2442 -1 2442 2529 2530 -1 2442 2530 2443 -1 2443 2530 2531 -1 2443 2531 2444 -1 2444 2531 2532 -1 2444 2532 2445 -1 2445 2532 2533 -1 2445 2533 2446 -1 2446 2533 2534 -1 2446 2534 2447 -1 2447 2534 2535 -1 2447 2535 2448 -1 2448 2535 2536 -1 2448 2536 2449 -1 2449 2536 2537 -1 2449 2537 2450 -1 2450 2537 2538 -1 2450 2538 2451 -1 2451 2538 2539 -1 2451 2539 2452 -1 2452 2539 2540 -1 2452 2540 2453 -1 2453 2540 2541 -1 2453 2541 2454 -1 2454 2541 2542 -1 2454 2542 2455 -1 2455 2542 2543 -1 2455 2543 2456 -1 2456 2543 2544 -1 2456 2544 2457 -1 2457 2544 2545 -1 2457 2545 2458 -1 2458 2545 2546 -1 2458 2546 2459 -1 2459 2546 2547 -1 2459 2547 2460 -1 2460 2547 2548 -1 2460 2548 2461 -1 2461 2548 2549 -1 2461 2549 2462 -1 2462 2549 2550 -1 2462 2550 2463 -1 2463 2550 2551 -1 2463 2551 2464 -1 2464 2551 2552 -1 2464 2552 2465 -1 2465 2552 2553 -1 2465 2553 89 -1 2466 0 2554 -1 2466 2554 2467 -1 2467 2554 2555 -1 2467 2555 2468 -1 2468 2555 2556 -1 2468 2556 2469 -1 2469 2556 2557 -1 2469 2557 2470 -1 2470 2557 2558 -1 2470 2558 2471 -1 2471 2558 2559 -1 2471 2559 2472 -1 2472 2559 2560 -1 2472 2560 2473 -1 2473 2560 2561 -1 2473 2561 2474 -1 2474 2561 2562 -1 2474 2562 2475 -1 2475 2562 2563 -1 2475 2563 2476 -1 2476 2563 2564 -1 2476 2564 2477 -1 2477 2564 2565 -1 2477 2565 2478 -1 2478 2565 2566 -1 2478 2566 2479 -1 2479 2566 2567 -1 2479 2567 2480 -1 2480 2567 2568 -1 2480 2568 2481 -1 2481 2568 2569 -1 2481 2569 2482 -1 2482 2569 2570 -1 2482 2570 2483 -1 2483 2570 2571 -1 2483 2571 2484 -1 2484 2571 2572 -1 2484 2572 2485 -1 2485 2572 2573 -1 2485 2573 2486 -1 2486 2573 2574 -1 2486 2574 2487 -1 2487 2574 2575 -1 2487 2575 2488 -1 2488 2575 2576 -1 2488 2576 2489 -1 2489 2576 2577 -1 2489 2577 2490 -1 2490 2577 2578 -1 2490 2578 2491 -1 2491 2578 2579 -1 2491 2579 2492 -1 2492 2579 2580 -1 2492 2580 2493 -1 2493 2580 2581 -1 2493 2581 2494 -1 2494 2581 2582 -1 2494 2582 2495 -1 2495 2582 2583 -1 2495 2583 2496 -1 2496 2583 2584 -1 2496 2584 2497 -1 2497 2584 2585 -1 2497 2585 2498 -1 2498 2585 2586 -1 2498 2586 2499 -1 2499 2586 2587 -1 2499 2587 2500 -1 2500 2587 2588 -1 2500 2588 2501 -1 2501 2588 2589 -1 2501 2589 2502 -1 2502 2589 2590 -1 2502 2590 2503 -1 2503 2590 2591 -1 2503 2591 2504 -1 2504 2591 2592 -1 2504 2592 2505 -1 2505 2592 2593 -1 2505 2593 2506 -1 2506 2593 2594 -1 2506 2594 2507 -1 2507 2594 2595 -1 2507 2595 2508 -1 2508 2595 2596 -1 2508 2596 2509 -1 2509 2596 2597 -1 2509 2597 2510 -1 2510 2597 2598 -1 2510 2598 2511 -1 2511 2598 2599 -1 2511 2599 2512 -1 2512 2599 2600 -1 2512 2600 2513 -1 2513 2600 2601 -1 2513 2601 2514 -1 2514 2601 2602 -1 2514 2602 2515 -1 2515 2602 2603 -1 2515 2603 2516 -1 2516 2603 2604 -1 2516 2604 2517 -1 2517 2604 2605 -1 2517 2605 2518 -1 2518 2605 2606 -1 2518 2606 2519 -1 2519 2606 2607 -1 2519 2607 2520 -1 2520 2607 2608 -1 2520 2608 2521 -1 2521 2608 2609 -1 2521 2609 2522 -1 2522 2609 2610 -1 2522 2610 2523 -1 2523 2610 2611 -1 2523 2611 2524 -1 2524 2611 2612 -1 2524 2612 2525 -1 2525 2612 2613 -1 2525 2613 2526 -1 2526 2613 2614 -1 2526 2614 2527 -1 2527 2614 2615 -1 2527 2615 2528 -1 2528 2615 2616 -1 2528 2616 2529 -1 2529 2616 2617 -1 2529 2617 2530 -1 2530 2617 2618 -1 2530 2618 2531 -1 2531 2618 2619 -1 2531 2619 2532 -1 2532 2619 2620 -1 2532 2620 2533 -1 2533 2620 2621 -1 2533 2621 2534 -1 2534 2621 2622 -1 2534 2622 2535 -1 2535 2622 2623 -1 2535 2623 2536 -1 2536 2623 2624 -1 2536 2624 2537 -1 2537 2624 2625 -1 2537 2625 2538 -1 2538 2625 2626 -1 2538 2626 2539 -1 2539 2626 2627 -1 2539 2627 2540 -1 2540 2627 2628 -1 2540 2628 2541 -1 2541 2628 2629 -1 2541 2629 2542 -1 2542 2629 2630 -1 2542 2630 2543 -1 2543 2630 2631 -1 2543 2631 2544 -1 2544 2631 2632 -1 2544 2632 2545 -1 2545 2632 2633 -1 2545 2633 2546 -1 2546 2633 2634 -1 2546 2634 2547 -1 2547 2634 2635 -1 2547 2635 2548 -1 2548 2635 2636 -1 2548 2636 2549 -1 2549 2636 2637 -1 2549 2637 2550 -1 2550 2637 2638 -1 2550 2638 2551 -1 2551 2638 2639 -1 2551 2639 2552 -1 2552 2639 2640 -1 2552 2640 2553 -1 2553 2640 2641 -1 2553 2641 89 -1 2554 0 2642 -1 2554 2642 2555 -1 2555 2642 2643 -1 2555 2643 2556 -1 2556 2643 2644 -1 2556 2644 2557 -1 2557 2644 2645 -1 2557 2645 2558 -1 2558 2645 2646 -1 2558 2646 2559 -1 2559 2646 2647 -1 2559 2647 2560 -1 2560 2647 2648 -1 2560 2648 2561 -1 2561 2648 2649 -1 2561 2649 2562 -1 2562 2649 2650 -1 2562 2650 2563 -1 2563 2650 2651 -1 2563 2651 2564 -1 2564 2651 2652 -1 2564 2652 2565 -1 2565 2652 2653 -1 2565 2653 2566 -1 2566 2653 2654 -1 2566 2654 2567 -1 2567 2654 2655 -1 2567 2655 2568 -1 2568 2655 2656 -1 2568 2656 2569 -1 2569 2656 2657 -1 2569 2657 2570 -1 2570 2657 2658 -1 2570 2658 2571 -1 2571 2658 2659 -1 2571 2659 2572 -1 2572 2659 2660 -1 2572 2660 2573 -1 2573 2660 2661 -1 2573 2661 2574 -1 2574 2661 2662 -1 2574 2662 2575 -1 2575 2662 2663 -1 2575 2663 2576 -1 2576 2663 2664 -1 2576 2664 2577 -1 2577 2664 2665 -1 2577 2665 2578 -1 2578 2665 2666 -1 2578 2666 2579 -1 2579 2666 2667 -1 2579 2667 2580 -1 2580 2667 2668 -1 2580 2668 2581 -1 2581 2668 2669 -1 2581 2669 2582 -1 2582 2669 2670 -1 2582 2670 2583 -1 2583 2670 2671 -1 2583 2671 2584 -1 2584 2671 2672 -1 2584 2672 2585 -1 2585 2672 2673 -1 2585 2673 2586 -1 2586 2673 2674 -1 2586 2674 2587 -1 2587 2674 2675 -1 2587 2675 2588 -1 2588 2675 2676 -1 2588 2676 2589 -1 2589 2676 2677 -1 2589 2677 2590 -1 2590 2677 2678 -1 2590 2678 2591 -1 2591 2678 2679 -1 2591 2679 2592 -1 2592 2679 2680 -1 2592 2680 2593 -1 2593 2680 2681 -1 2593 2681 2594 -1 2594 2681 2682 -1 2594 2682 2595 -1 2595 2682 2683 -1 2595 2683 2596 -1 2596 2683 2684 -1 2596 2684 2597 -1 2597 2684 2685 -1 2597 2685 2598 -1 2598 2685 2686 -1 2598 2686 2599 -1 2599 2686 2687 -1 2599 2687 2600 -1 2600 2687 2688 -1 2600 2688 2601 -1 2601 2688 2689 -1 2601 2689 2602 -1 2602 2689 2690 -1 2602 2690 2603 -1 2603 2690 2691 -1 2603 2691 2604 -1 2604 2691 2692 -1 2604 2692 2605 -1 2605 2692 2693 -1 2605 2693 2606 -1 2606 2693 2694 -1 2606 2694 2607 -1 2607 2694 2695 -1 2607 2695 2608 -1 2608 2695 2696 -1 2608 2696 2609 -1 2609 2696 2697 -1 2609 2697 2610 -1 2610 2697 2698 -1 2610 2698 2611 -1 2611 2698 2699 -1 2611 2699 2612 -1 2612 2699 2700 -1 2612 2700 2613 -1 2613 2700 2701 -1 2613 2701 2614 -1 2614 2701 2702 -1 2614 2702 2615 -1 2615 2702 2703 -1 2615 2703 2616 -1 2616 2703 2704 -1 2616 2704 2617 -1 2617 2704 2705 -1 2617 2705 2618 -1 2618 2705 2706 -1 2618 2706 2619 -1 2619 2706 2707 -1 2619 2707 2620 -1 2620 2707 2708 -1 2620 2708 2621 -1 2621 2708 2709 -1 2621 2709 2622 -1 2622 2709 2710 -1 2622 2710 2623 -1 2623 2710 2711 -1 2623 2711 2624 -1 2624 2711 2712 -1 2624 2712 2625 -1 2625 2712 2713 -1 2625 2713 2626 -1 2626 2713 2714 -1 2626 2714 2627 -1 2627 2714 2715 -1 2627 2715 2628 -1 2628 2715 2716 -1 2628 2716 2629 -1 2629 2716 2717 -1 2629 2717 2630 -1 2630 2717 2718 -1 2630 2718 2631 -1 2631 2718 2719 -1 2631 2719 2632 -1 2632 2719 2720 -1 2632 2720 2633 -1 2633 2720 2721 -1 2633 2721 2634 -1 2634 2721 2722 -1 2634 2722 2635 -1 2635 2722 2723 -1 2635 2723 2636 -1 2636 2723 2724 -1 2636 2724 2637 -1 2637 2724 2725 -1 2637 2725 2638 -1 2638 2725 2726 -1 2638 2726 2639 -1 2639 2726 2727 -1 2639 2727 2640 -1 2640 2727 2728 -1 2640 2728 2641 -1 2641 2728 2729 -1 2641 2729 89 -1 2642 0 2730 -1 2642 2730 2643 -1 2643 2730 2731 -1 2643 2731 2644 -1 2644 2731 2732 -1 2644 2732 2645 -1 2645 2732 2733 -1 2645 2733 2646 -1 2646 2733 2734 -1 2646 2734 2647 -1 2647 2734 2735 -1 2647 2735 2648 -1 2648 2735 2736 -1 2648 2736 2649 -1 2649 2736 2737 -1 2649 2737 2650 -1 2650 2737 2738 -1 2650 2738 2651 -1 2651 2738 2739 -1 2651 2739 2652 -1 2652 2739 2740 -1 2652 2740 2653 -1 2653 2740 2741 -1 2653 2741 2654 -1 2654 2741 2742 -1 2654 2742 2655 -1 2655 2742 2743 -1 2655 2743 2656 -1 2656 2743 2744 -1 2656 2744 2657 -1 2657 2744 2745 -1 2657 2745 2658 -1 2658 2745 2746 -1 2658 2746 2659 -1 2659 2746 2747 -1 2659 2747 2660 -1 2660 2747 2748 -1 2660 2748 2661 -1 2661 2748 2749 -1 2661 2749 2662 -1 2662 2749 2750 -1 2662 2750 2663 -1 2663 2750 2751 -1 2663 2751 2664 -1 2664 2751 2752 -1 2664 2752 2665 -1 2665 2752 2753 -1 2665 2753 2666 -1 2666 2753 2754 -1 2666 2754 2667 -1 2667 2754 2755 -1 2667 2755 2668 -1 2668 2755 2756 -1 2668 2756 2669 -1 2669 2756 2757 -1 2669 2757 2670 -1 2670 2757 2758 -1 2670 2758 2671 -1 2671 2758 2759 -1 2671 2759 2672 -1 2672 2759 2760 -1 2672 2760 2673 -1 2673 2760 2761 -1 2673 2761 2674 -1 2674 2761 2762 -1 2674 2762 2675 -1 2675 2762 2763 -1 2675 2763 2676 -1 2676 2763 2764 -1 2676 2764 2677 -1 2677 2764 2765 -1 2677 2765 2678 -1 2678 2765 2766 -1 2678 2766 2679 -1 2679 2766 2767 -1 2679 2767 2680 -1 2680 2767 2768 -1 2680 2768 2681 -1 2681 2768 2769 -1 2681 2769 2682 -1 2682 2769 2770 -1 2682 2770 2683 -1 2683 2770 2771 -1 2683 2771 2684 -1 2684 2771 2772 -1 2684 2772 2685 -1 2685 2772 2773 -1 2685 2773 2686 -1 2686 2773 2774 -1 2686 2774 2687 -1 2687 2774 2775 -1 2687 2775 2688 -1 2688 2775 2776 -1 2688 2776 2689 -1 2689 2776 2777 -1 2689 2777 2690 -1 2690 2777 2778 -1 2690 2778 2691 -1 2691 2778 2779 -1 2691 2779 2692 -1 2692 2779 2780 -1 2692 2780 2693 -1 2693 2780 2781 -1 2693 2781 2694 -1 2694 2781 2782 -1 2694 2782 2695 -1 2695 2782 2783 -1 2695 2783 2696 -1 2696 2783 2784 -1 2696 2784 2697 -1 2697 2784 2785 -1 2697 2785 2698 -1 2698 2785 2786 -1 2698 2786 2699 -1 2699 2786 2787 -1 2699 2787 2700 -1 2700 2787 2788 -1 2700 2788 2701 -1 2701 2788 2789 -1 2701 2789 2702 -1 2702 2789 2790 -1 2702 2790 2703 -1 2703 2790 2791 -1 2703 2791 2704 -1 2704 2791 2792 -1 2704 2792 2705 -1 2705 2792 2793 -1 2705 2793 2706 -1 2706 2793 2794 -1 2706 2794 2707 -1 2707 2794 2795 -1 2707 2795 2708 -1 2708 2795 2796 -1 2708 2796 2709 -1 2709 2796 2797 -1 2709 2797 2710 -1 2710 2797 2798 -1 2710 2798 2711 -1 2711 2798 2799 -1 2711 2799 2712 -1 2712 2799 2800 -1 2712 2800 2713 -1 2713 2800 2801 -1 2713 2801 2714 -1 2714 2801 2802 -1 2714 2802 2715 -1 2715 2802 2803 -1 2715 2803 2716 -1 2716 2803 2804 -1 2716 2804 2717 -1 2717 2804 2805 -1 2717 2805 2718 -1 2718 2805 2806 -1 2718 2806 2719 -1 2719 2806 2807 -1 2719 2807 2720 -1 2720 2807 2808 -1 2720 2808 2721 -1 2721 2808 2809 -1 2721 2809 2722 -1 2722 2809 2810 -1 2722 2810 2723 -1 2723 2810 2811 -1 2723 2811 2724 -1 2724 2811 2812 -1 2724 2812 2725 -1 2725 2812 2813 -1 2725 2813 2726 -1 2726 2813 2814 -1 2726 2814 2727 -1 2727 2814 2815 -1 2727 2815 2728 -1 2728 2815 2816 -1 2728 2816 2729 -1 2729 2816 2817 -1 2729 2817 89 -1 2730 0 2818 -1 2730 2818 2731 -1 2731 2818 2819 -1 2731 2819 2732 -1 2732 2819 2820 -1 2732 2820 2733 -1 2733 2820 2821 -1 2733 2821 2734 -1 2734 2821 2822 -1 2734 2822 2735 -1 2735 2822 2823 -1 2735 2823 2736 -1 2736 2823 2824 -1 2736 2824 2737 -1 2737 2824 2825 -1 2737 2825 2738 -1 2738 2825 2826 -1 2738 2826 2739 -1 2739 2826 2827 -1 2739 2827 2740 -1 2740 2827 2828 -1 2740 2828 2741 -1 2741 2828 2829 -1 2741 2829 2742 -1 2742 2829 2830 -1 2742 2830 2743 -1 2743 2830 2831 -1 2743 2831 2744 -1 2744 2831 2832 -1 2744 2832 2745 -1 2745 2832 2833 -1 2745 2833 2746 -1 2746 2833 2834 -1 2746 2834 2747 -1 2747 2834 2835 -1 2747 2835 2748 -1 2748 2835 2836 -1 2748 2836 2749 -1 2749 2836 2837 -1 2749 2837 2750 -1 2750 2837 2838 -1 2750 2838 2751 -1 2751 2838 2839 -1 2751 2839 2752 -1 2752 2839 2840 -1 2752 2840 2753 -1 2753 2840 2841 -1 2753 2841 2754 -1 2754 2841 2842 -1 2754 2842 2755 -1 2755 2842 2843 -1 2755 2843 2756 -1 2756 2843 2844 -1 2756 2844 2757 -1 2757 2844 2845 -1 2757 2845 2758 -1 2758 2845 2846 -1 2758 2846 2759 -1 2759 2846 2847 -1 2759 2847 2760 -1 2760 2847 2848 -1 2760 2848 2761 -1 2761 2848 2849 -1 2761 2849 2762 -1 2762 2849 2850 -1 2762 2850 2763 -1 2763 2850 2851 -1 2763 2851 2764 -1 2764 2851 2852 -1 2764 2852 2765 -1 2765 2852 2853 -1 2765 2853 2766 -1 2766 2853 2854 -1 2766 2854 2767 -1 2767 2854 2855 -1 2767 2855 2768 -1 2768 2855 2856 -1 2768 2856 2769 -1 2769 2856 2857 -1 2769 2857 2770 -1 2770 2857 2858 -1 2770 2858 2771 -1 2771 2858 2859 -1 2771 2859 2772 -1 2772 2859 2860 -1 2772 2860 2773 -1 2773 2860 2861 -1 2773 2861 2774 -1 2774 2861 2862 -1 2774 2862 2775 -1 2775 2862 2863 -1 2775 2863 2776 -1 2776 2863 2864 -1 2776 2864 2777 -1 2777 2864 2865 -1 2777 2865 2778 -1 2778 2865 2866 -1 2778 2866 2779 -1 2779 2866 2867 -1 2779 2867 2780 -1 2780 2867 2868 -1 2780 2868 2781 -1 2781 2868 2869 -1 2781 2869 2782 -1 2782 2869 2870 -1 2782 2870 2783 -1 2783 2870 2871 -1 2783 2871 2784 -1 2784 2871 2872 -1 2784 2872 2785 -1 2785 2872 2873 -1 2785 2873 2786 -1 2786 2873 2874 -1 2786 2874 2787 -1 2787 2874 2875 -1 2787 2875 2788 -1 2788 2875 2876 -1 2788 2876 2789 -1 2789 2876 2877 -1 2789 2877 2790 -1 2790 2877 2878 -1 2790 2878 2791 -1 2791 2878 2879 -1 2791 2879 2792 -1 2792 2879 2880 -1 2792 2880 2793 -1 2793 2880 2881 -1 2793 2881 2794 -1 2794 2881 2882 -1 2794 2882 2795 -1 2795 2882 2883 -1 2795 2883 2796 -1 2796 2883 2884 -1 2796 2884 2797 -1 2797 2884 2885 -1 2797 2885 2798 -1 2798 2885 2886 -1 2798 2886 2799 -1 2799 2886 2887 -1 2799 2887 2800 -1 2800 2887 2888 -1 2800 2888 2801 -1 2801 2888 2889 -1 2801 2889 2802 -1 2802 2889 2890 -1 2802 2890 2803 -1 2803 2890 2891 -1 2803 2891 2804 -1 2804 2891 2892 -1 2804 2892 2805 -1 2805 2892 2893 -1 2805 2893 2806 -1 2806 2893 2894 -1 2806 2894 2807 -1 2807 2894 2895 -1 2807 2895 2808 -1 2808 2895 2896 -1 2808 2896 2809 -1 2809 2896 2897 -1 2809 2897 2810 -1 2810 2897 2898 -1 2810 2898 2811 -1 2811 2898 2899 -1 2811 2899 2812 -1 2812 2899 2900 -1 2812 2900 2813 -1 2813 2900 2901 -1 2813 2901 2814 -1 2814 2901 2902 -1 2814 2902 2815 -1 2815 2902 2903 -1 2815 2903 2816 -1 2816 2903 2904 -1 2816 2904 2817 -1 2817 2904 2905 -1 2817 2905 89 -1 2818 0 2906 -1 2818 2906 2819 -1 2819 2906 2907 -1 2819 2907 2820 -1 2820 2907 2908 -1 2820 2908 2821 -1 2821 2908 2909 -1 2821 2909 2822 -1 2822 2909 2910 -1 2822 2910 2823 -1 2823 2910 2911 -1 2823 2911 2824 -1 2824 2911 2912 -1 2824 2912 2825 -1 2825 2912 2913 -1 2825 2913 2826 -1 2826 2913 2914 -1 2826 2914 2827 -1 2827 2914 2915 -1 2827 2915 2828 -1 2828 2915 2916 -1 2828 2916 2829 -1 2829 2916 2917 -1 2829 2917 2830 -1 2830 2917 2918 -1 2830 2918 2831 -1 2831 2918 2919 -1 2831 2919 2832 -1 2832 2919 2920 -1 2832 2920 2833 -1 2833 2920 2921 -1 2833 2921 2834 -1 2834 2921 2922 -1 2834 2922 2835 -1 2835 2922 2923 -1 2835 2923 2836 -1 2836 2923 2924 -1 2836 2924 2837 -1 2837 2924 2925 -1 2837 2925 2838 -1 2838 2925 2926 -1 2838 2926 2839 -1 2839 2926 2927 -1 2839 2927 2840 -1 2840 2927 2928 -1 2840 2928 2841 -1 2841 2928 2929 -1 2841 2929 2842 -1 2842 2929 2930 -1 2842 2930 2843 -1 2843 2930 2931 -1 2843 2931 2844 -1 2844 2931 2932 -1 2844 2932 2845 -1 2845 2932 2933 -1 2845 2933 2846 -1 2846 2933 2934 -1 2846 2934 2847 -1 2847 2934 2935 -1 2847 2935 2848 -1 2848 2935 2936 -1 2848 2936 2849 -1 2849 2936 2937 -1 2849 2937 2850 -1 2850 2937 2938 -1 2850 2938 2851 -1 2851 2938 2939 -1 2851 2939 2852 -1 2852 2939 2940 -1 2852 2940 2853 -1 2853 2940 2941 -1 2853 2941 2854 -1 2854 2941 2942 -1 2854 2942 2855 -1 2855 2942 2943 -1 2855 2943 2856 -1 2856 2943 2944 -1 2856 2944 2857 -1 2857 2944 2945 -1 2857 2945 2858 -1 2858 2945 2946 -1 2858 2946 2859 -1 2859 2946 2947 -1 2859 2947 2860 -1 2860 2947 2948 -1 2860 2948 2861 -1 2861 2948 2949 -1 2861 2949 2862 -1 2862 2949 2950 -1 2862 2950 2863 -1 2863 2950 2951 -1 2863 2951 2864 -1 2864 2951 2952 -1 2864 2952 2865 -1 2865 2952 2953 -1 2865 2953 2866 -1 2866 2953 2954 -1 2866 2954 2867 -1 2867 2954 2955 -1 2867 2955 2868 -1 2868 2955 2956 -1 2868 2956 2869 -1 2869 2956 2957 -1 2869 2957 2870 -1 2870 2957 2958 -1 2870 2958 2871 -1 2871 2958 2959 -1 2871 2959 2872 -1 2872 2959 2960 -1 2872 2960 2873 -1 2873 2960 2961 -1 2873 2961 2874 -1 2874 2961 2962 -1 2874 2962 2875 -1 2875 2962 2963 -1 2875 2963 2876 -1 2876 2963 2964 -1 2876 2964 2877 -1 2877 2964 2965 -1 2877 2965 2878 -1 2878 2965 2966 -1 2878 2966 2879 -1 2879 2966 2967 -1 2879 2967 2880 -1 2880 2967 2968 -1 2880 2968 2881 -1 2881 2968 2969 -1 2881 2969 2882 -1 2882 2969 2970 -1 2882 2970 2883 -1 2883 2970 2971 -1 2883 2971 2884 -1 2884 2971 2972 -1 2884 2972 2885 -1 2885 2972 2973 -1 2885 2973 2886 -1 2886 2973 2974 -1 2886 2974 2887 -1 2887 2974 2975 -1 2887 2975 2888 -1 2888 2975 2976 -1 2888 2976 2889 -1 2889 2976 2977 -1 2889 2977 2890 -1 2890 2977 2978 -1 2890 2978 2891 -1 2891 2978 2979 -1 2891 2979 2892 -1 2892 2979 2980 -1 2892 2980 2893 -1 2893 2980 2981 -1 2893 2981 2894 -1 2894 2981 2982 -1 2894 2982 2895 -1 2895 2982 2983 -1 2895 2983 2896 -1 2896 2983 2984 -1 2896 2984 2897 -1 2897 2984 2985 -1 2897 2985 2898 -1 2898 2985 2986 -1 2898 2986 2899 -1 2899 2986 2987 -1 2899 2987 2900 -1 2900 2987 2988 -1 2900 2988 2901 -1 2901 2988 2989 -1 2901 2989 2902 -1 2902 2989 2990 -1 2902 2990 2903 -1 2903 2990 2991 -1 2903 2991 2904 -1 2904 2991 2992 -1 2904 2992 2905 -1 2905 2992 2993 -1 2905 2993 89 -1 2906 0 2994 -1 2906 2994 2907 -1 2907 2994 2995 -1 2907 2995 2908 -1 2908 2995 2996 -1 2908 2996 2909 -1 2909 2996 2997 -1 2909 2997 2910 -1 2910 2997 2998 -1 2910 2998 2911 -1 2911 2998 2999 -1 2911 2999 2912 -1 2912 2999 3000 -1 2912 3000 2913 -1 2913 3000 3001 -1 2913 3001 2914 -1 2914 3001 3002 -1 2914 3002 2915 -1 2915 3002 3003 -1 2915 3003 2916 -1 2916 3003 3004 -1 2916 3004 2917 -1 2917 3004 3005 -1 2917 3005 2918 -1 2918 3005 3006 -1 2918 3006 2919 -1 2919 3006 3007 -1 2919 3007 2920 -1 2920 3007 3008 -1 2920 3008 2921 -1 2921 3008 3009 -1 2921 3009 2922 -1 2922 3009 3010 -1 2922 3010 2923 -1 2923 3010 3011 -1 2923 3011 2924 -1 2924 3011 3012 -1 2924 3012 2925 -1 2925 3012 3013 -1 2925 3013 2926 -1 2926 3013 3014 -1 2926 3014 2927 -1 2927 3014 3015 -1 2927 3015 2928 -1 2928 3015 3016 -1 2928 3016 2929 -1 2929 3016 3017 -1 2929 3017 2930 -1 2930 3017 3018 -1 2930 3018 2931 -1 2931 3018 3019 -1 2931 3019 2932 -1 2932 3019 3020 -1 2932 3020 2933 -1 2933 3020 3021 -1 2933 3021 2934 -1 2934 3021 3022 -1 2934 3022 2935 -1 2935 3022 3023 -1 2935 3023 2936 -1 2936 3023 3024 -1 2936 3024 2937 -1 2937 3024 3025 -1 2937 3025 2938 -1 2938 3025 3026 -1 2938 3026 2939 -1 2939 3026 3027 -1 2939 3027 2940 -1 2940 3027 3028 -1 2940 3028 2941 -1 2941 3028 3029 -1 2941 3029 2942 -1 2942 3029 3030 -1 2942 3030 2943 -1 2943 3030 3031 -1 2943 3031 2944 -1 2944 3031 3032 -1 2944 3032 2945 -1 2945 3032 3033 -1 2945 3033 2946 -1 2946 3033 3034 -1 2946 3034 2947 -1 2947 3034 3035 -1 2947 3035 2948 -1 2948 3035 3036 -1 2948 3036 2949 -1 2949 3036 3037 -1 2949 3037 2950 -1 2950 3037 3038 -1 2950 3038 2951 -1 2951 3038 3039 -1 2951 3039 2952 -1 2952 3039 3040 -1 2952 3040 2953 -1 2953 3040 3041 -1 2953 3041 2954 -1 2954 3041 3042 -1 2954 3042 2955 -1 2955 3042 3043 -1 2955 3043 2956 -1 2956 3043 3044 -1 2956 3044 2957 -1 2957 3044 3045 -1 2957 3045 2958 -1 2958 3045 3046 -1 2958 3046 2959 -1 2959 3046 3047 -1 2959 3047 2960 -1 2960 3047 3048 -1 2960 3048 2961 -1 2961 3048 3049 -1 2961 3049 2962 -1 2962 3049 3050 -1 2962 3050 2963 -1 2963 3050 3051 -1 2963 3051 2964 -1 2964 3051 3052 -1 2964 3052 2965 -1 2965 3052 3053 -1 2965 3053 2966 -1 2966 3053 3054 -1 2966 3054 2967 -1 2967 3054 3055 -1 2967 3055 2968 -1 2968 3055 3056 -1 2968 3056 2969 -1 2969 3056 3057 -1 2969 3057 2970 -1 2970 3057 3058 -1 2970 3058 2971 -1 2971 3058 3059 -1 2971 3059 2972 -1 2972 3059 3060 -1 2972 3060 2973 -1 2973 3060 3061 -1 2973 3061 2974 -1 2974 3061 3062 -1 2974 3062 2975 -1 2975 3062 3063 -1 2975 3063 2976 -1 2976 3063 3064 -1 2976 3064 2977 -1 2977 3064 3065 -1 2977 3065 2978 -1 2978 3065 3066 -1 2978 3066 2979 -1 2979 3066 3067 -1 2979 3067 2980 -1 2980 3067 3068 -1 2980 3068 2981 -1 2981 3068 3069 -1 2981 3069 2982 -1 2982 3069 3070 -1 2982 3070 2983 -1 2983 3070 3071 -1 2983 3071 2984 -1 2984 3071 3072 -1 2984 3072 2985 -1 2985 3072 3073 -1 2985 3073 2986 -1 2986 3073 3074 -1 2986 3074 2987 -1 2987 3074 3075 -1 2987 3075 2988 -1 2988 3075 3076 -1 2988 3076 2989 -1 2989 3076 3077 -1 2989 3077 2990 -1 2990 3077 3078 -1 2990 3078 2991 -1 2991 3078 3079 -1 2991 3079 2992 -1 2992 3079 3080 -1 2992 3080 2993 -1 2993 3080 3081 -1 2993 3081 89 -1 2994 0 3082 -1 2994 3082 2995 -1 2995 3082 3083 -1 2995 3083 2996 -1 2996 3083 3084 -1 2996 3084 2997 -1 2997 3084 3085 -1 2997 3085 2998 -1 2998 3085 3086 -1 2998 3086 2999 -1 2999 3086 3087 -1 2999 3087 3000 -1 3000 3087 3088 -1 3000 3088 3001 -1 3001 3088 3089 -1 3001 3089 3002 -1 3002 3089 3090 -1 3002 3090 3003 -1 3003 3090 3091 -1 3003 3091 3004 -1 3004 3091 3092 -1 3004 3092 3005 -1 3005 3092 3093 -1 3005 3093 3006 -1 3006 3093 3094 -1 3006 3094 3007 -1 3007 3094 3095 -1 3007 3095 3008 -1 3008 3095 3096 -1 3008 3096 3009 -1 3009 3096 3097 -1 3009 3097 3010 -1 3010 3097 3098 -1 3010 3098 3011 -1 3011 3098 3099 -1 3011 3099 3012 -1 3012 3099 3100 -1 3012 3100 3013 -1 3013 3100 3101 -1 3013 3101 3014 -1 3014 3101 3102 -1 3014 3102 3015 -1 3015 3102 3103 -1 3015 3103 3016 -1 3016 3103 3104 -1 3016 3104 3017 -1 3017 3104 3105 -1 3017 3105 3018 -1 3018 3105 3106 -1 3018 3106 3019 -1 3019 3106 3107 -1 3019 3107 3020 -1 3020 3107 3108 -1 3020 3108 3021 -1 3021 3108 3109 -1 3021 3109 3022 -1 3022 3109 3110 -1 3022 3110 3023 -1 3023 3110 3111 -1 3023 3111 3024 -1 3024 3111 3112 -1 3024 3112 3025 -1 3025 3112 3113 -1 3025 3113 3026 -1 3026 3113 3114 -1 3026 3114 3027 -1 3027 3114 3115 -1 3027 3115 3028 -1 3028 3115 3116 -1 3028 3116 3029 -1 3029 3116 3117 -1 3029 3117 3030 -1 3030 3117 3118 -1 3030 3118 3031 -1 3031 3118 3119 -1 3031 3119 3032 -1 3032 3119 3120 -1 3032 3120 3033 -1 3033 3120 3121 -1 3033 3121 3034 -1 3034 3121 3122 -1 3034 3122 3035 -1 3035 3122 3123 -1 3035 3123 3036 -1 3036 3123 3124 -1 3036 3124 3037 -1 3037 3124 3125 -1 3037 3125 3038 -1 3038 3125 3126 -1 3038 3126 3039 -1 3039 3126 3127 -1 3039 3127 3040 -1 3040 3127 3128 -1 3040 3128 3041 -1 3041 3128 3129 -1 3041 3129 3042 -1 3042 3129 3130 -1 3042 3130 3043 -1 3043 3130 3131 -1 3043 3131 3044 -1 3044 3131 3132 -1 3044 3132 3045 -1 3045 3132 3133 -1 3045 3133 3046 -1 3046 3133 3134 -1 3046 3134 3047 -1 3047 3134 3135 -1 3047 3135 3048 -1 3048 3135 3136 -1 3048 3136 3049 -1 3049 3136 3137 -1 3049 3137 3050 -1 3050 3137 3138 -1 3050 3138 3051 -1 3051 3138 3139 -1 3051 3139 3052 -1 3052 3139 3140 -1 3052 3140 3053 -1 3053 3140 3141 -1 3053 3141 3054 -1 3054 3141 3142 -1 3054 3142 3055 -1 3055 3142 3143 -1 3055 3143 3056 -1 3056 3143 3144 -1 3056 3144 3057 -1 3057 3144 3145 -1 3057 3145 3058 -1 3058 3145 3146 -1 3058 3146 3059 -1 3059 3146 3147 -1 3059 3147 3060 -1 3060 3147 3148 -1 3060 3148 3061 -1 3061 3148 3149 -1 3061 3149 3062 -1 3062 3149 3150 -1 3062 3150 3063 -1 3063 3150 3151 -1 3063 3151 3064 -1 3064 3151 3152 -1 3064 3152 3065 -1 3065 3152 3153 -1 3065 3153 3066 -1 3066 3153 3154 -1 3066 3154 3067 -1 3067 3154 3155 -1 3067 3155 3068 -1 3068 3155 3156 -1 3068 3156 3069 -1 3069 3156 3157 -1 3069 3157 3070 -1 3070 3157 3158 -1 3070 3158 3071 -1 3071 3158 3159 -1 3071 3159 3072 -1 3072 3159 3160 -1 3072 3160 3073 -1 3073 3160 3161 -1 3073 3161 3074 -1 3074 3161 3162 -1 3074 3162 3075 -1 3075 3162 3163 -1 3075 3163 3076 -1 3076 3163 3164 -1 3076 3164 3077 -1 3077 3164 3165 -1 3077 3165 3078 -1 3078 3165 3166 -1 3078 3166 3079 -1 3079 3166 3167 -1 3079 3167 3080 -1 3080 3167 3168 -1 3080 3168 3081 -1 3081 3168 3169 -1 3081 3169 89 -1 3082 0 3170 -1 3082 3170 3083 -1 3083 3170 3171 -1 3083 3171 3084 -1 3084 3171 3172 -1 3084 3172 3085 -1 3085 3172 3173 -1 3085 3173 3086 -1 3086 3173 3174 -1 3086 3174 3087 -1 3087 3174 3175 -1 3087 3175 3088 -1 3088 3175 3176 -1 3088 3176 3089 -1 3089 3176 3177 -1 3089 3177 3090 -1 3090 3177 3178 -1 3090 3178 3091 -1 3091 3178 3179 -1 3091 3179 3092 -1 3092 3179 3180 -1 3092 3180 3093 -1 3093 3180 3181 -1 3093 3181 3094 -1 3094 3181 3182 -1 3094 3182 3095 -1 3095 3182 3183 -1 3095 3183 3096 -1 3096 3183 3184 -1 3096 3184 3097 -1 3097 3184 3185 -1 3097 3185 3098 -1 3098 3185 3186 -1 3098 3186 3099 -1 3099 3186 3187 -1 3099 3187 3100 -1 3100 3187 3188 -1 3100 3188 3101 -1 3101 3188 3189 -1 3101 3189 3102 -1 3102 3189 3190 -1 3102 3190 3103 -1 3103 3190 3191 -1 3103 3191 3104 -1 3104 3191 3192 -1 3104 3192 3105 -1 3105 3192 3193 -1 3105 3193 3106 -1 3106 3193 3194 -1 3106 3194 3107 -1 3107 3194 3195 -1 3107 3195 3108 -1 3108 3195 3196 -1 3108 3196 3109 -1 3109 3196 3197 -1 3109 3197 3110 -1 3110 3197 3198 -1 3110 3198 3111 -1 3111 3198 3199 -1 3111 3199 3112 -1 3112 3199 3200 -1 3112 3200 3113 -1 3113 3200 3201 -1 3113 3201 3114 -1 3114 3201 3202 -1 3114 3202 3115 -1 3115 3202 3203 -1 3115 3203 3116 -1 3116 3203 3204 -1 3116 3204 3117 -1 3117 3204 3205 -1 3117 3205 3118 -1 3118 3205 3206 -1 3118 3206 3119 -1 3119 3206 3207 -1 3119 3207 3120 -1 3120 3207 3208 -1 3120 3208 3121 -1 3121 3208 3209 -1 3121 3209 3122 -1 3122 3209 3210 -1 3122 3210 3123 -1 3123 3210 3211 -1 3123 3211 3124 -1 3124 3211 3212 -1 3124 3212 3125 -1 3125 3212 3213 -1 3125 3213 3126 -1 3126 3213 3214 -1 3126 3214 3127 -1 3127 3214 3215 -1 3127 3215 3128 -1 3128 3215 3216 -1 3128 3216 3129 -1 3129 3216 3217 -1 3129 3217 3130 -1 3130 3217 3218 -1 3130 3218 3131 -1 3131 3218 3219 -1 3131 3219 3132 -1 3132 3219 3220 -1 3132 3220 3133 -1 3133 3220 3221 -1 3133 3221 3134 -1 3134 3221 3222 -1 3134 3222 3135 -1 3135 3222 3223 -1 3135 3223 3136 -1 3136 3223 3224 -1 3136 3224 3137 -1 3137 3224 3225 -1 3137 3225 3138 -1 3138 3225 3226 -1 3138 3226 3139 -1 3139 3226 3227 -1 3139 3227 3140 -1 3140 3227 3228 -1 3140 3228 3141 -1 3141 3228 3229 -1 3141 3229 3142 -1 3142 3229 3230 -1 3142 3230 3143 -1 3143 3230 3231 -1 3143 3231 3144 -1 3144 3231 3232 -1 3144 3232 3145 -1 3145 3232 3233 -1 3145 3233 3146 -1 3146 3233 3234 -1 3146 3234 3147 -1 3147 3234 3235 -1 3147 3235 3148 -1 3148 3235 3236 -1 3148 3236 3149 -1 3149 3236 3237 -1 3149 3237 3150 -1 3150 3237 3238 -1 3150 3238 3151 -1 3151 3238 3239 -1 3151 3239 3152 -1 3152 3239 3240 -1 3152 3240 3153 -1 3153 3240 3241 -1 3153 3241 3154 -1 3154 3241 3242 -1 3154 3242 3155 -1 3155 3242 3243 -1 3155 3243 3156 -1 3156 3243 3244 -1 3156 3244 3157 -1 3157 3244 3245 -1 3157 3245 3158 -1 3158 3245 3246 -1 3158 3246 3159 -1 3159 3246 3247 -1 3159 3247 3160 -1 3160 3247 3248 -1 3160 3248 3161 -1 3161 3248 3249 -1 3161 3249 3162 -1 3162 3249 3250 -1 3162 3250 3163 -1 3163 3250 3251 -1 3163 3251 3164 -1 3164 3251 3252 -1 3164 3252 3165 -1 3165 3252 3253 -1 3165 3253 3166 -1 3166 3253 3254 -1 3166 3254 3167 -1 3167 3254 3255 -1 3167 3255 3168 -1 3168 3255 3256 -1 3168 3256 3169 -1 3169 3256 3257 -1 3169 3257 89 -1 3170 0 3258 -1 3170 3258 3171 -1 3171 3258 3259 -1 3171 3259 3172 -1 3172 3259 3260 -1 3172 3260 3173 -1 3173 3260 3261 -1 3173 3261 3174 -1 3174 3261 3262 -1 3174 3262 3175 -1 3175 3262 3263 -1 3175 3263 3176 -1 3176 3263 3264 -1 3176 3264 3177 -1 3177 3264 3265 -1 3177 3265 3178 -1 3178 3265 3266 -1 3178 3266 3179 -1 3179 3266 3267 -1 3179 3267 3180 -1 3180 3267 3268 -1 3180 3268 3181 -1 3181 3268 3269 -1 3181 3269 3182 -1 3182 3269 3270 -1 3182 3270 3183 -1 3183 3270 3271 -1 3183 3271 3184 -1 3184 3271 3272 -1 3184 3272 3185 -1 3185 3272 3273 -1 3185 3273 3186 -1 3186 3273 3274 -1 3186 3274 3187 -1 3187 3274 3275 -1 3187 3275 3188 -1 3188 3275 3276 -1 3188 3276 3189 -1 3189 3276 3277 -1 3189 3277 3190 -1 3190 3277 3278 -1 3190 3278 3191 -1 3191 3278 3279 -1 3191 3279 3192 -1 3192 3279 3280 -1 3192 3280 3193 -1 3193 3280 3281 -1 3193 3281 3194 -1 3194 3281 3282 -1 3194 3282 3195 -1 3195 3282 3283 -1 3195 3283 3196 -1 3196 3283 3284 -1 3196 3284 3197 -1 3197 3284 3285 -1 3197 3285 3198 -1 3198 3285 3286 -1 3198 3286 3199 -1 3199 3286 3287 -1 3199 3287 3200 -1 3200 3287 3288 -1 3200 3288 3201 -1 3201 3288 3289 -1 3201 3289 3202 -1 3202 3289 3290 -1 3202 3290 3203 -1 3203 3290 3291 -1 3203 3291 3204 -1 3204 3291 3292 -1 3204 3292 3205 -1 3205 3292 3293 -1 3205 3293 3206 -1 3206 3293 3294 -1 3206 3294 3207 -1 3207 3294 3295 -1 3207 3295 3208 -1 3208 3295 3296 -1 3208 3296 3209 -1 3209 3296 3297 -1 3209 3297 3210 -1 3210 3297 3298 -1 3210 3298 3211 -1 3211 3298 3299 -1 3211 3299 3212 -1 3212 3299 3300 -1 3212 3300 3213 -1 3213 3300 3301 -1 3213 3301 3214 -1 3214 3301 3302 -1 3214 3302 3215 -1 3215 3302 3303 -1 3215 3303 3216 -1 3216 3303 3304 -1 3216 3304 3217 -1 3217 3304 3305 -1 3217 3305 3218 -1 3218 3305 3306 -1 3218 3306 3219 -1 3219 3306 3307 -1 3219 3307 3220 -1 3220 3307 3308 -1 3220 3308 3221 -1 3221 3308 3309 -1 3221 3309 3222 -1 3222 3309 3310 -1 3222 3310 3223 -1 3223 3310 3311 -1 3223 3311 3224 -1 3224 3311 3312 -1 3224 3312 3225 -1 3225 3312 3313 -1 3225 3313 3226 -1 3226 3313 3314 -1 3226 3314 3227 -1 3227 3314 3315 -1 3227 3315 3228 -1 3228 3315 3316 -1 3228 3316 3229 -1 3229 3316 3317 -1 3229 3317 3230 -1 3230 3317 3318 -1 3230 3318 3231 -1 3231 3318 3319 -1 3231 3319 3232 -1 3232 3319 3320 -1 3232 3320 3233 -1 3233 3320 3321 -1 3233 3321 3234 -1 3234 3321 3322 -1 3234 3322 3235 -1 3235 3322 3323 -1 3235 3323 3236 -1 3236 3323 3324 -1 3236 3324 3237 -1 3237 3324 3325 -1 3237 3325 3238 -1 3238 3325 3326 -1 3238 3326 3239 -1 3239 3326 3327 -1 3239 3327 3240 -1 3240 3327 3328 -1 3240 3328 3241 -1 3241 3328 3329 -1 3241 3329 3242 -1 3242 3329 3330 -1 3242 3330 3243 -1 3243 3330 3331 -1 3243 3331 3244 -1 3244 3331 3332 -1 3244 3332 3245 -1 3245 3332 3333 -1 3245 3333 3246 -1 3246 3333 3334 -1 3246 3334 3247 -1 3247 3334 3335 -1 3247 3335 3248 -1 3248 3335 3336 -1 3248 3336 3249 -1 3249 3336 3337 -1 3249 3337 3250 -1 3250 3337 3338 -1 3250 3338 3251 -1 3251 3338 3339 -1 3251 3339 3252 -1 3252 3339 3340 -1 3252 3340 3253 -1 3253 3340 3341 -1 3253 3341 3254 -1 3254 3341 3342 -1 3254 3342 3255 -1 3255 3342 3343 -1 3255 3343 3256 -1 3256 3343 3344 -1 3256 3344 3257 -1 3257 3344 3345 -1 3257 3345 89 -1 3258 0 3346 -1 3258 3346 3259 -1 3259 3346 3347 -1 3259 3347 3260 -1 3260 3347 3348 -1 3260 3348 3261 -1 3261 3348 3349 -1 3261 3349 3262 -1 3262 3349 3350 -1 3262 3350 3263 -1 3263 3350 3351 -1 3263 3351 3264 -1 3264 3351 3352 -1 3264 3352 3265 -1 3265 3352 3353 -1 3265 3353 3266 -1 3266 3353 3354 -1 3266 3354 3267 -1 3267 3354 3355 -1 3267 3355 3268 -1 3268 3355 3356 -1 3268 3356 3269 -1 3269 3356 3357 -1 3269 3357 3270 -1 3270 3357 3358 -1 3270 3358 3271 -1 3271 3358 3359 -1 3271 3359 3272 -1 3272 3359 3360 -1 3272 3360 3273 -1 3273 3360 3361 -1 3273 3361 3274 -1 3274 3361 3362 -1 3274 3362 3275 -1 3275 3362 3363 -1 3275 3363 3276 -1 3276 3363 3364 -1 3276 3364 3277 -1 3277 3364 3365 -1 3277 3365 3278 -1 3278 3365 3366 -1 3278 3366 3279 -1 3279 3366 3367 -1 3279 3367 3280 -1 3280 3367 3368 -1 3280 3368 3281 -1 3281 3368 3369 -1 3281 3369 3282 -1 3282 3369 3370 -1 3282 3370 3283 -1 3283 3370 3371 -1 3283 3371 3284 -1 3284 3371 3372 -1 3284 3372 3285 -1 3285 3372 3373 -1 3285 3373 3286 -1 3286 3373 3374 -1 3286 3374 3287 -1 3287 3374 3375 -1 3287 3375 3288 -1 3288 3375 3376 -1 3288 3376 3289 -1 3289 3376 3377 -1 3289 3377 3290 -1 3290 3377 3378 -1 3290 3378 3291 -1 3291 3378 3379 -1 3291 3379 3292 -1 3292 3379 3380 -1 3292 3380 3293 -1 3293 3380 3381 -1 3293 3381 3294 -1 3294 3381 3382 -1 3294 3382 3295 -1 3295 3382 3383 -1 3295 3383 3296 -1 3296 3383 3384 -1 3296 3384 3297 -1 3297 3384 3385 -1 3297 3385 3298 -1 3298 3385 3386 -1 3298 3386 3299 -1 3299 3386 3387 -1 3299 3387 3300 -1 3300 3387 3388 -1 3300 3388 3301 -1 3301 3388 3389 -1 3301 3389 3302 -1 3302 3389 3390 -1 3302 3390 3303 -1 3303 3390 3391 -1 3303 3391 3304 -1 3304 3391 3392 -1 3304 3392 3305 -1 3305 3392 3393 -1 3305 3393 3306 -1 3306 3393 3394 -1 3306 3394 3307 -1 3307 3394 3395 -1 3307 3395 3308 -1 3308 3395 3396 -1 3308 3396 3309 -1 3309 3396 3397 -1 3309 3397 3310 -1 3310 3397 3398 -1 3310 3398 3311 -1 3311 3398 3399 -1 3311 3399 3312 -1 3312 3399 3400 -1 3312 3400 3313 -1 3313 3400 3401 -1 3313 3401 3314 -1 3314 3401 3402 -1 3314 3402 3315 -1 3315 3402 3403 -1 3315 3403 3316 -1 3316 3403 3404 -1 3316 3404 3317 -1 3317 3404 3405 -1 3317 3405 3318 -1 3318 3405 3406 -1 3318 3406 3319 -1 3319 3406 3407 -1 3319 3407 3320 -1 3320 3407 3408 -1 3320 3408 3321 -1 3321 3408 3409 -1 3321 3409 3322 -1 3322 3409 3410 -1 3322 3410 3323 -1 3323 3410 3411 -1 3323 3411 3324 -1 3324 3411 3412 -1 3324 3412 3325 -1 3325 3412 3413 -1 3325 3413 3326 -1 3326 3413 3414 -1 3326 3414 3327 -1 3327 3414 3415 -1 3327 3415 3328 -1 3328 3415 3416 -1 3328 3416 3329 -1 3329 3416 3417 -1 3329 3417 3330 -1 3330 3417 3418 -1 3330 3418 3331 -1 3331 3418 3419 -1 3331 3419 3332 -1 3332 3419 3420 -1 3332 3420 3333 -1 3333 3420 3421 -1 3333 3421 3334 -1 3334 3421 3422 -1 3334 3422 3335 -1 3335 3422 3423 -1 3335 3423 3336 -1 3336 3423 3424 -1 3336 3424 3337 -1 3337 3424 3425 -1 3337 3425 3338 -1 3338 3425 3426 -1 3338 3426 3339 -1 3339 3426 3427 -1 3339 3427 3340 -1 3340 3427 3428 -1 3340 3428 3341 -1 3341 3428 3429 -1 3341 3429 3342 -1 3342 3429 3430 -1 3342 3430 3343 -1 3343 3430 3431 -1 3343 3431 3344 -1 3344 3431 3432 -1 3344 3432 3345 -1 3345 3432 3433 -1 3345 3433 89 -1 3346 0 3434 -1 3346 3434 3347 -1 3347 3434 3435 -1 3347 3435 3348 -1 3348 3435 3436 -1 3348 3436 3349 -1 3349 3436 3437 -1 3349 3437 3350 -1 3350 3437 3438 -1 3350 3438 3351 -1 3351 3438 3439 -1 3351 3439 3352 -1 3352 3439 3440 -1 3352 3440 3353 -1 3353 3440 3441 -1 3353 3441 3354 -1 3354 3441 3442 -1 3354 3442 3355 -1 3355 3442 3443 -1 3355 3443 3356 -1 3356 3443 3444 -1 3356 3444 3357 -1 3357 3444 3445 -1 3357 3445 3358 -1 3358 3445 3446 -1 3358 3446 3359 -1 3359 3446 3447 -1 3359 3447 3360 -1 3360 3447 3448 -1 3360 3448 3361 -1 3361 3448 3449 -1 3361 3449 3362 -1 3362 3449 3450 -1 3362 3450 3363 -1 3363 3450 3451 -1 3363 3451 3364 -1 3364 3451 3452 -1 3364 3452 3365 -1 3365 3452 3453 -1 3365 3453 3366 -1 3366 3453 3454 -1 3366 3454 3367 -1 3367 3454 3455 -1 3367 3455 3368 -1 3368 3455 3456 -1 3368 3456 3369 -1 3369 3456 3457 -1 3369 3457 3370 -1 3370 3457 3458 -1 3370 3458 3371 -1 3371 3458 3459 -1 3371 3459 3372 -1 3372 3459 3460 -1 3372 3460 3373 -1 3373 3460 3461 -1 3373 3461 3374 -1 3374 3461 3462 -1 3374 3462 3375 -1 3375 3462 3463 -1 3375 3463 3376 -1 3376 3463 3464 -1 3376 3464 3377 -1 3377 3464 3465 -1 3377 3465 3378 -1 3378 3465 3466 -1 3378 3466 3379 -1 3379 3466 3467 -1 3379 3467 3380 -1 3380 3467 3468 -1 3380 3468 3381 -1 3381 3468 3469 -1 3381 3469 3382 -1 3382 3469 3470 -1 3382 3470 3383 -1 3383 3470 3471 -1 3383 3471 3384 -1 3384 3471 3472 -1 3384 3472 3385 -1 3385 3472 3473 -1 3385 3473 3386 -1 3386 3473 3474 -1 3386 3474 3387 -1 3387 3474 3475 -1 3387 3475 3388 -1 3388 3475 3476 -1 3388 3476 3389 -1 3389 3476 3477 -1 3389 3477 3390 -1 3390 3477 3478 -1 3390 3478 3391 -1 3391 3478 3479 -1 3391 3479 3392 -1 3392 3479 3480 -1 3392 3480 3393 -1 3393 3480 3481 -1 3393 3481 3394 -1 3394 3481 3482 -1 3394 3482 3395 -1 3395 3482 3483 -1 3395 3483 3396 -1 3396 3483 3484 -1 3396 3484 3397 -1 3397 3484 3485 -1 3397 3485 3398 -1 3398 3485 3486 -1 3398 3486 3399 -1 3399 3486 3487 -1 3399 3487 3400 -1 3400 3487 3488 -1 3400 3488 3401 -1 3401 3488 3489 -1 3401 3489 3402 -1 3402 3489 3490 -1 3402 3490 3403 -1 3403 3490 3491 -1 3403 3491 3404 -1 3404 3491 3492 -1 3404 3492 3405 -1 3405 3492 3493 -1 3405 3493 3406 -1 3406 3493 3494 -1 3406 3494 3407 -1 3407 3494 3495 -1 3407 3495 3408 -1 3408 3495 3496 -1 3408 3496 3409 -1 3409 3496 3497 -1 3409 3497 3410 -1 3410 3497 3498 -1 3410 3498 3411 -1 3411 3498 3499 -1 3411 3499 3412 -1 3412 3499 3500 -1 3412 3500 3413 -1 3413 3500 3501 -1 3413 3501 3414 -1 3414 3501 3502 -1 3414 3502 3415 -1 3415 3502 3503 -1 3415 3503 3416 -1 3416 3503 3504 -1 3416 3504 3417 -1 3417 3504 3505 -1 3417 3505 3418 -1 3418 3505 3506 -1 3418 3506 3419 -1 3419 3506 3507 -1 3419 3507 3420 -1 3420 3507 3508 -1 3420 3508 3421 -1 3421 3508 3509 -1 3421 3509 3422 -1 3422 3509 3510 -1 3422 3510 3423 -1 3423 3510 3511 -1 3423 3511 3424 -1 3424 3511 3512 -1 3424 3512 3425 -1 3425 3512 3513 -1 3425 3513 3426 -1 3426 3513 3514 -1 3426 3514 3427 -1 3427 3514 3515 -1 3427 3515 3428 -1 3428 3515 3516 -1 3428 3516 3429 -1 3429 3516 3517 -1 3429 3517 3430 -1 3430 3517 3518 -1 3430 3518 3431 -1 3431 3518 3519 -1 3431 3519 3432 -1 3432 3519 3520 -1 3432 3520 3433 -1 3433 3520 3521 -1 3433 3521 89 -1 3434 0 3522 -1 3434 3522 3435 -1 3435 3522 3523 -1 3435 3523 3436 -1 3436 3523 3524 -1 3436 3524 3437 -1 3437 3524 3525 -1 3437 3525 3438 -1 3438 3525 3526 -1 3438 3526 3439 -1 3439 3526 3527 -1 3439 3527 3440 -1 3440 3527 3528 -1 3440 3528 3441 -1 3441 3528 3529 -1 3441 3529 3442 -1 3442 3529 3530 -1 3442 3530 3443 -1 3443 3530 3531 -1 3443 3531 3444 -1 3444 3531 3532 -1 3444 3532 3445 -1 3445 3532 3533 -1 3445 3533 3446 -1 3446 3533 3534 -1 3446 3534 3447 -1 3447 3534 3535 -1 3447 3535 3448 -1 3448 3535 3536 -1 3448 3536 3449 -1 3449 3536 3537 -1 3449 3537 3450 -1 3450 3537 3538 -1 3450 3538 3451 -1 3451 3538 3539 -1 3451 3539 3452 -1 3452 3539 3540 -1 3452 3540 3453 -1 3453 3540 3541 -1 3453 3541 3454 -1 3454 3541 3542 -1 3454 3542 3455 -1 3455 3542 3543 -1 3455 3543 3456 -1 3456 3543 3544 -1 3456 3544 3457 -1 3457 3544 3545 -1 3457 3545 3458 -1 3458 3545 3546 -1 3458 3546 3459 -1 3459 3546 3547 -1 3459 3547 3460 -1 3460 3547 3548 -1 3460 3548 3461 -1 3461 3548 3549 -1 3461 3549 3462 -1 3462 3549 3550 -1 3462 3550 3463 -1 3463 3550 3551 -1 3463 3551 3464 -1 3464 3551 3552 -1 3464 3552 3465 -1 3465 3552 3553 -1 3465 3553 3466 -1 3466 3553 3554 -1 3466 3554 3467 -1 3467 3554 3555 -1 3467 3555 3468 -1 3468 3555 3556 -1 3468 3556 3469 -1 3469 3556 3557 -1 3469 3557 3470 -1 3470 3557 3558 -1 3470 3558 3471 -1 3471 3558 3559 -1 3471 3559 3472 -1 3472 3559 3560 -1 3472 3560 3473 -1 3473 3560 3561 -1 3473 3561 3474 -1 3474 3561 3562 -1 3474 3562 3475 -1 3475 3562 3563 -1 3475 3563 3476 -1 3476 3563 3564 -1 3476 3564 3477 -1 3477 3564 3565 -1 3477 3565 3478 -1 3478 3565 3566 -1 3478 3566 3479 -1 3479 3566 3567 -1 3479 3567 3480 -1 3480 3567 3568 -1 3480 3568 3481 -1 3481 3568 3569 -1 3481 3569 3482 -1 3482 3569 3570 -1 3482 3570 3483 -1 3483 3570 3571 -1 3483 3571 3484 -1 3484 3571 3572 -1 3484 3572 3485 -1 3485 3572 3573 -1 3485 3573 3486 -1 3486 3573 3574 -1 3486 3574 3487 -1 3487 3574 3575 -1 3487 3575 3488 -1 3488 3575 3576 -1 3488 3576 3489 -1 3489 3576 3577 -1 3489 3577 3490 -1 3490 3577 3578 -1 3490 3578 3491 -1 3491 3578 3579 -1 3491 3579 3492 -1 3492 3579 3580 -1 3492 3580 3493 -1 3493 3580 3581 -1 3493 3581 3494 -1 3494 3581 3582 -1 3494 3582 3495 -1 3495 3582 3583 -1 3495 3583 3496 -1 3496 3583 3584 -1 3496 3584 3497 -1 3497 3584 3585 -1 3497 3585 3498 -1 3498 3585 3586 -1 3498 3586 3499 -1 3499 3586 3587 -1 3499 3587 3500 -1 3500 3587 3588 -1 3500 3588 3501 -1 3501 3588 3589 -1 3501 3589 3502 -1 3502 3589 3590 -1 3502 3590 3503 -1 3503 3590 3591 -1 3503 3591 3504 -1 3504 3591 3592 -1 3504 3592 3505 -1 3505 3592 3593 -1 3505 3593 3506 -1 3506 3593 3594 -1 3506 3594 3507 -1 3507 3594 3595 -1 3507 3595 3508 -1 3508 3595 3596 -1 3508 3596 3509 -1 3509 3596 3597 -1 3509 3597 3510 -1 3510 3597 3598 -1 3510 3598 3511 -1 3511 3598 3599 -1 3511 3599 3512 -1 3512 3599 3600 -1 3512 3600 3513 -1 3513 3600 3601 -1 3513 3601 3514 -1 3514 3601 3602 -1 3514 3602 3515 -1 3515 3602 3603 -1 3515 3603 3516 -1 3516 3603 3604 -1 3516 3604 3517 -1 3517 3604 3605 -1 3517 3605 3518 -1 3518 3605 3606 -1 3518 3606 3519 -1 3519 3606 3607 -1 3519 3607 3520 -1 3520 3607 3608 -1 3520 3608 3521 -1 3521 3608 3609 -1 3521 3609 89 -1 3522 0 3610 -1 3522 3610 3523 -1 3523 3610 3611 -1 3523 3611 3524 -1 3524 3611 3612 -1 3524 3612 3525 -1 3525 3612 3613 -1 3525 3613 3526 -1 3526 3613 3614 -1 3526 3614 3527 -1 3527 3614 3615 -1 3527 3615 3528 -1 3528 3615 3616 -1 3528 3616 3529 -1 3529 3616 3617 -1 3529 3617 3530 -1 3530 3617 3618 -1 3530 3618 3531 -1 3531 3618 3619 -1 3531 3619 3532 -1 3532 3619 3620 -1 3532 3620 3533 -1 3533 3620 3621 -1 3533 3621 3534 -1 3534 3621 3622 -1 3534 3622 3535 -1 3535 3622 3623 -1 3535 3623 3536 -1 3536 3623 3624 -1 3536 3624 3537 -1 3537 3624 3625 -1 3537 3625 3538 -1 3538 3625 3626 -1 3538 3626 3539 -1 3539 3626 3627 -1 3539 3627 3540 -1 3540 3627 3628 -1 3540 3628 3541 -1 3541 3628 3629 -1 3541 3629 3542 -1 3542 3629 3630 -1 3542 3630 3543 -1 3543 3630 3631 -1 3543 3631 3544 -1 3544 3631 3632 -1 3544 3632 3545 -1 3545 3632 3633 -1 3545 3633 3546 -1 3546 3633 3634 -1 3546 3634 3547 -1 3547 3634 3635 -1 3547 3635 3548 -1 3548 3635 3636 -1 3548 3636 3549 -1 3549 3636 3637 -1 3549 3637 3550 -1 3550 3637 3638 -1 3550 3638 3551 -1 3551 3638 3639 -1 3551 3639 3552 -1 3552 3639 3640 -1 3552 3640 3553 -1 3553 3640 3641 -1 3553 3641 3554 -1 3554 3641 3642 -1 3554 3642 3555 -1 3555 3642 3643 -1 3555 3643 3556 -1 3556 3643 3644 -1 3556 3644 3557 -1 3557 3644 3645 -1 3557 3645 3558 -1 3558 3645 3646 -1 3558 3646 3559 -1 3559 3646 3647 -1 3559 3647 3560 -1 3560 3647 3648 -1 3560 3648 3561 -1 3561 3648 3649 -1 3561 3649 3562 -1 3562 3649 3650 -1 3562 3650 3563 -1 3563 3650 3651 -1 3563 3651 3564 -1 3564 3651 3652 -1 3564 3652 3565 -1 3565 3652 3653 -1 3565 3653 3566 -1 3566 3653 3654 -1 3566 3654 3567 -1 3567 3654 3655 -1 3567 3655 3568 -1 3568 3655 3656 -1 3568 3656 3569 -1 3569 3656 3657 -1 3569 3657 3570 -1 3570 3657 3658 -1 3570 3658 3571 -1 3571 3658 3659 -1 3571 3659 3572 -1 3572 3659 3660 -1 3572 3660 3573 -1 3573 3660 3661 -1 3573 3661 3574 -1 3574 3661 3662 -1 3574 3662 3575 -1 3575 3662 3663 -1 3575 3663 3576 -1 3576 3663 3664 -1 3576 3664 3577 -1 3577 3664 3665 -1 3577 3665 3578 -1 3578 3665 3666 -1 3578 3666 3579 -1 3579 3666 3667 -1 3579 3667 3580 -1 3580 3667 3668 -1 3580 3668 3581 -1 3581 3668 3669 -1 3581 3669 3582 -1 3582 3669 3670 -1 3582 3670 3583 -1 3583 3670 3671 -1 3583 3671 3584 -1 3584 3671 3672 -1 3584 3672 3585 -1 3585 3672 3673 -1 3585 3673 3586 -1 3586 3673 3674 -1 3586 3674 3587 -1 3587 3674 3675 -1 3587 3675 3588 -1 3588 3675 3676 -1 3588 3676 3589 -1 3589 3676 3677 -1 3589 3677 3590 -1 3590 3677 3678 -1 3590 3678 3591 -1 3591 3678 3679 -1 3591 3679 3592 -1 3592 3679 3680 -1 3592 3680 3593 -1 3593 3680 3681 -1 3593 3681 3594 -1 3594 3681 3682 -1 3594 3682 3595 -1 3595 3682 3683 -1 3595 3683 3596 -1 3596 3683 3684 -1 3596 3684 3597 -1 3597 3684 3685 -1 3597 3685 3598 -1 3598 3685 3686 -1 3598 3686 3599 -1 3599 3686 3687 -1 3599 3687 3600 -1 3600 3687 3688 -1 3600 3688 3601 -1 3601 3688 3689 -1 3601 3689 3602 -1 3602 3689 3690 -1 3602 3690 3603 -1 3603 3690 3691 -1 3603 3691 3604 -1 3604 3691 3692 -1 3604 3692 3605 -1 3605 3692 3693 -1 3605 3693 3606 -1 3606 3693 3694 -1 3606 3694 3607 -1 3607 3694 3695 -1 3607 3695 3608 -1 3608 3695 3696 -1 3608 3696 3609 -1 3609 3696 3697 -1 3609 3697 89 -1 3610 0 3698 -1 3610 3698 3611 -1 3611 3698 3699 -1 3611 3699 3612 -1 3612 3699 3700 -1 3612 3700 3613 -1 3613 3700 3701 -1 3613 3701 3614 -1 3614 3701 3702 -1 3614 3702 3615 -1 3615 3702 3703 -1 3615 3703 3616 -1 3616 3703 3704 -1 3616 3704 3617 -1 3617 3704 3705 -1 3617 3705 3618 -1 3618 3705 3706 -1 3618 3706 3619 -1 3619 3706 3707 -1 3619 3707 3620 -1 3620 3707 3708 -1 3620 3708 3621 -1 3621 3708 3709 -1 3621 3709 3622 -1 3622 3709 3710 -1 3622 3710 3623 -1 3623 3710 3711 -1 3623 3711 3624 -1 3624 3711 3712 -1 3624 3712 3625 -1 3625 3712 3713 -1 3625 3713 3626 -1 3626 3713 3714 -1 3626 3714 3627 -1 3627 3714 3715 -1 3627 3715 3628 -1 3628 3715 3716 -1 3628 3716 3629 -1 3629 3716 3717 -1 3629 3717 3630 -1 3630 3717 3718 -1 3630 3718 3631 -1 3631 3718 3719 -1 3631 3719 3632 -1 3632 3719 3720 -1 3632 3720 3633 -1 3633 3720 3721 -1 3633 3721 3634 -1 3634 3721 3722 -1 3634 3722 3635 -1 3635 3722 3723 -1 3635 3723 3636 -1 3636 3723 3724 -1 3636 3724 3637 -1 3637 3724 3725 -1 3637 3725 3638 -1 3638 3725 3726 -1 3638 3726 3639 -1 3639 3726 3727 -1 3639 3727 3640 -1 3640 3727 3728 -1 3640 3728 3641 -1 3641 3728 3729 -1 3641 3729 3642 -1 3642 3729 3730 -1 3642 3730 3643 -1 3643 3730 3731 -1 3643 3731 3644 -1 3644 3731 3732 -1 3644 3732 3645 -1 3645 3732 3733 -1 3645 3733 3646 -1 3646 3733 3734 -1 3646 3734 3647 -1 3647 3734 3735 -1 3647 3735 3648 -1 3648 3735 3736 -1 3648 3736 3649 -1 3649 3736 3737 -1 3649 3737 3650 -1 3650 3737 3738 -1 3650 3738 3651 -1 3651 3738 3739 -1 3651 3739 3652 -1 3652 3739 3740 -1 3652 3740 3653 -1 3653 3740 3741 -1 3653 3741 3654 -1 3654 3741 3742 -1 3654 3742 3655 -1 3655 3742 3743 -1 3655 3743 3656 -1 3656 3743 3744 -1 3656 3744 3657 -1 3657 3744 3745 -1 3657 3745 3658 -1 3658 3745 3746 -1 3658 3746 3659 -1 3659 3746 3747 -1 3659 3747 3660 -1 3660 3747 3748 -1 3660 3748 3661 -1 3661 3748 3749 -1 3661 3749 3662 -1 3662 3749 3750 -1 3662 3750 3663 -1 3663 3750 3751 -1 3663 3751 3664 -1 3664 3751 3752 -1 3664 3752 3665 -1 3665 3752 3753 -1 3665 3753 3666 -1 3666 3753 3754 -1 3666 3754 3667 -1 3667 3754 3755 -1 3667 3755 3668 -1 3668 3755 3756 -1 3668 3756 3669 -1 3669 3756 3757 -1 3669 3757 3670 -1 3670 3757 3758 -1 3670 3758 3671 -1 3671 3758 3759 -1 3671 3759 3672 -1 3672 3759 3760 -1 3672 3760 3673 -1 3673 3760 3761 -1 3673 3761 3674 -1 3674 3761 3762 -1 3674 3762 3675 -1 3675 3762 3763 -1 3675 3763 3676 -1 3676 3763 3764 -1 3676 3764 3677 -1 3677 3764 3765 -1 3677 3765 3678 -1 3678 3765 3766 -1 3678 3766 3679 -1 3679 3766 3767 -1 3679 3767 3680 -1 3680 3767 3768 -1 3680 3768 3681 -1 3681 3768 3769 -1 3681 3769 3682 -1 3682 3769 3770 -1 3682 3770 3683 -1 3683 3770 3771 -1 3683 3771 3684 -1 3684 3771 3772 -1 3684 3772 3685 -1 3685 3772 3773 -1 3685 3773 3686 -1 3686 3773 3774 -1 3686 3774 3687 -1 3687 3774 3775 -1 3687 3775 3688 -1 3688 3775 3776 -1 3688 3776 3689 -1 3689 3776 3777 -1 3689 3777 3690 -1 3690 3777 3778 -1 3690 3778 3691 -1 3691 3778 3779 -1 3691 3779 3692 -1 3692 3779 3780 -1 3692 3780 3693 -1 3693 3780 3781 -1 3693 3781 3694 -1 3694 3781 3782 -1 3694 3782 3695 -1 3695 3782 3783 -1 3695 3783 3696 -1 3696 3783 3784 -1 3696 3784 3697 -1 3697 3784 3785 -1 3697 3785 89 -1 3698 0 3786 -1 3698 3786 3699 -1 3699 3786 3787 -1 3699 3787 3700 -1 3700 3787 3788 -1 3700 3788 3701 -1 3701 3788 3789 -1 3701 3789 3702 -1 3702 3789 3790 -1 3702 3790 3703 -1 3703 3790 3791 -1 3703 3791 3704 -1 3704 3791 3792 -1 3704 3792 3705 -1 3705 3792 3793 -1 3705 3793 3706 -1 3706 3793 3794 -1 3706 3794 3707 -1 3707 3794 3795 -1 3707 3795 3708 -1 3708 3795 3796 -1 3708 3796 3709 -1 3709 3796 3797 -1 3709 3797 3710 -1 3710 3797 3798 -1 3710 3798 3711 -1 3711 3798 3799 -1 3711 3799 3712 -1 3712 3799 3800 -1 3712 3800 3713 -1 3713 3800 3801 -1 3713 3801 3714 -1 3714 3801 3802 -1 3714 3802 3715 -1 3715 3802 3803 -1 3715 3803 3716 -1 3716 3803 3804 -1 3716 3804 3717 -1 3717 3804 3805 -1 3717 3805 3718 -1 3718 3805 3806 -1 3718 3806 3719 -1 3719 3806 3807 -1 3719 3807 3720 -1 3720 3807 3808 -1 3720 3808 3721 -1 3721 3808 3809 -1 3721 3809 3722 -1 3722 3809 3810 -1 3722 3810 3723 -1 3723 3810 3811 -1 3723 3811 3724 -1 3724 3811 3812 -1 3724 3812 3725 -1 3725 3812 3813 -1 3725 3813 3726 -1 3726 3813 3814 -1 3726 3814 3727 -1 3727 3814 3815 -1 3727 3815 3728 -1 3728 3815 3816 -1 3728 3816 3729 -1 3729 3816 3817 -1 3729 3817 3730 -1 3730 3817 3818 -1 3730 3818 3731 -1 3731 3818 3819 -1 3731 3819 3732 -1 3732 3819 3820 -1 3732 3820 3733 -1 3733 3820 3821 -1 3733 3821 3734 -1 3734 3821 3822 -1 3734 3822 3735 -1 3735 3822 3823 -1 3735 3823 3736 -1 3736 3823 3824 -1 3736 3824 3737 -1 3737 3824 3825 -1 3737 3825 3738 -1 3738 3825 3826 -1 3738 3826 3739 -1 3739 3826 3827 -1 3739 3827 3740 -1 3740 3827 3828 -1 3740 3828 3741 -1 3741 3828 3829 -1 3741 3829 3742 -1 3742 3829 3830 -1 3742 3830 3743 -1 3743 3830 3831 -1 3743 3831 3744 -1 3744 3831 3832 -1 3744 3832 3745 -1 3745 3832 3833 -1 3745 3833 3746 -1 3746 3833 3834 -1 3746 3834 3747 -1 3747 3834 3835 -1 3747 3835 3748 -1 3748 3835 3836 -1 3748 3836 3749 -1 3749 3836 3837 -1 3749 3837 3750 -1 3750 3837 3838 -1 3750 3838 3751 -1 3751 3838 3839 -1 3751 3839 3752 -1 3752 3839 3840 -1 3752 3840 3753 -1 3753 3840 3841 -1 3753 3841 3754 -1 3754 3841 3842 -1 3754 3842 3755 -1 3755 3842 3843 -1 3755 3843 3756 -1 3756 3843 3844 -1 3756 3844 3757 -1 3757 3844 3845 -1 3757 3845 3758 -1 3758 3845 3846 -1 3758 3846 3759 -1 3759 3846 3847 -1 3759 3847 3760 -1 3760 3847 3848 -1 3760 3848 3761 -1 3761 3848 3849 -1 3761 3849 3762 -1 3762 3849 3850 -1 3762 3850 3763 -1 3763 3850 3851 -1 3763 3851 3764 -1 3764 3851 3852 -1 3764 3852 3765 -1 3765 3852 3853 -1 3765 3853 3766 -1 3766 3853 3854 -1 3766 3854 3767 -1 3767 3854 3855 -1 3767 3855 3768 -1 3768 3855 3856 -1 3768 3856 3769 -1 3769 3856 3857 -1 3769 3857 3770 -1 3770 3857 3858 -1 3770 3858 3771 -1 3771 3858 3859 -1 3771 3859 3772 -1 3772 3859 3860 -1 3772 3860 3773 -1 3773 3860 3861 -1 3773 3861 3774 -1 3774 3861 3862 -1 3774 3862 3775 -1 3775 3862 3863 -1 3775 3863 3776 -1 3776 3863 3864 -1 3776 3864 3777 -1 3777 3864 3865 -1 3777 3865 3778 -1 3778 3865 3866 -1 3778 3866 3779 -1 3779 3866 3867 -1 3779 3867 3780 -1 3780 3867 3868 -1 3780 3868 3781 -1 3781 3868 3869 -1 3781 3869 3782 -1 3782 3869 3870 -1 3782 3870 3783 -1 3783 3870 3871 -1 3783 3871 3784 -1 3784 3871 3872 -1 3784 3872 3785 -1 3785 3872 3873 -1 3785 3873 89 -1 3786 0 3874 -1 3786 3874 3787 -1 3787 3874 3875 -1 3787 3875 3788 -1 3788 3875 3876 -1 3788 3876 3789 -1 3789 3876 3877 -1 3789 3877 3790 -1 3790 3877 3878 -1 3790 3878 3791 -1 3791 3878 3879 -1 3791 3879 3792 -1 3792 3879 3880 -1 3792 3880 3793 -1 3793 3880 3881 -1 3793 3881 3794 -1 3794 3881 3882 -1 3794 3882 3795 -1 3795 3882 3883 -1 3795 3883 3796 -1 3796 3883 3884 -1 3796 3884 3797 -1 3797 3884 3885 -1 3797 3885 3798 -1 3798 3885 3886 -1 3798 3886 3799 -1 3799 3886 3887 -1 3799 3887 3800 -1 3800 3887 3888 -1 3800 3888 3801 -1 3801 3888 3889 -1 3801 3889 3802 -1 3802 3889 3890 -1 3802 3890 3803 -1 3803 3890 3891 -1 3803 3891 3804 -1 3804 3891 3892 -1 3804 3892 3805 -1 3805 3892 3893 -1 3805 3893 3806 -1 3806 3893 3894 -1 3806 3894 3807 -1 3807 3894 3895 -1 3807 3895 3808 -1 3808 3895 3896 -1 3808 3896 3809 -1 3809 3896 3897 -1 3809 3897 3810 -1 3810 3897 3898 -1 3810 3898 3811 -1 3811 3898 3899 -1 3811 3899 3812 -1 3812 3899 3900 -1 3812 3900 3813 -1 3813 3900 3901 -1 3813 3901 3814 -1 3814 3901 3902 -1 3814 3902 3815 -1 3815 3902 3903 -1 3815 3903 3816 -1 3816 3903 3904 -1 3816 3904 3817 -1 3817 3904 3905 -1 3817 3905 3818 -1 3818 3905 3906 -1 3818 3906 3819 -1 3819 3906 3907 -1 3819 3907 3820 -1 3820 3907 3908 -1 3820 3908 3821 -1 3821 3908 3909 -1 3821 3909 3822 -1 3822 3909 3910 -1 3822 3910 3823 -1 3823 3910 3911 -1 3823 3911 3824 -1 3824 3911 3912 -1 3824 3912 3825 -1 3825 3912 3913 -1 3825 3913 3826 -1 3826 3913 3914 -1 3826 3914 3827 -1 3827 3914 3915 -1 3827 3915 3828 -1 3828 3915 3916 -1 3828 3916 3829 -1 3829 3916 3917 -1 3829 3917 3830 -1 3830 3917 3918 -1 3830 3918 3831 -1 3831 3918 3919 -1 3831 3919 3832 -1 3832 3919 3920 -1 3832 3920 3833 -1 3833 3920 3921 -1 3833 3921 3834 -1 3834 3921 3922 -1 3834 3922 3835 -1 3835 3922 3923 -1 3835 3923 3836 -1 3836 3923 3924 -1 3836 3924 3837 -1 3837 3924 3925 -1 3837 3925 3838 -1 3838 3925 3926 -1 3838 3926 3839 -1 3839 3926 3927 -1 3839 3927 3840 -1 3840 3927 3928 -1 3840 3928 3841 -1 3841 3928 3929 -1 3841 3929 3842 -1 3842 3929 3930 -1 3842 3930 3843 -1 3843 3930 3931 -1 3843 3931 3844 -1 3844 3931 3932 -1 3844 3932 3845 -1 3845 3932 3933 -1 3845 3933 3846 -1 3846 3933 3934 -1 3846 3934 3847 -1 3847 3934 3935 -1 3847 3935 3848 -1 3848 3935 3936 -1 3848 3936 3849 -1 3849 3936 3937 -1 3849 3937 3850 -1 3850 3937 3938 -1 3850 3938 3851 -1 3851 3938 3939 -1 3851 3939 3852 -1 3852 3939 3940 -1 3852 3940 3853 -1 3853 3940 3941 -1 3853 3941 3854 -1 3854 3941 3942 -1 3854 3942 3855 -1 3855 3942 3943 -1 3855 3943 3856 -1 3856 3943 3944 -1 3856 3944 3857 -1 3857 3944 3945 -1 3857 3945 3858 -1 3858 3945 3946 -1 3858 3946 3859 -1 3859 3946 3947 -1 3859 3947 3860 -1 3860 3947 3948 -1 3860 3948 3861 -1 3861 3948 3949 -1 3861 3949 3862 -1 3862 3949 3950 -1 3862 3950 3863 -1 3863 3950 3951 -1 3863 3951 3864 -1 3864 3951 3952 -1 3864 3952 3865 -1 3865 3952 3953 -1 3865 3953 3866 -1 3866 3953 3954 -1 3866 3954 3867 -1 3867 3954 3955 -1 3867 3955 3868 -1 3868 3955 3956 -1 3868 3956 3869 -1 3869 3956 3957 -1 3869 3957 3870 -1 3870 3957 3958 -1 3870 3958 3871 -1 3871 3958 3959 -1 3871 3959 3872 -1 3872 3959 3960 -1 3872 3960 3873 -1 3873 3960 3961 -1 3873 3961 89 -1 3874 0 3962 -1 3874 3962 3875 -1 3875 3962 3963 -1 3875 3963 3876 -1 3876 3963 3964 -1 3876 3964 3877 -1 3877 3964 3965 -1 3877 3965 3878 -1 3878 3965 3966 -1 3878 3966 3879 -1 3879 3966 3967 -1 3879 3967 3880 -1 3880 3967 3968 -1 3880 3968 3881 -1 3881 3968 3969 -1 3881 3969 3882 -1 3882 3969 3970 -1 3882 3970 3883 -1 3883 3970 3971 -1 3883 3971 3884 -1 3884 3971 3972 -1 3884 3972 3885 -1 3885 3972 3973 -1 3885 3973 3886 -1 3886 3973 3974 -1 3886 3974 3887 -1 3887 3974 3975 -1 3887 3975 3888 -1 3888 3975 3976 -1 3888 3976 3889 -1 3889 3976 3977 -1 3889 3977 3890 -1 3890 3977 3978 -1 3890 3978 3891 -1 3891 3978 3979 -1 3891 3979 3892 -1 3892 3979 3980 -1 3892 3980 3893 -1 3893 3980 3981 -1 3893 3981 3894 -1 3894 3981 3982 -1 3894 3982 3895 -1 3895 3982 3983 -1 3895 3983 3896 -1 3896 3983 3984 -1 3896 3984 3897 -1 3897 3984 3985 -1 3897 3985 3898 -1 3898 3985 3986 -1 3898 3986 3899 -1 3899 3986 3987 -1 3899 3987 3900 -1 3900 3987 3988 -1 3900 3988 3901 -1 3901 3988 3989 -1 3901 3989 3902 -1 3902 3989 3990 -1 3902 3990 3903 -1 3903 3990 3991 -1 3903 3991 3904 -1 3904 3991 3992 -1 3904 3992 3905 -1 3905 3992 3993 -1 3905 3993 3906 -1 3906 3993 3994 -1 3906 3994 3907 -1 3907 3994 3995 -1 3907 3995 3908 -1 3908 3995 3996 -1 3908 3996 3909 -1 3909 3996 3997 -1 3909 3997 3910 -1 3910 3997 3998 -1 3910 3998 3911 -1 3911 3998 3999 -1 3911 3999 3912 -1 3912 3999 4000 -1 3912 4000 3913 -1 3913 4000 4001 -1 3913 4001 3914 -1 3914 4001 4002 -1 3914 4002 3915 -1 3915 4002 4003 -1 3915 4003 3916 -1 3916 4003 4004 -1 3916 4004 3917 -1 3917 4004 4005 -1 3917 4005 3918 -1 3918 4005 4006 -1 3918 4006 3919 -1 3919 4006 4007 -1 3919 4007 3920 -1 3920 4007 4008 -1 3920 4008 3921 -1 3921 4008 4009 -1 3921 4009 3922 -1 3922 4009 4010 -1 3922 4010 3923 -1 3923 4010 4011 -1 3923 4011 3924 -1 3924 4011 4012 -1 3924 4012 3925 -1 3925 4012 4013 -1 3925 4013 3926 -1 3926 4013 4014 -1 3926 4014 3927 -1 3927 4014 4015 -1 3927 4015 3928 -1 3928 4015 4016 -1 3928 4016 3929 -1 3929 4016 4017 -1 3929 4017 3930 -1 3930 4017 4018 -1 3930 4018 3931 -1 3931 4018 4019 -1 3931 4019 3932 -1 3932 4019 4020 -1 3932 4020 3933 -1 3933 4020 4021 -1 3933 4021 3934 -1 3934 4021 4022 -1 3934 4022 3935 -1 3935 4022 4023 -1 3935 4023 3936 -1 3936 4023 4024 -1 3936 4024 3937 -1 3937 4024 4025 -1 3937 4025 3938 -1 3938 4025 4026 -1 3938 4026 3939 -1 3939 4026 4027 -1 3939 4027 3940 -1 3940 4027 4028 -1 3940 4028 3941 -1 3941 4028 4029 -1 3941 4029 3942 -1 3942 4029 4030 -1 3942 4030 3943 -1 3943 4030 4031 -1 3943 4031 3944 -1 3944 4031 4032 -1 3944 4032 3945 -1 3945 4032 4033 -1 3945 4033 3946 -1 3946 4033 4034 -1 3946 4034 3947 -1 3947 4034 4035 -1 3947 4035 3948 -1 3948 4035 4036 -1 3948 4036 3949 -1 3949 4036 4037 -1 3949 4037 3950 -1 3950 4037 4038 -1 3950 4038 3951 -1 3951 4038 4039 -1 3951 4039 3952 -1 3952 4039 4040 -1 3952 4040 3953 -1 3953 4040 4041 -1 3953 4041 3954 -1 3954 4041 4042 -1 3954 4042 3955 -1 3955 4042 4043 -1 3955 4043 3956 -1 3956 4043 4044 -1 3956 4044 3957 -1 3957 4044 4045 -1 3957 4045 3958 -1 3958 4045 4046 -1 3958 4046 3959 -1 3959 4046 4047 -1 3959 4047 3960 -1 3960 4047 4048 -1 3960 4048 3961 -1 3961 4048 4049 -1 3961 4049 89 -1 3962 0 4050 -1 3962 4050 3963 -1 3963 4050 4051 -1 3963 4051 3964 -1 3964 4051 4052 -1 3964 4052 3965 -1 3965 4052 4053 -1 3965 4053 3966 -1 3966 4053 4054 -1 3966 4054 3967 -1 3967 4054 4055 -1 3967 4055 3968 -1 3968 4055 4056 -1 3968 4056 3969 -1 3969 4056 4057 -1 3969 4057 3970 -1 3970 4057 4058 -1 3970 4058 3971 -1 3971 4058 4059 -1 3971 4059 3972 -1 3972 4059 4060 -1 3972 4060 3973 -1 3973 4060 4061 -1 3973 4061 3974 -1 3974 4061 4062 -1 3974 4062 3975 -1 3975 4062 4063 -1 3975 4063 3976 -1 3976 4063 4064 -1 3976 4064 3977 -1 3977 4064 4065 -1 3977 4065 3978 -1 3978 4065 4066 -1 3978 4066 3979 -1 3979 4066 4067 -1 3979 4067 3980 -1 3980 4067 4068 -1 3980 4068 3981 -1 3981 4068 4069 -1 3981 4069 3982 -1 3982 4069 4070 -1 3982 4070 3983 -1 3983 4070 4071 -1 3983 4071 3984 -1 3984 4071 4072 -1 3984 4072 3985 -1 3985 4072 4073 -1 3985 4073 3986 -1 3986 4073 4074 -1 3986 4074 3987 -1 3987 4074 4075 -1 3987 4075 3988 -1 3988 4075 4076 -1 3988 4076 3989 -1 3989 4076 4077 -1 3989 4077 3990 -1 3990 4077 4078 -1 3990 4078 3991 -1 3991 4078 4079 -1 3991 4079 3992 -1 3992 4079 4080 -1 3992 4080 3993 -1 3993 4080 4081 -1 3993 4081 3994 -1 3994 4081 4082 -1 3994 4082 3995 -1 3995 4082 4083 -1 3995 4083 3996 -1 3996 4083 4084 -1 3996 4084 3997 -1 3997 4084 4085 -1 3997 4085 3998 -1 3998 4085 4086 -1 3998 4086 3999 -1 3999 4086 4087 -1 3999 4087 4000 -1 4000 4087 4088 -1 4000 4088 4001 -1 4001 4088 4089 -1 4001 4089 4002 -1 4002 4089 4090 -1 4002 4090 4003 -1 4003 4090 4091 -1 4003 4091 4004 -1 4004 4091 4092 -1 4004 4092 4005 -1 4005 4092 4093 -1 4005 4093 4006 -1 4006 4093 4094 -1 4006 4094 4007 -1 4007 4094 4095 -1 4007 4095 4008 -1 4008 4095 4096 -1 4008 4096 4009 -1 4009 4096 4097 -1 4009 4097 4010 -1 4010 4097 4098 -1 4010 4098 4011 -1 4011 4098 4099 -1 4011 4099 4012 -1 4012 4099 4100 -1 4012 4100 4013 -1 4013 4100 4101 -1 4013 4101 4014 -1 4014 4101 4102 -1 4014 4102 4015 -1 4015 4102 4103 -1 4015 4103 4016 -1 4016 4103 4104 -1 4016 4104 4017 -1 4017 4104 4105 -1 4017 4105 4018 -1 4018 4105 4106 -1 4018 4106 4019 -1 4019 4106 4107 -1 4019 4107 4020 -1 4020 4107 4108 -1 4020 4108 4021 -1 4021 4108 4109 -1 4021 4109 4022 -1 4022 4109 4110 -1 4022 4110 4023 -1 4023 4110 4111 -1 4023 4111 4024 -1 4024 4111 4112 -1 4024 4112 4025 -1 4025 4112 4113 -1 4025 4113 4026 -1 4026 4113 4114 -1 4026 4114 4027 -1 4027 4114 4115 -1 4027 4115 4028 -1 4028 4115 4116 -1 4028 4116 4029 -1 4029 4116 4117 -1 4029 4117 4030 -1 4030 4117 4118 -1 4030 4118 4031 -1 4031 4118 4119 -1 4031 4119 4032 -1 4032 4119 4120 -1 4032 4120 4033 -1 4033 4120 4121 -1 4033 4121 4034 -1 4034 4121 4122 -1 4034 4122 4035 -1 4035 4122 4123 -1 4035 4123 4036 -1 4036 4123 4124 -1 4036 4124 4037 -1 4037 4124 4125 -1 4037 4125 4038 -1 4038 4125 4126 -1 4038 4126 4039 -1 4039 4126 4127 -1 4039 4127 4040 -1 4040 4127 4128 -1 4040 4128 4041 -1 4041 4128 4129 -1 4041 4129 4042 -1 4042 4129 4130 -1 4042 4130 4043 -1 4043 4130 4131 -1 4043 4131 4044 -1 4044 4131 4132 -1 4044 4132 4045 -1 4045 4132 4133 -1 4045 4133 4046 -1 4046 4133 4134 -1 4046 4134 4047 -1 4047 4134 4135 -1 4047 4135 4048 -1 4048 4135 4136 -1 4048 4136 4049 -1 4049 4136 4137 -1 4049 4137 89 -1 4050 0 4138 -1 4050 4138 4051 -1 4051 4138 4139 -1 4051 4139 4052 -1 4052 4139 4140 -1 4052 4140 4053 -1 4053 4140 4141 -1 4053 4141 4054 -1 4054 4141 4142 -1 4054 4142 4055 -1 4055 4142 4143 -1 4055 4143 4056 -1 4056 4143 4144 -1 4056 4144 4057 -1 4057 4144 4145 -1 4057 4145 4058 -1 4058 4145 4146 -1 4058 4146 4059 -1 4059 4146 4147 -1 4059 4147 4060 -1 4060 4147 4148 -1 4060 4148 4061 -1 4061 4148 4149 -1 4061 4149 4062 -1 4062 4149 4150 -1 4062 4150 4063 -1 4063 4150 4151 -1 4063 4151 4064 -1 4064 4151 4152 -1 4064 4152 4065 -1 4065 4152 4153 -1 4065 4153 4066 -1 4066 4153 4154 -1 4066 4154 4067 -1 4067 4154 4155 -1 4067 4155 4068 -1 4068 4155 4156 -1 4068 4156 4069 -1 4069 4156 4157 -1 4069 4157 4070 -1 4070 4157 4158 -1 4070 4158 4071 -1 4071 4158 4159 -1 4071 4159 4072 -1 4072 4159 4160 -1 4072 4160 4073 -1 4073 4160 4161 -1 4073 4161 4074 -1 4074 4161 4162 -1 4074 4162 4075 -1 4075 4162 4163 -1 4075 4163 4076 -1 4076 4163 4164 -1 4076 4164 4077 -1 4077 4164 4165 -1 4077 4165 4078 -1 4078 4165 4166 -1 4078 4166 4079 -1 4079 4166 4167 -1 4079 4167 4080 -1 4080 4167 4168 -1 4080 4168 4081 -1 4081 4168 4169 -1 4081 4169 4082 -1 4082 4169 4170 -1 4082 4170 4083 -1 4083 4170 4171 -1 4083 4171 4084 -1 4084 4171 4172 -1 4084 4172 4085 -1 4085 4172 4173 -1 4085 4173 4086 -1 4086 4173 4174 -1 4086 4174 4087 -1 4087 4174 4175 -1 4087 4175 4088 -1 4088 4175 4176 -1 4088 4176 4089 -1 4089 4176 4177 -1 4089 4177 4090 -1 4090 4177 4178 -1 4090 4178 4091 -1 4091 4178 4179 -1 4091 4179 4092 -1 4092 4179 4180 -1 4092 4180 4093 -1 4093 4180 4181 -1 4093 4181 4094 -1 4094 4181 4182 -1 4094 4182 4095 -1 4095 4182 4183 -1 4095 4183 4096 -1 4096 4183 4184 -1 4096 4184 4097 -1 4097 4184 4185 -1 4097 4185 4098 -1 4098 4185 4186 -1 4098 4186 4099 -1 4099 4186 4187 -1 4099 4187 4100 -1 4100 4187 4188 -1 4100 4188 4101 -1 4101 4188 4189 -1 4101 4189 4102 -1 4102 4189 4190 -1 4102 4190 4103 -1 4103 4190 4191 -1 4103 4191 4104 -1 4104 4191 4192 -1 4104 4192 4105 -1 4105 4192 4193 -1 4105 4193 4106 -1 4106 4193 4194 -1 4106 4194 4107 -1 4107 4194 4195 -1 4107 4195 4108 -1 4108 4195 4196 -1 4108 4196 4109 -1 4109 4196 4197 -1 4109 4197 4110 -1 4110 4197 4198 -1 4110 4198 4111 -1 4111 4198 4199 -1 4111 4199 4112 -1 4112 4199 4200 -1 4112 4200 4113 -1 4113 4200 4201 -1 4113 4201 4114 -1 4114 4201 4202 -1 4114 4202 4115 -1 4115 4202 4203 -1 4115 4203 4116 -1 4116 4203 4204 -1 4116 4204 4117 -1 4117 4204 4205 -1 4117 4205 4118 -1 4118 4205 4206 -1 4118 4206 4119 -1 4119 4206 4207 -1 4119 4207 4120 -1 4120 4207 4208 -1 4120 4208 4121 -1 4121 4208 4209 -1 4121 4209 4122 -1 4122 4209 4210 -1 4122 4210 4123 -1 4123 4210 4211 -1 4123 4211 4124 -1 4124 4211 4212 -1 4124 4212 4125 -1 4125 4212 4213 -1 4125 4213 4126 -1 4126 4213 4214 -1 4126 4214 4127 -1 4127 4214 4215 -1 4127 4215 4128 -1 4128 4215 4216 -1 4128 4216 4129 -1 4129 4216 4217 -1 4129 4217 4130 -1 4130 4217 4218 -1 4130 4218 4131 -1 4131 4218 4219 -1 4131 4219 4132 -1 4132 4219 4220 -1 4132 4220 4133 -1 4133 4220 4221 -1 4133 4221 4134 -1 4134 4221 4222 -1 4134 4222 4135 -1 4135 4222 4223 -1 4135 4223 4136 -1 4136 4223 4224 -1 4136 4224 4137 -1 4137 4224 4225 -1 4137 4225 89 -1 4138 0 4226 -1 4138 4226 4139 -1 4139 4226 4227 -1 4139 4227 4140 -1 4140 4227 4228 -1 4140 4228 4141 -1 4141 4228 4229 -1 4141 4229 4142 -1 4142 4229 4230 -1 4142 4230 4143 -1 4143 4230 4231 -1 4143 4231 4144 -1 4144 4231 4232 -1 4144 4232 4145 -1 4145 4232 4233 -1 4145 4233 4146 -1 4146 4233 4234 -1 4146 4234 4147 -1 4147 4234 4235 -1 4147 4235 4148 -1 4148 4235 4236 -1 4148 4236 4149 -1 4149 4236 4237 -1 4149 4237 4150 -1 4150 4237 4238 -1 4150 4238 4151 -1 4151 4238 4239 -1 4151 4239 4152 -1 4152 4239 4240 -1 4152 4240 4153 -1 4153 4240 4241 -1 4153 4241 4154 -1 4154 4241 4242 -1 4154 4242 4155 -1 4155 4242 4243 -1 4155 4243 4156 -1 4156 4243 4244 -1 4156 4244 4157 -1 4157 4244 4245 -1 4157 4245 4158 -1 4158 4245 4246 -1 4158 4246 4159 -1 4159 4246 4247 -1 4159 4247 4160 -1 4160 4247 4248 -1 4160 4248 4161 -1 4161 4248 4249 -1 4161 4249 4162 -1 4162 4249 4250 -1 4162 4250 4163 -1 4163 4250 4251 -1 4163 4251 4164 -1 4164 4251 4252 -1 4164 4252 4165 -1 4165 4252 4253 -1 4165 4253 4166 -1 4166 4253 4254 -1 4166 4254 4167 -1 4167 4254 4255 -1 4167 4255 4168 -1 4168 4255 4256 -1 4168 4256 4169 -1 4169 4256 4257 -1 4169 4257 4170 -1 4170 4257 4258 -1 4170 4258 4171 -1 4171 4258 4259 -1 4171 4259 4172 -1 4172 4259 4260 -1 4172 4260 4173 -1 4173 4260 4261 -1 4173 4261 4174 -1 4174 4261 4262 -1 4174 4262 4175 -1 4175 4262 4263 -1 4175 4263 4176 -1 4176 4263 4264 -1 4176 4264 4177 -1 4177 4264 4265 -1 4177 4265 4178 -1 4178 4265 4266 -1 4178 4266 4179 -1 4179 4266 4267 -1 4179 4267 4180 -1 4180 4267 4268 -1 4180 4268 4181 -1 4181 4268 4269 -1 4181 4269 4182 -1 4182 4269 4270 -1 4182 4270 4183 -1 4183 4270 4271 -1 4183 4271 4184 -1 4184 4271 4272 -1 4184 4272 4185 -1 4185 4272 4273 -1 4185 4273 4186 -1 4186 4273 4274 -1 4186 4274 4187 -1 4187 4274 4275 -1 4187 4275 4188 -1 4188 4275 4276 -1 4188 4276 4189 -1 4189 4276 4277 -1 4189 4277 4190 -1 4190 4277 4278 -1 4190 4278 4191 -1 4191 4278 4279 -1 4191 4279 4192 -1 4192 4279 4280 -1 4192 4280 4193 -1 4193 4280 4281 -1 4193 4281 4194 -1 4194 4281 4282 -1 4194 4282 4195 -1 4195 4282 4283 -1 4195 4283 4196 -1 4196 4283 4284 -1 4196 4284 4197 -1 4197 4284 4285 -1 4197 4285 4198 -1 4198 4285 4286 -1 4198 4286 4199 -1 4199 4286 4287 -1 4199 4287 4200 -1 4200 4287 4288 -1 4200 4288 4201 -1 4201 4288 4289 -1 4201 4289 4202 -1 4202 4289 4290 -1 4202 4290 4203 -1 4203 4290 4291 -1 4203 4291 4204 -1 4204 4291 4292 -1 4204 4292 4205 -1 4205 4292 4293 -1 4205 4293 4206 -1 4206 4293 4294 -1 4206 4294 4207 -1 4207 4294 4295 -1 4207 4295 4208 -1 4208 4295 4296 -1 4208 4296 4209 -1 4209 4296 4297 -1 4209 4297 4210 -1 4210 4297 4298 -1 4210 4298 4211 -1 4211 4298 4299 -1 4211 4299 4212 -1 4212 4299 4300 -1 4212 4300 4213 -1 4213 4300 4301 -1 4213 4301 4214 -1 4214 4301 4302 -1 4214 4302 4215 -1 4215 4302 4303 -1 4215 4303 4216 -1 4216 4303 4304 -1 4216 4304 4217 -1 4217 4304 4305 -1 4217 4305 4218 -1 4218 4305 4306 -1 4218 4306 4219 -1 4219 4306 4307 -1 4219 4307 4220 -1 4220 4307 4308 -1 4220 4308 4221 -1 4221 4308 4309 -1 4221 4309 4222 -1 4222 4309 4310 -1 4222 4310 4223 -1 4223 4310 4311 -1 4223 4311 4224 -1 4224 4311 4312 -1 4224 4312 4225 -1 4225 4312 4313 -1 4225 4313 89 -1 4226 0 4314 -1 4226 4314 4227 -1 4227 4314 4315 -1 4227 4315 4228 -1 4228 4315 4316 -1 4228 4316 4229 -1 4229 4316 4317 -1 4229 4317 4230 -1 4230 4317 4318 -1 4230 4318 4231 -1 4231 4318 4319 -1 4231 4319 4232 -1 4232 4319 4320 -1 4232 4320 4233 -1 4233 4320 4321 -1 4233 4321 4234 -1 4234 4321 4322 -1 4234 4322 4235 -1 4235 4322 4323 -1 4235 4323 4236 -1 4236 4323 4324 -1 4236 4324 4237 -1 4237 4324 4325 -1 4237 4325 4238 -1 4238 4325 4326 -1 4238 4326 4239 -1 4239 4326 4327 -1 4239 4327 4240 -1 4240 4327 4328 -1 4240 4328 4241 -1 4241 4328 4329 -1 4241 4329 4242 -1 4242 4329 4330 -1 4242 4330 4243 -1 4243 4330 4331 -1 4243 4331 4244 -1 4244 4331 4332 -1 4244 4332 4245 -1 4245 4332 4333 -1 4245 4333 4246 -1 4246 4333 4334 -1 4246 4334 4247 -1 4247 4334 4335 -1 4247 4335 4248 -1 4248 4335 4336 -1 4248 4336 4249 -1 4249 4336 4337 -1 4249 4337 4250 -1 4250 4337 4338 -1 4250 4338 4251 -1 4251 4338 4339 -1 4251 4339 4252 -1 4252 4339 4340 -1 4252 4340 4253 -1 4253 4340 4341 -1 4253 4341 4254 -1 4254 4341 4342 -1 4254 4342 4255 -1 4255 4342 4343 -1 4255 4343 4256 -1 4256 4343 4344 -1 4256 4344 4257 -1 4257 4344 4345 -1 4257 4345 4258 -1 4258 4345 4346 -1 4258 4346 4259 -1 4259 4346 4347 -1 4259 4347 4260 -1 4260 4347 4348 -1 4260 4348 4261 -1 4261 4348 4349 -1 4261 4349 4262 -1 4262 4349 4350 -1 4262 4350 4263 -1 4263 4350 4351 -1 4263 4351 4264 -1 4264 4351 4352 -1 4264 4352 4265 -1 4265 4352 4353 -1 4265 4353 4266 -1 4266 4353 4354 -1 4266 4354 4267 -1 4267 4354 4355 -1 4267 4355 4268 -1 4268 4355 4356 -1 4268 4356 4269 -1 4269 4356 4357 -1 4269 4357 4270 -1 4270 4357 4358 -1 4270 4358 4271 -1 4271 4358 4359 -1 4271 4359 4272 -1 4272 4359 4360 -1 4272 4360 4273 -1 4273 4360 4361 -1 4273 4361 4274 -1 4274 4361 4362 -1 4274 4362 4275 -1 4275 4362 4363 -1 4275 4363 4276 -1 4276 4363 4364 -1 4276 4364 4277 -1 4277 4364 4365 -1 4277 4365 4278 -1 4278 4365 4366 -1 4278 4366 4279 -1 4279 4366 4367 -1 4279 4367 4280 -1 4280 4367 4368 -1 4280 4368 4281 -1 4281 4368 4369 -1 4281 4369 4282 -1 4282 4369 4370 -1 4282 4370 4283 -1 4283 4370 4371 -1 4283 4371 4284 -1 4284 4371 4372 -1 4284 4372 4285 -1 4285 4372 4373 -1 4285 4373 4286 -1 4286 4373 4374 -1 4286 4374 4287 -1 4287 4374 4375 -1 4287 4375 4288 -1 4288 4375 4376 -1 4288 4376 4289 -1 4289 4376 4377 -1 4289 4377 4290 -1 4290 4377 4378 -1 4290 4378 4291 -1 4291 4378 4379 -1 4291 4379 4292 -1 4292 4379 4380 -1 4292 4380 4293 -1 4293 4380 4381 -1 4293 4381 4294 -1 4294 4381 4382 -1 4294 4382 4295 -1 4295 4382 4383 -1 4295 4383 4296 -1 4296 4383 4384 -1 4296 4384 4297 -1 4297 4384 4385 -1 4297 4385 4298 -1 4298 4385 4386 -1 4298 4386 4299 -1 4299 4386 4387 -1 4299 4387 4300 -1 4300 4387 4388 -1 4300 4388 4301 -1 4301 4388 4389 -1 4301 4389 4302 -1 4302 4389 4390 -1 4302 4390 4303 -1 4303 4390 4391 -1 4303 4391 4304 -1 4304 4391 4392 -1 4304 4392 4305 -1 4305 4392 4393 -1 4305 4393 4306 -1 4306 4393 4394 -1 4306 4394 4307 -1 4307 4394 4395 -1 4307 4395 4308 -1 4308 4395 4396 -1 4308 4396 4309 -1 4309 4396 4397 -1 4309 4397 4310 -1 4310 4397 4398 -1 4310 4398 4311 -1 4311 4398 4399 -1 4311 4399 4312 -1 4312 4399 4400 -1 4312 4400 4313 -1 4313 4400 4401 -1 4313 4401 89 -1 4314 0 4402 -1 4314 4402 4315 -1 4315 4402 4403 -1 4315 4403 4316 -1 4316 4403 4404 -1 4316 4404 4317 -1 4317 4404 4405 -1 4317 4405 4318 -1 4318 4405 4406 -1 4318 4406 4319 -1 4319 4406 4407 -1 4319 4407 4320 -1 4320 4407 4408 -1 4320 4408 4321 -1 4321 4408 4409 -1 4321 4409 4322 -1 4322 4409 4410 -1 4322 4410 4323 -1 4323 4410 4411 -1 4323 4411 4324 -1 4324 4411 4412 -1 4324 4412 4325 -1 4325 4412 4413 -1 4325 4413 4326 -1 4326 4413 4414 -1 4326 4414 4327 -1 4327 4414 4415 -1 4327 4415 4328 -1 4328 4415 4416 -1 4328 4416 4329 -1 4329 4416 4417 -1 4329 4417 4330 -1 4330 4417 4418 -1 4330 4418 4331 -1 4331 4418 4419 -1 4331 4419 4332 -1 4332 4419 4420 -1 4332 4420 4333 -1 4333 4420 4421 -1 4333 4421 4334 -1 4334 4421 4422 -1 4334 4422 4335 -1 4335 4422 4423 -1 4335 4423 4336 -1 4336 4423 4424 -1 4336 4424 4337 -1 4337 4424 4425 -1 4337 4425 4338 -1 4338 4425 4426 -1 4338 4426 4339 -1 4339 4426 4427 -1 4339 4427 4340 -1 4340 4427 4428 -1 4340 4428 4341 -1 4341 4428 4429 -1 4341 4429 4342 -1 4342 4429 4430 -1 4342 4430 4343 -1 4343 4430 4431 -1 4343 4431 4344 -1 4344 4431 4432 -1 4344 4432 4345 -1 4345 4432 4433 -1 4345 4433 4346 -1 4346 4433 4434 -1 4346 4434 4347 -1 4347 4434 4435 -1 4347 4435 4348 -1 4348 4435 4436 -1 4348 4436 4349 -1 4349 4436 4437 -1 4349 4437 4350 -1 4350 4437 4438 -1 4350 4438 4351 -1 4351 4438 4439 -1 4351 4439 4352 -1 4352 4439 4440 -1 4352 4440 4353 -1 4353 4440 4441 -1 4353 4441 4354 -1 4354 4441 4442 -1 4354 4442 4355 -1 4355 4442 4443 -1 4355 4443 4356 -1 4356 4443 4444 -1 4356 4444 4357 -1 4357 4444 4445 -1 4357 4445 4358 -1 4358 4445 4446 -1 4358 4446 4359 -1 4359 4446 4447 -1 4359 4447 4360 -1 4360 4447 4448 -1 4360 4448 4361 -1 4361 4448 4449 -1 4361 4449 4362 -1 4362 4449 4450 -1 4362 4450 4363 -1 4363 4450 4451 -1 4363 4451 4364 -1 4364 4451 4452 -1 4364 4452 4365 -1 4365 4452 4453 -1 4365 4453 4366 -1 4366 4453 4454 -1 4366 4454 4367 -1 4367 4454 4455 -1 4367 4455 4368 -1 4368 4455 4456 -1 4368 4456 4369 -1 4369 4456 4457 -1 4369 4457 4370 -1 4370 4457 4458 -1 4370 4458 4371 -1 4371 4458 4459 -1 4371 4459 4372 -1 4372 4459 4460 -1 4372 4460 4373 -1 4373 4460 4461 -1 4373 4461 4374 -1 4374 4461 4462 -1 4374 4462 4375 -1 4375 4462 4463 -1 4375 4463 4376 -1 4376 4463 4464 -1 4376 4464 4377 -1 4377 4464 4465 -1 4377 4465 4378 -1 4378 4465 4466 -1 4378 4466 4379 -1 4379 4466 4467 -1 4379 4467 4380 -1 4380 4467 4468 -1 4380 4468 4381 -1 4381 4468 4469 -1 4381 4469 4382 -1 4382 4469 4470 -1 4382 4470 4383 -1 4383 4470 4471 -1 4383 4471 4384 -1 4384 4471 4472 -1 4384 4472 4385 -1 4385 4472 4473 -1 4385 4473 4386 -1 4386 4473 4474 -1 4386 4474 4387 -1 4387 4474 4475 -1 4387 4475 4388 -1 4388 4475 4476 -1 4388 4476 4389 -1 4389 4476 4477 -1 4389 4477 4390 -1 4390 4477 4478 -1 4390 4478 4391 -1 4391 4478 4479 -1 4391 4479 4392 -1 4392 4479 4480 -1 4392 4480 4393 -1 4393 4480 4481 -1 4393 4481 4394 -1 4394 4481 4482 -1 4394 4482 4395 -1 4395 4482 4483 -1 4395 4483 4396 -1 4396 4483 4484 -1 4396 4484 4397 -1 4397 4484 4485 -1 4397 4485 4398 -1 4398 4485 4486 -1 4398 4486 4399 -1 4399 4486 4487 -1 4399 4487 4400 -1 4400 4487 4488 -1 4400 4488 4401 -1 4401 4488 4489 -1 4401 4489 89 -1 4402 0 4490 -1 4402 4490 4403 -1 4403 4490 4491 -1 4403 4491 4404 -1 4404 4491 4492 -1 4404 4492 4405 -1 4405 4492 4493 -1 4405 4493 4406 -1 4406 4493 4494 -1 4406 4494 4407 -1 4407 4494 4495 -1 4407 4495 4408 -1 4408 4495 4496 -1 4408 4496 4409 -1 4409 4496 4497 -1 4409 4497 4410 -1 4410 4497 4498 -1 4410 4498 4411 -1 4411 4498 4499 -1 4411 4499 4412 -1 4412 4499 4500 -1 4412 4500 4413 -1 4413 4500 4501 -1 4413 4501 4414 -1 4414 4501 4502 -1 4414 4502 4415 -1 4415 4502 4503 -1 4415 4503 4416 -1 4416 4503 4504 -1 4416 4504 4417 -1 4417 4504 4505 -1 4417 4505 4418 -1 4418 4505 4506 -1 4418 4506 4419 -1 4419 4506 4507 -1 4419 4507 4420 -1 4420 4507 4508 -1 4420 4508 4421 -1 4421 4508 4509 -1 4421 4509 4422 -1 4422 4509 4510 -1 4422 4510 4423 -1 4423 4510 4511 -1 4423 4511 4424 -1 4424 4511 4512 -1 4424 4512 4425 -1 4425 4512 4513 -1 4425 4513 4426 -1 4426 4513 4514 -1 4426 4514 4427 -1 4427 4514 4515 -1 4427 4515 4428 -1 4428 4515 4516 -1 4428 4516 4429 -1 4429 4516 4517 -1 4429 4517 4430 -1 4430 4517 4518 -1 4430 4518 4431 -1 4431 4518 4519 -1 4431 4519 4432 -1 4432 4519 4520 -1 4432 4520 4433 -1 4433 4520 4521 -1 4433 4521 4434 -1 4434 4521 4522 -1 4434 4522 4435 -1 4435 4522 4523 -1 4435 4523 4436 -1 4436 4523 4524 -1 4436 4524 4437 -1 4437 4524 4525 -1 4437 4525 4438 -1 4438 4525 4526 -1 4438 4526 4439 -1 4439 4526 4527 -1 4439 4527 4440 -1 4440 4527 4528 -1 4440 4528 4441 -1 4441 4528 4529 -1 4441 4529 4442 -1 4442 4529 4530 -1 4442 4530 4443 -1 4443 4530 4531 -1 4443 4531 4444 -1 4444 4531 4532 -1 4444 4532 4445 -1 4445 4532 4533 -1 4445 4533 4446 -1 4446 4533 4534 -1 4446 4534 4447 -1 4447 4534 4535 -1 4447 4535 4448 -1 4448 4535 4536 -1 4448 4536 4449 -1 4449 4536 4537 -1 4449 4537 4450 -1 4450 4537 4538 -1 4450 4538 4451 -1 4451 4538 4539 -1 4451 4539 4452 -1 4452 4539 4540 -1 4452 4540 4453 -1 4453 4540 4541 -1 4453 4541 4454 -1 4454 4541 4542 -1 4454 4542 4455 -1 4455 4542 4543 -1 4455 4543 4456 -1 4456 4543 4544 -1 4456 4544 4457 -1 4457 4544 4545 -1 4457 4545 4458 -1 4458 4545 4546 -1 4458 4546 4459 -1 4459 4546 4547 -1 4459 4547 4460 -1 4460 4547 4548 -1 4460 4548 4461 -1 4461 4548 4549 -1 4461 4549 4462 -1 4462 4549 4550 -1 4462 4550 4463 -1 4463 4550 4551 -1 4463 4551 4464 -1 4464 4551 4552 -1 4464 4552 4465 -1 4465 4552 4553 -1 4465 4553 4466 -1 4466 4553 4554 -1 4466 4554 4467 -1 4467 4554 4555 -1 4467 4555 4468 -1 4468 4555 4556 -1 4468 4556 4469 -1 4469 4556 4557 -1 4469 4557 4470 -1 4470 4557 4558 -1 4470 4558 4471 -1 4471 4558 4559 -1 4471 4559 4472 -1 4472 4559 4560 -1 4472 4560 4473 -1 4473 4560 4561 -1 4473 4561 4474 -1 4474 4561 4562 -1 4474 4562 4475 -1 4475 4562 4563 -1 4475 4563 4476 -1 4476 4563 4564 -1 4476 4564 4477 -1 4477 4564 4565 -1 4477 4565 4478 -1 4478 4565 4566 -1 4478 4566 4479 -1 4479 4566 4567 -1 4479 4567 4480 -1 4480 4567 4568 -1 4480 4568 4481 -1 4481 4568 4569 -1 4481 4569 4482 -1 4482 4569 4570 -1 4482 4570 4483 -1 4483 4570 4571 -1 4483 4571 4484 -1 4484 4571 4572 -1 4484 4572 4485 -1 4485 4572 4573 -1 4485 4573 4486 -1 4486 4573 4574 -1 4486 4574 4487 -1 4487 4574 4575 -1 4487 4575 4488 -1 4488 4575 4576 -1 4488 4576 4489 -1 4489 4576 4577 -1 4489 4577 89 -1 4490 0 4578 -1 4490 4578 4491 -1 4491 4578 4579 -1 4491 4579 4492 -1 4492 4579 4580 -1 4492 4580 4493 -1 4493 4580 4581 -1 4493 4581 4494 -1 4494 4581 4582 -1 4494 4582 4495 -1 4495 4582 4583 -1 4495 4583 4496 -1 4496 4583 4584 -1 4496 4584 4497 -1 4497 4584 4585 -1 4497 4585 4498 -1 4498 4585 4586 -1 4498 4586 4499 -1 4499 4586 4587 -1 4499 4587 4500 -1 4500 4587 4588 -1 4500 4588 4501 -1 4501 4588 4589 -1 4501 4589 4502 -1 4502 4589 4590 -1 4502 4590 4503 -1 4503 4590 4591 -1 4503 4591 4504 -1 4504 4591 4592 -1 4504 4592 4505 -1 4505 4592 4593 -1 4505 4593 4506 -1 4506 4593 4594 -1 4506 4594 4507 -1 4507 4594 4595 -1 4507 4595 4508 -1 4508 4595 4596 -1 4508 4596 4509 -1 4509 4596 4597 -1 4509 4597 4510 -1 4510 4597 4598 -1 4510 4598 4511 -1 4511 4598 4599 -1 4511 4599 4512 -1 4512 4599 4600 -1 4512 4600 4513 -1 4513 4600 4601 -1 4513 4601 4514 -1 4514 4601 4602 -1 4514 4602 4515 -1 4515 4602 4603 -1 4515 4603 4516 -1 4516 4603 4604 -1 4516 4604 4517 -1 4517 4604 4605 -1 4517 4605 4518 -1 4518 4605 4606 -1 4518 4606 4519 -1 4519 4606 4607 -1 4519 4607 4520 -1 4520 4607 4608 -1 4520 4608 4521 -1 4521 4608 4609 -1 4521 4609 4522 -1 4522 4609 4610 -1 4522 4610 4523 -1 4523 4610 4611 -1 4523 4611 4524 -1 4524 4611 4612 -1 4524 4612 4525 -1 4525 4612 4613 -1 4525 4613 4526 -1 4526 4613 4614 -1 4526 4614 4527 -1 4527 4614 4615 -1 4527 4615 4528 -1 4528 4615 4616 -1 4528 4616 4529 -1 4529 4616 4617 -1 4529 4617 4530 -1 4530 4617 4618 -1 4530 4618 4531 -1 4531 4618 4619 -1 4531 4619 4532 -1 4532 4619 4620 -1 4532 4620 4533 -1 4533 4620 4621 -1 4533 4621 4534 -1 4534 4621 4622 -1 4534 4622 4535 -1 4535 4622 4623 -1 4535 4623 4536 -1 4536 4623 4624 -1 4536 4624 4537 -1 4537 4624 4625 -1 4537 4625 4538 -1 4538 4625 4626 -1 4538 4626 4539 -1 4539 4626 4627 -1 4539 4627 4540 -1 4540 4627 4628 -1 4540 4628 4541 -1 4541 4628 4629 -1 4541 4629 4542 -1 4542 4629 4630 -1 4542 4630 4543 -1 4543 4630 4631 -1 4543 4631 4544 -1 4544 4631 4632 -1 4544 4632 4545 -1 4545 4632 4633 -1 4545 4633 4546 -1 4546 4633 4634 -1 4546 4634 4547 -1 4547 4634 4635 -1 4547 4635 4548 -1 4548 4635 4636 -1 4548 4636 4549 -1 4549 4636 4637 -1 4549 4637 4550 -1 4550 4637 4638 -1 4550 4638 4551 -1 4551 4638 4639 -1 4551 4639 4552 -1 4552 4639 4640 -1 4552 4640 4553 -1 4553 4640 4641 -1 4553 4641 4554 -1 4554 4641 4642 -1 4554 4642 4555 -1 4555 4642 4643 -1 4555 4643 4556 -1 4556 4643 4644 -1 4556 4644 4557 -1 4557 4644 4645 -1 4557 4645 4558 -1 4558 4645 4646 -1 4558 4646 4559 -1 4559 4646 4647 -1 4559 4647 4560 -1 4560 4647 4648 -1 4560 4648 4561 -1 4561 4648 4649 -1 4561 4649 4562 -1 4562 4649 4650 -1 4562 4650 4563 -1 4563 4650 4651 -1 4563 4651 4564 -1 4564 4651 4652 -1 4564 4652 4565 -1 4565 4652 4653 -1 4565 4653 4566 -1 4566 4653 4654 -1 4566 4654 4567 -1 4567 4654 4655 -1 4567 4655 4568 -1 4568 4655 4656 -1 4568 4656 4569 -1 4569 4656 4657 -1 4569 4657 4570 -1 4570 4657 4658 -1 4570 4658 4571 -1 4571 4658 4659 -1 4571 4659 4572 -1 4572 4659 4660 -1 4572 4660 4573 -1 4573 4660 4661 -1 4573 4661 4574 -1 4574 4661 4662 -1 4574 4662 4575 -1 4575 4662 4663 -1 4575 4663 4576 -1 4576 4663 4664 -1 4576 4664 4577 -1 4577 4664 4665 -1 4577 4665 89 -1 4578 0 4666 -1 4578 4666 4579 -1 4579 4666 4667 -1 4579 4667 4580 -1 4580 4667 4668 -1 4580 4668 4581 -1 4581 4668 4669 -1 4581 4669 4582 -1 4582 4669 4670 -1 4582 4670 4583 -1 4583 4670 4671 -1 4583 4671 4584 -1 4584 4671 4672 -1 4584 4672 4585 -1 4585 4672 4673 -1 4585 4673 4586 -1 4586 4673 4674 -1 4586 4674 4587 -1 4587 4674 4675 -1 4587 4675 4588 -1 4588 4675 4676 -1 4588 4676 4589 -1 4589 4676 4677 -1 4589 4677 4590 -1 4590 4677 4678 -1 4590 4678 4591 -1 4591 4678 4679 -1 4591 4679 4592 -1 4592 4679 4680 -1 4592 4680 4593 -1 4593 4680 4681 -1 4593 4681 4594 -1 4594 4681 4682 -1 4594 4682 4595 -1 4595 4682 4683 -1 4595 4683 4596 -1 4596 4683 4684 -1 4596 4684 4597 -1 4597 4684 4685 -1 4597 4685 4598 -1 4598 4685 4686 -1 4598 4686 4599 -1 4599 4686 4687 -1 4599 4687 4600 -1 4600 4687 4688 -1 4600 4688 4601 -1 4601 4688 4689 -1 4601 4689 4602 -1 4602 4689 4690 -1 4602 4690 4603 -1 4603 4690 4691 -1 4603 4691 4604 -1 4604 4691 4692 -1 4604 4692 4605 -1 4605 4692 4693 -1 4605 4693 4606 -1 4606 4693 4694 -1 4606 4694 4607 -1 4607 4694 4695 -1 4607 4695 4608 -1 4608 4695 4696 -1 4608 4696 4609 -1 4609 4696 4697 -1 4609 4697 4610 -1 4610 4697 4698 -1 4610 4698 4611 -1 4611 4698 4699 -1 4611 4699 4612 -1 4612 4699 4700 -1 4612 4700 4613 -1 4613 4700 4701 -1 4613 4701 4614 -1 4614 4701 4702 -1 4614 4702 4615 -1 4615 4702 4703 -1 4615 4703 4616 -1 4616 4703 4704 -1 4616 4704 4617 -1 4617 4704 4705 -1 4617 4705 4618 -1 4618 4705 4706 -1 4618 4706 4619 -1 4619 4706 4707 -1 4619 4707 4620 -1 4620 4707 4708 -1 4620 4708 4621 -1 4621 4708 4709 -1 4621 4709 4622 -1 4622 4709 4710 -1 4622 4710 4623 -1 4623 4710 4711 -1 4623 4711 4624 -1 4624 4711 4712 -1 4624 4712 4625 -1 4625 4712 4713 -1 4625 4713 4626 -1 4626 4713 4714 -1 4626 4714 4627 -1 4627 4714 4715 -1 4627 4715 4628 -1 4628 4715 4716 -1 4628 4716 4629 -1 4629 4716 4717 -1 4629 4717 4630 -1 4630 4717 4718 -1 4630 4718 4631 -1 4631 4718 4719 -1 4631 4719 4632 -1 4632 4719 4720 -1 4632 4720 4633 -1 4633 4720 4721 -1 4633 4721 4634 -1 4634 4721 4722 -1 4634 4722 4635 -1 4635 4722 4723 -1 4635 4723 4636 -1 4636 4723 4724 -1 4636 4724 4637 -1 4637 4724 4725 -1 4637 4725 4638 -1 4638 4725 4726 -1 4638 4726 4639 -1 4639 4726 4727 -1 4639 4727 4640 -1 4640 4727 4728 -1 4640 4728 4641 -1 4641 4728 4729 -1 4641 4729 4642 -1 4642 4729 4730 -1 4642 4730 4643 -1 4643 4730 4731 -1 4643 4731 4644 -1 4644 4731 4732 -1 4644 4732 4645 -1 4645 4732 4733 -1 4645 4733 4646 -1 4646 4733 4734 -1 4646 4734 4647 -1 4647 4734 4735 -1 4647 4735 4648 -1 4648 4735 4736 -1 4648 4736 4649 -1 4649 4736 4737 -1 4649 4737 4650 -1 4650 4737 4738 -1 4650 4738 4651 -1 4651 4738 4739 -1 4651 4739 4652 -1 4652 4739 4740 -1 4652 4740 4653 -1 4653 4740 4741 -1 4653 4741 4654 -1 4654 4741 4742 -1 4654 4742 4655 -1 4655 4742 4743 -1 4655 4743 4656 -1 4656 4743 4744 -1 4656 4744 4657 -1 4657 4744 4745 -1 4657 4745 4658 -1 4658 4745 4746 -1 4658 4746 4659 -1 4659 4746 4747 -1 4659 4747 4660 -1 4660 4747 4748 -1 4660 4748 4661 -1 4661 4748 4749 -1 4661 4749 4662 -1 4662 4749 4750 -1 4662 4750 4663 -1 4663 4750 4751 -1 4663 4751 4664 -1 4664 4751 4752 -1 4664 4752 4665 -1 4665 4752 4753 -1 4665 4753 89 -1 4666 0 4754 -1 4666 4754 4667 -1 4667 4754 4755 -1 4667 4755 4668 -1 4668 4755 4756 -1 4668 4756 4669 -1 4669 4756 4757 -1 4669 4757 4670 -1 4670 4757 4758 -1 4670 4758 4671 -1 4671 4758 4759 -1 4671 4759 4672 -1 4672 4759 4760 -1 4672 4760 4673 -1 4673 4760 4761 -1 4673 4761 4674 -1 4674 4761 4762 -1 4674 4762 4675 -1 4675 4762 4763 -1 4675 4763 4676 -1 4676 4763 4764 -1 4676 4764 4677 -1 4677 4764 4765 -1 4677 4765 4678 -1 4678 4765 4766 -1 4678 4766 4679 -1 4679 4766 4767 -1 4679 4767 4680 -1 4680 4767 4768 -1 4680 4768 4681 -1 4681 4768 4769 -1 4681 4769 4682 -1 4682 4769 4770 -1 4682 4770 4683 -1 4683 4770 4771 -1 4683 4771 4684 -1 4684 4771 4772 -1 4684 4772 4685 -1 4685 4772 4773 -1 4685 4773 4686 -1 4686 4773 4774 -1 4686 4774 4687 -1 4687 4774 4775 -1 4687 4775 4688 -1 4688 4775 4776 -1 4688 4776 4689 -1 4689 4776 4777 -1 4689 4777 4690 -1 4690 4777 4778 -1 4690 4778 4691 -1 4691 4778 4779 -1 4691 4779 4692 -1 4692 4779 4780 -1 4692 4780 4693 -1 4693 4780 4781 -1 4693 4781 4694 -1 4694 4781 4782 -1 4694 4782 4695 -1 4695 4782 4783 -1 4695 4783 4696 -1 4696 4783 4784 -1 4696 4784 4697 -1 4697 4784 4785 -1 4697 4785 4698 -1 4698 4785 4786 -1 4698 4786 4699 -1 4699 4786 4787 -1 4699 4787 4700 -1 4700 4787 4788 -1 4700 4788 4701 -1 4701 4788 4789 -1 4701 4789 4702 -1 4702 4789 4790 -1 4702 4790 4703 -1 4703 4790 4791 -1 4703 4791 4704 -1 4704 4791 4792 -1 4704 4792 4705 -1 4705 4792 4793 -1 4705 4793 4706 -1 4706 4793 4794 -1 4706 4794 4707 -1 4707 4794 4795 -1 4707 4795 4708 -1 4708 4795 4796 -1 4708 4796 4709 -1 4709 4796 4797 -1 4709 4797 4710 -1 4710 4797 4798 -1 4710 4798 4711 -1 4711 4798 4799 -1 4711 4799 4712 -1 4712 4799 4800 -1 4712 4800 4713 -1 4713 4800 4801 -1 4713 4801 4714 -1 4714 4801 4802 -1 4714 4802 4715 -1 4715 4802 4803 -1 4715 4803 4716 -1 4716 4803 4804 -1 4716 4804 4717 -1 4717 4804 4805 -1 4717 4805 4718 -1 4718 4805 4806 -1 4718 4806 4719 -1 4719 4806 4807 -1 4719 4807 4720 -1 4720 4807 4808 -1 4720 4808 4721 -1 4721 4808 4809 -1 4721 4809 4722 -1 4722 4809 4810 -1 4722 4810 4723 -1 4723 4810 4811 -1 4723 4811 4724 -1 4724 4811 4812 -1 4724 4812 4725 -1 4725 4812 4813 -1 4725 4813 4726 -1 4726 4813 4814 -1 4726 4814 4727 -1 4727 4814 4815 -1 4727 4815 4728 -1 4728 4815 4816 -1 4728 4816 4729 -1 4729 4816 4817 -1 4729 4817 4730 -1 4730 4817 4818 -1 4730 4818 4731 -1 4731 4818 4819 -1 4731 4819 4732 -1 4732 4819 4820 -1 4732 4820 4733 -1 4733 4820 4821 -1 4733 4821 4734 -1 4734 4821 4822 -1 4734 4822 4735 -1 4735 4822 4823 -1 4735 4823 4736 -1 4736 4823 4824 -1 4736 4824 4737 -1 4737 4824 4825 -1 4737 4825 4738 -1 4738 4825 4826 -1 4738 4826 4739 -1 4739 4826 4827 -1 4739 4827 4740 -1 4740 4827 4828 -1 4740 4828 4741 -1 4741 4828 4829 -1 4741 4829 4742 -1 4742 4829 4830 -1 4742 4830 4743 -1 4743 4830 4831 -1 4743 4831 4744 -1 4744 4831 4832 -1 4744 4832 4745 -1 4745 4832 4833 -1 4745 4833 4746 -1 4746 4833 4834 -1 4746 4834 4747 -1 4747 4834 4835 -1 4747 4835 4748 -1 4748 4835 4836 -1 4748 4836 4749 -1 4749 4836 4837 -1 4749 4837 4750 -1 4750 4837 4838 -1 4750 4838 4751 -1 4751 4838 4839 -1 4751 4839 4752 -1 4752 4839 4840 -1 4752 4840 4753 -1 4753 4840 4841 -1 4753 4841 89 -1 4754 0 4842 -1 4754 4842 4755 -1 4755 4842 4843 -1 4755 4843 4756 -1 4756 4843 4844 -1 4756 4844 4757 -1 4757 4844 4845 -1 4757 4845 4758 -1 4758 4845 4846 -1 4758 4846 4759 -1 4759 4846 4847 -1 4759 4847 4760 -1 4760 4847 4848 -1 4760 4848 4761 -1 4761 4848 4849 -1 4761 4849 4762 -1 4762 4849 4850 -1 4762 4850 4763 -1 4763 4850 4851 -1 4763 4851 4764 -1 4764 4851 4852 -1 4764 4852 4765 -1 4765 4852 4853 -1 4765 4853 4766 -1 4766 4853 4854 -1 4766 4854 4767 -1 4767 4854 4855 -1 4767 4855 4768 -1 4768 4855 4856 -1 4768 4856 4769 -1 4769 4856 4857 -1 4769 4857 4770 -1 4770 4857 4858 -1 4770 4858 4771 -1 4771 4858 4859 -1 4771 4859 4772 -1 4772 4859 4860 -1 4772 4860 4773 -1 4773 4860 4861 -1 4773 4861 4774 -1 4774 4861 4862 -1 4774 4862 4775 -1 4775 4862 4863 -1 4775 4863 4776 -1 4776 4863 4864 -1 4776 4864 4777 -1 4777 4864 4865 -1 4777 4865 4778 -1 4778 4865 4866 -1 4778 4866 4779 -1 4779 4866 4867 -1 4779 4867 4780 -1 4780 4867 4868 -1 4780 4868 4781 -1 4781 4868 4869 -1 4781 4869 4782 -1 4782 4869 4870 -1 4782 4870 4783 -1 4783 4870 4871 -1 4783 4871 4784 -1 4784 4871 4872 -1 4784 4872 4785 -1 4785 4872 4873 -1 4785 4873 4786 -1 4786 4873 4874 -1 4786 4874 4787 -1 4787 4874 4875 -1 4787 4875 4788 -1 4788 4875 4876 -1 4788 4876 4789 -1 4789 4876 4877 -1 4789 4877 4790 -1 4790 4877 4878 -1 4790 4878 4791 -1 4791 4878 4879 -1 4791 4879 4792 -1 4792 4879 4880 -1 4792 4880 4793 -1 4793 4880 4881 -1 4793 4881 4794 -1 4794 4881 4882 -1 4794 4882 4795 -1 4795 4882 4883 -1 4795 4883 4796 -1 4796 4883 4884 -1 4796 4884 4797 -1 4797 4884 4885 -1 4797 4885 4798 -1 4798 4885 4886 -1 4798 4886 4799 -1 4799 4886 4887 -1 4799 4887 4800 -1 4800 4887 4888 -1 4800 4888 4801 -1 4801 4888 4889 -1 4801 4889 4802 -1 4802 4889 4890 -1 4802 4890 4803 -1 4803 4890 4891 -1 4803 4891 4804 -1 4804 4891 4892 -1 4804 4892 4805 -1 4805 4892 4893 -1 4805 4893 4806 -1 4806 4893 4894 -1 4806 4894 4807 -1 4807 4894 4895 -1 4807 4895 4808 -1 4808 4895 4896 -1 4808 4896 4809 -1 4809 4896 4897 -1 4809 4897 4810 -1 4810 4897 4898 -1 4810 4898 4811 -1 4811 4898 4899 -1 4811 4899 4812 -1 4812 4899 4900 -1 4812 4900 4813 -1 4813 4900 4901 -1 4813 4901 4814 -1 4814 4901 4902 -1 4814 4902 4815 -1 4815 4902 4903 -1 4815 4903 4816 -1 4816 4903 4904 -1 4816 4904 4817 -1 4817 4904 4905 -1 4817 4905 4818 -1 4818 4905 4906 -1 4818 4906 4819 -1 4819 4906 4907 -1 4819 4907 4820 -1 4820 4907 4908 -1 4820 4908 4821 -1 4821 4908 4909 -1 4821 4909 4822 -1 4822 4909 4910 -1 4822 4910 4823 -1 4823 4910 4911 -1 4823 4911 4824 -1 4824 4911 4912 -1 4824 4912 4825 -1 4825 4912 4913 -1 4825 4913 4826 -1 4826 4913 4914 -1 4826 4914 4827 -1 4827 4914 4915 -1 4827 4915 4828 -1 4828 4915 4916 -1 4828 4916 4829 -1 4829 4916 4917 -1 4829 4917 4830 -1 4830 4917 4918 -1 4830 4918 4831 -1 4831 4918 4919 -1 4831 4919 4832 -1 4832 4919 4920 -1 4832 4920 4833 -1 4833 4920 4921 -1 4833 4921 4834 -1 4834 4921 4922 -1 4834 4922 4835 -1 4835 4922 4923 -1 4835 4923 4836 -1 4836 4923 4924 -1 4836 4924 4837 -1 4837 4924 4925 -1 4837 4925 4838 -1 4838 4925 4926 -1 4838 4926 4839 -1 4839 4926 4927 -1 4839 4927 4840 -1 4840 4927 4928 -1 4840 4928 4841 -1 4841 4928 4929 -1 4841 4929 89 -1 4842 0 4930 -1 4842 4930 4843 -1 4843 4930 4931 -1 4843 4931 4844 -1 4844 4931 4932 -1 4844 4932 4845 -1 4845 4932 4933 -1 4845 4933 4846 -1 4846 4933 4934 -1 4846 4934 4847 -1 4847 4934 4935 -1 4847 4935 4848 -1 4848 4935 4936 -1 4848 4936 4849 -1 4849 4936 4937 -1 4849 4937 4850 -1 4850 4937 4938 -1 4850 4938 4851 -1 4851 4938 4939 -1 4851 4939 4852 -1 4852 4939 4940 -1 4852 4940 4853 -1 4853 4940 4941 -1 4853 4941 4854 -1 4854 4941 4942 -1 4854 4942 4855 -1 4855 4942 4943 -1 4855 4943 4856 -1 4856 4943 4944 -1 4856 4944 4857 -1 4857 4944 4945 -1 4857 4945 4858 -1 4858 4945 4946 -1 4858 4946 4859 -1 4859 4946 4947 -1 4859 4947 4860 -1 4860 4947 4948 -1 4860 4948 4861 -1 4861 4948 4949 -1 4861 4949 4862 -1 4862 4949 4950 -1 4862 4950 4863 -1 4863 4950 4951 -1 4863 4951 4864 -1 4864 4951 4952 -1 4864 4952 4865 -1 4865 4952 4953 -1 4865 4953 4866 -1 4866 4953 4954 -1 4866 4954 4867 -1 4867 4954 4955 -1 4867 4955 4868 -1 4868 4955 4956 -1 4868 4956 4869 -1 4869 4956 4957 -1 4869 4957 4870 -1 4870 4957 4958 -1 4870 4958 4871 -1 4871 4958 4959 -1 4871 4959 4872 -1 4872 4959 4960 -1 4872 4960 4873 -1 4873 4960 4961 -1 4873 4961 4874 -1 4874 4961 4962 -1 4874 4962 4875 -1 4875 4962 4963 -1 4875 4963 4876 -1 4876 4963 4964 -1 4876 4964 4877 -1 4877 4964 4965 -1 4877 4965 4878 -1 4878 4965 4966 -1 4878 4966 4879 -1 4879 4966 4967 -1 4879 4967 4880 -1 4880 4967 4968 -1 4880 4968 4881 -1 4881 4968 4969 -1 4881 4969 4882 -1 4882 4969 4970 -1 4882 4970 4883 -1 4883 4970 4971 -1 4883 4971 4884 -1 4884 4971 4972 -1 4884 4972 4885 -1 4885 4972 4973 -1 4885 4973 4886 -1 4886 4973 4974 -1 4886 4974 4887 -1 4887 4974 4975 -1 4887 4975 4888 -1 4888 4975 4976 -1 4888 4976 4889 -1 4889 4976 4977 -1 4889 4977 4890 -1 4890 4977 4978 -1 4890 4978 4891 -1 4891 4978 4979 -1 4891 4979 4892 -1 4892 4979 4980 -1 4892 4980 4893 -1 4893 4980 4981 -1 4893 4981 4894 -1 4894 4981 4982 -1 4894 4982 4895 -1 4895 4982 4983 -1 4895 4983 4896 -1 4896 4983 4984 -1 4896 4984 4897 -1 4897 4984 4985 -1 4897 4985 4898 -1 4898 4985 4986 -1 4898 4986 4899 -1 4899 4986 4987 -1 4899 4987 4900 -1 4900 4987 4988 -1 4900 4988 4901 -1 4901 4988 4989 -1 4901 4989 4902 -1 4902 4989 4990 -1 4902 4990 4903 -1 4903 4990 4991 -1 4903 4991 4904 -1 4904 4991 4992 -1 4904 4992 4905 -1 4905 4992 4993 -1 4905 4993 4906 -1 4906 4993 4994 -1 4906 4994 4907 -1 4907 4994 4995 -1 4907 4995 4908 -1 4908 4995 4996 -1 4908 4996 4909 -1 4909 4996 4997 -1 4909 4997 4910 -1 4910 4997 4998 -1 4910 4998 4911 -1 4911 4998 4999 -1 4911 4999 4912 -1 4912 4999 5000 -1 4912 5000 4913 -1 4913 5000 5001 -1 4913 5001 4914 -1 4914 5001 5002 -1 4914 5002 4915 -1 4915 5002 5003 -1 4915 5003 4916 -1 4916 5003 5004 -1 4916 5004 4917 -1 4917 5004 5005 -1 4917 5005 4918 -1 4918 5005 5006 -1 4918 5006 4919 -1 4919 5006 5007 -1 4919 5007 4920 -1 4920 5007 5008 -1 4920 5008 4921 -1 4921 5008 5009 -1 4921 5009 4922 -1 4922 5009 5010 -1 4922 5010 4923 -1 4923 5010 5011 -1 4923 5011 4924 -1 4924 5011 5012 -1 4924 5012 4925 -1 4925 5012 5013 -1 4925 5013 4926 -1 4926 5013 5014 -1 4926 5014 4927 -1 4927 5014 5015 -1 4927 5015 4928 -1 4928 5015 5016 -1 4928 5016 4929 -1 4929 5016 5017 -1 4929 5017 89 -1 4930 0 5018 -1 4930 5018 4931 -1 4931 5018 5019 -1 4931 5019 4932 -1 4932 5019 5020 -1 4932 5020 4933 -1 4933 5020 5021 -1 4933 5021 4934 -1 4934 5021 5022 -1 4934 5022 4935 -1 4935 5022 5023 -1 4935 5023 4936 -1 4936 5023 5024 -1 4936 5024 4937 -1 4937 5024 5025 -1 4937 5025 4938 -1 4938 5025 5026 -1 4938 5026 4939 -1 4939 5026 5027 -1 4939 5027 4940 -1 4940 5027 5028 -1 4940 5028 4941 -1 4941 5028 5029 -1 4941 5029 4942 -1 4942 5029 5030 -1 4942 5030 4943 -1 4943 5030 5031 -1 4943 5031 4944 -1 4944 5031 5032 -1 4944 5032 4945 -1 4945 5032 5033 -1 4945 5033 4946 -1 4946 5033 5034 -1 4946 5034 4947 -1 4947 5034 5035 -1 4947 5035 4948 -1 4948 5035 5036 -1 4948 5036 4949 -1 4949 5036 5037 -1 4949 5037 4950 -1 4950 5037 5038 -1 4950 5038 4951 -1 4951 5038 5039 -1 4951 5039 4952 -1 4952 5039 5040 -1 4952 5040 4953 -1 4953 5040 5041 -1 4953 5041 4954 -1 4954 5041 5042 -1 4954 5042 4955 -1 4955 5042 5043 -1 4955 5043 4956 -1 4956 5043 5044 -1 4956 5044 4957 -1 4957 5044 5045 -1 4957 5045 4958 -1 4958 5045 5046 -1 4958 5046 4959 -1 4959 5046 5047 -1 4959 5047 4960 -1 4960 5047 5048 -1 4960 5048 4961 -1 4961 5048 5049 -1 4961 5049 4962 -1 4962 5049 5050 -1 4962 5050 4963 -1 4963 5050 5051 -1 4963 5051 4964 -1 4964 5051 5052 -1 4964 5052 4965 -1 4965 5052 5053 -1 4965 5053 4966 -1 4966 5053 5054 -1 4966 5054 4967 -1 4967 5054 5055 -1 4967 5055 4968 -1 4968 5055 5056 -1 4968 5056 4969 -1 4969 5056 5057 -1 4969 5057 4970 -1 4970 5057 5058 -1 4970 5058 4971 -1 4971 5058 5059 -1 4971 5059 4972 -1 4972 5059 5060 -1 4972 5060 4973 -1 4973 5060 5061 -1 4973 5061 4974 -1 4974 5061 5062 -1 4974 5062 4975 -1 4975 5062 5063 -1 4975 5063 4976 -1 4976 5063 5064 -1 4976 5064 4977 -1 4977 5064 5065 -1 4977 5065 4978 -1 4978 5065 5066 -1 4978 5066 4979 -1 4979 5066 5067 -1 4979 5067 4980 -1 4980 5067 5068 -1 4980 5068 4981 -1 4981 5068 5069 -1 4981 5069 4982 -1 4982 5069 5070 -1 4982 5070 4983 -1 4983 5070 5071 -1 4983 5071 4984 -1 4984 5071 5072 -1 4984 5072 4985 -1 4985 5072 5073 -1 4985 5073 4986 -1 4986 5073 5074 -1 4986 5074 4987 -1 4987 5074 5075 -1 4987 5075 4988 -1 4988 5075 5076 -1 4988 5076 4989 -1 4989 5076 5077 -1 4989 5077 4990 -1 4990 5077 5078 -1 4990 5078 4991 -1 4991 5078 5079 -1 4991 5079 4992 -1 4992 5079 5080 -1 4992 5080 4993 -1 4993 5080 5081 -1 4993 5081 4994 -1 4994 5081 5082 -1 4994 5082 4995 -1 4995 5082 5083 -1 4995 5083 4996 -1 4996 5083 5084 -1 4996 5084 4997 -1 4997 5084 5085 -1 4997 5085 4998 -1 4998 5085 5086 -1 4998 5086 4999 -1 4999 5086 5087 -1 4999 5087 5000 -1 5000 5087 5088 -1 5000 5088 5001 -1 5001 5088 5089 -1 5001 5089 5002 -1 5002 5089 5090 -1 5002 5090 5003 -1 5003 5090 5091 -1 5003 5091 5004 -1 5004 5091 5092 -1 5004 5092 5005 -1 5005 5092 5093 -1 5005 5093 5006 -1 5006 5093 5094 -1 5006 5094 5007 -1 5007 5094 5095 -1 5007 5095 5008 -1 5008 5095 5096 -1 5008 5096 5009 -1 5009 5096 5097 -1 5009 5097 5010 -1 5010 5097 5098 -1 5010 5098 5011 -1 5011 5098 5099 -1 5011 5099 5012 -1 5012 5099 5100 -1 5012 5100 5013 -1 5013 5100 5101 -1 5013 5101 5014 -1 5014 5101 5102 -1 5014 5102 5015 -1 5015 5102 5103 -1 5015 5103 5016 -1 5016 5103 5104 -1 5016 5104 5017 -1 5017 5104 5105 -1 5017 5105 89 -1 5018 0 5106 -1 5018 5106 5019 -1 5019 5106 5107 -1 5019 5107 5020 -1 5020 5107 5108 -1 5020 5108 5021 -1 5021 5108 5109 -1 5021 5109 5022 -1 5022 5109 5110 -1 5022 5110 5023 -1 5023 5110 5111 -1 5023 5111 5024 -1 5024 5111 5112 -1 5024 5112 5025 -1 5025 5112 5113 -1 5025 5113 5026 -1 5026 5113 5114 -1 5026 5114 5027 -1 5027 5114 5115 -1 5027 5115 5028 -1 5028 5115 5116 -1 5028 5116 5029 -1 5029 5116 5117 -1 5029 5117 5030 -1 5030 5117 5118 -1 5030 5118 5031 -1 5031 5118 5119 -1 5031 5119 5032 -1 5032 5119 5120 -1 5032 5120 5033 -1 5033 5120 5121 -1 5033 5121 5034 -1 5034 5121 5122 -1 5034 5122 5035 -1 5035 5122 5123 -1 5035 5123 5036 -1 5036 5123 5124 -1 5036 5124 5037 -1 5037 5124 5125 -1 5037 5125 5038 -1 5038 5125 5126 -1 5038 5126 5039 -1 5039 5126 5127 -1 5039 5127 5040 -1 5040 5127 5128 -1 5040 5128 5041 -1 5041 5128 5129 -1 5041 5129 5042 -1 5042 5129 5130 -1 5042 5130 5043 -1 5043 5130 5131 -1 5043 5131 5044 -1 5044 5131 5132 -1 5044 5132 5045 -1 5045 5132 5133 -1 5045 5133 5046 -1 5046 5133 5134 -1 5046 5134 5047 -1 5047 5134 5135 -1 5047 5135 5048 -1 5048 5135 5136 -1 5048 5136 5049 -1 5049 5136 5137 -1 5049 5137 5050 -1 5050 5137 5138 -1 5050 5138 5051 -1 5051 5138 5139 -1 5051 5139 5052 -1 5052 5139 5140 -1 5052 5140 5053 -1 5053 5140 5141 -1 5053 5141 5054 -1 5054 5141 5142 -1 5054 5142 5055 -1 5055 5142 5143 -1 5055 5143 5056 -1 5056 5143 5144 -1 5056 5144 5057 -1 5057 5144 5145 -1 5057 5145 5058 -1 5058 5145 5146 -1 5058 5146 5059 -1 5059 5146 5147 -1 5059 5147 5060 -1 5060 5147 5148 -1 5060 5148 5061 -1 5061 5148 5149 -1 5061 5149 5062 -1 5062 5149 5150 -1 5062 5150 5063 -1 5063 5150 5151 -1 5063 5151 5064 -1 5064 5151 5152 -1 5064 5152 5065 -1 5065 5152 5153 -1 5065 5153 5066 -1 5066 5153 5154 -1 5066 5154 5067 -1 5067 5154 5155 -1 5067 5155 5068 -1 5068 5155 5156 -1 5068 5156 5069 -1 5069 5156 5157 -1 5069 5157 5070 -1 5070 5157 5158 -1 5070 5158 5071 -1 5071 5158 5159 -1 5071 5159 5072 -1 5072 5159 5160 -1 5072 5160 5073 -1 5073 5160 5161 -1 5073 5161 5074 -1 5074 5161 5162 -1 5074 5162 5075 -1 5075 5162 5163 -1 5075 5163 5076 -1 5076 5163 5164 -1 5076 5164 5077 -1 5077 5164 5165 -1 5077 5165 5078 -1 5078 5165 5166 -1 5078 5166 5079 -1 5079 5166 5167 -1 5079 5167 5080 -1 5080 5167 5168 -1 5080 5168 5081 -1 5081 5168 5169 -1 5081 5169 5082 -1 5082 5169 5170 -1 5082 5170 5083 -1 5083 5170 5171 -1 5083 5171 5084 -1 5084 5171 5172 -1 5084 5172 5085 -1 5085 5172 5173 -1 5085 5173 5086 -1 5086 5173 5174 -1 5086 5174 5087 -1 5087 5174 5175 -1 5087 5175 5088 -1 5088 5175 5176 -1 5088 5176 5089 -1 5089 5176 5177 -1 5089 5177 5090 -1 5090 5177 5178 -1 5090 5178 5091 -1 5091 5178 5179 -1 5091 5179 5092 -1 5092 5179 5180 -1 5092 5180 5093 -1 5093 5180 5181 -1 5093 5181 5094 -1 5094 5181 5182 -1 5094 5182 5095 -1 5095 5182 5183 -1 5095 5183 5096 -1 5096 5183 5184 -1 5096 5184 5097 -1 5097 5184 5185 -1 5097 5185 5098 -1 5098 5185 5186 -1 5098 5186 5099 -1 5099 5186 5187 -1 5099 5187 5100 -1 5100 5187 5188 -1 5100 5188 5101 -1 5101 5188 5189 -1 5101 5189 5102 -1 5102 5189 5190 -1 5102 5190 5103 -1 5103 5190 5191 -1 5103 5191 5104 -1 5104 5191 5192 -1 5104 5192 5105 -1 5105 5192 5193 -1 5105 5193 89 -1 5106 0 5194 -1 5106 5194 5107 -1 5107 5194 5195 -1 5107 5195 5108 -1 5108 5195 5196 -1 5108 5196 5109 -1 5109 5196 5197 -1 5109 5197 5110 -1 5110 5197 5198 -1 5110 5198 5111 -1 5111 5198 5199 -1 5111 5199 5112 -1 5112 5199 5200 -1 5112 5200 5113 -1 5113 5200 5201 -1 5113 5201 5114 -1 5114 5201 5202 -1 5114 5202 5115 -1 5115 5202 5203 -1 5115 5203 5116 -1 5116 5203 5204 -1 5116 5204 5117 -1 5117 5204 5205 -1 5117 5205 5118 -1 5118 5205 5206 -1 5118 5206 5119 -1 5119 5206 5207 -1 5119 5207 5120 -1 5120 5207 5208 -1 5120 5208 5121 -1 5121 5208 5209 -1 5121 5209 5122 -1 5122 5209 5210 -1 5122 5210 5123 -1 5123 5210 5211 -1 5123 5211 5124 -1 5124 5211 5212 -1 5124 5212 5125 -1 5125 5212 5213 -1 5125 5213 5126 -1 5126 5213 5214 -1 5126 5214 5127 -1 5127 5214 5215 -1 5127 5215 5128 -1 5128 5215 5216 -1 5128 5216 5129 -1 5129 5216 5217 -1 5129 5217 5130 -1 5130 5217 5218 -1 5130 5218 5131 -1 5131 5218 5219 -1 5131 5219 5132 -1 5132 5219 5220 -1 5132 5220 5133 -1 5133 5220 5221 -1 5133 5221 5134 -1 5134 5221 5222 -1 5134 5222 5135 -1 5135 5222 5223 -1 5135 5223 5136 -1 5136 5223 5224 -1 5136 5224 5137 -1 5137 5224 5225 -1 5137 5225 5138 -1 5138 5225 5226 -1 5138 5226 5139 -1 5139 5226 5227 -1 5139 5227 5140 -1 5140 5227 5228 -1 5140 5228 5141 -1 5141 5228 5229 -1 5141 5229 5142 -1 5142 5229 5230 -1 5142 5230 5143 -1 5143 5230 5231 -1 5143 5231 5144 -1 5144 5231 5232 -1 5144 5232 5145 -1 5145 5232 5233 -1 5145 5233 5146 -1 5146 5233 5234 -1 5146 5234 5147 -1 5147 5234 5235 -1 5147 5235 5148 -1 5148 5235 5236 -1 5148 5236 5149 -1 5149 5236 5237 -1 5149 5237 5150 -1 5150 5237 5238 -1 5150 5238 5151 -1 5151 5238 5239 -1 5151 5239 5152 -1 5152 5239 5240 -1 5152 5240 5153 -1 5153 5240 5241 -1 5153 5241 5154 -1 5154 5241 5242 -1 5154 5242 5155 -1 5155 5242 5243 -1 5155 5243 5156 -1 5156 5243 5244 -1 5156 5244 5157 -1 5157 5244 5245 -1 5157 5245 5158 -1 5158 5245 5246 -1 5158 5246 5159 -1 5159 5246 5247 -1 5159 5247 5160 -1 5160 5247 5248 -1 5160 5248 5161 -1 5161 5248 5249 -1 5161 5249 5162 -1 5162 5249 5250 -1 5162 5250 5163 -1 5163 5250 5251 -1 5163 5251 5164 -1 5164 5251 5252 -1 5164 5252 5165 -1 5165 5252 5253 -1 5165 5253 5166 -1 5166 5253 5254 -1 5166 5254 5167 -1 5167 5254 5255 -1 5167 5255 5168 -1 5168 5255 5256 -1 5168 5256 5169 -1 5169 5256 5257 -1 5169 5257 5170 -1 5170 5257 5258 -1 5170 5258 5171 -1 5171 5258 5259 -1 5171 5259 5172 -1 5172 5259 5260 -1 5172 5260 5173 -1 5173 5260 5261 -1 5173 5261 5174 -1 5174 5261 5262 -1 5174 5262 5175 -1 5175 5262 5263 -1 5175 5263 5176 -1 5176 5263 5264 -1 5176 5264 5177 -1 5177 5264 5265 -1 5177 5265 5178 -1 5178 5265 5266 -1 5178 5266 5179 -1 5179 5266 5267 -1 5179 5267 5180 -1 5180 5267 5268 -1 5180 5268 5181 -1 5181 5268 5269 -1 5181 5269 5182 -1 5182 5269 5270 -1 5182 5270 5183 -1 5183 5270 5271 -1 5183 5271 5184 -1 5184 5271 5272 -1 5184 5272 5185 -1 5185 5272 5273 -1 5185 5273 5186 -1 5186 5273 5274 -1 5186 5274 5187 -1 5187 5274 5275 -1 5187 5275 5188 -1 5188 5275 5276 -1 5188 5276 5189 -1 5189 5276 5277 -1 5189 5277 5190 -1 5190 5277 5278 -1 5190 5278 5191 -1 5191 5278 5279 -1 5191 5279 5192 -1 5192 5279 5280 -1 5192 5280 5193 -1 5193 5280 5281 -1 5193 5281 89 -1 5194 0 5282 -1 5194 5282 5195 -1 5195 5282 5283 -1 5195 5283 5196 -1 5196 5283 5284 -1 5196 5284 5197 -1 5197 5284 5285 -1 5197 5285 5198 -1 5198 5285 5286 -1 5198 5286 5199 -1 5199 5286 5287 -1 5199 5287 5200 -1 5200 5287 5288 -1 5200 5288 5201 -1 5201 5288 5289 -1 5201 5289 5202 -1 5202 5289 5290 -1 5202 5290 5203 -1 5203 5290 5291 -1 5203 5291 5204 -1 5204 5291 5292 -1 5204 5292 5205 -1 5205 5292 5293 -1 5205 5293 5206 -1 5206 5293 5294 -1 5206 5294 5207 -1 5207 5294 5295 -1 5207 5295 5208 -1 5208 5295 5296 -1 5208 5296 5209 -1 5209 5296 5297 -1 5209 5297 5210 -1 5210 5297 5298 -1 5210 5298 5211 -1 5211 5298 5299 -1 5211 5299 5212 -1 5212 5299 5300 -1 5212 5300 5213 -1 5213 5300 5301 -1 5213 5301 5214 -1 5214 5301 5302 -1 5214 5302 5215 -1 5215 5302 5303 -1 5215 5303 5216 -1 5216 5303 5304 -1 5216 5304 5217 -1 5217 5304 5305 -1 5217 5305 5218 -1 5218 5305 5306 -1 5218 5306 5219 -1 5219 5306 5307 -1 5219 5307 5220 -1 5220 5307 5308 -1 5220 5308 5221 -1 5221 5308 5309 -1 5221 5309 5222 -1 5222 5309 5310 -1 5222 5310 5223 -1 5223 5310 5311 -1 5223 5311 5224 -1 5224 5311 5312 -1 5224 5312 5225 -1 5225 5312 5313 -1 5225 5313 5226 -1 5226 5313 5314 -1 5226 5314 5227 -1 5227 5314 5315 -1 5227 5315 5228 -1 5228 5315 5316 -1 5228 5316 5229 -1 5229 5316 5317 -1 5229 5317 5230 -1 5230 5317 5318 -1 5230 5318 5231 -1 5231 5318 5319 -1 5231 5319 5232 -1 5232 5319 5320 -1 5232 5320 5233 -1 5233 5320 5321 -1 5233 5321 5234 -1 5234 5321 5322 -1 5234 5322 5235 -1 5235 5322 5323 -1 5235 5323 5236 -1 5236 5323 5324 -1 5236 5324 5237 -1 5237 5324 5325 -1 5237 5325 5238 -1 5238 5325 5326 -1 5238 5326 5239 -1 5239 5326 5327 -1 5239 5327 5240 -1 5240 5327 5328 -1 5240 5328 5241 -1 5241 5328 5329 -1 5241 5329 5242 -1 5242 5329 5330 -1 5242 5330 5243 -1 5243 5330 5331 -1 5243 5331 5244 -1 5244 5331 5332 -1 5244 5332 5245 -1 5245 5332 5333 -1 5245 5333 5246 -1 5246 5333 5334 -1 5246 5334 5247 -1 5247 5334 5335 -1 5247 5335 5248 -1 5248 5335 5336 -1 5248 5336 5249 -1 5249 5336 5337 -1 5249 5337 5250 -1 5250 5337 5338 -1 5250 5338 5251 -1 5251 5338 5339 -1 5251 5339 5252 -1 5252 5339 5340 -1 5252 5340 5253 -1 5253 5340 5341 -1 5253 5341 5254 -1 5254 5341 5342 -1 5254 5342 5255 -1 5255 5342 5343 -1 5255 5343 5256 -1 5256 5343 5344 -1 5256 5344 5257 -1 5257 5344 5345 -1 5257 5345 5258 -1 5258 5345 5346 -1 5258 5346 5259 -1 5259 5346 5347 -1 5259 5347 5260 -1 5260 5347 5348 -1 5260 5348 5261 -1 5261 5348 5349 -1 5261 5349 5262 -1 5262 5349 5350 -1 5262 5350 5263 -1 5263 5350 5351 -1 5263 5351 5264 -1 5264 5351 5352 -1 5264 5352 5265 -1 5265 5352 5353 -1 5265 5353 5266 -1 5266 5353 5354 -1 5266 5354 5267 -1 5267 5354 5355 -1 5267 5355 5268 -1 5268 5355 5356 -1 5268 5356 5269 -1 5269 5356 5357 -1 5269 5357 5270 -1 5270 5357 5358 -1 5270 5358 5271 -1 5271 5358 5359 -1 5271 5359 5272 -1 5272 5359 5360 -1 5272 5360 5273 -1 5273 5360 5361 -1 5273 5361 5274 -1 5274 5361 5362 -1 5274 5362 5275 -1 5275 5362 5363 -1 5275 5363 5276 -1 5276 5363 5364 -1 5276 5364 5277 -1 5277 5364 5365 -1 5277 5365 5278 -1 5278 5365 5366 -1 5278 5366 5279 -1 5279 5366 5367 -1 5279 5367 5280 -1 5280 5367 5368 -1 5280 5368 5281 -1 5281 5368 5369 -1 5281 5369 89 -1 5282 0 5370 -1 5282 5370 5283 -1 5283 5370 5371 -1 5283 5371 5284 -1 5284 5371 5372 -1 5284 5372 5285 -1 5285 5372 5373 -1 5285 5373 5286 -1 5286 5373 5374 -1 5286 5374 5287 -1 5287 5374 5375 -1 5287 5375 5288 -1 5288 5375 5376 -1 5288 5376 5289 -1 5289 5376 5377 -1 5289 5377 5290 -1 5290 5377 5378 -1 5290 5378 5291 -1 5291 5378 5379 -1 5291 5379 5292 -1 5292 5379 5380 -1 5292 5380 5293 -1 5293 5380 5381 -1 5293 5381 5294 -1 5294 5381 5382 -1 5294 5382 5295 -1 5295 5382 5383 -1 5295 5383 5296 -1 5296 5383 5384 -1 5296 5384 5297 -1 5297 5384 5385 -1 5297 5385 5298 -1 5298 5385 5386 -1 5298 5386 5299 -1 5299 5386 5387 -1 5299 5387 5300 -1 5300 5387 5388 -1 5300 5388 5301 -1 5301 5388 5389 -1 5301 5389 5302 -1 5302 5389 5390 -1 5302 5390 5303 -1 5303 5390 5391 -1 5303 5391 5304 -1 5304 5391 5392 -1 5304 5392 5305 -1 5305 5392 5393 -1 5305 5393 5306 -1 5306 5393 5394 -1 5306 5394 5307 -1 5307 5394 5395 -1 5307 5395 5308 -1 5308 5395 5396 -1 5308 5396 5309 -1 5309 5396 5397 -1 5309 5397 5310 -1 5310 5397 5398 -1 5310 5398 5311 -1 5311 5398 5399 -1 5311 5399 5312 -1 5312 5399 5400 -1 5312 5400 5313 -1 5313 5400 5401 -1 5313 5401 5314 -1 5314 5401 5402 -1 5314 5402 5315 -1 5315 5402 5403 -1 5315 5403 5316 -1 5316 5403 5404 -1 5316 5404 5317 -1 5317 5404 5405 -1 5317 5405 5318 -1 5318 5405 5406 -1 5318 5406 5319 -1 5319 5406 5407 -1 5319 5407 5320 -1 5320 5407 5408 -1 5320 5408 5321 -1 5321 5408 5409 -1 5321 5409 5322 -1 5322 5409 5410 -1 5322 5410 5323 -1 5323 5410 5411 -1 5323 5411 5324 -1 5324 5411 5412 -1 5324 5412 5325 -1 5325 5412 5413 -1 5325 5413 5326 -1 5326 5413 5414 -1 5326 5414 5327 -1 5327 5414 5415 -1 5327 5415 5328 -1 5328 5415 5416 -1 5328 5416 5329 -1 5329 5416 5417 -1 5329 5417 5330 -1 5330 5417 5418 -1 5330 5418 5331 -1 5331 5418 5419 -1 5331 5419 5332 -1 5332 5419 5420 -1 5332 5420 5333 -1 5333 5420 5421 -1 5333 5421 5334 -1 5334 5421 5422 -1 5334 5422 5335 -1 5335 5422 5423 -1 5335 5423 5336 -1 5336 5423 5424 -1 5336 5424 5337 -1 5337 5424 5425 -1 5337 5425 5338 -1 5338 5425 5426 -1 5338 5426 5339 -1 5339 5426 5427 -1 5339 5427 5340 -1 5340 5427 5428 -1 5340 5428 5341 -1 5341 5428 5429 -1 5341 5429 5342 -1 5342 5429 5430 -1 5342 5430 5343 -1 5343 5430 5431 -1 5343 5431 5344 -1 5344 5431 5432 -1 5344 5432 5345 -1 5345 5432 5433 -1 5345 5433 5346 -1 5346 5433 5434 -1 5346 5434 5347 -1 5347 5434 5435 -1 5347 5435 5348 -1 5348 5435 5436 -1 5348 5436 5349 -1 5349 5436 5437 -1 5349 5437 5350 -1 5350 5437 5438 -1 5350 5438 5351 -1 5351 5438 5439 -1 5351 5439 5352 -1 5352 5439 5440 -1 5352 5440 5353 -1 5353 5440 5441 -1 5353 5441 5354 -1 5354 5441 5442 -1 5354 5442 5355 -1 5355 5442 5443 -1 5355 5443 5356 -1 5356 5443 5444 -1 5356 5444 5357 -1 5357 5444 5445 -1 5357 5445 5358 -1 5358 5445 5446 -1 5358 5446 5359 -1 5359 5446 5447 -1 5359 5447 5360 -1 5360 5447 5448 -1 5360 5448 5361 -1 5361 5448 5449 -1 5361 5449 5362 -1 5362 5449 5450 -1 5362 5450 5363 -1 5363 5450 5451 -1 5363 5451 5364 -1 5364 5451 5452 -1 5364 5452 5365 -1 5365 5452 5453 -1 5365 5453 5366 -1 5366 5453 5454 -1 5366 5454 5367 -1 5367 5454 5455 -1 5367 5455 5368 -1 5368 5455 5456 -1 5368 5456 5369 -1 5369 5456 5457 -1 5369 5457 89 -1 5370 0 5458 -1 5370 5458 5371 -1 5371 5458 5459 -1 5371 5459 5372 -1 5372 5459 5460 -1 5372 5460 5373 -1 5373 5460 5461 -1 5373 5461 5374 -1 5374 5461 5462 -1 5374 5462 5375 -1 5375 5462 5463 -1 5375 5463 5376 -1 5376 5463 5464 -1 5376 5464 5377 -1 5377 5464 5465 -1 5377 5465 5378 -1 5378 5465 5466 -1 5378 5466 5379 -1 5379 5466 5467 -1 5379 5467 5380 -1 5380 5467 5468 -1 5380 5468 5381 -1 5381 5468 5469 -1 5381 5469 5382 -1 5382 5469 5470 -1 5382 5470 5383 -1 5383 5470 5471 -1 5383 5471 5384 -1 5384 5471 5472 -1 5384 5472 5385 -1 5385 5472 5473 -1 5385 5473 5386 -1 5386 5473 5474 -1 5386 5474 5387 -1 5387 5474 5475 -1 5387 5475 5388 -1 5388 5475 5476 -1 5388 5476 5389 -1 5389 5476 5477 -1 5389 5477 5390 -1 5390 5477 5478 -1 5390 5478 5391 -1 5391 5478 5479 -1 5391 5479 5392 -1 5392 5479 5480 -1 5392 5480 5393 -1 5393 5480 5481 -1 5393 5481 5394 -1 5394 5481 5482 -1 5394 5482 5395 -1 5395 5482 5483 -1 5395 5483 5396 -1 5396 5483 5484 -1 5396 5484 5397 -1 5397 5484 5485 -1 5397 5485 5398 -1 5398 5485 5486 -1 5398 5486 5399 -1 5399 5486 5487 -1 5399 5487 5400 -1 5400 5487 5488 -1 5400 5488 5401 -1 5401 5488 5489 -1 5401 5489 5402 -1 5402 5489 5490 -1 5402 5490 5403 -1 5403 5490 5491 -1 5403 5491 5404 -1 5404 5491 5492 -1 5404 5492 5405 -1 5405 5492 5493 -1 5405 5493 5406 -1 5406 5493 5494 -1 5406 5494 5407 -1 5407 5494 5495 -1 5407 5495 5408 -1 5408 5495 5496 -1 5408 5496 5409 -1 5409 5496 5497 -1 5409 5497 5410 -1 5410 5497 5498 -1 5410 5498 5411 -1 5411 5498 5499 -1 5411 5499 5412 -1 5412 5499 5500 -1 5412 5500 5413 -1 5413 5500 5501 -1 5413 5501 5414 -1 5414 5501 5502 -1 5414 5502 5415 -1 5415 5502 5503 -1 5415 5503 5416 -1 5416 5503 5504 -1 5416 5504 5417 -1 5417 5504 5505 -1 5417 5505 5418 -1 5418 5505 5506 -1 5418 5506 5419 -1 5419 5506 5507 -1 5419 5507 5420 -1 5420 5507 5508 -1 5420 5508 5421 -1 5421 5508 5509 -1 5421 5509 5422 -1 5422 5509 5510 -1 5422 5510 5423 -1 5423 5510 5511 -1 5423 5511 5424 -1 5424 5511 5512 -1 5424 5512 5425 -1 5425 5512 5513 -1 5425 5513 5426 -1 5426 5513 5514 -1 5426 5514 5427 -1 5427 5514 5515 -1 5427 5515 5428 -1 5428 5515 5516 -1 5428 5516 5429 -1 5429 5516 5517 -1 5429 5517 5430 -1 5430 5517 5518 -1 5430 5518 5431 -1 5431 5518 5519 -1 5431 5519 5432 -1 5432 5519 5520 -1 5432 5520 5433 -1 5433 5520 5521 -1 5433 5521 5434 -1 5434 5521 5522 -1 5434 5522 5435 -1 5435 5522 5523 -1 5435 5523 5436 -1 5436 5523 5524 -1 5436 5524 5437 -1 5437 5524 5525 -1 5437 5525 5438 -1 5438 5525 5526 -1 5438 5526 5439 -1 5439 5526 5527 -1 5439 5527 5440 -1 5440 5527 5528 -1 5440 5528 5441 -1 5441 5528 5529 -1 5441 5529 5442 -1 5442 5529 5530 -1 5442 5530 5443 -1 5443 5530 5531 -1 5443 5531 5444 -1 5444 5531 5532 -1 5444 5532 5445 -1 5445 5532 5533 -1 5445 5533 5446 -1 5446 5533 5534 -1 5446 5534 5447 -1 5447 5534 5535 -1 5447 5535 5448 -1 5448 5535 5536 -1 5448 5536 5449 -1 5449 5536 5537 -1 5449 5537 5450 -1 5450 5537 5538 -1 5450 5538 5451 -1 5451 5538 5539 -1 5451 5539 5452 -1 5452 5539 5540 -1 5452 5540 5453 -1 5453 5540 5541 -1 5453 5541 5454 -1 5454 5541 5542 -1 5454 5542 5455 -1 5455 5542 5543 -1 5455 5543 5456 -1 5456 5543 5544 -1 5456 5544 5457 -1 5457 5544 5545 -1 5457 5545 89 -1 5458 0 5546 -1 5458 5546 5459 -1 5459 5546 5547 -1 5459 5547 5460 -1 5460 5547 5548 -1 5460 5548 5461 -1 5461 5548 5549 -1 5461 5549 5462 -1 5462 5549 5550 -1 5462 5550 5463 -1 5463 5550 5551 -1 5463 5551 5464 -1 5464 5551 5552 -1 5464 5552 5465 -1 5465 5552 5553 -1 5465 5553 5466 -1 5466 5553 5554 -1 5466 5554 5467 -1 5467 5554 5555 -1 5467 5555 5468 -1 5468 5555 5556 -1 5468 5556 5469 -1 5469 5556 5557 -1 5469 5557 5470 -1 5470 5557 5558 -1 5470 5558 5471 -1 5471 5558 5559 -1 5471 5559 5472 -1 5472 5559 5560 -1 5472 5560 5473 -1 5473 5560 5561 -1 5473 5561 5474 -1 5474 5561 5562 -1 5474 5562 5475 -1 5475 5562 5563 -1 5475 5563 5476 -1 5476 5563 5564 -1 5476 5564 5477 -1 5477 5564 5565 -1 5477 5565 5478 -1 5478 5565 5566 -1 5478 5566 5479 -1 5479 5566 5567 -1 5479 5567 5480 -1 5480 5567 5568 -1 5480 5568 5481 -1 5481 5568 5569 -1 5481 5569 5482 -1 5482 5569 5570 -1 5482 5570 5483 -1 5483 5570 5571 -1 5483 5571 5484 -1 5484 5571 5572 -1 5484 5572 5485 -1 5485 5572 5573 -1 5485 5573 5486 -1 5486 5573 5574 -1 5486 5574 5487 -1 5487 5574 5575 -1 5487 5575 5488 -1 5488 5575 5576 -1 5488 5576 5489 -1 5489 5576 5577 -1 5489 5577 5490 -1 5490 5577 5578 -1 5490 5578 5491 -1 5491 5578 5579 -1 5491 5579 5492 -1 5492 5579 5580 -1 5492 5580 5493 -1 5493 5580 5581 -1 5493 5581 5494 -1 5494 5581 5582 -1 5494 5582 5495 -1 5495 5582 5583 -1 5495 5583 5496 -1 5496 5583 5584 -1 5496 5584 5497 -1 5497 5584 5585 -1 5497 5585 5498 -1 5498 5585 5586 -1 5498 5586 5499 -1 5499 5586 5587 -1 5499 5587 5500 -1 5500 5587 5588 -1 5500 5588 5501 -1 5501 5588 5589 -1 5501 5589 5502 -1 5502 5589 5590 -1 5502 5590 5503 -1 5503 5590 5591 -1 5503 5591 5504 -1 5504 5591 5592 -1 5504 5592 5505 -1 5505 5592 5593 -1 5505 5593 5506 -1 5506 5593 5594 -1 5506 5594 5507 -1 5507 5594 5595 -1 5507 5595 5508 -1 5508 5595 5596 -1 5508 5596 5509 -1 5509 5596 5597 -1 5509 5597 5510 -1 5510 5597 5598 -1 5510 5598 5511 -1 5511 5598 5599 -1 5511 5599 5512 -1 5512 5599 5600 -1 5512 5600 5513 -1 5513 5600 5601 -1 5513 5601 5514 -1 5514 5601 5602 -1 5514 5602 5515 -1 5515 5602 5603 -1 5515 5603 5516 -1 5516 5603 5604 -1 5516 5604 5517 -1 5517 5604 5605 -1 5517 5605 5518 -1 5518 5605 5606 -1 5518 5606 5519 -1 5519 5606 5607 -1 5519 5607 5520 -1 5520 5607 5608 -1 5520 5608 5521 -1 5521 5608 5609 -1 5521 5609 5522 -1 5522 5609 5610 -1 5522 5610 5523 -1 5523 5610 5611 -1 5523 5611 5524 -1 5524 5611 5612 -1 5524 5612 5525 -1 5525 5612 5613 -1 5525 5613 5526 -1 5526 5613 5614 -1 5526 5614 5527 -1 5527 5614 5615 -1 5527 5615 5528 -1 5528 5615 5616 -1 5528 5616 5529 -1 5529 5616 5617 -1 5529 5617 5530 -1 5530 5617 5618 -1 5530 5618 5531 -1 5531 5618 5619 -1 5531 5619 5532 -1 5532 5619 5620 -1 5532 5620 5533 -1 5533 5620 5621 -1 5533 5621 5534 -1 5534 5621 5622 -1 5534 5622 5535 -1 5535 5622 5623 -1 5535 5623 5536 -1 5536 5623 5624 -1 5536 5624 5537 -1 5537 5624 5625 -1 5537 5625 5538 -1 5538 5625 5626 -1 5538 5626 5539 -1 5539 5626 5627 -1 5539 5627 5540 -1 5540 5627 5628 -1 5540 5628 5541 -1 5541 5628 5629 -1 5541 5629 5542 -1 5542 5629 5630 -1 5542 5630 5543 -1 5543 5630 5631 -1 5543 5631 5544 -1 5544 5631 5632 -1 5544 5632 5545 -1 5545 5632 5633 -1 5545 5633 89 -1 5546 0 5634 -1 5546 5634 5547 -1 5547 5634 5635 -1 5547 5635 5548 -1 5548 5635 5636 -1 5548 5636 5549 -1 5549 5636 5637 -1 5549 5637 5550 -1 5550 5637 5638 -1 5550 5638 5551 -1 5551 5638 5639 -1 5551 5639 5552 -1 5552 5639 5640 -1 5552 5640 5553 -1 5553 5640 5641 -1 5553 5641 5554 -1 5554 5641 5642 -1 5554 5642 5555 -1 5555 5642 5643 -1 5555 5643 5556 -1 5556 5643 5644 -1 5556 5644 5557 -1 5557 5644 5645 -1 5557 5645 5558 -1 5558 5645 5646 -1 5558 5646 5559 -1 5559 5646 5647 -1 5559 5647 5560 -1 5560 5647 5648 -1 5560 5648 5561 -1 5561 5648 5649 -1 5561 5649 5562 -1 5562 5649 5650 -1 5562 5650 5563 -1 5563 5650 5651 -1 5563 5651 5564 -1 5564 5651 5652 -1 5564 5652 5565 -1 5565 5652 5653 -1 5565 5653 5566 -1 5566 5653 5654 -1 5566 5654 5567 -1 5567 5654 5655 -1 5567 5655 5568 -1 5568 5655 5656 -1 5568 5656 5569 -1 5569 5656 5657 -1 5569 5657 5570 -1 5570 5657 5658 -1 5570 5658 5571 -1 5571 5658 5659 -1 5571 5659 5572 -1 5572 5659 5660 -1 5572 5660 5573 -1 5573 5660 5661 -1 5573 5661 5574 -1 5574 5661 5662 -1 5574 5662 5575 -1 5575 5662 5663 -1 5575 5663 5576 -1 5576 5663 5664 -1 5576 5664 5577 -1 5577 5664 5665 -1 5577 5665 5578 -1 5578 5665 5666 -1 5578 5666 5579 -1 5579 5666 5667 -1 5579 5667 5580 -1 5580 5667 5668 -1 5580 5668 5581 -1 5581 5668 5669 -1 5581 5669 5582 -1 5582 5669 5670 -1 5582 5670 5583 -1 5583 5670 5671 -1 5583 5671 5584 -1 5584 5671 5672 -1 5584 5672 5585 -1 5585 5672 5673 -1 5585 5673 5586 -1 5586 5673 5674 -1 5586 5674 5587 -1 5587 5674 5675 -1 5587 5675 5588 -1 5588 5675 5676 -1 5588 5676 5589 -1 5589 5676 5677 -1 5589 5677 5590 -1 5590 5677 5678 -1 5590 5678 5591 -1 5591 5678 5679 -1 5591 5679 5592 -1 5592 5679 5680 -1 5592 5680 5593 -1 5593 5680 5681 -1 5593 5681 5594 -1 5594 5681 5682 -1 5594 5682 5595 -1 5595 5682 5683 -1 5595 5683 5596 -1 5596 5683 5684 -1 5596 5684 5597 -1 5597 5684 5685 -1 5597 5685 5598 -1 5598 5685 5686 -1 5598 5686 5599 -1 5599 5686 5687 -1 5599 5687 5600 -1 5600 5687 5688 -1 5600 5688 5601 -1 5601 5688 5689 -1 5601 5689 5602 -1 5602 5689 5690 -1 5602 5690 5603 -1 5603 5690 5691 -1 5603 5691 5604 -1 5604 5691 5692 -1 5604 5692 5605 -1 5605 5692 5693 -1 5605 5693 5606 -1 5606 5693 5694 -1 5606 5694 5607 -1 5607 5694 5695 -1 5607 5695 5608 -1 5608 5695 5696 -1 5608 5696 5609 -1 5609 5696 5697 -1 5609 5697 5610 -1 5610 5697 5698 -1 5610 5698 5611 -1 5611 5698 5699 -1 5611 5699 5612 -1 5612 5699 5700 -1 5612 5700 5613 -1 5613 5700 5701 -1 5613 5701 5614 -1 5614 5701 5702 -1 5614 5702 5615 -1 5615 5702 5703 -1 5615 5703 5616 -1 5616 5703 5704 -1 5616 5704 5617 -1 5617 5704 5705 -1 5617 5705 5618 -1 5618 5705 5706 -1 5618 5706 5619 -1 5619 5706 5707 -1 5619 5707 5620 -1 5620 5707 5708 -1 5620 5708 5621 -1 5621 5708 5709 -1 5621 5709 5622 -1 5622 5709 5710 -1 5622 5710 5623 -1 5623 5710 5711 -1 5623 5711 5624 -1 5624 5711 5712 -1 5624 5712 5625 -1 5625 5712 5713 -1 5625 5713 5626 -1 5626 5713 5714 -1 5626 5714 5627 -1 5627 5714 5715 -1 5627 5715 5628 -1 5628 5715 5716 -1 5628 5716 5629 -1 5629 5716 5717 -1 5629 5717 5630 -1 5630 5717 5718 -1 5630 5718 5631 -1 5631 5718 5719 -1 5631 5719 5632 -1 5632 5719 5720 -1 5632 5720 5633 -1 5633 5720 5721 -1 5633 5721 89 -1 5634 0 5722 -1 5634 5722 5635 -1 5635 5722 5723 -1 5635 5723 5636 -1 5636 5723 5724 -1 5636 5724 5637 -1 5637 5724 5725 -1 5637 5725 5638 -1 5638 5725 5726 -1 5638 5726 5639 -1 5639 5726 5727 -1 5639 5727 5640 -1 5640 5727 5728 -1 5640 5728 5641 -1 5641 5728 5729 -1 5641 5729 5642 -1 5642 5729 5730 -1 5642 5730 5643 -1 5643 5730 5731 -1 5643 5731 5644 -1 5644 5731 5732 -1 5644 5732 5645 -1 5645 5732 5733 -1 5645 5733 5646 -1 5646 5733 5734 -1 5646 5734 5647 -1 5647 5734 5735 -1 5647 5735 5648 -1 5648 5735 5736 -1 5648 5736 5649 -1 5649 5736 5737 -1 5649 5737 5650 -1 5650 5737 5738 -1 5650 5738 5651 -1 5651 5738 5739 -1 5651 5739 5652 -1 5652 5739 5740 -1 5652 5740 5653 -1 5653 5740 5741 -1 5653 5741 5654 -1 5654 5741 5742 -1 5654 5742 5655 -1 5655 5742 5743 -1 5655 5743 5656 -1 5656 5743 5744 -1 5656 5744 5657 -1 5657 5744 5745 -1 5657 5745 5658 -1 5658 5745 5746 -1 5658 5746 5659 -1 5659 5746 5747 -1 5659 5747 5660 -1 5660 5747 5748 -1 5660 5748 5661 -1 5661 5748 5749 -1 5661 5749 5662 -1 5662 5749 5750 -1 5662 5750 5663 -1 5663 5750 5751 -1 5663 5751 5664 -1 5664 5751 5752 -1 5664 5752 5665 -1 5665 5752 5753 -1 5665 5753 5666 -1 5666 5753 5754 -1 5666 5754 5667 -1 5667 5754 5755 -1 5667 5755 5668 -1 5668 5755 5756 -1 5668 5756 5669 -1 5669 5756 5757 -1 5669 5757 5670 -1 5670 5757 5758 -1 5670 5758 5671 -1 5671 5758 5759 -1 5671 5759 5672 -1 5672 5759 5760 -1 5672 5760 5673 -1 5673 5760 5761 -1 5673 5761 5674 -1 5674 5761 5762 -1 5674 5762 5675 -1 5675 5762 5763 -1 5675 5763 5676 -1 5676 5763 5764 -1 5676 5764 5677 -1 5677 5764 5765 -1 5677 5765 5678 -1 5678 5765 5766 -1 5678 5766 5679 -1 5679 5766 5767 -1 5679 5767 5680 -1 5680 5767 5768 -1 5680 5768 5681 -1 5681 5768 5769 -1 5681 5769 5682 -1 5682 5769 5770 -1 5682 5770 5683 -1 5683 5770 5771 -1 5683 5771 5684 -1 5684 5771 5772 -1 5684 5772 5685 -1 5685 5772 5773 -1 5685 5773 5686 -1 5686 5773 5774 -1 5686 5774 5687 -1 5687 5774 5775 -1 5687 5775 5688 -1 5688 5775 5776 -1 5688 5776 5689 -1 5689 5776 5777 -1 5689 5777 5690 -1 5690 5777 5778 -1 5690 5778 5691 -1 5691 5778 5779 -1 5691 5779 5692 -1 5692 5779 5780 -1 5692 5780 5693 -1 5693 5780 5781 -1 5693 5781 5694 -1 5694 5781 5782 -1 5694 5782 5695 -1 5695 5782 5783 -1 5695 5783 5696 -1 5696 5783 5784 -1 5696 5784 5697 -1 5697 5784 5785 -1 5697 5785 5698 -1 5698 5785 5786 -1 5698 5786 5699 -1 5699 5786 5787 -1 5699 5787 5700 -1 5700 5787 5788 -1 5700 5788 5701 -1 5701 5788 5789 -1 5701 5789 5702 -1 5702 5789 5790 -1 5702 5790 5703 -1 5703 5790 5791 -1 5703 5791 5704 -1 5704 5791 5792 -1 5704 5792 5705 -1 5705 5792 5793 -1 5705 5793 5706 -1 5706 5793 5794 -1 5706 5794 5707 -1 5707 5794 5795 -1 5707 5795 5708 -1 5708 5795 5796 -1 5708 5796 5709 -1 5709 5796 5797 -1 5709 5797 5710 -1 5710 5797 5798 -1 5710 5798 5711 -1 5711 5798 5799 -1 5711 5799 5712 -1 5712 5799 5800 -1 5712 5800 5713 -1 5713 5800 5801 -1 5713 5801 5714 -1 5714 5801 5802 -1 5714 5802 5715 -1 5715 5802 5803 -1 5715 5803 5716 -1 5716 5803 5804 -1 5716 5804 5717 -1 5717 5804 5805 -1 5717 5805 5718 -1 5718 5805 5806 -1 5718 5806 5719 -1 5719 5806 5807 -1 5719 5807 5720 -1 5720 5807 5808 -1 5720 5808 5721 -1 5721 5808 5809 -1 5721 5809 89 -1 5722 0 5810 -1 5722 5810 5723 -1 5723 5810 5811 -1 5723 5811 5724 -1 5724 5811 5812 -1 5724 5812 5725 -1 5725 5812 5813 -1 5725 5813 5726 -1 5726 5813 5814 -1 5726 5814 5727 -1 5727 5814 5815 -1 5727 5815 5728 -1 5728 5815 5816 -1 5728 5816 5729 -1 5729 5816 5817 -1 5729 5817 5730 -1 5730 5817 5818 -1 5730 5818 5731 -1 5731 5818 5819 -1 5731 5819 5732 -1 5732 5819 5820 -1 5732 5820 5733 -1 5733 5820 5821 -1 5733 5821 5734 -1 5734 5821 5822 -1 5734 5822 5735 -1 5735 5822 5823 -1 5735 5823 5736 -1 5736 5823 5824 -1 5736 5824 5737 -1 5737 5824 5825 -1 5737 5825 5738 -1 5738 5825 5826 -1 5738 5826 5739 -1 5739 5826 5827 -1 5739 5827 5740 -1 5740 5827 5828 -1 5740 5828 5741 -1 5741 5828 5829 -1 5741 5829 5742 -1 5742 5829 5830 -1 5742 5830 5743 -1 5743 5830 5831 -1 5743 5831 5744 -1 5744 5831 5832 -1 5744 5832 5745 -1 5745 5832 5833 -1 5745 5833 5746 -1 5746 5833 5834 -1 5746 5834 5747 -1 5747 5834 5835 -1 5747 5835 5748 -1 5748 5835 5836 -1 5748 5836 5749 -1 5749 5836 5837 -1 5749 5837 5750 -1 5750 5837 5838 -1 5750 5838 5751 -1 5751 5838 5839 -1 5751 5839 5752 -1 5752 5839 5840 -1 5752 5840 5753 -1 5753 5840 5841 -1 5753 5841 5754 -1 5754 5841 5842 -1 5754 5842 5755 -1 5755 5842 5843 -1 5755 5843 5756 -1 5756 5843 5844 -1 5756 5844 5757 -1 5757 5844 5845 -1 5757 5845 5758 -1 5758 5845 5846 -1 5758 5846 5759 -1 5759 5846 5847 -1 5759 5847 5760 -1 5760 5847 5848 -1 5760 5848 5761 -1 5761 5848 5849 -1 5761 5849 5762 -1 5762 5849 5850 -1 5762 5850 5763 -1 5763 5850 5851 -1 5763 5851 5764 -1 5764 5851 5852 -1 5764 5852 5765 -1 5765 5852 5853 -1 5765 5853 5766 -1 5766 5853 5854 -1 5766 5854 5767 -1 5767 5854 5855 -1 5767 5855 5768 -1 5768 5855 5856 -1 5768 5856 5769 -1 5769 5856 5857 -1 5769 5857 5770 -1 5770 5857 5858 -1 5770 5858 5771 -1 5771 5858 5859 -1 5771 5859 5772 -1 5772 5859 5860 -1 5772 5860 5773 -1 5773 5860 5861 -1 5773 5861 5774 -1 5774 5861 5862 -1 5774 5862 5775 -1 5775 5862 5863 -1 5775 5863 5776 -1 5776 5863 5864 -1 5776 5864 5777 -1 5777 5864 5865 -1 5777 5865 5778 -1 5778 5865 5866 -1 5778 5866 5779 -1 5779 5866 5867 -1 5779 5867 5780 -1 5780 5867 5868 -1 5780 5868 5781 -1 5781 5868 5869 -1 5781 5869 5782 -1 5782 5869 5870 -1 5782 5870 5783 -1 5783 5870 5871 -1 5783 5871 5784 -1 5784 5871 5872 -1 5784 5872 5785 -1 5785 5872 5873 -1 5785 5873 5786 -1 5786 5873 5874 -1 5786 5874 5787 -1 5787 5874 5875 -1 5787 5875 5788 -1 5788 5875 5876 -1 5788 5876 5789 -1 5789 5876 5877 -1 5789 5877 5790 -1 5790 5877 5878 -1 5790 5878 5791 -1 5791 5878 5879 -1 5791 5879 5792 -1 5792 5879 5880 -1 5792 5880 5793 -1 5793 5880 5881 -1 5793 5881 5794 -1 5794 5881 5882 -1 5794 5882 5795 -1 5795 5882 5883 -1 5795 5883 5796 -1 5796 5883 5884 -1 5796 5884 5797 -1 5797 5884 5885 -1 5797 5885 5798 -1 5798 5885 5886 -1 5798 5886 5799 -1 5799 5886 5887 -1 5799 5887 5800 -1 5800 5887 5888 -1 5800 5888 5801 -1 5801 5888 5889 -1 5801 5889 5802 -1 5802 5889 5890 -1 5802 5890 5803 -1 5803 5890 5891 -1 5803 5891 5804 -1 5804 5891 5892 -1 5804 5892 5805 -1 5805 5892 5893 -1 5805 5893 5806 -1 5806 5893 5894 -1 5806 5894 5807 -1 5807 5894 5895 -1 5807 5895 5808 -1 5808 5895 5896 -1 5808 5896 5809 -1 5809 5896 5897 -1 5809 5897 89 -1 5810 0 5898 -1 5810 5898 5811 -1 5811 5898 5899 -1 5811 5899 5812 -1 5812 5899 5900 -1 5812 5900 5813 -1 5813 5900 5901 -1 5813 5901 5814 -1 5814 5901 5902 -1 5814 5902 5815 -1 5815 5902 5903 -1 5815 5903 5816 -1 5816 5903 5904 -1 5816 5904 5817 -1 5817 5904 5905 -1 5817 5905 5818 -1 5818 5905 5906 -1 5818 5906 5819 -1 5819 5906 5907 -1 5819 5907 5820 -1 5820 5907 5908 -1 5820 5908 5821 -1 5821 5908 5909 -1 5821 5909 5822 -1 5822 5909 5910 -1 5822 5910 5823 -1 5823 5910 5911 -1 5823 5911 5824 -1 5824 5911 5912 -1 5824 5912 5825 -1 5825 5912 5913 -1 5825 5913 5826 -1 5826 5913 5914 -1 5826 5914 5827 -1 5827 5914 5915 -1 5827 5915 5828 -1 5828 5915 5916 -1 5828 5916 5829 -1 5829 5916 5917 -1 5829 5917 5830 -1 5830 5917 5918 -1 5830 5918 5831 -1 5831 5918 5919 -1 5831 5919 5832 -1 5832 5919 5920 -1 5832 5920 5833 -1 5833 5920 5921 -1 5833 5921 5834 -1 5834 5921 5922 -1 5834 5922 5835 -1 5835 5922 5923 -1 5835 5923 5836 -1 5836 5923 5924 -1 5836 5924 5837 -1 5837 5924 5925 -1 5837 5925 5838 -1 5838 5925 5926 -1 5838 5926 5839 -1 5839 5926 5927 -1 5839 5927 5840 -1 5840 5927 5928 -1 5840 5928 5841 -1 5841 5928 5929 -1 5841 5929 5842 -1 5842 5929 5930 -1 5842 5930 5843 -1 5843 5930 5931 -1 5843 5931 5844 -1 5844 5931 5932 -1 5844 5932 5845 -1 5845 5932 5933 -1 5845 5933 5846 -1 5846 5933 5934 -1 5846 5934 5847 -1 5847 5934 5935 -1 5847 5935 5848 -1 5848 5935 5936 -1 5848 5936 5849 -1 5849 5936 5937 -1 5849 5937 5850 -1 5850 5937 5938 -1 5850 5938 5851 -1 5851 5938 5939 -1 5851 5939 5852 -1 5852 5939 5940 -1 5852 5940 5853 -1 5853 5940 5941 -1 5853 5941 5854 -1 5854 5941 5942 -1 5854 5942 5855 -1 5855 5942 5943 -1 5855 5943 5856 -1 5856 5943 5944 -1 5856 5944 5857 -1 5857 5944 5945 -1 5857 5945 5858 -1 5858 5945 5946 -1 5858 5946 5859 -1 5859 5946 5947 -1 5859 5947 5860 -1 5860 5947 5948 -1 5860 5948 5861 -1 5861 5948 5949 -1 5861 5949 5862 -1 5862 5949 5950 -1 5862 5950 5863 -1 5863 5950 5951 -1 5863 5951 5864 -1 5864 5951 5952 -1 5864 5952 5865 -1 5865 5952 5953 -1 5865 5953 5866 -1 5866 5953 5954 -1 5866 5954 5867 -1 5867 5954 5955 -1 5867 5955 5868 -1 5868 5955 5956 -1 5868 5956 5869 -1 5869 5956 5957 -1 5869 5957 5870 -1 5870 5957 5958 -1 5870 5958 5871 -1 5871 5958 5959 -1 5871 5959 5872 -1 5872 5959 5960 -1 5872 5960 5873 -1 5873 5960 5961 -1 5873 5961 5874 -1 5874 5961 5962 -1 5874 5962 5875 -1 5875 5962 5963 -1 5875 5963 5876 -1 5876 5963 5964 -1 5876 5964 5877 -1 5877 5964 5965 -1 5877 5965 5878 -1 5878 5965 5966 -1 5878 5966 5879 -1 5879 5966 5967 -1 5879 5967 5880 -1 5880 5967 5968 -1 5880 5968 5881 -1 5881 5968 5969 -1 5881 5969 5882 -1 5882 5969 5970 -1 5882 5970 5883 -1 5883 5970 5971 -1 5883 5971 5884 -1 5884 5971 5972 -1 5884 5972 5885 -1 5885 5972 5973 -1 5885 5973 5886 -1 5886 5973 5974 -1 5886 5974 5887 -1 5887 5974 5975 -1 5887 5975 5888 -1 5888 5975 5976 -1 5888 5976 5889 -1 5889 5976 5977 -1 5889 5977 5890 -1 5890 5977 5978 -1 5890 5978 5891 -1 5891 5978 5979 -1 5891 5979 5892 -1 5892 5979 5980 -1 5892 5980 5893 -1 5893 5980 5981 -1 5893 5981 5894 -1 5894 5981 5982 -1 5894 5982 5895 -1 5895 5982 5983 -1 5895 5983 5896 -1 5896 5983 5984 -1 5896 5984 5897 -1 5897 5984 5985 -1 5897 5985 89 -1 5898 0 5986 -1 5898 5986 5899 -1 5899 5986 5987 -1 5899 5987 5900 -1 5900 5987 5988 -1 5900 5988 5901 -1 5901 5988 5989 -1 5901 5989 5902 -1 5902 5989 5990 -1 5902 5990 5903 -1 5903 5990 5991 -1 5903 5991 5904 -1 5904 5991 5992 -1 5904 5992 5905 -1 5905 5992 5993 -1 5905 5993 5906 -1 5906 5993 5994 -1 5906 5994 5907 -1 5907 5994 5995 -1 5907 5995 5908 -1 5908 5995 5996 -1 5908 5996 5909 -1 5909 5996 5997 -1 5909 5997 5910 -1 5910 5997 5998 -1 5910 5998 5911 -1 5911 5998 5999 -1 5911 5999 5912 -1 5912 5999 6000 -1 5912 6000 5913 -1 5913 6000 6001 -1 5913 6001 5914 -1 5914 6001 6002 -1 5914 6002 5915 -1 5915 6002 6003 -1 5915 6003 5916 -1 5916 6003 6004 -1 5916 6004 5917 -1 5917 6004 6005 -1 5917 6005 5918 -1 5918 6005 6006 -1 5918 6006 5919 -1 5919 6006 6007 -1 5919 6007 5920 -1 5920 6007 6008 -1 5920 6008 5921 -1 5921 6008 6009 -1 5921 6009 5922 -1 5922 6009 6010 -1 5922 6010 5923 -1 5923 6010 6011 -1 5923 6011 5924 -1 5924 6011 6012 -1 5924 6012 5925 -1 5925 6012 6013 -1 5925 6013 5926 -1 5926 6013 6014 -1 5926 6014 5927 -1 5927 6014 6015 -1 5927 6015 5928 -1 5928 6015 6016 -1 5928 6016 5929 -1 5929 6016 6017 -1 5929 6017 5930 -1 5930 6017 6018 -1 5930 6018 5931 -1 5931 6018 6019 -1 5931 6019 5932 -1 5932 6019 6020 -1 5932 6020 5933 -1 5933 6020 6021 -1 5933 6021 5934 -1 5934 6021 6022 -1 5934 6022 5935 -1 5935 6022 6023 -1 5935 6023 5936 -1 5936 6023 6024 -1 5936 6024 5937 -1 5937 6024 6025 -1 5937 6025 5938 -1 5938 6025 6026 -1 5938 6026 5939 -1 5939 6026 6027 -1 5939 6027 5940 -1 5940 6027 6028 -1 5940 6028 5941 -1 5941 6028 6029 -1 5941 6029 5942 -1 5942 6029 6030 -1 5942 6030 5943 -1 5943 6030 6031 -1 5943 6031 5944 -1 5944 6031 6032 -1 5944 6032 5945 -1 5945 6032 6033 -1 5945 6033 5946 -1 5946 6033 6034 -1 5946 6034 5947 -1 5947 6034 6035 -1 5947 6035 5948 -1 5948 6035 6036 -1 5948 6036 5949 -1 5949 6036 6037 -1 5949 6037 5950 -1 5950 6037 6038 -1 5950 6038 5951 -1 5951 6038 6039 -1 5951 6039 5952 -1 5952 6039 6040 -1 5952 6040 5953 -1 5953 6040 6041 -1 5953 6041 5954 -1 5954 6041 6042 -1 5954 6042 5955 -1 5955 6042 6043 -1 5955 6043 5956 -1 5956 6043 6044 -1 5956 6044 5957 -1 5957 6044 6045 -1 5957 6045 5958 -1 5958 6045 6046 -1 5958 6046 5959 -1 5959 6046 6047 -1 5959 6047 5960 -1 5960 6047 6048 -1 5960 6048 5961 -1 5961 6048 6049 -1 5961 6049 5962 -1 5962 6049 6050 -1 5962 6050 5963 -1 5963 6050 6051 -1 5963 6051 5964 -1 5964 6051 6052 -1 5964 6052 5965 -1 5965 6052 6053 -1 5965 6053 5966 -1 5966 6053 6054 -1 5966 6054 5967 -1 5967 6054 6055 -1 5967 6055 5968 -1 5968 6055 6056 -1 5968 6056 5969 -1 5969 6056 6057 -1 5969 6057 5970 -1 5970 6057 6058 -1 5970 6058 5971 -1 5971 6058 6059 -1 5971 6059 5972 -1 5972 6059 6060 -1 5972 6060 5973 -1 5973 6060 6061 -1 5973 6061 5974 -1 5974 6061 6062 -1 5974 6062 5975 -1 5975 6062 6063 -1 5975 6063 5976 -1 5976 6063 6064 -1 5976 6064 5977 -1 5977 6064 6065 -1 5977 6065 5978 -1 5978 6065 6066 -1 5978 6066 5979 -1 5979 6066 6067 -1 5979 6067 5980 -1 5980 6067 6068 -1 5980 6068 5981 -1 5981 6068 6069 -1 5981 6069 5982 -1 5982 6069 6070 -1 5982 6070 5983 -1 5983 6070 6071 -1 5983 6071 5984 -1 5984 6071 6072 -1 5984 6072 5985 -1 5985 6072 6073 -1 5985 6073 89 -1 5986 0 6074 -1 5986 6074 5987 -1 5987 6074 6075 -1 5987 6075 5988 -1 5988 6075 6076 -1 5988 6076 5989 -1 5989 6076 6077 -1 5989 6077 5990 -1 5990 6077 6078 -1 5990 6078 5991 -1 5991 6078 6079 -1 5991 6079 5992 -1 5992 6079 6080 -1 5992 6080 5993 -1 5993 6080 6081 -1 5993 6081 5994 -1 5994 6081 6082 -1 5994 6082 5995 -1 5995 6082 6083 -1 5995 6083 5996 -1 5996 6083 6084 -1 5996 6084 5997 -1 5997 6084 6085 -1 5997 6085 5998 -1 5998 6085 6086 -1 5998 6086 5999 -1 5999 6086 6087 -1 5999 6087 6000 -1 6000 6087 6088 -1 6000 6088 6001 -1 6001 6088 6089 -1 6001 6089 6002 -1 6002 6089 6090 -1 6002 6090 6003 -1 6003 6090 6091 -1 6003 6091 6004 -1 6004 6091 6092 -1 6004 6092 6005 -1 6005 6092 6093 -1 6005 6093 6006 -1 6006 6093 6094 -1 6006 6094 6007 -1 6007 6094 6095 -1 6007 6095 6008 -1 6008 6095 6096 -1 6008 6096 6009 -1 6009 6096 6097 -1 6009 6097 6010 -1 6010 6097 6098 -1 6010 6098 6011 -1 6011 6098 6099 -1 6011 6099 6012 -1 6012 6099 6100 -1 6012 6100 6013 -1 6013 6100 6101 -1 6013 6101 6014 -1 6014 6101 6102 -1 6014 6102 6015 -1 6015 6102 6103 -1 6015 6103 6016 -1 6016 6103 6104 -1 6016 6104 6017 -1 6017 6104 6105 -1 6017 6105 6018 -1 6018 6105 6106 -1 6018 6106 6019 -1 6019 6106 6107 -1 6019 6107 6020 -1 6020 6107 6108 -1 6020 6108 6021 -1 6021 6108 6109 -1 6021 6109 6022 -1 6022 6109 6110 -1 6022 6110 6023 -1 6023 6110 6111 -1 6023 6111 6024 -1 6024 6111 6112 -1 6024 6112 6025 -1 6025 6112 6113 -1 6025 6113 6026 -1 6026 6113 6114 -1 6026 6114 6027 -1 6027 6114 6115 -1 6027 6115 6028 -1 6028 6115 6116 -1 6028 6116 6029 -1 6029 6116 6117 -1 6029 6117 6030 -1 6030 6117 6118 -1 6030 6118 6031 -1 6031 6118 6119 -1 6031 6119 6032 -1 6032 6119 6120 -1 6032 6120 6033 -1 6033 6120 6121 -1 6033 6121 6034 -1 6034 6121 6122 -1 6034 6122 6035 -1 6035 6122 6123 -1 6035 6123 6036 -1 6036 6123 6124 -1 6036 6124 6037 -1 6037 6124 6125 -1 6037 6125 6038 -1 6038 6125 6126 -1 6038 6126 6039 -1 6039 6126 6127 -1 6039 6127 6040 -1 6040 6127 6128 -1 6040 6128 6041 -1 6041 6128 6129 -1 6041 6129 6042 -1 6042 6129 6130 -1 6042 6130 6043 -1 6043 6130 6131 -1 6043 6131 6044 -1 6044 6131 6132 -1 6044 6132 6045 -1 6045 6132 6133 -1 6045 6133 6046 -1 6046 6133 6134 -1 6046 6134 6047 -1 6047 6134 6135 -1 6047 6135 6048 -1 6048 6135 6136 -1 6048 6136 6049 -1 6049 6136 6137 -1 6049 6137 6050 -1 6050 6137 6138 -1 6050 6138 6051 -1 6051 6138 6139 -1 6051 6139 6052 -1 6052 6139 6140 -1 6052 6140 6053 -1 6053 6140 6141 -1 6053 6141 6054 -1 6054 6141 6142 -1 6054 6142 6055 -1 6055 6142 6143 -1 6055 6143 6056 -1 6056 6143 6144 -1 6056 6144 6057 -1 6057 6144 6145 -1 6057 6145 6058 -1 6058 6145 6146 -1 6058 6146 6059 -1 6059 6146 6147 -1 6059 6147 6060 -1 6060 6147 6148 -1 6060 6148 6061 -1 6061 6148 6149 -1 6061 6149 6062 -1 6062 6149 6150 -1 6062 6150 6063 -1 6063 6150 6151 -1 6063 6151 6064 -1 6064 6151 6152 -1 6064 6152 6065 -1 6065 6152 6153 -1 6065 6153 6066 -1 6066 6153 6154 -1 6066 6154 6067 -1 6067 6154 6155 -1 6067 6155 6068 -1 6068 6155 6156 -1 6068 6156 6069 -1 6069 6156 6157 -1 6069 6157 6070 -1 6070 6157 6158 -1 6070 6158 6071 -1 6071 6158 6159 -1 6071 6159 6072 -1 6072 6159 6160 -1 6072 6160 6073 -1 6073 6160 6161 -1 6073 6161 89 -1 6074 0 6162 -1 6074 6162 6075 -1 6075 6162 6163 -1 6075 6163 6076 -1 6076 6163 6164 -1 6076 6164 6077 -1 6077 6164 6165 -1 6077 6165 6078 -1 6078 6165 6166 -1 6078 6166 6079 -1 6079 6166 6167 -1 6079 6167 6080 -1 6080 6167 6168 -1 6080 6168 6081 -1 6081 6168 6169 -1 6081 6169 6082 -1 6082 6169 6170 -1 6082 6170 6083 -1 6083 6170 6171 -1 6083 6171 6084 -1 6084 6171 6172 -1 6084 6172 6085 -1 6085 6172 6173 -1 6085 6173 6086 -1 6086 6173 6174 -1 6086 6174 6087 -1 6087 6174 6175 -1 6087 6175 6088 -1 6088 6175 6176 -1 6088 6176 6089 -1 6089 6176 6177 -1 6089 6177 6090 -1 6090 6177 6178 -1 6090 6178 6091 -1 6091 6178 6179 -1 6091 6179 6092 -1 6092 6179 6180 -1 6092 6180 6093 -1 6093 6180 6181 -1 6093 6181 6094 -1 6094 6181 6182 -1 6094 6182 6095 -1 6095 6182 6183 -1 6095 6183 6096 -1 6096 6183 6184 -1 6096 6184 6097 -1 6097 6184 6185 -1 6097 6185 6098 -1 6098 6185 6186 -1 6098 6186 6099 -1 6099 6186 6187 -1 6099 6187 6100 -1 6100 6187 6188 -1 6100 6188 6101 -1 6101 6188 6189 -1 6101 6189 6102 -1 6102 6189 6190 -1 6102 6190 6103 -1 6103 6190 6191 -1 6103 6191 6104 -1 6104 6191 6192 -1 6104 6192 6105 -1 6105 6192 6193 -1 6105 6193 6106 -1 6106 6193 6194 -1 6106 6194 6107 -1 6107 6194 6195 -1 6107 6195 6108 -1 6108 6195 6196 -1 6108 6196 6109 -1 6109 6196 6197 -1 6109 6197 6110 -1 6110 6197 6198 -1 6110 6198 6111 -1 6111 6198 6199 -1 6111 6199 6112 -1 6112 6199 6200 -1 6112 6200 6113 -1 6113 6200 6201 -1 6113 6201 6114 -1 6114 6201 6202 -1 6114 6202 6115 -1 6115 6202 6203 -1 6115 6203 6116 -1 6116 6203 6204 -1 6116 6204 6117 -1 6117 6204 6205 -1 6117 6205 6118 -1 6118 6205 6206 -1 6118 6206 6119 -1 6119 6206 6207 -1 6119 6207 6120 -1 6120 6207 6208 -1 6120 6208 6121 -1 6121 6208 6209 -1 6121 6209 6122 -1 6122 6209 6210 -1 6122 6210 6123 -1 6123 6210 6211 -1 6123 6211 6124 -1 6124 6211 6212 -1 6124 6212 6125 -1 6125 6212 6213 -1 6125 6213 6126 -1 6126 6213 6214 -1 6126 6214 6127 -1 6127 6214 6215 -1 6127 6215 6128 -1 6128 6215 6216 -1 6128 6216 6129 -1 6129 6216 6217 -1 6129 6217 6130 -1 6130 6217 6218 -1 6130 6218 6131 -1 6131 6218 6219 -1 6131 6219 6132 -1 6132 6219 6220 -1 6132 6220 6133 -1 6133 6220 6221 -1 6133 6221 6134 -1 6134 6221 6222 -1 6134 6222 6135 -1 6135 6222 6223 -1 6135 6223 6136 -1 6136 6223 6224 -1 6136 6224 6137 -1 6137 6224 6225 -1 6137 6225 6138 -1 6138 6225 6226 -1 6138 6226 6139 -1 6139 6226 6227 -1 6139 6227 6140 -1 6140 6227 6228 -1 6140 6228 6141 -1 6141 6228 6229 -1 6141 6229 6142 -1 6142 6229 6230 -1 6142 6230 6143 -1 6143 6230 6231 -1 6143 6231 6144 -1 6144 6231 6232 -1 6144 6232 6145 -1 6145 6232 6233 -1 6145 6233 6146 -1 6146 6233 6234 -1 6146 6234 6147 -1 6147 6234 6235 -1 6147 6235 6148 -1 6148 6235 6236 -1 6148 6236 6149 -1 6149 6236 6237 -1 6149 6237 6150 -1 6150 6237 6238 -1 6150 6238 6151 -1 6151 6238 6239 -1 6151 6239 6152 -1 6152 6239 6240 -1 6152 6240 6153 -1 6153 6240 6241 -1 6153 6241 6154 -1 6154 6241 6242 -1 6154 6242 6155 -1 6155 6242 6243 -1 6155 6243 6156 -1 6156 6243 6244 -1 6156 6244 6157 -1 6157 6244 6245 -1 6157 6245 6158 -1 6158 6245 6246 -1 6158 6246 6159 -1 6159 6246 6247 -1 6159 6247 6160 -1 6160 6247 6248 -1 6160 6248 6161 -1 6161 6248 6249 -1 6161 6249 89 -1 6162 0 6250 -1 6162 6250 6163 -1 6163 6250 6251 -1 6163 6251 6164 -1 6164 6251 6252 -1 6164 6252 6165 -1 6165 6252 6253 -1 6165 6253 6166 -1 6166 6253 6254 -1 6166 6254 6167 -1 6167 6254 6255 -1 6167 6255 6168 -1 6168 6255 6256 -1 6168 6256 6169 -1 6169 6256 6257 -1 6169 6257 6170 -1 6170 6257 6258 -1 6170 6258 6171 -1 6171 6258 6259 -1 6171 6259 6172 -1 6172 6259 6260 -1 6172 6260 6173 -1 6173 6260 6261 -1 6173 6261 6174 -1 6174 6261 6262 -1 6174 6262 6175 -1 6175 6262 6263 -1 6175 6263 6176 -1 6176 6263 6264 -1 6176 6264 6177 -1 6177 6264 6265 -1 6177 6265 6178 -1 6178 6265 6266 -1 6178 6266 6179 -1 6179 6266 6267 -1 6179 6267 6180 -1 6180 6267 6268 -1 6180 6268 6181 -1 6181 6268 6269 -1 6181 6269 6182 -1 6182 6269 6270 -1 6182 6270 6183 -1 6183 6270 6271 -1 6183 6271 6184 -1 6184 6271 6272 -1 6184 6272 6185 -1 6185 6272 6273 -1 6185 6273 6186 -1 6186 6273 6274 -1 6186 6274 6187 -1 6187 6274 6275 -1 6187 6275 6188 -1 6188 6275 6276 -1 6188 6276 6189 -1 6189 6276 6277 -1 6189 6277 6190 -1 6190 6277 6278 -1 6190 6278 6191 -1 6191 6278 6279 -1 6191 6279 6192 -1 6192 6279 6280 -1 6192 6280 6193 -1 6193 6280 6281 -1 6193 6281 6194 -1 6194 6281 6282 -1 6194 6282 6195 -1 6195 6282 6283 -1 6195 6283 6196 -1 6196 6283 6284 -1 6196 6284 6197 -1 6197 6284 6285 -1 6197 6285 6198 -1 6198 6285 6286 -1 6198 6286 6199 -1 6199 6286 6287 -1 6199 6287 6200 -1 6200 6287 6288 -1 6200 6288 6201 -1 6201 6288 6289 -1 6201 6289 6202 -1 6202 6289 6290 -1 6202 6290 6203 -1 6203 6290 6291 -1 6203 6291 6204 -1 6204 6291 6292 -1 6204 6292 6205 -1 6205 6292 6293 -1 6205 6293 6206 -1 6206 6293 6294 -1 6206 6294 6207 -1 6207 6294 6295 -1 6207 6295 6208 -1 6208 6295 6296 -1 6208 6296 6209 -1 6209 6296 6297 -1 6209 6297 6210 -1 6210 6297 6298 -1 6210 6298 6211 -1 6211 6298 6299 -1 6211 6299 6212 -1 6212 6299 6300 -1 6212 6300 6213 -1 6213 6300 6301 -1 6213 6301 6214 -1 6214 6301 6302 -1 6214 6302 6215 -1 6215 6302 6303 -1 6215 6303 6216 -1 6216 6303 6304 -1 6216 6304 6217 -1 6217 6304 6305 -1 6217 6305 6218 -1 6218 6305 6306 -1 6218 6306 6219 -1 6219 6306 6307 -1 6219 6307 6220 -1 6220 6307 6308 -1 6220 6308 6221 -1 6221 6308 6309 -1 6221 6309 6222 -1 6222 6309 6310 -1 6222 6310 6223 -1 6223 6310 6311 -1 6223 6311 6224 -1 6224 6311 6312 -1 6224 6312 6225 -1 6225 6312 6313 -1 6225 6313 6226 -1 6226 6313 6314 -1 6226 6314 6227 -1 6227 6314 6315 -1 6227 6315 6228 -1 6228 6315 6316 -1 6228 6316 6229 -1 6229 6316 6317 -1 6229 6317 6230 -1 6230 6317 6318 -1 6230 6318 6231 -1 6231 6318 6319 -1 6231 6319 6232 -1 6232 6319 6320 -1 6232 6320 6233 -1 6233 6320 6321 -1 6233 6321 6234 -1 6234 6321 6322 -1 6234 6322 6235 -1 6235 6322 6323 -1 6235 6323 6236 -1 6236 6323 6324 -1 6236 6324 6237 -1 6237 6324 6325 -1 6237 6325 6238 -1 6238 6325 6326 -1 6238 6326 6239 -1 6239 6326 6327 -1 6239 6327 6240 -1 6240 6327 6328 -1 6240 6328 6241 -1 6241 6328 6329 -1 6241 6329 6242 -1 6242 6329 6330 -1 6242 6330 6243 -1 6243 6330 6331 -1 6243 6331 6244 -1 6244 6331 6332 -1 6244 6332 6245 -1 6245 6332 6333 -1 6245 6333 6246 -1 6246 6333 6334 -1 6246 6334 6247 -1 6247 6334 6335 -1 6247 6335 6248 -1 6248 6335 6336 -1 6248 6336 6249 -1 6249 6336 6337 -1 6249 6337 89 -1 6250 0 6338 -1 6250 6338 6251 -1 6251 6338 6339 -1 6251 6339 6252 -1 6252 6339 6340 -1 6252 6340 6253 -1 6253 6340 6341 -1 6253 6341 6254 -1 6254 6341 6342 -1 6254 6342 6255 -1 6255 6342 6343 -1 6255 6343 6256 -1 6256 6343 6344 -1 6256 6344 6257 -1 6257 6344 6345 -1 6257 6345 6258 -1 6258 6345 6346 -1 6258 6346 6259 -1 6259 6346 6347 -1 6259 6347 6260 -1 6260 6347 6348 -1 6260 6348 6261 -1 6261 6348 6349 -1 6261 6349 6262 -1 6262 6349 6350 -1 6262 6350 6263 -1 6263 6350 6351 -1 6263 6351 6264 -1 6264 6351 6352 -1 6264 6352 6265 -1 6265 6352 6353 -1 6265 6353 6266 -1 6266 6353 6354 -1 6266 6354 6267 -1 6267 6354 6355 -1 6267 6355 6268 -1 6268 6355 6356 -1 6268 6356 6269 -1 6269 6356 6357 -1 6269 6357 6270 -1 6270 6357 6358 -1 6270 6358 6271 -1 6271 6358 6359 -1 6271 6359 6272 -1 6272 6359 6360 -1 6272 6360 6273 -1 6273 6360 6361 -1 6273 6361 6274 -1 6274 6361 6362 -1 6274 6362 6275 -1 6275 6362 6363 -1 6275 6363 6276 -1 6276 6363 6364 -1 6276 6364 6277 -1 6277 6364 6365 -1 6277 6365 6278 -1 6278 6365 6366 -1 6278 6366 6279 -1 6279 6366 6367 -1 6279 6367 6280 -1 6280 6367 6368 -1 6280 6368 6281 -1 6281 6368 6369 -1 6281 6369 6282 -1 6282 6369 6370 -1 6282 6370 6283 -1 6283 6370 6371 -1 6283 6371 6284 -1 6284 6371 6372 -1 6284 6372 6285 -1 6285 6372 6373 -1 6285 6373 6286 -1 6286 6373 6374 -1 6286 6374 6287 -1 6287 6374 6375 -1 6287 6375 6288 -1 6288 6375 6376 -1 6288 6376 6289 -1 6289 6376 6377 -1 6289 6377 6290 -1 6290 6377 6378 -1 6290 6378 6291 -1 6291 6378 6379 -1 6291 6379 6292 -1 6292 6379 6380 -1 6292 6380 6293 -1 6293 6380 6381 -1 6293 6381 6294 -1 6294 6381 6382 -1 6294 6382 6295 -1 6295 6382 6383 -1 6295 6383 6296 -1 6296 6383 6384 -1 6296 6384 6297 -1 6297 6384 6385 -1 6297 6385 6298 -1 6298 6385 6386 -1 6298 6386 6299 -1 6299 6386 6387 -1 6299 6387 6300 -1 6300 6387 6388 -1 6300 6388 6301 -1 6301 6388 6389 -1 6301 6389 6302 -1 6302 6389 6390 -1 6302 6390 6303 -1 6303 6390 6391 -1 6303 6391 6304 -1 6304 6391 6392 -1 6304 6392 6305 -1 6305 6392 6393 -1 6305 6393 6306 -1 6306 6393 6394 -1 6306 6394 6307 -1 6307 6394 6395 -1 6307 6395 6308 -1 6308 6395 6396 -1 6308 6396 6309 -1 6309 6396 6397 -1 6309 6397 6310 -1 6310 6397 6398 -1 6310 6398 6311 -1 6311 6398 6399 -1 6311 6399 6312 -1 6312 6399 6400 -1 6312 6400 6313 -1 6313 6400 6401 -1 6313 6401 6314 -1 6314 6401 6402 -1 6314 6402 6315 -1 6315 6402 6403 -1 6315 6403 6316 -1 6316 6403 6404 -1 6316 6404 6317 -1 6317 6404 6405 -1 6317 6405 6318 -1 6318 6405 6406 -1 6318 6406 6319 -1 6319 6406 6407 -1 6319 6407 6320 -1 6320 6407 6408 -1 6320 6408 6321 -1 6321 6408 6409 -1 6321 6409 6322 -1 6322 6409 6410 -1 6322 6410 6323 -1 6323 6410 6411 -1 6323 6411 6324 -1 6324 6411 6412 -1 6324 6412 6325 -1 6325 6412 6413 -1 6325 6413 6326 -1 6326 6413 6414 -1 6326 6414 6327 -1 6327 6414 6415 -1 6327 6415 6328 -1 6328 6415 6416 -1 6328 6416 6329 -1 6329 6416 6417 -1 6329 6417 6330 -1 6330 6417 6418 -1 6330 6418 6331 -1 6331 6418 6419 -1 6331 6419 6332 -1 6332 6419 6420 -1 6332 6420 6333 -1 6333 6420 6421 -1 6333 6421 6334 -1 6334 6421 6422 -1 6334 6422 6335 -1 6335 6422 6423 -1 6335 6423 6336 -1 6336 6423 6424 -1 6336 6424 6337 -1 6337 6424 6425 -1 6337 6425 89 -1 6338 0 6426 -1 6338 6426 6339 -1 6339 6426 6427 -1 6339 6427 6340 -1 6340 6427 6428 -1 6340 6428 6341 -1 6341 6428 6429 -1 6341 6429 6342 -1 6342 6429 6430 -1 6342 6430 6343 -1 6343 6430 6431 -1 6343 6431 6344 -1 6344 6431 6432 -1 6344 6432 6345 -1 6345 6432 6433 -1 6345 6433 6346 -1 6346 6433 6434 -1 6346 6434 6347 -1 6347 6434 6435 -1 6347 6435 6348 -1 6348 6435 6436 -1 6348 6436 6349 -1 6349 6436 6437 -1 6349 6437 6350 -1 6350 6437 6438 -1 6350 6438 6351 -1 6351 6438 6439 -1 6351 6439 6352 -1 6352 6439 6440 -1 6352 6440 6353 -1 6353 6440 6441 -1 6353 6441 6354 -1 6354 6441 6442 -1 6354 6442 6355 -1 6355 6442 6443 -1 6355 6443 6356 -1 6356 6443 6444 -1 6356 6444 6357 -1 6357 6444 6445 -1 6357 6445 6358 -1 6358 6445 6446 -1 6358 6446 6359 -1 6359 6446 6447 -1 6359 6447 6360 -1 6360 6447 6448 -1 6360 6448 6361 -1 6361 6448 6449 -1 6361 6449 6362 -1 6362 6449 6450 -1 6362 6450 6363 -1 6363 6450 6451 -1 6363 6451 6364 -1 6364 6451 6452 -1 6364 6452 6365 -1 6365 6452 6453 -1 6365 6453 6366 -1 6366 6453 6454 -1 6366 6454 6367 -1 6367 6454 6455 -1 6367 6455 6368 -1 6368 6455 6456 -1 6368 6456 6369 -1 6369 6456 6457 -1 6369 6457 6370 -1 6370 6457 6458 -1 6370 6458 6371 -1 6371 6458 6459 -1 6371 6459 6372 -1 6372 6459 6460 -1 6372 6460 6373 -1 6373 6460 6461 -1 6373 6461 6374 -1 6374 6461 6462 -1 6374 6462 6375 -1 6375 6462 6463 -1 6375 6463 6376 -1 6376 6463 6464 -1 6376 6464 6377 -1 6377 6464 6465 -1 6377 6465 6378 -1 6378 6465 6466 -1 6378 6466 6379 -1 6379 6466 6467 -1 6379 6467 6380 -1 6380 6467 6468 -1 6380 6468 6381 -1 6381 6468 6469 -1 6381 6469 6382 -1 6382 6469 6470 -1 6382 6470 6383 -1 6383 6470 6471 -1 6383 6471 6384 -1 6384 6471 6472 -1 6384 6472 6385 -1 6385 6472 6473 -1 6385 6473 6386 -1 6386 6473 6474 -1 6386 6474 6387 -1 6387 6474 6475 -1 6387 6475 6388 -1 6388 6475 6476 -1 6388 6476 6389 -1 6389 6476 6477 -1 6389 6477 6390 -1 6390 6477 6478 -1 6390 6478 6391 -1 6391 6478 6479 -1 6391 6479 6392 -1 6392 6479 6480 -1 6392 6480 6393 -1 6393 6480 6481 -1 6393 6481 6394 -1 6394 6481 6482 -1 6394 6482 6395 -1 6395 6482 6483 -1 6395 6483 6396 -1 6396 6483 6484 -1 6396 6484 6397 -1 6397 6484 6485 -1 6397 6485 6398 -1 6398 6485 6486 -1 6398 6486 6399 -1 6399 6486 6487 -1 6399 6487 6400 -1 6400 6487 6488 -1 6400 6488 6401 -1 6401 6488 6489 -1 6401 6489 6402 -1 6402 6489 6490 -1 6402 6490 6403 -1 6403 6490 6491 -1 6403 6491 6404 -1 6404 6491 6492 -1 6404 6492 6405 -1 6405 6492 6493 -1 6405 6493 6406 -1 6406 6493 6494 -1 6406 6494 6407 -1 6407 6494 6495 -1 6407 6495 6408 -1 6408 6495 6496 -1 6408 6496 6409 -1 6409 6496 6497 -1 6409 6497 6410 -1 6410 6497 6498 -1 6410 6498 6411 -1 6411 6498 6499 -1 6411 6499 6412 -1 6412 6499 6500 -1 6412 6500 6413 -1 6413 6500 6501 -1 6413 6501 6414 -1 6414 6501 6502 -1 6414 6502 6415 -1 6415 6502 6503 -1 6415 6503 6416 -1 6416 6503 6504 -1 6416 6504 6417 -1 6417 6504 6505 -1 6417 6505 6418 -1 6418 6505 6506 -1 6418 6506 6419 -1 6419 6506 6507 -1 6419 6507 6420 -1 6420 6507 6508 -1 6420 6508 6421 -1 6421 6508 6509 -1 6421 6509 6422 -1 6422 6509 6510 -1 6422 6510 6423 -1 6423 6510 6511 -1 6423 6511 6424 -1 6424 6511 6512 -1 6424 6512 6425 -1 6425 6512 6513 -1 6425 6513 89 -1 6426 0 6514 -1 6426 6514 6427 -1 6427 6514 6515 -1 6427 6515 6428 -1 6428 6515 6516 -1 6428 6516 6429 -1 6429 6516 6517 -1 6429 6517 6430 -1 6430 6517 6518 -1 6430 6518 6431 -1 6431 6518 6519 -1 6431 6519 6432 -1 6432 6519 6520 -1 6432 6520 6433 -1 6433 6520 6521 -1 6433 6521 6434 -1 6434 6521 6522 -1 6434 6522 6435 -1 6435 6522 6523 -1 6435 6523 6436 -1 6436 6523 6524 -1 6436 6524 6437 -1 6437 6524 6525 -1 6437 6525 6438 -1 6438 6525 6526 -1 6438 6526 6439 -1 6439 6526 6527 -1 6439 6527 6440 -1 6440 6527 6528 -1 6440 6528 6441 -1 6441 6528 6529 -1 6441 6529 6442 -1 6442 6529 6530 -1 6442 6530 6443 -1 6443 6530 6531 -1 6443 6531 6444 -1 6444 6531 6532 -1 6444 6532 6445 -1 6445 6532 6533 -1 6445 6533 6446 -1 6446 6533 6534 -1 6446 6534 6447 -1 6447 6534 6535 -1 6447 6535 6448 -1 6448 6535 6536 -1 6448 6536 6449 -1 6449 6536 6537 -1 6449 6537 6450 -1 6450 6537 6538 -1 6450 6538 6451 -1 6451 6538 6539 -1 6451 6539 6452 -1 6452 6539 6540 -1 6452 6540 6453 -1 6453 6540 6541 -1 6453 6541 6454 -1 6454 6541 6542 -1 6454 6542 6455 -1 6455 6542 6543 -1 6455 6543 6456 -1 6456 6543 6544 -1 6456 6544 6457 -1 6457 6544 6545 -1 6457 6545 6458 -1 6458 6545 6546 -1 6458 6546 6459 -1 6459 6546 6547 -1 6459 6547 6460 -1 6460 6547 6548 -1 6460 6548 6461 -1 6461 6548 6549 -1 6461 6549 6462 -1 6462 6549 6550 -1 6462 6550 6463 -1 6463 6550 6551 -1 6463 6551 6464 -1 6464 6551 6552 -1 6464 6552 6465 -1 6465 6552 6553 -1 6465 6553 6466 -1 6466 6553 6554 -1 6466 6554 6467 -1 6467 6554 6555 -1 6467 6555 6468 -1 6468 6555 6556 -1 6468 6556 6469 -1 6469 6556 6557 -1 6469 6557 6470 -1 6470 6557 6558 -1 6470 6558 6471 -1 6471 6558 6559 -1 6471 6559 6472 -1 6472 6559 6560 -1 6472 6560 6473 -1 6473 6560 6561 -1 6473 6561 6474 -1 6474 6561 6562 -1 6474 6562 6475 -1 6475 6562 6563 -1 6475 6563 6476 -1 6476 6563 6564 -1 6476 6564 6477 -1 6477 6564 6565 -1 6477 6565 6478 -1 6478 6565 6566 -1 6478 6566 6479 -1 6479 6566 6567 -1 6479 6567 6480 -1 6480 6567 6568 -1 6480 6568 6481 -1 6481 6568 6569 -1 6481 6569 6482 -1 6482 6569 6570 -1 6482 6570 6483 -1 6483 6570 6571 -1 6483 6571 6484 -1 6484 6571 6572 -1 6484 6572 6485 -1 6485 6572 6573 -1 6485 6573 6486 -1 6486 6573 6574 -1 6486 6574 6487 -1 6487 6574 6575 -1 6487 6575 6488 -1 6488 6575 6576 -1 6488 6576 6489 -1 6489 6576 6577 -1 6489 6577 6490 -1 6490 6577 6578 -1 6490 6578 6491 -1 6491 6578 6579 -1 6491 6579 6492 -1 6492 6579 6580 -1 6492 6580 6493 -1 6493 6580 6581 -1 6493 6581 6494 -1 6494 6581 6582 -1 6494 6582 6495 -1 6495 6582 6583 -1 6495 6583 6496 -1 6496 6583 6584 -1 6496 6584 6497 -1 6497 6584 6585 -1 6497 6585 6498 -1 6498 6585 6586 -1 6498 6586 6499 -1 6499 6586 6587 -1 6499 6587 6500 -1 6500 6587 6588 -1 6500 6588 6501 -1 6501 6588 6589 -1 6501 6589 6502 -1 6502 6589 6590 -1 6502 6590 6503 -1 6503 6590 6591 -1 6503 6591 6504 -1 6504 6591 6592 -1 6504 6592 6505 -1 6505 6592 6593 -1 6505 6593 6506 -1 6506 6593 6594 -1 6506 6594 6507 -1 6507 6594 6595 -1 6507 6595 6508 -1 6508 6595 6596 -1 6508 6596 6509 -1 6509 6596 6597 -1 6509 6597 6510 -1 6510 6597 6598 -1 6510 6598 6511 -1 6511 6598 6599 -1 6511 6599 6512 -1 6512 6599 6600 -1 6512 6600 6513 -1 6513 6600 6601 -1 6513 6601 89 -1 6514 0 6602 -1 6514 6602 6515 -1 6515 6602 6603 -1 6515 6603 6516 -1 6516 6603 6604 -1 6516 6604 6517 -1 6517 6604 6605 -1 6517 6605 6518 -1 6518 6605 6606 -1 6518 6606 6519 -1 6519 6606 6607 -1 6519 6607 6520 -1 6520 6607 6608 -1 6520 6608 6521 -1 6521 6608 6609 -1 6521 6609 6522 -1 6522 6609 6610 -1 6522 6610 6523 -1 6523 6610 6611 -1 6523 6611 6524 -1 6524 6611 6612 -1 6524 6612 6525 -1 6525 6612 6613 -1 6525 6613 6526 -1 6526 6613 6614 -1 6526 6614 6527 -1 6527 6614 6615 -1 6527 6615 6528 -1 6528 6615 6616 -1 6528 6616 6529 -1 6529 6616 6617 -1 6529 6617 6530 -1 6530 6617 6618 -1 6530 6618 6531 -1 6531 6618 6619 -1 6531 6619 6532 -1 6532 6619 6620 -1 6532 6620 6533 -1 6533 6620 6621 -1 6533 6621 6534 -1 6534 6621 6622 -1 6534 6622 6535 -1 6535 6622 6623 -1 6535 6623 6536 -1 6536 6623 6624 -1 6536 6624 6537 -1 6537 6624 6625 -1 6537 6625 6538 -1 6538 6625 6626 -1 6538 6626 6539 -1 6539 6626 6627 -1 6539 6627 6540 -1 6540 6627 6628 -1 6540 6628 6541 -1 6541 6628 6629 -1 6541 6629 6542 -1 6542 6629 6630 -1 6542 6630 6543 -1 6543 6630 6631 -1 6543 6631 6544 -1 6544 6631 6632 -1 6544 6632 6545 -1 6545 6632 6633 -1 6545 6633 6546 -1 6546 6633 6634 -1 6546 6634 6547 -1 6547 6634 6635 -1 6547 6635 6548 -1 6548 6635 6636 -1 6548 6636 6549 -1 6549 6636 6637 -1 6549 6637 6550 -1 6550 6637 6638 -1 6550 6638 6551 -1 6551 6638 6639 -1 6551 6639 6552 -1 6552 6639 6640 -1 6552 6640 6553 -1 6553 6640 6641 -1 6553 6641 6554 -1 6554 6641 6642 -1 6554 6642 6555 -1 6555 6642 6643 -1 6555 6643 6556 -1 6556 6643 6644 -1 6556 6644 6557 -1 6557 6644 6645 -1 6557 6645 6558 -1 6558 6645 6646 -1 6558 6646 6559 -1 6559 6646 6647 -1 6559 6647 6560 -1 6560 6647 6648 -1 6560 6648 6561 -1 6561 6648 6649 -1 6561 6649 6562 -1 6562 6649 6650 -1 6562 6650 6563 -1 6563 6650 6651 -1 6563 6651 6564 -1 6564 6651 6652 -1 6564 6652 6565 -1 6565 6652 6653 -1 6565 6653 6566 -1 6566 6653 6654 -1 6566 6654 6567 -1 6567 6654 6655 -1 6567 6655 6568 -1 6568 6655 6656 -1 6568 6656 6569 -1 6569 6656 6657 -1 6569 6657 6570 -1 6570 6657 6658 -1 6570 6658 6571 -1 6571 6658 6659 -1 6571 6659 6572 -1 6572 6659 6660 -1 6572 6660 6573 -1 6573 6660 6661 -1 6573 6661 6574 -1 6574 6661 6662 -1 6574 6662 6575 -1 6575 6662 6663 -1 6575 6663 6576 -1 6576 6663 6664 -1 6576 6664 6577 -1 6577 6664 6665 -1 6577 6665 6578 -1 6578 6665 6666 -1 6578 6666 6579 -1 6579 6666 6667 -1 6579 6667 6580 -1 6580 6667 6668 -1 6580 6668 6581 -1 6581 6668 6669 -1 6581 6669 6582 -1 6582 6669 6670 -1 6582 6670 6583 -1 6583 6670 6671 -1 6583 6671 6584 -1 6584 6671 6672 -1 6584 6672 6585 -1 6585 6672 6673 -1 6585 6673 6586 -1 6586 6673 6674 -1 6586 6674 6587 -1 6587 6674 6675 -1 6587 6675 6588 -1 6588 6675 6676 -1 6588 6676 6589 -1 6589 6676 6677 -1 6589 6677 6590 -1 6590 6677 6678 -1 6590 6678 6591 -1 6591 6678 6679 -1 6591 6679 6592 -1 6592 6679 6680 -1 6592 6680 6593 -1 6593 6680 6681 -1 6593 6681 6594 -1 6594 6681 6682 -1 6594 6682 6595 -1 6595 6682 6683 -1 6595 6683 6596 -1 6596 6683 6684 -1 6596 6684 6597 -1 6597 6684 6685 -1 6597 6685 6598 -1 6598 6685 6686 -1 6598 6686 6599 -1 6599 6686 6687 -1 6599 6687 6600 -1 6600 6687 6688 -1 6600 6688 6601 -1 6601 6688 6689 -1 6601 6689 89 -1 6602 0 6690 -1 6602 6690 6603 -1 6603 6690 6691 -1 6603 6691 6604 -1 6604 6691 6692 -1 6604 6692 6605 -1 6605 6692 6693 -1 6605 6693 6606 -1 6606 6693 6694 -1 6606 6694 6607 -1 6607 6694 6695 -1 6607 6695 6608 -1 6608 6695 6696 -1 6608 6696 6609 -1 6609 6696 6697 -1 6609 6697 6610 -1 6610 6697 6698 -1 6610 6698 6611 -1 6611 6698 6699 -1 6611 6699 6612 -1 6612 6699 6700 -1 6612 6700 6613 -1 6613 6700 6701 -1 6613 6701 6614 -1 6614 6701 6702 -1 6614 6702 6615 -1 6615 6702 6703 -1 6615 6703 6616 -1 6616 6703 6704 -1 6616 6704 6617 -1 6617 6704 6705 -1 6617 6705 6618 -1 6618 6705 6706 -1 6618 6706 6619 -1 6619 6706 6707 -1 6619 6707 6620 -1 6620 6707 6708 -1 6620 6708 6621 -1 6621 6708 6709 -1 6621 6709 6622 -1 6622 6709 6710 -1 6622 6710 6623 -1 6623 6710 6711 -1 6623 6711 6624 -1 6624 6711 6712 -1 6624 6712 6625 -1 6625 6712 6713 -1 6625 6713 6626 -1 6626 6713 6714 -1 6626 6714 6627 -1 6627 6714 6715 -1 6627 6715 6628 -1 6628 6715 6716 -1 6628 6716 6629 -1 6629 6716 6717 -1 6629 6717 6630 -1 6630 6717 6718 -1 6630 6718 6631 -1 6631 6718 6719 -1 6631 6719 6632 -1 6632 6719 6720 -1 6632 6720 6633 -1 6633 6720 6721 -1 6633 6721 6634 -1 6634 6721 6722 -1 6634 6722 6635 -1 6635 6722 6723 -1 6635 6723 6636 -1 6636 6723 6724 -1 6636 6724 6637 -1 6637 6724 6725 -1 6637 6725 6638 -1 6638 6725 6726 -1 6638 6726 6639 -1 6639 6726 6727 -1 6639 6727 6640 -1 6640 6727 6728 -1 6640 6728 6641 -1 6641 6728 6729 -1 6641 6729 6642 -1 6642 6729 6730 -1 6642 6730 6643 -1 6643 6730 6731 -1 6643 6731 6644 -1 6644 6731 6732 -1 6644 6732 6645 -1 6645 6732 6733 -1 6645 6733 6646 -1 6646 6733 6734 -1 6646 6734 6647 -1 6647 6734 6735 -1 6647 6735 6648 -1 6648 6735 6736 -1 6648 6736 6649 -1 6649 6736 6737 -1 6649 6737 6650 -1 6650 6737 6738 -1 6650 6738 6651 -1 6651 6738 6739 -1 6651 6739 6652 -1 6652 6739 6740 -1 6652 6740 6653 -1 6653 6740 6741 -1 6653 6741 6654 -1 6654 6741 6742 -1 6654 6742 6655 -1 6655 6742 6743 -1 6655 6743 6656 -1 6656 6743 6744 -1 6656 6744 6657 -1 6657 6744 6745 -1 6657 6745 6658 -1 6658 6745 6746 -1 6658 6746 6659 -1 6659 6746 6747 -1 6659 6747 6660 -1 6660 6747 6748 -1 6660 6748 6661 -1 6661 6748 6749 -1 6661 6749 6662 -1 6662 6749 6750 -1 6662 6750 6663 -1 6663 6750 6751 -1 6663 6751 6664 -1 6664 6751 6752 -1 6664 6752 6665 -1 6665 6752 6753 -1 6665 6753 6666 -1 6666 6753 6754 -1 6666 6754 6667 -1 6667 6754 6755 -1 6667 6755 6668 -1 6668 6755 6756 -1 6668 6756 6669 -1 6669 6756 6757 -1 6669 6757 6670 -1 6670 6757 6758 -1 6670 6758 6671 -1 6671 6758 6759 -1 6671 6759 6672 -1 6672 6759 6760 -1 6672 6760 6673 -1 6673 6760 6761 -1 6673 6761 6674 -1 6674 6761 6762 -1 6674 6762 6675 -1 6675 6762 6763 -1 6675 6763 6676 -1 6676 6763 6764 -1 6676 6764 6677 -1 6677 6764 6765 -1 6677 6765 6678 -1 6678 6765 6766 -1 6678 6766 6679 -1 6679 6766 6767 -1 6679 6767 6680 -1 6680 6767 6768 -1 6680 6768 6681 -1 6681 6768 6769 -1 6681 6769 6682 -1 6682 6769 6770 -1 6682 6770 6683 -1 6683 6770 6771 -1 6683 6771 6684 -1 6684 6771 6772 -1 6684 6772 6685 -1 6685 6772 6773 -1 6685 6773 6686 -1 6686 6773 6774 -1 6686 6774 6687 -1 6687 6774 6775 -1 6687 6775 6688 -1 6688 6775 6776 -1 6688 6776 6689 -1 6689 6776 6777 -1 6689 6777 89 -1 6690 0 6778 -1 6690 6778 6691 -1 6691 6778 6779 -1 6691 6779 6692 -1 6692 6779 6780 -1 6692 6780 6693 -1 6693 6780 6781 -1 6693 6781 6694 -1 6694 6781 6782 -1 6694 6782 6695 -1 6695 6782 6783 -1 6695 6783 6696 -1 6696 6783 6784 -1 6696 6784 6697 -1 6697 6784 6785 -1 6697 6785 6698 -1 6698 6785 6786 -1 6698 6786 6699 -1 6699 6786 6787 -1 6699 6787 6700 -1 6700 6787 6788 -1 6700 6788 6701 -1 6701 6788 6789 -1 6701 6789 6702 -1 6702 6789 6790 -1 6702 6790 6703 -1 6703 6790 6791 -1 6703 6791 6704 -1 6704 6791 6792 -1 6704 6792 6705 -1 6705 6792 6793 -1 6705 6793 6706 -1 6706 6793 6794 -1 6706 6794 6707 -1 6707 6794 6795 -1 6707 6795 6708 -1 6708 6795 6796 -1 6708 6796 6709 -1 6709 6796 6797 -1 6709 6797 6710 -1 6710 6797 6798 -1 6710 6798 6711 -1 6711 6798 6799 -1 6711 6799 6712 -1 6712 6799 6800 -1 6712 6800 6713 -1 6713 6800 6801 -1 6713 6801 6714 -1 6714 6801 6802 -1 6714 6802 6715 -1 6715 6802 6803 -1 6715 6803 6716 -1 6716 6803 6804 -1 6716 6804 6717 -1 6717 6804 6805 -1 6717 6805 6718 -1 6718 6805 6806 -1 6718 6806 6719 -1 6719 6806 6807 -1 6719 6807 6720 -1 6720 6807 6808 -1 6720 6808 6721 -1 6721 6808 6809 -1 6721 6809 6722 -1 6722 6809 6810 -1 6722 6810 6723 -1 6723 6810 6811 -1 6723 6811 6724 -1 6724 6811 6812 -1 6724 6812 6725 -1 6725 6812 6813 -1 6725 6813 6726 -1 6726 6813 6814 -1 6726 6814 6727 -1 6727 6814 6815 -1 6727 6815 6728 -1 6728 6815 6816 -1 6728 6816 6729 -1 6729 6816 6817 -1 6729 6817 6730 -1 6730 6817 6818 -1 6730 6818 6731 -1 6731 6818 6819 -1 6731 6819 6732 -1 6732 6819 6820 -1 6732 6820 6733 -1 6733 6820 6821 -1 6733 6821 6734 -1 6734 6821 6822 -1 6734 6822 6735 -1 6735 6822 6823 -1 6735 6823 6736 -1 6736 6823 6824 -1 6736 6824 6737 -1 6737 6824 6825 -1 6737 6825 6738 -1 6738 6825 6826 -1 6738 6826 6739 -1 6739 6826 6827 -1 6739 6827 6740 -1 6740 6827 6828 -1 6740 6828 6741 -1 6741 6828 6829 -1 6741 6829 6742 -1 6742 6829 6830 -1 6742 6830 6743 -1 6743 6830 6831 -1 6743 6831 6744 -1 6744 6831 6832 -1 6744 6832 6745 -1 6745 6832 6833 -1 6745 6833 6746 -1 6746 6833 6834 -1 6746 6834 6747 -1 6747 6834 6835 -1 6747 6835 6748 -1 6748 6835 6836 -1 6748 6836 6749 -1 6749 6836 6837 -1 6749 6837 6750 -1 6750 6837 6838 -1 6750 6838 6751 -1 6751 6838 6839 -1 6751 6839 6752 -1 6752 6839 6840 -1 6752 6840 6753 -1 6753 6840 6841 -1 6753 6841 6754 -1 6754 6841 6842 -1 6754 6842 6755 -1 6755 6842 6843 -1 6755 6843 6756 -1 6756 6843 6844 -1 6756 6844 6757 -1 6757 6844 6845 -1 6757 6845 6758 -1 6758 6845 6846 -1 6758 6846 6759 -1 6759 6846 6847 -1 6759 6847 6760 -1 6760 6847 6848 -1 6760 6848 6761 -1 6761 6848 6849 -1 6761 6849 6762 -1 6762 6849 6850 -1 6762 6850 6763 -1 6763 6850 6851 -1 6763 6851 6764 -1 6764 6851 6852 -1 6764 6852 6765 -1 6765 6852 6853 -1 6765 6853 6766 -1 6766 6853 6854 -1 6766 6854 6767 -1 6767 6854 6855 -1 6767 6855 6768 -1 6768 6855 6856 -1 6768 6856 6769 -1 6769 6856 6857 -1 6769 6857 6770 -1 6770 6857 6858 -1 6770 6858 6771 -1 6771 6858 6859 -1 6771 6859 6772 -1 6772 6859 6860 -1 6772 6860 6773 -1 6773 6860 6861 -1 6773 6861 6774 -1 6774 6861 6862 -1 6774 6862 6775 -1 6775 6862 6863 -1 6775 6863 6776 -1 6776 6863 6864 -1 6776 6864 6777 -1 6777 6864 6865 -1 6777 6865 89 -1 6778 0 6866 -1 6778 6866 6779 -1 6779 6866 6867 -1 6779 6867 6780 -1 6780 6867 6868 -1 6780 6868 6781 -1 6781 6868 6869 -1 6781 6869 6782 -1 6782 6869 6870 -1 6782 6870 6783 -1 6783 6870 6871 -1 6783 6871 6784 -1 6784 6871 6872 -1 6784 6872 6785 -1 6785 6872 6873 -1 6785 6873 6786 -1 6786 6873 6874 -1 6786 6874 6787 -1 6787 6874 6875 -1 6787 6875 6788 -1 6788 6875 6876 -1 6788 6876 6789 -1 6789 6876 6877 -1 6789 6877 6790 -1 6790 6877 6878 -1 6790 6878 6791 -1 6791 6878 6879 -1 6791 6879 6792 -1 6792 6879 6880 -1 6792 6880 6793 -1 6793 6880 6881 -1 6793 6881 6794 -1 6794 6881 6882 -1 6794 6882 6795 -1 6795 6882 6883 -1 6795 6883 6796 -1 6796 6883 6884 -1 6796 6884 6797 -1 6797 6884 6885 -1 6797 6885 6798 -1 6798 6885 6886 -1 6798 6886 6799 -1 6799 6886 6887 -1 6799 6887 6800 -1 6800 6887 6888 -1 6800 6888 6801 -1 6801 6888 6889 -1 6801 6889 6802 -1 6802 6889 6890 -1 6802 6890 6803 -1 6803 6890 6891 -1 6803 6891 6804 -1 6804 6891 6892 -1 6804 6892 6805 -1 6805 6892 6893 -1 6805 6893 6806 -1 6806 6893 6894 -1 6806 6894 6807 -1 6807 6894 6895 -1 6807 6895 6808 -1 6808 6895 6896 -1 6808 6896 6809 -1 6809 6896 6897 -1 6809 6897 6810 -1 6810 6897 6898 -1 6810 6898 6811 -1 6811 6898 6899 -1 6811 6899 6812 -1 6812 6899 6900 -1 6812 6900 6813 -1 6813 6900 6901 -1 6813 6901 6814 -1 6814 6901 6902 -1 6814 6902 6815 -1 6815 6902 6903 -1 6815 6903 6816 -1 6816 6903 6904 -1 6816 6904 6817 -1 6817 6904 6905 -1 6817 6905 6818 -1 6818 6905 6906 -1 6818 6906 6819 -1 6819 6906 6907 -1 6819 6907 6820 -1 6820 6907 6908 -1 6820 6908 6821 -1 6821 6908 6909 -1 6821 6909 6822 -1 6822 6909 6910 -1 6822 6910 6823 -1 6823 6910 6911 -1 6823 6911 6824 -1 6824 6911 6912 -1 6824 6912 6825 -1 6825 6912 6913 -1 6825 6913 6826 -1 6826 6913 6914 -1 6826 6914 6827 -1 6827 6914 6915 -1 6827 6915 6828 -1 6828 6915 6916 -1 6828 6916 6829 -1 6829 6916 6917 -1 6829 6917 6830 -1 6830 6917 6918 -1 6830 6918 6831 -1 6831 6918 6919 -1 6831 6919 6832 -1 6832 6919 6920 -1 6832 6920 6833 -1 6833 6920 6921 -1 6833 6921 6834 -1 6834 6921 6922 -1 6834 6922 6835 -1 6835 6922 6923 -1 6835 6923 6836 -1 6836 6923 6924 -1 6836 6924 6837 -1 6837 6924 6925 -1 6837 6925 6838 -1 6838 6925 6926 -1 6838 6926 6839 -1 6839 6926 6927 -1 6839 6927 6840 -1 6840 6927 6928 -1 6840 6928 6841 -1 6841 6928 6929 -1 6841 6929 6842 -1 6842 6929 6930 -1 6842 6930 6843 -1 6843 6930 6931 -1 6843 6931 6844 -1 6844 6931 6932 -1 6844 6932 6845 -1 6845 6932 6933 -1 6845 6933 6846 -1 6846 6933 6934 -1 6846 6934 6847 -1 6847 6934 6935 -1 6847 6935 6848 -1 6848 6935 6936 -1 6848 6936 6849 -1 6849 6936 6937 -1 6849 6937 6850 -1 6850 6937 6938 -1 6850 6938 6851 -1 6851 6938 6939 -1 6851 6939 6852 -1 6852 6939 6940 -1 6852 6940 6853 -1 6853 6940 6941 -1 6853 6941 6854 -1 6854 6941 6942 -1 6854 6942 6855 -1 6855 6942 6943 -1 6855 6943 6856 -1 6856 6943 6944 -1 6856 6944 6857 -1 6857 6944 6945 -1 6857 6945 6858 -1 6858 6945 6946 -1 6858 6946 6859 -1 6859 6946 6947 -1 6859 6947 6860 -1 6860 6947 6948 -1 6860 6948 6861 -1 6861 6948 6949 -1 6861 6949 6862 -1 6862 6949 6950 -1 6862 6950 6863 -1 6863 6950 6951 -1 6863 6951 6864 -1 6864 6951 6952 -1 6864 6952 6865 -1 6865 6952 6953 -1 6865 6953 89 -1 6866 0 6954 -1 6866 6954 6867 -1 6867 6954 6955 -1 6867 6955 6868 -1 6868 6955 6956 -1 6868 6956 6869 -1 6869 6956 6957 -1 6869 6957 6870 -1 6870 6957 6958 -1 6870 6958 6871 -1 6871 6958 6959 -1 6871 6959 6872 -1 6872 6959 6960 -1 6872 6960 6873 -1 6873 6960 6961 -1 6873 6961 6874 -1 6874 6961 6962 -1 6874 6962 6875 -1 6875 6962 6963 -1 6875 6963 6876 -1 6876 6963 6964 -1 6876 6964 6877 -1 6877 6964 6965 -1 6877 6965 6878 -1 6878 6965 6966 -1 6878 6966 6879 -1 6879 6966 6967 -1 6879 6967 6880 -1 6880 6967 6968 -1 6880 6968 6881 -1 6881 6968 6969 -1 6881 6969 6882 -1 6882 6969 6970 -1 6882 6970 6883 -1 6883 6970 6971 -1 6883 6971 6884 -1 6884 6971 6972 -1 6884 6972 6885 -1 6885 6972 6973 -1 6885 6973 6886 -1 6886 6973 6974 -1 6886 6974 6887 -1 6887 6974 6975 -1 6887 6975 6888 -1 6888 6975 6976 -1 6888 6976 6889 -1 6889 6976 6977 -1 6889 6977 6890 -1 6890 6977 6978 -1 6890 6978 6891 -1 6891 6978 6979 -1 6891 6979 6892 -1 6892 6979 6980 -1 6892 6980 6893 -1 6893 6980 6981 -1 6893 6981 6894 -1 6894 6981 6982 -1 6894 6982 6895 -1 6895 6982 6983 -1 6895 6983 6896 -1 6896 6983 6984 -1 6896 6984 6897 -1 6897 6984 6985 -1 6897 6985 6898 -1 6898 6985 6986 -1 6898 6986 6899 -1 6899 6986 6987 -1 6899 6987 6900 -1 6900 6987 6988 -1 6900 6988 6901 -1 6901 6988 6989 -1 6901 6989 6902 -1 6902 6989 6990 -1 6902 6990 6903 -1 6903 6990 6991 -1 6903 6991 6904 -1 6904 6991 6992 -1 6904 6992 6905 -1 6905 6992 6993 -1 6905 6993 6906 -1 6906 6993 6994 -1 6906 6994 6907 -1 6907 6994 6995 -1 6907 6995 6908 -1 6908 6995 6996 -1 6908 6996 6909 -1 6909 6996 6997 -1 6909 6997 6910 -1 6910 6997 6998 -1 6910 6998 6911 -1 6911 6998 6999 -1 6911 6999 6912 -1 6912 6999 7000 -1 6912 7000 6913 -1 6913 7000 7001 -1 6913 7001 6914 -1 6914 7001 7002 -1 6914 7002 6915 -1 6915 7002 7003 -1 6915 7003 6916 -1 6916 7003 7004 -1 6916 7004 6917 -1 6917 7004 7005 -1 6917 7005 6918 -1 6918 7005 7006 -1 6918 7006 6919 -1 6919 7006 7007 -1 6919 7007 6920 -1 6920 7007 7008 -1 6920 7008 6921 -1 6921 7008 7009 -1 6921 7009 6922 -1 6922 7009 7010 -1 6922 7010 6923 -1 6923 7010 7011 -1 6923 7011 6924 -1 6924 7011 7012 -1 6924 7012 6925 -1 6925 7012 7013 -1 6925 7013 6926 -1 6926 7013 7014 -1 6926 7014 6927 -1 6927 7014 7015 -1 6927 7015 6928 -1 6928 7015 7016 -1 6928 7016 6929 -1 6929 7016 7017 -1 6929 7017 6930 -1 6930 7017 7018 -1 6930 7018 6931 -1 6931 7018 7019 -1 6931 7019 6932 -1 6932 7019 7020 -1 6932 7020 6933 -1 6933 7020 7021 -1 6933 7021 6934 -1 6934 7021 7022 -1 6934 7022 6935 -1 6935 7022 7023 -1 6935 7023 6936 -1 6936 7023 7024 -1 6936 7024 6937 -1 6937 7024 7025 -1 6937 7025 6938 -1 6938 7025 7026 -1 6938 7026 6939 -1 6939 7026 7027 -1 6939 7027 6940 -1 6940 7027 7028 -1 6940 7028 6941 -1 6941 7028 7029 -1 6941 7029 6942 -1 6942 7029 7030 -1 6942 7030 6943 -1 6943 7030 7031 -1 6943 7031 6944 -1 6944 7031 7032 -1 6944 7032 6945 -1 6945 7032 7033 -1 6945 7033 6946 -1 6946 7033 7034 -1 6946 7034 6947 -1 6947 7034 7035 -1 6947 7035 6948 -1 6948 7035 7036 -1 6948 7036 6949 -1 6949 7036 7037 -1 6949 7037 6950 -1 6950 7037 7038 -1 6950 7038 6951 -1 6951 7038 7039 -1 6951 7039 6952 -1 6952 7039 7040 -1 6952 7040 6953 -1 6953 7040 7041 -1 6953 7041 89 -1 6954 0 7042 -1 6954 7042 6955 -1 6955 7042 7043 -1 6955 7043 6956 -1 6956 7043 7044 -1 6956 7044 6957 -1 6957 7044 7045 -1 6957 7045 6958 -1 6958 7045 7046 -1 6958 7046 6959 -1 6959 7046 7047 -1 6959 7047 6960 -1 6960 7047 7048 -1 6960 7048 6961 -1 6961 7048 7049 -1 6961 7049 6962 -1 6962 7049 7050 -1 6962 7050 6963 -1 6963 7050 7051 -1 6963 7051 6964 -1 6964 7051 7052 -1 6964 7052 6965 -1 6965 7052 7053 -1 6965 7053 6966 -1 6966 7053 7054 -1 6966 7054 6967 -1 6967 7054 7055 -1 6967 7055 6968 -1 6968 7055 7056 -1 6968 7056 6969 -1 6969 7056 7057 -1 6969 7057 6970 -1 6970 7057 7058 -1 6970 7058 6971 -1 6971 7058 7059 -1 6971 7059 6972 -1 6972 7059 7060 -1 6972 7060 6973 -1 6973 7060 7061 -1 6973 7061 6974 -1 6974 7061 7062 -1 6974 7062 6975 -1 6975 7062 7063 -1 6975 7063 6976 -1 6976 7063 7064 -1 6976 7064 6977 -1 6977 7064 7065 -1 6977 7065 6978 -1 6978 7065 7066 -1 6978 7066 6979 -1 6979 7066 7067 -1 6979 7067 6980 -1 6980 7067 7068 -1 6980 7068 6981 -1 6981 7068 7069 -1 6981 7069 6982 -1 6982 7069 7070 -1 6982 7070 6983 -1 6983 7070 7071 -1 6983 7071 6984 -1 6984 7071 7072 -1 6984 7072 6985 -1 6985 7072 7073 -1 6985 7073 6986 -1 6986 7073 7074 -1 6986 7074 6987 -1 6987 7074 7075 -1 6987 7075 6988 -1 6988 7075 7076 -1 6988 7076 6989 -1 6989 7076 7077 -1 6989 7077 6990 -1 6990 7077 7078 -1 6990 7078 6991 -1 6991 7078 7079 -1 6991 7079 6992 -1 6992 7079 7080 -1 6992 7080 6993 -1 6993 7080 7081 -1 6993 7081 6994 -1 6994 7081 7082 -1 6994 7082 6995 -1 6995 7082 7083 -1 6995 7083 6996 -1 6996 7083 7084 -1 6996 7084 6997 -1 6997 7084 7085 -1 6997 7085 6998 -1 6998 7085 7086 -1 6998 7086 6999 -1 6999 7086 7087 -1 6999 7087 7000 -1 7000 7087 7088 -1 7000 7088 7001 -1 7001 7088 7089 -1 7001 7089 7002 -1 7002 7089 7090 -1 7002 7090 7003 -1 7003 7090 7091 -1 7003 7091 7004 -1 7004 7091 7092 -1 7004 7092 7005 -1 7005 7092 7093 -1 7005 7093 7006 -1 7006 7093 7094 -1 7006 7094 7007 -1 7007 7094 7095 -1 7007 7095 7008 -1 7008 7095 7096 -1 7008 7096 7009 -1 7009 7096 7097 -1 7009 7097 7010 -1 7010 7097 7098 -1 7010 7098 7011 -1 7011 7098 7099 -1 7011 7099 7012 -1 7012 7099 7100 -1 7012 7100 7013 -1 7013 7100 7101 -1 7013 7101 7014 -1 7014 7101 7102 -1 7014 7102 7015 -1 7015 7102 7103 -1 7015 7103 7016 -1 7016 7103 7104 -1 7016 7104 7017 -1 7017 7104 7105 -1 7017 7105 7018 -1 7018 7105 7106 -1 7018 7106 7019 -1 7019 7106 7107 -1 7019 7107 7020 -1 7020 7107 7108 -1 7020 7108 7021 -1 7021 7108 7109 -1 7021 7109 7022 -1 7022 7109 7110 -1 7022 7110 7023 -1 7023 7110 7111 -1 7023 7111 7024 -1 7024 7111 7112 -1 7024 7112 7025 -1 7025 7112 7113 -1 7025 7113 7026 -1 7026 7113 7114 -1 7026 7114 7027 -1 7027 7114 7115 -1 7027 7115 7028 -1 7028 7115 7116 -1 7028 7116 7029 -1 7029 7116 7117 -1 7029 7117 7030 -1 7030 7117 7118 -1 7030 7118 7031 -1 7031 7118 7119 -1 7031 7119 7032 -1 7032 7119 7120 -1 7032 7120 7033 -1 7033 7120 7121 -1 7033 7121 7034 -1 7034 7121 7122 -1 7034 7122 7035 -1 7035 7122 7123 -1 7035 7123 7036 -1 7036 7123 7124 -1 7036 7124 7037 -1 7037 7124 7125 -1 7037 7125 7038 -1 7038 7125 7126 -1 7038 7126 7039 -1 7039 7126 7127 -1 7039 7127 7040 -1 7040 7127 7128 -1 7040 7128 7041 -1 7041 7128 7129 -1 7041 7129 89 -1 7042 0 7130 -1 7042 7130 7043 -1 7043 7130 7131 -1 7043 7131 7044 -1 7044 7131 7132 -1 7044 7132 7045 -1 7045 7132 7133 -1 7045 7133 7046 -1 7046 7133 7134 -1 7046 7134 7047 -1 7047 7134 7135 -1 7047 7135 7048 -1 7048 7135 7136 -1 7048 7136 7049 -1 7049 7136 7137 -1 7049 7137 7050 -1 7050 7137 7138 -1 7050 7138 7051 -1 7051 7138 7139 -1 7051 7139 7052 -1 7052 7139 7140 -1 7052 7140 7053 -1 7053 7140 7141 -1 7053 7141 7054 -1 7054 7141 7142 -1 7054 7142 7055 -1 7055 7142 7143 -1 7055 7143 7056 -1 7056 7143 7144 -1 7056 7144 7057 -1 7057 7144 7145 -1 7057 7145 7058 -1 7058 7145 7146 -1 7058 7146 7059 -1 7059 7146 7147 -1 7059 7147 7060 -1 7060 7147 7148 -1 7060 7148 7061 -1 7061 7148 7149 -1 7061 7149 7062 -1 7062 7149 7150 -1 7062 7150 7063 -1 7063 7150 7151 -1 7063 7151 7064 -1 7064 7151 7152 -1 7064 7152 7065 -1 7065 7152 7153 -1 7065 7153 7066 -1 7066 7153 7154 -1 7066 7154 7067 -1 7067 7154 7155 -1 7067 7155 7068 -1 7068 7155 7156 -1 7068 7156 7069 -1 7069 7156 7157 -1 7069 7157 7070 -1 7070 7157 7158 -1 7070 7158 7071 -1 7071 7158 7159 -1 7071 7159 7072 -1 7072 7159 7160 -1 7072 7160 7073 -1 7073 7160 7161 -1 7073 7161 7074 -1 7074 7161 7162 -1 7074 7162 7075 -1 7075 7162 7163 -1 7075 7163 7076 -1 7076 7163 7164 -1 7076 7164 7077 -1 7077 7164 7165 -1 7077 7165 7078 -1 7078 7165 7166 -1 7078 7166 7079 -1 7079 7166 7167 -1 7079 7167 7080 -1 7080 7167 7168 -1 7080 7168 7081 -1 7081 7168 7169 -1 7081 7169 7082 -1 7082 7169 7170 -1 7082 7170 7083 -1 7083 7170 7171 -1 7083 7171 7084 -1 7084 7171 7172 -1 7084 7172 7085 -1 7085 7172 7173 -1 7085 7173 7086 -1 7086 7173 7174 -1 7086 7174 7087 -1 7087 7174 7175 -1 7087 7175 7088 -1 7088 7175 7176 -1 7088 7176 7089 -1 7089 7176 7177 -1 7089 7177 7090 -1 7090 7177 7178 -1 7090 7178 7091 -1 7091 7178 7179 -1 7091 7179 7092 -1 7092 7179 7180 -1 7092 7180 7093 -1 7093 7180 7181 -1 7093 7181 7094 -1 7094 7181 7182 -1 7094 7182 7095 -1 7095 7182 7183 -1 7095 7183 7096 -1 7096 7183 7184 -1 7096 7184 7097 -1 7097 7184 7185 -1 7097 7185 7098 -1 7098 7185 7186 -1 7098 7186 7099 -1 7099 7186 7187 -1 7099 7187 7100 -1 7100 7187 7188 -1 7100 7188 7101 -1 7101 7188 7189 -1 7101 7189 7102 -1 7102 7189 7190 -1 7102 7190 7103 -1 7103 7190 7191 -1 7103 7191 7104 -1 7104 7191 7192 -1 7104 7192 7105 -1 7105 7192 7193 -1 7105 7193 7106 -1 7106 7193 7194 -1 7106 7194 7107 -1 7107 7194 7195 -1 7107 7195 7108 -1 7108 7195 7196 -1 7108 7196 7109 -1 7109 7196 7197 -1 7109 7197 7110 -1 7110 7197 7198 -1 7110 7198 7111 -1 7111 7198 7199 -1 7111 7199 7112 -1 7112 7199 7200 -1 7112 7200 7113 -1 7113 7200 7201 -1 7113 7201 7114 -1 7114 7201 7202 -1 7114 7202 7115 -1 7115 7202 7203 -1 7115 7203 7116 -1 7116 7203 7204 -1 7116 7204 7117 -1 7117 7204 7205 -1 7117 7205 7118 -1 7118 7205 7206 -1 7118 7206 7119 -1 7119 7206 7207 -1 7119 7207 7120 -1 7120 7207 7208 -1 7120 7208 7121 -1 7121 7208 7209 -1 7121 7209 7122 -1 7122 7209 7210 -1 7122 7210 7123 -1 7123 7210 7211 -1 7123 7211 7124 -1 7124 7211 7212 -1 7124 7212 7125 -1 7125 7212 7213 -1 7125 7213 7126 -1 7126 7213 7214 -1 7126 7214 7127 -1 7127 7214 7215 -1 7127 7215 7128 -1 7128 7215 7216 -1 7128 7216 7129 -1 7129 7216 7217 -1 7129 7217 89 -1 7130 0 7218 -1 7130 7218 7131 -1 7131 7218 7219 -1 7131 7219 7132 -1 7132 7219 7220 -1 7132 7220 7133 -1 7133 7220 7221 -1 7133 7221 7134 -1 7134 7221 7222 -1 7134 7222 7135 -1 7135 7222 7223 -1 7135 7223 7136 -1 7136 7223 7224 -1 7136 7224 7137 -1 7137 7224 7225 -1 7137 7225 7138 -1 7138 7225 7226 -1 7138 7226 7139 -1 7139 7226 7227 -1 7139 7227 7140 -1 7140 7227 7228 -1 7140 7228 7141 -1 7141 7228 7229 -1 7141 7229 7142 -1 7142 7229 7230 -1 7142 7230 7143 -1 7143 7230 7231 -1 7143 7231 7144 -1 7144 7231 7232 -1 7144 7232 7145 -1 7145 7232 7233 -1 7145 7233 7146 -1 7146 7233 7234 -1 7146 7234 7147 -1 7147 7234 7235 -1 7147 7235 7148 -1 7148 7235 7236 -1 7148 7236 7149 -1 7149 7236 7237 -1 7149 7237 7150 -1 7150 7237 7238 -1 7150 7238 7151 -1 7151 7238 7239 -1 7151 7239 7152 -1 7152 7239 7240 -1 7152 7240 7153 -1 7153 7240 7241 -1 7153 7241 7154 -1 7154 7241 7242 -1 7154 7242 7155 -1 7155 7242 7243 -1 7155 7243 7156 -1 7156 7243 7244 -1 7156 7244 7157 -1 7157 7244 7245 -1 7157 7245 7158 -1 7158 7245 7246 -1 7158 7246 7159 -1 7159 7246 7247 -1 7159 7247 7160 -1 7160 7247 7248 -1 7160 7248 7161 -1 7161 7248 7249 -1 7161 7249 7162 -1 7162 7249 7250 -1 7162 7250 7163 -1 7163 7250 7251 -1 7163 7251 7164 -1 7164 7251 7252 -1 7164 7252 7165 -1 7165 7252 7253 -1 7165 7253 7166 -1 7166 7253 7254 -1 7166 7254 7167 -1 7167 7254 7255 -1 7167 7255 7168 -1 7168 7255 7256 -1 7168 7256 7169 -1 7169 7256 7257 -1 7169 7257 7170 -1 7170 7257 7258 -1 7170 7258 7171 -1 7171 7258 7259 -1 7171 7259 7172 -1 7172 7259 7260 -1 7172 7260 7173 -1 7173 7260 7261 -1 7173 7261 7174 -1 7174 7261 7262 -1 7174 7262 7175 -1 7175 7262 7263 -1 7175 7263 7176 -1 7176 7263 7264 -1 7176 7264 7177 -1 7177 7264 7265 -1 7177 7265 7178 -1 7178 7265 7266 -1 7178 7266 7179 -1 7179 7266 7267 -1 7179 7267 7180 -1 7180 7267 7268 -1 7180 7268 7181 -1 7181 7268 7269 -1 7181 7269 7182 -1 7182 7269 7270 -1 7182 7270 7183 -1 7183 7270 7271 -1 7183 7271 7184 -1 7184 7271 7272 -1 7184 7272 7185 -1 7185 7272 7273 -1 7185 7273 7186 -1 7186 7273 7274 -1 7186 7274 7187 -1 7187 7274 7275 -1 7187 7275 7188 -1 7188 7275 7276 -1 7188 7276 7189 -1 7189 7276 7277 -1 7189 7277 7190 -1 7190 7277 7278 -1 7190 7278 7191 -1 7191 7278 7279 -1 7191 7279 7192 -1 7192 7279 7280 -1 7192 7280 7193 -1 7193 7280 7281 -1 7193 7281 7194 -1 7194 7281 7282 -1 7194 7282 7195 -1 7195 7282 7283 -1 7195 7283 7196 -1 7196 7283 7284 -1 7196 7284 7197 -1 7197 7284 7285 -1 7197 7285 7198 -1 7198 7285 7286 -1 7198 7286 7199 -1 7199 7286 7287 -1 7199 7287 7200 -1 7200 7287 7288 -1 7200 7288 7201 -1 7201 7288 7289 -1 7201 7289 7202 -1 7202 7289 7290 -1 7202 7290 7203 -1 7203 7290 7291 -1 7203 7291 7204 -1 7204 7291 7292 -1 7204 7292 7205 -1 7205 7292 7293 -1 7205 7293 7206 -1 7206 7293 7294 -1 7206 7294 7207 -1 7207 7294 7295 -1 7207 7295 7208 -1 7208 7295 7296 -1 7208 7296 7209 -1 7209 7296 7297 -1 7209 7297 7210 -1 7210 7297 7298 -1 7210 7298 7211 -1 7211 7298 7299 -1 7211 7299 7212 -1 7212 7299 7300 -1 7212 7300 7213 -1 7213 7300 7301 -1 7213 7301 7214 -1 7214 7301 7302 -1 7214 7302 7215 -1 7215 7302 7303 -1 7215 7303 7216 -1 7216 7303 7304 -1 7216 7304 7217 -1 7217 7304 7305 -1 7217 7305 89 -1 7218 0 7306 -1 7218 7306 7219 -1 7219 7306 7307 -1 7219 7307 7220 -1 7220 7307 7308 -1 7220 7308 7221 -1 7221 7308 7309 -1 7221 7309 7222 -1 7222 7309 7310 -1 7222 7310 7223 -1 7223 7310 7311 -1 7223 7311 7224 -1 7224 7311 7312 -1 7224 7312 7225 -1 7225 7312 7313 -1 7225 7313 7226 -1 7226 7313 7314 -1 7226 7314 7227 -1 7227 7314 7315 -1 7227 7315 7228 -1 7228 7315 7316 -1 7228 7316 7229 -1 7229 7316 7317 -1 7229 7317 7230 -1 7230 7317 7318 -1 7230 7318 7231 -1 7231 7318 7319 -1 7231 7319 7232 -1 7232 7319 7320 -1 7232 7320 7233 -1 7233 7320 7321 -1 7233 7321 7234 -1 7234 7321 7322 -1 7234 7322 7235 -1 7235 7322 7323 -1 7235 7323 7236 -1 7236 7323 7324 -1 7236 7324 7237 -1 7237 7324 7325 -1 7237 7325 7238 -1 7238 7325 7326 -1 7238 7326 7239 -1 7239 7326 7327 -1 7239 7327 7240 -1 7240 7327 7328 -1 7240 7328 7241 -1 7241 7328 7329 -1 7241 7329 7242 -1 7242 7329 7330 -1 7242 7330 7243 -1 7243 7330 7331 -1 7243 7331 7244 -1 7244 7331 7332 -1 7244 7332 7245 -1 7245 7332 7333 -1 7245 7333 7246 -1 7246 7333 7334 -1 7246 7334 7247 -1 7247 7334 7335 -1 7247 7335 7248 -1 7248 7335 7336 -1 7248 7336 7249 -1 7249 7336 7337 -1 7249 7337 7250 -1 7250 7337 7338 -1 7250 7338 7251 -1 7251 7338 7339 -1 7251 7339 7252 -1 7252 7339 7340 -1 7252 7340 7253 -1 7253 7340 7341 -1 7253 7341 7254 -1 7254 7341 7342 -1 7254 7342 7255 -1 7255 7342 7343 -1 7255 7343 7256 -1 7256 7343 7344 -1 7256 7344 7257 -1 7257 7344 7345 -1 7257 7345 7258 -1 7258 7345 7346 -1 7258 7346 7259 -1 7259 7346 7347 -1 7259 7347 7260 -1 7260 7347 7348 -1 7260 7348 7261 -1 7261 7348 7349 -1 7261 7349 7262 -1 7262 7349 7350 -1 7262 7350 7263 -1 7263 7350 7351 -1 7263 7351 7264 -1 7264 7351 7352 -1 7264 7352 7265 -1 7265 7352 7353 -1 7265 7353 7266 -1 7266 7353 7354 -1 7266 7354 7267 -1 7267 7354 7355 -1 7267 7355 7268 -1 7268 7355 7356 -1 7268 7356 7269 -1 7269 7356 7357 -1 7269 7357 7270 -1 7270 7357 7358 -1 7270 7358 7271 -1 7271 7358 7359 -1 7271 7359 7272 -1 7272 7359 7360 -1 7272 7360 7273 -1 7273 7360 7361 -1 7273 7361 7274 -1 7274 7361 7362 -1 7274 7362 7275 -1 7275 7362 7363 -1 7275 7363 7276 -1 7276 7363 7364 -1 7276 7364 7277 -1 7277 7364 7365 -1 7277 7365 7278 -1 7278 7365 7366 -1 7278 7366 7279 -1 7279 7366 7367 -1 7279 7367 7280 -1 7280 7367 7368 -1 7280 7368 7281 -1 7281 7368 7369 -1 7281 7369 7282 -1 7282 7369 7370 -1 7282 7370 7283 -1 7283 7370 7371 -1 7283 7371 7284 -1 7284 7371 7372 -1 7284 7372 7285 -1 7285 7372 7373 -1 7285 7373 7286 -1 7286 7373 7374 -1 7286 7374 7287 -1 7287 7374 7375 -1 7287 7375 7288 -1 7288 7375 7376 -1 7288 7376 7289 -1 7289 7376 7377 -1 7289 7377 7290 -1 7290 7377 7378 -1 7290 7378 7291 -1 7291 7378 7379 -1 7291 7379 7292 -1 7292 7379 7380 -1 7292 7380 7293 -1 7293 7380 7381 -1 7293 7381 7294 -1 7294 7381 7382 -1 7294 7382 7295 -1 7295 7382 7383 -1 7295 7383 7296 -1 7296 7383 7384 -1 7296 7384 7297 -1 7297 7384 7385 -1 7297 7385 7298 -1 7298 7385 7386 -1 7298 7386 7299 -1 7299 7386 7387 -1 7299 7387 7300 -1 7300 7387 7388 -1 7300 7388 7301 -1 7301 7388 7389 -1 7301 7389 7302 -1 7302 7389 7390 -1 7302 7390 7303 -1 7303 7390 7391 -1 7303 7391 7304 -1 7304 7391 7392 -1 7304 7392 7305 -1 7305 7392 7393 -1 7305 7393 89 -1 7306 0 7394 -1 7306 7394 7307 -1 7307 7394 7395 -1 7307 7395 7308 -1 7308 7395 7396 -1 7308 7396 7309 -1 7309 7396 7397 -1 7309 7397 7310 -1 7310 7397 7398 -1 7310 7398 7311 -1 7311 7398 7399 -1 7311 7399 7312 -1 7312 7399 7400 -1 7312 7400 7313 -1 7313 7400 7401 -1 7313 7401 7314 -1 7314 7401 7402 -1 7314 7402 7315 -1 7315 7402 7403 -1 7315 7403 7316 -1 7316 7403 7404 -1 7316 7404 7317 -1 7317 7404 7405 -1 7317 7405 7318 -1 7318 7405 7406 -1 7318 7406 7319 -1 7319 7406 7407 -1 7319 7407 7320 -1 7320 7407 7408 -1 7320 7408 7321 -1 7321 7408 7409 -1 7321 7409 7322 -1 7322 7409 7410 -1 7322 7410 7323 -1 7323 7410 7411 -1 7323 7411 7324 -1 7324 7411 7412 -1 7324 7412 7325 -1 7325 7412 7413 -1 7325 7413 7326 -1 7326 7413 7414 -1 7326 7414 7327 -1 7327 7414 7415 -1 7327 7415 7328 -1 7328 7415 7416 -1 7328 7416 7329 -1 7329 7416 7417 -1 7329 7417 7330 -1 7330 7417 7418 -1 7330 7418 7331 -1 7331 7418 7419 -1 7331 7419 7332 -1 7332 7419 7420 -1 7332 7420 7333 -1 7333 7420 7421 -1 7333 7421 7334 -1 7334 7421 7422 -1 7334 7422 7335 -1 7335 7422 7423 -1 7335 7423 7336 -1 7336 7423 7424 -1 7336 7424 7337 -1 7337 7424 7425 -1 7337 7425 7338 -1 7338 7425 7426 -1 7338 7426 7339 -1 7339 7426 7427 -1 7339 7427 7340 -1 7340 7427 7428 -1 7340 7428 7341 -1 7341 7428 7429 -1 7341 7429 7342 -1 7342 7429 7430 -1 7342 7430 7343 -1 7343 7430 7431 -1 7343 7431 7344 -1 7344 7431 7432 -1 7344 7432 7345 -1 7345 7432 7433 -1 7345 7433 7346 -1 7346 7433 7434 -1 7346 7434 7347 -1 7347 7434 7435 -1 7347 7435 7348 -1 7348 7435 7436 -1 7348 7436 7349 -1 7349 7436 7437 -1 7349 7437 7350 -1 7350 7437 7438 -1 7350 7438 7351 -1 7351 7438 7439 -1 7351 7439 7352 -1 7352 7439 7440 -1 7352 7440 7353 -1 7353 7440 7441 -1 7353 7441 7354 -1 7354 7441 7442 -1 7354 7442 7355 -1 7355 7442 7443 -1 7355 7443 7356 -1 7356 7443 7444 -1 7356 7444 7357 -1 7357 7444 7445 -1 7357 7445 7358 -1 7358 7445 7446 -1 7358 7446 7359 -1 7359 7446 7447 -1 7359 7447 7360 -1 7360 7447 7448 -1 7360 7448 7361 -1 7361 7448 7449 -1 7361 7449 7362 -1 7362 7449 7450 -1 7362 7450 7363 -1 7363 7450 7451 -1 7363 7451 7364 -1 7364 7451 7452 -1 7364 7452 7365 -1 7365 7452 7453 -1 7365 7453 7366 -1 7366 7453 7454 -1 7366 7454 7367 -1 7367 7454 7455 -1 7367 7455 7368 -1 7368 7455 7456 -1 7368 7456 7369 -1 7369 7456 7457 -1 7369 7457 7370 -1 7370 7457 7458 -1 7370 7458 7371 -1 7371 7458 7459 -1 7371 7459 7372 -1 7372 7459 7460 -1 7372 7460 7373 -1 7373 7460 7461 -1 7373 7461 7374 -1 7374 7461 7462 -1 7374 7462 7375 -1 7375 7462 7463 -1 7375 7463 7376 -1 7376 7463 7464 -1 7376 7464 7377 -1 7377 7464 7465 -1 7377 7465 7378 -1 7378 7465 7466 -1 7378 7466 7379 -1 7379 7466 7467 -1 7379 7467 7380 -1 7380 7467 7468 -1 7380 7468 7381 -1 7381 7468 7469 -1 7381 7469 7382 -1 7382 7469 7470 -1 7382 7470 7383 -1 7383 7470 7471 -1 7383 7471 7384 -1 7384 7471 7472 -1 7384 7472 7385 -1 7385 7472 7473 -1 7385 7473 7386 -1 7386 7473 7474 -1 7386 7474 7387 -1 7387 7474 7475 -1 7387 7475 7388 -1 7388 7475 7476 -1 7388 7476 7389 -1 7389 7476 7477 -1 7389 7477 7390 -1 7390 7477 7478 -1 7390 7478 7391 -1 7391 7478 7479 -1 7391 7479 7392 -1 7392 7479 7480 -1 7392 7480 7393 -1 7393 7480 7481 -1 7393 7481 89 -1 7394 0 7482 -1 7394 7482 7395 -1 7395 7482 7483 -1 7395 7483 7396 -1 7396 7483 7484 -1 7396 7484 7397 -1 7397 7484 7485 -1 7397 7485 7398 -1 7398 7485 7486 -1 7398 7486 7399 -1 7399 7486 7487 -1 7399 7487 7400 -1 7400 7487 7488 -1 7400 7488 7401 -1 7401 7488 7489 -1 7401 7489 7402 -1 7402 7489 7490 -1 7402 7490 7403 -1 7403 7490 7491 -1 7403 7491 7404 -1 7404 7491 7492 -1 7404 7492 7405 -1 7405 7492 7493 -1 7405 7493 7406 -1 7406 7493 7494 -1 7406 7494 7407 -1 7407 7494 7495 -1 7407 7495 7408 -1 7408 7495 7496 -1 7408 7496 7409 -1 7409 7496 7497 -1 7409 7497 7410 -1 7410 7497 7498 -1 7410 7498 7411 -1 7411 7498 7499 -1 7411 7499 7412 -1 7412 7499 7500 -1 7412 7500 7413 -1 7413 7500 7501 -1 7413 7501 7414 -1 7414 7501 7502 -1 7414 7502 7415 -1 7415 7502 7503 -1 7415 7503 7416 -1 7416 7503 7504 -1 7416 7504 7417 -1 7417 7504 7505 -1 7417 7505 7418 -1 7418 7505 7506 -1 7418 7506 7419 -1 7419 7506 7507 -1 7419 7507 7420 -1 7420 7507 7508 -1 7420 7508 7421 -1 7421 7508 7509 -1 7421 7509 7422 -1 7422 7509 7510 -1 7422 7510 7423 -1 7423 7510 7511 -1 7423 7511 7424 -1 7424 7511 7512 -1 7424 7512 7425 -1 7425 7512 7513 -1 7425 7513 7426 -1 7426 7513 7514 -1 7426 7514 7427 -1 7427 7514 7515 -1 7427 7515 7428 -1 7428 7515 7516 -1 7428 7516 7429 -1 7429 7516 7517 -1 7429 7517 7430 -1 7430 7517 7518 -1 7430 7518 7431 -1 7431 7518 7519 -1 7431 7519 7432 -1 7432 7519 7520 -1 7432 7520 7433 -1 7433 7520 7521 -1 7433 7521 7434 -1 7434 7521 7522 -1 7434 7522 7435 -1 7435 7522 7523 -1 7435 7523 7436 -1 7436 7523 7524 -1 7436 7524 7437 -1 7437 7524 7525 -1 7437 7525 7438 -1 7438 7525 7526 -1 7438 7526 7439 -1 7439 7526 7527 -1 7439 7527 7440 -1 7440 7527 7528 -1 7440 7528 7441 -1 7441 7528 7529 -1 7441 7529 7442 -1 7442 7529 7530 -1 7442 7530 7443 -1 7443 7530 7531 -1 7443 7531 7444 -1 7444 7531 7532 -1 7444 7532 7445 -1 7445 7532 7533 -1 7445 7533 7446 -1 7446 7533 7534 -1 7446 7534 7447 -1 7447 7534 7535 -1 7447 7535 7448 -1 7448 7535 7536 -1 7448 7536 7449 -1 7449 7536 7537 -1 7449 7537 7450 -1 7450 7537 7538 -1 7450 7538 7451 -1 7451 7538 7539 -1 7451 7539 7452 -1 7452 7539 7540 -1 7452 7540 7453 -1 7453 7540 7541 -1 7453 7541 7454 -1 7454 7541 7542 -1 7454 7542 7455 -1 7455 7542 7543 -1 7455 7543 7456 -1 7456 7543 7544 -1 7456 7544 7457 -1 7457 7544 7545 -1 7457 7545 7458 -1 7458 7545 7546 -1 7458 7546 7459 -1 7459 7546 7547 -1 7459 7547 7460 -1 7460 7547 7548 -1 7460 7548 7461 -1 7461 7548 7549 -1 7461 7549 7462 -1 7462 7549 7550 -1 7462 7550 7463 -1 7463 7550 7551 -1 7463 7551 7464 -1 7464 7551 7552 -1 7464 7552 7465 -1 7465 7552 7553 -1 7465 7553 7466 -1 7466 7553 7554 -1 7466 7554 7467 -1 7467 7554 7555 -1 7467 7555 7468 -1 7468 7555 7556 -1 7468 7556 7469 -1 7469 7556 7557 -1 7469 7557 7470 -1 7470 7557 7558 -1 7470 7558 7471 -1 7471 7558 7559 -1 7471 7559 7472 -1 7472 7559 7560 -1 7472 7560 7473 -1 7473 7560 7561 -1 7473 7561 7474 -1 7474 7561 7562 -1 7474 7562 7475 -1 7475 7562 7563 -1 7475 7563 7476 -1 7476 7563 7564 -1 7476 7564 7477 -1 7477 7564 7565 -1 7477 7565 7478 -1 7478 7565 7566 -1 7478 7566 7479 -1 7479 7566 7567 -1 7479 7567 7480 -1 7480 7567 7568 -1 7480 7568 7481 -1 7481 7568 7569 -1 7481 7569 89 -1 7482 0 7570 -1 7482 7570 7483 -1 7483 7570 7571 -1 7483 7571 7484 -1 7484 7571 7572 -1 7484 7572 7485 -1 7485 7572 7573 -1 7485 7573 7486 -1 7486 7573 7574 -1 7486 7574 7487 -1 7487 7574 7575 -1 7487 7575 7488 -1 7488 7575 7576 -1 7488 7576 7489 -1 7489 7576 7577 -1 7489 7577 7490 -1 7490 7577 7578 -1 7490 7578 7491 -1 7491 7578 7579 -1 7491 7579 7492 -1 7492 7579 7580 -1 7492 7580 7493 -1 7493 7580 7581 -1 7493 7581 7494 -1 7494 7581 7582 -1 7494 7582 7495 -1 7495 7582 7583 -1 7495 7583 7496 -1 7496 7583 7584 -1 7496 7584 7497 -1 7497 7584 7585 -1 7497 7585 7498 -1 7498 7585 7586 -1 7498 7586 7499 -1 7499 7586 7587 -1 7499 7587 7500 -1 7500 7587 7588 -1 7500 7588 7501 -1 7501 7588 7589 -1 7501 7589 7502 -1 7502 7589 7590 -1 7502 7590 7503 -1 7503 7590 7591 -1 7503 7591 7504 -1 7504 7591 7592 -1 7504 7592 7505 -1 7505 7592 7593 -1 7505 7593 7506 -1 7506 7593 7594 -1 7506 7594 7507 -1 7507 7594 7595 -1 7507 7595 7508 -1 7508 7595 7596 -1 7508 7596 7509 -1 7509 7596 7597 -1 7509 7597 7510 -1 7510 7597 7598 -1 7510 7598 7511 -1 7511 7598 7599 -1 7511 7599 7512 -1 7512 7599 7600 -1 7512 7600 7513 -1 7513 7600 7601 -1 7513 7601 7514 -1 7514 7601 7602 -1 7514 7602 7515 -1 7515 7602 7603 -1 7515 7603 7516 -1 7516 7603 7604 -1 7516 7604 7517 -1 7517 7604 7605 -1 7517 7605 7518 -1 7518 7605 7606 -1 7518 7606 7519 -1 7519 7606 7607 -1 7519 7607 7520 -1 7520 7607 7608 -1 7520 7608 7521 -1 7521 7608 7609 -1 7521 7609 7522 -1 7522 7609 7610 -1 7522 7610 7523 -1 7523 7610 7611 -1 7523 7611 7524 -1 7524 7611 7612 -1 7524 7612 7525 -1 7525 7612 7613 -1 7525 7613 7526 -1 7526 7613 7614 -1 7526 7614 7527 -1 7527 7614 7615 -1 7527 7615 7528 -1 7528 7615 7616 -1 7528 7616 7529 -1 7529 7616 7617 -1 7529 7617 7530 -1 7530 7617 7618 -1 7530 7618 7531 -1 7531 7618 7619 -1 7531 7619 7532 -1 7532 7619 7620 -1 7532 7620 7533 -1 7533 7620 7621 -1 7533 7621 7534 -1 7534 7621 7622 -1 7534 7622 7535 -1 7535 7622 7623 -1 7535 7623 7536 -1 7536 7623 7624 -1 7536 7624 7537 -1 7537 7624 7625 -1 7537 7625 7538 -1 7538 7625 7626 -1 7538 7626 7539 -1 7539 7626 7627 -1 7539 7627 7540 -1 7540 7627 7628 -1 7540 7628 7541 -1 7541 7628 7629 -1 7541 7629 7542 -1 7542 7629 7630 -1 7542 7630 7543 -1 7543 7630 7631 -1 7543 7631 7544 -1 7544 7631 7632 -1 7544 7632 7545 -1 7545 7632 7633 -1 7545 7633 7546 -1 7546 7633 7634 -1 7546 7634 7547 -1 7547 7634 7635 -1 7547 7635 7548 -1 7548 7635 7636 -1 7548 7636 7549 -1 7549 7636 7637 -1 7549 7637 7550 -1 7550 7637 7638 -1 7550 7638 7551 -1 7551 7638 7639 -1 7551 7639 7552 -1 7552 7639 7640 -1 7552 7640 7553 -1 7553 7640 7641 -1 7553 7641 7554 -1 7554 7641 7642 -1 7554 7642 7555 -1 7555 7642 7643 -1 7555 7643 7556 -1 7556 7643 7644 -1 7556 7644 7557 -1 7557 7644 7645 -1 7557 7645 7558 -1 7558 7645 7646 -1 7558 7646 7559 -1 7559 7646 7647 -1 7559 7647 7560 -1 7560 7647 7648 -1 7560 7648 7561 -1 7561 7648 7649 -1 7561 7649 7562 -1 7562 7649 7650 -1 7562 7650 7563 -1 7563 7650 7651 -1 7563 7651 7564 -1 7564 7651 7652 -1 7564 7652 7565 -1 7565 7652 7653 -1 7565 7653 7566 -1 7566 7653 7654 -1 7566 7654 7567 -1 7567 7654 7655 -1 7567 7655 7568 -1 7568 7655 7656 -1 7568 7656 7569 -1 7569 7656 7657 -1 7569 7657 89 -1 7570 0 7658 -1 7570 7658 7571 -1 7571 7658 7659 -1 7571 7659 7572 -1 7572 7659 7660 -1 7572 7660 7573 -1 7573 7660 7661 -1 7573 7661 7574 -1 7574 7661 7662 -1 7574 7662 7575 -1 7575 7662 7663 -1 7575 7663 7576 -1 7576 7663 7664 -1 7576 7664 7577 -1 7577 7664 7665 -1 7577 7665 7578 -1 7578 7665 7666 -1 7578 7666 7579 -1 7579 7666 7667 -1 7579 7667 7580 -1 7580 7667 7668 -1 7580 7668 7581 -1 7581 7668 7669 -1 7581 7669 7582 -1 7582 7669 7670 -1 7582 7670 7583 -1 7583 7670 7671 -1 7583 7671 7584 -1 7584 7671 7672 -1 7584 7672 7585 -1 7585 7672 7673 -1 7585 7673 7586 -1 7586 7673 7674 -1 7586 7674 7587 -1 7587 7674 7675 -1 7587 7675 7588 -1 7588 7675 7676 -1 7588 7676 7589 -1 7589 7676 7677 -1 7589 7677 7590 -1 7590 7677 7678 -1 7590 7678 7591 -1 7591 7678 7679 -1 7591 7679 7592 -1 7592 7679 7680 -1 7592 7680 7593 -1 7593 7680 7681 -1 7593 7681 7594 -1 7594 7681 7682 -1 7594 7682 7595 -1 7595 7682 7683 -1 7595 7683 7596 -1 7596 7683 7684 -1 7596 7684 7597 -1 7597 7684 7685 -1 7597 7685 7598 -1 7598 7685 7686 -1 7598 7686 7599 -1 7599 7686 7687 -1 7599 7687 7600 -1 7600 7687 7688 -1 7600 7688 7601 -1 7601 7688 7689 -1 7601 7689 7602 -1 7602 7689 7690 -1 7602 7690 7603 -1 7603 7690 7691 -1 7603 7691 7604 -1 7604 7691 7692 -1 7604 7692 7605 -1 7605 7692 7693 -1 7605 7693 7606 -1 7606 7693 7694 -1 7606 7694 7607 -1 7607 7694 7695 -1 7607 7695 7608 -1 7608 7695 7696 -1 7608 7696 7609 -1 7609 7696 7697 -1 7609 7697 7610 -1 7610 7697 7698 -1 7610 7698 7611 -1 7611 7698 7699 -1 7611 7699 7612 -1 7612 7699 7700 -1 7612 7700 7613 -1 7613 7700 7701 -1 7613 7701 7614 -1 7614 7701 7702 -1 7614 7702 7615 -1 7615 7702 7703 -1 7615 7703 7616 -1 7616 7703 7704 -1 7616 7704 7617 -1 7617 7704 7705 -1 7617 7705 7618 -1 7618 7705 7706 -1 7618 7706 7619 -1 7619 7706 7707 -1 7619 7707 7620 -1 7620 7707 7708 -1 7620 7708 7621 -1 7621 7708 7709 -1 7621 7709 7622 -1 7622 7709 7710 -1 7622 7710 7623 -1 7623 7710 7711 -1 7623 7711 7624 -1 7624 7711 7712 -1 7624 7712 7625 -1 7625 7712 7713 -1 7625 7713 7626 -1 7626 7713 7714 -1 7626 7714 7627 -1 7627 7714 7715 -1 7627 7715 7628 -1 7628 7715 7716 -1 7628 7716 7629 -1 7629 7716 7717 -1 7629 7717 7630 -1 7630 7717 7718 -1 7630 7718 7631 -1 7631 7718 7719 -1 7631 7719 7632 -1 7632 7719 7720 -1 7632 7720 7633 -1 7633 7720 7721 -1 7633 7721 7634 -1 7634 7721 7722 -1 7634 7722 7635 -1 7635 7722 7723 -1 7635 7723 7636 -1 7636 7723 7724 -1 7636 7724 7637 -1 7637 7724 7725 -1 7637 7725 7638 -1 7638 7725 7726 -1 7638 7726 7639 -1 7639 7726 7727 -1 7639 7727 7640 -1 7640 7727 7728 -1 7640 7728 7641 -1 7641 7728 7729 -1 7641 7729 7642 -1 7642 7729 7730 -1 7642 7730 7643 -1 7643 7730 7731 -1 7643 7731 7644 -1 7644 7731 7732 -1 7644 7732 7645 -1 7645 7732 7733 -1 7645 7733 7646 -1 7646 7733 7734 -1 7646 7734 7647 -1 7647 7734 7735 -1 7647 7735 7648 -1 7648 7735 7736 -1 7648 7736 7649 -1 7649 7736 7737 -1 7649 7737 7650 -1 7650 7737 7738 -1 7650 7738 7651 -1 7651 7738 7739 -1 7651 7739 7652 -1 7652 7739 7740 -1 7652 7740 7653 -1 7653 7740 7741 -1 7653 7741 7654 -1 7654 7741 7742 -1 7654 7742 7655 -1 7655 7742 7743 -1 7655 7743 7656 -1 7656 7743 7744 -1 7656 7744 7657 -1 7657 7744 7745 -1 7657 7745 89 -1 7658 0 7746 -1 7658 7746 7659 -1 7659 7746 7747 -1 7659 7747 7660 -1 7660 7747 7748 -1 7660 7748 7661 -1 7661 7748 7749 -1 7661 7749 7662 -1 7662 7749 7750 -1 7662 7750 7663 -1 7663 7750 7751 -1 7663 7751 7664 -1 7664 7751 7752 -1 7664 7752 7665 -1 7665 7752 7753 -1 7665 7753 7666 -1 7666 7753 7754 -1 7666 7754 7667 -1 7667 7754 7755 -1 7667 7755 7668 -1 7668 7755 7756 -1 7668 7756 7669 -1 7669 7756 7757 -1 7669 7757 7670 -1 7670 7757 7758 -1 7670 7758 7671 -1 7671 7758 7759 -1 7671 7759 7672 -1 7672 7759 7760 -1 7672 7760 7673 -1 7673 7760 7761 -1 7673 7761 7674 -1 7674 7761 7762 -1 7674 7762 7675 -1 7675 7762 7763 -1 7675 7763 7676 -1 7676 7763 7764 -1 7676 7764 7677 -1 7677 7764 7765 -1 7677 7765 7678 -1 7678 7765 7766 -1 7678 7766 7679 -1 7679 7766 7767 -1 7679 7767 7680 -1 7680 7767 7768 -1 7680 7768 7681 -1 7681 7768 7769 -1 7681 7769 7682 -1 7682 7769 7770 -1 7682 7770 7683 -1 7683 7770 7771 -1 7683 7771 7684 -1 7684 7771 7772 -1 7684 7772 7685 -1 7685 7772 7773 -1 7685 7773 7686 -1 7686 7773 7774 -1 7686 7774 7687 -1 7687 7774 7775 -1 7687 7775 7688 -1 7688 7775 7776 -1 7688 7776 7689 -1 7689 7776 7777 -1 7689 7777 7690 -1 7690 7777 7778 -1 7690 7778 7691 -1 7691 7778 7779 -1 7691 7779 7692 -1 7692 7779 7780 -1 7692 7780 7693 -1 7693 7780 7781 -1 7693 7781 7694 -1 7694 7781 7782 -1 7694 7782 7695 -1 7695 7782 7783 -1 7695 7783 7696 -1 7696 7783 7784 -1 7696 7784 7697 -1 7697 7784 7785 -1 7697 7785 7698 -1 7698 7785 7786 -1 7698 7786 7699 -1 7699 7786 7787 -1 7699 7787 7700 -1 7700 7787 7788 -1 7700 7788 7701 -1 7701 7788 7789 -1 7701 7789 7702 -1 7702 7789 7790 -1 7702 7790 7703 -1 7703 7790 7791 -1 7703 7791 7704 -1 7704 7791 7792 -1 7704 7792 7705 -1 7705 7792 7793 -1 7705 7793 7706 -1 7706 7793 7794 -1 7706 7794 7707 -1 7707 7794 7795 -1 7707 7795 7708 -1 7708 7795 7796 -1 7708 7796 7709 -1 7709 7796 7797 -1 7709 7797 7710 -1 7710 7797 7798 -1 7710 7798 7711 -1 7711 7798 7799 -1 7711 7799 7712 -1 7712 7799 7800 -1 7712 7800 7713 -1 7713 7800 7801 -1 7713 7801 7714 -1 7714 7801 7802 -1 7714 7802 7715 -1 7715 7802 7803 -1 7715 7803 7716 -1 7716 7803 7804 -1 7716 7804 7717 -1 7717 7804 7805 -1 7717 7805 7718 -1 7718 7805 7806 -1 7718 7806 7719 -1 7719 7806 7807 -1 7719 7807 7720 -1 7720 7807 7808 -1 7720 7808 7721 -1 7721 7808 7809 -1 7721 7809 7722 -1 7722 7809 7810 -1 7722 7810 7723 -1 7723 7810 7811 -1 7723 7811 7724 -1 7724 7811 7812 -1 7724 7812 7725 -1 7725 7812 7813 -1 7725 7813 7726 -1 7726 7813 7814 -1 7726 7814 7727 -1 7727 7814 7815 -1 7727 7815 7728 -1 7728 7815 7816 -1 7728 7816 7729 -1 7729 7816 7817 -1 7729 7817 7730 -1 7730 7817 7818 -1 7730 7818 7731 -1 7731 7818 7819 -1 7731 7819 7732 -1 7732 7819 7820 -1 7732 7820 7733 -1 7733 7820 7821 -1 7733 7821 7734 -1 7734 7821 7822 -1 7734 7822 7735 -1 7735 7822 7823 -1 7735 7823 7736 -1 7736 7823 7824 -1 7736 7824 7737 -1 7737 7824 7825 -1 7737 7825 7738 -1 7738 7825 7826 -1 7738 7826 7739 -1 7739 7826 7827 -1 7739 7827 7740 -1 7740 7827 7828 -1 7740 7828 7741 -1 7741 7828 7829 -1 7741 7829 7742 -1 7742 7829 7830 -1 7742 7830 7743 -1 7743 7830 7831 -1 7743 7831 7744 -1 7744 7831 7832 -1 7744 7832 7745 -1 7745 7832 7833 -1 7745 7833 89 -1 7746 0 7834 -1 7746 7834 7747 -1 7747 7834 7835 -1 7747 7835 7748 -1 7748 7835 7836 -1 7748 7836 7749 -1 7749 7836 7837 -1 7749 7837 7750 -1 7750 7837 7838 -1 7750 7838 7751 -1 7751 7838 7839 -1 7751 7839 7752 -1 7752 7839 7840 -1 7752 7840 7753 -1 7753 7840 7841 -1 7753 7841 7754 -1 7754 7841 7842 -1 7754 7842 7755 -1 7755 7842 7843 -1 7755 7843 7756 -1 7756 7843 7844 -1 7756 7844 7757 -1 7757 7844 7845 -1 7757 7845 7758 -1 7758 7845 7846 -1 7758 7846 7759 -1 7759 7846 7847 -1 7759 7847 7760 -1 7760 7847 7848 -1 7760 7848 7761 -1 7761 7848 7849 -1 7761 7849 7762 -1 7762 7849 7850 -1 7762 7850 7763 -1 7763 7850 7851 -1 7763 7851 7764 -1 7764 7851 7852 -1 7764 7852 7765 -1 7765 7852 7853 -1 7765 7853 7766 -1 7766 7853 7854 -1 7766 7854 7767 -1 7767 7854 7855 -1 7767 7855 7768 -1 7768 7855 7856 -1 7768 7856 7769 -1 7769 7856 7857 -1 7769 7857 7770 -1 7770 7857 7858 -1 7770 7858 7771 -1 7771 7858 7859 -1 7771 7859 7772 -1 7772 7859 7860 -1 7772 7860 7773 -1 7773 7860 7861 -1 7773 7861 7774 -1 7774 7861 7862 -1 7774 7862 7775 -1 7775 7862 7863 -1 7775 7863 7776 -1 7776 7863 7864 -1 7776 7864 7777 -1 7777 7864 7865 -1 7777 7865 7778 -1 7778 7865 7866 -1 7778 7866 7779 -1 7779 7866 7867 -1 7779 7867 7780 -1 7780 7867 7868 -1 7780 7868 7781 -1 7781 7868 7869 -1 7781 7869 7782 -1 7782 7869 7870 -1 7782 7870 7783 -1 7783 7870 7871 -1 7783 7871 7784 -1 7784 7871 7872 -1 7784 7872 7785 -1 7785 7872 7873 -1 7785 7873 7786 -1 7786 7873 7874 -1 7786 7874 7787 -1 7787 7874 7875 -1 7787 7875 7788 -1 7788 7875 7876 -1 7788 7876 7789 -1 7789 7876 7877 -1 7789 7877 7790 -1 7790 7877 7878 -1 7790 7878 7791 -1 7791 7878 7879 -1 7791 7879 7792 -1 7792 7879 7880 -1 7792 7880 7793 -1 7793 7880 7881 -1 7793 7881 7794 -1 7794 7881 7882 -1 7794 7882 7795 -1 7795 7882 7883 -1 7795 7883 7796 -1 7796 7883 7884 -1 7796 7884 7797 -1 7797 7884 7885 -1 7797 7885 7798 -1 7798 7885 7886 -1 7798 7886 7799 -1 7799 7886 7887 -1 7799 7887 7800 -1 7800 7887 7888 -1 7800 7888 7801 -1 7801 7888 7889 -1 7801 7889 7802 -1 7802 7889 7890 -1 7802 7890 7803 -1 7803 7890 7891 -1 7803 7891 7804 -1 7804 7891 7892 -1 7804 7892 7805 -1 7805 7892 7893 -1 7805 7893 7806 -1 7806 7893 7894 -1 7806 7894 7807 -1 7807 7894 7895 -1 7807 7895 7808 -1 7808 7895 7896 -1 7808 7896 7809 -1 7809 7896 7897 -1 7809 7897 7810 -1 7810 7897 7898 -1 7810 7898 7811 -1 7811 7898 7899 -1 7811 7899 7812 -1 7812 7899 7900 -1 7812 7900 7813 -1 7813 7900 7901 -1 7813 7901 7814 -1 7814 7901 7902 -1 7814 7902 7815 -1 7815 7902 7903 -1 7815 7903 7816 -1 7816 7903 7904 -1 7816 7904 7817 -1 7817 7904 7905 -1 7817 7905 7818 -1 7818 7905 7906 -1 7818 7906 7819 -1 7819 7906 7907 -1 7819 7907 7820 -1 7820 7907 7908 -1 7820 7908 7821 -1 7821 7908 7909 -1 7821 7909 7822 -1 7822 7909 7910 -1 7822 7910 7823 -1 7823 7910 7911 -1 7823 7911 7824 -1 7824 7911 7912 -1 7824 7912 7825 -1 7825 7912 7913 -1 7825 7913 7826 -1 7826 7913 7914 -1 7826 7914 7827 -1 7827 7914 7915 -1 7827 7915 7828 -1 7828 7915 7916 -1 7828 7916 7829 -1 7829 7916 7917 -1 7829 7917 7830 -1 7830 7917 7918 -1 7830 7918 7831 -1 7831 7918 7919 -1 7831 7919 7832 -1 7832 7919 7920 -1 7832 7920 7833 -1 7833 7920 7921 -1 7833 7921 89 -1 7834 0 7922 -1 7834 7922 7835 -1 7835 7922 7923 -1 7835 7923 7836 -1 7836 7923 7924 -1 7836 7924 7837 -1 7837 7924 7925 -1 7837 7925 7838 -1 7838 7925 7926 -1 7838 7926 7839 -1 7839 7926 7927 -1 7839 7927 7840 -1 7840 7927 7928 -1 7840 7928 7841 -1 7841 7928 7929 -1 7841 7929 7842 -1 7842 7929 7930 -1 7842 7930 7843 -1 7843 7930 7931 -1 7843 7931 7844 -1 7844 7931 7932 -1 7844 7932 7845 -1 7845 7932 7933 -1 7845 7933 7846 -1 7846 7933 7934 -1 7846 7934 7847 -1 7847 7934 7935 -1 7847 7935 7848 -1 7848 7935 7936 -1 7848 7936 7849 -1 7849 7936 7937 -1 7849 7937 7850 -1 7850 7937 7938 -1 7850 7938 7851 -1 7851 7938 7939 -1 7851 7939 7852 -1 7852 7939 7940 -1 7852 7940 7853 -1 7853 7940 7941 -1 7853 7941 7854 -1 7854 7941 7942 -1 7854 7942 7855 -1 7855 7942 7943 -1 7855 7943 7856 -1 7856 7943 7944 -1 7856 7944 7857 -1 7857 7944 7945 -1 7857 7945 7858 -1 7858 7945 7946 -1 7858 7946 7859 -1 7859 7946 7947 -1 7859 7947 7860 -1 7860 7947 7948 -1 7860 7948 7861 -1 7861 7948 7949 -1 7861 7949 7862 -1 7862 7949 7950 -1 7862 7950 7863 -1 7863 7950 7951 -1 7863 7951 7864 -1 7864 7951 7952 -1 7864 7952 7865 -1 7865 7952 7953 -1 7865 7953 7866 -1 7866 7953 7954 -1 7866 7954 7867 -1 7867 7954 7955 -1 7867 7955 7868 -1 7868 7955 7956 -1 7868 7956 7869 -1 7869 7956 7957 -1 7869 7957 7870 -1 7870 7957 7958 -1 7870 7958 7871 -1 7871 7958 7959 -1 7871 7959 7872 -1 7872 7959 7960 -1 7872 7960 7873 -1 7873 7960 7961 -1 7873 7961 7874 -1 7874 7961 7962 -1 7874 7962 7875 -1 7875 7962 7963 -1 7875 7963 7876 -1 7876 7963 7964 -1 7876 7964 7877 -1 7877 7964 7965 -1 7877 7965 7878 -1 7878 7965 7966 -1 7878 7966 7879 -1 7879 7966 7967 -1 7879 7967 7880 -1 7880 7967 7968 -1 7880 7968 7881 -1 7881 7968 7969 -1 7881 7969 7882 -1 7882 7969 7970 -1 7882 7970 7883 -1 7883 7970 7971 -1 7883 7971 7884 -1 7884 7971 7972 -1 7884 7972 7885 -1 7885 7972 7973 -1 7885 7973 7886 -1 7886 7973 7974 -1 7886 7974 7887 -1 7887 7974 7975 -1 7887 7975 7888 -1 7888 7975 7976 -1 7888 7976 7889 -1 7889 7976 7977 -1 7889 7977 7890 -1 7890 7977 7978 -1 7890 7978 7891 -1 7891 7978 7979 -1 7891 7979 7892 -1 7892 7979 7980 -1 7892 7980 7893 -1 7893 7980 7981 -1 7893 7981 7894 -1 7894 7981 7982 -1 7894 7982 7895 -1 7895 7982 7983 -1 7895 7983 7896 -1 7896 7983 7984 -1 7896 7984 7897 -1 7897 7984 7985 -1 7897 7985 7898 -1 7898 7985 7986 -1 7898 7986 7899 -1 7899 7986 7987 -1 7899 7987 7900 -1 7900 7987 7988 -1 7900 7988 7901 -1 7901 7988 7989 -1 7901 7989 7902 -1 7902 7989 7990 -1 7902 7990 7903 -1 7903 7990 7991 -1 7903 7991 7904 -1 7904 7991 7992 -1 7904 7992 7905 -1 7905 7992 7993 -1 7905 7993 7906 -1 7906 7993 7994 -1 7906 7994 7907 -1 7907 7994 7995 -1 7907 7995 7908 -1 7908 7995 7996 -1 7908 7996 7909 -1 7909 7996 7997 -1 7909 7997 7910 -1 7910 7997 7998 -1 7910 7998 7911 -1 7911 7998 7999 -1 7911 7999 7912 -1 7912 7999 8000 -1 7912 8000 7913 -1 7913 8000 8001 -1 7913 8001 7914 -1 7914 8001 8002 -1 7914 8002 7915 -1 7915 8002 8003 -1 7915 8003 7916 -1 7916 8003 8004 -1 7916 8004 7917 -1 7917 8004 8005 -1 7917 8005 7918 -1 7918 8005 8006 -1 7918 8006 7919 -1 7919 8006 8007 -1 7919 8007 7920 -1 7920 8007 8008 -1 7920 8008 7921 -1 7921 8008 8009 -1 7921 8009 89 -1 7922 0 8010 -1 7922 8010 7923 -1 7923 8010 8011 -1 7923 8011 7924 -1 7924 8011 8012 -1 7924 8012 7925 -1 7925 8012 8013 -1 7925 8013 7926 -1 7926 8013 8014 -1 7926 8014 7927 -1 7927 8014 8015 -1 7927 8015 7928 -1 7928 8015 8016 -1 7928 8016 7929 -1 7929 8016 8017 -1 7929 8017 7930 -1 7930 8017 8018 -1 7930 8018 7931 -1 7931 8018 8019 -1 7931 8019 7932 -1 7932 8019 8020 -1 7932 8020 7933 -1 7933 8020 8021 -1 7933 8021 7934 -1 7934 8021 8022 -1 7934 8022 7935 -1 7935 8022 8023 -1 7935 8023 7936 -1 7936 8023 8024 -1 7936 8024 7937 -1 7937 8024 8025 -1 7937 8025 7938 -1 7938 8025 8026 -1 7938 8026 7939 -1 7939 8026 8027 -1 7939 8027 7940 -1 7940 8027 8028 -1 7940 8028 7941 -1 7941 8028 8029 -1 7941 8029 7942 -1 7942 8029 8030 -1 7942 8030 7943 -1 7943 8030 8031 -1 7943 8031 7944 -1 7944 8031 8032 -1 7944 8032 7945 -1 7945 8032 8033 -1 7945 8033 7946 -1 7946 8033 8034 -1 7946 8034 7947 -1 7947 8034 8035 -1 7947 8035 7948 -1 7948 8035 8036 -1 7948 8036 7949 -1 7949 8036 8037 -1 7949 8037 7950 -1 7950 8037 8038 -1 7950 8038 7951 -1 7951 8038 8039 -1 7951 8039 7952 -1 7952 8039 8040 -1 7952 8040 7953 -1 7953 8040 8041 -1 7953 8041 7954 -1 7954 8041 8042 -1 7954 8042 7955 -1 7955 8042 8043 -1 7955 8043 7956 -1 7956 8043 8044 -1 7956 8044 7957 -1 7957 8044 8045 -1 7957 8045 7958 -1 7958 8045 8046 -1 7958 8046 7959 -1 7959 8046 8047 -1 7959 8047 7960 -1 7960 8047 8048 -1 7960 8048 7961 -1 7961 8048 8049 -1 7961 8049 7962 -1 7962 8049 8050 -1 7962 8050 7963 -1 7963 8050 8051 -1 7963 8051 7964 -1 7964 8051 8052 -1 7964 8052 7965 -1 7965 8052 8053 -1 7965 8053 7966 -1 7966 8053 8054 -1 7966 8054 7967 -1 7967 8054 8055 -1 7967 8055 7968 -1 7968 8055 8056 -1 7968 8056 7969 -1 7969 8056 8057 -1 7969 8057 7970 -1 7970 8057 8058 -1 7970 8058 7971 -1 7971 8058 8059 -1 7971 8059 7972 -1 7972 8059 8060 -1 7972 8060 7973 -1 7973 8060 8061 -1 7973 8061 7974 -1 7974 8061 8062 -1 7974 8062 7975 -1 7975 8062 8063 -1 7975 8063 7976 -1 7976 8063 8064 -1 7976 8064 7977 -1 7977 8064 8065 -1 7977 8065 7978 -1 7978 8065 8066 -1 7978 8066 7979 -1 7979 8066 8067 -1 7979 8067 7980 -1 7980 8067 8068 -1 7980 8068 7981 -1 7981 8068 8069 -1 7981 8069 7982 -1 7982 8069 8070 -1 7982 8070 7983 -1 7983 8070 8071 -1 7983 8071 7984 -1 7984 8071 8072 -1 7984 8072 7985 -1 7985 8072 8073 -1 7985 8073 7986 -1 7986 8073 8074 -1 7986 8074 7987 -1 7987 8074 8075 -1 7987 8075 7988 -1 7988 8075 8076 -1 7988 8076 7989 -1 7989 8076 8077 -1 7989 8077 7990 -1 7990 8077 8078 -1 7990 8078 7991 -1 7991 8078 8079 -1 7991 8079 7992 -1 7992 8079 8080 -1 7992 8080 7993 -1 7993 8080 8081 -1 7993 8081 7994 -1 7994 8081 8082 -1 7994 8082 7995 -1 7995 8082 8083 -1 7995 8083 7996 -1 7996 8083 8084 -1 7996 8084 7997 -1 7997 8084 8085 -1 7997 8085 7998 -1 7998 8085 8086 -1 7998 8086 7999 -1 7999 8086 8087 -1 7999 8087 8000 -1 8000 8087 8088 -1 8000 8088 8001 -1 8001 8088 8089 -1 8001 8089 8002 -1 8002 8089 8090 -1 8002 8090 8003 -1 8003 8090 8091 -1 8003 8091 8004 -1 8004 8091 8092 -1 8004 8092 8005 -1 8005 8092 8093 -1 8005 8093 8006 -1 8006 8093 8094 -1 8006 8094 8007 -1 8007 8094 8095 -1 8007 8095 8008 -1 8008 8095 8096 -1 8008 8096 8009 -1 8009 8096 8097 -1 8009 8097 89 -1 8010 0 8098 -1 8010 8098 8011 -1 8011 8098 8099 -1 8011 8099 8012 -1 8012 8099 8100 -1 8012 8100 8013 -1 8013 8100 8101 -1 8013 8101 8014 -1 8014 8101 8102 -1 8014 8102 8015 -1 8015 8102 8103 -1 8015 8103 8016 -1 8016 8103 8104 -1 8016 8104 8017 -1 8017 8104 8105 -1 8017 8105 8018 -1 8018 8105 8106 -1 8018 8106 8019 -1 8019 8106 8107 -1 8019 8107 8020 -1 8020 8107 8108 -1 8020 8108 8021 -1 8021 8108 8109 -1 8021 8109 8022 -1 8022 8109 8110 -1 8022 8110 8023 -1 8023 8110 8111 -1 8023 8111 8024 -1 8024 8111 8112 -1 8024 8112 8025 -1 8025 8112 8113 -1 8025 8113 8026 -1 8026 8113 8114 -1 8026 8114 8027 -1 8027 8114 8115 -1 8027 8115 8028 -1 8028 8115 8116 -1 8028 8116 8029 -1 8029 8116 8117 -1 8029 8117 8030 -1 8030 8117 8118 -1 8030 8118 8031 -1 8031 8118 8119 -1 8031 8119 8032 -1 8032 8119 8120 -1 8032 8120 8033 -1 8033 8120 8121 -1 8033 8121 8034 -1 8034 8121 8122 -1 8034 8122 8035 -1 8035 8122 8123 -1 8035 8123 8036 -1 8036 8123 8124 -1 8036 8124 8037 -1 8037 8124 8125 -1 8037 8125 8038 -1 8038 8125 8126 -1 8038 8126 8039 -1 8039 8126 8127 -1 8039 8127 8040 -1 8040 8127 8128 -1 8040 8128 8041 -1 8041 8128 8129 -1 8041 8129 8042 -1 8042 8129 8130 -1 8042 8130 8043 -1 8043 8130 8131 -1 8043 8131 8044 -1 8044 8131 8132 -1 8044 8132 8045 -1 8045 8132 8133 -1 8045 8133 8046 -1 8046 8133 8134 -1 8046 8134 8047 -1 8047 8134 8135 -1 8047 8135 8048 -1 8048 8135 8136 -1 8048 8136 8049 -1 8049 8136 8137 -1 8049 8137 8050 -1 8050 8137 8138 -1 8050 8138 8051 -1 8051 8138 8139 -1 8051 8139 8052 -1 8052 8139 8140 -1 8052 8140 8053 -1 8053 8140 8141 -1 8053 8141 8054 -1 8054 8141 8142 -1 8054 8142 8055 -1 8055 8142 8143 -1 8055 8143 8056 -1 8056 8143 8144 -1 8056 8144 8057 -1 8057 8144 8145 -1 8057 8145 8058 -1 8058 8145 8146 -1 8058 8146 8059 -1 8059 8146 8147 -1 8059 8147 8060 -1 8060 8147 8148 -1 8060 8148 8061 -1 8061 8148 8149 -1 8061 8149 8062 -1 8062 8149 8150 -1 8062 8150 8063 -1 8063 8150 8151 -1 8063 8151 8064 -1 8064 8151 8152 -1 8064 8152 8065 -1 8065 8152 8153 -1 8065 8153 8066 -1 8066 8153 8154 -1 8066 8154 8067 -1 8067 8154 8155 -1 8067 8155 8068 -1 8068 8155 8156 -1 8068 8156 8069 -1 8069 8156 8157 -1 8069 8157 8070 -1 8070 8157 8158 -1 8070 8158 8071 -1 8071 8158 8159 -1 8071 8159 8072 -1 8072 8159 8160 -1 8072 8160 8073 -1 8073 8160 8161 -1 8073 8161 8074 -1 8074 8161 8162 -1 8074 8162 8075 -1 8075 8162 8163 -1 8075 8163 8076 -1 8076 8163 8164 -1 8076 8164 8077 -1 8077 8164 8165 -1 8077 8165 8078 -1 8078 8165 8166 -1 8078 8166 8079 -1 8079 8166 8167 -1 8079 8167 8080 -1 8080 8167 8168 -1 8080 8168 8081 -1 8081 8168 8169 -1 8081 8169 8082 -1 8082 8169 8170 -1 8082 8170 8083 -1 8083 8170 8171 -1 8083 8171 8084 -1 8084 8171 8172 -1 8084 8172 8085 -1 8085 8172 8173 -1 8085 8173 8086 -1 8086 8173 8174 -1 8086 8174 8087 -1 8087 8174 8175 -1 8087 8175 8088 -1 8088 8175 8176 -1 8088 8176 8089 -1 8089 8176 8177 -1 8089 8177 8090 -1 8090 8177 8178 -1 8090 8178 8091 -1 8091 8178 8179 -1 8091 8179 8092 -1 8092 8179 8180 -1 8092 8180 8093 -1 8093 8180 8181 -1 8093 8181 8094 -1 8094 8181 8182 -1 8094 8182 8095 -1 8095 8182 8183 -1 8095 8183 8096 -1 8096 8183 8184 -1 8096 8184 8097 -1 8097 8184 8185 -1 8097 8185 89 -1 8098 0 8186 -1 8098 8186 8099 -1 8099 8186 8187 -1 8099 8187 8100 -1 8100 8187 8188 -1 8100 8188 8101 -1 8101 8188 8189 -1 8101 8189 8102 -1 8102 8189 8190 -1 8102 8190 8103 -1 8103 8190 8191 -1 8103 8191 8104 -1 8104 8191 8192 -1 8104 8192 8105 -1 8105 8192 8193 -1 8105 8193 8106 -1 8106 8193 8194 -1 8106 8194 8107 -1 8107 8194 8195 -1 8107 8195 8108 -1 8108 8195 8196 -1 8108 8196 8109 -1 8109 8196 8197 -1 8109 8197 8110 -1 8110 8197 8198 -1 8110 8198 8111 -1 8111 8198 8199 -1 8111 8199 8112 -1 8112 8199 8200 -1 8112 8200 8113 -1 8113 8200 8201 -1 8113 8201 8114 -1 8114 8201 8202 -1 8114 8202 8115 -1 8115 8202 8203 -1 8115 8203 8116 -1 8116 8203 8204 -1 8116 8204 8117 -1 8117 8204 8205 -1 8117 8205 8118 -1 8118 8205 8206 -1 8118 8206 8119 -1 8119 8206 8207 -1 8119 8207 8120 -1 8120 8207 8208 -1 8120 8208 8121 -1 8121 8208 8209 -1 8121 8209 8122 -1 8122 8209 8210 -1 8122 8210 8123 -1 8123 8210 8211 -1 8123 8211 8124 -1 8124 8211 8212 -1 8124 8212 8125 -1 8125 8212 8213 -1 8125 8213 8126 -1 8126 8213 8214 -1 8126 8214 8127 -1 8127 8214 8215 -1 8127 8215 8128 -1 8128 8215 8216 -1 8128 8216 8129 -1 8129 8216 8217 -1 8129 8217 8130 -1 8130 8217 8218 -1 8130 8218 8131 -1 8131 8218 8219 -1 8131 8219 8132 -1 8132 8219 8220 -1 8132 8220 8133 -1 8133 8220 8221 -1 8133 8221 8134 -1 8134 8221 8222 -1 8134 8222 8135 -1 8135 8222 8223 -1 8135 8223 8136 -1 8136 8223 8224 -1 8136 8224 8137 -1 8137 8224 8225 -1 8137 8225 8138 -1 8138 8225 8226 -1 8138 8226 8139 -1 8139 8226 8227 -1 8139 8227 8140 -1 8140 8227 8228 -1 8140 8228 8141 -1 8141 8228 8229 -1 8141 8229 8142 -1 8142 8229 8230 -1 8142 8230 8143 -1 8143 8230 8231 -1 8143 8231 8144 -1 8144 8231 8232 -1 8144 8232 8145 -1 8145 8232 8233 -1 8145 8233 8146 -1 8146 8233 8234 -1 8146 8234 8147 -1 8147 8234 8235 -1 8147 8235 8148 -1 8148 8235 8236 -1 8148 8236 8149 -1 8149 8236 8237 -1 8149 8237 8150 -1 8150 8237 8238 -1 8150 8238 8151 -1 8151 8238 8239 -1 8151 8239 8152 -1 8152 8239 8240 -1 8152 8240 8153 -1 8153 8240 8241 -1 8153 8241 8154 -1 8154 8241 8242 -1 8154 8242 8155 -1 8155 8242 8243 -1 8155 8243 8156 -1 8156 8243 8244 -1 8156 8244 8157 -1 8157 8244 8245 -1 8157 8245 8158 -1 8158 8245 8246 -1 8158 8246 8159 -1 8159 8246 8247 -1 8159 8247 8160 -1 8160 8247 8248 -1 8160 8248 8161 -1 8161 8248 8249 -1 8161 8249 8162 -1 8162 8249 8250 -1 8162 8250 8163 -1 8163 8250 8251 -1 8163 8251 8164 -1 8164 8251 8252 -1 8164 8252 8165 -1 8165 8252 8253 -1 8165 8253 8166 -1 8166 8253 8254 -1 8166 8254 8167 -1 8167 8254 8255 -1 8167 8255 8168 -1 8168 8255 8256 -1 8168 8256 8169 -1 8169 8256 8257 -1 8169 8257 8170 -1 8170 8257 8258 -1 8170 8258 8171 -1 8171 8258 8259 -1 8171 8259 8172 -1 8172 8259 8260 -1 8172 8260 8173 -1 8173 8260 8261 -1 8173 8261 8174 -1 8174 8261 8262 -1 8174 8262 8175 -1 8175 8262 8263 -1 8175 8263 8176 -1 8176 8263 8264 -1 8176 8264 8177 -1 8177 8264 8265 -1 8177 8265 8178 -1 8178 8265 8266 -1 8178 8266 8179 -1 8179 8266 8267 -1 8179 8267 8180 -1 8180 8267 8268 -1 8180 8268 8181 -1 8181 8268 8269 -1 8181 8269 8182 -1 8182 8269 8270 -1 8182 8270 8183 -1 8183 8270 8271 -1 8183 8271 8184 -1 8184 8271 8272 -1 8184 8272 8185 -1 8185 8272 8273 -1 8185 8273 89 -1 8186 0 8274 -1 8186 8274 8187 -1 8187 8274 8275 -1 8187 8275 8188 -1 8188 8275 8276 -1 8188 8276 8189 -1 8189 8276 8277 -1 8189 8277 8190 -1 8190 8277 8278 -1 8190 8278 8191 -1 8191 8278 8279 -1 8191 8279 8192 -1 8192 8279 8280 -1 8192 8280 8193 -1 8193 8280 8281 -1 8193 8281 8194 -1 8194 8281 8282 -1 8194 8282 8195 -1 8195 8282 8283 -1 8195 8283 8196 -1 8196 8283 8284 -1 8196 8284 8197 -1 8197 8284 8285 -1 8197 8285 8198 -1 8198 8285 8286 -1 8198 8286 8199 -1 8199 8286 8287 -1 8199 8287 8200 -1 8200 8287 8288 -1 8200 8288 8201 -1 8201 8288 8289 -1 8201 8289 8202 -1 8202 8289 8290 -1 8202 8290 8203 -1 8203 8290 8291 -1 8203 8291 8204 -1 8204 8291 8292 -1 8204 8292 8205 -1 8205 8292 8293 -1 8205 8293 8206 -1 8206 8293 8294 -1 8206 8294 8207 -1 8207 8294 8295 -1 8207 8295 8208 -1 8208 8295 8296 -1 8208 8296 8209 -1 8209 8296 8297 -1 8209 8297 8210 -1 8210 8297 8298 -1 8210 8298 8211 -1 8211 8298 8299 -1 8211 8299 8212 -1 8212 8299 8300 -1 8212 8300 8213 -1 8213 8300 8301 -1 8213 8301 8214 -1 8214 8301 8302 -1 8214 8302 8215 -1 8215 8302 8303 -1 8215 8303 8216 -1 8216 8303 8304 -1 8216 8304 8217 -1 8217 8304 8305 -1 8217 8305 8218 -1 8218 8305 8306 -1 8218 8306 8219 -1 8219 8306 8307 -1 8219 8307 8220 -1 8220 8307 8308 -1 8220 8308 8221 -1 8221 8308 8309 -1 8221 8309 8222 -1 8222 8309 8310 -1 8222 8310 8223 -1 8223 8310 8311 -1 8223 8311 8224 -1 8224 8311 8312 -1 8224 8312 8225 -1 8225 8312 8313 -1 8225 8313 8226 -1 8226 8313 8314 -1 8226 8314 8227 -1 8227 8314 8315 -1 8227 8315 8228 -1 8228 8315 8316 -1 8228 8316 8229 -1 8229 8316 8317 -1 8229 8317 8230 -1 8230 8317 8318 -1 8230 8318 8231 -1 8231 8318 8319 -1 8231 8319 8232 -1 8232 8319 8320 -1 8232 8320 8233 -1 8233 8320 8321 -1 8233 8321 8234 -1 8234 8321 8322 -1 8234 8322 8235 -1 8235 8322 8323 -1 8235 8323 8236 -1 8236 8323 8324 -1 8236 8324 8237 -1 8237 8324 8325 -1 8237 8325 8238 -1 8238 8325 8326 -1 8238 8326 8239 -1 8239 8326 8327 -1 8239 8327 8240 -1 8240 8327 8328 -1 8240 8328 8241 -1 8241 8328 8329 -1 8241 8329 8242 -1 8242 8329 8330 -1 8242 8330 8243 -1 8243 8330 8331 -1 8243 8331 8244 -1 8244 8331 8332 -1 8244 8332 8245 -1 8245 8332 8333 -1 8245 8333 8246 -1 8246 8333 8334 -1 8246 8334 8247 -1 8247 8334 8335 -1 8247 8335 8248 -1 8248 8335 8336 -1 8248 8336 8249 -1 8249 8336 8337 -1 8249 8337 8250 -1 8250 8337 8338 -1 8250 8338 8251 -1 8251 8338 8339 -1 8251 8339 8252 -1 8252 8339 8340 -1 8252 8340 8253 -1 8253 8340 8341 -1 8253 8341 8254 -1 8254 8341 8342 -1 8254 8342 8255 -1 8255 8342 8343 -1 8255 8343 8256 -1 8256 8343 8344 -1 8256 8344 8257 -1 8257 8344 8345 -1 8257 8345 8258 -1 8258 8345 8346 -1 8258 8346 8259 -1 8259 8346 8347 -1 8259 8347 8260 -1 8260 8347 8348 -1 8260 8348 8261 -1 8261 8348 8349 -1 8261 8349 8262 -1 8262 8349 8350 -1 8262 8350 8263 -1 8263 8350 8351 -1 8263 8351 8264 -1 8264 8351 8352 -1 8264 8352 8265 -1 8265 8352 8353 -1 8265 8353 8266 -1 8266 8353 8354 -1 8266 8354 8267 -1 8267 8354 8355 -1 8267 8355 8268 -1 8268 8355 8356 -1 8268 8356 8269 -1 8269 8356 8357 -1 8269 8357 8270 -1 8270 8357 8358 -1 8270 8358 8271 -1 8271 8358 8359 -1 8271 8359 8272 -1 8272 8359 8360 -1 8272 8360 8273 -1 8273 8360 8361 -1 8273 8361 89 -1 8274 0 8362 -1 8274 8362 8275 -1 8275 8362 8363 -1 8275 8363 8276 -1 8276 8363 8364 -1 8276 8364 8277 -1 8277 8364 8365 -1 8277 8365 8278 -1 8278 8365 8366 -1 8278 8366 8279 -1 8279 8366 8367 -1 8279 8367 8280 -1 8280 8367 8368 -1 8280 8368 8281 -1 8281 8368 8369 -1 8281 8369 8282 -1 8282 8369 8370 -1 8282 8370 8283 -1 8283 8370 8371 -1 8283 8371 8284 -1 8284 8371 8372 -1 8284 8372 8285 -1 8285 8372 8373 -1 8285 8373 8286 -1 8286 8373 8374 -1 8286 8374 8287 -1 8287 8374 8375 -1 8287 8375 8288 -1 8288 8375 8376 -1 8288 8376 8289 -1 8289 8376 8377 -1 8289 8377 8290 -1 8290 8377 8378 -1 8290 8378 8291 -1 8291 8378 8379 -1 8291 8379 8292 -1 8292 8379 8380 -1 8292 8380 8293 -1 8293 8380 8381 -1 8293 8381 8294 -1 8294 8381 8382 -1 8294 8382 8295 -1 8295 8382 8383 -1 8295 8383 8296 -1 8296 8383 8384 -1 8296 8384 8297 -1 8297 8384 8385 -1 8297 8385 8298 -1 8298 8385 8386 -1 8298 8386 8299 -1 8299 8386 8387 -1 8299 8387 8300 -1 8300 8387 8388 -1 8300 8388 8301 -1 8301 8388 8389 -1 8301 8389 8302 -1 8302 8389 8390 -1 8302 8390 8303 -1 8303 8390 8391 -1 8303 8391 8304 -1 8304 8391 8392 -1 8304 8392 8305 -1 8305 8392 8393 -1 8305 8393 8306 -1 8306 8393 8394 -1 8306 8394 8307 -1 8307 8394 8395 -1 8307 8395 8308 -1 8308 8395 8396 -1 8308 8396 8309 -1 8309 8396 8397 -1 8309 8397 8310 -1 8310 8397 8398 -1 8310 8398 8311 -1 8311 8398 8399 -1 8311 8399 8312 -1 8312 8399 8400 -1 8312 8400 8313 -1 8313 8400 8401 -1 8313 8401 8314 -1 8314 8401 8402 -1 8314 8402 8315 -1 8315 8402 8403 -1 8315 8403 8316 -1 8316 8403 8404 -1 8316 8404 8317 -1 8317 8404 8405 -1 8317 8405 8318 -1 8318 8405 8406 -1 8318 8406 8319 -1 8319 8406 8407 -1 8319 8407 8320 -1 8320 8407 8408 -1 8320 8408 8321 -1 8321 8408 8409 -1 8321 8409 8322 -1 8322 8409 8410 -1 8322 8410 8323 -1 8323 8410 8411 -1 8323 8411 8324 -1 8324 8411 8412 -1 8324 8412 8325 -1 8325 8412 8413 -1 8325 8413 8326 -1 8326 8413 8414 -1 8326 8414 8327 -1 8327 8414 8415 -1 8327 8415 8328 -1 8328 8415 8416 -1 8328 8416 8329 -1 8329 8416 8417 -1 8329 8417 8330 -1 8330 8417 8418 -1 8330 8418 8331 -1 8331 8418 8419 -1 8331 8419 8332 -1 8332 8419 8420 -1 8332 8420 8333 -1 8333 8420 8421 -1 8333 8421 8334 -1 8334 8421 8422 -1 8334 8422 8335 -1 8335 8422 8423 -1 8335 8423 8336 -1 8336 8423 8424 -1 8336 8424 8337 -1 8337 8424 8425 -1 8337 8425 8338 -1 8338 8425 8426 -1 8338 8426 8339 -1 8339 8426 8427 -1 8339 8427 8340 -1 8340 8427 8428 -1 8340 8428 8341 -1 8341 8428 8429 -1 8341 8429 8342 -1 8342 8429 8430 -1 8342 8430 8343 -1 8343 8430 8431 -1 8343 8431 8344 -1 8344 8431 8432 -1 8344 8432 8345 -1 8345 8432 8433 -1 8345 8433 8346 -1 8346 8433 8434 -1 8346 8434 8347 -1 8347 8434 8435 -1 8347 8435 8348 -1 8348 8435 8436 -1 8348 8436 8349 -1 8349 8436 8437 -1 8349 8437 8350 -1 8350 8437 8438 -1 8350 8438 8351 -1 8351 8438 8439 -1 8351 8439 8352 -1 8352 8439 8440 -1 8352 8440 8353 -1 8353 8440 8441 -1 8353 8441 8354 -1 8354 8441 8442 -1 8354 8442 8355 -1 8355 8442 8443 -1 8355 8443 8356 -1 8356 8443 8444 -1 8356 8444 8357 -1 8357 8444 8445 -1 8357 8445 8358 -1 8358 8445 8446 -1 8358 8446 8359 -1 8359 8446 8447 -1 8359 8447 8360 -1 8360 8447 8448 -1 8360 8448 8361 -1 8361 8448 8449 -1 8361 8449 89 -1 8362 0 8450 -1 8362 8450 8363 -1 8363 8450 8451 -1 8363 8451 8364 -1 8364 8451 8452 -1 8364 8452 8365 -1 8365 8452 8453 -1 8365 8453 8366 -1 8366 8453 8454 -1 8366 8454 8367 -1 8367 8454 8455 -1 8367 8455 8368 -1 8368 8455 8456 -1 8368 8456 8369 -1 8369 8456 8457 -1 8369 8457 8370 -1 8370 8457 8458 -1 8370 8458 8371 -1 8371 8458 8459 -1 8371 8459 8372 -1 8372 8459 8460 -1 8372 8460 8373 -1 8373 8460 8461 -1 8373 8461 8374 -1 8374 8461 8462 -1 8374 8462 8375 -1 8375 8462 8463 -1 8375 8463 8376 -1 8376 8463 8464 -1 8376 8464 8377 -1 8377 8464 8465 -1 8377 8465 8378 -1 8378 8465 8466 -1 8378 8466 8379 -1 8379 8466 8467 -1 8379 8467 8380 -1 8380 8467 8468 -1 8380 8468 8381 -1 8381 8468 8469 -1 8381 8469 8382 -1 8382 8469 8470 -1 8382 8470 8383 -1 8383 8470 8471 -1 8383 8471 8384 -1 8384 8471 8472 -1 8384 8472 8385 -1 8385 8472 8473 -1 8385 8473 8386 -1 8386 8473 8474 -1 8386 8474 8387 -1 8387 8474 8475 -1 8387 8475 8388 -1 8388 8475 8476 -1 8388 8476 8389 -1 8389 8476 8477 -1 8389 8477 8390 -1 8390 8477 8478 -1 8390 8478 8391 -1 8391 8478 8479 -1 8391 8479 8392 -1 8392 8479 8480 -1 8392 8480 8393 -1 8393 8480 8481 -1 8393 8481 8394 -1 8394 8481 8482 -1 8394 8482 8395 -1 8395 8482 8483 -1 8395 8483 8396 -1 8396 8483 8484 -1 8396 8484 8397 -1 8397 8484 8485 -1 8397 8485 8398 -1 8398 8485 8486 -1 8398 8486 8399 -1 8399 8486 8487 -1 8399 8487 8400 -1 8400 8487 8488 -1 8400 8488 8401 -1 8401 8488 8489 -1 8401 8489 8402 -1 8402 8489 8490 -1 8402 8490 8403 -1 8403 8490 8491 -1 8403 8491 8404 -1 8404 8491 8492 -1 8404 8492 8405 -1 8405 8492 8493 -1 8405 8493 8406 -1 8406 8493 8494 -1 8406 8494 8407 -1 8407 8494 8495 -1 8407 8495 8408 -1 8408 8495 8496 -1 8408 8496 8409 -1 8409 8496 8497 -1 8409 8497 8410 -1 8410 8497 8498 -1 8410 8498 8411 -1 8411 8498 8499 -1 8411 8499 8412 -1 8412 8499 8500 -1 8412 8500 8413 -1 8413 8500 8501 -1 8413 8501 8414 -1 8414 8501 8502 -1 8414 8502 8415 -1 8415 8502 8503 -1 8415 8503 8416 -1 8416 8503 8504 -1 8416 8504 8417 -1 8417 8504 8505 -1 8417 8505 8418 -1 8418 8505 8506 -1 8418 8506 8419 -1 8419 8506 8507 -1 8419 8507 8420 -1 8420 8507 8508 -1 8420 8508 8421 -1 8421 8508 8509 -1 8421 8509 8422 -1 8422 8509 8510 -1 8422 8510 8423 -1 8423 8510 8511 -1 8423 8511 8424 -1 8424 8511 8512 -1 8424 8512 8425 -1 8425 8512 8513 -1 8425 8513 8426 -1 8426 8513 8514 -1 8426 8514 8427 -1 8427 8514 8515 -1 8427 8515 8428 -1 8428 8515 8516 -1 8428 8516 8429 -1 8429 8516 8517 -1 8429 8517 8430 -1 8430 8517 8518 -1 8430 8518 8431 -1 8431 8518 8519 -1 8431 8519 8432 -1 8432 8519 8520 -1 8432 8520 8433 -1 8433 8520 8521 -1 8433 8521 8434 -1 8434 8521 8522 -1 8434 8522 8435 -1 8435 8522 8523 -1 8435 8523 8436 -1 8436 8523 8524 -1 8436 8524 8437 -1 8437 8524 8525 -1 8437 8525 8438 -1 8438 8525 8526 -1 8438 8526 8439 -1 8439 8526 8527 -1 8439 8527 8440 -1 8440 8527 8528 -1 8440 8528 8441 -1 8441 8528 8529 -1 8441 8529 8442 -1 8442 8529 8530 -1 8442 8530 8443 -1 8443 8530 8531 -1 8443 8531 8444 -1 8444 8531 8532 -1 8444 8532 8445 -1 8445 8532 8533 -1 8445 8533 8446 -1 8446 8533 8534 -1 8446 8534 8447 -1 8447 8534 8535 -1 8447 8535 8448 -1 8448 8535 8536 -1 8448 8536 8449 -1 8449 8536 8537 -1 8449 8537 89 -1 8450 0 8538 -1 8450 8538 8451 -1 8451 8538 8539 -1 8451 8539 8452 -1 8452 8539 8540 -1 8452 8540 8453 -1 8453 8540 8541 -1 8453 8541 8454 -1 8454 8541 8542 -1 8454 8542 8455 -1 8455 8542 8543 -1 8455 8543 8456 -1 8456 8543 8544 -1 8456 8544 8457 -1 8457 8544 8545 -1 8457 8545 8458 -1 8458 8545 8546 -1 8458 8546 8459 -1 8459 8546 8547 -1 8459 8547 8460 -1 8460 8547 8548 -1 8460 8548 8461 -1 8461 8548 8549 -1 8461 8549 8462 -1 8462 8549 8550 -1 8462 8550 8463 -1 8463 8550 8551 -1 8463 8551 8464 -1 8464 8551 8552 -1 8464 8552 8465 -1 8465 8552 8553 -1 8465 8553 8466 -1 8466 8553 8554 -1 8466 8554 8467 -1 8467 8554 8555 -1 8467 8555 8468 -1 8468 8555 8556 -1 8468 8556 8469 -1 8469 8556 8557 -1 8469 8557 8470 -1 8470 8557 8558 -1 8470 8558 8471 -1 8471 8558 8559 -1 8471 8559 8472 -1 8472 8559 8560 -1 8472 8560 8473 -1 8473 8560 8561 -1 8473 8561 8474 -1 8474 8561 8562 -1 8474 8562 8475 -1 8475 8562 8563 -1 8475 8563 8476 -1 8476 8563 8564 -1 8476 8564 8477 -1 8477 8564 8565 -1 8477 8565 8478 -1 8478 8565 8566 -1 8478 8566 8479 -1 8479 8566 8567 -1 8479 8567 8480 -1 8480 8567 8568 -1 8480 8568 8481 -1 8481 8568 8569 -1 8481 8569 8482 -1 8482 8569 8570 -1 8482 8570 8483 -1 8483 8570 8571 -1 8483 8571 8484 -1 8484 8571 8572 -1 8484 8572 8485 -1 8485 8572 8573 -1 8485 8573 8486 -1 8486 8573 8574 -1 8486 8574 8487 -1 8487 8574 8575 -1 8487 8575 8488 -1 8488 8575 8576 -1 8488 8576 8489 -1 8489 8576 8577 -1 8489 8577 8490 -1 8490 8577 8578 -1 8490 8578 8491 -1 8491 8578 8579 -1 8491 8579 8492 -1 8492 8579 8580 -1 8492 8580 8493 -1 8493 8580 8581 -1 8493 8581 8494 -1 8494 8581 8582 -1 8494 8582 8495 -1 8495 8582 8583 -1 8495 8583 8496 -1 8496 8583 8584 -1 8496 8584 8497 -1 8497 8584 8585 -1 8497 8585 8498 -1 8498 8585 8586 -1 8498 8586 8499 -1 8499 8586 8587 -1 8499 8587 8500 -1 8500 8587 8588 -1 8500 8588 8501 -1 8501 8588 8589 -1 8501 8589 8502 -1 8502 8589 8590 -1 8502 8590 8503 -1 8503 8590 8591 -1 8503 8591 8504 -1 8504 8591 8592 -1 8504 8592 8505 -1 8505 8592 8593 -1 8505 8593 8506 -1 8506 8593 8594 -1 8506 8594 8507 -1 8507 8594 8595 -1 8507 8595 8508 -1 8508 8595 8596 -1 8508 8596 8509 -1 8509 8596 8597 -1 8509 8597 8510 -1 8510 8597 8598 -1 8510 8598 8511 -1 8511 8598 8599 -1 8511 8599 8512 -1 8512 8599 8600 -1 8512 8600 8513 -1 8513 8600 8601 -1 8513 8601 8514 -1 8514 8601 8602 -1 8514 8602 8515 -1 8515 8602 8603 -1 8515 8603 8516 -1 8516 8603 8604 -1 8516 8604 8517 -1 8517 8604 8605 -1 8517 8605 8518 -1 8518 8605 8606 -1 8518 8606 8519 -1 8519 8606 8607 -1 8519 8607 8520 -1 8520 8607 8608 -1 8520 8608 8521 -1 8521 8608 8609 -1 8521 8609 8522 -1 8522 8609 8610 -1 8522 8610 8523 -1 8523 8610 8611 -1 8523 8611 8524 -1 8524 8611 8612 -1 8524 8612 8525 -1 8525 8612 8613 -1 8525 8613 8526 -1 8526 8613 8614 -1 8526 8614 8527 -1 8527 8614 8615 -1 8527 8615 8528 -1 8528 8615 8616 -1 8528 8616 8529 -1 8529 8616 8617 -1 8529 8617 8530 -1 8530 8617 8618 -1 8530 8618 8531 -1 8531 8618 8619 -1 8531 8619 8532 -1 8532 8619 8620 -1 8532 8620 8533 -1 8533 8620 8621 -1 8533 8621 8534 -1 8534 8621 8622 -1 8534 8622 8535 -1 8535 8622 8623 -1 8535 8623 8536 -1 8536 8623 8624 -1 8536 8624 8537 -1 8537 8624 8625 -1 8537 8625 89 -1 8538 0 8626 -1 8538 8626 8539 -1 8539 8626 8627 -1 8539 8627 8540 -1 8540 8627 8628 -1 8540 8628 8541 -1 8541 8628 8629 -1 8541 8629 8542 -1 8542 8629 8630 -1 8542 8630 8543 -1 8543 8630 8631 -1 8543 8631 8544 -1 8544 8631 8632 -1 8544 8632 8545 -1 8545 8632 8633 -1 8545 8633 8546 -1 8546 8633 8634 -1 8546 8634 8547 -1 8547 8634 8635 -1 8547 8635 8548 -1 8548 8635 8636 -1 8548 8636 8549 -1 8549 8636 8637 -1 8549 8637 8550 -1 8550 8637 8638 -1 8550 8638 8551 -1 8551 8638 8639 -1 8551 8639 8552 -1 8552 8639 8640 -1 8552 8640 8553 -1 8553 8640 8641 -1 8553 8641 8554 -1 8554 8641 8642 -1 8554 8642 8555 -1 8555 8642 8643 -1 8555 8643 8556 -1 8556 8643 8644 -1 8556 8644 8557 -1 8557 8644 8645 -1 8557 8645 8558 -1 8558 8645 8646 -1 8558 8646 8559 -1 8559 8646 8647 -1 8559 8647 8560 -1 8560 8647 8648 -1 8560 8648 8561 -1 8561 8648 8649 -1 8561 8649 8562 -1 8562 8649 8650 -1 8562 8650 8563 -1 8563 8650 8651 -1 8563 8651 8564 -1 8564 8651 8652 -1 8564 8652 8565 -1 8565 8652 8653 -1 8565 8653 8566 -1 8566 8653 8654 -1 8566 8654 8567 -1 8567 8654 8655 -1 8567 8655 8568 -1 8568 8655 8656 -1 8568 8656 8569 -1 8569 8656 8657 -1 8569 8657 8570 -1 8570 8657 8658 -1 8570 8658 8571 -1 8571 8658 8659 -1 8571 8659 8572 -1 8572 8659 8660 -1 8572 8660 8573 -1 8573 8660 8661 -1 8573 8661 8574 -1 8574 8661 8662 -1 8574 8662 8575 -1 8575 8662 8663 -1 8575 8663 8576 -1 8576 8663 8664 -1 8576 8664 8577 -1 8577 8664 8665 -1 8577 8665 8578 -1 8578 8665 8666 -1 8578 8666 8579 -1 8579 8666 8667 -1 8579 8667 8580 -1 8580 8667 8668 -1 8580 8668 8581 -1 8581 8668 8669 -1 8581 8669 8582 -1 8582 8669 8670 -1 8582 8670 8583 -1 8583 8670 8671 -1 8583 8671 8584 -1 8584 8671 8672 -1 8584 8672 8585 -1 8585 8672 8673 -1 8585 8673 8586 -1 8586 8673 8674 -1 8586 8674 8587 -1 8587 8674 8675 -1 8587 8675 8588 -1 8588 8675 8676 -1 8588 8676 8589 -1 8589 8676 8677 -1 8589 8677 8590 -1 8590 8677 8678 -1 8590 8678 8591 -1 8591 8678 8679 -1 8591 8679 8592 -1 8592 8679 8680 -1 8592 8680 8593 -1 8593 8680 8681 -1 8593 8681 8594 -1 8594 8681 8682 -1 8594 8682 8595 -1 8595 8682 8683 -1 8595 8683 8596 -1 8596 8683 8684 -1 8596 8684 8597 -1 8597 8684 8685 -1 8597 8685 8598 -1 8598 8685 8686 -1 8598 8686 8599 -1 8599 8686 8687 -1 8599 8687 8600 -1 8600 8687 8688 -1 8600 8688 8601 -1 8601 8688 8689 -1 8601 8689 8602 -1 8602 8689 8690 -1 8602 8690 8603 -1 8603 8690 8691 -1 8603 8691 8604 -1 8604 8691 8692 -1 8604 8692 8605 -1 8605 8692 8693 -1 8605 8693 8606 -1 8606 8693 8694 -1 8606 8694 8607 -1 8607 8694 8695 -1 8607 8695 8608 -1 8608 8695 8696 -1 8608 8696 8609 -1 8609 8696 8697 -1 8609 8697 8610 -1 8610 8697 8698 -1 8610 8698 8611 -1 8611 8698 8699 -1 8611 8699 8612 -1 8612 8699 8700 -1 8612 8700 8613 -1 8613 8700 8701 -1 8613 8701 8614 -1 8614 8701 8702 -1 8614 8702 8615 -1 8615 8702 8703 -1 8615 8703 8616 -1 8616 8703 8704 -1 8616 8704 8617 -1 8617 8704 8705 -1 8617 8705 8618 -1 8618 8705 8706 -1 8618 8706 8619 -1 8619 8706 8707 -1 8619 8707 8620 -1 8620 8707 8708 -1 8620 8708 8621 -1 8621 8708 8709 -1 8621 8709 8622 -1 8622 8709 8710 -1 8622 8710 8623 -1 8623 8710 8711 -1 8623 8711 8624 -1 8624 8711 8712 -1 8624 8712 8625 -1 8625 8712 8713 -1 8625 8713 89 -1 8626 0 8714 -1 8626 8714 8627 -1 8627 8714 8715 -1 8627 8715 8628 -1 8628 8715 8716 -1 8628 8716 8629 -1 8629 8716 8717 -1 8629 8717 8630 -1 8630 8717 8718 -1 8630 8718 8631 -1 8631 8718 8719 -1 8631 8719 8632 -1 8632 8719 8720 -1 8632 8720 8633 -1 8633 8720 8721 -1 8633 8721 8634 -1 8634 8721 8722 -1 8634 8722 8635 -1 8635 8722 8723 -1 8635 8723 8636 -1 8636 8723 8724 -1 8636 8724 8637 -1 8637 8724 8725 -1 8637 8725 8638 -1 8638 8725 8726 -1 8638 8726 8639 -1 8639 8726 8727 -1 8639 8727 8640 -1 8640 8727 8728 -1 8640 8728 8641 -1 8641 8728 8729 -1 8641 8729 8642 -1 8642 8729 8730 -1 8642 8730 8643 -1 8643 8730 8731 -1 8643 8731 8644 -1 8644 8731 8732 -1 8644 8732 8645 -1 8645 8732 8733 -1 8645 8733 8646 -1 8646 8733 8734 -1 8646 8734 8647 -1 8647 8734 8735 -1 8647 8735 8648 -1 8648 8735 8736 -1 8648 8736 8649 -1 8649 8736 8737 -1 8649 8737 8650 -1 8650 8737 8738 -1 8650 8738 8651 -1 8651 8738 8739 -1 8651 8739 8652 -1 8652 8739 8740 -1 8652 8740 8653 -1 8653 8740 8741 -1 8653 8741 8654 -1 8654 8741 8742 -1 8654 8742 8655 -1 8655 8742 8743 -1 8655 8743 8656 -1 8656 8743 8744 -1 8656 8744 8657 -1 8657 8744 8745 -1 8657 8745 8658 -1 8658 8745 8746 -1 8658 8746 8659 -1 8659 8746 8747 -1 8659 8747 8660 -1 8660 8747 8748 -1 8660 8748 8661 -1 8661 8748 8749 -1 8661 8749 8662 -1 8662 8749 8750 -1 8662 8750 8663 -1 8663 8750 8751 -1 8663 8751 8664 -1 8664 8751 8752 -1 8664 8752 8665 -1 8665 8752 8753 -1 8665 8753 8666 -1 8666 8753 8754 -1 8666 8754 8667 -1 8667 8754 8755 -1 8667 8755 8668 -1 8668 8755 8756 -1 8668 8756 8669 -1 8669 8756 8757 -1 8669 8757 8670 -1 8670 8757 8758 -1 8670 8758 8671 -1 8671 8758 8759 -1 8671 8759 8672 -1 8672 8759 8760 -1 8672 8760 8673 -1 8673 8760 8761 -1 8673 8761 8674 -1 8674 8761 8762 -1 8674 8762 8675 -1 8675 8762 8763 -1 8675 8763 8676 -1 8676 8763 8764 -1 8676 8764 8677 -1 8677 8764 8765 -1 8677 8765 8678 -1 8678 8765 8766 -1 8678 8766 8679 -1 8679 8766 8767 -1 8679 8767 8680 -1 8680 8767 8768 -1 8680 8768 8681 -1 8681 8768 8769 -1 8681 8769 8682 -1 8682 8769 8770 -1 8682 8770 8683 -1 8683 8770 8771 -1 8683 8771 8684 -1 8684 8771 8772 -1 8684 8772 8685 -1 8685 8772 8773 -1 8685 8773 8686 -1 8686 8773 8774 -1 8686 8774 8687 -1 8687 8774 8775 -1 8687 8775 8688 -1 8688 8775 8776 -1 8688 8776 8689 -1 8689 8776 8777 -1 8689 8777 8690 -1 8690 8777 8778 -1 8690 8778 8691 -1 8691 8778 8779 -1 8691 8779 8692 -1 8692 8779 8780 -1 8692 8780 8693 -1 8693 8780 8781 -1 8693 8781 8694 -1 8694 8781 8782 -1 8694 8782 8695 -1 8695 8782 8783 -1 8695 8783 8696 -1 8696 8783 8784 -1 8696 8784 8697 -1 8697 8784 8785 -1 8697 8785 8698 -1 8698 8785 8786 -1 8698 8786 8699 -1 8699 8786 8787 -1 8699 8787 8700 -1 8700 8787 8788 -1 8700 8788 8701 -1 8701 8788 8789 -1 8701 8789 8702 -1 8702 8789 8790 -1 8702 8790 8703 -1 8703 8790 8791 -1 8703 8791 8704 -1 8704 8791 8792 -1 8704 8792 8705 -1 8705 8792 8793 -1 8705 8793 8706 -1 8706 8793 8794 -1 8706 8794 8707 -1 8707 8794 8795 -1 8707 8795 8708 -1 8708 8795 8796 -1 8708 8796 8709 -1 8709 8796 8797 -1 8709 8797 8710 -1 8710 8797 8798 -1 8710 8798 8711 -1 8711 8798 8799 -1 8711 8799 8712 -1 8712 8799 8800 -1 8712 8800 8713 -1 8713 8800 8801 -1 8713 8801 89 -1 8714 0 8802 -1 8714 8802 8715 -1 8715 8802 8803 -1 8715 8803 8716 -1 8716 8803 8804 -1 8716 8804 8717 -1 8717 8804 8805 -1 8717 8805 8718 -1 8718 8805 8806 -1 8718 8806 8719 -1 8719 8806 8807 -1 8719 8807 8720 -1 8720 8807 8808 -1 8720 8808 8721 -1 8721 8808 8809 -1 8721 8809 8722 -1 8722 8809 8810 -1 8722 8810 8723 -1 8723 8810 8811 -1 8723 8811 8724 -1 8724 8811 8812 -1 8724 8812 8725 -1 8725 8812 8813 -1 8725 8813 8726 -1 8726 8813 8814 -1 8726 8814 8727 -1 8727 8814 8815 -1 8727 8815 8728 -1 8728 8815 8816 -1 8728 8816 8729 -1 8729 8816 8817 -1 8729 8817 8730 -1 8730 8817 8818 -1 8730 8818 8731 -1 8731 8818 8819 -1 8731 8819 8732 -1 8732 8819 8820 -1 8732 8820 8733 -1 8733 8820 8821 -1 8733 8821 8734 -1 8734 8821 8822 -1 8734 8822 8735 -1 8735 8822 8823 -1 8735 8823 8736 -1 8736 8823 8824 -1 8736 8824 8737 -1 8737 8824 8825 -1 8737 8825 8738 -1 8738 8825 8826 -1 8738 8826 8739 -1 8739 8826 8827 -1 8739 8827 8740 -1 8740 8827 8828 -1 8740 8828 8741 -1 8741 8828 8829 -1 8741 8829 8742 -1 8742 8829 8830 -1 8742 8830 8743 -1 8743 8830 8831 -1 8743 8831 8744 -1 8744 8831 8832 -1 8744 8832 8745 -1 8745 8832 8833 -1 8745 8833 8746 -1 8746 8833 8834 -1 8746 8834 8747 -1 8747 8834 8835 -1 8747 8835 8748 -1 8748 8835 8836 -1 8748 8836 8749 -1 8749 8836 8837 -1 8749 8837 8750 -1 8750 8837 8838 -1 8750 8838 8751 -1 8751 8838 8839 -1 8751 8839 8752 -1 8752 8839 8840 -1 8752 8840 8753 -1 8753 8840 8841 -1 8753 8841 8754 -1 8754 8841 8842 -1 8754 8842 8755 -1 8755 8842 8843 -1 8755 8843 8756 -1 8756 8843 8844 -1 8756 8844 8757 -1 8757 8844 8845 -1 8757 8845 8758 -1 8758 8845 8846 -1 8758 8846 8759 -1 8759 8846 8847 -1 8759 8847 8760 -1 8760 8847 8848 -1 8760 8848 8761 -1 8761 8848 8849 -1 8761 8849 8762 -1 8762 8849 8850 -1 8762 8850 8763 -1 8763 8850 8851 -1 8763 8851 8764 -1 8764 8851 8852 -1 8764 8852 8765 -1 8765 8852 8853 -1 8765 8853 8766 -1 8766 8853 8854 -1 8766 8854 8767 -1 8767 8854 8855 -1 8767 8855 8768 -1 8768 8855 8856 -1 8768 8856 8769 -1 8769 8856 8857 -1 8769 8857 8770 -1 8770 8857 8858 -1 8770 8858 8771 -1 8771 8858 8859 -1 8771 8859 8772 -1 8772 8859 8860 -1 8772 8860 8773 -1 8773 8860 8861 -1 8773 8861 8774 -1 8774 8861 8862 -1 8774 8862 8775 -1 8775 8862 8863 -1 8775 8863 8776 -1 8776 8863 8864 -1 8776 8864 8777 -1 8777 8864 8865 -1 8777 8865 8778 -1 8778 8865 8866 -1 8778 8866 8779 -1 8779 8866 8867 -1 8779 8867 8780 -1 8780 8867 8868 -1 8780 8868 8781 -1 8781 8868 8869 -1 8781 8869 8782 -1 8782 8869 8870 -1 8782 8870 8783 -1 8783 8870 8871 -1 8783 8871 8784 -1 8784 8871 8872 -1 8784 8872 8785 -1 8785 8872 8873 -1 8785 8873 8786 -1 8786 8873 8874 -1 8786 8874 8787 -1 8787 8874 8875 -1 8787 8875 8788 -1 8788 8875 8876 -1 8788 8876 8789 -1 8789 8876 8877 -1 8789 8877 8790 -1 8790 8877 8878 -1 8790 8878 8791 -1 8791 8878 8879 -1 8791 8879 8792 -1 8792 8879 8880 -1 8792 8880 8793 -1 8793 8880 8881 -1 8793 8881 8794 -1 8794 8881 8882 -1 8794 8882 8795 -1 8795 8882 8883 -1 8795 8883 8796 -1 8796 8883 8884 -1 8796 8884 8797 -1 8797 8884 8885 -1 8797 8885 8798 -1 8798 8885 8886 -1 8798 8886 8799 -1 8799 8886 8887 -1 8799 8887 8800 -1 8800 8887 8888 -1 8800 8888 8801 -1 8801 8888 8889 -1 8801 8889 89 -1 8802 0 8890 -1 8802 8890 8803 -1 8803 8890 8891 -1 8803 8891 8804 -1 8804 8891 8892 -1 8804 8892 8805 -1 8805 8892 8893 -1 8805 8893 8806 -1 8806 8893 8894 -1 8806 8894 8807 -1 8807 8894 8895 -1 8807 8895 8808 -1 8808 8895 8896 -1 8808 8896 8809 -1 8809 8896 8897 -1 8809 8897 8810 -1 8810 8897 8898 -1 8810 8898 8811 -1 8811 8898 8899 -1 8811 8899 8812 -1 8812 8899 8900 -1 8812 8900 8813 -1 8813 8900 8901 -1 8813 8901 8814 -1 8814 8901 8902 -1 8814 8902 8815 -1 8815 8902 8903 -1 8815 8903 8816 -1 8816 8903 8904 -1 8816 8904 8817 -1 8817 8904 8905 -1 8817 8905 8818 -1 8818 8905 8906 -1 8818 8906 8819 -1 8819 8906 8907 -1 8819 8907 8820 -1 8820 8907 8908 -1 8820 8908 8821 -1 8821 8908 8909 -1 8821 8909 8822 -1 8822 8909 8910 -1 8822 8910 8823 -1 8823 8910 8911 -1 8823 8911 8824 -1 8824 8911 8912 -1 8824 8912 8825 -1 8825 8912 8913 -1 8825 8913 8826 -1 8826 8913 8914 -1 8826 8914 8827 -1 8827 8914 8915 -1 8827 8915 8828 -1 8828 8915 8916 -1 8828 8916 8829 -1 8829 8916 8917 -1 8829 8917 8830 -1 8830 8917 8918 -1 8830 8918 8831 -1 8831 8918 8919 -1 8831 8919 8832 -1 8832 8919 8920 -1 8832 8920 8833 -1 8833 8920 8921 -1 8833 8921 8834 -1 8834 8921 8922 -1 8834 8922 8835 -1 8835 8922 8923 -1 8835 8923 8836 -1 8836 8923 8924 -1 8836 8924 8837 -1 8837 8924 8925 -1 8837 8925 8838 -1 8838 8925 8926 -1 8838 8926 8839 -1 8839 8926 8927 -1 8839 8927 8840 -1 8840 8927 8928 -1 8840 8928 8841 -1 8841 8928 8929 -1 8841 8929 8842 -1 8842 8929 8930 -1 8842 8930 8843 -1 8843 8930 8931 -1 8843 8931 8844 -1 8844 8931 8932 -1 8844 8932 8845 -1 8845 8932 8933 -1 8845 8933 8846 -1 8846 8933 8934 -1 8846 8934 8847 -1 8847 8934 8935 -1 8847 8935 8848 -1 8848 8935 8936 -1 8848 8936 8849 -1 8849 8936 8937 -1 8849 8937 8850 -1 8850 8937 8938 -1 8850 8938 8851 -1 8851 8938 8939 -1 8851 8939 8852 -1 8852 8939 8940 -1 8852 8940 8853 -1 8853 8940 8941 -1 8853 8941 8854 -1 8854 8941 8942 -1 8854 8942 8855 -1 8855 8942 8943 -1 8855 8943 8856 -1 8856 8943 8944 -1 8856 8944 8857 -1 8857 8944 8945 -1 8857 8945 8858 -1 8858 8945 8946 -1 8858 8946 8859 -1 8859 8946 8947 -1 8859 8947 8860 -1 8860 8947 8948 -1 8860 8948 8861 -1 8861 8948 8949 -1 8861 8949 8862 -1 8862 8949 8950 -1 8862 8950 8863 -1 8863 8950 8951 -1 8863 8951 8864 -1 8864 8951 8952 -1 8864 8952 8865 -1 8865 8952 8953 -1 8865 8953 8866 -1 8866 8953 8954 -1 8866 8954 8867 -1 8867 8954 8955 -1 8867 8955 8868 -1 8868 8955 8956 -1 8868 8956 8869 -1 8869 8956 8957 -1 8869 8957 8870 -1 8870 8957 8958 -1 8870 8958 8871 -1 8871 8958 8959 -1 8871 8959 8872 -1 8872 8959 8960 -1 8872 8960 8873 -1 8873 8960 8961 -1 8873 8961 8874 -1 8874 8961 8962 -1 8874 8962 8875 -1 8875 8962 8963 -1 8875 8963 8876 -1 8876 8963 8964 -1 8876 8964 8877 -1 8877 8964 8965 -1 8877 8965 8878 -1 8878 8965 8966 -1 8878 8966 8879 -1 8879 8966 8967 -1 8879 8967 8880 -1 8880 8967 8968 -1 8880 8968 8881 -1 8881 8968 8969 -1 8881 8969 8882 -1 8882 8969 8970 -1 8882 8970 8883 -1 8883 8970 8971 -1 8883 8971 8884 -1 8884 8971 8972 -1 8884 8972 8885 -1 8885 8972 8973 -1 8885 8973 8886 -1 8886 8973 8974 -1 8886 8974 8887 -1 8887 8974 8975 -1 8887 8975 8888 -1 8888 8975 8976 -1 8888 8976 8889 -1 8889 8976 8977 -1 8889 8977 89 -1 8890 0 8978 -1 8890 8978 8891 -1 8891 8978 8979 -1 8891 8979 8892 -1 8892 8979 8980 -1 8892 8980 8893 -1 8893 8980 8981 -1 8893 8981 8894 -1 8894 8981 8982 -1 8894 8982 8895 -1 8895 8982 8983 -1 8895 8983 8896 -1 8896 8983 8984 -1 8896 8984 8897 -1 8897 8984 8985 -1 8897 8985 8898 -1 8898 8985 8986 -1 8898 8986 8899 -1 8899 8986 8987 -1 8899 8987 8900 -1 8900 8987 8988 -1 8900 8988 8901 -1 8901 8988 8989 -1 8901 8989 8902 -1 8902 8989 8990 -1 8902 8990 8903 -1 8903 8990 8991 -1 8903 8991 8904 -1 8904 8991 8992 -1 8904 8992 8905 -1 8905 8992 8993 -1 8905 8993 8906 -1 8906 8993 8994 -1 8906 8994 8907 -1 8907 8994 8995 -1 8907 8995 8908 -1 8908 8995 8996 -1 8908 8996 8909 -1 8909 8996 8997 -1 8909 8997 8910 -1 8910 8997 8998 -1 8910 8998 8911 -1 8911 8998 8999 -1 8911 8999 8912 -1 8912 8999 9000 -1 8912 9000 8913 -1 8913 9000 9001 -1 8913 9001 8914 -1 8914 9001 9002 -1 8914 9002 8915 -1 8915 9002 9003 -1 8915 9003 8916 -1 8916 9003 9004 -1 8916 9004 8917 -1 8917 9004 9005 -1 8917 9005 8918 -1 8918 9005 9006 -1 8918 9006 8919 -1 8919 9006 9007 -1 8919 9007 8920 -1 8920 9007 9008 -1 8920 9008 8921 -1 8921 9008 9009 -1 8921 9009 8922 -1 8922 9009 9010 -1 8922 9010 8923 -1 8923 9010 9011 -1 8923 9011 8924 -1 8924 9011 9012 -1 8924 9012 8925 -1 8925 9012 9013 -1 8925 9013 8926 -1 8926 9013 9014 -1 8926 9014 8927 -1 8927 9014 9015 -1 8927 9015 8928 -1 8928 9015 9016 -1 8928 9016 8929 -1 8929 9016 9017 -1 8929 9017 8930 -1 8930 9017 9018 -1 8930 9018 8931 -1 8931 9018 9019 -1 8931 9019 8932 -1 8932 9019 9020 -1 8932 9020 8933 -1 8933 9020 9021 -1 8933 9021 8934 -1 8934 9021 9022 -1 8934 9022 8935 -1 8935 9022 9023 -1 8935 9023 8936 -1 8936 9023 9024 -1 8936 9024 8937 -1 8937 9024 9025 -1 8937 9025 8938 -1 8938 9025 9026 -1 8938 9026 8939 -1 8939 9026 9027 -1 8939 9027 8940 -1 8940 9027 9028 -1 8940 9028 8941 -1 8941 9028 9029 -1 8941 9029 8942 -1 8942 9029 9030 -1 8942 9030 8943 -1 8943 9030 9031 -1 8943 9031 8944 -1 8944 9031 9032 -1 8944 9032 8945 -1 8945 9032 9033 -1 8945 9033 8946 -1 8946 9033 9034 -1 8946 9034 8947 -1 8947 9034 9035 -1 8947 9035 8948 -1 8948 9035 9036 -1 8948 9036 8949 -1 8949 9036 9037 -1 8949 9037 8950 -1 8950 9037 9038 -1 8950 9038 8951 -1 8951 9038 9039 -1 8951 9039 8952 -1 8952 9039 9040 -1 8952 9040 8953 -1 8953 9040 9041 -1 8953 9041 8954 -1 8954 9041 9042 -1 8954 9042 8955 -1 8955 9042 9043 -1 8955 9043 8956 -1 8956 9043 9044 -1 8956 9044 8957 -1 8957 9044 9045 -1 8957 9045 8958 -1 8958 9045 9046 -1 8958 9046 8959 -1 8959 9046 9047 -1 8959 9047 8960 -1 8960 9047 9048 -1 8960 9048 8961 -1 8961 9048 9049 -1 8961 9049 8962 -1 8962 9049 9050 -1 8962 9050 8963 -1 8963 9050 9051 -1 8963 9051 8964 -1 8964 9051 9052 -1 8964 9052 8965 -1 8965 9052 9053 -1 8965 9053 8966 -1 8966 9053 9054 -1 8966 9054 8967 -1 8967 9054 9055 -1 8967 9055 8968 -1 8968 9055 9056 -1 8968 9056 8969 -1 8969 9056 9057 -1 8969 9057 8970 -1 8970 9057 9058 -1 8970 9058 8971 -1 8971 9058 9059 -1 8971 9059 8972 -1 8972 9059 9060 -1 8972 9060 8973 -1 8973 9060 9061 -1 8973 9061 8974 -1 8974 9061 9062 -1 8974 9062 8975 -1 8975 9062 9063 -1 8975 9063 8976 -1 8976 9063 9064 -1 8976 9064 8977 -1 8977 9064 9065 -1 8977 9065 89 -1 8978 0 9066 -1 8978 9066 8979 -1 8979 9066 9067 -1 8979 9067 8980 -1 8980 9067 9068 -1 8980 9068 8981 -1 8981 9068 9069 -1 8981 9069 8982 -1 8982 9069 9070 -1 8982 9070 8983 -1 8983 9070 9071 -1 8983 9071 8984 -1 8984 9071 9072 -1 8984 9072 8985 -1 8985 9072 9073 -1 8985 9073 8986 -1 8986 9073 9074 -1 8986 9074 8987 -1 8987 9074 9075 -1 8987 9075 8988 -1 8988 9075 9076 -1 8988 9076 8989 -1 8989 9076 9077 -1 8989 9077 8990 -1 8990 9077 9078 -1 8990 9078 8991 -1 8991 9078 9079 -1 8991 9079 8992 -1 8992 9079 9080 -1 8992 9080 8993 -1 8993 9080 9081 -1 8993 9081 8994 -1 8994 9081 9082 -1 8994 9082 8995 -1 8995 9082 9083 -1 8995 9083 8996 -1 8996 9083 9084 -1 8996 9084 8997 -1 8997 9084 9085 -1 8997 9085 8998 -1 8998 9085 9086 -1 8998 9086 8999 -1 8999 9086 9087 -1 8999 9087 9000 -1 9000 9087 9088 -1 9000 9088 9001 -1 9001 9088 9089 -1 9001 9089 9002 -1 9002 9089 9090 -1 9002 9090 9003 -1 9003 9090 9091 -1 9003 9091 9004 -1 9004 9091 9092 -1 9004 9092 9005 -1 9005 9092 9093 -1 9005 9093 9006 -1 9006 9093 9094 -1 9006 9094 9007 -1 9007 9094 9095 -1 9007 9095 9008 -1 9008 9095 9096 -1 9008 9096 9009 -1 9009 9096 9097 -1 9009 9097 9010 -1 9010 9097 9098 -1 9010 9098 9011 -1 9011 9098 9099 -1 9011 9099 9012 -1 9012 9099 9100 -1 9012 9100 9013 -1 9013 9100 9101 -1 9013 9101 9014 -1 9014 9101 9102 -1 9014 9102 9015 -1 9015 9102 9103 -1 9015 9103 9016 -1 9016 9103 9104 -1 9016 9104 9017 -1 9017 9104 9105 -1 9017 9105 9018 -1 9018 9105 9106 -1 9018 9106 9019 -1 9019 9106 9107 -1 9019 9107 9020 -1 9020 9107 9108 -1 9020 9108 9021 -1 9021 9108 9109 -1 9021 9109 9022 -1 9022 9109 9110 -1 9022 9110 9023 -1 9023 9110 9111 -1 9023 9111 9024 -1 9024 9111 9112 -1 9024 9112 9025 -1 9025 9112 9113 -1 9025 9113 9026 -1 9026 9113 9114 -1 9026 9114 9027 -1 9027 9114 9115 -1 9027 9115 9028 -1 9028 9115 9116 -1 9028 9116 9029 -1 9029 9116 9117 -1 9029 9117 9030 -1 9030 9117 9118 -1 9030 9118 9031 -1 9031 9118 9119 -1 9031 9119 9032 -1 9032 9119 9120 -1 9032 9120 9033 -1 9033 9120 9121 -1 9033 9121 9034 -1 9034 9121 9122 -1 9034 9122 9035 -1 9035 9122 9123 -1 9035 9123 9036 -1 9036 9123 9124 -1 9036 9124 9037 -1 9037 9124 9125 -1 9037 9125 9038 -1 9038 9125 9126 -1 9038 9126 9039 -1 9039 9126 9127 -1 9039 9127 9040 -1 9040 9127 9128 -1 9040 9128 9041 -1 9041 9128 9129 -1 9041 9129 9042 -1 9042 9129 9130 -1 9042 9130 9043 -1 9043 9130 9131 -1 9043 9131 9044 -1 9044 9131 9132 -1 9044 9132 9045 -1 9045 9132 9133 -1 9045 9133 9046 -1 9046 9133 9134 -1 9046 9134 9047 -1 9047 9134 9135 -1 9047 9135 9048 -1 9048 9135 9136 -1 9048 9136 9049 -1 9049 9136 9137 -1 9049 9137 9050 -1 9050 9137 9138 -1 9050 9138 9051 -1 9051 9138 9139 -1 9051 9139 9052 -1 9052 9139 9140 -1 9052 9140 9053 -1 9053 9140 9141 -1 9053 9141 9054 -1 9054 9141 9142 -1 9054 9142 9055 -1 9055 9142 9143 -1 9055 9143 9056 -1 9056 9143 9144 -1 9056 9144 9057 -1 9057 9144 9145 -1 9057 9145 9058 -1 9058 9145 9146 -1 9058 9146 9059 -1 9059 9146 9147 -1 9059 9147 9060 -1 9060 9147 9148 -1 9060 9148 9061 -1 9061 9148 9149 -1 9061 9149 9062 -1 9062 9149 9150 -1 9062 9150 9063 -1 9063 9150 9151 -1 9063 9151 9064 -1 9064 9151 9152 -1 9064 9152 9065 -1 9065 9152 9153 -1 9065 9153 89 -1 9066 0 9154 -1 9066 9154 9067 -1 9067 9154 9155 -1 9067 9155 9068 -1 9068 9155 9156 -1 9068 9156 9069 -1 9069 9156 9157 -1 9069 9157 9070 -1 9070 9157 9158 -1 9070 9158 9071 -1 9071 9158 9159 -1 9071 9159 9072 -1 9072 9159 9160 -1 9072 9160 9073 -1 9073 9160 9161 -1 9073 9161 9074 -1 9074 9161 9162 -1 9074 9162 9075 -1 9075 9162 9163 -1 9075 9163 9076 -1 9076 9163 9164 -1 9076 9164 9077 -1 9077 9164 9165 -1 9077 9165 9078 -1 9078 9165 9166 -1 9078 9166 9079 -1 9079 9166 9167 -1 9079 9167 9080 -1 9080 9167 9168 -1 9080 9168 9081 -1 9081 9168 9169 -1 9081 9169 9082 -1 9082 9169 9170 -1 9082 9170 9083 -1 9083 9170 9171 -1 9083 9171 9084 -1 9084 9171 9172 -1 9084 9172 9085 -1 9085 9172 9173 -1 9085 9173 9086 -1 9086 9173 9174 -1 9086 9174 9087 -1 9087 9174 9175 -1 9087 9175 9088 -1 9088 9175 9176 -1 9088 9176 9089 -1 9089 9176 9177 -1 9089 9177 9090 -1 9090 9177 9178 -1 9090 9178 9091 -1 9091 9178 9179 -1 9091 9179 9092 -1 9092 9179 9180 -1 9092 9180 9093 -1 9093 9180 9181 -1 9093 9181 9094 -1 9094 9181 9182 -1 9094 9182 9095 -1 9095 9182 9183 -1 9095 9183 9096 -1 9096 9183 9184 -1 9096 9184 9097 -1 9097 9184 9185 -1 9097 9185 9098 -1 9098 9185 9186 -1 9098 9186 9099 -1 9099 9186 9187 -1 9099 9187 9100 -1 9100 9187 9188 -1 9100 9188 9101 -1 9101 9188 9189 -1 9101 9189 9102 -1 9102 9189 9190 -1 9102 9190 9103 -1 9103 9190 9191 -1 9103 9191 9104 -1 9104 9191 9192 -1 9104 9192 9105 -1 9105 9192 9193 -1 9105 9193 9106 -1 9106 9193 9194 -1 9106 9194 9107 -1 9107 9194 9195 -1 9107 9195 9108 -1 9108 9195 9196 -1 9108 9196 9109 -1 9109 9196 9197 -1 9109 9197 9110 -1 9110 9197 9198 -1 9110 9198 9111 -1 9111 9198 9199 -1 9111 9199 9112 -1 9112 9199 9200 -1 9112 9200 9113 -1 9113 9200 9201 -1 9113 9201 9114 -1 9114 9201 9202 -1 9114 9202 9115 -1 9115 9202 9203 -1 9115 9203 9116 -1 9116 9203 9204 -1 9116 9204 9117 -1 9117 9204 9205 -1 9117 9205 9118 -1 9118 9205 9206 -1 9118 9206 9119 -1 9119 9206 9207 -1 9119 9207 9120 -1 9120 9207 9208 -1 9120 9208 9121 -1 9121 9208 9209 -1 9121 9209 9122 -1 9122 9209 9210 -1 9122 9210 9123 -1 9123 9210 9211 -1 9123 9211 9124 -1 9124 9211 9212 -1 9124 9212 9125 -1 9125 9212 9213 -1 9125 9213 9126 -1 9126 9213 9214 -1 9126 9214 9127 -1 9127 9214 9215 -1 9127 9215 9128 -1 9128 9215 9216 -1 9128 9216 9129 -1 9129 9216 9217 -1 9129 9217 9130 -1 9130 9217 9218 -1 9130 9218 9131 -1 9131 9218 9219 -1 9131 9219 9132 -1 9132 9219 9220 -1 9132 9220 9133 -1 9133 9220 9221 -1 9133 9221 9134 -1 9134 9221 9222 -1 9134 9222 9135 -1 9135 9222 9223 -1 9135 9223 9136 -1 9136 9223 9224 -1 9136 9224 9137 -1 9137 9224 9225 -1 9137 9225 9138 -1 9138 9225 9226 -1 9138 9226 9139 -1 9139 9226 9227 -1 9139 9227 9140 -1 9140 9227 9228 -1 9140 9228 9141 -1 9141 9228 9229 -1 9141 9229 9142 -1 9142 9229 9230 -1 9142 9230 9143 -1 9143 9230 9231 -1 9143 9231 9144 -1 9144 9231 9232 -1 9144 9232 9145 -1 9145 9232 9233 -1 9145 9233 9146 -1 9146 9233 9234 -1 9146 9234 9147 -1 9147 9234 9235 -1 9147 9235 9148 -1 9148 9235 9236 -1 9148 9236 9149 -1 9149 9236 9237 -1 9149 9237 9150 -1 9150 9237 9238 -1 9150 9238 9151 -1 9151 9238 9239 -1 9151 9239 9152 -1 9152 9239 9240 -1 9152 9240 9153 -1 9153 9240 9241 -1 9153 9241 89 -1 9154 0 9242 -1 9154 9242 9155 -1 9155 9242 9243 -1 9155 9243 9156 -1 9156 9243 9244 -1 9156 9244 9157 -1 9157 9244 9245 -1 9157 9245 9158 -1 9158 9245 9246 -1 9158 9246 9159 -1 9159 9246 9247 -1 9159 9247 9160 -1 9160 9247 9248 -1 9160 9248 9161 -1 9161 9248 9249 -1 9161 9249 9162 -1 9162 9249 9250 -1 9162 9250 9163 -1 9163 9250 9251 -1 9163 9251 9164 -1 9164 9251 9252 -1 9164 9252 9165 -1 9165 9252 9253 -1 9165 9253 9166 -1 9166 9253 9254 -1 9166 9254 9167 -1 9167 9254 9255 -1 9167 9255 9168 -1 9168 9255 9256 -1 9168 9256 9169 -1 9169 9256 9257 -1 9169 9257 9170 -1 9170 9257 9258 -1 9170 9258 9171 -1 9171 9258 9259 -1 9171 9259 9172 -1 9172 9259 9260 -1 9172 9260 9173 -1 9173 9260 9261 -1 9173 9261 9174 -1 9174 9261 9262 -1 9174 9262 9175 -1 9175 9262 9263 -1 9175 9263 9176 -1 9176 9263 9264 -1 9176 9264 9177 -1 9177 9264 9265 -1 9177 9265 9178 -1 9178 9265 9266 -1 9178 9266 9179 -1 9179 9266 9267 -1 9179 9267 9180 -1 9180 9267 9268 -1 9180 9268 9181 -1 9181 9268 9269 -1 9181 9269 9182 -1 9182 9269 9270 -1 9182 9270 9183 -1 9183 9270 9271 -1 9183 9271 9184 -1 9184 9271 9272 -1 9184 9272 9185 -1 9185 9272 9273 -1 9185 9273 9186 -1 9186 9273 9274 -1 9186 9274 9187 -1 9187 9274 9275 -1 9187 9275 9188 -1 9188 9275 9276 -1 9188 9276 9189 -1 9189 9276 9277 -1 9189 9277 9190 -1 9190 9277 9278 -1 9190 9278 9191 -1 9191 9278 9279 -1 9191 9279 9192 -1 9192 9279 9280 -1 9192 9280 9193 -1 9193 9280 9281 -1 9193 9281 9194 -1 9194 9281 9282 -1 9194 9282 9195 -1 9195 9282 9283 -1 9195 9283 9196 -1 9196 9283 9284 -1 9196 9284 9197 -1 9197 9284 9285 -1 9197 9285 9198 -1 9198 9285 9286 -1 9198 9286 9199 -1 9199 9286 9287 -1 9199 9287 9200 -1 9200 9287 9288 -1 9200 9288 9201 -1 9201 9288 9289 -1 9201 9289 9202 -1 9202 9289 9290 -1 9202 9290 9203 -1 9203 9290 9291 -1 9203 9291 9204 -1 9204 9291 9292 -1 9204 9292 9205 -1 9205 9292 9293 -1 9205 9293 9206 -1 9206 9293 9294 -1 9206 9294 9207 -1 9207 9294 9295 -1 9207 9295 9208 -1 9208 9295 9296 -1 9208 9296 9209 -1 9209 9296 9297 -1 9209 9297 9210 -1 9210 9297 9298 -1 9210 9298 9211 -1 9211 9298 9299 -1 9211 9299 9212 -1 9212 9299 9300 -1 9212 9300 9213 -1 9213 9300 9301 -1 9213 9301 9214 -1 9214 9301 9302 -1 9214 9302 9215 -1 9215 9302 9303 -1 9215 9303 9216 -1 9216 9303 9304 -1 9216 9304 9217 -1 9217 9304 9305 -1 9217 9305 9218 -1 9218 9305 9306 -1 9218 9306 9219 -1 9219 9306 9307 -1 9219 9307 9220 -1 9220 9307 9308 -1 9220 9308 9221 -1 9221 9308 9309 -1 9221 9309 9222 -1 9222 9309 9310 -1 9222 9310 9223 -1 9223 9310 9311 -1 9223 9311 9224 -1 9224 9311 9312 -1 9224 9312 9225 -1 9225 9312 9313 -1 9225 9313 9226 -1 9226 9313 9314 -1 9226 9314 9227 -1 9227 9314 9315 -1 9227 9315 9228 -1 9228 9315 9316 -1 9228 9316 9229 -1 9229 9316 9317 -1 9229 9317 9230 -1 9230 9317 9318 -1 9230 9318 9231 -1 9231 9318 9319 -1 9231 9319 9232 -1 9232 9319 9320 -1 9232 9320 9233 -1 9233 9320 9321 -1 9233 9321 9234 -1 9234 9321 9322 -1 9234 9322 9235 -1 9235 9322 9323 -1 9235 9323 9236 -1 9236 9323 9324 -1 9236 9324 9237 -1 9237 9324 9325 -1 9237 9325 9238 -1 9238 9325 9326 -1 9238 9326 9239 -1 9239 9326 9327 -1 9239 9327 9240 -1 9240 9327 9328 -1 9240 9328 9241 -1 9241 9328 9329 -1 9241 9329 89 -1 9242 0 9330 -1 9242 9330 9243 -1 9243 9330 9331 -1 9243 9331 9244 -1 9244 9331 9332 -1 9244 9332 9245 -1 9245 9332 9333 -1 9245 9333 9246 -1 9246 9333 9334 -1 9246 9334 9247 -1 9247 9334 9335 -1 9247 9335 9248 -1 9248 9335 9336 -1 9248 9336 9249 -1 9249 9336 9337 -1 9249 9337 9250 -1 9250 9337 9338 -1 9250 9338 9251 -1 9251 9338 9339 -1 9251 9339 9252 -1 9252 9339 9340 -1 9252 9340 9253 -1 9253 9340 9341 -1 9253 9341 9254 -1 9254 9341 9342 -1 9254 9342 9255 -1 9255 9342 9343 -1 9255 9343 9256 -1 9256 9343 9344 -1 9256 9344 9257 -1 9257 9344 9345 -1 9257 9345 9258 -1 9258 9345 9346 -1 9258 9346 9259 -1 9259 9346 9347 -1 9259 9347 9260 -1 9260 9347 9348 -1 9260 9348 9261 -1 9261 9348 9349 -1 9261 9349 9262 -1 9262 9349 9350 -1 9262 9350 9263 -1 9263 9350 9351 -1 9263 9351 9264 -1 9264 9351 9352 -1 9264 9352 9265 -1 9265 9352 9353 -1 9265 9353 9266 -1 9266 9353 9354 -1 9266 9354 9267 -1 9267 9354 9355 -1 9267 9355 9268 -1 9268 9355 9356 -1 9268 9356 9269 -1 9269 9356 9357 -1 9269 9357 9270 -1 9270 9357 9358 -1 9270 9358 9271 -1 9271 9358 9359 -1 9271 9359 9272 -1 9272 9359 9360 -1 9272 9360 9273 -1 9273 9360 9361 -1 9273 9361 9274 -1 9274 9361 9362 -1 9274 9362 9275 -1 9275 9362 9363 -1 9275 9363 9276 -1 9276 9363 9364 -1 9276 9364 9277 -1 9277 9364 9365 -1 9277 9365 9278 -1 9278 9365 9366 -1 9278 9366 9279 -1 9279 9366 9367 -1 9279 9367 9280 -1 9280 9367 9368 -1 9280 9368 9281 -1 9281 9368 9369 -1 9281 9369 9282 -1 9282 9369 9370 -1 9282 9370 9283 -1 9283 9370 9371 -1 9283 9371 9284 -1 9284 9371 9372 -1 9284 9372 9285 -1 9285 9372 9373 -1 9285 9373 9286 -1 9286 9373 9374 -1 9286 9374 9287 -1 9287 9374 9375 -1 9287 9375 9288 -1 9288 9375 9376 -1 9288 9376 9289 -1 9289 9376 9377 -1 9289 9377 9290 -1 9290 9377 9378 -1 9290 9378 9291 -1 9291 9378 9379 -1 9291 9379 9292 -1 9292 9379 9380 -1 9292 9380 9293 -1 9293 9380 9381 -1 9293 9381 9294 -1 9294 9381 9382 -1 9294 9382 9295 -1 9295 9382 9383 -1 9295 9383 9296 -1 9296 9383 9384 -1 9296 9384 9297 -1 9297 9384 9385 -1 9297 9385 9298 -1 9298 9385 9386 -1 9298 9386 9299 -1 9299 9386 9387 -1 9299 9387 9300 -1 9300 9387 9388 -1 9300 9388 9301 -1 9301 9388 9389 -1 9301 9389 9302 -1 9302 9389 9390 -1 9302 9390 9303 -1 9303 9390 9391 -1 9303 9391 9304 -1 9304 9391 9392 -1 9304 9392 9305 -1 9305 9392 9393 -1 9305 9393 9306 -1 9306 9393 9394 -1 9306 9394 9307 -1 9307 9394 9395 -1 9307 9395 9308 -1 9308 9395 9396 -1 9308 9396 9309 -1 9309 9396 9397 -1 9309 9397 9310 -1 9310 9397 9398 -1 9310 9398 9311 -1 9311 9398 9399 -1 9311 9399 9312 -1 9312 9399 9400 -1 9312 9400 9313 -1 9313 9400 9401 -1 9313 9401 9314 -1 9314 9401 9402 -1 9314 9402 9315 -1 9315 9402 9403 -1 9315 9403 9316 -1 9316 9403 9404 -1 9316 9404 9317 -1 9317 9404 9405 -1 9317 9405 9318 -1 9318 9405 9406 -1 9318 9406 9319 -1 9319 9406 9407 -1 9319 9407 9320 -1 9320 9407 9408 -1 9320 9408 9321 -1 9321 9408 9409 -1 9321 9409 9322 -1 9322 9409 9410 -1 9322 9410 9323 -1 9323 9410 9411 -1 9323 9411 9324 -1 9324 9411 9412 -1 9324 9412 9325 -1 9325 9412 9413 -1 9325 9413 9326 -1 9326 9413 9414 -1 9326 9414 9327 -1 9327 9414 9415 -1 9327 9415 9328 -1 9328 9415 9416 -1 9328 9416 9329 -1 9329 9416 9417 -1 9329 9417 89 -1 9330 0 9418 -1 9330 9418 9331 -1 9331 9418 9419 -1 9331 9419 9332 -1 9332 9419 9420 -1 9332 9420 9333 -1 9333 9420 9421 -1 9333 9421 9334 -1 9334 9421 9422 -1 9334 9422 9335 -1 9335 9422 9423 -1 9335 9423 9336 -1 9336 9423 9424 -1 9336 9424 9337 -1 9337 9424 9425 -1 9337 9425 9338 -1 9338 9425 9426 -1 9338 9426 9339 -1 9339 9426 9427 -1 9339 9427 9340 -1 9340 9427 9428 -1 9340 9428 9341 -1 9341 9428 9429 -1 9341 9429 9342 -1 9342 9429 9430 -1 9342 9430 9343 -1 9343 9430 9431 -1 9343 9431 9344 -1 9344 9431 9432 -1 9344 9432 9345 -1 9345 9432 9433 -1 9345 9433 9346 -1 9346 9433 9434 -1 9346 9434 9347 -1 9347 9434 9435 -1 9347 9435 9348 -1 9348 9435 9436 -1 9348 9436 9349 -1 9349 9436 9437 -1 9349 9437 9350 -1 9350 9437 9438 -1 9350 9438 9351 -1 9351 9438 9439 -1 9351 9439 9352 -1 9352 9439 9440 -1 9352 9440 9353 -1 9353 9440 9441 -1 9353 9441 9354 -1 9354 9441 9442 -1 9354 9442 9355 -1 9355 9442 9443 -1 9355 9443 9356 -1 9356 9443 9444 -1 9356 9444 9357 -1 9357 9444 9445 -1 9357 9445 9358 -1 9358 9445 9446 -1 9358 9446 9359 -1 9359 9446 9447 -1 9359 9447 9360 -1 9360 9447 9448 -1 9360 9448 9361 -1 9361 9448 9449 -1 9361 9449 9362 -1 9362 9449 9450 -1 9362 9450 9363 -1 9363 9450 9451 -1 9363 9451 9364 -1 9364 9451 9452 -1 9364 9452 9365 -1 9365 9452 9453 -1 9365 9453 9366 -1 9366 9453 9454 -1 9366 9454 9367 -1 9367 9454 9455 -1 9367 9455 9368 -1 9368 9455 9456 -1 9368 9456 9369 -1 9369 9456 9457 -1 9369 9457 9370 -1 9370 9457 9458 -1 9370 9458 9371 -1 9371 9458 9459 -1 9371 9459 9372 -1 9372 9459 9460 -1 9372 9460 9373 -1 9373 9460 9461 -1 9373 9461 9374 -1 9374 9461 9462 -1 9374 9462 9375 -1 9375 9462 9463 -1 9375 9463 9376 -1 9376 9463 9464 -1 9376 9464 9377 -1 9377 9464 9465 -1 9377 9465 9378 -1 9378 9465 9466 -1 9378 9466 9379 -1 9379 9466 9467 -1 9379 9467 9380 -1 9380 9467 9468 -1 9380 9468 9381 -1 9381 9468 9469 -1 9381 9469 9382 -1 9382 9469 9470 -1 9382 9470 9383 -1 9383 9470 9471 -1 9383 9471 9384 -1 9384 9471 9472 -1 9384 9472 9385 -1 9385 9472 9473 -1 9385 9473 9386 -1 9386 9473 9474 -1 9386 9474 9387 -1 9387 9474 9475 -1 9387 9475 9388 -1 9388 9475 9476 -1 9388 9476 9389 -1 9389 9476 9477 -1 9389 9477 9390 -1 9390 9477 9478 -1 9390 9478 9391 -1 9391 9478 9479 -1 9391 9479 9392 -1 9392 9479 9480 -1 9392 9480 9393 -1 9393 9480 9481 -1 9393 9481 9394 -1 9394 9481 9482 -1 9394 9482 9395 -1 9395 9482 9483 -1 9395 9483 9396 -1 9396 9483 9484 -1 9396 9484 9397 -1 9397 9484 9485 -1 9397 9485 9398 -1 9398 9485 9486 -1 9398 9486 9399 -1 9399 9486 9487 -1 9399 9487 9400 -1 9400 9487 9488 -1 9400 9488 9401 -1 9401 9488 9489 -1 9401 9489 9402 -1 9402 9489 9490 -1 9402 9490 9403 -1 9403 9490 9491 -1 9403 9491 9404 -1 9404 9491 9492 -1 9404 9492 9405 -1 9405 9492 9493 -1 9405 9493 9406 -1 9406 9493 9494 -1 9406 9494 9407 -1 9407 9494 9495 -1 9407 9495 9408 -1 9408 9495 9496 -1 9408 9496 9409 -1 9409 9496 9497 -1 9409 9497 9410 -1 9410 9497 9498 -1 9410 9498 9411 -1 9411 9498 9499 -1 9411 9499 9412 -1 9412 9499 9500 -1 9412 9500 9413 -1 9413 9500 9501 -1 9413 9501 9414 -1 9414 9501 9502 -1 9414 9502 9415 -1 9415 9502 9503 -1 9415 9503 9416 -1 9416 9503 9504 -1 9416 9504 9417 -1 9417 9504 9505 -1 9417 9505 89 -1 9418 0 9506 -1 9418 9506 9419 -1 9419 9506 9507 -1 9419 9507 9420 -1 9420 9507 9508 -1 9420 9508 9421 -1 9421 9508 9509 -1 9421 9509 9422 -1 9422 9509 9510 -1 9422 9510 9423 -1 9423 9510 9511 -1 9423 9511 9424 -1 9424 9511 9512 -1 9424 9512 9425 -1 9425 9512 9513 -1 9425 9513 9426 -1 9426 9513 9514 -1 9426 9514 9427 -1 9427 9514 9515 -1 9427 9515 9428 -1 9428 9515 9516 -1 9428 9516 9429 -1 9429 9516 9517 -1 9429 9517 9430 -1 9430 9517 9518 -1 9430 9518 9431 -1 9431 9518 9519 -1 9431 9519 9432 -1 9432 9519 9520 -1 9432 9520 9433 -1 9433 9520 9521 -1 9433 9521 9434 -1 9434 9521 9522 -1 9434 9522 9435 -1 9435 9522 9523 -1 9435 9523 9436 -1 9436 9523 9524 -1 9436 9524 9437 -1 9437 9524 9525 -1 9437 9525 9438 -1 9438 9525 9526 -1 9438 9526 9439 -1 9439 9526 9527 -1 9439 9527 9440 -1 9440 9527 9528 -1 9440 9528 9441 -1 9441 9528 9529 -1 9441 9529 9442 -1 9442 9529 9530 -1 9442 9530 9443 -1 9443 9530 9531 -1 9443 9531 9444 -1 9444 9531 9532 -1 9444 9532 9445 -1 9445 9532 9533 -1 9445 9533 9446 -1 9446 9533 9534 -1 9446 9534 9447 -1 9447 9534 9535 -1 9447 9535 9448 -1 9448 9535 9536 -1 9448 9536 9449 -1 9449 9536 9537 -1 9449 9537 9450 -1 9450 9537 9538 -1 9450 9538 9451 -1 9451 9538 9539 -1 9451 9539 9452 -1 9452 9539 9540 -1 9452 9540 9453 -1 9453 9540 9541 -1 9453 9541 9454 -1 9454 9541 9542 -1 9454 9542 9455 -1 9455 9542 9543 -1 9455 9543 9456 -1 9456 9543 9544 -1 9456 9544 9457 -1 9457 9544 9545 -1 9457 9545 9458 -1 9458 9545 9546 -1 9458 9546 9459 -1 9459 9546 9547 -1 9459 9547 9460 -1 9460 9547 9548 -1 9460 9548 9461 -1 9461 9548 9549 -1 9461 9549 9462 -1 9462 9549 9550 -1 9462 9550 9463 -1 9463 9550 9551 -1 9463 9551 9464 -1 9464 9551 9552 -1 9464 9552 9465 -1 9465 9552 9553 -1 9465 9553 9466 -1 9466 9553 9554 -1 9466 9554 9467 -1 9467 9554 9555 -1 9467 9555 9468 -1 9468 9555 9556 -1 9468 9556 9469 -1 9469 9556 9557 -1 9469 9557 9470 -1 9470 9557 9558 -1 9470 9558 9471 -1 9471 9558 9559 -1 9471 9559 9472 -1 9472 9559 9560 -1 9472 9560 9473 -1 9473 9560 9561 -1 9473 9561 9474 -1 9474 9561 9562 -1 9474 9562 9475 -1 9475 9562 9563 -1 9475 9563 9476 -1 9476 9563 9564 -1 9476 9564 9477 -1 9477 9564 9565 -1 9477 9565 9478 -1 9478 9565 9566 -1 9478 9566 9479 -1 9479 9566 9567 -1 9479 9567 9480 -1 9480 9567 9568 -1 9480 9568 9481 -1 9481 9568 9569 -1 9481 9569 9482 -1 9482 9569 9570 -1 9482 9570 9483 -1 9483 9570 9571 -1 9483 9571 9484 -1 9484 9571 9572 -1 9484 9572 9485 -1 9485 9572 9573 -1 9485 9573 9486 -1 9486 9573 9574 -1 9486 9574 9487 -1 9487 9574 9575 -1 9487 9575 9488 -1 9488 9575 9576 -1 9488 9576 9489 -1 9489 9576 9577 -1 9489 9577 9490 -1 9490 9577 9578 -1 9490 9578 9491 -1 9491 9578 9579 -1 9491 9579 9492 -1 9492 9579 9580 -1 9492 9580 9493 -1 9493 9580 9581 -1 9493 9581 9494 -1 9494 9581 9582 -1 9494 9582 9495 -1 9495 9582 9583 -1 9495 9583 9496 -1 9496 9583 9584 -1 9496 9584 9497 -1 9497 9584 9585 -1 9497 9585 9498 -1 9498 9585 9586 -1 9498 9586 9499 -1 9499 9586 9587 -1 9499 9587 9500 -1 9500 9587 9588 -1 9500 9588 9501 -1 9501 9588 9589 -1 9501 9589 9502 -1 9502 9589 9590 -1 9502 9590 9503 -1 9503 9590 9591 -1 9503 9591 9504 -1 9504 9591 9592 -1 9504 9592 9505 -1 9505 9592 9593 -1 9505 9593 89 -1 9506 0 9594 -1 9506 9594 9507 -1 9507 9594 9595 -1 9507 9595 9508 -1 9508 9595 9596 -1 9508 9596 9509 -1 9509 9596 9597 -1 9509 9597 9510 -1 9510 9597 9598 -1 9510 9598 9511 -1 9511 9598 9599 -1 9511 9599 9512 -1 9512 9599 9600 -1 9512 9600 9513 -1 9513 9600 9601 -1 9513 9601 9514 -1 9514 9601 9602 -1 9514 9602 9515 -1 9515 9602 9603 -1 9515 9603 9516 -1 9516 9603 9604 -1 9516 9604 9517 -1 9517 9604 9605 -1 9517 9605 9518 -1 9518 9605 9606 -1 9518 9606 9519 -1 9519 9606 9607 -1 9519 9607 9520 -1 9520 9607 9608 -1 9520 9608 9521 -1 9521 9608 9609 -1 9521 9609 9522 -1 9522 9609 9610 -1 9522 9610 9523 -1 9523 9610 9611 -1 9523 9611 9524 -1 9524 9611 9612 -1 9524 9612 9525 -1 9525 9612 9613 -1 9525 9613 9526 -1 9526 9613 9614 -1 9526 9614 9527 -1 9527 9614 9615 -1 9527 9615 9528 -1 9528 9615 9616 -1 9528 9616 9529 -1 9529 9616 9617 -1 9529 9617 9530 -1 9530 9617 9618 -1 9530 9618 9531 -1 9531 9618 9619 -1 9531 9619 9532 -1 9532 9619 9620 -1 9532 9620 9533 -1 9533 9620 9621 -1 9533 9621 9534 -1 9534 9621 9622 -1 9534 9622 9535 -1 9535 9622 9623 -1 9535 9623 9536 -1 9536 9623 9624 -1 9536 9624 9537 -1 9537 9624 9625 -1 9537 9625 9538 -1 9538 9625 9626 -1 9538 9626 9539 -1 9539 9626 9627 -1 9539 9627 9540 -1 9540 9627 9628 -1 9540 9628 9541 -1 9541 9628 9629 -1 9541 9629 9542 -1 9542 9629 9630 -1 9542 9630 9543 -1 9543 9630 9631 -1 9543 9631 9544 -1 9544 9631 9632 -1 9544 9632 9545 -1 9545 9632 9633 -1 9545 9633 9546 -1 9546 9633 9634 -1 9546 9634 9547 -1 9547 9634 9635 -1 9547 9635 9548 -1 9548 9635 9636 -1 9548 9636 9549 -1 9549 9636 9637 -1 9549 9637 9550 -1 9550 9637 9638 -1 9550 9638 9551 -1 9551 9638 9639 -1 9551 9639 9552 -1 9552 9639 9640 -1 9552 9640 9553 -1 9553 9640 9641 -1 9553 9641 9554 -1 9554 9641 9642 -1 9554 9642 9555 -1 9555 9642 9643 -1 9555 9643 9556 -1 9556 9643 9644 -1 9556 9644 9557 -1 9557 9644 9645 -1 9557 9645 9558 -1 9558 9645 9646 -1 9558 9646 9559 -1 9559 9646 9647 -1 9559 9647 9560 -1 9560 9647 9648 -1 9560 9648 9561 -1 9561 9648 9649 -1 9561 9649 9562 -1 9562 9649 9650 -1 9562 9650 9563 -1 9563 9650 9651 -1 9563 9651 9564 -1 9564 9651 9652 -1 9564 9652 9565 -1 9565 9652 9653 -1 9565 9653 9566 -1 9566 9653 9654 -1 9566 9654 9567 -1 9567 9654 9655 -1 9567 9655 9568 -1 9568 9655 9656 -1 9568 9656 9569 -1 9569 9656 9657 -1 9569 9657 9570 -1 9570 9657 9658 -1 9570 9658 9571 -1 9571 9658 9659 -1 9571 9659 9572 -1 9572 9659 9660 -1 9572 9660 9573 -1 9573 9660 9661 -1 9573 9661 9574 -1 9574 9661 9662 -1 9574 9662 9575 -1 9575 9662 9663 -1 9575 9663 9576 -1 9576 9663 9664 -1 9576 9664 9577 -1 9577 9664 9665 -1 9577 9665 9578 -1 9578 9665 9666 -1 9578 9666 9579 -1 9579 9666 9667 -1 9579 9667 9580 -1 9580 9667 9668 -1 9580 9668 9581 -1 9581 9668 9669 -1 9581 9669 9582 -1 9582 9669 9670 -1 9582 9670 9583 -1 9583 9670 9671 -1 9583 9671 9584 -1 9584 9671 9672 -1 9584 9672 9585 -1 9585 9672 9673 -1 9585 9673 9586 -1 9586 9673 9674 -1 9586 9674 9587 -1 9587 9674 9675 -1 9587 9675 9588 -1 9588 9675 9676 -1 9588 9676 9589 -1 9589 9676 9677 -1 9589 9677 9590 -1 9590 9677 9678 -1 9590 9678 9591 -1 9591 9678 9679 -1 9591 9679 9592 -1 9592 9679 9680 -1 9592 9680 9593 -1 9593 9680 9681 -1 9593 9681 89 -1 9594 0 9682 -1 9594 9682 9595 -1 9595 9682 9683 -1 9595 9683 9596 -1 9596 9683 9684 -1 9596 9684 9597 -1 9597 9684 9685 -1 9597 9685 9598 -1 9598 9685 9686 -1 9598 9686 9599 -1 9599 9686 9687 -1 9599 9687 9600 -1 9600 9687 9688 -1 9600 9688 9601 -1 9601 9688 9689 -1 9601 9689 9602 -1 9602 9689 9690 -1 9602 9690 9603 -1 9603 9690 9691 -1 9603 9691 9604 -1 9604 9691 9692 -1 9604 9692 9605 -1 9605 9692 9693 -1 9605 9693 9606 -1 9606 9693 9694 -1 9606 9694 9607 -1 9607 9694 9695 -1 9607 9695 9608 -1 9608 9695 9696 -1 9608 9696 9609 -1 9609 9696 9697 -1 9609 9697 9610 -1 9610 9697 9698 -1 9610 9698 9611 -1 9611 9698 9699 -1 9611 9699 9612 -1 9612 9699 9700 -1 9612 9700 9613 -1 9613 9700 9701 -1 9613 9701 9614 -1 9614 9701 9702 -1 9614 9702 9615 -1 9615 9702 9703 -1 9615 9703 9616 -1 9616 9703 9704 -1 9616 9704 9617 -1 9617 9704 9705 -1 9617 9705 9618 -1 9618 9705 9706 -1 9618 9706 9619 -1 9619 9706 9707 -1 9619 9707 9620 -1 9620 9707 9708 -1 9620 9708 9621 -1 9621 9708 9709 -1 9621 9709 9622 -1 9622 9709 9710 -1 9622 9710 9623 -1 9623 9710 9711 -1 9623 9711 9624 -1 9624 9711 9712 -1 9624 9712 9625 -1 9625 9712 9713 -1 9625 9713 9626 -1 9626 9713 9714 -1 9626 9714 9627 -1 9627 9714 9715 -1 9627 9715 9628 -1 9628 9715 9716 -1 9628 9716 9629 -1 9629 9716 9717 -1 9629 9717 9630 -1 9630 9717 9718 -1 9630 9718 9631 -1 9631 9718 9719 -1 9631 9719 9632 -1 9632 9719 9720 -1 9632 9720 9633 -1 9633 9720 9721 -1 9633 9721 9634 -1 9634 9721 9722 -1 9634 9722 9635 -1 9635 9722 9723 -1 9635 9723 9636 -1 9636 9723 9724 -1 9636 9724 9637 -1 9637 9724 9725 -1 9637 9725 9638 -1 9638 9725 9726 -1 9638 9726 9639 -1 9639 9726 9727 -1 9639 9727 9640 -1 9640 9727 9728 -1 9640 9728 9641 -1 9641 9728 9729 -1 9641 9729 9642 -1 9642 9729 9730 -1 9642 9730 9643 -1 9643 9730 9731 -1 9643 9731 9644 -1 9644 9731 9732 -1 9644 9732 9645 -1 9645 9732 9733 -1 9645 9733 9646 -1 9646 9733 9734 -1 9646 9734 9647 -1 9647 9734 9735 -1 9647 9735 9648 -1 9648 9735 9736 -1 9648 9736 9649 -1 9649 9736 9737 -1 9649 9737 9650 -1 9650 9737 9738 -1 9650 9738 9651 -1 9651 9738 9739 -1 9651 9739 9652 -1 9652 9739 9740 -1 9652 9740 9653 -1 9653 9740 9741 -1 9653 9741 9654 -1 9654 9741 9742 -1 9654 9742 9655 -1 9655 9742 9743 -1 9655 9743 9656 -1 9656 9743 9744 -1 9656 9744 9657 -1 9657 9744 9745 -1 9657 9745 9658 -1 9658 9745 9746 -1 9658 9746 9659 -1 9659 9746 9747 -1 9659 9747 9660 -1 9660 9747 9748 -1 9660 9748 9661 -1 9661 9748 9749 -1 9661 9749 9662 -1 9662 9749 9750 -1 9662 9750 9663 -1 9663 9750 9751 -1 9663 9751 9664 -1 9664 9751 9752 -1 9664 9752 9665 -1 9665 9752 9753 -1 9665 9753 9666 -1 9666 9753 9754 -1 9666 9754 9667 -1 9667 9754 9755 -1 9667 9755 9668 -1 9668 9755 9756 -1 9668 9756 9669 -1 9669 9756 9757 -1 9669 9757 9670 -1 9670 9757 9758 -1 9670 9758 9671 -1 9671 9758 9759 -1 9671 9759 9672 -1 9672 9759 9760 -1 9672 9760 9673 -1 9673 9760 9761 -1 9673 9761 9674 -1 9674 9761 9762 -1 9674 9762 9675 -1 9675 9762 9763 -1 9675 9763 9676 -1 9676 9763 9764 -1 9676 9764 9677 -1 9677 9764 9765 -1 9677 9765 9678 -1 9678 9765 9766 -1 9678 9766 9679 -1 9679 9766 9767 -1 9679 9767 9680 -1 9680 9767 9768 -1 9680 9768 9681 -1 9681 9768 9769 -1 9681 9769 89 -1 9682 0 9770 -1 9682 9770 9683 -1 9683 9770 9771 -1 9683 9771 9684 -1 9684 9771 9772 -1 9684 9772 9685 -1 9685 9772 9773 -1 9685 9773 9686 -1 9686 9773 9774 -1 9686 9774 9687 -1 9687 9774 9775 -1 9687 9775 9688 -1 9688 9775 9776 -1 9688 9776 9689 -1 9689 9776 9777 -1 9689 9777 9690 -1 9690 9777 9778 -1 9690 9778 9691 -1 9691 9778 9779 -1 9691 9779 9692 -1 9692 9779 9780 -1 9692 9780 9693 -1 9693 9780 9781 -1 9693 9781 9694 -1 9694 9781 9782 -1 9694 9782 9695 -1 9695 9782 9783 -1 9695 9783 9696 -1 9696 9783 9784 -1 9696 9784 9697 -1 9697 9784 9785 -1 9697 9785 9698 -1 9698 9785 9786 -1 9698 9786 9699 -1 9699 9786 9787 -1 9699 9787 9700 -1 9700 9787 9788 -1 9700 9788 9701 -1 9701 9788 9789 -1 9701 9789 9702 -1 9702 9789 9790 -1 9702 9790 9703 -1 9703 9790 9791 -1 9703 9791 9704 -1 9704 9791 9792 -1 9704 9792 9705 -1 9705 9792 9793 -1 9705 9793 9706 -1 9706 9793 9794 -1 9706 9794 9707 -1 9707 9794 9795 -1 9707 9795 9708 -1 9708 9795 9796 -1 9708 9796 9709 -1 9709 9796 9797 -1 9709 9797 9710 -1 9710 9797 9798 -1 9710 9798 9711 -1 9711 9798 9799 -1 9711 9799 9712 -1 9712 9799 9800 -1 9712 9800 9713 -1 9713 9800 9801 -1 9713 9801 9714 -1 9714 9801 9802 -1 9714 9802 9715 -1 9715 9802 9803 -1 9715 9803 9716 -1 9716 9803 9804 -1 9716 9804 9717 -1 9717 9804 9805 -1 9717 9805 9718 -1 9718 9805 9806 -1 9718 9806 9719 -1 9719 9806 9807 -1 9719 9807 9720 -1 9720 9807 9808 -1 9720 9808 9721 -1 9721 9808 9809 -1 9721 9809 9722 -1 9722 9809 9810 -1 9722 9810 9723 -1 9723 9810 9811 -1 9723 9811 9724 -1 9724 9811 9812 -1 9724 9812 9725 -1 9725 9812 9813 -1 9725 9813 9726 -1 9726 9813 9814 -1 9726 9814 9727 -1 9727 9814 9815 -1 9727 9815 9728 -1 9728 9815 9816 -1 9728 9816 9729 -1 9729 9816 9817 -1 9729 9817 9730 -1 9730 9817 9818 -1 9730 9818 9731 -1 9731 9818 9819 -1 9731 9819 9732 -1 9732 9819 9820 -1 9732 9820 9733 -1 9733 9820 9821 -1 9733 9821 9734 -1 9734 9821 9822 -1 9734 9822 9735 -1 9735 9822 9823 -1 9735 9823 9736 -1 9736 9823 9824 -1 9736 9824 9737 -1 9737 9824 9825 -1 9737 9825 9738 -1 9738 9825 9826 -1 9738 9826 9739 -1 9739 9826 9827 -1 9739 9827 9740 -1 9740 9827 9828 -1 9740 9828 9741 -1 9741 9828 9829 -1 9741 9829 9742 -1 9742 9829 9830 -1 9742 9830 9743 -1 9743 9830 9831 -1 9743 9831 9744 -1 9744 9831 9832 -1 9744 9832 9745 -1 9745 9832 9833 -1 9745 9833 9746 -1 9746 9833 9834 -1 9746 9834 9747 -1 9747 9834 9835 -1 9747 9835 9748 -1 9748 9835 9836 -1 9748 9836 9749 -1 9749 9836 9837 -1 9749 9837 9750 -1 9750 9837 9838 -1 9750 9838 9751 -1 9751 9838 9839 -1 9751 9839 9752 -1 9752 9839 9840 -1 9752 9840 9753 -1 9753 9840 9841 -1 9753 9841 9754 -1 9754 9841 9842 -1 9754 9842 9755 -1 9755 9842 9843 -1 9755 9843 9756 -1 9756 9843 9844 -1 9756 9844 9757 -1 9757 9844 9845 -1 9757 9845 9758 -1 9758 9845 9846 -1 9758 9846 9759 -1 9759 9846 9847 -1 9759 9847 9760 -1 9760 9847 9848 -1 9760 9848 9761 -1 9761 9848 9849 -1 9761 9849 9762 -1 9762 9849 9850 -1 9762 9850 9763 -1 9763 9850 9851 -1 9763 9851 9764 -1 9764 9851 9852 -1 9764 9852 9765 -1 9765 9852 9853 -1 9765 9853 9766 -1 9766 9853 9854 -1 9766 9854 9767 -1 9767 9854 9855 -1 9767 9855 9768 -1 9768 9855 9856 -1 9768 9856 9769 -1 9769 9856 9857 -1 9769 9857 89 -1 9770 0 9858 -1 9770 9858 9771 -1 9771 9858 9859 -1 9771 9859 9772 -1 9772 9859 9860 -1 9772 9860 9773 -1 9773 9860 9861 -1 9773 9861 9774 -1 9774 9861 9862 -1 9774 9862 9775 -1 9775 9862 9863 -1 9775 9863 9776 -1 9776 9863 9864 -1 9776 9864 9777 -1 9777 9864 9865 -1 9777 9865 9778 -1 9778 9865 9866 -1 9778 9866 9779 -1 9779 9866 9867 -1 9779 9867 9780 -1 9780 9867 9868 -1 9780 9868 9781 -1 9781 9868 9869 -1 9781 9869 9782 -1 9782 9869 9870 -1 9782 9870 9783 -1 9783 9870 9871 -1 9783 9871 9784 -1 9784 9871 9872 -1 9784 9872 9785 -1 9785 9872 9873 -1 9785 9873 9786 -1 9786 9873 9874 -1 9786 9874 9787 -1 9787 9874 9875 -1 9787 9875 9788 -1 9788 9875 9876 -1 9788 9876 9789 -1 9789 9876 9877 -1 9789 9877 9790 -1 9790 9877 9878 -1 9790 9878 9791 -1 9791 9878 9879 -1 9791 9879 9792 -1 9792 9879 9880 -1 9792 9880 9793 -1 9793 9880 9881 -1 9793 9881 9794 -1 9794 9881 9882 -1 9794 9882 9795 -1 9795 9882 9883 -1 9795 9883 9796 -1 9796 9883 9884 -1 9796 9884 9797 -1 9797 9884 9885 -1 9797 9885 9798 -1 9798 9885 9886 -1 9798 9886 9799 -1 9799 9886 9887 -1 9799 9887 9800 -1 9800 9887 9888 -1 9800 9888 9801 -1 9801 9888 9889 -1 9801 9889 9802 -1 9802 9889 9890 -1 9802 9890 9803 -1 9803 9890 9891 -1 9803 9891 9804 -1 9804 9891 9892 -1 9804 9892 9805 -1 9805 9892 9893 -1 9805 9893 9806 -1 9806 9893 9894 -1 9806 9894 9807 -1 9807 9894 9895 -1 9807 9895 9808 -1 9808 9895 9896 -1 9808 9896 9809 -1 9809 9896 9897 -1 9809 9897 9810 -1 9810 9897 9898 -1 9810 9898 9811 -1 9811 9898 9899 -1 9811 9899 9812 -1 9812 9899 9900 -1 9812 9900 9813 -1 9813 9900 9901 -1 9813 9901 9814 -1 9814 9901 9902 -1 9814 9902 9815 -1 9815 9902 9903 -1 9815 9903 9816 -1 9816 9903 9904 -1 9816 9904 9817 -1 9817 9904 9905 -1 9817 9905 9818 -1 9818 9905 9906 -1 9818 9906 9819 -1 9819 9906 9907 -1 9819 9907 9820 -1 9820 9907 9908 -1 9820 9908 9821 -1 9821 9908 9909 -1 9821 9909 9822 -1 9822 9909 9910 -1 9822 9910 9823 -1 9823 9910 9911 -1 9823 9911 9824 -1 9824 9911 9912 -1 9824 9912 9825 -1 9825 9912 9913 -1 9825 9913 9826 -1 9826 9913 9914 -1 9826 9914 9827 -1 9827 9914 9915 -1 9827 9915 9828 -1 9828 9915 9916 -1 9828 9916 9829 -1 9829 9916 9917 -1 9829 9917 9830 -1 9830 9917 9918 -1 9830 9918 9831 -1 9831 9918 9919 -1 9831 9919 9832 -1 9832 9919 9920 -1 9832 9920 9833 -1 9833 9920 9921 -1 9833 9921 9834 -1 9834 9921 9922 -1 9834 9922 9835 -1 9835 9922 9923 -1 9835 9923 9836 -1 9836 9923 9924 -1 9836 9924 9837 -1 9837 9924 9925 -1 9837 9925 9838 -1 9838 9925 9926 -1 9838 9926 9839 -1 9839 9926 9927 -1 9839 9927 9840 -1 9840 9927 9928 -1 9840 9928 9841 -1 9841 9928 9929 -1 9841 9929 9842 -1 9842 9929 9930 -1 9842 9930 9843 -1 9843 9930 9931 -1 9843 9931 9844 -1 9844 9931 9932 -1 9844 9932 9845 -1 9845 9932 9933 -1 9845 9933 9846 -1 9846 9933 9934 -1 9846 9934 9847 -1 9847 9934 9935 -1 9847 9935 9848 -1 9848 9935 9936 -1 9848 9936 9849 -1 9849 9936 9937 -1 9849 9937 9850 -1 9850 9937 9938 -1 9850 9938 9851 -1 9851 9938 9939 -1 9851 9939 9852 -1 9852 9939 9940 -1 9852 9940 9853 -1 9853 9940 9941 -1 9853 9941 9854 -1 9854 9941 9942 -1 9854 9942 9855 -1 9855 9942 9943 -1 9855 9943 9856 -1 9856 9943 9944 -1 9856 9944 9857 -1 9857 9944 9945 -1 9857 9945 89 -1 9858 0 9946 -1 9858 9946 9859 -1 9859 9946 9947 -1 9859 9947 9860 -1 9860 9947 9948 -1 9860 9948 9861 -1 9861 9948 9949 -1 9861 9949 9862 -1 9862 9949 9950 -1 9862 9950 9863 -1 9863 9950 9951 -1 9863 9951 9864 -1 9864 9951 9952 -1 9864 9952 9865 -1 9865 9952 9953 -1 9865 9953 9866 -1 9866 9953 9954 -1 9866 9954 9867 -1 9867 9954 9955 -1 9867 9955 9868 -1 9868 9955 9956 -1 9868 9956 9869 -1 9869 9956 9957 -1 9869 9957 9870 -1 9870 9957 9958 -1 9870 9958 9871 -1 9871 9958 9959 -1 9871 9959 9872 -1 9872 9959 9960 -1 9872 9960 9873 -1 9873 9960 9961 -1 9873 9961 9874 -1 9874 9961 9962 -1 9874 9962 9875 -1 9875 9962 9963 -1 9875 9963 9876 -1 9876 9963 9964 -1 9876 9964 9877 -1 9877 9964 9965 -1 9877 9965 9878 -1 9878 9965 9966 -1 9878 9966 9879 -1 9879 9966 9967 -1 9879 9967 9880 -1 9880 9967 9968 -1 9880 9968 9881 -1 9881 9968 9969 -1 9881 9969 9882 -1 9882 9969 9970 -1 9882 9970 9883 -1 9883 9970 9971 -1 9883 9971 9884 -1 9884 9971 9972 -1 9884 9972 9885 -1 9885 9972 9973 -1 9885 9973 9886 -1 9886 9973 9974 -1 9886 9974 9887 -1 9887 9974 9975 -1 9887 9975 9888 -1 9888 9975 9976 -1 9888 9976 9889 -1 9889 9976 9977 -1 9889 9977 9890 -1 9890 9977 9978 -1 9890 9978 9891 -1 9891 9978 9979 -1 9891 9979 9892 -1 9892 9979 9980 -1 9892 9980 9893 -1 9893 9980 9981 -1 9893 9981 9894 -1 9894 9981 9982 -1 9894 9982 9895 -1 9895 9982 9983 -1 9895 9983 9896 -1 9896 9983 9984 -1 9896 9984 9897 -1 9897 9984 9985 -1 9897 9985 9898 -1 9898 9985 9986 -1 9898 9986 9899 -1 9899 9986 9987 -1 9899 9987 9900 -1 9900 9987 9988 -1 9900 9988 9901 -1 9901 9988 9989 -1 9901 9989 9902 -1 9902 9989 9990 -1 9902 9990 9903 -1 9903 9990 9991 -1 9903 9991 9904 -1 9904 9991 9992 -1 9904 9992 9905 -1 9905 9992 9993 -1 9905 9993 9906 -1 9906 9993 9994 -1 9906 9994 9907 -1 9907 9994 9995 -1 9907 9995 9908 -1 9908 9995 9996 -1 9908 9996 9909 -1 9909 9996 9997 -1 9909 9997 9910 -1 9910 9997 9998 -1 9910 9998 9911 -1 9911 9998 9999 -1 9911 9999 9912 -1 9912 9999 10000 -1 9912 10000 9913 -1 9913 10000 10001 -1 9913 10001 9914 -1 9914 10001 10002 -1 9914 10002 9915 -1 9915 10002 10003 -1 9915 10003 9916 -1 9916 10003 10004 -1 9916 10004 9917 -1 9917 10004 10005 -1 9917 10005 9918 -1 9918 10005 10006 -1 9918 10006 9919 -1 9919 10006 10007 -1 9919 10007 9920 -1 9920 10007 10008 -1 9920 10008 9921 -1 9921 10008 10009 -1 9921 10009 9922 -1 9922 10009 10010 -1 9922 10010 9923 -1 9923 10010 10011 -1 9923 10011 9924 -1 9924 10011 10012 -1 9924 10012 9925 -1 9925 10012 10013 -1 9925 10013 9926 -1 9926 10013 10014 -1 9926 10014 9927 -1 9927 10014 10015 -1 9927 10015 9928 -1 9928 10015 10016 -1 9928 10016 9929 -1 9929 10016 10017 -1 9929 10017 9930 -1 9930 10017 10018 -1 9930 10018 9931 -1 9931 10018 10019 -1 9931 10019 9932 -1 9932 10019 10020 -1 9932 10020 9933 -1 9933 10020 10021 -1 9933 10021 9934 -1 9934 10021 10022 -1 9934 10022 9935 -1 9935 10022 10023 -1 9935 10023 9936 -1 9936 10023 10024 -1 9936 10024 9937 -1 9937 10024 10025 -1 9937 10025 9938 -1 9938 10025 10026 -1 9938 10026 9939 -1 9939 10026 10027 -1 9939 10027 9940 -1 9940 10027 10028 -1 9940 10028 9941 -1 9941 10028 10029 -1 9941 10029 9942 -1 9942 10029 10030 -1 9942 10030 9943 -1 9943 10030 10031 -1 9943 10031 9944 -1 9944 10031 10032 -1 9944 10032 9945 -1 9945 10032 10033 -1 9945 10033 89 -1 9946 0 10034 -1 9946 10034 9947 -1 9947 10034 10035 -1 9947 10035 9948 -1 9948 10035 10036 -1 9948 10036 9949 -1 9949 10036 10037 -1 9949 10037 9950 -1 9950 10037 10038 -1 9950 10038 9951 -1 9951 10038 10039 -1 9951 10039 9952 -1 9952 10039 10040 -1 9952 10040 9953 -1 9953 10040 10041 -1 9953 10041 9954 -1 9954 10041 10042 -1 9954 10042 9955 -1 9955 10042 10043 -1 9955 10043 9956 -1 9956 10043 10044 -1 9956 10044 9957 -1 9957 10044 10045 -1 9957 10045 9958 -1 9958 10045 10046 -1 9958 10046 9959 -1 9959 10046 10047 -1 9959 10047 9960 -1 9960 10047 10048 -1 9960 10048 9961 -1 9961 10048 10049 -1 9961 10049 9962 -1 9962 10049 10050 -1 9962 10050 9963 -1 9963 10050 10051 -1 9963 10051 9964 -1 9964 10051 10052 -1 9964 10052 9965 -1 9965 10052 10053 -1 9965 10053 9966 -1 9966 10053 10054 -1 9966 10054 9967 -1 9967 10054 10055 -1 9967 10055 9968 -1 9968 10055 10056 -1 9968 10056 9969 -1 9969 10056 10057 -1 9969 10057 9970 -1 9970 10057 10058 -1 9970 10058 9971 -1 9971 10058 10059 -1 9971 10059 9972 -1 9972 10059 10060 -1 9972 10060 9973 -1 9973 10060 10061 -1 9973 10061 9974 -1 9974 10061 10062 -1 9974 10062 9975 -1 9975 10062 10063 -1 9975 10063 9976 -1 9976 10063 10064 -1 9976 10064 9977 -1 9977 10064 10065 -1 9977 10065 9978 -1 9978 10065 10066 -1 9978 10066 9979 -1 9979 10066 10067 -1 9979 10067 9980 -1 9980 10067 10068 -1 9980 10068 9981 -1 9981 10068 10069 -1 9981 10069 9982 -1 9982 10069 10070 -1 9982 10070 9983 -1 9983 10070 10071 -1 9983 10071 9984 -1 9984 10071 10072 -1 9984 10072 9985 -1 9985 10072 10073 -1 9985 10073 9986 -1 9986 10073 10074 -1 9986 10074 9987 -1 9987 10074 10075 -1 9987 10075 9988 -1 9988 10075 10076 -1 9988 10076 9989 -1 9989 10076 10077 -1 9989 10077 9990 -1 9990 10077 10078 -1 9990 10078 9991 -1 9991 10078 10079 -1 9991 10079 9992 -1 9992 10079 10080 -1 9992 10080 9993 -1 9993 10080 10081 -1 9993 10081 9994 -1 9994 10081 10082 -1 9994 10082 9995 -1 9995 10082 10083 -1 9995 10083 9996 -1 9996 10083 10084 -1 9996 10084 9997 -1 9997 10084 10085 -1 9997 10085 9998 -1 9998 10085 10086 -1 9998 10086 9999 -1 9999 10086 10087 -1 9999 10087 10000 -1 10000 10087 10088 -1 10000 10088 10001 -1 10001 10088 10089 -1 10001 10089 10002 -1 10002 10089 10090 -1 10002 10090 10003 -1 10003 10090 10091 -1 10003 10091 10004 -1 10004 10091 10092 -1 10004 10092 10005 -1 10005 10092 10093 -1 10005 10093 10006 -1 10006 10093 10094 -1 10006 10094 10007 -1 10007 10094 10095 -1 10007 10095 10008 -1 10008 10095 10096 -1 10008 10096 10009 -1 10009 10096 10097 -1 10009 10097 10010 -1 10010 10097 10098 -1 10010 10098 10011 -1 10011 10098 10099 -1 10011 10099 10012 -1 10012 10099 10100 -1 10012 10100 10013 -1 10013 10100 10101 -1 10013 10101 10014 -1 10014 10101 10102 -1 10014 10102 10015 -1 10015 10102 10103 -1 10015 10103 10016 -1 10016 10103 10104 -1 10016 10104 10017 -1 10017 10104 10105 -1 10017 10105 10018 -1 10018 10105 10106 -1 10018 10106 10019 -1 10019 10106 10107 -1 10019 10107 10020 -1 10020 10107 10108 -1 10020 10108 10021 -1 10021 10108 10109 -1 10021 10109 10022 -1 10022 10109 10110 -1 10022 10110 10023 -1 10023 10110 10111 -1 10023 10111 10024 -1 10024 10111 10112 -1 10024 10112 10025 -1 10025 10112 10113 -1 10025 10113 10026 -1 10026 10113 10114 -1 10026 10114 10027 -1 10027 10114 10115 -1 10027 10115 10028 -1 10028 10115 10116 -1 10028 10116 10029 -1 10029 10116 10117 -1 10029 10117 10030 -1 10030 10117 10118 -1 10030 10118 10031 -1 10031 10118 10119 -1 10031 10119 10032 -1 10032 10119 10120 -1 10032 10120 10033 -1 10033 10120 10121 -1 10033 10121 89 -1 10034 0 10122 -1 10034 10122 10035 -1 10035 10122 10123 -1 10035 10123 10036 -1 10036 10123 10124 -1 10036 10124 10037 -1 10037 10124 10125 -1 10037 10125 10038 -1 10038 10125 10126 -1 10038 10126 10039 -1 10039 10126 10127 -1 10039 10127 10040 -1 10040 10127 10128 -1 10040 10128 10041 -1 10041 10128 10129 -1 10041 10129 10042 -1 10042 10129 10130 -1 10042 10130 10043 -1 10043 10130 10131 -1 10043 10131 10044 -1 10044 10131 10132 -1 10044 10132 10045 -1 10045 10132 10133 -1 10045 10133 10046 -1 10046 10133 10134 -1 10046 10134 10047 -1 10047 10134 10135 -1 10047 10135 10048 -1 10048 10135 10136 -1 10048 10136 10049 -1 10049 10136 10137 -1 10049 10137 10050 -1 10050 10137 10138 -1 10050 10138 10051 -1 10051 10138 10139 -1 10051 10139 10052 -1 10052 10139 10140 -1 10052 10140 10053 -1 10053 10140 10141 -1 10053 10141 10054 -1 10054 10141 10142 -1 10054 10142 10055 -1 10055 10142 10143 -1 10055 10143 10056 -1 10056 10143 10144 -1 10056 10144 10057 -1 10057 10144 10145 -1 10057 10145 10058 -1 10058 10145 10146 -1 10058 10146 10059 -1 10059 10146 10147 -1 10059 10147 10060 -1 10060 10147 10148 -1 10060 10148 10061 -1 10061 10148 10149 -1 10061 10149 10062 -1 10062 10149 10150 -1 10062 10150 10063 -1 10063 10150 10151 -1 10063 10151 10064 -1 10064 10151 10152 -1 10064 10152 10065 -1 10065 10152 10153 -1 10065 10153 10066 -1 10066 10153 10154 -1 10066 10154 10067 -1 10067 10154 10155 -1 10067 10155 10068 -1 10068 10155 10156 -1 10068 10156 10069 -1 10069 10156 10157 -1 10069 10157 10070 -1 10070 10157 10158 -1 10070 10158 10071 -1 10071 10158 10159 -1 10071 10159 10072 -1 10072 10159 10160 -1 10072 10160 10073 -1 10073 10160 10161 -1 10073 10161 10074 -1 10074 10161 10162 -1 10074 10162 10075 -1 10075 10162 10163 -1 10075 10163 10076 -1 10076 10163 10164 -1 10076 10164 10077 -1 10077 10164 10165 -1 10077 10165 10078 -1 10078 10165 10166 -1 10078 10166 10079 -1 10079 10166 10167 -1 10079 10167 10080 -1 10080 10167 10168 -1 10080 10168 10081 -1 10081 10168 10169 -1 10081 10169 10082 -1 10082 10169 10170 -1 10082 10170 10083 -1 10083 10170 10171 -1 10083 10171 10084 -1 10084 10171 10172 -1 10084 10172 10085 -1 10085 10172 10173 -1 10085 10173 10086 -1 10086 10173 10174 -1 10086 10174 10087 -1 10087 10174 10175 -1 10087 10175 10088 -1 10088 10175 10176 -1 10088 10176 10089 -1 10089 10176 10177 -1 10089 10177 10090 -1 10090 10177 10178 -1 10090 10178 10091 -1 10091 10178 10179 -1 10091 10179 10092 -1 10092 10179 10180 -1 10092 10180 10093 -1 10093 10180 10181 -1 10093 10181 10094 -1 10094 10181 10182 -1 10094 10182 10095 -1 10095 10182 10183 -1 10095 10183 10096 -1 10096 10183 10184 -1 10096 10184 10097 -1 10097 10184 10185 -1 10097 10185 10098 -1 10098 10185 10186 -1 10098 10186 10099 -1 10099 10186 10187 -1 10099 10187 10100 -1 10100 10187 10188 -1 10100 10188 10101 -1 10101 10188 10189 -1 10101 10189 10102 -1 10102 10189 10190 -1 10102 10190 10103 -1 10103 10190 10191 -1 10103 10191 10104 -1 10104 10191 10192 -1 10104 10192 10105 -1 10105 10192 10193 -1 10105 10193 10106 -1 10106 10193 10194 -1 10106 10194 10107 -1 10107 10194 10195 -1 10107 10195 10108 -1 10108 10195 10196 -1 10108 10196 10109 -1 10109 10196 10197 -1 10109 10197 10110 -1 10110 10197 10198 -1 10110 10198 10111 -1 10111 10198 10199 -1 10111 10199 10112 -1 10112 10199 10200 -1 10112 10200 10113 -1 10113 10200 10201 -1 10113 10201 10114 -1 10114 10201 10202 -1 10114 10202 10115 -1 10115 10202 10203 -1 10115 10203 10116 -1 10116 10203 10204 -1 10116 10204 10117 -1 10117 10204 10205 -1 10117 10205 10118 -1 10118 10205 10206 -1 10118 10206 10119 -1 10119 10206 10207 -1 10119 10207 10120 -1 10120 10207 10208 -1 10120 10208 10121 -1 10121 10208 10209 -1 10121 10209 89 -1 10122 0 10210 -1 10122 10210 10123 -1 10123 10210 10211 -1 10123 10211 10124 -1 10124 10211 10212 -1 10124 10212 10125 -1 10125 10212 10213 -1 10125 10213 10126 -1 10126 10213 10214 -1 10126 10214 10127 -1 10127 10214 10215 -1 10127 10215 10128 -1 10128 10215 10216 -1 10128 10216 10129 -1 10129 10216 10217 -1 10129 10217 10130 -1 10130 10217 10218 -1 10130 10218 10131 -1 10131 10218 10219 -1 10131 10219 10132 -1 10132 10219 10220 -1 10132 10220 10133 -1 10133 10220 10221 -1 10133 10221 10134 -1 10134 10221 10222 -1 10134 10222 10135 -1 10135 10222 10223 -1 10135 10223 10136 -1 10136 10223 10224 -1 10136 10224 10137 -1 10137 10224 10225 -1 10137 10225 10138 -1 10138 10225 10226 -1 10138 10226 10139 -1 10139 10226 10227 -1 10139 10227 10140 -1 10140 10227 10228 -1 10140 10228 10141 -1 10141 10228 10229 -1 10141 10229 10142 -1 10142 10229 10230 -1 10142 10230 10143 -1 10143 10230 10231 -1 10143 10231 10144 -1 10144 10231 10232 -1 10144 10232 10145 -1 10145 10232 10233 -1 10145 10233 10146 -1 10146 10233 10234 -1 10146 10234 10147 -1 10147 10234 10235 -1 10147 10235 10148 -1 10148 10235 10236 -1 10148 10236 10149 -1 10149 10236 10237 -1 10149 10237 10150 -1 10150 10237 10238 -1 10150 10238 10151 -1 10151 10238 10239 -1 10151 10239 10152 -1 10152 10239 10240 -1 10152 10240 10153 -1 10153 10240 10241 -1 10153 10241 10154 -1 10154 10241 10242 -1 10154 10242 10155 -1 10155 10242 10243 -1 10155 10243 10156 -1 10156 10243 10244 -1 10156 10244 10157 -1 10157 10244 10245 -1 10157 10245 10158 -1 10158 10245 10246 -1 10158 10246 10159 -1 10159 10246 10247 -1 10159 10247 10160 -1 10160 10247 10248 -1 10160 10248 10161 -1 10161 10248 10249 -1 10161 10249 10162 -1 10162 10249 10250 -1 10162 10250 10163 -1 10163 10250 10251 -1 10163 10251 10164 -1 10164 10251 10252 -1 10164 10252 10165 -1 10165 10252 10253 -1 10165 10253 10166 -1 10166 10253 10254 -1 10166 10254 10167 -1 10167 10254 10255 -1 10167 10255 10168 -1 10168 10255 10256 -1 10168 10256 10169 -1 10169 10256 10257 -1 10169 10257 10170 -1 10170 10257 10258 -1 10170 10258 10171 -1 10171 10258 10259 -1 10171 10259 10172 -1 10172 10259 10260 -1 10172 10260 10173 -1 10173 10260 10261 -1 10173 10261 10174 -1 10174 10261 10262 -1 10174 10262 10175 -1 10175 10262 10263 -1 10175 10263 10176 -1 10176 10263 10264 -1 10176 10264 10177 -1 10177 10264 10265 -1 10177 10265 10178 -1 10178 10265 10266 -1 10178 10266 10179 -1 10179 10266 10267 -1 10179 10267 10180 -1 10180 10267 10268 -1 10180 10268 10181 -1 10181 10268 10269 -1 10181 10269 10182 -1 10182 10269 10270 -1 10182 10270 10183 -1 10183 10270 10271 -1 10183 10271 10184 -1 10184 10271 10272 -1 10184 10272 10185 -1 10185 10272 10273 -1 10185 10273 10186 -1 10186 10273 10274 -1 10186 10274 10187 -1 10187 10274 10275 -1 10187 10275 10188 -1 10188 10275 10276 -1 10188 10276 10189 -1 10189 10276 10277 -1 10189 10277 10190 -1 10190 10277 10278 -1 10190 10278 10191 -1 10191 10278 10279 -1 10191 10279 10192 -1 10192 10279 10280 -1 10192 10280 10193 -1 10193 10280 10281 -1 10193 10281 10194 -1 10194 10281 10282 -1 10194 10282 10195 -1 10195 10282 10283 -1 10195 10283 10196 -1 10196 10283 10284 -1 10196 10284 10197 -1 10197 10284 10285 -1 10197 10285 10198 -1 10198 10285 10286 -1 10198 10286 10199 -1 10199 10286 10287 -1 10199 10287 10200 -1 10200 10287 10288 -1 10200 10288 10201 -1 10201 10288 10289 -1 10201 10289 10202 -1 10202 10289 10290 -1 10202 10290 10203 -1 10203 10290 10291 -1 10203 10291 10204 -1 10204 10291 10292 -1 10204 10292 10205 -1 10205 10292 10293 -1 10205 10293 10206 -1 10206 10293 10294 -1 10206 10294 10207 -1 10207 10294 10295 -1 10207 10295 10208 -1 10208 10295 10296 -1 10208 10296 10209 -1 10209 10296 10297 -1 10209 10297 89 -1 10210 0 10298 -1 10210 10298 10211 -1 10211 10298 10299 -1 10211 10299 10212 -1 10212 10299 10300 -1 10212 10300 10213 -1 10213 10300 10301 -1 10213 10301 10214 -1 10214 10301 10302 -1 10214 10302 10215 -1 10215 10302 10303 -1 10215 10303 10216 -1 10216 10303 10304 -1 10216 10304 10217 -1 10217 10304 10305 -1 10217 10305 10218 -1 10218 10305 10306 -1 10218 10306 10219 -1 10219 10306 10307 -1 10219 10307 10220 -1 10220 10307 10308 -1 10220 10308 10221 -1 10221 10308 10309 -1 10221 10309 10222 -1 10222 10309 10310 -1 10222 10310 10223 -1 10223 10310 10311 -1 10223 10311 10224 -1 10224 10311 10312 -1 10224 10312 10225 -1 10225 10312 10313 -1 10225 10313 10226 -1 10226 10313 10314 -1 10226 10314 10227 -1 10227 10314 10315 -1 10227 10315 10228 -1 10228 10315 10316 -1 10228 10316 10229 -1 10229 10316 10317 -1 10229 10317 10230 -1 10230 10317 10318 -1 10230 10318 10231 -1 10231 10318 10319 -1 10231 10319 10232 -1 10232 10319 10320 -1 10232 10320 10233 -1 10233 10320 10321 -1 10233 10321 10234 -1 10234 10321 10322 -1 10234 10322 10235 -1 10235 10322 10323 -1 10235 10323 10236 -1 10236 10323 10324 -1 10236 10324 10237 -1 10237 10324 10325 -1 10237 10325 10238 -1 10238 10325 10326 -1 10238 10326 10239 -1 10239 10326 10327 -1 10239 10327 10240 -1 10240 10327 10328 -1 10240 10328 10241 -1 10241 10328 10329 -1 10241 10329 10242 -1 10242 10329 10330 -1 10242 10330 10243 -1 10243 10330 10331 -1 10243 10331 10244 -1 10244 10331 10332 -1 10244 10332 10245 -1 10245 10332 10333 -1 10245 10333 10246 -1 10246 10333 10334 -1 10246 10334 10247 -1 10247 10334 10335 -1 10247 10335 10248 -1 10248 10335 10336 -1 10248 10336 10249 -1 10249 10336 10337 -1 10249 10337 10250 -1 10250 10337 10338 -1 10250 10338 10251 -1 10251 10338 10339 -1 10251 10339 10252 -1 10252 10339 10340 -1 10252 10340 10253 -1 10253 10340 10341 -1 10253 10341 10254 -1 10254 10341 10342 -1 10254 10342 10255 -1 10255 10342 10343 -1 10255 10343 10256 -1 10256 10343 10344 -1 10256 10344 10257 -1 10257 10344 10345 -1 10257 10345 10258 -1 10258 10345 10346 -1 10258 10346 10259 -1 10259 10346 10347 -1 10259 10347 10260 -1 10260 10347 10348 -1 10260 10348 10261 -1 10261 10348 10349 -1 10261 10349 10262 -1 10262 10349 10350 -1 10262 10350 10263 -1 10263 10350 10351 -1 10263 10351 10264 -1 10264 10351 10352 -1 10264 10352 10265 -1 10265 10352 10353 -1 10265 10353 10266 -1 10266 10353 10354 -1 10266 10354 10267 -1 10267 10354 10355 -1 10267 10355 10268 -1 10268 10355 10356 -1 10268 10356 10269 -1 10269 10356 10357 -1 10269 10357 10270 -1 10270 10357 10358 -1 10270 10358 10271 -1 10271 10358 10359 -1 10271 10359 10272 -1 10272 10359 10360 -1 10272 10360 10273 -1 10273 10360 10361 -1 10273 10361 10274 -1 10274 10361 10362 -1 10274 10362 10275 -1 10275 10362 10363 -1 10275 10363 10276 -1 10276 10363 10364 -1 10276 10364 10277 -1 10277 10364 10365 -1 10277 10365 10278 -1 10278 10365 10366 -1 10278 10366 10279 -1 10279 10366 10367 -1 10279 10367 10280 -1 10280 10367 10368 -1 10280 10368 10281 -1 10281 10368 10369 -1 10281 10369 10282 -1 10282 10369 10370 -1 10282 10370 10283 -1 10283 10370 10371 -1 10283 10371 10284 -1 10284 10371 10372 -1 10284 10372 10285 -1 10285 10372 10373 -1 10285 10373 10286 -1 10286 10373 10374 -1 10286 10374 10287 -1 10287 10374 10375 -1 10287 10375 10288 -1 10288 10375 10376 -1 10288 10376 10289 -1 10289 10376 10377 -1 10289 10377 10290 -1 10290 10377 10378 -1 10290 10378 10291 -1 10291 10378 10379 -1 10291 10379 10292 -1 10292 10379 10380 -1 10292 10380 10293 -1 10293 10380 10381 -1 10293 10381 10294 -1 10294 10381 10382 -1 10294 10382 10295 -1 10295 10382 10383 -1 10295 10383 10296 -1 10296 10383 10384 -1 10296 10384 10297 -1 10297 10384 10385 -1 10297 10385 89 -1 10298 0 10386 -1 10298 10386 10299 -1 10299 10386 10387 -1 10299 10387 10300 -1 10300 10387 10388 -1 10300 10388 10301 -1 10301 10388 10389 -1 10301 10389 10302 -1 10302 10389 10390 -1 10302 10390 10303 -1 10303 10390 10391 -1 10303 10391 10304 -1 10304 10391 10392 -1 10304 10392 10305 -1 10305 10392 10393 -1 10305 10393 10306 -1 10306 10393 10394 -1 10306 10394 10307 -1 10307 10394 10395 -1 10307 10395 10308 -1 10308 10395 10396 -1 10308 10396 10309 -1 10309 10396 10397 -1 10309 10397 10310 -1 10310 10397 10398 -1 10310 10398 10311 -1 10311 10398 10399 -1 10311 10399 10312 -1 10312 10399 10400 -1 10312 10400 10313 -1 10313 10400 10401 -1 10313 10401 10314 -1 10314 10401 10402 -1 10314 10402 10315 -1 10315 10402 10403 -1 10315 10403 10316 -1 10316 10403 10404 -1 10316 10404 10317 -1 10317 10404 10405 -1 10317 10405 10318 -1 10318 10405 10406 -1 10318 10406 10319 -1 10319 10406 10407 -1 10319 10407 10320 -1 10320 10407 10408 -1 10320 10408 10321 -1 10321 10408 10409 -1 10321 10409 10322 -1 10322 10409 10410 -1 10322 10410 10323 -1 10323 10410 10411 -1 10323 10411 10324 -1 10324 10411 10412 -1 10324 10412 10325 -1 10325 10412 10413 -1 10325 10413 10326 -1 10326 10413 10414 -1 10326 10414 10327 -1 10327 10414 10415 -1 10327 10415 10328 -1 10328 10415 10416 -1 10328 10416 10329 -1 10329 10416 10417 -1 10329 10417 10330 -1 10330 10417 10418 -1 10330 10418 10331 -1 10331 10418 10419 -1 10331 10419 10332 -1 10332 10419 10420 -1 10332 10420 10333 -1 10333 10420 10421 -1 10333 10421 10334 -1 10334 10421 10422 -1 10334 10422 10335 -1 10335 10422 10423 -1 10335 10423 10336 -1 10336 10423 10424 -1 10336 10424 10337 -1 10337 10424 10425 -1 10337 10425 10338 -1 10338 10425 10426 -1 10338 10426 10339 -1 10339 10426 10427 -1 10339 10427 10340 -1 10340 10427 10428 -1 10340 10428 10341 -1 10341 10428 10429 -1 10341 10429 10342 -1 10342 10429 10430 -1 10342 10430 10343 -1 10343 10430 10431 -1 10343 10431 10344 -1 10344 10431 10432 -1 10344 10432 10345 -1 10345 10432 10433 -1 10345 10433 10346 -1 10346 10433 10434 -1 10346 10434 10347 -1 10347 10434 10435 -1 10347 10435 10348 -1 10348 10435 10436 -1 10348 10436 10349 -1 10349 10436 10437 -1 10349 10437 10350 -1 10350 10437 10438 -1 10350 10438 10351 -1 10351 10438 10439 -1 10351 10439 10352 -1 10352 10439 10440 -1 10352 10440 10353 -1 10353 10440 10441 -1 10353 10441 10354 -1 10354 10441 10442 -1 10354 10442 10355 -1 10355 10442 10443 -1 10355 10443 10356 -1 10356 10443 10444 -1 10356 10444 10357 -1 10357 10444 10445 -1 10357 10445 10358 -1 10358 10445 10446 -1 10358 10446 10359 -1 10359 10446 10447 -1 10359 10447 10360 -1 10360 10447 10448 -1 10360 10448 10361 -1 10361 10448 10449 -1 10361 10449 10362 -1 10362 10449 10450 -1 10362 10450 10363 -1 10363 10450 10451 -1 10363 10451 10364 -1 10364 10451 10452 -1 10364 10452 10365 -1 10365 10452 10453 -1 10365 10453 10366 -1 10366 10453 10454 -1 10366 10454 10367 -1 10367 10454 10455 -1 10367 10455 10368 -1 10368 10455 10456 -1 10368 10456 10369 -1 10369 10456 10457 -1 10369 10457 10370 -1 10370 10457 10458 -1 10370 10458 10371 -1 10371 10458 10459 -1 10371 10459 10372 -1 10372 10459 10460 -1 10372 10460 10373 -1 10373 10460 10461 -1 10373 10461 10374 -1 10374 10461 10462 -1 10374 10462 10375 -1 10375 10462 10463 -1 10375 10463 10376 -1 10376 10463 10464 -1 10376 10464 10377 -1 10377 10464 10465 -1 10377 10465 10378 -1 10378 10465 10466 -1 10378 10466 10379 -1 10379 10466 10467 -1 10379 10467 10380 -1 10380 10467 10468 -1 10380 10468 10381 -1 10381 10468 10469 -1 10381 10469 10382 -1 10382 10469 10470 -1 10382 10470 10383 -1 10383 10470 10471 -1 10383 10471 10384 -1 10384 10471 10472 -1 10384 10472 10385 -1 10385 10472 10473 -1 10385 10473 89 -1 10386 0 10474 -1 10386 10474 10387 -1 10387 10474 10475 -1 10387 10475 10388 -1 10388 10475 10476 -1 10388 10476 10389 -1 10389 10476 10477 -1 10389 10477 10390 -1 10390 10477 10478 -1 10390 10478 10391 -1 10391 10478 10479 -1 10391 10479 10392 -1 10392 10479 10480 -1 10392 10480 10393 -1 10393 10480 10481 -1 10393 10481 10394 -1 10394 10481 10482 -1 10394 10482 10395 -1 10395 10482 10483 -1 10395 10483 10396 -1 10396 10483 10484 -1 10396 10484 10397 -1 10397 10484 10485 -1 10397 10485 10398 -1 10398 10485 10486 -1 10398 10486 10399 -1 10399 10486 10487 -1 10399 10487 10400 -1 10400 10487 10488 -1 10400 10488 10401 -1 10401 10488 10489 -1 10401 10489 10402 -1 10402 10489 10490 -1 10402 10490 10403 -1 10403 10490 10491 -1 10403 10491 10404 -1 10404 10491 10492 -1 10404 10492 10405 -1 10405 10492 10493 -1 10405 10493 10406 -1 10406 10493 10494 -1 10406 10494 10407 -1 10407 10494 10495 -1 10407 10495 10408 -1 10408 10495 10496 -1 10408 10496 10409 -1 10409 10496 10497 -1 10409 10497 10410 -1 10410 10497 10498 -1 10410 10498 10411 -1 10411 10498 10499 -1 10411 10499 10412 -1 10412 10499 10500 -1 10412 10500 10413 -1 10413 10500 10501 -1 10413 10501 10414 -1 10414 10501 10502 -1 10414 10502 10415 -1 10415 10502 10503 -1 10415 10503 10416 -1 10416 10503 10504 -1 10416 10504 10417 -1 10417 10504 10505 -1 10417 10505 10418 -1 10418 10505 10506 -1 10418 10506 10419 -1 10419 10506 10507 -1 10419 10507 10420 -1 10420 10507 10508 -1 10420 10508 10421 -1 10421 10508 10509 -1 10421 10509 10422 -1 10422 10509 10510 -1 10422 10510 10423 -1 10423 10510 10511 -1 10423 10511 10424 -1 10424 10511 10512 -1 10424 10512 10425 -1 10425 10512 10513 -1 10425 10513 10426 -1 10426 10513 10514 -1 10426 10514 10427 -1 10427 10514 10515 -1 10427 10515 10428 -1 10428 10515 10516 -1 10428 10516 10429 -1 10429 10516 10517 -1 10429 10517 10430 -1 10430 10517 10518 -1 10430 10518 10431 -1 10431 10518 10519 -1 10431 10519 10432 -1 10432 10519 10520 -1 10432 10520 10433 -1 10433 10520 10521 -1 10433 10521 10434 -1 10434 10521 10522 -1 10434 10522 10435 -1 10435 10522 10523 -1 10435 10523 10436 -1 10436 10523 10524 -1 10436 10524 10437 -1 10437 10524 10525 -1 10437 10525 10438 -1 10438 10525 10526 -1 10438 10526 10439 -1 10439 10526 10527 -1 10439 10527 10440 -1 10440 10527 10528 -1 10440 10528 10441 -1 10441 10528 10529 -1 10441 10529 10442 -1 10442 10529 10530 -1 10442 10530 10443 -1 10443 10530 10531 -1 10443 10531 10444 -1 10444 10531 10532 -1 10444 10532 10445 -1 10445 10532 10533 -1 10445 10533 10446 -1 10446 10533 10534 -1 10446 10534 10447 -1 10447 10534 10535 -1 10447 10535 10448 -1 10448 10535 10536 -1 10448 10536 10449 -1 10449 10536 10537 -1 10449 10537 10450 -1 10450 10537 10538 -1 10450 10538 10451 -1 10451 10538 10539 -1 10451 10539 10452 -1 10452 10539 10540 -1 10452 10540 10453 -1 10453 10540 10541 -1 10453 10541 10454 -1 10454 10541 10542 -1 10454 10542 10455 -1 10455 10542 10543 -1 10455 10543 10456 -1 10456 10543 10544 -1 10456 10544 10457 -1 10457 10544 10545 -1 10457 10545 10458 -1 10458 10545 10546 -1 10458 10546 10459 -1 10459 10546 10547 -1 10459 10547 10460 -1 10460 10547 10548 -1 10460 10548 10461 -1 10461 10548 10549 -1 10461 10549 10462 -1 10462 10549 10550 -1 10462 10550 10463 -1 10463 10550 10551 -1 10463 10551 10464 -1 10464 10551 10552 -1 10464 10552 10465 -1 10465 10552 10553 -1 10465 10553 10466 -1 10466 10553 10554 -1 10466 10554 10467 -1 10467 10554 10555 -1 10467 10555 10468 -1 10468 10555 10556 -1 10468 10556 10469 -1 10469 10556 10557 -1 10469 10557 10470 -1 10470 10557 10558 -1 10470 10558 10471 -1 10471 10558 10559 -1 10471 10559 10472 -1 10472 10559 10560 -1 10472 10560 10473 -1 10473 10560 10561 -1 10473 10561 89 -1 10474 0 10562 -1 10474 10562 10475 -1 10475 10562 10563 -1 10475 10563 10476 -1 10476 10563 10564 -1 10476 10564 10477 -1 10477 10564 10565 -1 10477 10565 10478 -1 10478 10565 10566 -1 10478 10566 10479 -1 10479 10566 10567 -1 10479 10567 10480 -1 10480 10567 10568 -1 10480 10568 10481 -1 10481 10568 10569 -1 10481 10569 10482 -1 10482 10569 10570 -1 10482 10570 10483 -1 10483 10570 10571 -1 10483 10571 10484 -1 10484 10571 10572 -1 10484 10572 10485 -1 10485 10572 10573 -1 10485 10573 10486 -1 10486 10573 10574 -1 10486 10574 10487 -1 10487 10574 10575 -1 10487 10575 10488 -1 10488 10575 10576 -1 10488 10576 10489 -1 10489 10576 10577 -1 10489 10577 10490 -1 10490 10577 10578 -1 10490 10578 10491 -1 10491 10578 10579 -1 10491 10579 10492 -1 10492 10579 10580 -1 10492 10580 10493 -1 10493 10580 10581 -1 10493 10581 10494 -1 10494 10581 10582 -1 10494 10582 10495 -1 10495 10582 10583 -1 10495 10583 10496 -1 10496 10583 10584 -1 10496 10584 10497 -1 10497 10584 10585 -1 10497 10585 10498 -1 10498 10585 10586 -1 10498 10586 10499 -1 10499 10586 10587 -1 10499 10587 10500 -1 10500 10587 10588 -1 10500 10588 10501 -1 10501 10588 10589 -1 10501 10589 10502 -1 10502 10589 10590 -1 10502 10590 10503 -1 10503 10590 10591 -1 10503 10591 10504 -1 10504 10591 10592 -1 10504 10592 10505 -1 10505 10592 10593 -1 10505 10593 10506 -1 10506 10593 10594 -1 10506 10594 10507 -1 10507 10594 10595 -1 10507 10595 10508 -1 10508 10595 10596 -1 10508 10596 10509 -1 10509 10596 10597 -1 10509 10597 10510 -1 10510 10597 10598 -1 10510 10598 10511 -1 10511 10598 10599 -1 10511 10599 10512 -1 10512 10599 10600 -1 10512 10600 10513 -1 10513 10600 10601 -1 10513 10601 10514 -1 10514 10601 10602 -1 10514 10602 10515 -1 10515 10602 10603 -1 10515 10603 10516 -1 10516 10603 10604 -1 10516 10604 10517 -1 10517 10604 10605 -1 10517 10605 10518 -1 10518 10605 10606 -1 10518 10606 10519 -1 10519 10606 10607 -1 10519 10607 10520 -1 10520 10607 10608 -1 10520 10608 10521 -1 10521 10608 10609 -1 10521 10609 10522 -1 10522 10609 10610 -1 10522 10610 10523 -1 10523 10610 10611 -1 10523 10611 10524 -1 10524 10611 10612 -1 10524 10612 10525 -1 10525 10612 10613 -1 10525 10613 10526 -1 10526 10613 10614 -1 10526 10614 10527 -1 10527 10614 10615 -1 10527 10615 10528 -1 10528 10615 10616 -1 10528 10616 10529 -1 10529 10616 10617 -1 10529 10617 10530 -1 10530 10617 10618 -1 10530 10618 10531 -1 10531 10618 10619 -1 10531 10619 10532 -1 10532 10619 10620 -1 10532 10620 10533 -1 10533 10620 10621 -1 10533 10621 10534 -1 10534 10621 10622 -1 10534 10622 10535 -1 10535 10622 10623 -1 10535 10623 10536 -1 10536 10623 10624 -1 10536 10624 10537 -1 10537 10624 10625 -1 10537 10625 10538 -1 10538 10625 10626 -1 10538 10626 10539 -1 10539 10626 10627 -1 10539 10627 10540 -1 10540 10627 10628 -1 10540 10628 10541 -1 10541 10628 10629 -1 10541 10629 10542 -1 10542 10629 10630 -1 10542 10630 10543 -1 10543 10630 10631 -1 10543 10631 10544 -1 10544 10631 10632 -1 10544 10632 10545 -1 10545 10632 10633 -1 10545 10633 10546 -1 10546 10633 10634 -1 10546 10634 10547 -1 10547 10634 10635 -1 10547 10635 10548 -1 10548 10635 10636 -1 10548 10636 10549 -1 10549 10636 10637 -1 10549 10637 10550 -1 10550 10637 10638 -1 10550 10638 10551 -1 10551 10638 10639 -1 10551 10639 10552 -1 10552 10639 10640 -1 10552 10640 10553 -1 10553 10640 10641 -1 10553 10641 10554 -1 10554 10641 10642 -1 10554 10642 10555 -1 10555 10642 10643 -1 10555 10643 10556 -1 10556 10643 10644 -1 10556 10644 10557 -1 10557 10644 10645 -1 10557 10645 10558 -1 10558 10645 10646 -1 10558 10646 10559 -1 10559 10646 10647 -1 10559 10647 10560 -1 10560 10647 10648 -1 10560 10648 10561 -1 10561 10648 10649 -1 10561 10649 89 -1 10562 0 10650 -1 10562 10650 10563 -1 10563 10650 10651 -1 10563 10651 10564 -1 10564 10651 10652 -1 10564 10652 10565 -1 10565 10652 10653 -1 10565 10653 10566 -1 10566 10653 10654 -1 10566 10654 10567 -1 10567 10654 10655 -1 10567 10655 10568 -1 10568 10655 10656 -1 10568 10656 10569 -1 10569 10656 10657 -1 10569 10657 10570 -1 10570 10657 10658 -1 10570 10658 10571 -1 10571 10658 10659 -1 10571 10659 10572 -1 10572 10659 10660 -1 10572 10660 10573 -1 10573 10660 10661 -1 10573 10661 10574 -1 10574 10661 10662 -1 10574 10662 10575 -1 10575 10662 10663 -1 10575 10663 10576 -1 10576 10663 10664 -1 10576 10664 10577 -1 10577 10664 10665 -1 10577 10665 10578 -1 10578 10665 10666 -1 10578 10666 10579 -1 10579 10666 10667 -1 10579 10667 10580 -1 10580 10667 10668 -1 10580 10668 10581 -1 10581 10668 10669 -1 10581 10669 10582 -1 10582 10669 10670 -1 10582 10670 10583 -1 10583 10670 10671 -1 10583 10671 10584 -1 10584 10671 10672 -1 10584 10672 10585 -1 10585 10672 10673 -1 10585 10673 10586 -1 10586 10673 10674 -1 10586 10674 10587 -1 10587 10674 10675 -1 10587 10675 10588 -1 10588 10675 10676 -1 10588 10676 10589 -1 10589 10676 10677 -1 10589 10677 10590 -1 10590 10677 10678 -1 10590 10678 10591 -1 10591 10678 10679 -1 10591 10679 10592 -1 10592 10679 10680 -1 10592 10680 10593 -1 10593 10680 10681 -1 10593 10681 10594 -1 10594 10681 10682 -1 10594 10682 10595 -1 10595 10682 10683 -1 10595 10683 10596 -1 10596 10683 10684 -1 10596 10684 10597 -1 10597 10684 10685 -1 10597 10685 10598 -1 10598 10685 10686 -1 10598 10686 10599 -1 10599 10686 10687 -1 10599 10687 10600 -1 10600 10687 10688 -1 10600 10688 10601 -1 10601 10688 10689 -1 10601 10689 10602 -1 10602 10689 10690 -1 10602 10690 10603 -1 10603 10690 10691 -1 10603 10691 10604 -1 10604 10691 10692 -1 10604 10692 10605 -1 10605 10692 10693 -1 10605 10693 10606 -1 10606 10693 10694 -1 10606 10694 10607 -1 10607 10694 10695 -1 10607 10695 10608 -1 10608 10695 10696 -1 10608 10696 10609 -1 10609 10696 10697 -1 10609 10697 10610 -1 10610 10697 10698 -1 10610 10698 10611 -1 10611 10698 10699 -1 10611 10699 10612 -1 10612 10699 10700 -1 10612 10700 10613 -1 10613 10700 10701 -1 10613 10701 10614 -1 10614 10701 10702 -1 10614 10702 10615 -1 10615 10702 10703 -1 10615 10703 10616 -1 10616 10703 10704 -1 10616 10704 10617 -1 10617 10704 10705 -1 10617 10705 10618 -1 10618 10705 10706 -1 10618 10706 10619 -1 10619 10706 10707 -1 10619 10707 10620 -1 10620 10707 10708 -1 10620 10708 10621 -1 10621 10708 10709 -1 10621 10709 10622 -1 10622 10709 10710 -1 10622 10710 10623 -1 10623 10710 10711 -1 10623 10711 10624 -1 10624 10711 10712 -1 10624 10712 10625 -1 10625 10712 10713 -1 10625 10713 10626 -1 10626 10713 10714 -1 10626 10714 10627 -1 10627 10714 10715 -1 10627 10715 10628 -1 10628 10715 10716 -1 10628 10716 10629 -1 10629 10716 10717 -1 10629 10717 10630 -1 10630 10717 10718 -1 10630 10718 10631 -1 10631 10718 10719 -1 10631 10719 10632 -1 10632 10719 10720 -1 10632 10720 10633 -1 10633 10720 10721 -1 10633 10721 10634 -1 10634 10721 10722 -1 10634 10722 10635 -1 10635 10722 10723 -1 10635 10723 10636 -1 10636 10723 10724 -1 10636 10724 10637 -1 10637 10724 10725 -1 10637 10725 10638 -1 10638 10725 10726 -1 10638 10726 10639 -1 10639 10726 10727 -1 10639 10727 10640 -1 10640 10727 10728 -1 10640 10728 10641 -1 10641 10728 10729 -1 10641 10729 10642 -1 10642 10729 10730 -1 10642 10730 10643 -1 10643 10730 10731 -1 10643 10731 10644 -1 10644 10731 10732 -1 10644 10732 10645 -1 10645 10732 10733 -1 10645 10733 10646 -1 10646 10733 10734 -1 10646 10734 10647 -1 10647 10734 10735 -1 10647 10735 10648 -1 10648 10735 10736 -1 10648 10736 10649 -1 10649 10736 10737 -1 10649 10737 89 -1 10650 0 10738 -1 10650 10738 10651 -1 10651 10738 10739 -1 10651 10739 10652 -1 10652 10739 10740 -1 10652 10740 10653 -1 10653 10740 10741 -1 10653 10741 10654 -1 10654 10741 10742 -1 10654 10742 10655 -1 10655 10742 10743 -1 10655 10743 10656 -1 10656 10743 10744 -1 10656 10744 10657 -1 10657 10744 10745 -1 10657 10745 10658 -1 10658 10745 10746 -1 10658 10746 10659 -1 10659 10746 10747 -1 10659 10747 10660 -1 10660 10747 10748 -1 10660 10748 10661 -1 10661 10748 10749 -1 10661 10749 10662 -1 10662 10749 10750 -1 10662 10750 10663 -1 10663 10750 10751 -1 10663 10751 10664 -1 10664 10751 10752 -1 10664 10752 10665 -1 10665 10752 10753 -1 10665 10753 10666 -1 10666 10753 10754 -1 10666 10754 10667 -1 10667 10754 10755 -1 10667 10755 10668 -1 10668 10755 10756 -1 10668 10756 10669 -1 10669 10756 10757 -1 10669 10757 10670 -1 10670 10757 10758 -1 10670 10758 10671 -1 10671 10758 10759 -1 10671 10759 10672 -1 10672 10759 10760 -1 10672 10760 10673 -1 10673 10760 10761 -1 10673 10761 10674 -1 10674 10761 10762 -1 10674 10762 10675 -1 10675 10762 10763 -1 10675 10763 10676 -1 10676 10763 10764 -1 10676 10764 10677 -1 10677 10764 10765 -1 10677 10765 10678 -1 10678 10765 10766 -1 10678 10766 10679 -1 10679 10766 10767 -1 10679 10767 10680 -1 10680 10767 10768 -1 10680 10768 10681 -1 10681 10768 10769 -1 10681 10769 10682 -1 10682 10769 10770 -1 10682 10770 10683 -1 10683 10770 10771 -1 10683 10771 10684 -1 10684 10771 10772 -1 10684 10772 10685 -1 10685 10772 10773 -1 10685 10773 10686 -1 10686 10773 10774 -1 10686 10774 10687 -1 10687 10774 10775 -1 10687 10775 10688 -1 10688 10775 10776 -1 10688 10776 10689 -1 10689 10776 10777 -1 10689 10777 10690 -1 10690 10777 10778 -1 10690 10778 10691 -1 10691 10778 10779 -1 10691 10779 10692 -1 10692 10779 10780 -1 10692 10780 10693 -1 10693 10780 10781 -1 10693 10781 10694 -1 10694 10781 10782 -1 10694 10782 10695 -1 10695 10782 10783 -1 10695 10783 10696 -1 10696 10783 10784 -1 10696 10784 10697 -1 10697 10784 10785 -1 10697 10785 10698 -1 10698 10785 10786 -1 10698 10786 10699 -1 10699 10786 10787 -1 10699 10787 10700 -1 10700 10787 10788 -1 10700 10788 10701 -1 10701 10788 10789 -1 10701 10789 10702 -1 10702 10789 10790 -1 10702 10790 10703 -1 10703 10790 10791 -1 10703 10791 10704 -1 10704 10791 10792 -1 10704 10792 10705 -1 10705 10792 10793 -1 10705 10793 10706 -1 10706 10793 10794 -1 10706 10794 10707 -1 10707 10794 10795 -1 10707 10795 10708 -1 10708 10795 10796 -1 10708 10796 10709 -1 10709 10796 10797 -1 10709 10797 10710 -1 10710 10797 10798 -1 10710 10798 10711 -1 10711 10798 10799 -1 10711 10799 10712 -1 10712 10799 10800 -1 10712 10800 10713 -1 10713 10800 10801 -1 10713 10801 10714 -1 10714 10801 10802 -1 10714 10802 10715 -1 10715 10802 10803 -1 10715 10803 10716 -1 10716 10803 10804 -1 10716 10804 10717 -1 10717 10804 10805 -1 10717 10805 10718 -1 10718 10805 10806 -1 10718 10806 10719 -1 10719 10806 10807 -1 10719 10807 10720 -1 10720 10807 10808 -1 10720 10808 10721 -1 10721 10808 10809 -1 10721 10809 10722 -1 10722 10809 10810 -1 10722 10810 10723 -1 10723 10810 10811 -1 10723 10811 10724 -1 10724 10811 10812 -1 10724 10812 10725 -1 10725 10812 10813 -1 10725 10813 10726 -1 10726 10813 10814 -1 10726 10814 10727 -1 10727 10814 10815 -1 10727 10815 10728 -1 10728 10815 10816 -1 10728 10816 10729 -1 10729 10816 10817 -1 10729 10817 10730 -1 10730 10817 10818 -1 10730 10818 10731 -1 10731 10818 10819 -1 10731 10819 10732 -1 10732 10819 10820 -1 10732 10820 10733 -1 10733 10820 10821 -1 10733 10821 10734 -1 10734 10821 10822 -1 10734 10822 10735 -1 10735 10822 10823 -1 10735 10823 10736 -1 10736 10823 10824 -1 10736 10824 10737 -1 10737 10824 10825 -1 10737 10825 89 -1 10738 0 10826 -1 10738 10826 10739 -1 10739 10826 10827 -1 10739 10827 10740 -1 10740 10827 10828 -1 10740 10828 10741 -1 10741 10828 10829 -1 10741 10829 10742 -1 10742 10829 10830 -1 10742 10830 10743 -1 10743 10830 10831 -1 10743 10831 10744 -1 10744 10831 10832 -1 10744 10832 10745 -1 10745 10832 10833 -1 10745 10833 10746 -1 10746 10833 10834 -1 10746 10834 10747 -1 10747 10834 10835 -1 10747 10835 10748 -1 10748 10835 10836 -1 10748 10836 10749 -1 10749 10836 10837 -1 10749 10837 10750 -1 10750 10837 10838 -1 10750 10838 10751 -1 10751 10838 10839 -1 10751 10839 10752 -1 10752 10839 10840 -1 10752 10840 10753 -1 10753 10840 10841 -1 10753 10841 10754 -1 10754 10841 10842 -1 10754 10842 10755 -1 10755 10842 10843 -1 10755 10843 10756 -1 10756 10843 10844 -1 10756 10844 10757 -1 10757 10844 10845 -1 10757 10845 10758 -1 10758 10845 10846 -1 10758 10846 10759 -1 10759 10846 10847 -1 10759 10847 10760 -1 10760 10847 10848 -1 10760 10848 10761 -1 10761 10848 10849 -1 10761 10849 10762 -1 10762 10849 10850 -1 10762 10850 10763 -1 10763 10850 10851 -1 10763 10851 10764 -1 10764 10851 10852 -1 10764 10852 10765 -1 10765 10852 10853 -1 10765 10853 10766 -1 10766 10853 10854 -1 10766 10854 10767 -1 10767 10854 10855 -1 10767 10855 10768 -1 10768 10855 10856 -1 10768 10856 10769 -1 10769 10856 10857 -1 10769 10857 10770 -1 10770 10857 10858 -1 10770 10858 10771 -1 10771 10858 10859 -1 10771 10859 10772 -1 10772 10859 10860 -1 10772 10860 10773 -1 10773 10860 10861 -1 10773 10861 10774 -1 10774 10861 10862 -1 10774 10862 10775 -1 10775 10862 10863 -1 10775 10863 10776 -1 10776 10863 10864 -1 10776 10864 10777 -1 10777 10864 10865 -1 10777 10865 10778 -1 10778 10865 10866 -1 10778 10866 10779 -1 10779 10866 10867 -1 10779 10867 10780 -1 10780 10867 10868 -1 10780 10868 10781 -1 10781 10868 10869 -1 10781 10869 10782 -1 10782 10869 10870 -1 10782 10870 10783 -1 10783 10870 10871 -1 10783 10871 10784 -1 10784 10871 10872 -1 10784 10872 10785 -1 10785 10872 10873 -1 10785 10873 10786 -1 10786 10873 10874 -1 10786 10874 10787 -1 10787 10874 10875 -1 10787 10875 10788 -1 10788 10875 10876 -1 10788 10876 10789 -1 10789 10876 10877 -1 10789 10877 10790 -1 10790 10877 10878 -1 10790 10878 10791 -1 10791 10878 10879 -1 10791 10879 10792 -1 10792 10879 10880 -1 10792 10880 10793 -1 10793 10880 10881 -1 10793 10881 10794 -1 10794 10881 10882 -1 10794 10882 10795 -1 10795 10882 10883 -1 10795 10883 10796 -1 10796 10883 10884 -1 10796 10884 10797 -1 10797 10884 10885 -1 10797 10885 10798 -1 10798 10885 10886 -1 10798 10886 10799 -1 10799 10886 10887 -1 10799 10887 10800 -1 10800 10887 10888 -1 10800 10888 10801 -1 10801 10888 10889 -1 10801 10889 10802 -1 10802 10889 10890 -1 10802 10890 10803 -1 10803 10890 10891 -1 10803 10891 10804 -1 10804 10891 10892 -1 10804 10892 10805 -1 10805 10892 10893 -1 10805 10893 10806 -1 10806 10893 10894 -1 10806 10894 10807 -1 10807 10894 10895 -1 10807 10895 10808 -1 10808 10895 10896 -1 10808 10896 10809 -1 10809 10896 10897 -1 10809 10897 10810 -1 10810 10897 10898 -1 10810 10898 10811 -1 10811 10898 10899 -1 10811 10899 10812 -1 10812 10899 10900 -1 10812 10900 10813 -1 10813 10900 10901 -1 10813 10901 10814 -1 10814 10901 10902 -1 10814 10902 10815 -1 10815 10902 10903 -1 10815 10903 10816 -1 10816 10903 10904 -1 10816 10904 10817 -1 10817 10904 10905 -1 10817 10905 10818 -1 10818 10905 10906 -1 10818 10906 10819 -1 10819 10906 10907 -1 10819 10907 10820 -1 10820 10907 10908 -1 10820 10908 10821 -1 10821 10908 10909 -1 10821 10909 10822 -1 10822 10909 10910 -1 10822 10910 10823 -1 10823 10910 10911 -1 10823 10911 10824 -1 10824 10911 10912 -1 10824 10912 10825 -1 10825 10912 10913 -1 10825 10913 89 -1 10826 0 10914 -1 10826 10914 10827 -1 10827 10914 10915 -1 10827 10915 10828 -1 10828 10915 10916 -1 10828 10916 10829 -1 10829 10916 10917 -1 10829 10917 10830 -1 10830 10917 10918 -1 10830 10918 10831 -1 10831 10918 10919 -1 10831 10919 10832 -1 10832 10919 10920 -1 10832 10920 10833 -1 10833 10920 10921 -1 10833 10921 10834 -1 10834 10921 10922 -1 10834 10922 10835 -1 10835 10922 10923 -1 10835 10923 10836 -1 10836 10923 10924 -1 10836 10924 10837 -1 10837 10924 10925 -1 10837 10925 10838 -1 10838 10925 10926 -1 10838 10926 10839 -1 10839 10926 10927 -1 10839 10927 10840 -1 10840 10927 10928 -1 10840 10928 10841 -1 10841 10928 10929 -1 10841 10929 10842 -1 10842 10929 10930 -1 10842 10930 10843 -1 10843 10930 10931 -1 10843 10931 10844 -1 10844 10931 10932 -1 10844 10932 10845 -1 10845 10932 10933 -1 10845 10933 10846 -1 10846 10933 10934 -1 10846 10934 10847 -1 10847 10934 10935 -1 10847 10935 10848 -1 10848 10935 10936 -1 10848 10936 10849 -1 10849 10936 10937 -1 10849 10937 10850 -1 10850 10937 10938 -1 10850 10938 10851 -1 10851 10938 10939 -1 10851 10939 10852 -1 10852 10939 10940 -1 10852 10940 10853 -1 10853 10940 10941 -1 10853 10941 10854 -1 10854 10941 10942 -1 10854 10942 10855 -1 10855 10942 10943 -1 10855 10943 10856 -1 10856 10943 10944 -1 10856 10944 10857 -1 10857 10944 10945 -1 10857 10945 10858 -1 10858 10945 10946 -1 10858 10946 10859 -1 10859 10946 10947 -1 10859 10947 10860 -1 10860 10947 10948 -1 10860 10948 10861 -1 10861 10948 10949 -1 10861 10949 10862 -1 10862 10949 10950 -1 10862 10950 10863 -1 10863 10950 10951 -1 10863 10951 10864 -1 10864 10951 10952 -1 10864 10952 10865 -1 10865 10952 10953 -1 10865 10953 10866 -1 10866 10953 10954 -1 10866 10954 10867 -1 10867 10954 10955 -1 10867 10955 10868 -1 10868 10955 10956 -1 10868 10956 10869 -1 10869 10956 10957 -1 10869 10957 10870 -1 10870 10957 10958 -1 10870 10958 10871 -1 10871 10958 10959 -1 10871 10959 10872 -1 10872 10959 10960 -1 10872 10960 10873 -1 10873 10960 10961 -1 10873 10961 10874 -1 10874 10961 10962 -1 10874 10962 10875 -1 10875 10962 10963 -1 10875 10963 10876 -1 10876 10963 10964 -1 10876 10964 10877 -1 10877 10964 10965 -1 10877 10965 10878 -1 10878 10965 10966 -1 10878 10966 10879 -1 10879 10966 10967 -1 10879 10967 10880 -1 10880 10967 10968 -1 10880 10968 10881 -1 10881 10968 10969 -1 10881 10969 10882 -1 10882 10969 10970 -1 10882 10970 10883 -1 10883 10970 10971 -1 10883 10971 10884 -1 10884 10971 10972 -1 10884 10972 10885 -1 10885 10972 10973 -1 10885 10973 10886 -1 10886 10973 10974 -1 10886 10974 10887 -1 10887 10974 10975 -1 10887 10975 10888 -1 10888 10975 10976 -1 10888 10976 10889 -1 10889 10976 10977 -1 10889 10977 10890 -1 10890 10977 10978 -1 10890 10978 10891 -1 10891 10978 10979 -1 10891 10979 10892 -1 10892 10979 10980 -1 10892 10980 10893 -1 10893 10980 10981 -1 10893 10981 10894 -1 10894 10981 10982 -1 10894 10982 10895 -1 10895 10982 10983 -1 10895 10983 10896 -1 10896 10983 10984 -1 10896 10984 10897 -1 10897 10984 10985 -1 10897 10985 10898 -1 10898 10985 10986 -1 10898 10986 10899 -1 10899 10986 10987 -1 10899 10987 10900 -1 10900 10987 10988 -1 10900 10988 10901 -1 10901 10988 10989 -1 10901 10989 10902 -1 10902 10989 10990 -1 10902 10990 10903 -1 10903 10990 10991 -1 10903 10991 10904 -1 10904 10991 10992 -1 10904 10992 10905 -1 10905 10992 10993 -1 10905 10993 10906 -1 10906 10993 10994 -1 10906 10994 10907 -1 10907 10994 10995 -1 10907 10995 10908 -1 10908 10995 10996 -1 10908 10996 10909 -1 10909 10996 10997 -1 10909 10997 10910 -1 10910 10997 10998 -1 10910 10998 10911 -1 10911 10998 10999 -1 10911 10999 10912 -1 10912 10999 11000 -1 10912 11000 10913 -1 10913 11000 11001 -1 10913 11001 89 -1 10914 0 11002 -1 10914 11002 10915 -1 10915 11002 11003 -1 10915 11003 10916 -1 10916 11003 11004 -1 10916 11004 10917 -1 10917 11004 11005 -1 10917 11005 10918 -1 10918 11005 11006 -1 10918 11006 10919 -1 10919 11006 11007 -1 10919 11007 10920 -1 10920 11007 11008 -1 10920 11008 10921 -1 10921 11008 11009 -1 10921 11009 10922 -1 10922 11009 11010 -1 10922 11010 10923 -1 10923 11010 11011 -1 10923 11011 10924 -1 10924 11011 11012 -1 10924 11012 10925 -1 10925 11012 11013 -1 10925 11013 10926 -1 10926 11013 11014 -1 10926 11014 10927 -1 10927 11014 11015 -1 10927 11015 10928 -1 10928 11015 11016 -1 10928 11016 10929 -1 10929 11016 11017 -1 10929 11017 10930 -1 10930 11017 11018 -1 10930 11018 10931 -1 10931 11018 11019 -1 10931 11019 10932 -1 10932 11019 11020 -1 10932 11020 10933 -1 10933 11020 11021 -1 10933 11021 10934 -1 10934 11021 11022 -1 10934 11022 10935 -1 10935 11022 11023 -1 10935 11023 10936 -1 10936 11023 11024 -1 10936 11024 10937 -1 10937 11024 11025 -1 10937 11025 10938 -1 10938 11025 11026 -1 10938 11026 10939 -1 10939 11026 11027 -1 10939 11027 10940 -1 10940 11027 11028 -1 10940 11028 10941 -1 10941 11028 11029 -1 10941 11029 10942 -1 10942 11029 11030 -1 10942 11030 10943 -1 10943 11030 11031 -1 10943 11031 10944 -1 10944 11031 11032 -1 10944 11032 10945 -1 10945 11032 11033 -1 10945 11033 10946 -1 10946 11033 11034 -1 10946 11034 10947 -1 10947 11034 11035 -1 10947 11035 10948 -1 10948 11035 11036 -1 10948 11036 10949 -1 10949 11036 11037 -1 10949 11037 10950 -1 10950 11037 11038 -1 10950 11038 10951 -1 10951 11038 11039 -1 10951 11039 10952 -1 10952 11039 11040 -1 10952 11040 10953 -1 10953 11040 11041 -1 10953 11041 10954 -1 10954 11041 11042 -1 10954 11042 10955 -1 10955 11042 11043 -1 10955 11043 10956 -1 10956 11043 11044 -1 10956 11044 10957 -1 10957 11044 11045 -1 10957 11045 10958 -1 10958 11045 11046 -1 10958 11046 10959 -1 10959 11046 11047 -1 10959 11047 10960 -1 10960 11047 11048 -1 10960 11048 10961 -1 10961 11048 11049 -1 10961 11049 10962 -1 10962 11049 11050 -1 10962 11050 10963 -1 10963 11050 11051 -1 10963 11051 10964 -1 10964 11051 11052 -1 10964 11052 10965 -1 10965 11052 11053 -1 10965 11053 10966 -1 10966 11053 11054 -1 10966 11054 10967 -1 10967 11054 11055 -1 10967 11055 10968 -1 10968 11055 11056 -1 10968 11056 10969 -1 10969 11056 11057 -1 10969 11057 10970 -1 10970 11057 11058 -1 10970 11058 10971 -1 10971 11058 11059 -1 10971 11059 10972 -1 10972 11059 11060 -1 10972 11060 10973 -1 10973 11060 11061 -1 10973 11061 10974 -1 10974 11061 11062 -1 10974 11062 10975 -1 10975 11062 11063 -1 10975 11063 10976 -1 10976 11063 11064 -1 10976 11064 10977 -1 10977 11064 11065 -1 10977 11065 10978 -1 10978 11065 11066 -1 10978 11066 10979 -1 10979 11066 11067 -1 10979 11067 10980 -1 10980 11067 11068 -1 10980 11068 10981 -1 10981 11068 11069 -1 10981 11069 10982 -1 10982 11069 11070 -1 10982 11070 10983 -1 10983 11070 11071 -1 10983 11071 10984 -1 10984 11071 11072 -1 10984 11072 10985 -1 10985 11072 11073 -1 10985 11073 10986 -1 10986 11073 11074 -1 10986 11074 10987 -1 10987 11074 11075 -1 10987 11075 10988 -1 10988 11075 11076 -1 10988 11076 10989 -1 10989 11076 11077 -1 10989 11077 10990 -1 10990 11077 11078 -1 10990 11078 10991 -1 10991 11078 11079 -1 10991 11079 10992 -1 10992 11079 11080 -1 10992 11080 10993 -1 10993 11080 11081 -1 10993 11081 10994 -1 10994 11081 11082 -1 10994 11082 10995 -1 10995 11082 11083 -1 10995 11083 10996 -1 10996 11083 11084 -1 10996 11084 10997 -1 10997 11084 11085 -1 10997 11085 10998 -1 10998 11085 11086 -1 10998 11086 10999 -1 10999 11086 11087 -1 10999 11087 11000 -1 11000 11087 11088 -1 11000 11088 11001 -1 11001 11088 11089 -1 11001 11089 89 -1 11002 0 11090 -1 11002 11090 11003 -1 11003 11090 11091 -1 11003 11091 11004 -1 11004 11091 11092 -1 11004 11092 11005 -1 11005 11092 11093 -1 11005 11093 11006 -1 11006 11093 11094 -1 11006 11094 11007 -1 11007 11094 11095 -1 11007 11095 11008 -1 11008 11095 11096 -1 11008 11096 11009 -1 11009 11096 11097 -1 11009 11097 11010 -1 11010 11097 11098 -1 11010 11098 11011 -1 11011 11098 11099 -1 11011 11099 11012 -1 11012 11099 11100 -1 11012 11100 11013 -1 11013 11100 11101 -1 11013 11101 11014 -1 11014 11101 11102 -1 11014 11102 11015 -1 11015 11102 11103 -1 11015 11103 11016 -1 11016 11103 11104 -1 11016 11104 11017 -1 11017 11104 11105 -1 11017 11105 11018 -1 11018 11105 11106 -1 11018 11106 11019 -1 11019 11106 11107 -1 11019 11107 11020 -1 11020 11107 11108 -1 11020 11108 11021 -1 11021 11108 11109 -1 11021 11109 11022 -1 11022 11109 11110 -1 11022 11110 11023 -1 11023 11110 11111 -1 11023 11111 11024 -1 11024 11111 11112 -1 11024 11112 11025 -1 11025 11112 11113 -1 11025 11113 11026 -1 11026 11113 11114 -1 11026 11114 11027 -1 11027 11114 11115 -1 11027 11115 11028 -1 11028 11115 11116 -1 11028 11116 11029 -1 11029 11116 11117 -1 11029 11117 11030 -1 11030 11117 11118 -1 11030 11118 11031 -1 11031 11118 11119 -1 11031 11119 11032 -1 11032 11119 11120 -1 11032 11120 11033 -1 11033 11120 11121 -1 11033 11121 11034 -1 11034 11121 11122 -1 11034 11122 11035 -1 11035 11122 11123 -1 11035 11123 11036 -1 11036 11123 11124 -1 11036 11124 11037 -1 11037 11124 11125 -1 11037 11125 11038 -1 11038 11125 11126 -1 11038 11126 11039 -1 11039 11126 11127 -1 11039 11127 11040 -1 11040 11127 11128 -1 11040 11128 11041 -1 11041 11128 11129 -1 11041 11129 11042 -1 11042 11129 11130 -1 11042 11130 11043 -1 11043 11130 11131 -1 11043 11131 11044 -1 11044 11131 11132 -1 11044 11132 11045 -1 11045 11132 11133 -1 11045 11133 11046 -1 11046 11133 11134 -1 11046 11134 11047 -1 11047 11134 11135 -1 11047 11135 11048 -1 11048 11135 11136 -1 11048 11136 11049 -1 11049 11136 11137 -1 11049 11137 11050 -1 11050 11137 11138 -1 11050 11138 11051 -1 11051 11138 11139 -1 11051 11139 11052 -1 11052 11139 11140 -1 11052 11140 11053 -1 11053 11140 11141 -1 11053 11141 11054 -1 11054 11141 11142 -1 11054 11142 11055 -1 11055 11142 11143 -1 11055 11143 11056 -1 11056 11143 11144 -1 11056 11144 11057 -1 11057 11144 11145 -1 11057 11145 11058 -1 11058 11145 11146 -1 11058 11146 11059 -1 11059 11146 11147 -1 11059 11147 11060 -1 11060 11147 11148 -1 11060 11148 11061 -1 11061 11148 11149 -1 11061 11149 11062 -1 11062 11149 11150 -1 11062 11150 11063 -1 11063 11150 11151 -1 11063 11151 11064 -1 11064 11151 11152 -1 11064 11152 11065 -1 11065 11152 11153 -1 11065 11153 11066 -1 11066 11153 11154 -1 11066 11154 11067 -1 11067 11154 11155 -1 11067 11155 11068 -1 11068 11155 11156 -1 11068 11156 11069 -1 11069 11156 11157 -1 11069 11157 11070 -1 11070 11157 11158 -1 11070 11158 11071 -1 11071 11158 11159 -1 11071 11159 11072 -1 11072 11159 11160 -1 11072 11160 11073 -1 11073 11160 11161 -1 11073 11161 11074 -1 11074 11161 11162 -1 11074 11162 11075 -1 11075 11162 11163 -1 11075 11163 11076 -1 11076 11163 11164 -1 11076 11164 11077 -1 11077 11164 11165 -1 11077 11165 11078 -1 11078 11165 11166 -1 11078 11166 11079 -1 11079 11166 11167 -1 11079 11167 11080 -1 11080 11167 11168 -1 11080 11168 11081 -1 11081 11168 11169 -1 11081 11169 11082 -1 11082 11169 11170 -1 11082 11170 11083 -1 11083 11170 11171 -1 11083 11171 11084 -1 11084 11171 11172 -1 11084 11172 11085 -1 11085 11172 11173 -1 11085 11173 11086 -1 11086 11173 11174 -1 11086 11174 11087 -1 11087 11174 11175 -1 11087 11175 11088 -1 11088 11175 11176 -1 11088 11176 11089 -1 11089 11176 11177 -1 11089 11177 89 -1 11090 0 11178 -1 11090 11178 11091 -1 11091 11178 11179 -1 11091 11179 11092 -1 11092 11179 11180 -1 11092 11180 11093 -1 11093 11180 11181 -1 11093 11181 11094 -1 11094 11181 11182 -1 11094 11182 11095 -1 11095 11182 11183 -1 11095 11183 11096 -1 11096 11183 11184 -1 11096 11184 11097 -1 11097 11184 11185 -1 11097 11185 11098 -1 11098 11185 11186 -1 11098 11186 11099 -1 11099 11186 11187 -1 11099 11187 11100 -1 11100 11187 11188 -1 11100 11188 11101 -1 11101 11188 11189 -1 11101 11189 11102 -1 11102 11189 11190 -1 11102 11190 11103 -1 11103 11190 11191 -1 11103 11191 11104 -1 11104 11191 11192 -1 11104 11192 11105 -1 11105 11192 11193 -1 11105 11193 11106 -1 11106 11193 11194 -1 11106 11194 11107 -1 11107 11194 11195 -1 11107 11195 11108 -1 11108 11195 11196 -1 11108 11196 11109 -1 11109 11196 11197 -1 11109 11197 11110 -1 11110 11197 11198 -1 11110 11198 11111 -1 11111 11198 11199 -1 11111 11199 11112 -1 11112 11199 11200 -1 11112 11200 11113 -1 11113 11200 11201 -1 11113 11201 11114 -1 11114 11201 11202 -1 11114 11202 11115 -1 11115 11202 11203 -1 11115 11203 11116 -1 11116 11203 11204 -1 11116 11204 11117 -1 11117 11204 11205 -1 11117 11205 11118 -1 11118 11205 11206 -1 11118 11206 11119 -1 11119 11206 11207 -1 11119 11207 11120 -1 11120 11207 11208 -1 11120 11208 11121 -1 11121 11208 11209 -1 11121 11209 11122 -1 11122 11209 11210 -1 11122 11210 11123 -1 11123 11210 11211 -1 11123 11211 11124 -1 11124 11211 11212 -1 11124 11212 11125 -1 11125 11212 11213 -1 11125 11213 11126 -1 11126 11213 11214 -1 11126 11214 11127 -1 11127 11214 11215 -1 11127 11215 11128 -1 11128 11215 11216 -1 11128 11216 11129 -1 11129 11216 11217 -1 11129 11217 11130 -1 11130 11217 11218 -1 11130 11218 11131 -1 11131 11218 11219 -1 11131 11219 11132 -1 11132 11219 11220 -1 11132 11220 11133 -1 11133 11220 11221 -1 11133 11221 11134 -1 11134 11221 11222 -1 11134 11222 11135 -1 11135 11222 11223 -1 11135 11223 11136 -1 11136 11223 11224 -1 11136 11224 11137 -1 11137 11224 11225 -1 11137 11225 11138 -1 11138 11225 11226 -1 11138 11226 11139 -1 11139 11226 11227 -1 11139 11227 11140 -1 11140 11227 11228 -1 11140 11228 11141 -1 11141 11228 11229 -1 11141 11229 11142 -1 11142 11229 11230 -1 11142 11230 11143 -1 11143 11230 11231 -1 11143 11231 11144 -1 11144 11231 11232 -1 11144 11232 11145 -1 11145 11232 11233 -1 11145 11233 11146 -1 11146 11233 11234 -1 11146 11234 11147 -1 11147 11234 11235 -1 11147 11235 11148 -1 11148 11235 11236 -1 11148 11236 11149 -1 11149 11236 11237 -1 11149 11237 11150 -1 11150 11237 11238 -1 11150 11238 11151 -1 11151 11238 11239 -1 11151 11239 11152 -1 11152 11239 11240 -1 11152 11240 11153 -1 11153 11240 11241 -1 11153 11241 11154 -1 11154 11241 11242 -1 11154 11242 11155 -1 11155 11242 11243 -1 11155 11243 11156 -1 11156 11243 11244 -1 11156 11244 11157 -1 11157 11244 11245 -1 11157 11245 11158 -1 11158 11245 11246 -1 11158 11246 11159 -1 11159 11246 11247 -1 11159 11247 11160 -1 11160 11247 11248 -1 11160 11248 11161 -1 11161 11248 11249 -1 11161 11249 11162 -1 11162 11249 11250 -1 11162 11250 11163 -1 11163 11250 11251 -1 11163 11251 11164 -1 11164 11251 11252 -1 11164 11252 11165 -1 11165 11252 11253 -1 11165 11253 11166 -1 11166 11253 11254 -1 11166 11254 11167 -1 11167 11254 11255 -1 11167 11255 11168 -1 11168 11255 11256 -1 11168 11256 11169 -1 11169 11256 11257 -1 11169 11257 11170 -1 11170 11257 11258 -1 11170 11258 11171 -1 11171 11258 11259 -1 11171 11259 11172 -1 11172 11259 11260 -1 11172 11260 11173 -1 11173 11260 11261 -1 11173 11261 11174 -1 11174 11261 11262 -1 11174 11262 11175 -1 11175 11262 11263 -1 11175 11263 11176 -1 11176 11263 11264 -1 11176 11264 11177 -1 11177 11264 11265 -1 11177 11265 89 -1 11178 0 11266 -1 11178 11266 11179 -1 11179 11266 11267 -1 11179 11267 11180 -1 11180 11267 11268 -1 11180 11268 11181 -1 11181 11268 11269 -1 11181 11269 11182 -1 11182 11269 11270 -1 11182 11270 11183 -1 11183 11270 11271 -1 11183 11271 11184 -1 11184 11271 11272 -1 11184 11272 11185 -1 11185 11272 11273 -1 11185 11273 11186 -1 11186 11273 11274 -1 11186 11274 11187 -1 11187 11274 11275 -1 11187 11275 11188 -1 11188 11275 11276 -1 11188 11276 11189 -1 11189 11276 11277 -1 11189 11277 11190 -1 11190 11277 11278 -1 11190 11278 11191 -1 11191 11278 11279 -1 11191 11279 11192 -1 11192 11279 11280 -1 11192 11280 11193 -1 11193 11280 11281 -1 11193 11281 11194 -1 11194 11281 11282 -1 11194 11282 11195 -1 11195 11282 11283 -1 11195 11283 11196 -1 11196 11283 11284 -1 11196 11284 11197 -1 11197 11284 11285 -1 11197 11285 11198 -1 11198 11285 11286 -1 11198 11286 11199 -1 11199 11286 11287 -1 11199 11287 11200 -1 11200 11287 11288 -1 11200 11288 11201 -1 11201 11288 11289 -1 11201 11289 11202 -1 11202 11289 11290 -1 11202 11290 11203 -1 11203 11290 11291 -1 11203 11291 11204 -1 11204 11291 11292 -1 11204 11292 11205 -1 11205 11292 11293 -1 11205 11293 11206 -1 11206 11293 11294 -1 11206 11294 11207 -1 11207 11294 11295 -1 11207 11295 11208 -1 11208 11295 11296 -1 11208 11296 11209 -1 11209 11296 11297 -1 11209 11297 11210 -1 11210 11297 11298 -1 11210 11298 11211 -1 11211 11298 11299 -1 11211 11299 11212 -1 11212 11299 11300 -1 11212 11300 11213 -1 11213 11300 11301 -1 11213 11301 11214 -1 11214 11301 11302 -1 11214 11302 11215 -1 11215 11302 11303 -1 11215 11303 11216 -1 11216 11303 11304 -1 11216 11304 11217 -1 11217 11304 11305 -1 11217 11305 11218 -1 11218 11305 11306 -1 11218 11306 11219 -1 11219 11306 11307 -1 11219 11307 11220 -1 11220 11307 11308 -1 11220 11308 11221 -1 11221 11308 11309 -1 11221 11309 11222 -1 11222 11309 11310 -1 11222 11310 11223 -1 11223 11310 11311 -1 11223 11311 11224 -1 11224 11311 11312 -1 11224 11312 11225 -1 11225 11312 11313 -1 11225 11313 11226 -1 11226 11313 11314 -1 11226 11314 11227 -1 11227 11314 11315 -1 11227 11315 11228 -1 11228 11315 11316 -1 11228 11316 11229 -1 11229 11316 11317 -1 11229 11317 11230 -1 11230 11317 11318 -1 11230 11318 11231 -1 11231 11318 11319 -1 11231 11319 11232 -1 11232 11319 11320 -1 11232 11320 11233 -1 11233 11320 11321 -1 11233 11321 11234 -1 11234 11321 11322 -1 11234 11322 11235 -1 11235 11322 11323 -1 11235 11323 11236 -1 11236 11323 11324 -1 11236 11324 11237 -1 11237 11324 11325 -1 11237 11325 11238 -1 11238 11325 11326 -1 11238 11326 11239 -1 11239 11326 11327 -1 11239 11327 11240 -1 11240 11327 11328 -1 11240 11328 11241 -1 11241 11328 11329 -1 11241 11329 11242 -1 11242 11329 11330 -1 11242 11330 11243 -1 11243 11330 11331 -1 11243 11331 11244 -1 11244 11331 11332 -1 11244 11332 11245 -1 11245 11332 11333 -1 11245 11333 11246 -1 11246 11333 11334 -1 11246 11334 11247 -1 11247 11334 11335 -1 11247 11335 11248 -1 11248 11335 11336 -1 11248 11336 11249 -1 11249 11336 11337 -1 11249 11337 11250 -1 11250 11337 11338 -1 11250 11338 11251 -1 11251 11338 11339 -1 11251 11339 11252 -1 11252 11339 11340 -1 11252 11340 11253 -1 11253 11340 11341 -1 11253 11341 11254 -1 11254 11341 11342 -1 11254 11342 11255 -1 11255 11342 11343 -1 11255 11343 11256 -1 11256 11343 11344 -1 11256 11344 11257 -1 11257 11344 11345 -1 11257 11345 11258 -1 11258 11345 11346 -1 11258 11346 11259 -1 11259 11346 11347 -1 11259 11347 11260 -1 11260 11347 11348 -1 11260 11348 11261 -1 11261 11348 11349 -1 11261 11349 11262 -1 11262 11349 11350 -1 11262 11350 11263 -1 11263 11350 11351 -1 11263 11351 11264 -1 11264 11351 11352 -1 11264 11352 11265 -1 11265 11352 11353 -1 11265 11353 89 -1 11266 0 11354 -1 11266 11354 11267 -1 11267 11354 11355 -1 11267 11355 11268 -1 11268 11355 11356 -1 11268 11356 11269 -1 11269 11356 11357 -1 11269 11357 11270 -1 11270 11357 11358 -1 11270 11358 11271 -1 11271 11358 11359 -1 11271 11359 11272 -1 11272 11359 11360 -1 11272 11360 11273 -1 11273 11360 11361 -1 11273 11361 11274 -1 11274 11361 11362 -1 11274 11362 11275 -1 11275 11362 11363 -1 11275 11363 11276 -1 11276 11363 11364 -1 11276 11364 11277 -1 11277 11364 11365 -1 11277 11365 11278 -1 11278 11365 11366 -1 11278 11366 11279 -1 11279 11366 11367 -1 11279 11367 11280 -1 11280 11367 11368 -1 11280 11368 11281 -1 11281 11368 11369 -1 11281 11369 11282 -1 11282 11369 11370 -1 11282 11370 11283 -1 11283 11370 11371 -1 11283 11371 11284 -1 11284 11371 11372 -1 11284 11372 11285 -1 11285 11372 11373 -1 11285 11373 11286 -1 11286 11373 11374 -1 11286 11374 11287 -1 11287 11374 11375 -1 11287 11375 11288 -1 11288 11375 11376 -1 11288 11376 11289 -1 11289 11376 11377 -1 11289 11377 11290 -1 11290 11377 11378 -1 11290 11378 11291 -1 11291 11378 11379 -1 11291 11379 11292 -1 11292 11379 11380 -1 11292 11380 11293 -1 11293 11380 11381 -1 11293 11381 11294 -1 11294 11381 11382 -1 11294 11382 11295 -1 11295 11382 11383 -1 11295 11383 11296 -1 11296 11383 11384 -1 11296 11384 11297 -1 11297 11384 11385 -1 11297 11385 11298 -1 11298 11385 11386 -1 11298 11386 11299 -1 11299 11386 11387 -1 11299 11387 11300 -1 11300 11387 11388 -1 11300 11388 11301 -1 11301 11388 11389 -1 11301 11389 11302 -1 11302 11389 11390 -1 11302 11390 11303 -1 11303 11390 11391 -1 11303 11391 11304 -1 11304 11391 11392 -1 11304 11392 11305 -1 11305 11392 11393 -1 11305 11393 11306 -1 11306 11393 11394 -1 11306 11394 11307 -1 11307 11394 11395 -1 11307 11395 11308 -1 11308 11395 11396 -1 11308 11396 11309 -1 11309 11396 11397 -1 11309 11397 11310 -1 11310 11397 11398 -1 11310 11398 11311 -1 11311 11398 11399 -1 11311 11399 11312 -1 11312 11399 11400 -1 11312 11400 11313 -1 11313 11400 11401 -1 11313 11401 11314 -1 11314 11401 11402 -1 11314 11402 11315 -1 11315 11402 11403 -1 11315 11403 11316 -1 11316 11403 11404 -1 11316 11404 11317 -1 11317 11404 11405 -1 11317 11405 11318 -1 11318 11405 11406 -1 11318 11406 11319 -1 11319 11406 11407 -1 11319 11407 11320 -1 11320 11407 11408 -1 11320 11408 11321 -1 11321 11408 11409 -1 11321 11409 11322 -1 11322 11409 11410 -1 11322 11410 11323 -1 11323 11410 11411 -1 11323 11411 11324 -1 11324 11411 11412 -1 11324 11412 11325 -1 11325 11412 11413 -1 11325 11413 11326 -1 11326 11413 11414 -1 11326 11414 11327 -1 11327 11414 11415 -1 11327 11415 11328 -1 11328 11415 11416 -1 11328 11416 11329 -1 11329 11416 11417 -1 11329 11417 11330 -1 11330 11417 11418 -1 11330 11418 11331 -1 11331 11418 11419 -1 11331 11419 11332 -1 11332 11419 11420 -1 11332 11420 11333 -1 11333 11420 11421 -1 11333 11421 11334 -1 11334 11421 11422 -1 11334 11422 11335 -1 11335 11422 11423 -1 11335 11423 11336 -1 11336 11423 11424 -1 11336 11424 11337 -1 11337 11424 11425 -1 11337 11425 11338 -1 11338 11425 11426 -1 11338 11426 11339 -1 11339 11426 11427 -1 11339 11427 11340 -1 11340 11427 11428 -1 11340 11428 11341 -1 11341 11428 11429 -1 11341 11429 11342 -1 11342 11429 11430 -1 11342 11430 11343 -1 11343 11430 11431 -1 11343 11431 11344 -1 11344 11431 11432 -1 11344 11432 11345 -1 11345 11432 11433 -1 11345 11433 11346 -1 11346 11433 11434 -1 11346 11434 11347 -1 11347 11434 11435 -1 11347 11435 11348 -1 11348 11435 11436 -1 11348 11436 11349 -1 11349 11436 11437 -1 11349 11437 11350 -1 11350 11437 11438 -1 11350 11438 11351 -1 11351 11438 11439 -1 11351 11439 11352 -1 11352 11439 11440 -1 11352 11440 11353 -1 11353 11440 11441 -1 11353 11441 89 -1 11354 0 11442 -1 11354 11442 11355 -1 11355 11442 11443 -1 11355 11443 11356 -1 11356 11443 11444 -1 11356 11444 11357 -1 11357 11444 11445 -1 11357 11445 11358 -1 11358 11445 11446 -1 11358 11446 11359 -1 11359 11446 11447 -1 11359 11447 11360 -1 11360 11447 11448 -1 11360 11448 11361 -1 11361 11448 11449 -1 11361 11449 11362 -1 11362 11449 11450 -1 11362 11450 11363 -1 11363 11450 11451 -1 11363 11451 11364 -1 11364 11451 11452 -1 11364 11452 11365 -1 11365 11452 11453 -1 11365 11453 11366 -1 11366 11453 11454 -1 11366 11454 11367 -1 11367 11454 11455 -1 11367 11455 11368 -1 11368 11455 11456 -1 11368 11456 11369 -1 11369 11456 11457 -1 11369 11457 11370 -1 11370 11457 11458 -1 11370 11458 11371 -1 11371 11458 11459 -1 11371 11459 11372 -1 11372 11459 11460 -1 11372 11460 11373 -1 11373 11460 11461 -1 11373 11461 11374 -1 11374 11461 11462 -1 11374 11462 11375 -1 11375 11462 11463 -1 11375 11463 11376 -1 11376 11463 11464 -1 11376 11464 11377 -1 11377 11464 11465 -1 11377 11465 11378 -1 11378 11465 11466 -1 11378 11466 11379 -1 11379 11466 11467 -1 11379 11467 11380 -1 11380 11467 11468 -1 11380 11468 11381 -1 11381 11468 11469 -1 11381 11469 11382 -1 11382 11469 11470 -1 11382 11470 11383 -1 11383 11470 11471 -1 11383 11471 11384 -1 11384 11471 11472 -1 11384 11472 11385 -1 11385 11472 11473 -1 11385 11473 11386 -1 11386 11473 11474 -1 11386 11474 11387 -1 11387 11474 11475 -1 11387 11475 11388 -1 11388 11475 11476 -1 11388 11476 11389 -1 11389 11476 11477 -1 11389 11477 11390 -1 11390 11477 11478 -1 11390 11478 11391 -1 11391 11478 11479 -1 11391 11479 11392 -1 11392 11479 11480 -1 11392 11480 11393 -1 11393 11480 11481 -1 11393 11481 11394 -1 11394 11481 11482 -1 11394 11482 11395 -1 11395 11482 11483 -1 11395 11483 11396 -1 11396 11483 11484 -1 11396 11484 11397 -1 11397 11484 11485 -1 11397 11485 11398 -1 11398 11485 11486 -1 11398 11486 11399 -1 11399 11486 11487 -1 11399 11487 11400 -1 11400 11487 11488 -1 11400 11488 11401 -1 11401 11488 11489 -1 11401 11489 11402 -1 11402 11489 11490 -1 11402 11490 11403 -1 11403 11490 11491 -1 11403 11491 11404 -1 11404 11491 11492 -1 11404 11492 11405 -1 11405 11492 11493 -1 11405 11493 11406 -1 11406 11493 11494 -1 11406 11494 11407 -1 11407 11494 11495 -1 11407 11495 11408 -1 11408 11495 11496 -1 11408 11496 11409 -1 11409 11496 11497 -1 11409 11497 11410 -1 11410 11497 11498 -1 11410 11498 11411 -1 11411 11498 11499 -1 11411 11499 11412 -1 11412 11499 11500 -1 11412 11500 11413 -1 11413 11500 11501 -1 11413 11501 11414 -1 11414 11501 11502 -1 11414 11502 11415 -1 11415 11502 11503 -1 11415 11503 11416 -1 11416 11503 11504 -1 11416 11504 11417 -1 11417 11504 11505 -1 11417 11505 11418 -1 11418 11505 11506 -1 11418 11506 11419 -1 11419 11506 11507 -1 11419 11507 11420 -1 11420 11507 11508 -1 11420 11508 11421 -1 11421 11508 11509 -1 11421 11509 11422 -1 11422 11509 11510 -1 11422 11510 11423 -1 11423 11510 11511 -1 11423 11511 11424 -1 11424 11511 11512 -1 11424 11512 11425 -1 11425 11512 11513 -1 11425 11513 11426 -1 11426 11513 11514 -1 11426 11514 11427 -1 11427 11514 11515 -1 11427 11515 11428 -1 11428 11515 11516 -1 11428 11516 11429 -1 11429 11516 11517 -1 11429 11517 11430 -1 11430 11517 11518 -1 11430 11518 11431 -1 11431 11518 11519 -1 11431 11519 11432 -1 11432 11519 11520 -1 11432 11520 11433 -1 11433 11520 11521 -1 11433 11521 11434 -1 11434 11521 11522 -1 11434 11522 11435 -1 11435 11522 11523 -1 11435 11523 11436 -1 11436 11523 11524 -1 11436 11524 11437 -1 11437 11524 11525 -1 11437 11525 11438 -1 11438 11525 11526 -1 11438 11526 11439 -1 11439 11526 11527 -1 11439 11527 11440 -1 11440 11527 11528 -1 11440 11528 11441 -1 11441 11528 11529 -1 11441 11529 89 -1 11442 0 11530 -1 11442 11530 11443 -1 11443 11530 11531 -1 11443 11531 11444 -1 11444 11531 11532 -1 11444 11532 11445 -1 11445 11532 11533 -1 11445 11533 11446 -1 11446 11533 11534 -1 11446 11534 11447 -1 11447 11534 11535 -1 11447 11535 11448 -1 11448 11535 11536 -1 11448 11536 11449 -1 11449 11536 11537 -1 11449 11537 11450 -1 11450 11537 11538 -1 11450 11538 11451 -1 11451 11538 11539 -1 11451 11539 11452 -1 11452 11539 11540 -1 11452 11540 11453 -1 11453 11540 11541 -1 11453 11541 11454 -1 11454 11541 11542 -1 11454 11542 11455 -1 11455 11542 11543 -1 11455 11543 11456 -1 11456 11543 11544 -1 11456 11544 11457 -1 11457 11544 11545 -1 11457 11545 11458 -1 11458 11545 11546 -1 11458 11546 11459 -1 11459 11546 11547 -1 11459 11547 11460 -1 11460 11547 11548 -1 11460 11548 11461 -1 11461 11548 11549 -1 11461 11549 11462 -1 11462 11549 11550 -1 11462 11550 11463 -1 11463 11550 11551 -1 11463 11551 11464 -1 11464 11551 11552 -1 11464 11552 11465 -1 11465 11552 11553 -1 11465 11553 11466 -1 11466 11553 11554 -1 11466 11554 11467 -1 11467 11554 11555 -1 11467 11555 11468 -1 11468 11555 11556 -1 11468 11556 11469 -1 11469 11556 11557 -1 11469 11557 11470 -1 11470 11557 11558 -1 11470 11558 11471 -1 11471 11558 11559 -1 11471 11559 11472 -1 11472 11559 11560 -1 11472 11560 11473 -1 11473 11560 11561 -1 11473 11561 11474 -1 11474 11561 11562 -1 11474 11562 11475 -1 11475 11562 11563 -1 11475 11563 11476 -1 11476 11563 11564 -1 11476 11564 11477 -1 11477 11564 11565 -1 11477 11565 11478 -1 11478 11565 11566 -1 11478 11566 11479 -1 11479 11566 11567 -1 11479 11567 11480 -1 11480 11567 11568 -1 11480 11568 11481 -1 11481 11568 11569 -1 11481 11569 11482 -1 11482 11569 11570 -1 11482 11570 11483 -1 11483 11570 11571 -1 11483 11571 11484 -1 11484 11571 11572 -1 11484 11572 11485 -1 11485 11572 11573 -1 11485 11573 11486 -1 11486 11573 11574 -1 11486 11574 11487 -1 11487 11574 11575 -1 11487 11575 11488 -1 11488 11575 11576 -1 11488 11576 11489 -1 11489 11576 11577 -1 11489 11577 11490 -1 11490 11577 11578 -1 11490 11578 11491 -1 11491 11578 11579 -1 11491 11579 11492 -1 11492 11579 11580 -1 11492 11580 11493 -1 11493 11580 11581 -1 11493 11581 11494 -1 11494 11581 11582 -1 11494 11582 11495 -1 11495 11582 11583 -1 11495 11583 11496 -1 11496 11583 11584 -1 11496 11584 11497 -1 11497 11584 11585 -1 11497 11585 11498 -1 11498 11585 11586 -1 11498 11586 11499 -1 11499 11586 11587 -1 11499 11587 11500 -1 11500 11587 11588 -1 11500 11588 11501 -1 11501 11588 11589 -1 11501 11589 11502 -1 11502 11589 11590 -1 11502 11590 11503 -1 11503 11590 11591 -1 11503 11591 11504 -1 11504 11591 11592 -1 11504 11592 11505 -1 11505 11592 11593 -1 11505 11593 11506 -1 11506 11593 11594 -1 11506 11594 11507 -1 11507 11594 11595 -1 11507 11595 11508 -1 11508 11595 11596 -1 11508 11596 11509 -1 11509 11596 11597 -1 11509 11597 11510 -1 11510 11597 11598 -1 11510 11598 11511 -1 11511 11598 11599 -1 11511 11599 11512 -1 11512 11599 11600 -1 11512 11600 11513 -1 11513 11600 11601 -1 11513 11601 11514 -1 11514 11601 11602 -1 11514 11602 11515 -1 11515 11602 11603 -1 11515 11603 11516 -1 11516 11603 11604 -1 11516 11604 11517 -1 11517 11604 11605 -1 11517 11605 11518 -1 11518 11605 11606 -1 11518 11606 11519 -1 11519 11606 11607 -1 11519 11607 11520 -1 11520 11607 11608 -1 11520 11608 11521 -1 11521 11608 11609 -1 11521 11609 11522 -1 11522 11609 11610 -1 11522 11610 11523 -1 11523 11610 11611 -1 11523 11611 11524 -1 11524 11611 11612 -1 11524 11612 11525 -1 11525 11612 11613 -1 11525 11613 11526 -1 11526 11613 11614 -1 11526 11614 11527 -1 11527 11614 11615 -1 11527 11615 11528 -1 11528 11615 11616 -1 11528 11616 11529 -1 11529 11616 11617 -1 11529 11617 89 -1 11530 0 11618 -1 11530 11618 11531 -1 11531 11618 11619 -1 11531 11619 11532 -1 11532 11619 11620 -1 11532 11620 11533 -1 11533 11620 11621 -1 11533 11621 11534 -1 11534 11621 11622 -1 11534 11622 11535 -1 11535 11622 11623 -1 11535 11623 11536 -1 11536 11623 11624 -1 11536 11624 11537 -1 11537 11624 11625 -1 11537 11625 11538 -1 11538 11625 11626 -1 11538 11626 11539 -1 11539 11626 11627 -1 11539 11627 11540 -1 11540 11627 11628 -1 11540 11628 11541 -1 11541 11628 11629 -1 11541 11629 11542 -1 11542 11629 11630 -1 11542 11630 11543 -1 11543 11630 11631 -1 11543 11631 11544 -1 11544 11631 11632 -1 11544 11632 11545 -1 11545 11632 11633 -1 11545 11633 11546 -1 11546 11633 11634 -1 11546 11634 11547 -1 11547 11634 11635 -1 11547 11635 11548 -1 11548 11635 11636 -1 11548 11636 11549 -1 11549 11636 11637 -1 11549 11637 11550 -1 11550 11637 11638 -1 11550 11638 11551 -1 11551 11638 11639 -1 11551 11639 11552 -1 11552 11639 11640 -1 11552 11640 11553 -1 11553 11640 11641 -1 11553 11641 11554 -1 11554 11641 11642 -1 11554 11642 11555 -1 11555 11642 11643 -1 11555 11643 11556 -1 11556 11643 11644 -1 11556 11644 11557 -1 11557 11644 11645 -1 11557 11645 11558 -1 11558 11645 11646 -1 11558 11646 11559 -1 11559 11646 11647 -1 11559 11647 11560 -1 11560 11647 11648 -1 11560 11648 11561 -1 11561 11648 11649 -1 11561 11649 11562 -1 11562 11649 11650 -1 11562 11650 11563 -1 11563 11650 11651 -1 11563 11651 11564 -1 11564 11651 11652 -1 11564 11652 11565 -1 11565 11652 11653 -1 11565 11653 11566 -1 11566 11653 11654 -1 11566 11654 11567 -1 11567 11654 11655 -1 11567 11655 11568 -1 11568 11655 11656 -1 11568 11656 11569 -1 11569 11656 11657 -1 11569 11657 11570 -1 11570 11657 11658 -1 11570 11658 11571 -1 11571 11658 11659 -1 11571 11659 11572 -1 11572 11659 11660 -1 11572 11660 11573 -1 11573 11660 11661 -1 11573 11661 11574 -1 11574 11661 11662 -1 11574 11662 11575 -1 11575 11662 11663 -1 11575 11663 11576 -1 11576 11663 11664 -1 11576 11664 11577 -1 11577 11664 11665 -1 11577 11665 11578 -1 11578 11665 11666 -1 11578 11666 11579 -1 11579 11666 11667 -1 11579 11667 11580 -1 11580 11667 11668 -1 11580 11668 11581 -1 11581 11668 11669 -1 11581 11669 11582 -1 11582 11669 11670 -1 11582 11670 11583 -1 11583 11670 11671 -1 11583 11671 11584 -1 11584 11671 11672 -1 11584 11672 11585 -1 11585 11672 11673 -1 11585 11673 11586 -1 11586 11673 11674 -1 11586 11674 11587 -1 11587 11674 11675 -1 11587 11675 11588 -1 11588 11675 11676 -1 11588 11676 11589 -1 11589 11676 11677 -1 11589 11677 11590 -1 11590 11677 11678 -1 11590 11678 11591 -1 11591 11678 11679 -1 11591 11679 11592 -1 11592 11679 11680 -1 11592 11680 11593 -1 11593 11680 11681 -1 11593 11681 11594 -1 11594 11681 11682 -1 11594 11682 11595 -1 11595 11682 11683 -1 11595 11683 11596 -1 11596 11683 11684 -1 11596 11684 11597 -1 11597 11684 11685 -1 11597 11685 11598 -1 11598 11685 11686 -1 11598 11686 11599 -1 11599 11686 11687 -1 11599 11687 11600 -1 11600 11687 11688 -1 11600 11688 11601 -1 11601 11688 11689 -1 11601 11689 11602 -1 11602 11689 11690 -1 11602 11690 11603 -1 11603 11690 11691 -1 11603 11691 11604 -1 11604 11691 11692 -1 11604 11692 11605 -1 11605 11692 11693 -1 11605 11693 11606 -1 11606 11693 11694 -1 11606 11694 11607 -1 11607 11694 11695 -1 11607 11695 11608 -1 11608 11695 11696 -1 11608 11696 11609 -1 11609 11696 11697 -1 11609 11697 11610 -1 11610 11697 11698 -1 11610 11698 11611 -1 11611 11698 11699 -1 11611 11699 11612 -1 11612 11699 11700 -1 11612 11700 11613 -1 11613 11700 11701 -1 11613 11701 11614 -1 11614 11701 11702 -1 11614 11702 11615 -1 11615 11702 11703 -1 11615 11703 11616 -1 11616 11703 11704 -1 11616 11704 11617 -1 11617 11704 11705 -1 11617 11705 89 -1 11618 0 11706 -1 11618 11706 11619 -1 11619 11706 11707 -1 11619 11707 11620 -1 11620 11707 11708 -1 11620 11708 11621 -1 11621 11708 11709 -1 11621 11709 11622 -1 11622 11709 11710 -1 11622 11710 11623 -1 11623 11710 11711 -1 11623 11711 11624 -1 11624 11711 11712 -1 11624 11712 11625 -1 11625 11712 11713 -1 11625 11713 11626 -1 11626 11713 11714 -1 11626 11714 11627 -1 11627 11714 11715 -1 11627 11715 11628 -1 11628 11715 11716 -1 11628 11716 11629 -1 11629 11716 11717 -1 11629 11717 11630 -1 11630 11717 11718 -1 11630 11718 11631 -1 11631 11718 11719 -1 11631 11719 11632 -1 11632 11719 11720 -1 11632 11720 11633 -1 11633 11720 11721 -1 11633 11721 11634 -1 11634 11721 11722 -1 11634 11722 11635 -1 11635 11722 11723 -1 11635 11723 11636 -1 11636 11723 11724 -1 11636 11724 11637 -1 11637 11724 11725 -1 11637 11725 11638 -1 11638 11725 11726 -1 11638 11726 11639 -1 11639 11726 11727 -1 11639 11727 11640 -1 11640 11727 11728 -1 11640 11728 11641 -1 11641 11728 11729 -1 11641 11729 11642 -1 11642 11729 11730 -1 11642 11730 11643 -1 11643 11730 11731 -1 11643 11731 11644 -1 11644 11731 11732 -1 11644 11732 11645 -1 11645 11732 11733 -1 11645 11733 11646 -1 11646 11733 11734 -1 11646 11734 11647 -1 11647 11734 11735 -1 11647 11735 11648 -1 11648 11735 11736 -1 11648 11736 11649 -1 11649 11736 11737 -1 11649 11737 11650 -1 11650 11737 11738 -1 11650 11738 11651 -1 11651 11738 11739 -1 11651 11739 11652 -1 11652 11739 11740 -1 11652 11740 11653 -1 11653 11740 11741 -1 11653 11741 11654 -1 11654 11741 11742 -1 11654 11742 11655 -1 11655 11742 11743 -1 11655 11743 11656 -1 11656 11743 11744 -1 11656 11744 11657 -1 11657 11744 11745 -1 11657 11745 11658 -1 11658 11745 11746 -1 11658 11746 11659 -1 11659 11746 11747 -1 11659 11747 11660 -1 11660 11747 11748 -1 11660 11748 11661 -1 11661 11748 11749 -1 11661 11749 11662 -1 11662 11749 11750 -1 11662 11750 11663 -1 11663 11750 11751 -1 11663 11751 11664 -1 11664 11751 11752 -1 11664 11752 11665 -1 11665 11752 11753 -1 11665 11753 11666 -1 11666 11753 11754 -1 11666 11754 11667 -1 11667 11754 11755 -1 11667 11755 11668 -1 11668 11755 11756 -1 11668 11756 11669 -1 11669 11756 11757 -1 11669 11757 11670 -1 11670 11757 11758 -1 11670 11758 11671 -1 11671 11758 11759 -1 11671 11759 11672 -1 11672 11759 11760 -1 11672 11760 11673 -1 11673 11760 11761 -1 11673 11761 11674 -1 11674 11761 11762 -1 11674 11762 11675 -1 11675 11762 11763 -1 11675 11763 11676 -1 11676 11763 11764 -1 11676 11764 11677 -1 11677 11764 11765 -1 11677 11765 11678 -1 11678 11765 11766 -1 11678 11766 11679 -1 11679 11766 11767 -1 11679 11767 11680 -1 11680 11767 11768 -1 11680 11768 11681 -1 11681 11768 11769 -1 11681 11769 11682 -1 11682 11769 11770 -1 11682 11770 11683 -1 11683 11770 11771 -1 11683 11771 11684 -1 11684 11771 11772 -1 11684 11772 11685 -1 11685 11772 11773 -1 11685 11773 11686 -1 11686 11773 11774 -1 11686 11774 11687 -1 11687 11774 11775 -1 11687 11775 11688 -1 11688 11775 11776 -1 11688 11776 11689 -1 11689 11776 11777 -1 11689 11777 11690 -1 11690 11777 11778 -1 11690 11778 11691 -1 11691 11778 11779 -1 11691 11779 11692 -1 11692 11779 11780 -1 11692 11780 11693 -1 11693 11780 11781 -1 11693 11781 11694 -1 11694 11781 11782 -1 11694 11782 11695 -1 11695 11782 11783 -1 11695 11783 11696 -1 11696 11783 11784 -1 11696 11784 11697 -1 11697 11784 11785 -1 11697 11785 11698 -1 11698 11785 11786 -1 11698 11786 11699 -1 11699 11786 11787 -1 11699 11787 11700 -1 11700 11787 11788 -1 11700 11788 11701 -1 11701 11788 11789 -1 11701 11789 11702 -1 11702 11789 11790 -1 11702 11790 11703 -1 11703 11790 11791 -1 11703 11791 11704 -1 11704 11791 11792 -1 11704 11792 11705 -1 11705 11792 11793 -1 11705 11793 89 -1 11706 0 11794 -1 11706 11794 11707 -1 11707 11794 11795 -1 11707 11795 11708 -1 11708 11795 11796 -1 11708 11796 11709 -1 11709 11796 11797 -1 11709 11797 11710 -1 11710 11797 11798 -1 11710 11798 11711 -1 11711 11798 11799 -1 11711 11799 11712 -1 11712 11799 11800 -1 11712 11800 11713 -1 11713 11800 11801 -1 11713 11801 11714 -1 11714 11801 11802 -1 11714 11802 11715 -1 11715 11802 11803 -1 11715 11803 11716 -1 11716 11803 11804 -1 11716 11804 11717 -1 11717 11804 11805 -1 11717 11805 11718 -1 11718 11805 11806 -1 11718 11806 11719 -1 11719 11806 11807 -1 11719 11807 11720 -1 11720 11807 11808 -1 11720 11808 11721 -1 11721 11808 11809 -1 11721 11809 11722 -1 11722 11809 11810 -1 11722 11810 11723 -1 11723 11810 11811 -1 11723 11811 11724 -1 11724 11811 11812 -1 11724 11812 11725 -1 11725 11812 11813 -1 11725 11813 11726 -1 11726 11813 11814 -1 11726 11814 11727 -1 11727 11814 11815 -1 11727 11815 11728 -1 11728 11815 11816 -1 11728 11816 11729 -1 11729 11816 11817 -1 11729 11817 11730 -1 11730 11817 11818 -1 11730 11818 11731 -1 11731 11818 11819 -1 11731 11819 11732 -1 11732 11819 11820 -1 11732 11820 11733 -1 11733 11820 11821 -1 11733 11821 11734 -1 11734 11821 11822 -1 11734 11822 11735 -1 11735 11822 11823 -1 11735 11823 11736 -1 11736 11823 11824 -1 11736 11824 11737 -1 11737 11824 11825 -1 11737 11825 11738 -1 11738 11825 11826 -1 11738 11826 11739 -1 11739 11826 11827 -1 11739 11827 11740 -1 11740 11827 11828 -1 11740 11828 11741 -1 11741 11828 11829 -1 11741 11829 11742 -1 11742 11829 11830 -1 11742 11830 11743 -1 11743 11830 11831 -1 11743 11831 11744 -1 11744 11831 11832 -1 11744 11832 11745 -1 11745 11832 11833 -1 11745 11833 11746 -1 11746 11833 11834 -1 11746 11834 11747 -1 11747 11834 11835 -1 11747 11835 11748 -1 11748 11835 11836 -1 11748 11836 11749 -1 11749 11836 11837 -1 11749 11837 11750 -1 11750 11837 11838 -1 11750 11838 11751 -1 11751 11838 11839 -1 11751 11839 11752 -1 11752 11839 11840 -1 11752 11840 11753 -1 11753 11840 11841 -1 11753 11841 11754 -1 11754 11841 11842 -1 11754 11842 11755 -1 11755 11842 11843 -1 11755 11843 11756 -1 11756 11843 11844 -1 11756 11844 11757 -1 11757 11844 11845 -1 11757 11845 11758 -1 11758 11845 11846 -1 11758 11846 11759 -1 11759 11846 11847 -1 11759 11847 11760 -1 11760 11847 11848 -1 11760 11848 11761 -1 11761 11848 11849 -1 11761 11849 11762 -1 11762 11849 11850 -1 11762 11850 11763 -1 11763 11850 11851 -1 11763 11851 11764 -1 11764 11851 11852 -1 11764 11852 11765 -1 11765 11852 11853 -1 11765 11853 11766 -1 11766 11853 11854 -1 11766 11854 11767 -1 11767 11854 11855 -1 11767 11855 11768 -1 11768 11855 11856 -1 11768 11856 11769 -1 11769 11856 11857 -1 11769 11857 11770 -1 11770 11857 11858 -1 11770 11858 11771 -1 11771 11858 11859 -1 11771 11859 11772 -1 11772 11859 11860 -1 11772 11860 11773 -1 11773 11860 11861 -1 11773 11861 11774 -1 11774 11861 11862 -1 11774 11862 11775 -1 11775 11862 11863 -1 11775 11863 11776 -1 11776 11863 11864 -1 11776 11864 11777 -1 11777 11864 11865 -1 11777 11865 11778 -1 11778 11865 11866 -1 11778 11866 11779 -1 11779 11866 11867 -1 11779 11867 11780 -1 11780 11867 11868 -1 11780 11868 11781 -1 11781 11868 11869 -1 11781 11869 11782 -1 11782 11869 11870 -1 11782 11870 11783 -1 11783 11870 11871 -1 11783 11871 11784 -1 11784 11871 11872 -1 11784 11872 11785 -1 11785 11872 11873 -1 11785 11873 11786 -1 11786 11873 11874 -1 11786 11874 11787 -1 11787 11874 11875 -1 11787 11875 11788 -1 11788 11875 11876 -1 11788 11876 11789 -1 11789 11876 11877 -1 11789 11877 11790 -1 11790 11877 11878 -1 11790 11878 11791 -1 11791 11878 11879 -1 11791 11879 11792 -1 11792 11879 11880 -1 11792 11880 11793 -1 11793 11880 11881 -1 11793 11881 89 -1 11794 0 11882 -1 11794 11882 11795 -1 11795 11882 11883 -1 11795 11883 11796 -1 11796 11883 11884 -1 11796 11884 11797 -1 11797 11884 11885 -1 11797 11885 11798 -1 11798 11885 11886 -1 11798 11886 11799 -1 11799 11886 11887 -1 11799 11887 11800 -1 11800 11887 11888 -1 11800 11888 11801 -1 11801 11888 11889 -1 11801 11889 11802 -1 11802 11889 11890 -1 11802 11890 11803 -1 11803 11890 11891 -1 11803 11891 11804 -1 11804 11891 11892 -1 11804 11892 11805 -1 11805 11892 11893 -1 11805 11893 11806 -1 11806 11893 11894 -1 11806 11894 11807 -1 11807 11894 11895 -1 11807 11895 11808 -1 11808 11895 11896 -1 11808 11896 11809 -1 11809 11896 11897 -1 11809 11897 11810 -1 11810 11897 11898 -1 11810 11898 11811 -1 11811 11898 11899 -1 11811 11899 11812 -1 11812 11899 11900 -1 11812 11900 11813 -1 11813 11900 11901 -1 11813 11901 11814 -1 11814 11901 11902 -1 11814 11902 11815 -1 11815 11902 11903 -1 11815 11903 11816 -1 11816 11903 11904 -1 11816 11904 11817 -1 11817 11904 11905 -1 11817 11905 11818 -1 11818 11905 11906 -1 11818 11906 11819 -1 11819 11906 11907 -1 11819 11907 11820 -1 11820 11907 11908 -1 11820 11908 11821 -1 11821 11908 11909 -1 11821 11909 11822 -1 11822 11909 11910 -1 11822 11910 11823 -1 11823 11910 11911 -1 11823 11911 11824 -1 11824 11911 11912 -1 11824 11912 11825 -1 11825 11912 11913 -1 11825 11913 11826 -1 11826 11913 11914 -1 11826 11914 11827 -1 11827 11914 11915 -1 11827 11915 11828 -1 11828 11915 11916 -1 11828 11916 11829 -1 11829 11916 11917 -1 11829 11917 11830 -1 11830 11917 11918 -1 11830 11918 11831 -1 11831 11918 11919 -1 11831 11919 11832 -1 11832 11919 11920 -1 11832 11920 11833 -1 11833 11920 11921 -1 11833 11921 11834 -1 11834 11921 11922 -1 11834 11922 11835 -1 11835 11922 11923 -1 11835 11923 11836 -1 11836 11923 11924 -1 11836 11924 11837 -1 11837 11924 11925 -1 11837 11925 11838 -1 11838 11925 11926 -1 11838 11926 11839 -1 11839 11926 11927 -1 11839 11927 11840 -1 11840 11927 11928 -1 11840 11928 11841 -1 11841 11928 11929 -1 11841 11929 11842 -1 11842 11929 11930 -1 11842 11930 11843 -1 11843 11930 11931 -1 11843 11931 11844 -1 11844 11931 11932 -1 11844 11932 11845 -1 11845 11932 11933 -1 11845 11933 11846 -1 11846 11933 11934 -1 11846 11934 11847 -1 11847 11934 11935 -1 11847 11935 11848 -1 11848 11935 11936 -1 11848 11936 11849 -1 11849 11936 11937 -1 11849 11937 11850 -1 11850 11937 11938 -1 11850 11938 11851 -1 11851 11938 11939 -1 11851 11939 11852 -1 11852 11939 11940 -1 11852 11940 11853 -1 11853 11940 11941 -1 11853 11941 11854 -1 11854 11941 11942 -1 11854 11942 11855 -1 11855 11942 11943 -1 11855 11943 11856 -1 11856 11943 11944 -1 11856 11944 11857 -1 11857 11944 11945 -1 11857 11945 11858 -1 11858 11945 11946 -1 11858 11946 11859 -1 11859 11946 11947 -1 11859 11947 11860 -1 11860 11947 11948 -1 11860 11948 11861 -1 11861 11948 11949 -1 11861 11949 11862 -1 11862 11949 11950 -1 11862 11950 11863 -1 11863 11950 11951 -1 11863 11951 11864 -1 11864 11951 11952 -1 11864 11952 11865 -1 11865 11952 11953 -1 11865 11953 11866 -1 11866 11953 11954 -1 11866 11954 11867 -1 11867 11954 11955 -1 11867 11955 11868 -1 11868 11955 11956 -1 11868 11956 11869 -1 11869 11956 11957 -1 11869 11957 11870 -1 11870 11957 11958 -1 11870 11958 11871 -1 11871 11958 11959 -1 11871 11959 11872 -1 11872 11959 11960 -1 11872 11960 11873 -1 11873 11960 11961 -1 11873 11961 11874 -1 11874 11961 11962 -1 11874 11962 11875 -1 11875 11962 11963 -1 11875 11963 11876 -1 11876 11963 11964 -1 11876 11964 11877 -1 11877 11964 11965 -1 11877 11965 11878 -1 11878 11965 11966 -1 11878 11966 11879 -1 11879 11966 11967 -1 11879 11967 11880 -1 11880 11967 11968 -1 11880 11968 11881 -1 11881 11968 11969 -1 11881 11969 89 -1 11882 0 11970 -1 11882 11970 11883 -1 11883 11970 11971 -1 11883 11971 11884 -1 11884 11971 11972 -1 11884 11972 11885 -1 11885 11972 11973 -1 11885 11973 11886 -1 11886 11973 11974 -1 11886 11974 11887 -1 11887 11974 11975 -1 11887 11975 11888 -1 11888 11975 11976 -1 11888 11976 11889 -1 11889 11976 11977 -1 11889 11977 11890 -1 11890 11977 11978 -1 11890 11978 11891 -1 11891 11978 11979 -1 11891 11979 11892 -1 11892 11979 11980 -1 11892 11980 11893 -1 11893 11980 11981 -1 11893 11981 11894 -1 11894 11981 11982 -1 11894 11982 11895 -1 11895 11982 11983 -1 11895 11983 11896 -1 11896 11983 11984 -1 11896 11984 11897 -1 11897 11984 11985 -1 11897 11985 11898 -1 11898 11985 11986 -1 11898 11986 11899 -1 11899 11986 11987 -1 11899 11987 11900 -1 11900 11987 11988 -1 11900 11988 11901 -1 11901 11988 11989 -1 11901 11989 11902 -1 11902 11989 11990 -1 11902 11990 11903 -1 11903 11990 11991 -1 11903 11991 11904 -1 11904 11991 11992 -1 11904 11992 11905 -1 11905 11992 11993 -1 11905 11993 11906 -1 11906 11993 11994 -1 11906 11994 11907 -1 11907 11994 11995 -1 11907 11995 11908 -1 11908 11995 11996 -1 11908 11996 11909 -1 11909 11996 11997 -1 11909 11997 11910 -1 11910 11997 11998 -1 11910 11998 11911 -1 11911 11998 11999 -1 11911 11999 11912 -1 11912 11999 12000 -1 11912 12000 11913 -1 11913 12000 12001 -1 11913 12001 11914 -1 11914 12001 12002 -1 11914 12002 11915 -1 11915 12002 12003 -1 11915 12003 11916 -1 11916 12003 12004 -1 11916 12004 11917 -1 11917 12004 12005 -1 11917 12005 11918 -1 11918 12005 12006 -1 11918 12006 11919 -1 11919 12006 12007 -1 11919 12007 11920 -1 11920 12007 12008 -1 11920 12008 11921 -1 11921 12008 12009 -1 11921 12009 11922 -1 11922 12009 12010 -1 11922 12010 11923 -1 11923 12010 12011 -1 11923 12011 11924 -1 11924 12011 12012 -1 11924 12012 11925 -1 11925 12012 12013 -1 11925 12013 11926 -1 11926 12013 12014 -1 11926 12014 11927 -1 11927 12014 12015 -1 11927 12015 11928 -1 11928 12015 12016 -1 11928 12016 11929 -1 11929 12016 12017 -1 11929 12017 11930 -1 11930 12017 12018 -1 11930 12018 11931 -1 11931 12018 12019 -1 11931 12019 11932 -1 11932 12019 12020 -1 11932 12020 11933 -1 11933 12020 12021 -1 11933 12021 11934 -1 11934 12021 12022 -1 11934 12022 11935 -1 11935 12022 12023 -1 11935 12023 11936 -1 11936 12023 12024 -1 11936 12024 11937 -1 11937 12024 12025 -1 11937 12025 11938 -1 11938 12025 12026 -1 11938 12026 11939 -1 11939 12026 12027 -1 11939 12027 11940 -1 11940 12027 12028 -1 11940 12028 11941 -1 11941 12028 12029 -1 11941 12029 11942 -1 11942 12029 12030 -1 11942 12030 11943 -1 11943 12030 12031 -1 11943 12031 11944 -1 11944 12031 12032 -1 11944 12032 11945 -1 11945 12032 12033 -1 11945 12033 11946 -1 11946 12033 12034 -1 11946 12034 11947 -1 11947 12034 12035 -1 11947 12035 11948 -1 11948 12035 12036 -1 11948 12036 11949 -1 11949 12036 12037 -1 11949 12037 11950 -1 11950 12037 12038 -1 11950 12038 11951 -1 11951 12038 12039 -1 11951 12039 11952 -1 11952 12039 12040 -1 11952 12040 11953 -1 11953 12040 12041 -1 11953 12041 11954 -1 11954 12041 12042 -1 11954 12042 11955 -1 11955 12042 12043 -1 11955 12043 11956 -1 11956 12043 12044 -1 11956 12044 11957 -1 11957 12044 12045 -1 11957 12045 11958 -1 11958 12045 12046 -1 11958 12046 11959 -1 11959 12046 12047 -1 11959 12047 11960 -1 11960 12047 12048 -1 11960 12048 11961 -1 11961 12048 12049 -1 11961 12049 11962 -1 11962 12049 12050 -1 11962 12050 11963 -1 11963 12050 12051 -1 11963 12051 11964 -1 11964 12051 12052 -1 11964 12052 11965 -1 11965 12052 12053 -1 11965 12053 11966 -1 11966 12053 12054 -1 11966 12054 11967 -1 11967 12054 12055 -1 11967 12055 11968 -1 11968 12055 12056 -1 11968 12056 11969 -1 11969 12056 12057 -1 11969 12057 89 -1 11970 0 12058 -1 11970 12058 11971 -1 11971 12058 12059 -1 11971 12059 11972 -1 11972 12059 12060 -1 11972 12060 11973 -1 11973 12060 12061 -1 11973 12061 11974 -1 11974 12061 12062 -1 11974 12062 11975 -1 11975 12062 12063 -1 11975 12063 11976 -1 11976 12063 12064 -1 11976 12064 11977 -1 11977 12064 12065 -1 11977 12065 11978 -1 11978 12065 12066 -1 11978 12066 11979 -1 11979 12066 12067 -1 11979 12067 11980 -1 11980 12067 12068 -1 11980 12068 11981 -1 11981 12068 12069 -1 11981 12069 11982 -1 11982 12069 12070 -1 11982 12070 11983 -1 11983 12070 12071 -1 11983 12071 11984 -1 11984 12071 12072 -1 11984 12072 11985 -1 11985 12072 12073 -1 11985 12073 11986 -1 11986 12073 12074 -1 11986 12074 11987 -1 11987 12074 12075 -1 11987 12075 11988 -1 11988 12075 12076 -1 11988 12076 11989 -1 11989 12076 12077 -1 11989 12077 11990 -1 11990 12077 12078 -1 11990 12078 11991 -1 11991 12078 12079 -1 11991 12079 11992 -1 11992 12079 12080 -1 11992 12080 11993 -1 11993 12080 12081 -1 11993 12081 11994 -1 11994 12081 12082 -1 11994 12082 11995 -1 11995 12082 12083 -1 11995 12083 11996 -1 11996 12083 12084 -1 11996 12084 11997 -1 11997 12084 12085 -1 11997 12085 11998 -1 11998 12085 12086 -1 11998 12086 11999 -1 11999 12086 12087 -1 11999 12087 12000 -1 12000 12087 12088 -1 12000 12088 12001 -1 12001 12088 12089 -1 12001 12089 12002 -1 12002 12089 12090 -1 12002 12090 12003 -1 12003 12090 12091 -1 12003 12091 12004 -1 12004 12091 12092 -1 12004 12092 12005 -1 12005 12092 12093 -1 12005 12093 12006 -1 12006 12093 12094 -1 12006 12094 12007 -1 12007 12094 12095 -1 12007 12095 12008 -1 12008 12095 12096 -1 12008 12096 12009 -1 12009 12096 12097 -1 12009 12097 12010 -1 12010 12097 12098 -1 12010 12098 12011 -1 12011 12098 12099 -1 12011 12099 12012 -1 12012 12099 12100 -1 12012 12100 12013 -1 12013 12100 12101 -1 12013 12101 12014 -1 12014 12101 12102 -1 12014 12102 12015 -1 12015 12102 12103 -1 12015 12103 12016 -1 12016 12103 12104 -1 12016 12104 12017 -1 12017 12104 12105 -1 12017 12105 12018 -1 12018 12105 12106 -1 12018 12106 12019 -1 12019 12106 12107 -1 12019 12107 12020 -1 12020 12107 12108 -1 12020 12108 12021 -1 12021 12108 12109 -1 12021 12109 12022 -1 12022 12109 12110 -1 12022 12110 12023 -1 12023 12110 12111 -1 12023 12111 12024 -1 12024 12111 12112 -1 12024 12112 12025 -1 12025 12112 12113 -1 12025 12113 12026 -1 12026 12113 12114 -1 12026 12114 12027 -1 12027 12114 12115 -1 12027 12115 12028 -1 12028 12115 12116 -1 12028 12116 12029 -1 12029 12116 12117 -1 12029 12117 12030 -1 12030 12117 12118 -1 12030 12118 12031 -1 12031 12118 12119 -1 12031 12119 12032 -1 12032 12119 12120 -1 12032 12120 12033 -1 12033 12120 12121 -1 12033 12121 12034 -1 12034 12121 12122 -1 12034 12122 12035 -1 12035 12122 12123 -1 12035 12123 12036 -1 12036 12123 12124 -1 12036 12124 12037 -1 12037 12124 12125 -1 12037 12125 12038 -1 12038 12125 12126 -1 12038 12126 12039 -1 12039 12126 12127 -1 12039 12127 12040 -1 12040 12127 12128 -1 12040 12128 12041 -1 12041 12128 12129 -1 12041 12129 12042 -1 12042 12129 12130 -1 12042 12130 12043 -1 12043 12130 12131 -1 12043 12131 12044 -1 12044 12131 12132 -1 12044 12132 12045 -1 12045 12132 12133 -1 12045 12133 12046 -1 12046 12133 12134 -1 12046 12134 12047 -1 12047 12134 12135 -1 12047 12135 12048 -1 12048 12135 12136 -1 12048 12136 12049 -1 12049 12136 12137 -1 12049 12137 12050 -1 12050 12137 12138 -1 12050 12138 12051 -1 12051 12138 12139 -1 12051 12139 12052 -1 12052 12139 12140 -1 12052 12140 12053 -1 12053 12140 12141 -1 12053 12141 12054 -1 12054 12141 12142 -1 12054 12142 12055 -1 12055 12142 12143 -1 12055 12143 12056 -1 12056 12143 12144 -1 12056 12144 12057 -1 12057 12144 12145 -1 12057 12145 89 -1 12058 0 12146 -1 12058 12146 12059 -1 12059 12146 12147 -1 12059 12147 12060 -1 12060 12147 12148 -1 12060 12148 12061 -1 12061 12148 12149 -1 12061 12149 12062 -1 12062 12149 12150 -1 12062 12150 12063 -1 12063 12150 12151 -1 12063 12151 12064 -1 12064 12151 12152 -1 12064 12152 12065 -1 12065 12152 12153 -1 12065 12153 12066 -1 12066 12153 12154 -1 12066 12154 12067 -1 12067 12154 12155 -1 12067 12155 12068 -1 12068 12155 12156 -1 12068 12156 12069 -1 12069 12156 12157 -1 12069 12157 12070 -1 12070 12157 12158 -1 12070 12158 12071 -1 12071 12158 12159 -1 12071 12159 12072 -1 12072 12159 12160 -1 12072 12160 12073 -1 12073 12160 12161 -1 12073 12161 12074 -1 12074 12161 12162 -1 12074 12162 12075 -1 12075 12162 12163 -1 12075 12163 12076 -1 12076 12163 12164 -1 12076 12164 12077 -1 12077 12164 12165 -1 12077 12165 12078 -1 12078 12165 12166 -1 12078 12166 12079 -1 12079 12166 12167 -1 12079 12167 12080 -1 12080 12167 12168 -1 12080 12168 12081 -1 12081 12168 12169 -1 12081 12169 12082 -1 12082 12169 12170 -1 12082 12170 12083 -1 12083 12170 12171 -1 12083 12171 12084 -1 12084 12171 12172 -1 12084 12172 12085 -1 12085 12172 12173 -1 12085 12173 12086 -1 12086 12173 12174 -1 12086 12174 12087 -1 12087 12174 12175 -1 12087 12175 12088 -1 12088 12175 12176 -1 12088 12176 12089 -1 12089 12176 12177 -1 12089 12177 12090 -1 12090 12177 12178 -1 12090 12178 12091 -1 12091 12178 12179 -1 12091 12179 12092 -1 12092 12179 12180 -1 12092 12180 12093 -1 12093 12180 12181 -1 12093 12181 12094 -1 12094 12181 12182 -1 12094 12182 12095 -1 12095 12182 12183 -1 12095 12183 12096 -1 12096 12183 12184 -1 12096 12184 12097 -1 12097 12184 12185 -1 12097 12185 12098 -1 12098 12185 12186 -1 12098 12186 12099 -1 12099 12186 12187 -1 12099 12187 12100 -1 12100 12187 12188 -1 12100 12188 12101 -1 12101 12188 12189 -1 12101 12189 12102 -1 12102 12189 12190 -1 12102 12190 12103 -1 12103 12190 12191 -1 12103 12191 12104 -1 12104 12191 12192 -1 12104 12192 12105 -1 12105 12192 12193 -1 12105 12193 12106 -1 12106 12193 12194 -1 12106 12194 12107 -1 12107 12194 12195 -1 12107 12195 12108 -1 12108 12195 12196 -1 12108 12196 12109 -1 12109 12196 12197 -1 12109 12197 12110 -1 12110 12197 12198 -1 12110 12198 12111 -1 12111 12198 12199 -1 12111 12199 12112 -1 12112 12199 12200 -1 12112 12200 12113 -1 12113 12200 12201 -1 12113 12201 12114 -1 12114 12201 12202 -1 12114 12202 12115 -1 12115 12202 12203 -1 12115 12203 12116 -1 12116 12203 12204 -1 12116 12204 12117 -1 12117 12204 12205 -1 12117 12205 12118 -1 12118 12205 12206 -1 12118 12206 12119 -1 12119 12206 12207 -1 12119 12207 12120 -1 12120 12207 12208 -1 12120 12208 12121 -1 12121 12208 12209 -1 12121 12209 12122 -1 12122 12209 12210 -1 12122 12210 12123 -1 12123 12210 12211 -1 12123 12211 12124 -1 12124 12211 12212 -1 12124 12212 12125 -1 12125 12212 12213 -1 12125 12213 12126 -1 12126 12213 12214 -1 12126 12214 12127 -1 12127 12214 12215 -1 12127 12215 12128 -1 12128 12215 12216 -1 12128 12216 12129 -1 12129 12216 12217 -1 12129 12217 12130 -1 12130 12217 12218 -1 12130 12218 12131 -1 12131 12218 12219 -1 12131 12219 12132 -1 12132 12219 12220 -1 12132 12220 12133 -1 12133 12220 12221 -1 12133 12221 12134 -1 12134 12221 12222 -1 12134 12222 12135 -1 12135 12222 12223 -1 12135 12223 12136 -1 12136 12223 12224 -1 12136 12224 12137 -1 12137 12224 12225 -1 12137 12225 12138 -1 12138 12225 12226 -1 12138 12226 12139 -1 12139 12226 12227 -1 12139 12227 12140 -1 12140 12227 12228 -1 12140 12228 12141 -1 12141 12228 12229 -1 12141 12229 12142 -1 12142 12229 12230 -1 12142 12230 12143 -1 12143 12230 12231 -1 12143 12231 12144 -1 12144 12231 12232 -1 12144 12232 12145 -1 12145 12232 12233 -1 12145 12233 89 -1 12146 0 12234 -1 12146 12234 12147 -1 12147 12234 12235 -1 12147 12235 12148 -1 12148 12235 12236 -1 12148 12236 12149 -1 12149 12236 12237 -1 12149 12237 12150 -1 12150 12237 12238 -1 12150 12238 12151 -1 12151 12238 12239 -1 12151 12239 12152 -1 12152 12239 12240 -1 12152 12240 12153 -1 12153 12240 12241 -1 12153 12241 12154 -1 12154 12241 12242 -1 12154 12242 12155 -1 12155 12242 12243 -1 12155 12243 12156 -1 12156 12243 12244 -1 12156 12244 12157 -1 12157 12244 12245 -1 12157 12245 12158 -1 12158 12245 12246 -1 12158 12246 12159 -1 12159 12246 12247 -1 12159 12247 12160 -1 12160 12247 12248 -1 12160 12248 12161 -1 12161 12248 12249 -1 12161 12249 12162 -1 12162 12249 12250 -1 12162 12250 12163 -1 12163 12250 12251 -1 12163 12251 12164 -1 12164 12251 12252 -1 12164 12252 12165 -1 12165 12252 12253 -1 12165 12253 12166 -1 12166 12253 12254 -1 12166 12254 12167 -1 12167 12254 12255 -1 12167 12255 12168 -1 12168 12255 12256 -1 12168 12256 12169 -1 12169 12256 12257 -1 12169 12257 12170 -1 12170 12257 12258 -1 12170 12258 12171 -1 12171 12258 12259 -1 12171 12259 12172 -1 12172 12259 12260 -1 12172 12260 12173 -1 12173 12260 12261 -1 12173 12261 12174 -1 12174 12261 12262 -1 12174 12262 12175 -1 12175 12262 12263 -1 12175 12263 12176 -1 12176 12263 12264 -1 12176 12264 12177 -1 12177 12264 12265 -1 12177 12265 12178 -1 12178 12265 12266 -1 12178 12266 12179 -1 12179 12266 12267 -1 12179 12267 12180 -1 12180 12267 12268 -1 12180 12268 12181 -1 12181 12268 12269 -1 12181 12269 12182 -1 12182 12269 12270 -1 12182 12270 12183 -1 12183 12270 12271 -1 12183 12271 12184 -1 12184 12271 12272 -1 12184 12272 12185 -1 12185 12272 12273 -1 12185 12273 12186 -1 12186 12273 12274 -1 12186 12274 12187 -1 12187 12274 12275 -1 12187 12275 12188 -1 12188 12275 12276 -1 12188 12276 12189 -1 12189 12276 12277 -1 12189 12277 12190 -1 12190 12277 12278 -1 12190 12278 12191 -1 12191 12278 12279 -1 12191 12279 12192 -1 12192 12279 12280 -1 12192 12280 12193 -1 12193 12280 12281 -1 12193 12281 12194 -1 12194 12281 12282 -1 12194 12282 12195 -1 12195 12282 12283 -1 12195 12283 12196 -1 12196 12283 12284 -1 12196 12284 12197 -1 12197 12284 12285 -1 12197 12285 12198 -1 12198 12285 12286 -1 12198 12286 12199 -1 12199 12286 12287 -1 12199 12287 12200 -1 12200 12287 12288 -1 12200 12288 12201 -1 12201 12288 12289 -1 12201 12289 12202 -1 12202 12289 12290 -1 12202 12290 12203 -1 12203 12290 12291 -1 12203 12291 12204 -1 12204 12291 12292 -1 12204 12292 12205 -1 12205 12292 12293 -1 12205 12293 12206 -1 12206 12293 12294 -1 12206 12294 12207 -1 12207 12294 12295 -1 12207 12295 12208 -1 12208 12295 12296 -1 12208 12296 12209 -1 12209 12296 12297 -1 12209 12297 12210 -1 12210 12297 12298 -1 12210 12298 12211 -1 12211 12298 12299 -1 12211 12299 12212 -1 12212 12299 12300 -1 12212 12300 12213 -1 12213 12300 12301 -1 12213 12301 12214 -1 12214 12301 12302 -1 12214 12302 12215 -1 12215 12302 12303 -1 12215 12303 12216 -1 12216 12303 12304 -1 12216 12304 12217 -1 12217 12304 12305 -1 12217 12305 12218 -1 12218 12305 12306 -1 12218 12306 12219 -1 12219 12306 12307 -1 12219 12307 12220 -1 12220 12307 12308 -1 12220 12308 12221 -1 12221 12308 12309 -1 12221 12309 12222 -1 12222 12309 12310 -1 12222 12310 12223 -1 12223 12310 12311 -1 12223 12311 12224 -1 12224 12311 12312 -1 12224 12312 12225 -1 12225 12312 12313 -1 12225 12313 12226 -1 12226 12313 12314 -1 12226 12314 12227 -1 12227 12314 12315 -1 12227 12315 12228 -1 12228 12315 12316 -1 12228 12316 12229 -1 12229 12316 12317 -1 12229 12317 12230 -1 12230 12317 12318 -1 12230 12318 12231 -1 12231 12318 12319 -1 12231 12319 12232 -1 12232 12319 12320 -1 12232 12320 12233 -1 12233 12320 12321 -1 12233 12321 89 -1 12234 0 12322 -1 12234 12322 12235 -1 12235 12322 12323 -1 12235 12323 12236 -1 12236 12323 12324 -1 12236 12324 12237 -1 12237 12324 12325 -1 12237 12325 12238 -1 12238 12325 12326 -1 12238 12326 12239 -1 12239 12326 12327 -1 12239 12327 12240 -1 12240 12327 12328 -1 12240 12328 12241 -1 12241 12328 12329 -1 12241 12329 12242 -1 12242 12329 12330 -1 12242 12330 12243 -1 12243 12330 12331 -1 12243 12331 12244 -1 12244 12331 12332 -1 12244 12332 12245 -1 12245 12332 12333 -1 12245 12333 12246 -1 12246 12333 12334 -1 12246 12334 12247 -1 12247 12334 12335 -1 12247 12335 12248 -1 12248 12335 12336 -1 12248 12336 12249 -1 12249 12336 12337 -1 12249 12337 12250 -1 12250 12337 12338 -1 12250 12338 12251 -1 12251 12338 12339 -1 12251 12339 12252 -1 12252 12339 12340 -1 12252 12340 12253 -1 12253 12340 12341 -1 12253 12341 12254 -1 12254 12341 12342 -1 12254 12342 12255 -1 12255 12342 12343 -1 12255 12343 12256 -1 12256 12343 12344 -1 12256 12344 12257 -1 12257 12344 12345 -1 12257 12345 12258 -1 12258 12345 12346 -1 12258 12346 12259 -1 12259 12346 12347 -1 12259 12347 12260 -1 12260 12347 12348 -1 12260 12348 12261 -1 12261 12348 12349 -1 12261 12349 12262 -1 12262 12349 12350 -1 12262 12350 12263 -1 12263 12350 12351 -1 12263 12351 12264 -1 12264 12351 12352 -1 12264 12352 12265 -1 12265 12352 12353 -1 12265 12353 12266 -1 12266 12353 12354 -1 12266 12354 12267 -1 12267 12354 12355 -1 12267 12355 12268 -1 12268 12355 12356 -1 12268 12356 12269 -1 12269 12356 12357 -1 12269 12357 12270 -1 12270 12357 12358 -1 12270 12358 12271 -1 12271 12358 12359 -1 12271 12359 12272 -1 12272 12359 12360 -1 12272 12360 12273 -1 12273 12360 12361 -1 12273 12361 12274 -1 12274 12361 12362 -1 12274 12362 12275 -1 12275 12362 12363 -1 12275 12363 12276 -1 12276 12363 12364 -1 12276 12364 12277 -1 12277 12364 12365 -1 12277 12365 12278 -1 12278 12365 12366 -1 12278 12366 12279 -1 12279 12366 12367 -1 12279 12367 12280 -1 12280 12367 12368 -1 12280 12368 12281 -1 12281 12368 12369 -1 12281 12369 12282 -1 12282 12369 12370 -1 12282 12370 12283 -1 12283 12370 12371 -1 12283 12371 12284 -1 12284 12371 12372 -1 12284 12372 12285 -1 12285 12372 12373 -1 12285 12373 12286 -1 12286 12373 12374 -1 12286 12374 12287 -1 12287 12374 12375 -1 12287 12375 12288 -1 12288 12375 12376 -1 12288 12376 12289 -1 12289 12376 12377 -1 12289 12377 12290 -1 12290 12377 12378 -1 12290 12378 12291 -1 12291 12378 12379 -1 12291 12379 12292 -1 12292 12379 12380 -1 12292 12380 12293 -1 12293 12380 12381 -1 12293 12381 12294 -1 12294 12381 12382 -1 12294 12382 12295 -1 12295 12382 12383 -1 12295 12383 12296 -1 12296 12383 12384 -1 12296 12384 12297 -1 12297 12384 12385 -1 12297 12385 12298 -1 12298 12385 12386 -1 12298 12386 12299 -1 12299 12386 12387 -1 12299 12387 12300 -1 12300 12387 12388 -1 12300 12388 12301 -1 12301 12388 12389 -1 12301 12389 12302 -1 12302 12389 12390 -1 12302 12390 12303 -1 12303 12390 12391 -1 12303 12391 12304 -1 12304 12391 12392 -1 12304 12392 12305 -1 12305 12392 12393 -1 12305 12393 12306 -1 12306 12393 12394 -1 12306 12394 12307 -1 12307 12394 12395 -1 12307 12395 12308 -1 12308 12395 12396 -1 12308 12396 12309 -1 12309 12396 12397 -1 12309 12397 12310 -1 12310 12397 12398 -1 12310 12398 12311 -1 12311 12398 12399 -1 12311 12399 12312 -1 12312 12399 12400 -1 12312 12400 12313 -1 12313 12400 12401 -1 12313 12401 12314 -1 12314 12401 12402 -1 12314 12402 12315 -1 12315 12402 12403 -1 12315 12403 12316 -1 12316 12403 12404 -1 12316 12404 12317 -1 12317 12404 12405 -1 12317 12405 12318 -1 12318 12405 12406 -1 12318 12406 12319 -1 12319 12406 12407 -1 12319 12407 12320 -1 12320 12407 12408 -1 12320 12408 12321 -1 12321 12408 12409 -1 12321 12409 89 -1 12322 0 12410 -1 12322 12410 12323 -1 12323 12410 12411 -1 12323 12411 12324 -1 12324 12411 12412 -1 12324 12412 12325 -1 12325 12412 12413 -1 12325 12413 12326 -1 12326 12413 12414 -1 12326 12414 12327 -1 12327 12414 12415 -1 12327 12415 12328 -1 12328 12415 12416 -1 12328 12416 12329 -1 12329 12416 12417 -1 12329 12417 12330 -1 12330 12417 12418 -1 12330 12418 12331 -1 12331 12418 12419 -1 12331 12419 12332 -1 12332 12419 12420 -1 12332 12420 12333 -1 12333 12420 12421 -1 12333 12421 12334 -1 12334 12421 12422 -1 12334 12422 12335 -1 12335 12422 12423 -1 12335 12423 12336 -1 12336 12423 12424 -1 12336 12424 12337 -1 12337 12424 12425 -1 12337 12425 12338 -1 12338 12425 12426 -1 12338 12426 12339 -1 12339 12426 12427 -1 12339 12427 12340 -1 12340 12427 12428 -1 12340 12428 12341 -1 12341 12428 12429 -1 12341 12429 12342 -1 12342 12429 12430 -1 12342 12430 12343 -1 12343 12430 12431 -1 12343 12431 12344 -1 12344 12431 12432 -1 12344 12432 12345 -1 12345 12432 12433 -1 12345 12433 12346 -1 12346 12433 12434 -1 12346 12434 12347 -1 12347 12434 12435 -1 12347 12435 12348 -1 12348 12435 12436 -1 12348 12436 12349 -1 12349 12436 12437 -1 12349 12437 12350 -1 12350 12437 12438 -1 12350 12438 12351 -1 12351 12438 12439 -1 12351 12439 12352 -1 12352 12439 12440 -1 12352 12440 12353 -1 12353 12440 12441 -1 12353 12441 12354 -1 12354 12441 12442 -1 12354 12442 12355 -1 12355 12442 12443 -1 12355 12443 12356 -1 12356 12443 12444 -1 12356 12444 12357 -1 12357 12444 12445 -1 12357 12445 12358 -1 12358 12445 12446 -1 12358 12446 12359 -1 12359 12446 12447 -1 12359 12447 12360 -1 12360 12447 12448 -1 12360 12448 12361 -1 12361 12448 12449 -1 12361 12449 12362 -1 12362 12449 12450 -1 12362 12450 12363 -1 12363 12450 12451 -1 12363 12451 12364 -1 12364 12451 12452 -1 12364 12452 12365 -1 12365 12452 12453 -1 12365 12453 12366 -1 12366 12453 12454 -1 12366 12454 12367 -1 12367 12454 12455 -1 12367 12455 12368 -1 12368 12455 12456 -1 12368 12456 12369 -1 12369 12456 12457 -1 12369 12457 12370 -1 12370 12457 12458 -1 12370 12458 12371 -1 12371 12458 12459 -1 12371 12459 12372 -1 12372 12459 12460 -1 12372 12460 12373 -1 12373 12460 12461 -1 12373 12461 12374 -1 12374 12461 12462 -1 12374 12462 12375 -1 12375 12462 12463 -1 12375 12463 12376 -1 12376 12463 12464 -1 12376 12464 12377 -1 12377 12464 12465 -1 12377 12465 12378 -1 12378 12465 12466 -1 12378 12466 12379 -1 12379 12466 12467 -1 12379 12467 12380 -1 12380 12467 12468 -1 12380 12468 12381 -1 12381 12468 12469 -1 12381 12469 12382 -1 12382 12469 12470 -1 12382 12470 12383 -1 12383 12470 12471 -1 12383 12471 12384 -1 12384 12471 12472 -1 12384 12472 12385 -1 12385 12472 12473 -1 12385 12473 12386 -1 12386 12473 12474 -1 12386 12474 12387 -1 12387 12474 12475 -1 12387 12475 12388 -1 12388 12475 12476 -1 12388 12476 12389 -1 12389 12476 12477 -1 12389 12477 12390 -1 12390 12477 12478 -1 12390 12478 12391 -1 12391 12478 12479 -1 12391 12479 12392 -1 12392 12479 12480 -1 12392 12480 12393 -1 12393 12480 12481 -1 12393 12481 12394 -1 12394 12481 12482 -1 12394 12482 12395 -1 12395 12482 12483 -1 12395 12483 12396 -1 12396 12483 12484 -1 12396 12484 12397 -1 12397 12484 12485 -1 12397 12485 12398 -1 12398 12485 12486 -1 12398 12486 12399 -1 12399 12486 12487 -1 12399 12487 12400 -1 12400 12487 12488 -1 12400 12488 12401 -1 12401 12488 12489 -1 12401 12489 12402 -1 12402 12489 12490 -1 12402 12490 12403 -1 12403 12490 12491 -1 12403 12491 12404 -1 12404 12491 12492 -1 12404 12492 12405 -1 12405 12492 12493 -1 12405 12493 12406 -1 12406 12493 12494 -1 12406 12494 12407 -1 12407 12494 12495 -1 12407 12495 12408 -1 12408 12495 12496 -1 12408 12496 12409 -1 12409 12496 12497 -1 12409 12497 89 -1 12410 0 12498 -1 12410 12498 12411 -1 12411 12498 12499 -1 12411 12499 12412 -1 12412 12499 12500 -1 12412 12500 12413 -1 12413 12500 12501 -1 12413 12501 12414 -1 12414 12501 12502 -1 12414 12502 12415 -1 12415 12502 12503 -1 12415 12503 12416 -1 12416 12503 12504 -1 12416 12504 12417 -1 12417 12504 12505 -1 12417 12505 12418 -1 12418 12505 12506 -1 12418 12506 12419 -1 12419 12506 12507 -1 12419 12507 12420 -1 12420 12507 12508 -1 12420 12508 12421 -1 12421 12508 12509 -1 12421 12509 12422 -1 12422 12509 12510 -1 12422 12510 12423 -1 12423 12510 12511 -1 12423 12511 12424 -1 12424 12511 12512 -1 12424 12512 12425 -1 12425 12512 12513 -1 12425 12513 12426 -1 12426 12513 12514 -1 12426 12514 12427 -1 12427 12514 12515 -1 12427 12515 12428 -1 12428 12515 12516 -1 12428 12516 12429 -1 12429 12516 12517 -1 12429 12517 12430 -1 12430 12517 12518 -1 12430 12518 12431 -1 12431 12518 12519 -1 12431 12519 12432 -1 12432 12519 12520 -1 12432 12520 12433 -1 12433 12520 12521 -1 12433 12521 12434 -1 12434 12521 12522 -1 12434 12522 12435 -1 12435 12522 12523 -1 12435 12523 12436 -1 12436 12523 12524 -1 12436 12524 12437 -1 12437 12524 12525 -1 12437 12525 12438 -1 12438 12525 12526 -1 12438 12526 12439 -1 12439 12526 12527 -1 12439 12527 12440 -1 12440 12527 12528 -1 12440 12528 12441 -1 12441 12528 12529 -1 12441 12529 12442 -1 12442 12529 12530 -1 12442 12530 12443 -1 12443 12530 12531 -1 12443 12531 12444 -1 12444 12531 12532 -1 12444 12532 12445 -1 12445 12532 12533 -1 12445 12533 12446 -1 12446 12533 12534 -1 12446 12534 12447 -1 12447 12534 12535 -1 12447 12535 12448 -1 12448 12535 12536 -1 12448 12536 12449 -1 12449 12536 12537 -1 12449 12537 12450 -1 12450 12537 12538 -1 12450 12538 12451 -1 12451 12538 12539 -1 12451 12539 12452 -1 12452 12539 12540 -1 12452 12540 12453 -1 12453 12540 12541 -1 12453 12541 12454 -1 12454 12541 12542 -1 12454 12542 12455 -1 12455 12542 12543 -1 12455 12543 12456 -1 12456 12543 12544 -1 12456 12544 12457 -1 12457 12544 12545 -1 12457 12545 12458 -1 12458 12545 12546 -1 12458 12546 12459 -1 12459 12546 12547 -1 12459 12547 12460 -1 12460 12547 12548 -1 12460 12548 12461 -1 12461 12548 12549 -1 12461 12549 12462 -1 12462 12549 12550 -1 12462 12550 12463 -1 12463 12550 12551 -1 12463 12551 12464 -1 12464 12551 12552 -1 12464 12552 12465 -1 12465 12552 12553 -1 12465 12553 12466 -1 12466 12553 12554 -1 12466 12554 12467 -1 12467 12554 12555 -1 12467 12555 12468 -1 12468 12555 12556 -1 12468 12556 12469 -1 12469 12556 12557 -1 12469 12557 12470 -1 12470 12557 12558 -1 12470 12558 12471 -1 12471 12558 12559 -1 12471 12559 12472 -1 12472 12559 12560 -1 12472 12560 12473 -1 12473 12560 12561 -1 12473 12561 12474 -1 12474 12561 12562 -1 12474 12562 12475 -1 12475 12562 12563 -1 12475 12563 12476 -1 12476 12563 12564 -1 12476 12564 12477 -1 12477 12564 12565 -1 12477 12565 12478 -1 12478 12565 12566 -1 12478 12566 12479 -1 12479 12566 12567 -1 12479 12567 12480 -1 12480 12567 12568 -1 12480 12568 12481 -1 12481 12568 12569 -1 12481 12569 12482 -1 12482 12569 12570 -1 12482 12570 12483 -1 12483 12570 12571 -1 12483 12571 12484 -1 12484 12571 12572 -1 12484 12572 12485 -1 12485 12572 12573 -1 12485 12573 12486 -1 12486 12573 12574 -1 12486 12574 12487 -1 12487 12574 12575 -1 12487 12575 12488 -1 12488 12575 12576 -1 12488 12576 12489 -1 12489 12576 12577 -1 12489 12577 12490 -1 12490 12577 12578 -1 12490 12578 12491 -1 12491 12578 12579 -1 12491 12579 12492 -1 12492 12579 12580 -1 12492 12580 12493 -1 12493 12580 12581 -1 12493 12581 12494 -1 12494 12581 12582 -1 12494 12582 12495 -1 12495 12582 12583 -1 12495 12583 12496 -1 12496 12583 12584 -1 12496 12584 12497 -1 12497 12584 12585 -1 12497 12585 89 -1 12498 0 12586 -1 12498 12586 12499 -1 12499 12586 12587 -1 12499 12587 12500 -1 12500 12587 12588 -1 12500 12588 12501 -1 12501 12588 12589 -1 12501 12589 12502 -1 12502 12589 12590 -1 12502 12590 12503 -1 12503 12590 12591 -1 12503 12591 12504 -1 12504 12591 12592 -1 12504 12592 12505 -1 12505 12592 12593 -1 12505 12593 12506 -1 12506 12593 12594 -1 12506 12594 12507 -1 12507 12594 12595 -1 12507 12595 12508 -1 12508 12595 12596 -1 12508 12596 12509 -1 12509 12596 12597 -1 12509 12597 12510 -1 12510 12597 12598 -1 12510 12598 12511 -1 12511 12598 12599 -1 12511 12599 12512 -1 12512 12599 12600 -1 12512 12600 12513 -1 12513 12600 12601 -1 12513 12601 12514 -1 12514 12601 12602 -1 12514 12602 12515 -1 12515 12602 12603 -1 12515 12603 12516 -1 12516 12603 12604 -1 12516 12604 12517 -1 12517 12604 12605 -1 12517 12605 12518 -1 12518 12605 12606 -1 12518 12606 12519 -1 12519 12606 12607 -1 12519 12607 12520 -1 12520 12607 12608 -1 12520 12608 12521 -1 12521 12608 12609 -1 12521 12609 12522 -1 12522 12609 12610 -1 12522 12610 12523 -1 12523 12610 12611 -1 12523 12611 12524 -1 12524 12611 12612 -1 12524 12612 12525 -1 12525 12612 12613 -1 12525 12613 12526 -1 12526 12613 12614 -1 12526 12614 12527 -1 12527 12614 12615 -1 12527 12615 12528 -1 12528 12615 12616 -1 12528 12616 12529 -1 12529 12616 12617 -1 12529 12617 12530 -1 12530 12617 12618 -1 12530 12618 12531 -1 12531 12618 12619 -1 12531 12619 12532 -1 12532 12619 12620 -1 12532 12620 12533 -1 12533 12620 12621 -1 12533 12621 12534 -1 12534 12621 12622 -1 12534 12622 12535 -1 12535 12622 12623 -1 12535 12623 12536 -1 12536 12623 12624 -1 12536 12624 12537 -1 12537 12624 12625 -1 12537 12625 12538 -1 12538 12625 12626 -1 12538 12626 12539 -1 12539 12626 12627 -1 12539 12627 12540 -1 12540 12627 12628 -1 12540 12628 12541 -1 12541 12628 12629 -1 12541 12629 12542 -1 12542 12629 12630 -1 12542 12630 12543 -1 12543 12630 12631 -1 12543 12631 12544 -1 12544 12631 12632 -1 12544 12632 12545 -1 12545 12632 12633 -1 12545 12633 12546 -1 12546 12633 12634 -1 12546 12634 12547 -1 12547 12634 12635 -1 12547 12635 12548 -1 12548 12635 12636 -1 12548 12636 12549 -1 12549 12636 12637 -1 12549 12637 12550 -1 12550 12637 12638 -1 12550 12638 12551 -1 12551 12638 12639 -1 12551 12639 12552 -1 12552 12639 12640 -1 12552 12640 12553 -1 12553 12640 12641 -1 12553 12641 12554 -1 12554 12641 12642 -1 12554 12642 12555 -1 12555 12642 12643 -1 12555 12643 12556 -1 12556 12643 12644 -1 12556 12644 12557 -1 12557 12644 12645 -1 12557 12645 12558 -1 12558 12645 12646 -1 12558 12646 12559 -1 12559 12646 12647 -1 12559 12647 12560 -1 12560 12647 12648 -1 12560 12648 12561 -1 12561 12648 12649 -1 12561 12649 12562 -1 12562 12649 12650 -1 12562 12650 12563 -1 12563 12650 12651 -1 12563 12651 12564 -1 12564 12651 12652 -1 12564 12652 12565 -1 12565 12652 12653 -1 12565 12653 12566 -1 12566 12653 12654 -1 12566 12654 12567 -1 12567 12654 12655 -1 12567 12655 12568 -1 12568 12655 12656 -1 12568 12656 12569 -1 12569 12656 12657 -1 12569 12657 12570 -1 12570 12657 12658 -1 12570 12658 12571 -1 12571 12658 12659 -1 12571 12659 12572 -1 12572 12659 12660 -1 12572 12660 12573 -1 12573 12660 12661 -1 12573 12661 12574 -1 12574 12661 12662 -1 12574 12662 12575 -1 12575 12662 12663 -1 12575 12663 12576 -1 12576 12663 12664 -1 12576 12664 12577 -1 12577 12664 12665 -1 12577 12665 12578 -1 12578 12665 12666 -1 12578 12666 12579 -1 12579 12666 12667 -1 12579 12667 12580 -1 12580 12667 12668 -1 12580 12668 12581 -1 12581 12668 12669 -1 12581 12669 12582 -1 12582 12669 12670 -1 12582 12670 12583 -1 12583 12670 12671 -1 12583 12671 12584 -1 12584 12671 12672 -1 12584 12672 12585 -1 12585 12672 12673 -1 12585 12673 89 -1 12586 0 12674 -1 12586 12674 12587 -1 12587 12674 12675 -1 12587 12675 12588 -1 12588 12675 12676 -1 12588 12676 12589 -1 12589 12676 12677 -1 12589 12677 12590 -1 12590 12677 12678 -1 12590 12678 12591 -1 12591 12678 12679 -1 12591 12679 12592 -1 12592 12679 12680 -1 12592 12680 12593 -1 12593 12680 12681 -1 12593 12681 12594 -1 12594 12681 12682 -1 12594 12682 12595 -1 12595 12682 12683 -1 12595 12683 12596 -1 12596 12683 12684 -1 12596 12684 12597 -1 12597 12684 12685 -1 12597 12685 12598 -1 12598 12685 12686 -1 12598 12686 12599 -1 12599 12686 12687 -1 12599 12687 12600 -1 12600 12687 12688 -1 12600 12688 12601 -1 12601 12688 12689 -1 12601 12689 12602 -1 12602 12689 12690 -1 12602 12690 12603 -1 12603 12690 12691 -1 12603 12691 12604 -1 12604 12691 12692 -1 12604 12692 12605 -1 12605 12692 12693 -1 12605 12693 12606 -1 12606 12693 12694 -1 12606 12694 12607 -1 12607 12694 12695 -1 12607 12695 12608 -1 12608 12695 12696 -1 12608 12696 12609 -1 12609 12696 12697 -1 12609 12697 12610 -1 12610 12697 12698 -1 12610 12698 12611 -1 12611 12698 12699 -1 12611 12699 12612 -1 12612 12699 12700 -1 12612 12700 12613 -1 12613 12700 12701 -1 12613 12701 12614 -1 12614 12701 12702 -1 12614 12702 12615 -1 12615 12702 12703 -1 12615 12703 12616 -1 12616 12703 12704 -1 12616 12704 12617 -1 12617 12704 12705 -1 12617 12705 12618 -1 12618 12705 12706 -1 12618 12706 12619 -1 12619 12706 12707 -1 12619 12707 12620 -1 12620 12707 12708 -1 12620 12708 12621 -1 12621 12708 12709 -1 12621 12709 12622 -1 12622 12709 12710 -1 12622 12710 12623 -1 12623 12710 12711 -1 12623 12711 12624 -1 12624 12711 12712 -1 12624 12712 12625 -1 12625 12712 12713 -1 12625 12713 12626 -1 12626 12713 12714 -1 12626 12714 12627 -1 12627 12714 12715 -1 12627 12715 12628 -1 12628 12715 12716 -1 12628 12716 12629 -1 12629 12716 12717 -1 12629 12717 12630 -1 12630 12717 12718 -1 12630 12718 12631 -1 12631 12718 12719 -1 12631 12719 12632 -1 12632 12719 12720 -1 12632 12720 12633 -1 12633 12720 12721 -1 12633 12721 12634 -1 12634 12721 12722 -1 12634 12722 12635 -1 12635 12722 12723 -1 12635 12723 12636 -1 12636 12723 12724 -1 12636 12724 12637 -1 12637 12724 12725 -1 12637 12725 12638 -1 12638 12725 12726 -1 12638 12726 12639 -1 12639 12726 12727 -1 12639 12727 12640 -1 12640 12727 12728 -1 12640 12728 12641 -1 12641 12728 12729 -1 12641 12729 12642 -1 12642 12729 12730 -1 12642 12730 12643 -1 12643 12730 12731 -1 12643 12731 12644 -1 12644 12731 12732 -1 12644 12732 12645 -1 12645 12732 12733 -1 12645 12733 12646 -1 12646 12733 12734 -1 12646 12734 12647 -1 12647 12734 12735 -1 12647 12735 12648 -1 12648 12735 12736 -1 12648 12736 12649 -1 12649 12736 12737 -1 12649 12737 12650 -1 12650 12737 12738 -1 12650 12738 12651 -1 12651 12738 12739 -1 12651 12739 12652 -1 12652 12739 12740 -1 12652 12740 12653 -1 12653 12740 12741 -1 12653 12741 12654 -1 12654 12741 12742 -1 12654 12742 12655 -1 12655 12742 12743 -1 12655 12743 12656 -1 12656 12743 12744 -1 12656 12744 12657 -1 12657 12744 12745 -1 12657 12745 12658 -1 12658 12745 12746 -1 12658 12746 12659 -1 12659 12746 12747 -1 12659 12747 12660 -1 12660 12747 12748 -1 12660 12748 12661 -1 12661 12748 12749 -1 12661 12749 12662 -1 12662 12749 12750 -1 12662 12750 12663 -1 12663 12750 12751 -1 12663 12751 12664 -1 12664 12751 12752 -1 12664 12752 12665 -1 12665 12752 12753 -1 12665 12753 12666 -1 12666 12753 12754 -1 12666 12754 12667 -1 12667 12754 12755 -1 12667 12755 12668 -1 12668 12755 12756 -1 12668 12756 12669 -1 12669 12756 12757 -1 12669 12757 12670 -1 12670 12757 12758 -1 12670 12758 12671 -1 12671 12758 12759 -1 12671 12759 12672 -1 12672 12759 12760 -1 12672 12760 12673 -1 12673 12760 12761 -1 12673 12761 89 -1 12674 0 12762 -1 12674 12762 12675 -1 12675 12762 12763 -1 12675 12763 12676 -1 12676 12763 12764 -1 12676 12764 12677 -1 12677 12764 12765 -1 12677 12765 12678 -1 12678 12765 12766 -1 12678 12766 12679 -1 12679 12766 12767 -1 12679 12767 12680 -1 12680 12767 12768 -1 12680 12768 12681 -1 12681 12768 12769 -1 12681 12769 12682 -1 12682 12769 12770 -1 12682 12770 12683 -1 12683 12770 12771 -1 12683 12771 12684 -1 12684 12771 12772 -1 12684 12772 12685 -1 12685 12772 12773 -1 12685 12773 12686 -1 12686 12773 12774 -1 12686 12774 12687 -1 12687 12774 12775 -1 12687 12775 12688 -1 12688 12775 12776 -1 12688 12776 12689 -1 12689 12776 12777 -1 12689 12777 12690 -1 12690 12777 12778 -1 12690 12778 12691 -1 12691 12778 12779 -1 12691 12779 12692 -1 12692 12779 12780 -1 12692 12780 12693 -1 12693 12780 12781 -1 12693 12781 12694 -1 12694 12781 12782 -1 12694 12782 12695 -1 12695 12782 12783 -1 12695 12783 12696 -1 12696 12783 12784 -1 12696 12784 12697 -1 12697 12784 12785 -1 12697 12785 12698 -1 12698 12785 12786 -1 12698 12786 12699 -1 12699 12786 12787 -1 12699 12787 12700 -1 12700 12787 12788 -1 12700 12788 12701 -1 12701 12788 12789 -1 12701 12789 12702 -1 12702 12789 12790 -1 12702 12790 12703 -1 12703 12790 12791 -1 12703 12791 12704 -1 12704 12791 12792 -1 12704 12792 12705 -1 12705 12792 12793 -1 12705 12793 12706 -1 12706 12793 12794 -1 12706 12794 12707 -1 12707 12794 12795 -1 12707 12795 12708 -1 12708 12795 12796 -1 12708 12796 12709 -1 12709 12796 12797 -1 12709 12797 12710 -1 12710 12797 12798 -1 12710 12798 12711 -1 12711 12798 12799 -1 12711 12799 12712 -1 12712 12799 12800 -1 12712 12800 12713 -1 12713 12800 12801 -1 12713 12801 12714 -1 12714 12801 12802 -1 12714 12802 12715 -1 12715 12802 12803 -1 12715 12803 12716 -1 12716 12803 12804 -1 12716 12804 12717 -1 12717 12804 12805 -1 12717 12805 12718 -1 12718 12805 12806 -1 12718 12806 12719 -1 12719 12806 12807 -1 12719 12807 12720 -1 12720 12807 12808 -1 12720 12808 12721 -1 12721 12808 12809 -1 12721 12809 12722 -1 12722 12809 12810 -1 12722 12810 12723 -1 12723 12810 12811 -1 12723 12811 12724 -1 12724 12811 12812 -1 12724 12812 12725 -1 12725 12812 12813 -1 12725 12813 12726 -1 12726 12813 12814 -1 12726 12814 12727 -1 12727 12814 12815 -1 12727 12815 12728 -1 12728 12815 12816 -1 12728 12816 12729 -1 12729 12816 12817 -1 12729 12817 12730 -1 12730 12817 12818 -1 12730 12818 12731 -1 12731 12818 12819 -1 12731 12819 12732 -1 12732 12819 12820 -1 12732 12820 12733 -1 12733 12820 12821 -1 12733 12821 12734 -1 12734 12821 12822 -1 12734 12822 12735 -1 12735 12822 12823 -1 12735 12823 12736 -1 12736 12823 12824 -1 12736 12824 12737 -1 12737 12824 12825 -1 12737 12825 12738 -1 12738 12825 12826 -1 12738 12826 12739 -1 12739 12826 12827 -1 12739 12827 12740 -1 12740 12827 12828 -1 12740 12828 12741 -1 12741 12828 12829 -1 12741 12829 12742 -1 12742 12829 12830 -1 12742 12830 12743 -1 12743 12830 12831 -1 12743 12831 12744 -1 12744 12831 12832 -1 12744 12832 12745 -1 12745 12832 12833 -1 12745 12833 12746 -1 12746 12833 12834 -1 12746 12834 12747 -1 12747 12834 12835 -1 12747 12835 12748 -1 12748 12835 12836 -1 12748 12836 12749 -1 12749 12836 12837 -1 12749 12837 12750 -1 12750 12837 12838 -1 12750 12838 12751 -1 12751 12838 12839 -1 12751 12839 12752 -1 12752 12839 12840 -1 12752 12840 12753 -1 12753 12840 12841 -1 12753 12841 12754 -1 12754 12841 12842 -1 12754 12842 12755 -1 12755 12842 12843 -1 12755 12843 12756 -1 12756 12843 12844 -1 12756 12844 12757 -1 12757 12844 12845 -1 12757 12845 12758 -1 12758 12845 12846 -1 12758 12846 12759 -1 12759 12846 12847 -1 12759 12847 12760 -1 12760 12847 12848 -1 12760 12848 12761 -1 12761 12848 12849 -1 12761 12849 89 -1 12762 0 12850 -1 12762 12850 12763 -1 12763 12850 12851 -1 12763 12851 12764 -1 12764 12851 12852 -1 12764 12852 12765 -1 12765 12852 12853 -1 12765 12853 12766 -1 12766 12853 12854 -1 12766 12854 12767 -1 12767 12854 12855 -1 12767 12855 12768 -1 12768 12855 12856 -1 12768 12856 12769 -1 12769 12856 12857 -1 12769 12857 12770 -1 12770 12857 12858 -1 12770 12858 12771 -1 12771 12858 12859 -1 12771 12859 12772 -1 12772 12859 12860 -1 12772 12860 12773 -1 12773 12860 12861 -1 12773 12861 12774 -1 12774 12861 12862 -1 12774 12862 12775 -1 12775 12862 12863 -1 12775 12863 12776 -1 12776 12863 12864 -1 12776 12864 12777 -1 12777 12864 12865 -1 12777 12865 12778 -1 12778 12865 12866 -1 12778 12866 12779 -1 12779 12866 12867 -1 12779 12867 12780 -1 12780 12867 12868 -1 12780 12868 12781 -1 12781 12868 12869 -1 12781 12869 12782 -1 12782 12869 12870 -1 12782 12870 12783 -1 12783 12870 12871 -1 12783 12871 12784 -1 12784 12871 12872 -1 12784 12872 12785 -1 12785 12872 12873 -1 12785 12873 12786 -1 12786 12873 12874 -1 12786 12874 12787 -1 12787 12874 12875 -1 12787 12875 12788 -1 12788 12875 12876 -1 12788 12876 12789 -1 12789 12876 12877 -1 12789 12877 12790 -1 12790 12877 12878 -1 12790 12878 12791 -1 12791 12878 12879 -1 12791 12879 12792 -1 12792 12879 12880 -1 12792 12880 12793 -1 12793 12880 12881 -1 12793 12881 12794 -1 12794 12881 12882 -1 12794 12882 12795 -1 12795 12882 12883 -1 12795 12883 12796 -1 12796 12883 12884 -1 12796 12884 12797 -1 12797 12884 12885 -1 12797 12885 12798 -1 12798 12885 12886 -1 12798 12886 12799 -1 12799 12886 12887 -1 12799 12887 12800 -1 12800 12887 12888 -1 12800 12888 12801 -1 12801 12888 12889 -1 12801 12889 12802 -1 12802 12889 12890 -1 12802 12890 12803 -1 12803 12890 12891 -1 12803 12891 12804 -1 12804 12891 12892 -1 12804 12892 12805 -1 12805 12892 12893 -1 12805 12893 12806 -1 12806 12893 12894 -1 12806 12894 12807 -1 12807 12894 12895 -1 12807 12895 12808 -1 12808 12895 12896 -1 12808 12896 12809 -1 12809 12896 12897 -1 12809 12897 12810 -1 12810 12897 12898 -1 12810 12898 12811 -1 12811 12898 12899 -1 12811 12899 12812 -1 12812 12899 12900 -1 12812 12900 12813 -1 12813 12900 12901 -1 12813 12901 12814 -1 12814 12901 12902 -1 12814 12902 12815 -1 12815 12902 12903 -1 12815 12903 12816 -1 12816 12903 12904 -1 12816 12904 12817 -1 12817 12904 12905 -1 12817 12905 12818 -1 12818 12905 12906 -1 12818 12906 12819 -1 12819 12906 12907 -1 12819 12907 12820 -1 12820 12907 12908 -1 12820 12908 12821 -1 12821 12908 12909 -1 12821 12909 12822 -1 12822 12909 12910 -1 12822 12910 12823 -1 12823 12910 12911 -1 12823 12911 12824 -1 12824 12911 12912 -1 12824 12912 12825 -1 12825 12912 12913 -1 12825 12913 12826 -1 12826 12913 12914 -1 12826 12914 12827 -1 12827 12914 12915 -1 12827 12915 12828 -1 12828 12915 12916 -1 12828 12916 12829 -1 12829 12916 12917 -1 12829 12917 12830 -1 12830 12917 12918 -1 12830 12918 12831 -1 12831 12918 12919 -1 12831 12919 12832 -1 12832 12919 12920 -1 12832 12920 12833 -1 12833 12920 12921 -1 12833 12921 12834 -1 12834 12921 12922 -1 12834 12922 12835 -1 12835 12922 12923 -1 12835 12923 12836 -1 12836 12923 12924 -1 12836 12924 12837 -1 12837 12924 12925 -1 12837 12925 12838 -1 12838 12925 12926 -1 12838 12926 12839 -1 12839 12926 12927 -1 12839 12927 12840 -1 12840 12927 12928 -1 12840 12928 12841 -1 12841 12928 12929 -1 12841 12929 12842 -1 12842 12929 12930 -1 12842 12930 12843 -1 12843 12930 12931 -1 12843 12931 12844 -1 12844 12931 12932 -1 12844 12932 12845 -1 12845 12932 12933 -1 12845 12933 12846 -1 12846 12933 12934 -1 12846 12934 12847 -1 12847 12934 12935 -1 12847 12935 12848 -1 12848 12935 12936 -1 12848 12936 12849 -1 12849 12936 12937 -1 12849 12937 89 -1 12850 0 12938 -1 12850 12938 12851 -1 12851 12938 12939 -1 12851 12939 12852 -1 12852 12939 12940 -1 12852 12940 12853 -1 12853 12940 12941 -1 12853 12941 12854 -1 12854 12941 12942 -1 12854 12942 12855 -1 12855 12942 12943 -1 12855 12943 12856 -1 12856 12943 12944 -1 12856 12944 12857 -1 12857 12944 12945 -1 12857 12945 12858 -1 12858 12945 12946 -1 12858 12946 12859 -1 12859 12946 12947 -1 12859 12947 12860 -1 12860 12947 12948 -1 12860 12948 12861 -1 12861 12948 12949 -1 12861 12949 12862 -1 12862 12949 12950 -1 12862 12950 12863 -1 12863 12950 12951 -1 12863 12951 12864 -1 12864 12951 12952 -1 12864 12952 12865 -1 12865 12952 12953 -1 12865 12953 12866 -1 12866 12953 12954 -1 12866 12954 12867 -1 12867 12954 12955 -1 12867 12955 12868 -1 12868 12955 12956 -1 12868 12956 12869 -1 12869 12956 12957 -1 12869 12957 12870 -1 12870 12957 12958 -1 12870 12958 12871 -1 12871 12958 12959 -1 12871 12959 12872 -1 12872 12959 12960 -1 12872 12960 12873 -1 12873 12960 12961 -1 12873 12961 12874 -1 12874 12961 12962 -1 12874 12962 12875 -1 12875 12962 12963 -1 12875 12963 12876 -1 12876 12963 12964 -1 12876 12964 12877 -1 12877 12964 12965 -1 12877 12965 12878 -1 12878 12965 12966 -1 12878 12966 12879 -1 12879 12966 12967 -1 12879 12967 12880 -1 12880 12967 12968 -1 12880 12968 12881 -1 12881 12968 12969 -1 12881 12969 12882 -1 12882 12969 12970 -1 12882 12970 12883 -1 12883 12970 12971 -1 12883 12971 12884 -1 12884 12971 12972 -1 12884 12972 12885 -1 12885 12972 12973 -1 12885 12973 12886 -1 12886 12973 12974 -1 12886 12974 12887 -1 12887 12974 12975 -1 12887 12975 12888 -1 12888 12975 12976 -1 12888 12976 12889 -1 12889 12976 12977 -1 12889 12977 12890 -1 12890 12977 12978 -1 12890 12978 12891 -1 12891 12978 12979 -1 12891 12979 12892 -1 12892 12979 12980 -1 12892 12980 12893 -1 12893 12980 12981 -1 12893 12981 12894 -1 12894 12981 12982 -1 12894 12982 12895 -1 12895 12982 12983 -1 12895 12983 12896 -1 12896 12983 12984 -1 12896 12984 12897 -1 12897 12984 12985 -1 12897 12985 12898 -1 12898 12985 12986 -1 12898 12986 12899 -1 12899 12986 12987 -1 12899 12987 12900 -1 12900 12987 12988 -1 12900 12988 12901 -1 12901 12988 12989 -1 12901 12989 12902 -1 12902 12989 12990 -1 12902 12990 12903 -1 12903 12990 12991 -1 12903 12991 12904 -1 12904 12991 12992 -1 12904 12992 12905 -1 12905 12992 12993 -1 12905 12993 12906 -1 12906 12993 12994 -1 12906 12994 12907 -1 12907 12994 12995 -1 12907 12995 12908 -1 12908 12995 12996 -1 12908 12996 12909 -1 12909 12996 12997 -1 12909 12997 12910 -1 12910 12997 12998 -1 12910 12998 12911 -1 12911 12998 12999 -1 12911 12999 12912 -1 12912 12999 13000 -1 12912 13000 12913 -1 12913 13000 13001 -1 12913 13001 12914 -1 12914 13001 13002 -1 12914 13002 12915 -1 12915 13002 13003 -1 12915 13003 12916 -1 12916 13003 13004 -1 12916 13004 12917 -1 12917 13004 13005 -1 12917 13005 12918 -1 12918 13005 13006 -1 12918 13006 12919 -1 12919 13006 13007 -1 12919 13007 12920 -1 12920 13007 13008 -1 12920 13008 12921 -1 12921 13008 13009 -1 12921 13009 12922 -1 12922 13009 13010 -1 12922 13010 12923 -1 12923 13010 13011 -1 12923 13011 12924 -1 12924 13011 13012 -1 12924 13012 12925 -1 12925 13012 13013 -1 12925 13013 12926 -1 12926 13013 13014 -1 12926 13014 12927 -1 12927 13014 13015 -1 12927 13015 12928 -1 12928 13015 13016 -1 12928 13016 12929 -1 12929 13016 13017 -1 12929 13017 12930 -1 12930 13017 13018 -1 12930 13018 12931 -1 12931 13018 13019 -1 12931 13019 12932 -1 12932 13019 13020 -1 12932 13020 12933 -1 12933 13020 13021 -1 12933 13021 12934 -1 12934 13021 13022 -1 12934 13022 12935 -1 12935 13022 13023 -1 12935 13023 12936 -1 12936 13023 13024 -1 12936 13024 12937 -1 12937 13024 13025 -1 12937 13025 89 -1 12938 0 13026 -1 12938 13026 12939 -1 12939 13026 13027 -1 12939 13027 12940 -1 12940 13027 13028 -1 12940 13028 12941 -1 12941 13028 13029 -1 12941 13029 12942 -1 12942 13029 13030 -1 12942 13030 12943 -1 12943 13030 13031 -1 12943 13031 12944 -1 12944 13031 13032 -1 12944 13032 12945 -1 12945 13032 13033 -1 12945 13033 12946 -1 12946 13033 13034 -1 12946 13034 12947 -1 12947 13034 13035 -1 12947 13035 12948 -1 12948 13035 13036 -1 12948 13036 12949 -1 12949 13036 13037 -1 12949 13037 12950 -1 12950 13037 13038 -1 12950 13038 12951 -1 12951 13038 13039 -1 12951 13039 12952 -1 12952 13039 13040 -1 12952 13040 12953 -1 12953 13040 13041 -1 12953 13041 12954 -1 12954 13041 13042 -1 12954 13042 12955 -1 12955 13042 13043 -1 12955 13043 12956 -1 12956 13043 13044 -1 12956 13044 12957 -1 12957 13044 13045 -1 12957 13045 12958 -1 12958 13045 13046 -1 12958 13046 12959 -1 12959 13046 13047 -1 12959 13047 12960 -1 12960 13047 13048 -1 12960 13048 12961 -1 12961 13048 13049 -1 12961 13049 12962 -1 12962 13049 13050 -1 12962 13050 12963 -1 12963 13050 13051 -1 12963 13051 12964 -1 12964 13051 13052 -1 12964 13052 12965 -1 12965 13052 13053 -1 12965 13053 12966 -1 12966 13053 13054 -1 12966 13054 12967 -1 12967 13054 13055 -1 12967 13055 12968 -1 12968 13055 13056 -1 12968 13056 12969 -1 12969 13056 13057 -1 12969 13057 12970 -1 12970 13057 13058 -1 12970 13058 12971 -1 12971 13058 13059 -1 12971 13059 12972 -1 12972 13059 13060 -1 12972 13060 12973 -1 12973 13060 13061 -1 12973 13061 12974 -1 12974 13061 13062 -1 12974 13062 12975 -1 12975 13062 13063 -1 12975 13063 12976 -1 12976 13063 13064 -1 12976 13064 12977 -1 12977 13064 13065 -1 12977 13065 12978 -1 12978 13065 13066 -1 12978 13066 12979 -1 12979 13066 13067 -1 12979 13067 12980 -1 12980 13067 13068 -1 12980 13068 12981 -1 12981 13068 13069 -1 12981 13069 12982 -1 12982 13069 13070 -1 12982 13070 12983 -1 12983 13070 13071 -1 12983 13071 12984 -1 12984 13071 13072 -1 12984 13072 12985 -1 12985 13072 13073 -1 12985 13073 12986 -1 12986 13073 13074 -1 12986 13074 12987 -1 12987 13074 13075 -1 12987 13075 12988 -1 12988 13075 13076 -1 12988 13076 12989 -1 12989 13076 13077 -1 12989 13077 12990 -1 12990 13077 13078 -1 12990 13078 12991 -1 12991 13078 13079 -1 12991 13079 12992 -1 12992 13079 13080 -1 12992 13080 12993 -1 12993 13080 13081 -1 12993 13081 12994 -1 12994 13081 13082 -1 12994 13082 12995 -1 12995 13082 13083 -1 12995 13083 12996 -1 12996 13083 13084 -1 12996 13084 12997 -1 12997 13084 13085 -1 12997 13085 12998 -1 12998 13085 13086 -1 12998 13086 12999 -1 12999 13086 13087 -1 12999 13087 13000 -1 13000 13087 13088 -1 13000 13088 13001 -1 13001 13088 13089 -1 13001 13089 13002 -1 13002 13089 13090 -1 13002 13090 13003 -1 13003 13090 13091 -1 13003 13091 13004 -1 13004 13091 13092 -1 13004 13092 13005 -1 13005 13092 13093 -1 13005 13093 13006 -1 13006 13093 13094 -1 13006 13094 13007 -1 13007 13094 13095 -1 13007 13095 13008 -1 13008 13095 13096 -1 13008 13096 13009 -1 13009 13096 13097 -1 13009 13097 13010 -1 13010 13097 13098 -1 13010 13098 13011 -1 13011 13098 13099 -1 13011 13099 13012 -1 13012 13099 13100 -1 13012 13100 13013 -1 13013 13100 13101 -1 13013 13101 13014 -1 13014 13101 13102 -1 13014 13102 13015 -1 13015 13102 13103 -1 13015 13103 13016 -1 13016 13103 13104 -1 13016 13104 13017 -1 13017 13104 13105 -1 13017 13105 13018 -1 13018 13105 13106 -1 13018 13106 13019 -1 13019 13106 13107 -1 13019 13107 13020 -1 13020 13107 13108 -1 13020 13108 13021 -1 13021 13108 13109 -1 13021 13109 13022 -1 13022 13109 13110 -1 13022 13110 13023 -1 13023 13110 13111 -1 13023 13111 13024 -1 13024 13111 13112 -1 13024 13112 13025 -1 13025 13112 13113 -1 13025 13113 89 -1 13026 0 13114 -1 13026 13114 13027 -1 13027 13114 13115 -1 13027 13115 13028 -1 13028 13115 13116 -1 13028 13116 13029 -1 13029 13116 13117 -1 13029 13117 13030 -1 13030 13117 13118 -1 13030 13118 13031 -1 13031 13118 13119 -1 13031 13119 13032 -1 13032 13119 13120 -1 13032 13120 13033 -1 13033 13120 13121 -1 13033 13121 13034 -1 13034 13121 13122 -1 13034 13122 13035 -1 13035 13122 13123 -1 13035 13123 13036 -1 13036 13123 13124 -1 13036 13124 13037 -1 13037 13124 13125 -1 13037 13125 13038 -1 13038 13125 13126 -1 13038 13126 13039 -1 13039 13126 13127 -1 13039 13127 13040 -1 13040 13127 13128 -1 13040 13128 13041 -1 13041 13128 13129 -1 13041 13129 13042 -1 13042 13129 13130 -1 13042 13130 13043 -1 13043 13130 13131 -1 13043 13131 13044 -1 13044 13131 13132 -1 13044 13132 13045 -1 13045 13132 13133 -1 13045 13133 13046 -1 13046 13133 13134 -1 13046 13134 13047 -1 13047 13134 13135 -1 13047 13135 13048 -1 13048 13135 13136 -1 13048 13136 13049 -1 13049 13136 13137 -1 13049 13137 13050 -1 13050 13137 13138 -1 13050 13138 13051 -1 13051 13138 13139 -1 13051 13139 13052 -1 13052 13139 13140 -1 13052 13140 13053 -1 13053 13140 13141 -1 13053 13141 13054 -1 13054 13141 13142 -1 13054 13142 13055 -1 13055 13142 13143 -1 13055 13143 13056 -1 13056 13143 13144 -1 13056 13144 13057 -1 13057 13144 13145 -1 13057 13145 13058 -1 13058 13145 13146 -1 13058 13146 13059 -1 13059 13146 13147 -1 13059 13147 13060 -1 13060 13147 13148 -1 13060 13148 13061 -1 13061 13148 13149 -1 13061 13149 13062 -1 13062 13149 13150 -1 13062 13150 13063 -1 13063 13150 13151 -1 13063 13151 13064 -1 13064 13151 13152 -1 13064 13152 13065 -1 13065 13152 13153 -1 13065 13153 13066 -1 13066 13153 13154 -1 13066 13154 13067 -1 13067 13154 13155 -1 13067 13155 13068 -1 13068 13155 13156 -1 13068 13156 13069 -1 13069 13156 13157 -1 13069 13157 13070 -1 13070 13157 13158 -1 13070 13158 13071 -1 13071 13158 13159 -1 13071 13159 13072 -1 13072 13159 13160 -1 13072 13160 13073 -1 13073 13160 13161 -1 13073 13161 13074 -1 13074 13161 13162 -1 13074 13162 13075 -1 13075 13162 13163 -1 13075 13163 13076 -1 13076 13163 13164 -1 13076 13164 13077 -1 13077 13164 13165 -1 13077 13165 13078 -1 13078 13165 13166 -1 13078 13166 13079 -1 13079 13166 13167 -1 13079 13167 13080 -1 13080 13167 13168 -1 13080 13168 13081 -1 13081 13168 13169 -1 13081 13169 13082 -1 13082 13169 13170 -1 13082 13170 13083 -1 13083 13170 13171 -1 13083 13171 13084 -1 13084 13171 13172 -1 13084 13172 13085 -1 13085 13172 13173 -1 13085 13173 13086 -1 13086 13173 13174 -1 13086 13174 13087 -1 13087 13174 13175 -1 13087 13175 13088 -1 13088 13175 13176 -1 13088 13176 13089 -1 13089 13176 13177 -1 13089 13177 13090 -1 13090 13177 13178 -1 13090 13178 13091 -1 13091 13178 13179 -1 13091 13179 13092 -1 13092 13179 13180 -1 13092 13180 13093 -1 13093 13180 13181 -1 13093 13181 13094 -1 13094 13181 13182 -1 13094 13182 13095 -1 13095 13182 13183 -1 13095 13183 13096 -1 13096 13183 13184 -1 13096 13184 13097 -1 13097 13184 13185 -1 13097 13185 13098 -1 13098 13185 13186 -1 13098 13186 13099 -1 13099 13186 13187 -1 13099 13187 13100 -1 13100 13187 13188 -1 13100 13188 13101 -1 13101 13188 13189 -1 13101 13189 13102 -1 13102 13189 13190 -1 13102 13190 13103 -1 13103 13190 13191 -1 13103 13191 13104 -1 13104 13191 13192 -1 13104 13192 13105 -1 13105 13192 13193 -1 13105 13193 13106 -1 13106 13193 13194 -1 13106 13194 13107 -1 13107 13194 13195 -1 13107 13195 13108 -1 13108 13195 13196 -1 13108 13196 13109 -1 13109 13196 13197 -1 13109 13197 13110 -1 13110 13197 13198 -1 13110 13198 13111 -1 13111 13198 13199 -1 13111 13199 13112 -1 13112 13199 13200 -1 13112 13200 13113 -1 13113 13200 13201 -1 13113 13201 89 -1 13114 0 13202 -1 13114 13202 13115 -1 13115 13202 13203 -1 13115 13203 13116 -1 13116 13203 13204 -1 13116 13204 13117 -1 13117 13204 13205 -1 13117 13205 13118 -1 13118 13205 13206 -1 13118 13206 13119 -1 13119 13206 13207 -1 13119 13207 13120 -1 13120 13207 13208 -1 13120 13208 13121 -1 13121 13208 13209 -1 13121 13209 13122 -1 13122 13209 13210 -1 13122 13210 13123 -1 13123 13210 13211 -1 13123 13211 13124 -1 13124 13211 13212 -1 13124 13212 13125 -1 13125 13212 13213 -1 13125 13213 13126 -1 13126 13213 13214 -1 13126 13214 13127 -1 13127 13214 13215 -1 13127 13215 13128 -1 13128 13215 13216 -1 13128 13216 13129 -1 13129 13216 13217 -1 13129 13217 13130 -1 13130 13217 13218 -1 13130 13218 13131 -1 13131 13218 13219 -1 13131 13219 13132 -1 13132 13219 13220 -1 13132 13220 13133 -1 13133 13220 13221 -1 13133 13221 13134 -1 13134 13221 13222 -1 13134 13222 13135 -1 13135 13222 13223 -1 13135 13223 13136 -1 13136 13223 13224 -1 13136 13224 13137 -1 13137 13224 13225 -1 13137 13225 13138 -1 13138 13225 13226 -1 13138 13226 13139 -1 13139 13226 13227 -1 13139 13227 13140 -1 13140 13227 13228 -1 13140 13228 13141 -1 13141 13228 13229 -1 13141 13229 13142 -1 13142 13229 13230 -1 13142 13230 13143 -1 13143 13230 13231 -1 13143 13231 13144 -1 13144 13231 13232 -1 13144 13232 13145 -1 13145 13232 13233 -1 13145 13233 13146 -1 13146 13233 13234 -1 13146 13234 13147 -1 13147 13234 13235 -1 13147 13235 13148 -1 13148 13235 13236 -1 13148 13236 13149 -1 13149 13236 13237 -1 13149 13237 13150 -1 13150 13237 13238 -1 13150 13238 13151 -1 13151 13238 13239 -1 13151 13239 13152 -1 13152 13239 13240 -1 13152 13240 13153 -1 13153 13240 13241 -1 13153 13241 13154 -1 13154 13241 13242 -1 13154 13242 13155 -1 13155 13242 13243 -1 13155 13243 13156 -1 13156 13243 13244 -1 13156 13244 13157 -1 13157 13244 13245 -1 13157 13245 13158 -1 13158 13245 13246 -1 13158 13246 13159 -1 13159 13246 13247 -1 13159 13247 13160 -1 13160 13247 13248 -1 13160 13248 13161 -1 13161 13248 13249 -1 13161 13249 13162 -1 13162 13249 13250 -1 13162 13250 13163 -1 13163 13250 13251 -1 13163 13251 13164 -1 13164 13251 13252 -1 13164 13252 13165 -1 13165 13252 13253 -1 13165 13253 13166 -1 13166 13253 13254 -1 13166 13254 13167 -1 13167 13254 13255 -1 13167 13255 13168 -1 13168 13255 13256 -1 13168 13256 13169 -1 13169 13256 13257 -1 13169 13257 13170 -1 13170 13257 13258 -1 13170 13258 13171 -1 13171 13258 13259 -1 13171 13259 13172 -1 13172 13259 13260 -1 13172 13260 13173 -1 13173 13260 13261 -1 13173 13261 13174 -1 13174 13261 13262 -1 13174 13262 13175 -1 13175 13262 13263 -1 13175 13263 13176 -1 13176 13263 13264 -1 13176 13264 13177 -1 13177 13264 13265 -1 13177 13265 13178 -1 13178 13265 13266 -1 13178 13266 13179 -1 13179 13266 13267 -1 13179 13267 13180 -1 13180 13267 13268 -1 13180 13268 13181 -1 13181 13268 13269 -1 13181 13269 13182 -1 13182 13269 13270 -1 13182 13270 13183 -1 13183 13270 13271 -1 13183 13271 13184 -1 13184 13271 13272 -1 13184 13272 13185 -1 13185 13272 13273 -1 13185 13273 13186 -1 13186 13273 13274 -1 13186 13274 13187 -1 13187 13274 13275 -1 13187 13275 13188 -1 13188 13275 13276 -1 13188 13276 13189 -1 13189 13276 13277 -1 13189 13277 13190 -1 13190 13277 13278 -1 13190 13278 13191 -1 13191 13278 13279 -1 13191 13279 13192 -1 13192 13279 13280 -1 13192 13280 13193 -1 13193 13280 13281 -1 13193 13281 13194 -1 13194 13281 13282 -1 13194 13282 13195 -1 13195 13282 13283 -1 13195 13283 13196 -1 13196 13283 13284 -1 13196 13284 13197 -1 13197 13284 13285 -1 13197 13285 13198 -1 13198 13285 13286 -1 13198 13286 13199 -1 13199 13286 13287 -1 13199 13287 13200 -1 13200 13287 13288 -1 13200 13288 13201 -1 13201 13288 13289 -1 13201 13289 89 -1 13202 0 13290 -1 13202 13290 13203 -1 13203 13290 13291 -1 13203 13291 13204 -1 13204 13291 13292 -1 13204 13292 13205 -1 13205 13292 13293 -1 13205 13293 13206 -1 13206 13293 13294 -1 13206 13294 13207 -1 13207 13294 13295 -1 13207 13295 13208 -1 13208 13295 13296 -1 13208 13296 13209 -1 13209 13296 13297 -1 13209 13297 13210 -1 13210 13297 13298 -1 13210 13298 13211 -1 13211 13298 13299 -1 13211 13299 13212 -1 13212 13299 13300 -1 13212 13300 13213 -1 13213 13300 13301 -1 13213 13301 13214 -1 13214 13301 13302 -1 13214 13302 13215 -1 13215 13302 13303 -1 13215 13303 13216 -1 13216 13303 13304 -1 13216 13304 13217 -1 13217 13304 13305 -1 13217 13305 13218 -1 13218 13305 13306 -1 13218 13306 13219 -1 13219 13306 13307 -1 13219 13307 13220 -1 13220 13307 13308 -1 13220 13308 13221 -1 13221 13308 13309 -1 13221 13309 13222 -1 13222 13309 13310 -1 13222 13310 13223 -1 13223 13310 13311 -1 13223 13311 13224 -1 13224 13311 13312 -1 13224 13312 13225 -1 13225 13312 13313 -1 13225 13313 13226 -1 13226 13313 13314 -1 13226 13314 13227 -1 13227 13314 13315 -1 13227 13315 13228 -1 13228 13315 13316 -1 13228 13316 13229 -1 13229 13316 13317 -1 13229 13317 13230 -1 13230 13317 13318 -1 13230 13318 13231 -1 13231 13318 13319 -1 13231 13319 13232 -1 13232 13319 13320 -1 13232 13320 13233 -1 13233 13320 13321 -1 13233 13321 13234 -1 13234 13321 13322 -1 13234 13322 13235 -1 13235 13322 13323 -1 13235 13323 13236 -1 13236 13323 13324 -1 13236 13324 13237 -1 13237 13324 13325 -1 13237 13325 13238 -1 13238 13325 13326 -1 13238 13326 13239 -1 13239 13326 13327 -1 13239 13327 13240 -1 13240 13327 13328 -1 13240 13328 13241 -1 13241 13328 13329 -1 13241 13329 13242 -1 13242 13329 13330 -1 13242 13330 13243 -1 13243 13330 13331 -1 13243 13331 13244 -1 13244 13331 13332 -1 13244 13332 13245 -1 13245 13332 13333 -1 13245 13333 13246 -1 13246 13333 13334 -1 13246 13334 13247 -1 13247 13334 13335 -1 13247 13335 13248 -1 13248 13335 13336 -1 13248 13336 13249 -1 13249 13336 13337 -1 13249 13337 13250 -1 13250 13337 13338 -1 13250 13338 13251 -1 13251 13338 13339 -1 13251 13339 13252 -1 13252 13339 13340 -1 13252 13340 13253 -1 13253 13340 13341 -1 13253 13341 13254 -1 13254 13341 13342 -1 13254 13342 13255 -1 13255 13342 13343 -1 13255 13343 13256 -1 13256 13343 13344 -1 13256 13344 13257 -1 13257 13344 13345 -1 13257 13345 13258 -1 13258 13345 13346 -1 13258 13346 13259 -1 13259 13346 13347 -1 13259 13347 13260 -1 13260 13347 13348 -1 13260 13348 13261 -1 13261 13348 13349 -1 13261 13349 13262 -1 13262 13349 13350 -1 13262 13350 13263 -1 13263 13350 13351 -1 13263 13351 13264 -1 13264 13351 13352 -1 13264 13352 13265 -1 13265 13352 13353 -1 13265 13353 13266 -1 13266 13353 13354 -1 13266 13354 13267 -1 13267 13354 13355 -1 13267 13355 13268 -1 13268 13355 13356 -1 13268 13356 13269 -1 13269 13356 13357 -1 13269 13357 13270 -1 13270 13357 13358 -1 13270 13358 13271 -1 13271 13358 13359 -1 13271 13359 13272 -1 13272 13359 13360 -1 13272 13360 13273 -1 13273 13360 13361 -1 13273 13361 13274 -1 13274 13361 13362 -1 13274 13362 13275 -1 13275 13362 13363 -1 13275 13363 13276 -1 13276 13363 13364 -1 13276 13364 13277 -1 13277 13364 13365 -1 13277 13365 13278 -1 13278 13365 13366 -1 13278 13366 13279 -1 13279 13366 13367 -1 13279 13367 13280 -1 13280 13367 13368 -1 13280 13368 13281 -1 13281 13368 13369 -1 13281 13369 13282 -1 13282 13369 13370 -1 13282 13370 13283 -1 13283 13370 13371 -1 13283 13371 13284 -1 13284 13371 13372 -1 13284 13372 13285 -1 13285 13372 13373 -1 13285 13373 13286 -1 13286 13373 13374 -1 13286 13374 13287 -1 13287 13374 13375 -1 13287 13375 13288 -1 13288 13375 13376 -1 13288 13376 13289 -1 13289 13376 13377 -1 13289 13377 89 -1 13290 0 13378 -1 13290 13378 13291 -1 13291 13378 13379 -1 13291 13379 13292 -1 13292 13379 13380 -1 13292 13380 13293 -1 13293 13380 13381 -1 13293 13381 13294 -1 13294 13381 13382 -1 13294 13382 13295 -1 13295 13382 13383 -1 13295 13383 13296 -1 13296 13383 13384 -1 13296 13384 13297 -1 13297 13384 13385 -1 13297 13385 13298 -1 13298 13385 13386 -1 13298 13386 13299 -1 13299 13386 13387 -1 13299 13387 13300 -1 13300 13387 13388 -1 13300 13388 13301 -1 13301 13388 13389 -1 13301 13389 13302 -1 13302 13389 13390 -1 13302 13390 13303 -1 13303 13390 13391 -1 13303 13391 13304 -1 13304 13391 13392 -1 13304 13392 13305 -1 13305 13392 13393 -1 13305 13393 13306 -1 13306 13393 13394 -1 13306 13394 13307 -1 13307 13394 13395 -1 13307 13395 13308 -1 13308 13395 13396 -1 13308 13396 13309 -1 13309 13396 13397 -1 13309 13397 13310 -1 13310 13397 13398 -1 13310 13398 13311 -1 13311 13398 13399 -1 13311 13399 13312 -1 13312 13399 13400 -1 13312 13400 13313 -1 13313 13400 13401 -1 13313 13401 13314 -1 13314 13401 13402 -1 13314 13402 13315 -1 13315 13402 13403 -1 13315 13403 13316 -1 13316 13403 13404 -1 13316 13404 13317 -1 13317 13404 13405 -1 13317 13405 13318 -1 13318 13405 13406 -1 13318 13406 13319 -1 13319 13406 13407 -1 13319 13407 13320 -1 13320 13407 13408 -1 13320 13408 13321 -1 13321 13408 13409 -1 13321 13409 13322 -1 13322 13409 13410 -1 13322 13410 13323 -1 13323 13410 13411 -1 13323 13411 13324 -1 13324 13411 13412 -1 13324 13412 13325 -1 13325 13412 13413 -1 13325 13413 13326 -1 13326 13413 13414 -1 13326 13414 13327 -1 13327 13414 13415 -1 13327 13415 13328 -1 13328 13415 13416 -1 13328 13416 13329 -1 13329 13416 13417 -1 13329 13417 13330 -1 13330 13417 13418 -1 13330 13418 13331 -1 13331 13418 13419 -1 13331 13419 13332 -1 13332 13419 13420 -1 13332 13420 13333 -1 13333 13420 13421 -1 13333 13421 13334 -1 13334 13421 13422 -1 13334 13422 13335 -1 13335 13422 13423 -1 13335 13423 13336 -1 13336 13423 13424 -1 13336 13424 13337 -1 13337 13424 13425 -1 13337 13425 13338 -1 13338 13425 13426 -1 13338 13426 13339 -1 13339 13426 13427 -1 13339 13427 13340 -1 13340 13427 13428 -1 13340 13428 13341 -1 13341 13428 13429 -1 13341 13429 13342 -1 13342 13429 13430 -1 13342 13430 13343 -1 13343 13430 13431 -1 13343 13431 13344 -1 13344 13431 13432 -1 13344 13432 13345 -1 13345 13432 13433 -1 13345 13433 13346 -1 13346 13433 13434 -1 13346 13434 13347 -1 13347 13434 13435 -1 13347 13435 13348 -1 13348 13435 13436 -1 13348 13436 13349 -1 13349 13436 13437 -1 13349 13437 13350 -1 13350 13437 13438 -1 13350 13438 13351 -1 13351 13438 13439 -1 13351 13439 13352 -1 13352 13439 13440 -1 13352 13440 13353 -1 13353 13440 13441 -1 13353 13441 13354 -1 13354 13441 13442 -1 13354 13442 13355 -1 13355 13442 13443 -1 13355 13443 13356 -1 13356 13443 13444 -1 13356 13444 13357 -1 13357 13444 13445 -1 13357 13445 13358 -1 13358 13445 13446 -1 13358 13446 13359 -1 13359 13446 13447 -1 13359 13447 13360 -1 13360 13447 13448 -1 13360 13448 13361 -1 13361 13448 13449 -1 13361 13449 13362 -1 13362 13449 13450 -1 13362 13450 13363 -1 13363 13450 13451 -1 13363 13451 13364 -1 13364 13451 13452 -1 13364 13452 13365 -1 13365 13452 13453 -1 13365 13453 13366 -1 13366 13453 13454 -1 13366 13454 13367 -1 13367 13454 13455 -1 13367 13455 13368 -1 13368 13455 13456 -1 13368 13456 13369 -1 13369 13456 13457 -1 13369 13457 13370 -1 13370 13457 13458 -1 13370 13458 13371 -1 13371 13458 13459 -1 13371 13459 13372 -1 13372 13459 13460 -1 13372 13460 13373 -1 13373 13460 13461 -1 13373 13461 13374 -1 13374 13461 13462 -1 13374 13462 13375 -1 13375 13462 13463 -1 13375 13463 13376 -1 13376 13463 13464 -1 13376 13464 13377 -1 13377 13464 13465 -1 13377 13465 89 -1 13378 0 13466 -1 13378 13466 13379 -1 13379 13466 13467 -1 13379 13467 13380 -1 13380 13467 13468 -1 13380 13468 13381 -1 13381 13468 13469 -1 13381 13469 13382 -1 13382 13469 13470 -1 13382 13470 13383 -1 13383 13470 13471 -1 13383 13471 13384 -1 13384 13471 13472 -1 13384 13472 13385 -1 13385 13472 13473 -1 13385 13473 13386 -1 13386 13473 13474 -1 13386 13474 13387 -1 13387 13474 13475 -1 13387 13475 13388 -1 13388 13475 13476 -1 13388 13476 13389 -1 13389 13476 13477 -1 13389 13477 13390 -1 13390 13477 13478 -1 13390 13478 13391 -1 13391 13478 13479 -1 13391 13479 13392 -1 13392 13479 13480 -1 13392 13480 13393 -1 13393 13480 13481 -1 13393 13481 13394 -1 13394 13481 13482 -1 13394 13482 13395 -1 13395 13482 13483 -1 13395 13483 13396 -1 13396 13483 13484 -1 13396 13484 13397 -1 13397 13484 13485 -1 13397 13485 13398 -1 13398 13485 13486 -1 13398 13486 13399 -1 13399 13486 13487 -1 13399 13487 13400 -1 13400 13487 13488 -1 13400 13488 13401 -1 13401 13488 13489 -1 13401 13489 13402 -1 13402 13489 13490 -1 13402 13490 13403 -1 13403 13490 13491 -1 13403 13491 13404 -1 13404 13491 13492 -1 13404 13492 13405 -1 13405 13492 13493 -1 13405 13493 13406 -1 13406 13493 13494 -1 13406 13494 13407 -1 13407 13494 13495 -1 13407 13495 13408 -1 13408 13495 13496 -1 13408 13496 13409 -1 13409 13496 13497 -1 13409 13497 13410 -1 13410 13497 13498 -1 13410 13498 13411 -1 13411 13498 13499 -1 13411 13499 13412 -1 13412 13499 13500 -1 13412 13500 13413 -1 13413 13500 13501 -1 13413 13501 13414 -1 13414 13501 13502 -1 13414 13502 13415 -1 13415 13502 13503 -1 13415 13503 13416 -1 13416 13503 13504 -1 13416 13504 13417 -1 13417 13504 13505 -1 13417 13505 13418 -1 13418 13505 13506 -1 13418 13506 13419 -1 13419 13506 13507 -1 13419 13507 13420 -1 13420 13507 13508 -1 13420 13508 13421 -1 13421 13508 13509 -1 13421 13509 13422 -1 13422 13509 13510 -1 13422 13510 13423 -1 13423 13510 13511 -1 13423 13511 13424 -1 13424 13511 13512 -1 13424 13512 13425 -1 13425 13512 13513 -1 13425 13513 13426 -1 13426 13513 13514 -1 13426 13514 13427 -1 13427 13514 13515 -1 13427 13515 13428 -1 13428 13515 13516 -1 13428 13516 13429 -1 13429 13516 13517 -1 13429 13517 13430 -1 13430 13517 13518 -1 13430 13518 13431 -1 13431 13518 13519 -1 13431 13519 13432 -1 13432 13519 13520 -1 13432 13520 13433 -1 13433 13520 13521 -1 13433 13521 13434 -1 13434 13521 13522 -1 13434 13522 13435 -1 13435 13522 13523 -1 13435 13523 13436 -1 13436 13523 13524 -1 13436 13524 13437 -1 13437 13524 13525 -1 13437 13525 13438 -1 13438 13525 13526 -1 13438 13526 13439 -1 13439 13526 13527 -1 13439 13527 13440 -1 13440 13527 13528 -1 13440 13528 13441 -1 13441 13528 13529 -1 13441 13529 13442 -1 13442 13529 13530 -1 13442 13530 13443 -1 13443 13530 13531 -1 13443 13531 13444 -1 13444 13531 13532 -1 13444 13532 13445 -1 13445 13532 13533 -1 13445 13533 13446 -1 13446 13533 13534 -1 13446 13534 13447 -1 13447 13534 13535 -1 13447 13535 13448 -1 13448 13535 13536 -1 13448 13536 13449 -1 13449 13536 13537 -1 13449 13537 13450 -1 13450 13537 13538 -1 13450 13538 13451 -1 13451 13538 13539 -1 13451 13539 13452 -1 13452 13539 13540 -1 13452 13540 13453 -1 13453 13540 13541 -1 13453 13541 13454 -1 13454 13541 13542 -1 13454 13542 13455 -1 13455 13542 13543 -1 13455 13543 13456 -1 13456 13543 13544 -1 13456 13544 13457 -1 13457 13544 13545 -1 13457 13545 13458 -1 13458 13545 13546 -1 13458 13546 13459 -1 13459 13546 13547 -1 13459 13547 13460 -1 13460 13547 13548 -1 13460 13548 13461 -1 13461 13548 13549 -1 13461 13549 13462 -1 13462 13549 13550 -1 13462 13550 13463 -1 13463 13550 13551 -1 13463 13551 13464 -1 13464 13551 13552 -1 13464 13552 13465 -1 13465 13552 13553 -1 13465 13553 89 -1 13466 0 13554 -1 13466 13554 13467 -1 13467 13554 13555 -1 13467 13555 13468 -1 13468 13555 13556 -1 13468 13556 13469 -1 13469 13556 13557 -1 13469 13557 13470 -1 13470 13557 13558 -1 13470 13558 13471 -1 13471 13558 13559 -1 13471 13559 13472 -1 13472 13559 13560 -1 13472 13560 13473 -1 13473 13560 13561 -1 13473 13561 13474 -1 13474 13561 13562 -1 13474 13562 13475 -1 13475 13562 13563 -1 13475 13563 13476 -1 13476 13563 13564 -1 13476 13564 13477 -1 13477 13564 13565 -1 13477 13565 13478 -1 13478 13565 13566 -1 13478 13566 13479 -1 13479 13566 13567 -1 13479 13567 13480 -1 13480 13567 13568 -1 13480 13568 13481 -1 13481 13568 13569 -1 13481 13569 13482 -1 13482 13569 13570 -1 13482 13570 13483 -1 13483 13570 13571 -1 13483 13571 13484 -1 13484 13571 13572 -1 13484 13572 13485 -1 13485 13572 13573 -1 13485 13573 13486 -1 13486 13573 13574 -1 13486 13574 13487 -1 13487 13574 13575 -1 13487 13575 13488 -1 13488 13575 13576 -1 13488 13576 13489 -1 13489 13576 13577 -1 13489 13577 13490 -1 13490 13577 13578 -1 13490 13578 13491 -1 13491 13578 13579 -1 13491 13579 13492 -1 13492 13579 13580 -1 13492 13580 13493 -1 13493 13580 13581 -1 13493 13581 13494 -1 13494 13581 13582 -1 13494 13582 13495 -1 13495 13582 13583 -1 13495 13583 13496 -1 13496 13583 13584 -1 13496 13584 13497 -1 13497 13584 13585 -1 13497 13585 13498 -1 13498 13585 13586 -1 13498 13586 13499 -1 13499 13586 13587 -1 13499 13587 13500 -1 13500 13587 13588 -1 13500 13588 13501 -1 13501 13588 13589 -1 13501 13589 13502 -1 13502 13589 13590 -1 13502 13590 13503 -1 13503 13590 13591 -1 13503 13591 13504 -1 13504 13591 13592 -1 13504 13592 13505 -1 13505 13592 13593 -1 13505 13593 13506 -1 13506 13593 13594 -1 13506 13594 13507 -1 13507 13594 13595 -1 13507 13595 13508 -1 13508 13595 13596 -1 13508 13596 13509 -1 13509 13596 13597 -1 13509 13597 13510 -1 13510 13597 13598 -1 13510 13598 13511 -1 13511 13598 13599 -1 13511 13599 13512 -1 13512 13599 13600 -1 13512 13600 13513 -1 13513 13600 13601 -1 13513 13601 13514 -1 13514 13601 13602 -1 13514 13602 13515 -1 13515 13602 13603 -1 13515 13603 13516 -1 13516 13603 13604 -1 13516 13604 13517 -1 13517 13604 13605 -1 13517 13605 13518 -1 13518 13605 13606 -1 13518 13606 13519 -1 13519 13606 13607 -1 13519 13607 13520 -1 13520 13607 13608 -1 13520 13608 13521 -1 13521 13608 13609 -1 13521 13609 13522 -1 13522 13609 13610 -1 13522 13610 13523 -1 13523 13610 13611 -1 13523 13611 13524 -1 13524 13611 13612 -1 13524 13612 13525 -1 13525 13612 13613 -1 13525 13613 13526 -1 13526 13613 13614 -1 13526 13614 13527 -1 13527 13614 13615 -1 13527 13615 13528 -1 13528 13615 13616 -1 13528 13616 13529 -1 13529 13616 13617 -1 13529 13617 13530 -1 13530 13617 13618 -1 13530 13618 13531 -1 13531 13618 13619 -1 13531 13619 13532 -1 13532 13619 13620 -1 13532 13620 13533 -1 13533 13620 13621 -1 13533 13621 13534 -1 13534 13621 13622 -1 13534 13622 13535 -1 13535 13622 13623 -1 13535 13623 13536 -1 13536 13623 13624 -1 13536 13624 13537 -1 13537 13624 13625 -1 13537 13625 13538 -1 13538 13625 13626 -1 13538 13626 13539 -1 13539 13626 13627 -1 13539 13627 13540 -1 13540 13627 13628 -1 13540 13628 13541 -1 13541 13628 13629 -1 13541 13629 13542 -1 13542 13629 13630 -1 13542 13630 13543 -1 13543 13630 13631 -1 13543 13631 13544 -1 13544 13631 13632 -1 13544 13632 13545 -1 13545 13632 13633 -1 13545 13633 13546 -1 13546 13633 13634 -1 13546 13634 13547 -1 13547 13634 13635 -1 13547 13635 13548 -1 13548 13635 13636 -1 13548 13636 13549 -1 13549 13636 13637 -1 13549 13637 13550 -1 13550 13637 13638 -1 13550 13638 13551 -1 13551 13638 13639 -1 13551 13639 13552 -1 13552 13639 13640 -1 13552 13640 13553 -1 13553 13640 13641 -1 13553 13641 89 -1 13554 0 13642 -1 13554 13642 13555 -1 13555 13642 13643 -1 13555 13643 13556 -1 13556 13643 13644 -1 13556 13644 13557 -1 13557 13644 13645 -1 13557 13645 13558 -1 13558 13645 13646 -1 13558 13646 13559 -1 13559 13646 13647 -1 13559 13647 13560 -1 13560 13647 13648 -1 13560 13648 13561 -1 13561 13648 13649 -1 13561 13649 13562 -1 13562 13649 13650 -1 13562 13650 13563 -1 13563 13650 13651 -1 13563 13651 13564 -1 13564 13651 13652 -1 13564 13652 13565 -1 13565 13652 13653 -1 13565 13653 13566 -1 13566 13653 13654 -1 13566 13654 13567 -1 13567 13654 13655 -1 13567 13655 13568 -1 13568 13655 13656 -1 13568 13656 13569 -1 13569 13656 13657 -1 13569 13657 13570 -1 13570 13657 13658 -1 13570 13658 13571 -1 13571 13658 13659 -1 13571 13659 13572 -1 13572 13659 13660 -1 13572 13660 13573 -1 13573 13660 13661 -1 13573 13661 13574 -1 13574 13661 13662 -1 13574 13662 13575 -1 13575 13662 13663 -1 13575 13663 13576 -1 13576 13663 13664 -1 13576 13664 13577 -1 13577 13664 13665 -1 13577 13665 13578 -1 13578 13665 13666 -1 13578 13666 13579 -1 13579 13666 13667 -1 13579 13667 13580 -1 13580 13667 13668 -1 13580 13668 13581 -1 13581 13668 13669 -1 13581 13669 13582 -1 13582 13669 13670 -1 13582 13670 13583 -1 13583 13670 13671 -1 13583 13671 13584 -1 13584 13671 13672 -1 13584 13672 13585 -1 13585 13672 13673 -1 13585 13673 13586 -1 13586 13673 13674 -1 13586 13674 13587 -1 13587 13674 13675 -1 13587 13675 13588 -1 13588 13675 13676 -1 13588 13676 13589 -1 13589 13676 13677 -1 13589 13677 13590 -1 13590 13677 13678 -1 13590 13678 13591 -1 13591 13678 13679 -1 13591 13679 13592 -1 13592 13679 13680 -1 13592 13680 13593 -1 13593 13680 13681 -1 13593 13681 13594 -1 13594 13681 13682 -1 13594 13682 13595 -1 13595 13682 13683 -1 13595 13683 13596 -1 13596 13683 13684 -1 13596 13684 13597 -1 13597 13684 13685 -1 13597 13685 13598 -1 13598 13685 13686 -1 13598 13686 13599 -1 13599 13686 13687 -1 13599 13687 13600 -1 13600 13687 13688 -1 13600 13688 13601 -1 13601 13688 13689 -1 13601 13689 13602 -1 13602 13689 13690 -1 13602 13690 13603 -1 13603 13690 13691 -1 13603 13691 13604 -1 13604 13691 13692 -1 13604 13692 13605 -1 13605 13692 13693 -1 13605 13693 13606 -1 13606 13693 13694 -1 13606 13694 13607 -1 13607 13694 13695 -1 13607 13695 13608 -1 13608 13695 13696 -1 13608 13696 13609 -1 13609 13696 13697 -1 13609 13697 13610 -1 13610 13697 13698 -1 13610 13698 13611 -1 13611 13698 13699 -1 13611 13699 13612 -1 13612 13699 13700 -1 13612 13700 13613 -1 13613 13700 13701 -1 13613 13701 13614 -1 13614 13701 13702 -1 13614 13702 13615 -1 13615 13702 13703 -1 13615 13703 13616 -1 13616 13703 13704 -1 13616 13704 13617 -1 13617 13704 13705 -1 13617 13705 13618 -1 13618 13705 13706 -1 13618 13706 13619 -1 13619 13706 13707 -1 13619 13707 13620 -1 13620 13707 13708 -1 13620 13708 13621 -1 13621 13708 13709 -1 13621 13709 13622 -1 13622 13709 13710 -1 13622 13710 13623 -1 13623 13710 13711 -1 13623 13711 13624 -1 13624 13711 13712 -1 13624 13712 13625 -1 13625 13712 13713 -1 13625 13713 13626 -1 13626 13713 13714 -1 13626 13714 13627 -1 13627 13714 13715 -1 13627 13715 13628 -1 13628 13715 13716 -1 13628 13716 13629 -1 13629 13716 13717 -1 13629 13717 13630 -1 13630 13717 13718 -1 13630 13718 13631 -1 13631 13718 13719 -1 13631 13719 13632 -1 13632 13719 13720 -1 13632 13720 13633 -1 13633 13720 13721 -1 13633 13721 13634 -1 13634 13721 13722 -1 13634 13722 13635 -1 13635 13722 13723 -1 13635 13723 13636 -1 13636 13723 13724 -1 13636 13724 13637 -1 13637 13724 13725 -1 13637 13725 13638 -1 13638 13725 13726 -1 13638 13726 13639 -1 13639 13726 13727 -1 13639 13727 13640 -1 13640 13727 13728 -1 13640 13728 13641 -1 13641 13728 13729 -1 13641 13729 89 -1 13642 0 13730 -1 13642 13730 13643 -1 13643 13730 13731 -1 13643 13731 13644 -1 13644 13731 13732 -1 13644 13732 13645 -1 13645 13732 13733 -1 13645 13733 13646 -1 13646 13733 13734 -1 13646 13734 13647 -1 13647 13734 13735 -1 13647 13735 13648 -1 13648 13735 13736 -1 13648 13736 13649 -1 13649 13736 13737 -1 13649 13737 13650 -1 13650 13737 13738 -1 13650 13738 13651 -1 13651 13738 13739 -1 13651 13739 13652 -1 13652 13739 13740 -1 13652 13740 13653 -1 13653 13740 13741 -1 13653 13741 13654 -1 13654 13741 13742 -1 13654 13742 13655 -1 13655 13742 13743 -1 13655 13743 13656 -1 13656 13743 13744 -1 13656 13744 13657 -1 13657 13744 13745 -1 13657 13745 13658 -1 13658 13745 13746 -1 13658 13746 13659 -1 13659 13746 13747 -1 13659 13747 13660 -1 13660 13747 13748 -1 13660 13748 13661 -1 13661 13748 13749 -1 13661 13749 13662 -1 13662 13749 13750 -1 13662 13750 13663 -1 13663 13750 13751 -1 13663 13751 13664 -1 13664 13751 13752 -1 13664 13752 13665 -1 13665 13752 13753 -1 13665 13753 13666 -1 13666 13753 13754 -1 13666 13754 13667 -1 13667 13754 13755 -1 13667 13755 13668 -1 13668 13755 13756 -1 13668 13756 13669 -1 13669 13756 13757 -1 13669 13757 13670 -1 13670 13757 13758 -1 13670 13758 13671 -1 13671 13758 13759 -1 13671 13759 13672 -1 13672 13759 13760 -1 13672 13760 13673 -1 13673 13760 13761 -1 13673 13761 13674 -1 13674 13761 13762 -1 13674 13762 13675 -1 13675 13762 13763 -1 13675 13763 13676 -1 13676 13763 13764 -1 13676 13764 13677 -1 13677 13764 13765 -1 13677 13765 13678 -1 13678 13765 13766 -1 13678 13766 13679 -1 13679 13766 13767 -1 13679 13767 13680 -1 13680 13767 13768 -1 13680 13768 13681 -1 13681 13768 13769 -1 13681 13769 13682 -1 13682 13769 13770 -1 13682 13770 13683 -1 13683 13770 13771 -1 13683 13771 13684 -1 13684 13771 13772 -1 13684 13772 13685 -1 13685 13772 13773 -1 13685 13773 13686 -1 13686 13773 13774 -1 13686 13774 13687 -1 13687 13774 13775 -1 13687 13775 13688 -1 13688 13775 13776 -1 13688 13776 13689 -1 13689 13776 13777 -1 13689 13777 13690 -1 13690 13777 13778 -1 13690 13778 13691 -1 13691 13778 13779 -1 13691 13779 13692 -1 13692 13779 13780 -1 13692 13780 13693 -1 13693 13780 13781 -1 13693 13781 13694 -1 13694 13781 13782 -1 13694 13782 13695 -1 13695 13782 13783 -1 13695 13783 13696 -1 13696 13783 13784 -1 13696 13784 13697 -1 13697 13784 13785 -1 13697 13785 13698 -1 13698 13785 13786 -1 13698 13786 13699 -1 13699 13786 13787 -1 13699 13787 13700 -1 13700 13787 13788 -1 13700 13788 13701 -1 13701 13788 13789 -1 13701 13789 13702 -1 13702 13789 13790 -1 13702 13790 13703 -1 13703 13790 13791 -1 13703 13791 13704 -1 13704 13791 13792 -1 13704 13792 13705 -1 13705 13792 13793 -1 13705 13793 13706 -1 13706 13793 13794 -1 13706 13794 13707 -1 13707 13794 13795 -1 13707 13795 13708 -1 13708 13795 13796 -1 13708 13796 13709 -1 13709 13796 13797 -1 13709 13797 13710 -1 13710 13797 13798 -1 13710 13798 13711 -1 13711 13798 13799 -1 13711 13799 13712 -1 13712 13799 13800 -1 13712 13800 13713 -1 13713 13800 13801 -1 13713 13801 13714 -1 13714 13801 13802 -1 13714 13802 13715 -1 13715 13802 13803 -1 13715 13803 13716 -1 13716 13803 13804 -1 13716 13804 13717 -1 13717 13804 13805 -1 13717 13805 13718 -1 13718 13805 13806 -1 13718 13806 13719 -1 13719 13806 13807 -1 13719 13807 13720 -1 13720 13807 13808 -1 13720 13808 13721 -1 13721 13808 13809 -1 13721 13809 13722 -1 13722 13809 13810 -1 13722 13810 13723 -1 13723 13810 13811 -1 13723 13811 13724 -1 13724 13811 13812 -1 13724 13812 13725 -1 13725 13812 13813 -1 13725 13813 13726 -1 13726 13813 13814 -1 13726 13814 13727 -1 13727 13814 13815 -1 13727 13815 13728 -1 13728 13815 13816 -1 13728 13816 13729 -1 13729 13816 13817 -1 13729 13817 89 -1 13730 0 13818 -1 13730 13818 13731 -1 13731 13818 13819 -1 13731 13819 13732 -1 13732 13819 13820 -1 13732 13820 13733 -1 13733 13820 13821 -1 13733 13821 13734 -1 13734 13821 13822 -1 13734 13822 13735 -1 13735 13822 13823 -1 13735 13823 13736 -1 13736 13823 13824 -1 13736 13824 13737 -1 13737 13824 13825 -1 13737 13825 13738 -1 13738 13825 13826 -1 13738 13826 13739 -1 13739 13826 13827 -1 13739 13827 13740 -1 13740 13827 13828 -1 13740 13828 13741 -1 13741 13828 13829 -1 13741 13829 13742 -1 13742 13829 13830 -1 13742 13830 13743 -1 13743 13830 13831 -1 13743 13831 13744 -1 13744 13831 13832 -1 13744 13832 13745 -1 13745 13832 13833 -1 13745 13833 13746 -1 13746 13833 13834 -1 13746 13834 13747 -1 13747 13834 13835 -1 13747 13835 13748 -1 13748 13835 13836 -1 13748 13836 13749 -1 13749 13836 13837 -1 13749 13837 13750 -1 13750 13837 13838 -1 13750 13838 13751 -1 13751 13838 13839 -1 13751 13839 13752 -1 13752 13839 13840 -1 13752 13840 13753 -1 13753 13840 13841 -1 13753 13841 13754 -1 13754 13841 13842 -1 13754 13842 13755 -1 13755 13842 13843 -1 13755 13843 13756 -1 13756 13843 13844 -1 13756 13844 13757 -1 13757 13844 13845 -1 13757 13845 13758 -1 13758 13845 13846 -1 13758 13846 13759 -1 13759 13846 13847 -1 13759 13847 13760 -1 13760 13847 13848 -1 13760 13848 13761 -1 13761 13848 13849 -1 13761 13849 13762 -1 13762 13849 13850 -1 13762 13850 13763 -1 13763 13850 13851 -1 13763 13851 13764 -1 13764 13851 13852 -1 13764 13852 13765 -1 13765 13852 13853 -1 13765 13853 13766 -1 13766 13853 13854 -1 13766 13854 13767 -1 13767 13854 13855 -1 13767 13855 13768 -1 13768 13855 13856 -1 13768 13856 13769 -1 13769 13856 13857 -1 13769 13857 13770 -1 13770 13857 13858 -1 13770 13858 13771 -1 13771 13858 13859 -1 13771 13859 13772 -1 13772 13859 13860 -1 13772 13860 13773 -1 13773 13860 13861 -1 13773 13861 13774 -1 13774 13861 13862 -1 13774 13862 13775 -1 13775 13862 13863 -1 13775 13863 13776 -1 13776 13863 13864 -1 13776 13864 13777 -1 13777 13864 13865 -1 13777 13865 13778 -1 13778 13865 13866 -1 13778 13866 13779 -1 13779 13866 13867 -1 13779 13867 13780 -1 13780 13867 13868 -1 13780 13868 13781 -1 13781 13868 13869 -1 13781 13869 13782 -1 13782 13869 13870 -1 13782 13870 13783 -1 13783 13870 13871 -1 13783 13871 13784 -1 13784 13871 13872 -1 13784 13872 13785 -1 13785 13872 13873 -1 13785 13873 13786 -1 13786 13873 13874 -1 13786 13874 13787 -1 13787 13874 13875 -1 13787 13875 13788 -1 13788 13875 13876 -1 13788 13876 13789 -1 13789 13876 13877 -1 13789 13877 13790 -1 13790 13877 13878 -1 13790 13878 13791 -1 13791 13878 13879 -1 13791 13879 13792 -1 13792 13879 13880 -1 13792 13880 13793 -1 13793 13880 13881 -1 13793 13881 13794 -1 13794 13881 13882 -1 13794 13882 13795 -1 13795 13882 13883 -1 13795 13883 13796 -1 13796 13883 13884 -1 13796 13884 13797 -1 13797 13884 13885 -1 13797 13885 13798 -1 13798 13885 13886 -1 13798 13886 13799 -1 13799 13886 13887 -1 13799 13887 13800 -1 13800 13887 13888 -1 13800 13888 13801 -1 13801 13888 13889 -1 13801 13889 13802 -1 13802 13889 13890 -1 13802 13890 13803 -1 13803 13890 13891 -1 13803 13891 13804 -1 13804 13891 13892 -1 13804 13892 13805 -1 13805 13892 13893 -1 13805 13893 13806 -1 13806 13893 13894 -1 13806 13894 13807 -1 13807 13894 13895 -1 13807 13895 13808 -1 13808 13895 13896 -1 13808 13896 13809 -1 13809 13896 13897 -1 13809 13897 13810 -1 13810 13897 13898 -1 13810 13898 13811 -1 13811 13898 13899 -1 13811 13899 13812 -1 13812 13899 13900 -1 13812 13900 13813 -1 13813 13900 13901 -1 13813 13901 13814 -1 13814 13901 13902 -1 13814 13902 13815 -1 13815 13902 13903 -1 13815 13903 13816 -1 13816 13903 13904 -1 13816 13904 13817 -1 13817 13904 13905 -1 13817 13905 89 -1 13818 0 13906 -1 13818 13906 13819 -1 13819 13906 13907 -1 13819 13907 13820 -1 13820 13907 13908 -1 13820 13908 13821 -1 13821 13908 13909 -1 13821 13909 13822 -1 13822 13909 13910 -1 13822 13910 13823 -1 13823 13910 13911 -1 13823 13911 13824 -1 13824 13911 13912 -1 13824 13912 13825 -1 13825 13912 13913 -1 13825 13913 13826 -1 13826 13913 13914 -1 13826 13914 13827 -1 13827 13914 13915 -1 13827 13915 13828 -1 13828 13915 13916 -1 13828 13916 13829 -1 13829 13916 13917 -1 13829 13917 13830 -1 13830 13917 13918 -1 13830 13918 13831 -1 13831 13918 13919 -1 13831 13919 13832 -1 13832 13919 13920 -1 13832 13920 13833 -1 13833 13920 13921 -1 13833 13921 13834 -1 13834 13921 13922 -1 13834 13922 13835 -1 13835 13922 13923 -1 13835 13923 13836 -1 13836 13923 13924 -1 13836 13924 13837 -1 13837 13924 13925 -1 13837 13925 13838 -1 13838 13925 13926 -1 13838 13926 13839 -1 13839 13926 13927 -1 13839 13927 13840 -1 13840 13927 13928 -1 13840 13928 13841 -1 13841 13928 13929 -1 13841 13929 13842 -1 13842 13929 13930 -1 13842 13930 13843 -1 13843 13930 13931 -1 13843 13931 13844 -1 13844 13931 13932 -1 13844 13932 13845 -1 13845 13932 13933 -1 13845 13933 13846 -1 13846 13933 13934 -1 13846 13934 13847 -1 13847 13934 13935 -1 13847 13935 13848 -1 13848 13935 13936 -1 13848 13936 13849 -1 13849 13936 13937 -1 13849 13937 13850 -1 13850 13937 13938 -1 13850 13938 13851 -1 13851 13938 13939 -1 13851 13939 13852 -1 13852 13939 13940 -1 13852 13940 13853 -1 13853 13940 13941 -1 13853 13941 13854 -1 13854 13941 13942 -1 13854 13942 13855 -1 13855 13942 13943 -1 13855 13943 13856 -1 13856 13943 13944 -1 13856 13944 13857 -1 13857 13944 13945 -1 13857 13945 13858 -1 13858 13945 13946 -1 13858 13946 13859 -1 13859 13946 13947 -1 13859 13947 13860 -1 13860 13947 13948 -1 13860 13948 13861 -1 13861 13948 13949 -1 13861 13949 13862 -1 13862 13949 13950 -1 13862 13950 13863 -1 13863 13950 13951 -1 13863 13951 13864 -1 13864 13951 13952 -1 13864 13952 13865 -1 13865 13952 13953 -1 13865 13953 13866 -1 13866 13953 13954 -1 13866 13954 13867 -1 13867 13954 13955 -1 13867 13955 13868 -1 13868 13955 13956 -1 13868 13956 13869 -1 13869 13956 13957 -1 13869 13957 13870 -1 13870 13957 13958 -1 13870 13958 13871 -1 13871 13958 13959 -1 13871 13959 13872 -1 13872 13959 13960 -1 13872 13960 13873 -1 13873 13960 13961 -1 13873 13961 13874 -1 13874 13961 13962 -1 13874 13962 13875 -1 13875 13962 13963 -1 13875 13963 13876 -1 13876 13963 13964 -1 13876 13964 13877 -1 13877 13964 13965 -1 13877 13965 13878 -1 13878 13965 13966 -1 13878 13966 13879 -1 13879 13966 13967 -1 13879 13967 13880 -1 13880 13967 13968 -1 13880 13968 13881 -1 13881 13968 13969 -1 13881 13969 13882 -1 13882 13969 13970 -1 13882 13970 13883 -1 13883 13970 13971 -1 13883 13971 13884 -1 13884 13971 13972 -1 13884 13972 13885 -1 13885 13972 13973 -1 13885 13973 13886 -1 13886 13973 13974 -1 13886 13974 13887 -1 13887 13974 13975 -1 13887 13975 13888 -1 13888 13975 13976 -1 13888 13976 13889 -1 13889 13976 13977 -1 13889 13977 13890 -1 13890 13977 13978 -1 13890 13978 13891 -1 13891 13978 13979 -1 13891 13979 13892 -1 13892 13979 13980 -1 13892 13980 13893 -1 13893 13980 13981 -1 13893 13981 13894 -1 13894 13981 13982 -1 13894 13982 13895 -1 13895 13982 13983 -1 13895 13983 13896 -1 13896 13983 13984 -1 13896 13984 13897 -1 13897 13984 13985 -1 13897 13985 13898 -1 13898 13985 13986 -1 13898 13986 13899 -1 13899 13986 13987 -1 13899 13987 13900 -1 13900 13987 13988 -1 13900 13988 13901 -1 13901 13988 13989 -1 13901 13989 13902 -1 13902 13989 13990 -1 13902 13990 13903 -1 13903 13990 13991 -1 13903 13991 13904 -1 13904 13991 13992 -1 13904 13992 13905 -1 13905 13992 13993 -1 13905 13993 89 -1 13906 0 13994 -1 13906 13994 13907 -1 13907 13994 13995 -1 13907 13995 13908 -1 13908 13995 13996 -1 13908 13996 13909 -1 13909 13996 13997 -1 13909 13997 13910 -1 13910 13997 13998 -1 13910 13998 13911 -1 13911 13998 13999 -1 13911 13999 13912 -1 13912 13999 14000 -1 13912 14000 13913 -1 13913 14000 14001 -1 13913 14001 13914 -1 13914 14001 14002 -1 13914 14002 13915 -1 13915 14002 14003 -1 13915 14003 13916 -1 13916 14003 14004 -1 13916 14004 13917 -1 13917 14004 14005 -1 13917 14005 13918 -1 13918 14005 14006 -1 13918 14006 13919 -1 13919 14006 14007 -1 13919 14007 13920 -1 13920 14007 14008 -1 13920 14008 13921 -1 13921 14008 14009 -1 13921 14009 13922 -1 13922 14009 14010 -1 13922 14010 13923 -1 13923 14010 14011 -1 13923 14011 13924 -1 13924 14011 14012 -1 13924 14012 13925 -1 13925 14012 14013 -1 13925 14013 13926 -1 13926 14013 14014 -1 13926 14014 13927 -1 13927 14014 14015 -1 13927 14015 13928 -1 13928 14015 14016 -1 13928 14016 13929 -1 13929 14016 14017 -1 13929 14017 13930 -1 13930 14017 14018 -1 13930 14018 13931 -1 13931 14018 14019 -1 13931 14019 13932 -1 13932 14019 14020 -1 13932 14020 13933 -1 13933 14020 14021 -1 13933 14021 13934 -1 13934 14021 14022 -1 13934 14022 13935 -1 13935 14022 14023 -1 13935 14023 13936 -1 13936 14023 14024 -1 13936 14024 13937 -1 13937 14024 14025 -1 13937 14025 13938 -1 13938 14025 14026 -1 13938 14026 13939 -1 13939 14026 14027 -1 13939 14027 13940 -1 13940 14027 14028 -1 13940 14028 13941 -1 13941 14028 14029 -1 13941 14029 13942 -1 13942 14029 14030 -1 13942 14030 13943 -1 13943 14030 14031 -1 13943 14031 13944 -1 13944 14031 14032 -1 13944 14032 13945 -1 13945 14032 14033 -1 13945 14033 13946 -1 13946 14033 14034 -1 13946 14034 13947 -1 13947 14034 14035 -1 13947 14035 13948 -1 13948 14035 14036 -1 13948 14036 13949 -1 13949 14036 14037 -1 13949 14037 13950 -1 13950 14037 14038 -1 13950 14038 13951 -1 13951 14038 14039 -1 13951 14039 13952 -1 13952 14039 14040 -1 13952 14040 13953 -1 13953 14040 14041 -1 13953 14041 13954 -1 13954 14041 14042 -1 13954 14042 13955 -1 13955 14042 14043 -1 13955 14043 13956 -1 13956 14043 14044 -1 13956 14044 13957 -1 13957 14044 14045 -1 13957 14045 13958 -1 13958 14045 14046 -1 13958 14046 13959 -1 13959 14046 14047 -1 13959 14047 13960 -1 13960 14047 14048 -1 13960 14048 13961 -1 13961 14048 14049 -1 13961 14049 13962 -1 13962 14049 14050 -1 13962 14050 13963 -1 13963 14050 14051 -1 13963 14051 13964 -1 13964 14051 14052 -1 13964 14052 13965 -1 13965 14052 14053 -1 13965 14053 13966 -1 13966 14053 14054 -1 13966 14054 13967 -1 13967 14054 14055 -1 13967 14055 13968 -1 13968 14055 14056 -1 13968 14056 13969 -1 13969 14056 14057 -1 13969 14057 13970 -1 13970 14057 14058 -1 13970 14058 13971 -1 13971 14058 14059 -1 13971 14059 13972 -1 13972 14059 14060 -1 13972 14060 13973 -1 13973 14060 14061 -1 13973 14061 13974 -1 13974 14061 14062 -1 13974 14062 13975 -1 13975 14062 14063 -1 13975 14063 13976 -1 13976 14063 14064 -1 13976 14064 13977 -1 13977 14064 14065 -1 13977 14065 13978 -1 13978 14065 14066 -1 13978 14066 13979 -1 13979 14066 14067 -1 13979 14067 13980 -1 13980 14067 14068 -1 13980 14068 13981 -1 13981 14068 14069 -1 13981 14069 13982 -1 13982 14069 14070 -1 13982 14070 13983 -1 13983 14070 14071 -1 13983 14071 13984 -1 13984 14071 14072 -1 13984 14072 13985 -1 13985 14072 14073 -1 13985 14073 13986 -1 13986 14073 14074 -1 13986 14074 13987 -1 13987 14074 14075 -1 13987 14075 13988 -1 13988 14075 14076 -1 13988 14076 13989 -1 13989 14076 14077 -1 13989 14077 13990 -1 13990 14077 14078 -1 13990 14078 13991 -1 13991 14078 14079 -1 13991 14079 13992 -1 13992 14079 14080 -1 13992 14080 13993 -1 13993 14080 14081 -1 13993 14081 89 -1 13994 0 14082 -1 13994 14082 13995 -1 13995 14082 14083 -1 13995 14083 13996 -1 13996 14083 14084 -1 13996 14084 13997 -1 13997 14084 14085 -1 13997 14085 13998 -1 13998 14085 14086 -1 13998 14086 13999 -1 13999 14086 14087 -1 13999 14087 14000 -1 14000 14087 14088 -1 14000 14088 14001 -1 14001 14088 14089 -1 14001 14089 14002 -1 14002 14089 14090 -1 14002 14090 14003 -1 14003 14090 14091 -1 14003 14091 14004 -1 14004 14091 14092 -1 14004 14092 14005 -1 14005 14092 14093 -1 14005 14093 14006 -1 14006 14093 14094 -1 14006 14094 14007 -1 14007 14094 14095 -1 14007 14095 14008 -1 14008 14095 14096 -1 14008 14096 14009 -1 14009 14096 14097 -1 14009 14097 14010 -1 14010 14097 14098 -1 14010 14098 14011 -1 14011 14098 14099 -1 14011 14099 14012 -1 14012 14099 14100 -1 14012 14100 14013 -1 14013 14100 14101 -1 14013 14101 14014 -1 14014 14101 14102 -1 14014 14102 14015 -1 14015 14102 14103 -1 14015 14103 14016 -1 14016 14103 14104 -1 14016 14104 14017 -1 14017 14104 14105 -1 14017 14105 14018 -1 14018 14105 14106 -1 14018 14106 14019 -1 14019 14106 14107 -1 14019 14107 14020 -1 14020 14107 14108 -1 14020 14108 14021 -1 14021 14108 14109 -1 14021 14109 14022 -1 14022 14109 14110 -1 14022 14110 14023 -1 14023 14110 14111 -1 14023 14111 14024 -1 14024 14111 14112 -1 14024 14112 14025 -1 14025 14112 14113 -1 14025 14113 14026 -1 14026 14113 14114 -1 14026 14114 14027 -1 14027 14114 14115 -1 14027 14115 14028 -1 14028 14115 14116 -1 14028 14116 14029 -1 14029 14116 14117 -1 14029 14117 14030 -1 14030 14117 14118 -1 14030 14118 14031 -1 14031 14118 14119 -1 14031 14119 14032 -1 14032 14119 14120 -1 14032 14120 14033 -1 14033 14120 14121 -1 14033 14121 14034 -1 14034 14121 14122 -1 14034 14122 14035 -1 14035 14122 14123 -1 14035 14123 14036 -1 14036 14123 14124 -1 14036 14124 14037 -1 14037 14124 14125 -1 14037 14125 14038 -1 14038 14125 14126 -1 14038 14126 14039 -1 14039 14126 14127 -1 14039 14127 14040 -1 14040 14127 14128 -1 14040 14128 14041 -1 14041 14128 14129 -1 14041 14129 14042 -1 14042 14129 14130 -1 14042 14130 14043 -1 14043 14130 14131 -1 14043 14131 14044 -1 14044 14131 14132 -1 14044 14132 14045 -1 14045 14132 14133 -1 14045 14133 14046 -1 14046 14133 14134 -1 14046 14134 14047 -1 14047 14134 14135 -1 14047 14135 14048 -1 14048 14135 14136 -1 14048 14136 14049 -1 14049 14136 14137 -1 14049 14137 14050 -1 14050 14137 14138 -1 14050 14138 14051 -1 14051 14138 14139 -1 14051 14139 14052 -1 14052 14139 14140 -1 14052 14140 14053 -1 14053 14140 14141 -1 14053 14141 14054 -1 14054 14141 14142 -1 14054 14142 14055 -1 14055 14142 14143 -1 14055 14143 14056 -1 14056 14143 14144 -1 14056 14144 14057 -1 14057 14144 14145 -1 14057 14145 14058 -1 14058 14145 14146 -1 14058 14146 14059 -1 14059 14146 14147 -1 14059 14147 14060 -1 14060 14147 14148 -1 14060 14148 14061 -1 14061 14148 14149 -1 14061 14149 14062 -1 14062 14149 14150 -1 14062 14150 14063 -1 14063 14150 14151 -1 14063 14151 14064 -1 14064 14151 14152 -1 14064 14152 14065 -1 14065 14152 14153 -1 14065 14153 14066 -1 14066 14153 14154 -1 14066 14154 14067 -1 14067 14154 14155 -1 14067 14155 14068 -1 14068 14155 14156 -1 14068 14156 14069 -1 14069 14156 14157 -1 14069 14157 14070 -1 14070 14157 14158 -1 14070 14158 14071 -1 14071 14158 14159 -1 14071 14159 14072 -1 14072 14159 14160 -1 14072 14160 14073 -1 14073 14160 14161 -1 14073 14161 14074 -1 14074 14161 14162 -1 14074 14162 14075 -1 14075 14162 14163 -1 14075 14163 14076 -1 14076 14163 14164 -1 14076 14164 14077 -1 14077 14164 14165 -1 14077 14165 14078 -1 14078 14165 14166 -1 14078 14166 14079 -1 14079 14166 14167 -1 14079 14167 14080 -1 14080 14167 14168 -1 14080 14168 14081 -1 14081 14168 14169 -1 14081 14169 89 -1 14082 0 14170 -1 14082 14170 14083 -1 14083 14170 14171 -1 14083 14171 14084 -1 14084 14171 14172 -1 14084 14172 14085 -1 14085 14172 14173 -1 14085 14173 14086 -1 14086 14173 14174 -1 14086 14174 14087 -1 14087 14174 14175 -1 14087 14175 14088 -1 14088 14175 14176 -1 14088 14176 14089 -1 14089 14176 14177 -1 14089 14177 14090 -1 14090 14177 14178 -1 14090 14178 14091 -1 14091 14178 14179 -1 14091 14179 14092 -1 14092 14179 14180 -1 14092 14180 14093 -1 14093 14180 14181 -1 14093 14181 14094 -1 14094 14181 14182 -1 14094 14182 14095 -1 14095 14182 14183 -1 14095 14183 14096 -1 14096 14183 14184 -1 14096 14184 14097 -1 14097 14184 14185 -1 14097 14185 14098 -1 14098 14185 14186 -1 14098 14186 14099 -1 14099 14186 14187 -1 14099 14187 14100 -1 14100 14187 14188 -1 14100 14188 14101 -1 14101 14188 14189 -1 14101 14189 14102 -1 14102 14189 14190 -1 14102 14190 14103 -1 14103 14190 14191 -1 14103 14191 14104 -1 14104 14191 14192 -1 14104 14192 14105 -1 14105 14192 14193 -1 14105 14193 14106 -1 14106 14193 14194 -1 14106 14194 14107 -1 14107 14194 14195 -1 14107 14195 14108 -1 14108 14195 14196 -1 14108 14196 14109 -1 14109 14196 14197 -1 14109 14197 14110 -1 14110 14197 14198 -1 14110 14198 14111 -1 14111 14198 14199 -1 14111 14199 14112 -1 14112 14199 14200 -1 14112 14200 14113 -1 14113 14200 14201 -1 14113 14201 14114 -1 14114 14201 14202 -1 14114 14202 14115 -1 14115 14202 14203 -1 14115 14203 14116 -1 14116 14203 14204 -1 14116 14204 14117 -1 14117 14204 14205 -1 14117 14205 14118 -1 14118 14205 14206 -1 14118 14206 14119 -1 14119 14206 14207 -1 14119 14207 14120 -1 14120 14207 14208 -1 14120 14208 14121 -1 14121 14208 14209 -1 14121 14209 14122 -1 14122 14209 14210 -1 14122 14210 14123 -1 14123 14210 14211 -1 14123 14211 14124 -1 14124 14211 14212 -1 14124 14212 14125 -1 14125 14212 14213 -1 14125 14213 14126 -1 14126 14213 14214 -1 14126 14214 14127 -1 14127 14214 14215 -1 14127 14215 14128 -1 14128 14215 14216 -1 14128 14216 14129 -1 14129 14216 14217 -1 14129 14217 14130 -1 14130 14217 14218 -1 14130 14218 14131 -1 14131 14218 14219 -1 14131 14219 14132 -1 14132 14219 14220 -1 14132 14220 14133 -1 14133 14220 14221 -1 14133 14221 14134 -1 14134 14221 14222 -1 14134 14222 14135 -1 14135 14222 14223 -1 14135 14223 14136 -1 14136 14223 14224 -1 14136 14224 14137 -1 14137 14224 14225 -1 14137 14225 14138 -1 14138 14225 14226 -1 14138 14226 14139 -1 14139 14226 14227 -1 14139 14227 14140 -1 14140 14227 14228 -1 14140 14228 14141 -1 14141 14228 14229 -1 14141 14229 14142 -1 14142 14229 14230 -1 14142 14230 14143 -1 14143 14230 14231 -1 14143 14231 14144 -1 14144 14231 14232 -1 14144 14232 14145 -1 14145 14232 14233 -1 14145 14233 14146 -1 14146 14233 14234 -1 14146 14234 14147 -1 14147 14234 14235 -1 14147 14235 14148 -1 14148 14235 14236 -1 14148 14236 14149 -1 14149 14236 14237 -1 14149 14237 14150 -1 14150 14237 14238 -1 14150 14238 14151 -1 14151 14238 14239 -1 14151 14239 14152 -1 14152 14239 14240 -1 14152 14240 14153 -1 14153 14240 14241 -1 14153 14241 14154 -1 14154 14241 14242 -1 14154 14242 14155 -1 14155 14242 14243 -1 14155 14243 14156 -1 14156 14243 14244 -1 14156 14244 14157 -1 14157 14244 14245 -1 14157 14245 14158 -1 14158 14245 14246 -1 14158 14246 14159 -1 14159 14246 14247 -1 14159 14247 14160 -1 14160 14247 14248 -1 14160 14248 14161 -1 14161 14248 14249 -1 14161 14249 14162 -1 14162 14249 14250 -1 14162 14250 14163 -1 14163 14250 14251 -1 14163 14251 14164 -1 14164 14251 14252 -1 14164 14252 14165 -1 14165 14252 14253 -1 14165 14253 14166 -1 14166 14253 14254 -1 14166 14254 14167 -1 14167 14254 14255 -1 14167 14255 14168 -1 14168 14255 14256 -1 14168 14256 14169 -1 14169 14256 14257 -1 14169 14257 89 -1 14170 0 14258 -1 14170 14258 14171 -1 14171 14258 14259 -1 14171 14259 14172 -1 14172 14259 14260 -1 14172 14260 14173 -1 14173 14260 14261 -1 14173 14261 14174 -1 14174 14261 14262 -1 14174 14262 14175 -1 14175 14262 14263 -1 14175 14263 14176 -1 14176 14263 14264 -1 14176 14264 14177 -1 14177 14264 14265 -1 14177 14265 14178 -1 14178 14265 14266 -1 14178 14266 14179 -1 14179 14266 14267 -1 14179 14267 14180 -1 14180 14267 14268 -1 14180 14268 14181 -1 14181 14268 14269 -1 14181 14269 14182 -1 14182 14269 14270 -1 14182 14270 14183 -1 14183 14270 14271 -1 14183 14271 14184 -1 14184 14271 14272 -1 14184 14272 14185 -1 14185 14272 14273 -1 14185 14273 14186 -1 14186 14273 14274 -1 14186 14274 14187 -1 14187 14274 14275 -1 14187 14275 14188 -1 14188 14275 14276 -1 14188 14276 14189 -1 14189 14276 14277 -1 14189 14277 14190 -1 14190 14277 14278 -1 14190 14278 14191 -1 14191 14278 14279 -1 14191 14279 14192 -1 14192 14279 14280 -1 14192 14280 14193 -1 14193 14280 14281 -1 14193 14281 14194 -1 14194 14281 14282 -1 14194 14282 14195 -1 14195 14282 14283 -1 14195 14283 14196 -1 14196 14283 14284 -1 14196 14284 14197 -1 14197 14284 14285 -1 14197 14285 14198 -1 14198 14285 14286 -1 14198 14286 14199 -1 14199 14286 14287 -1 14199 14287 14200 -1 14200 14287 14288 -1 14200 14288 14201 -1 14201 14288 14289 -1 14201 14289 14202 -1 14202 14289 14290 -1 14202 14290 14203 -1 14203 14290 14291 -1 14203 14291 14204 -1 14204 14291 14292 -1 14204 14292 14205 -1 14205 14292 14293 -1 14205 14293 14206 -1 14206 14293 14294 -1 14206 14294 14207 -1 14207 14294 14295 -1 14207 14295 14208 -1 14208 14295 14296 -1 14208 14296 14209 -1 14209 14296 14297 -1 14209 14297 14210 -1 14210 14297 14298 -1 14210 14298 14211 -1 14211 14298 14299 -1 14211 14299 14212 -1 14212 14299 14300 -1 14212 14300 14213 -1 14213 14300 14301 -1 14213 14301 14214 -1 14214 14301 14302 -1 14214 14302 14215 -1 14215 14302 14303 -1 14215 14303 14216 -1 14216 14303 14304 -1 14216 14304 14217 -1 14217 14304 14305 -1 14217 14305 14218 -1 14218 14305 14306 -1 14218 14306 14219 -1 14219 14306 14307 -1 14219 14307 14220 -1 14220 14307 14308 -1 14220 14308 14221 -1 14221 14308 14309 -1 14221 14309 14222 -1 14222 14309 14310 -1 14222 14310 14223 -1 14223 14310 14311 -1 14223 14311 14224 -1 14224 14311 14312 -1 14224 14312 14225 -1 14225 14312 14313 -1 14225 14313 14226 -1 14226 14313 14314 -1 14226 14314 14227 -1 14227 14314 14315 -1 14227 14315 14228 -1 14228 14315 14316 -1 14228 14316 14229 -1 14229 14316 14317 -1 14229 14317 14230 -1 14230 14317 14318 -1 14230 14318 14231 -1 14231 14318 14319 -1 14231 14319 14232 -1 14232 14319 14320 -1 14232 14320 14233 -1 14233 14320 14321 -1 14233 14321 14234 -1 14234 14321 14322 -1 14234 14322 14235 -1 14235 14322 14323 -1 14235 14323 14236 -1 14236 14323 14324 -1 14236 14324 14237 -1 14237 14324 14325 -1 14237 14325 14238 -1 14238 14325 14326 -1 14238 14326 14239 -1 14239 14326 14327 -1 14239 14327 14240 -1 14240 14327 14328 -1 14240 14328 14241 -1 14241 14328 14329 -1 14241 14329 14242 -1 14242 14329 14330 -1 14242 14330 14243 -1 14243 14330 14331 -1 14243 14331 14244 -1 14244 14331 14332 -1 14244 14332 14245 -1 14245 14332 14333 -1 14245 14333 14246 -1 14246 14333 14334 -1 14246 14334 14247 -1 14247 14334 14335 -1 14247 14335 14248 -1 14248 14335 14336 -1 14248 14336 14249 -1 14249 14336 14337 -1 14249 14337 14250 -1 14250 14337 14338 -1 14250 14338 14251 -1 14251 14338 14339 -1 14251 14339 14252 -1 14252 14339 14340 -1 14252 14340 14253 -1 14253 14340 14341 -1 14253 14341 14254 -1 14254 14341 14342 -1 14254 14342 14255 -1 14255 14342 14343 -1 14255 14343 14256 -1 14256 14343 14344 -1 14256 14344 14257 -1 14257 14344 14345 -1 14257 14345 89 -1 14258 0 14346 -1 14258 14346 14259 -1 14259 14346 14347 -1 14259 14347 14260 -1 14260 14347 14348 -1 14260 14348 14261 -1 14261 14348 14349 -1 14261 14349 14262 -1 14262 14349 14350 -1 14262 14350 14263 -1 14263 14350 14351 -1 14263 14351 14264 -1 14264 14351 14352 -1 14264 14352 14265 -1 14265 14352 14353 -1 14265 14353 14266 -1 14266 14353 14354 -1 14266 14354 14267 -1 14267 14354 14355 -1 14267 14355 14268 -1 14268 14355 14356 -1 14268 14356 14269 -1 14269 14356 14357 -1 14269 14357 14270 -1 14270 14357 14358 -1 14270 14358 14271 -1 14271 14358 14359 -1 14271 14359 14272 -1 14272 14359 14360 -1 14272 14360 14273 -1 14273 14360 14361 -1 14273 14361 14274 -1 14274 14361 14362 -1 14274 14362 14275 -1 14275 14362 14363 -1 14275 14363 14276 -1 14276 14363 14364 -1 14276 14364 14277 -1 14277 14364 14365 -1 14277 14365 14278 -1 14278 14365 14366 -1 14278 14366 14279 -1 14279 14366 14367 -1 14279 14367 14280 -1 14280 14367 14368 -1 14280 14368 14281 -1 14281 14368 14369 -1 14281 14369 14282 -1 14282 14369 14370 -1 14282 14370 14283 -1 14283 14370 14371 -1 14283 14371 14284 -1 14284 14371 14372 -1 14284 14372 14285 -1 14285 14372 14373 -1 14285 14373 14286 -1 14286 14373 14374 -1 14286 14374 14287 -1 14287 14374 14375 -1 14287 14375 14288 -1 14288 14375 14376 -1 14288 14376 14289 -1 14289 14376 14377 -1 14289 14377 14290 -1 14290 14377 14378 -1 14290 14378 14291 -1 14291 14378 14379 -1 14291 14379 14292 -1 14292 14379 14380 -1 14292 14380 14293 -1 14293 14380 14381 -1 14293 14381 14294 -1 14294 14381 14382 -1 14294 14382 14295 -1 14295 14382 14383 -1 14295 14383 14296 -1 14296 14383 14384 -1 14296 14384 14297 -1 14297 14384 14385 -1 14297 14385 14298 -1 14298 14385 14386 -1 14298 14386 14299 -1 14299 14386 14387 -1 14299 14387 14300 -1 14300 14387 14388 -1 14300 14388 14301 -1 14301 14388 14389 -1 14301 14389 14302 -1 14302 14389 14390 -1 14302 14390 14303 -1 14303 14390 14391 -1 14303 14391 14304 -1 14304 14391 14392 -1 14304 14392 14305 -1 14305 14392 14393 -1 14305 14393 14306 -1 14306 14393 14394 -1 14306 14394 14307 -1 14307 14394 14395 -1 14307 14395 14308 -1 14308 14395 14396 -1 14308 14396 14309 -1 14309 14396 14397 -1 14309 14397 14310 -1 14310 14397 14398 -1 14310 14398 14311 -1 14311 14398 14399 -1 14311 14399 14312 -1 14312 14399 14400 -1 14312 14400 14313 -1 14313 14400 14401 -1 14313 14401 14314 -1 14314 14401 14402 -1 14314 14402 14315 -1 14315 14402 14403 -1 14315 14403 14316 -1 14316 14403 14404 -1 14316 14404 14317 -1 14317 14404 14405 -1 14317 14405 14318 -1 14318 14405 14406 -1 14318 14406 14319 -1 14319 14406 14407 -1 14319 14407 14320 -1 14320 14407 14408 -1 14320 14408 14321 -1 14321 14408 14409 -1 14321 14409 14322 -1 14322 14409 14410 -1 14322 14410 14323 -1 14323 14410 14411 -1 14323 14411 14324 -1 14324 14411 14412 -1 14324 14412 14325 -1 14325 14412 14413 -1 14325 14413 14326 -1 14326 14413 14414 -1 14326 14414 14327 -1 14327 14414 14415 -1 14327 14415 14328 -1 14328 14415 14416 -1 14328 14416 14329 -1 14329 14416 14417 -1 14329 14417 14330 -1 14330 14417 14418 -1 14330 14418 14331 -1 14331 14418 14419 -1 14331 14419 14332 -1 14332 14419 14420 -1 14332 14420 14333 -1 14333 14420 14421 -1 14333 14421 14334 -1 14334 14421 14422 -1 14334 14422 14335 -1 14335 14422 14423 -1 14335 14423 14336 -1 14336 14423 14424 -1 14336 14424 14337 -1 14337 14424 14425 -1 14337 14425 14338 -1 14338 14425 14426 -1 14338 14426 14339 -1 14339 14426 14427 -1 14339 14427 14340 -1 14340 14427 14428 -1 14340 14428 14341 -1 14341 14428 14429 -1 14341 14429 14342 -1 14342 14429 14430 -1 14342 14430 14343 -1 14343 14430 14431 -1 14343 14431 14344 -1 14344 14431 14432 -1 14344 14432 14345 -1 14345 14432 14433 -1 14345 14433 89 -1 14346 0 14434 -1 14346 14434 14347 -1 14347 14434 14435 -1 14347 14435 14348 -1 14348 14435 14436 -1 14348 14436 14349 -1 14349 14436 14437 -1 14349 14437 14350 -1 14350 14437 14438 -1 14350 14438 14351 -1 14351 14438 14439 -1 14351 14439 14352 -1 14352 14439 14440 -1 14352 14440 14353 -1 14353 14440 14441 -1 14353 14441 14354 -1 14354 14441 14442 -1 14354 14442 14355 -1 14355 14442 14443 -1 14355 14443 14356 -1 14356 14443 14444 -1 14356 14444 14357 -1 14357 14444 14445 -1 14357 14445 14358 -1 14358 14445 14446 -1 14358 14446 14359 -1 14359 14446 14447 -1 14359 14447 14360 -1 14360 14447 14448 -1 14360 14448 14361 -1 14361 14448 14449 -1 14361 14449 14362 -1 14362 14449 14450 -1 14362 14450 14363 -1 14363 14450 14451 -1 14363 14451 14364 -1 14364 14451 14452 -1 14364 14452 14365 -1 14365 14452 14453 -1 14365 14453 14366 -1 14366 14453 14454 -1 14366 14454 14367 -1 14367 14454 14455 -1 14367 14455 14368 -1 14368 14455 14456 -1 14368 14456 14369 -1 14369 14456 14457 -1 14369 14457 14370 -1 14370 14457 14458 -1 14370 14458 14371 -1 14371 14458 14459 -1 14371 14459 14372 -1 14372 14459 14460 -1 14372 14460 14373 -1 14373 14460 14461 -1 14373 14461 14374 -1 14374 14461 14462 -1 14374 14462 14375 -1 14375 14462 14463 -1 14375 14463 14376 -1 14376 14463 14464 -1 14376 14464 14377 -1 14377 14464 14465 -1 14377 14465 14378 -1 14378 14465 14466 -1 14378 14466 14379 -1 14379 14466 14467 -1 14379 14467 14380 -1 14380 14467 14468 -1 14380 14468 14381 -1 14381 14468 14469 -1 14381 14469 14382 -1 14382 14469 14470 -1 14382 14470 14383 -1 14383 14470 14471 -1 14383 14471 14384 -1 14384 14471 14472 -1 14384 14472 14385 -1 14385 14472 14473 -1 14385 14473 14386 -1 14386 14473 14474 -1 14386 14474 14387 -1 14387 14474 14475 -1 14387 14475 14388 -1 14388 14475 14476 -1 14388 14476 14389 -1 14389 14476 14477 -1 14389 14477 14390 -1 14390 14477 14478 -1 14390 14478 14391 -1 14391 14478 14479 -1 14391 14479 14392 -1 14392 14479 14480 -1 14392 14480 14393 -1 14393 14480 14481 -1 14393 14481 14394 -1 14394 14481 14482 -1 14394 14482 14395 -1 14395 14482 14483 -1 14395 14483 14396 -1 14396 14483 14484 -1 14396 14484 14397 -1 14397 14484 14485 -1 14397 14485 14398 -1 14398 14485 14486 -1 14398 14486 14399 -1 14399 14486 14487 -1 14399 14487 14400 -1 14400 14487 14488 -1 14400 14488 14401 -1 14401 14488 14489 -1 14401 14489 14402 -1 14402 14489 14490 -1 14402 14490 14403 -1 14403 14490 14491 -1 14403 14491 14404 -1 14404 14491 14492 -1 14404 14492 14405 -1 14405 14492 14493 -1 14405 14493 14406 -1 14406 14493 14494 -1 14406 14494 14407 -1 14407 14494 14495 -1 14407 14495 14408 -1 14408 14495 14496 -1 14408 14496 14409 -1 14409 14496 14497 -1 14409 14497 14410 -1 14410 14497 14498 -1 14410 14498 14411 -1 14411 14498 14499 -1 14411 14499 14412 -1 14412 14499 14500 -1 14412 14500 14413 -1 14413 14500 14501 -1 14413 14501 14414 -1 14414 14501 14502 -1 14414 14502 14415 -1 14415 14502 14503 -1 14415 14503 14416 -1 14416 14503 14504 -1 14416 14504 14417 -1 14417 14504 14505 -1 14417 14505 14418 -1 14418 14505 14506 -1 14418 14506 14419 -1 14419 14506 14507 -1 14419 14507 14420 -1 14420 14507 14508 -1 14420 14508 14421 -1 14421 14508 14509 -1 14421 14509 14422 -1 14422 14509 14510 -1 14422 14510 14423 -1 14423 14510 14511 -1 14423 14511 14424 -1 14424 14511 14512 -1 14424 14512 14425 -1 14425 14512 14513 -1 14425 14513 14426 -1 14426 14513 14514 -1 14426 14514 14427 -1 14427 14514 14515 -1 14427 14515 14428 -1 14428 14515 14516 -1 14428 14516 14429 -1 14429 14516 14517 -1 14429 14517 14430 -1 14430 14517 14518 -1 14430 14518 14431 -1 14431 14518 14519 -1 14431 14519 14432 -1 14432 14519 14520 -1 14432 14520 14433 -1 14433 14520 14521 -1 14433 14521 89 -1 14434 0 14522 -1 14434 14522 14435 -1 14435 14522 14523 -1 14435 14523 14436 -1 14436 14523 14524 -1 14436 14524 14437 -1 14437 14524 14525 -1 14437 14525 14438 -1 14438 14525 14526 -1 14438 14526 14439 -1 14439 14526 14527 -1 14439 14527 14440 -1 14440 14527 14528 -1 14440 14528 14441 -1 14441 14528 14529 -1 14441 14529 14442 -1 14442 14529 14530 -1 14442 14530 14443 -1 14443 14530 14531 -1 14443 14531 14444 -1 14444 14531 14532 -1 14444 14532 14445 -1 14445 14532 14533 -1 14445 14533 14446 -1 14446 14533 14534 -1 14446 14534 14447 -1 14447 14534 14535 -1 14447 14535 14448 -1 14448 14535 14536 -1 14448 14536 14449 -1 14449 14536 14537 -1 14449 14537 14450 -1 14450 14537 14538 -1 14450 14538 14451 -1 14451 14538 14539 -1 14451 14539 14452 -1 14452 14539 14540 -1 14452 14540 14453 -1 14453 14540 14541 -1 14453 14541 14454 -1 14454 14541 14542 -1 14454 14542 14455 -1 14455 14542 14543 -1 14455 14543 14456 -1 14456 14543 14544 -1 14456 14544 14457 -1 14457 14544 14545 -1 14457 14545 14458 -1 14458 14545 14546 -1 14458 14546 14459 -1 14459 14546 14547 -1 14459 14547 14460 -1 14460 14547 14548 -1 14460 14548 14461 -1 14461 14548 14549 -1 14461 14549 14462 -1 14462 14549 14550 -1 14462 14550 14463 -1 14463 14550 14551 -1 14463 14551 14464 -1 14464 14551 14552 -1 14464 14552 14465 -1 14465 14552 14553 -1 14465 14553 14466 -1 14466 14553 14554 -1 14466 14554 14467 -1 14467 14554 14555 -1 14467 14555 14468 -1 14468 14555 14556 -1 14468 14556 14469 -1 14469 14556 14557 -1 14469 14557 14470 -1 14470 14557 14558 -1 14470 14558 14471 -1 14471 14558 14559 -1 14471 14559 14472 -1 14472 14559 14560 -1 14472 14560 14473 -1 14473 14560 14561 -1 14473 14561 14474 -1 14474 14561 14562 -1 14474 14562 14475 -1 14475 14562 14563 -1 14475 14563 14476 -1 14476 14563 14564 -1 14476 14564 14477 -1 14477 14564 14565 -1 14477 14565 14478 -1 14478 14565 14566 -1 14478 14566 14479 -1 14479 14566 14567 -1 14479 14567 14480 -1 14480 14567 14568 -1 14480 14568 14481 -1 14481 14568 14569 -1 14481 14569 14482 -1 14482 14569 14570 -1 14482 14570 14483 -1 14483 14570 14571 -1 14483 14571 14484 -1 14484 14571 14572 -1 14484 14572 14485 -1 14485 14572 14573 -1 14485 14573 14486 -1 14486 14573 14574 -1 14486 14574 14487 -1 14487 14574 14575 -1 14487 14575 14488 -1 14488 14575 14576 -1 14488 14576 14489 -1 14489 14576 14577 -1 14489 14577 14490 -1 14490 14577 14578 -1 14490 14578 14491 -1 14491 14578 14579 -1 14491 14579 14492 -1 14492 14579 14580 -1 14492 14580 14493 -1 14493 14580 14581 -1 14493 14581 14494 -1 14494 14581 14582 -1 14494 14582 14495 -1 14495 14582 14583 -1 14495 14583 14496 -1 14496 14583 14584 -1 14496 14584 14497 -1 14497 14584 14585 -1 14497 14585 14498 -1 14498 14585 14586 -1 14498 14586 14499 -1 14499 14586 14587 -1 14499 14587 14500 -1 14500 14587 14588 -1 14500 14588 14501 -1 14501 14588 14589 -1 14501 14589 14502 -1 14502 14589 14590 -1 14502 14590 14503 -1 14503 14590 14591 -1 14503 14591 14504 -1 14504 14591 14592 -1 14504 14592 14505 -1 14505 14592 14593 -1 14505 14593 14506 -1 14506 14593 14594 -1 14506 14594 14507 -1 14507 14594 14595 -1 14507 14595 14508 -1 14508 14595 14596 -1 14508 14596 14509 -1 14509 14596 14597 -1 14509 14597 14510 -1 14510 14597 14598 -1 14510 14598 14511 -1 14511 14598 14599 -1 14511 14599 14512 -1 14512 14599 14600 -1 14512 14600 14513 -1 14513 14600 14601 -1 14513 14601 14514 -1 14514 14601 14602 -1 14514 14602 14515 -1 14515 14602 14603 -1 14515 14603 14516 -1 14516 14603 14604 -1 14516 14604 14517 -1 14517 14604 14605 -1 14517 14605 14518 -1 14518 14605 14606 -1 14518 14606 14519 -1 14519 14606 14607 -1 14519 14607 14520 -1 14520 14607 14608 -1 14520 14608 14521 -1 14521 14608 14609 -1 14521 14609 89 -1 14522 0 14610 -1 14522 14610 14523 -1 14523 14610 14611 -1 14523 14611 14524 -1 14524 14611 14612 -1 14524 14612 14525 -1 14525 14612 14613 -1 14525 14613 14526 -1 14526 14613 14614 -1 14526 14614 14527 -1 14527 14614 14615 -1 14527 14615 14528 -1 14528 14615 14616 -1 14528 14616 14529 -1 14529 14616 14617 -1 14529 14617 14530 -1 14530 14617 14618 -1 14530 14618 14531 -1 14531 14618 14619 -1 14531 14619 14532 -1 14532 14619 14620 -1 14532 14620 14533 -1 14533 14620 14621 -1 14533 14621 14534 -1 14534 14621 14622 -1 14534 14622 14535 -1 14535 14622 14623 -1 14535 14623 14536 -1 14536 14623 14624 -1 14536 14624 14537 -1 14537 14624 14625 -1 14537 14625 14538 -1 14538 14625 14626 -1 14538 14626 14539 -1 14539 14626 14627 -1 14539 14627 14540 -1 14540 14627 14628 -1 14540 14628 14541 -1 14541 14628 14629 -1 14541 14629 14542 -1 14542 14629 14630 -1 14542 14630 14543 -1 14543 14630 14631 -1 14543 14631 14544 -1 14544 14631 14632 -1 14544 14632 14545 -1 14545 14632 14633 -1 14545 14633 14546 -1 14546 14633 14634 -1 14546 14634 14547 -1 14547 14634 14635 -1 14547 14635 14548 -1 14548 14635 14636 -1 14548 14636 14549 -1 14549 14636 14637 -1 14549 14637 14550 -1 14550 14637 14638 -1 14550 14638 14551 -1 14551 14638 14639 -1 14551 14639 14552 -1 14552 14639 14640 -1 14552 14640 14553 -1 14553 14640 14641 -1 14553 14641 14554 -1 14554 14641 14642 -1 14554 14642 14555 -1 14555 14642 14643 -1 14555 14643 14556 -1 14556 14643 14644 -1 14556 14644 14557 -1 14557 14644 14645 -1 14557 14645 14558 -1 14558 14645 14646 -1 14558 14646 14559 -1 14559 14646 14647 -1 14559 14647 14560 -1 14560 14647 14648 -1 14560 14648 14561 -1 14561 14648 14649 -1 14561 14649 14562 -1 14562 14649 14650 -1 14562 14650 14563 -1 14563 14650 14651 -1 14563 14651 14564 -1 14564 14651 14652 -1 14564 14652 14565 -1 14565 14652 14653 -1 14565 14653 14566 -1 14566 14653 14654 -1 14566 14654 14567 -1 14567 14654 14655 -1 14567 14655 14568 -1 14568 14655 14656 -1 14568 14656 14569 -1 14569 14656 14657 -1 14569 14657 14570 -1 14570 14657 14658 -1 14570 14658 14571 -1 14571 14658 14659 -1 14571 14659 14572 -1 14572 14659 14660 -1 14572 14660 14573 -1 14573 14660 14661 -1 14573 14661 14574 -1 14574 14661 14662 -1 14574 14662 14575 -1 14575 14662 14663 -1 14575 14663 14576 -1 14576 14663 14664 -1 14576 14664 14577 -1 14577 14664 14665 -1 14577 14665 14578 -1 14578 14665 14666 -1 14578 14666 14579 -1 14579 14666 14667 -1 14579 14667 14580 -1 14580 14667 14668 -1 14580 14668 14581 -1 14581 14668 14669 -1 14581 14669 14582 -1 14582 14669 14670 -1 14582 14670 14583 -1 14583 14670 14671 -1 14583 14671 14584 -1 14584 14671 14672 -1 14584 14672 14585 -1 14585 14672 14673 -1 14585 14673 14586 -1 14586 14673 14674 -1 14586 14674 14587 -1 14587 14674 14675 -1 14587 14675 14588 -1 14588 14675 14676 -1 14588 14676 14589 -1 14589 14676 14677 -1 14589 14677 14590 -1 14590 14677 14678 -1 14590 14678 14591 -1 14591 14678 14679 -1 14591 14679 14592 -1 14592 14679 14680 -1 14592 14680 14593 -1 14593 14680 14681 -1 14593 14681 14594 -1 14594 14681 14682 -1 14594 14682 14595 -1 14595 14682 14683 -1 14595 14683 14596 -1 14596 14683 14684 -1 14596 14684 14597 -1 14597 14684 14685 -1 14597 14685 14598 -1 14598 14685 14686 -1 14598 14686 14599 -1 14599 14686 14687 -1 14599 14687 14600 -1 14600 14687 14688 -1 14600 14688 14601 -1 14601 14688 14689 -1 14601 14689 14602 -1 14602 14689 14690 -1 14602 14690 14603 -1 14603 14690 14691 -1 14603 14691 14604 -1 14604 14691 14692 -1 14604 14692 14605 -1 14605 14692 14693 -1 14605 14693 14606 -1 14606 14693 14694 -1 14606 14694 14607 -1 14607 14694 14695 -1 14607 14695 14608 -1 14608 14695 14696 -1 14608 14696 14609 -1 14609 14696 14697 -1 14609 14697 89 -1 14610 0 14698 -1 14610 14698 14611 -1 14611 14698 14699 -1 14611 14699 14612 -1 14612 14699 14700 -1 14612 14700 14613 -1 14613 14700 14701 -1 14613 14701 14614 -1 14614 14701 14702 -1 14614 14702 14615 -1 14615 14702 14703 -1 14615 14703 14616 -1 14616 14703 14704 -1 14616 14704 14617 -1 14617 14704 14705 -1 14617 14705 14618 -1 14618 14705 14706 -1 14618 14706 14619 -1 14619 14706 14707 -1 14619 14707 14620 -1 14620 14707 14708 -1 14620 14708 14621 -1 14621 14708 14709 -1 14621 14709 14622 -1 14622 14709 14710 -1 14622 14710 14623 -1 14623 14710 14711 -1 14623 14711 14624 -1 14624 14711 14712 -1 14624 14712 14625 -1 14625 14712 14713 -1 14625 14713 14626 -1 14626 14713 14714 -1 14626 14714 14627 -1 14627 14714 14715 -1 14627 14715 14628 -1 14628 14715 14716 -1 14628 14716 14629 -1 14629 14716 14717 -1 14629 14717 14630 -1 14630 14717 14718 -1 14630 14718 14631 -1 14631 14718 14719 -1 14631 14719 14632 -1 14632 14719 14720 -1 14632 14720 14633 -1 14633 14720 14721 -1 14633 14721 14634 -1 14634 14721 14722 -1 14634 14722 14635 -1 14635 14722 14723 -1 14635 14723 14636 -1 14636 14723 14724 -1 14636 14724 14637 -1 14637 14724 14725 -1 14637 14725 14638 -1 14638 14725 14726 -1 14638 14726 14639 -1 14639 14726 14727 -1 14639 14727 14640 -1 14640 14727 14728 -1 14640 14728 14641 -1 14641 14728 14729 -1 14641 14729 14642 -1 14642 14729 14730 -1 14642 14730 14643 -1 14643 14730 14731 -1 14643 14731 14644 -1 14644 14731 14732 -1 14644 14732 14645 -1 14645 14732 14733 -1 14645 14733 14646 -1 14646 14733 14734 -1 14646 14734 14647 -1 14647 14734 14735 -1 14647 14735 14648 -1 14648 14735 14736 -1 14648 14736 14649 -1 14649 14736 14737 -1 14649 14737 14650 -1 14650 14737 14738 -1 14650 14738 14651 -1 14651 14738 14739 -1 14651 14739 14652 -1 14652 14739 14740 -1 14652 14740 14653 -1 14653 14740 14741 -1 14653 14741 14654 -1 14654 14741 14742 -1 14654 14742 14655 -1 14655 14742 14743 -1 14655 14743 14656 -1 14656 14743 14744 -1 14656 14744 14657 -1 14657 14744 14745 -1 14657 14745 14658 -1 14658 14745 14746 -1 14658 14746 14659 -1 14659 14746 14747 -1 14659 14747 14660 -1 14660 14747 14748 -1 14660 14748 14661 -1 14661 14748 14749 -1 14661 14749 14662 -1 14662 14749 14750 -1 14662 14750 14663 -1 14663 14750 14751 -1 14663 14751 14664 -1 14664 14751 14752 -1 14664 14752 14665 -1 14665 14752 14753 -1 14665 14753 14666 -1 14666 14753 14754 -1 14666 14754 14667 -1 14667 14754 14755 -1 14667 14755 14668 -1 14668 14755 14756 -1 14668 14756 14669 -1 14669 14756 14757 -1 14669 14757 14670 -1 14670 14757 14758 -1 14670 14758 14671 -1 14671 14758 14759 -1 14671 14759 14672 -1 14672 14759 14760 -1 14672 14760 14673 -1 14673 14760 14761 -1 14673 14761 14674 -1 14674 14761 14762 -1 14674 14762 14675 -1 14675 14762 14763 -1 14675 14763 14676 -1 14676 14763 14764 -1 14676 14764 14677 -1 14677 14764 14765 -1 14677 14765 14678 -1 14678 14765 14766 -1 14678 14766 14679 -1 14679 14766 14767 -1 14679 14767 14680 -1 14680 14767 14768 -1 14680 14768 14681 -1 14681 14768 14769 -1 14681 14769 14682 -1 14682 14769 14770 -1 14682 14770 14683 -1 14683 14770 14771 -1 14683 14771 14684 -1 14684 14771 14772 -1 14684 14772 14685 -1 14685 14772 14773 -1 14685 14773 14686 -1 14686 14773 14774 -1 14686 14774 14687 -1 14687 14774 14775 -1 14687 14775 14688 -1 14688 14775 14776 -1 14688 14776 14689 -1 14689 14776 14777 -1 14689 14777 14690 -1 14690 14777 14778 -1 14690 14778 14691 -1 14691 14778 14779 -1 14691 14779 14692 -1 14692 14779 14780 -1 14692 14780 14693 -1 14693 14780 14781 -1 14693 14781 14694 -1 14694 14781 14782 -1 14694 14782 14695 -1 14695 14782 14783 -1 14695 14783 14696 -1 14696 14783 14784 -1 14696 14784 14697 -1 14697 14784 14785 -1 14697 14785 89 -1 14698 0 14786 -1 14698 14786 14699 -1 14699 14786 14787 -1 14699 14787 14700 -1 14700 14787 14788 -1 14700 14788 14701 -1 14701 14788 14789 -1 14701 14789 14702 -1 14702 14789 14790 -1 14702 14790 14703 -1 14703 14790 14791 -1 14703 14791 14704 -1 14704 14791 14792 -1 14704 14792 14705 -1 14705 14792 14793 -1 14705 14793 14706 -1 14706 14793 14794 -1 14706 14794 14707 -1 14707 14794 14795 -1 14707 14795 14708 -1 14708 14795 14796 -1 14708 14796 14709 -1 14709 14796 14797 -1 14709 14797 14710 -1 14710 14797 14798 -1 14710 14798 14711 -1 14711 14798 14799 -1 14711 14799 14712 -1 14712 14799 14800 -1 14712 14800 14713 -1 14713 14800 14801 -1 14713 14801 14714 -1 14714 14801 14802 -1 14714 14802 14715 -1 14715 14802 14803 -1 14715 14803 14716 -1 14716 14803 14804 -1 14716 14804 14717 -1 14717 14804 14805 -1 14717 14805 14718 -1 14718 14805 14806 -1 14718 14806 14719 -1 14719 14806 14807 -1 14719 14807 14720 -1 14720 14807 14808 -1 14720 14808 14721 -1 14721 14808 14809 -1 14721 14809 14722 -1 14722 14809 14810 -1 14722 14810 14723 -1 14723 14810 14811 -1 14723 14811 14724 -1 14724 14811 14812 -1 14724 14812 14725 -1 14725 14812 14813 -1 14725 14813 14726 -1 14726 14813 14814 -1 14726 14814 14727 -1 14727 14814 14815 -1 14727 14815 14728 -1 14728 14815 14816 -1 14728 14816 14729 -1 14729 14816 14817 -1 14729 14817 14730 -1 14730 14817 14818 -1 14730 14818 14731 -1 14731 14818 14819 -1 14731 14819 14732 -1 14732 14819 14820 -1 14732 14820 14733 -1 14733 14820 14821 -1 14733 14821 14734 -1 14734 14821 14822 -1 14734 14822 14735 -1 14735 14822 14823 -1 14735 14823 14736 -1 14736 14823 14824 -1 14736 14824 14737 -1 14737 14824 14825 -1 14737 14825 14738 -1 14738 14825 14826 -1 14738 14826 14739 -1 14739 14826 14827 -1 14739 14827 14740 -1 14740 14827 14828 -1 14740 14828 14741 -1 14741 14828 14829 -1 14741 14829 14742 -1 14742 14829 14830 -1 14742 14830 14743 -1 14743 14830 14831 -1 14743 14831 14744 -1 14744 14831 14832 -1 14744 14832 14745 -1 14745 14832 14833 -1 14745 14833 14746 -1 14746 14833 14834 -1 14746 14834 14747 -1 14747 14834 14835 -1 14747 14835 14748 -1 14748 14835 14836 -1 14748 14836 14749 -1 14749 14836 14837 -1 14749 14837 14750 -1 14750 14837 14838 -1 14750 14838 14751 -1 14751 14838 14839 -1 14751 14839 14752 -1 14752 14839 14840 -1 14752 14840 14753 -1 14753 14840 14841 -1 14753 14841 14754 -1 14754 14841 14842 -1 14754 14842 14755 -1 14755 14842 14843 -1 14755 14843 14756 -1 14756 14843 14844 -1 14756 14844 14757 -1 14757 14844 14845 -1 14757 14845 14758 -1 14758 14845 14846 -1 14758 14846 14759 -1 14759 14846 14847 -1 14759 14847 14760 -1 14760 14847 14848 -1 14760 14848 14761 -1 14761 14848 14849 -1 14761 14849 14762 -1 14762 14849 14850 -1 14762 14850 14763 -1 14763 14850 14851 -1 14763 14851 14764 -1 14764 14851 14852 -1 14764 14852 14765 -1 14765 14852 14853 -1 14765 14853 14766 -1 14766 14853 14854 -1 14766 14854 14767 -1 14767 14854 14855 -1 14767 14855 14768 -1 14768 14855 14856 -1 14768 14856 14769 -1 14769 14856 14857 -1 14769 14857 14770 -1 14770 14857 14858 -1 14770 14858 14771 -1 14771 14858 14859 -1 14771 14859 14772 -1 14772 14859 14860 -1 14772 14860 14773 -1 14773 14860 14861 -1 14773 14861 14774 -1 14774 14861 14862 -1 14774 14862 14775 -1 14775 14862 14863 -1 14775 14863 14776 -1 14776 14863 14864 -1 14776 14864 14777 -1 14777 14864 14865 -1 14777 14865 14778 -1 14778 14865 14866 -1 14778 14866 14779 -1 14779 14866 14867 -1 14779 14867 14780 -1 14780 14867 14868 -1 14780 14868 14781 -1 14781 14868 14869 -1 14781 14869 14782 -1 14782 14869 14870 -1 14782 14870 14783 -1 14783 14870 14871 -1 14783 14871 14784 -1 14784 14871 14872 -1 14784 14872 14785 -1 14785 14872 14873 -1 14785 14873 89 -1 14786 0 14874 -1 14786 14874 14787 -1 14787 14874 14875 -1 14787 14875 14788 -1 14788 14875 14876 -1 14788 14876 14789 -1 14789 14876 14877 -1 14789 14877 14790 -1 14790 14877 14878 -1 14790 14878 14791 -1 14791 14878 14879 -1 14791 14879 14792 -1 14792 14879 14880 -1 14792 14880 14793 -1 14793 14880 14881 -1 14793 14881 14794 -1 14794 14881 14882 -1 14794 14882 14795 -1 14795 14882 14883 -1 14795 14883 14796 -1 14796 14883 14884 -1 14796 14884 14797 -1 14797 14884 14885 -1 14797 14885 14798 -1 14798 14885 14886 -1 14798 14886 14799 -1 14799 14886 14887 -1 14799 14887 14800 -1 14800 14887 14888 -1 14800 14888 14801 -1 14801 14888 14889 -1 14801 14889 14802 -1 14802 14889 14890 -1 14802 14890 14803 -1 14803 14890 14891 -1 14803 14891 14804 -1 14804 14891 14892 -1 14804 14892 14805 -1 14805 14892 14893 -1 14805 14893 14806 -1 14806 14893 14894 -1 14806 14894 14807 -1 14807 14894 14895 -1 14807 14895 14808 -1 14808 14895 14896 -1 14808 14896 14809 -1 14809 14896 14897 -1 14809 14897 14810 -1 14810 14897 14898 -1 14810 14898 14811 -1 14811 14898 14899 -1 14811 14899 14812 -1 14812 14899 14900 -1 14812 14900 14813 -1 14813 14900 14901 -1 14813 14901 14814 -1 14814 14901 14902 -1 14814 14902 14815 -1 14815 14902 14903 -1 14815 14903 14816 -1 14816 14903 14904 -1 14816 14904 14817 -1 14817 14904 14905 -1 14817 14905 14818 -1 14818 14905 14906 -1 14818 14906 14819 -1 14819 14906 14907 -1 14819 14907 14820 -1 14820 14907 14908 -1 14820 14908 14821 -1 14821 14908 14909 -1 14821 14909 14822 -1 14822 14909 14910 -1 14822 14910 14823 -1 14823 14910 14911 -1 14823 14911 14824 -1 14824 14911 14912 -1 14824 14912 14825 -1 14825 14912 14913 -1 14825 14913 14826 -1 14826 14913 14914 -1 14826 14914 14827 -1 14827 14914 14915 -1 14827 14915 14828 -1 14828 14915 14916 -1 14828 14916 14829 -1 14829 14916 14917 -1 14829 14917 14830 -1 14830 14917 14918 -1 14830 14918 14831 -1 14831 14918 14919 -1 14831 14919 14832 -1 14832 14919 14920 -1 14832 14920 14833 -1 14833 14920 14921 -1 14833 14921 14834 -1 14834 14921 14922 -1 14834 14922 14835 -1 14835 14922 14923 -1 14835 14923 14836 -1 14836 14923 14924 -1 14836 14924 14837 -1 14837 14924 14925 -1 14837 14925 14838 -1 14838 14925 14926 -1 14838 14926 14839 -1 14839 14926 14927 -1 14839 14927 14840 -1 14840 14927 14928 -1 14840 14928 14841 -1 14841 14928 14929 -1 14841 14929 14842 -1 14842 14929 14930 -1 14842 14930 14843 -1 14843 14930 14931 -1 14843 14931 14844 -1 14844 14931 14932 -1 14844 14932 14845 -1 14845 14932 14933 -1 14845 14933 14846 -1 14846 14933 14934 -1 14846 14934 14847 -1 14847 14934 14935 -1 14847 14935 14848 -1 14848 14935 14936 -1 14848 14936 14849 -1 14849 14936 14937 -1 14849 14937 14850 -1 14850 14937 14938 -1 14850 14938 14851 -1 14851 14938 14939 -1 14851 14939 14852 -1 14852 14939 14940 -1 14852 14940 14853 -1 14853 14940 14941 -1 14853 14941 14854 -1 14854 14941 14942 -1 14854 14942 14855 -1 14855 14942 14943 -1 14855 14943 14856 -1 14856 14943 14944 -1 14856 14944 14857 -1 14857 14944 14945 -1 14857 14945 14858 -1 14858 14945 14946 -1 14858 14946 14859 -1 14859 14946 14947 -1 14859 14947 14860 -1 14860 14947 14948 -1 14860 14948 14861 -1 14861 14948 14949 -1 14861 14949 14862 -1 14862 14949 14950 -1 14862 14950 14863 -1 14863 14950 14951 -1 14863 14951 14864 -1 14864 14951 14952 -1 14864 14952 14865 -1 14865 14952 14953 -1 14865 14953 14866 -1 14866 14953 14954 -1 14866 14954 14867 -1 14867 14954 14955 -1 14867 14955 14868 -1 14868 14955 14956 -1 14868 14956 14869 -1 14869 14956 14957 -1 14869 14957 14870 -1 14870 14957 14958 -1 14870 14958 14871 -1 14871 14958 14959 -1 14871 14959 14872 -1 14872 14959 14960 -1 14872 14960 14873 -1 14873 14960 14961 -1 14873 14961 89 -1 14874 0 14962 -1 14874 14962 14875 -1 14875 14962 14963 -1 14875 14963 14876 -1 14876 14963 14964 -1 14876 14964 14877 -1 14877 14964 14965 -1 14877 14965 14878 -1 14878 14965 14966 -1 14878 14966 14879 -1 14879 14966 14967 -1 14879 14967 14880 -1 14880 14967 14968 -1 14880 14968 14881 -1 14881 14968 14969 -1 14881 14969 14882 -1 14882 14969 14970 -1 14882 14970 14883 -1 14883 14970 14971 -1 14883 14971 14884 -1 14884 14971 14972 -1 14884 14972 14885 -1 14885 14972 14973 -1 14885 14973 14886 -1 14886 14973 14974 -1 14886 14974 14887 -1 14887 14974 14975 -1 14887 14975 14888 -1 14888 14975 14976 -1 14888 14976 14889 -1 14889 14976 14977 -1 14889 14977 14890 -1 14890 14977 14978 -1 14890 14978 14891 -1 14891 14978 14979 -1 14891 14979 14892 -1 14892 14979 14980 -1 14892 14980 14893 -1 14893 14980 14981 -1 14893 14981 14894 -1 14894 14981 14982 -1 14894 14982 14895 -1 14895 14982 14983 -1 14895 14983 14896 -1 14896 14983 14984 -1 14896 14984 14897 -1 14897 14984 14985 -1 14897 14985 14898 -1 14898 14985 14986 -1 14898 14986 14899 -1 14899 14986 14987 -1 14899 14987 14900 -1 14900 14987 14988 -1 14900 14988 14901 -1 14901 14988 14989 -1 14901 14989 14902 -1 14902 14989 14990 -1 14902 14990 14903 -1 14903 14990 14991 -1 14903 14991 14904 -1 14904 14991 14992 -1 14904 14992 14905 -1 14905 14992 14993 -1 14905 14993 14906 -1 14906 14993 14994 -1 14906 14994 14907 -1 14907 14994 14995 -1 14907 14995 14908 -1 14908 14995 14996 -1 14908 14996 14909 -1 14909 14996 14997 -1 14909 14997 14910 -1 14910 14997 14998 -1 14910 14998 14911 -1 14911 14998 14999 -1 14911 14999 14912 -1 14912 14999 15000 -1 14912 15000 14913 -1 14913 15000 15001 -1 14913 15001 14914 -1 14914 15001 15002 -1 14914 15002 14915 -1 14915 15002 15003 -1 14915 15003 14916 -1 14916 15003 15004 -1 14916 15004 14917 -1 14917 15004 15005 -1 14917 15005 14918 -1 14918 15005 15006 -1 14918 15006 14919 -1 14919 15006 15007 -1 14919 15007 14920 -1 14920 15007 15008 -1 14920 15008 14921 -1 14921 15008 15009 -1 14921 15009 14922 -1 14922 15009 15010 -1 14922 15010 14923 -1 14923 15010 15011 -1 14923 15011 14924 -1 14924 15011 15012 -1 14924 15012 14925 -1 14925 15012 15013 -1 14925 15013 14926 -1 14926 15013 15014 -1 14926 15014 14927 -1 14927 15014 15015 -1 14927 15015 14928 -1 14928 15015 15016 -1 14928 15016 14929 -1 14929 15016 15017 -1 14929 15017 14930 -1 14930 15017 15018 -1 14930 15018 14931 -1 14931 15018 15019 -1 14931 15019 14932 -1 14932 15019 15020 -1 14932 15020 14933 -1 14933 15020 15021 -1 14933 15021 14934 -1 14934 15021 15022 -1 14934 15022 14935 -1 14935 15022 15023 -1 14935 15023 14936 -1 14936 15023 15024 -1 14936 15024 14937 -1 14937 15024 15025 -1 14937 15025 14938 -1 14938 15025 15026 -1 14938 15026 14939 -1 14939 15026 15027 -1 14939 15027 14940 -1 14940 15027 15028 -1 14940 15028 14941 -1 14941 15028 15029 -1 14941 15029 14942 -1 14942 15029 15030 -1 14942 15030 14943 -1 14943 15030 15031 -1 14943 15031 14944 -1 14944 15031 15032 -1 14944 15032 14945 -1 14945 15032 15033 -1 14945 15033 14946 -1 14946 15033 15034 -1 14946 15034 14947 -1 14947 15034 15035 -1 14947 15035 14948 -1 14948 15035 15036 -1 14948 15036 14949 -1 14949 15036 15037 -1 14949 15037 14950 -1 14950 15037 15038 -1 14950 15038 14951 -1 14951 15038 15039 -1 14951 15039 14952 -1 14952 15039 15040 -1 14952 15040 14953 -1 14953 15040 15041 -1 14953 15041 14954 -1 14954 15041 15042 -1 14954 15042 14955 -1 14955 15042 15043 -1 14955 15043 14956 -1 14956 15043 15044 -1 14956 15044 14957 -1 14957 15044 15045 -1 14957 15045 14958 -1 14958 15045 15046 -1 14958 15046 14959 -1 14959 15046 15047 -1 14959 15047 14960 -1 14960 15047 15048 -1 14960 15048 14961 -1 14961 15048 15049 -1 14961 15049 89 -1 14962 0 15050 -1 14962 15050 14963 -1 14963 15050 15051 -1 14963 15051 14964 -1 14964 15051 15052 -1 14964 15052 14965 -1 14965 15052 15053 -1 14965 15053 14966 -1 14966 15053 15054 -1 14966 15054 14967 -1 14967 15054 15055 -1 14967 15055 14968 -1 14968 15055 15056 -1 14968 15056 14969 -1 14969 15056 15057 -1 14969 15057 14970 -1 14970 15057 15058 -1 14970 15058 14971 -1 14971 15058 15059 -1 14971 15059 14972 -1 14972 15059 15060 -1 14972 15060 14973 -1 14973 15060 15061 -1 14973 15061 14974 -1 14974 15061 15062 -1 14974 15062 14975 -1 14975 15062 15063 -1 14975 15063 14976 -1 14976 15063 15064 -1 14976 15064 14977 -1 14977 15064 15065 -1 14977 15065 14978 -1 14978 15065 15066 -1 14978 15066 14979 -1 14979 15066 15067 -1 14979 15067 14980 -1 14980 15067 15068 -1 14980 15068 14981 -1 14981 15068 15069 -1 14981 15069 14982 -1 14982 15069 15070 -1 14982 15070 14983 -1 14983 15070 15071 -1 14983 15071 14984 -1 14984 15071 15072 -1 14984 15072 14985 -1 14985 15072 15073 -1 14985 15073 14986 -1 14986 15073 15074 -1 14986 15074 14987 -1 14987 15074 15075 -1 14987 15075 14988 -1 14988 15075 15076 -1 14988 15076 14989 -1 14989 15076 15077 -1 14989 15077 14990 -1 14990 15077 15078 -1 14990 15078 14991 -1 14991 15078 15079 -1 14991 15079 14992 -1 14992 15079 15080 -1 14992 15080 14993 -1 14993 15080 15081 -1 14993 15081 14994 -1 14994 15081 15082 -1 14994 15082 14995 -1 14995 15082 15083 -1 14995 15083 14996 -1 14996 15083 15084 -1 14996 15084 14997 -1 14997 15084 15085 -1 14997 15085 14998 -1 14998 15085 15086 -1 14998 15086 14999 -1 14999 15086 15087 -1 14999 15087 15000 -1 15000 15087 15088 -1 15000 15088 15001 -1 15001 15088 15089 -1 15001 15089 15002 -1 15002 15089 15090 -1 15002 15090 15003 -1 15003 15090 15091 -1 15003 15091 15004 -1 15004 15091 15092 -1 15004 15092 15005 -1 15005 15092 15093 -1 15005 15093 15006 -1 15006 15093 15094 -1 15006 15094 15007 -1 15007 15094 15095 -1 15007 15095 15008 -1 15008 15095 15096 -1 15008 15096 15009 -1 15009 15096 15097 -1 15009 15097 15010 -1 15010 15097 15098 -1 15010 15098 15011 -1 15011 15098 15099 -1 15011 15099 15012 -1 15012 15099 15100 -1 15012 15100 15013 -1 15013 15100 15101 -1 15013 15101 15014 -1 15014 15101 15102 -1 15014 15102 15015 -1 15015 15102 15103 -1 15015 15103 15016 -1 15016 15103 15104 -1 15016 15104 15017 -1 15017 15104 15105 -1 15017 15105 15018 -1 15018 15105 15106 -1 15018 15106 15019 -1 15019 15106 15107 -1 15019 15107 15020 -1 15020 15107 15108 -1 15020 15108 15021 -1 15021 15108 15109 -1 15021 15109 15022 -1 15022 15109 15110 -1 15022 15110 15023 -1 15023 15110 15111 -1 15023 15111 15024 -1 15024 15111 15112 -1 15024 15112 15025 -1 15025 15112 15113 -1 15025 15113 15026 -1 15026 15113 15114 -1 15026 15114 15027 -1 15027 15114 15115 -1 15027 15115 15028 -1 15028 15115 15116 -1 15028 15116 15029 -1 15029 15116 15117 -1 15029 15117 15030 -1 15030 15117 15118 -1 15030 15118 15031 -1 15031 15118 15119 -1 15031 15119 15032 -1 15032 15119 15120 -1 15032 15120 15033 -1 15033 15120 15121 -1 15033 15121 15034 -1 15034 15121 15122 -1 15034 15122 15035 -1 15035 15122 15123 -1 15035 15123 15036 -1 15036 15123 15124 -1 15036 15124 15037 -1 15037 15124 15125 -1 15037 15125 15038 -1 15038 15125 15126 -1 15038 15126 15039 -1 15039 15126 15127 -1 15039 15127 15040 -1 15040 15127 15128 -1 15040 15128 15041 -1 15041 15128 15129 -1 15041 15129 15042 -1 15042 15129 15130 -1 15042 15130 15043 -1 15043 15130 15131 -1 15043 15131 15044 -1 15044 15131 15132 -1 15044 15132 15045 -1 15045 15132 15133 -1 15045 15133 15046 -1 15046 15133 15134 -1 15046 15134 15047 -1 15047 15134 15135 -1 15047 15135 15048 -1 15048 15135 15136 -1 15048 15136 15049 -1 15049 15136 15137 -1 15049 15137 89 -1 15050 0 15138 -1 15050 15138 15051 -1 15051 15138 15139 -1 15051 15139 15052 -1 15052 15139 15140 -1 15052 15140 15053 -1 15053 15140 15141 -1 15053 15141 15054 -1 15054 15141 15142 -1 15054 15142 15055 -1 15055 15142 15143 -1 15055 15143 15056 -1 15056 15143 15144 -1 15056 15144 15057 -1 15057 15144 15145 -1 15057 15145 15058 -1 15058 15145 15146 -1 15058 15146 15059 -1 15059 15146 15147 -1 15059 15147 15060 -1 15060 15147 15148 -1 15060 15148 15061 -1 15061 15148 15149 -1 15061 15149 15062 -1 15062 15149 15150 -1 15062 15150 15063 -1 15063 15150 15151 -1 15063 15151 15064 -1 15064 15151 15152 -1 15064 15152 15065 -1 15065 15152 15153 -1 15065 15153 15066 -1 15066 15153 15154 -1 15066 15154 15067 -1 15067 15154 15155 -1 15067 15155 15068 -1 15068 15155 15156 -1 15068 15156 15069 -1 15069 15156 15157 -1 15069 15157 15070 -1 15070 15157 15158 -1 15070 15158 15071 -1 15071 15158 15159 -1 15071 15159 15072 -1 15072 15159 15160 -1 15072 15160 15073 -1 15073 15160 15161 -1 15073 15161 15074 -1 15074 15161 15162 -1 15074 15162 15075 -1 15075 15162 15163 -1 15075 15163 15076 -1 15076 15163 15164 -1 15076 15164 15077 -1 15077 15164 15165 -1 15077 15165 15078 -1 15078 15165 15166 -1 15078 15166 15079 -1 15079 15166 15167 -1 15079 15167 15080 -1 15080 15167 15168 -1 15080 15168 15081 -1 15081 15168 15169 -1 15081 15169 15082 -1 15082 15169 15170 -1 15082 15170 15083 -1 15083 15170 15171 -1 15083 15171 15084 -1 15084 15171 15172 -1 15084 15172 15085 -1 15085 15172 15173 -1 15085 15173 15086 -1 15086 15173 15174 -1 15086 15174 15087 -1 15087 15174 15175 -1 15087 15175 15088 -1 15088 15175 15176 -1 15088 15176 15089 -1 15089 15176 15177 -1 15089 15177 15090 -1 15090 15177 15178 -1 15090 15178 15091 -1 15091 15178 15179 -1 15091 15179 15092 -1 15092 15179 15180 -1 15092 15180 15093 -1 15093 15180 15181 -1 15093 15181 15094 -1 15094 15181 15182 -1 15094 15182 15095 -1 15095 15182 15183 -1 15095 15183 15096 -1 15096 15183 15184 -1 15096 15184 15097 -1 15097 15184 15185 -1 15097 15185 15098 -1 15098 15185 15186 -1 15098 15186 15099 -1 15099 15186 15187 -1 15099 15187 15100 -1 15100 15187 15188 -1 15100 15188 15101 -1 15101 15188 15189 -1 15101 15189 15102 -1 15102 15189 15190 -1 15102 15190 15103 -1 15103 15190 15191 -1 15103 15191 15104 -1 15104 15191 15192 -1 15104 15192 15105 -1 15105 15192 15193 -1 15105 15193 15106 -1 15106 15193 15194 -1 15106 15194 15107 -1 15107 15194 15195 -1 15107 15195 15108 -1 15108 15195 15196 -1 15108 15196 15109 -1 15109 15196 15197 -1 15109 15197 15110 -1 15110 15197 15198 -1 15110 15198 15111 -1 15111 15198 15199 -1 15111 15199 15112 -1 15112 15199 15200 -1 15112 15200 15113 -1 15113 15200 15201 -1 15113 15201 15114 -1 15114 15201 15202 -1 15114 15202 15115 -1 15115 15202 15203 -1 15115 15203 15116 -1 15116 15203 15204 -1 15116 15204 15117 -1 15117 15204 15205 -1 15117 15205 15118 -1 15118 15205 15206 -1 15118 15206 15119 -1 15119 15206 15207 -1 15119 15207 15120 -1 15120 15207 15208 -1 15120 15208 15121 -1 15121 15208 15209 -1 15121 15209 15122 -1 15122 15209 15210 -1 15122 15210 15123 -1 15123 15210 15211 -1 15123 15211 15124 -1 15124 15211 15212 -1 15124 15212 15125 -1 15125 15212 15213 -1 15125 15213 15126 -1 15126 15213 15214 -1 15126 15214 15127 -1 15127 15214 15215 -1 15127 15215 15128 -1 15128 15215 15216 -1 15128 15216 15129 -1 15129 15216 15217 -1 15129 15217 15130 -1 15130 15217 15218 -1 15130 15218 15131 -1 15131 15218 15219 -1 15131 15219 15132 -1 15132 15219 15220 -1 15132 15220 15133 -1 15133 15220 15221 -1 15133 15221 15134 -1 15134 15221 15222 -1 15134 15222 15135 -1 15135 15222 15223 -1 15135 15223 15136 -1 15136 15223 15224 -1 15136 15224 15137 -1 15137 15224 15225 -1 15137 15225 89 -1 15138 0 15226 -1 15138 15226 15139 -1 15139 15226 15227 -1 15139 15227 15140 -1 15140 15227 15228 -1 15140 15228 15141 -1 15141 15228 15229 -1 15141 15229 15142 -1 15142 15229 15230 -1 15142 15230 15143 -1 15143 15230 15231 -1 15143 15231 15144 -1 15144 15231 15232 -1 15144 15232 15145 -1 15145 15232 15233 -1 15145 15233 15146 -1 15146 15233 15234 -1 15146 15234 15147 -1 15147 15234 15235 -1 15147 15235 15148 -1 15148 15235 15236 -1 15148 15236 15149 -1 15149 15236 15237 -1 15149 15237 15150 -1 15150 15237 15238 -1 15150 15238 15151 -1 15151 15238 15239 -1 15151 15239 15152 -1 15152 15239 15240 -1 15152 15240 15153 -1 15153 15240 15241 -1 15153 15241 15154 -1 15154 15241 15242 -1 15154 15242 15155 -1 15155 15242 15243 -1 15155 15243 15156 -1 15156 15243 15244 -1 15156 15244 15157 -1 15157 15244 15245 -1 15157 15245 15158 -1 15158 15245 15246 -1 15158 15246 15159 -1 15159 15246 15247 -1 15159 15247 15160 -1 15160 15247 15248 -1 15160 15248 15161 -1 15161 15248 15249 -1 15161 15249 15162 -1 15162 15249 15250 -1 15162 15250 15163 -1 15163 15250 15251 -1 15163 15251 15164 -1 15164 15251 15252 -1 15164 15252 15165 -1 15165 15252 15253 -1 15165 15253 15166 -1 15166 15253 15254 -1 15166 15254 15167 -1 15167 15254 15255 -1 15167 15255 15168 -1 15168 15255 15256 -1 15168 15256 15169 -1 15169 15256 15257 -1 15169 15257 15170 -1 15170 15257 15258 -1 15170 15258 15171 -1 15171 15258 15259 -1 15171 15259 15172 -1 15172 15259 15260 -1 15172 15260 15173 -1 15173 15260 15261 -1 15173 15261 15174 -1 15174 15261 15262 -1 15174 15262 15175 -1 15175 15262 15263 -1 15175 15263 15176 -1 15176 15263 15264 -1 15176 15264 15177 -1 15177 15264 15265 -1 15177 15265 15178 -1 15178 15265 15266 -1 15178 15266 15179 -1 15179 15266 15267 -1 15179 15267 15180 -1 15180 15267 15268 -1 15180 15268 15181 -1 15181 15268 15269 -1 15181 15269 15182 -1 15182 15269 15270 -1 15182 15270 15183 -1 15183 15270 15271 -1 15183 15271 15184 -1 15184 15271 15272 -1 15184 15272 15185 -1 15185 15272 15273 -1 15185 15273 15186 -1 15186 15273 15274 -1 15186 15274 15187 -1 15187 15274 15275 -1 15187 15275 15188 -1 15188 15275 15276 -1 15188 15276 15189 -1 15189 15276 15277 -1 15189 15277 15190 -1 15190 15277 15278 -1 15190 15278 15191 -1 15191 15278 15279 -1 15191 15279 15192 -1 15192 15279 15280 -1 15192 15280 15193 -1 15193 15280 15281 -1 15193 15281 15194 -1 15194 15281 15282 -1 15194 15282 15195 -1 15195 15282 15283 -1 15195 15283 15196 -1 15196 15283 15284 -1 15196 15284 15197 -1 15197 15284 15285 -1 15197 15285 15198 -1 15198 15285 15286 -1 15198 15286 15199 -1 15199 15286 15287 -1 15199 15287 15200 -1 15200 15287 15288 -1 15200 15288 15201 -1 15201 15288 15289 -1 15201 15289 15202 -1 15202 15289 15290 -1 15202 15290 15203 -1 15203 15290 15291 -1 15203 15291 15204 -1 15204 15291 15292 -1 15204 15292 15205 -1 15205 15292 15293 -1 15205 15293 15206 -1 15206 15293 15294 -1 15206 15294 15207 -1 15207 15294 15295 -1 15207 15295 15208 -1 15208 15295 15296 -1 15208 15296 15209 -1 15209 15296 15297 -1 15209 15297 15210 -1 15210 15297 15298 -1 15210 15298 15211 -1 15211 15298 15299 -1 15211 15299 15212 -1 15212 15299 15300 -1 15212 15300 15213 -1 15213 15300 15301 -1 15213 15301 15214 -1 15214 15301 15302 -1 15214 15302 15215 -1 15215 15302 15303 -1 15215 15303 15216 -1 15216 15303 15304 -1 15216 15304 15217 -1 15217 15304 15305 -1 15217 15305 15218 -1 15218 15305 15306 -1 15218 15306 15219 -1 15219 15306 15307 -1 15219 15307 15220 -1 15220 15307 15308 -1 15220 15308 15221 -1 15221 15308 15309 -1 15221 15309 15222 -1 15222 15309 15310 -1 15222 15310 15223 -1 15223 15310 15311 -1 15223 15311 15224 -1 15224 15311 15312 -1 15224 15312 15225 -1 15225 15312 15313 -1 15225 15313 89 -1 15226 0 15314 -1 15226 15314 15227 -1 15227 15314 15315 -1 15227 15315 15228 -1 15228 15315 15316 -1 15228 15316 15229 -1 15229 15316 15317 -1 15229 15317 15230 -1 15230 15317 15318 -1 15230 15318 15231 -1 15231 15318 15319 -1 15231 15319 15232 -1 15232 15319 15320 -1 15232 15320 15233 -1 15233 15320 15321 -1 15233 15321 15234 -1 15234 15321 15322 -1 15234 15322 15235 -1 15235 15322 15323 -1 15235 15323 15236 -1 15236 15323 15324 -1 15236 15324 15237 -1 15237 15324 15325 -1 15237 15325 15238 -1 15238 15325 15326 -1 15238 15326 15239 -1 15239 15326 15327 -1 15239 15327 15240 -1 15240 15327 15328 -1 15240 15328 15241 -1 15241 15328 15329 -1 15241 15329 15242 -1 15242 15329 15330 -1 15242 15330 15243 -1 15243 15330 15331 -1 15243 15331 15244 -1 15244 15331 15332 -1 15244 15332 15245 -1 15245 15332 15333 -1 15245 15333 15246 -1 15246 15333 15334 -1 15246 15334 15247 -1 15247 15334 15335 -1 15247 15335 15248 -1 15248 15335 15336 -1 15248 15336 15249 -1 15249 15336 15337 -1 15249 15337 15250 -1 15250 15337 15338 -1 15250 15338 15251 -1 15251 15338 15339 -1 15251 15339 15252 -1 15252 15339 15340 -1 15252 15340 15253 -1 15253 15340 15341 -1 15253 15341 15254 -1 15254 15341 15342 -1 15254 15342 15255 -1 15255 15342 15343 -1 15255 15343 15256 -1 15256 15343 15344 -1 15256 15344 15257 -1 15257 15344 15345 -1 15257 15345 15258 -1 15258 15345 15346 -1 15258 15346 15259 -1 15259 15346 15347 -1 15259 15347 15260 -1 15260 15347 15348 -1 15260 15348 15261 -1 15261 15348 15349 -1 15261 15349 15262 -1 15262 15349 15350 -1 15262 15350 15263 -1 15263 15350 15351 -1 15263 15351 15264 -1 15264 15351 15352 -1 15264 15352 15265 -1 15265 15352 15353 -1 15265 15353 15266 -1 15266 15353 15354 -1 15266 15354 15267 -1 15267 15354 15355 -1 15267 15355 15268 -1 15268 15355 15356 -1 15268 15356 15269 -1 15269 15356 15357 -1 15269 15357 15270 -1 15270 15357 15358 -1 15270 15358 15271 -1 15271 15358 15359 -1 15271 15359 15272 -1 15272 15359 15360 -1 15272 15360 15273 -1 15273 15360 15361 -1 15273 15361 15274 -1 15274 15361 15362 -1 15274 15362 15275 -1 15275 15362 15363 -1 15275 15363 15276 -1 15276 15363 15364 -1 15276 15364 15277 -1 15277 15364 15365 -1 15277 15365 15278 -1 15278 15365 15366 -1 15278 15366 15279 -1 15279 15366 15367 -1 15279 15367 15280 -1 15280 15367 15368 -1 15280 15368 15281 -1 15281 15368 15369 -1 15281 15369 15282 -1 15282 15369 15370 -1 15282 15370 15283 -1 15283 15370 15371 -1 15283 15371 15284 -1 15284 15371 15372 -1 15284 15372 15285 -1 15285 15372 15373 -1 15285 15373 15286 -1 15286 15373 15374 -1 15286 15374 15287 -1 15287 15374 15375 -1 15287 15375 15288 -1 15288 15375 15376 -1 15288 15376 15289 -1 15289 15376 15377 -1 15289 15377 15290 -1 15290 15377 15378 -1 15290 15378 15291 -1 15291 15378 15379 -1 15291 15379 15292 -1 15292 15379 15380 -1 15292 15380 15293 -1 15293 15380 15381 -1 15293 15381 15294 -1 15294 15381 15382 -1 15294 15382 15295 -1 15295 15382 15383 -1 15295 15383 15296 -1 15296 15383 15384 -1 15296 15384 15297 -1 15297 15384 15385 -1 15297 15385 15298 -1 15298 15385 15386 -1 15298 15386 15299 -1 15299 15386 15387 -1 15299 15387 15300 -1 15300 15387 15388 -1 15300 15388 15301 -1 15301 15388 15389 -1 15301 15389 15302 -1 15302 15389 15390 -1 15302 15390 15303 -1 15303 15390 15391 -1 15303 15391 15304 -1 15304 15391 15392 -1 15304 15392 15305 -1 15305 15392 15393 -1 15305 15393 15306 -1 15306 15393 15394 -1 15306 15394 15307 -1 15307 15394 15395 -1 15307 15395 15308 -1 15308 15395 15396 -1 15308 15396 15309 -1 15309 15396 15397 -1 15309 15397 15310 -1 15310 15397 15398 -1 15310 15398 15311 -1 15311 15398 15399 -1 15311 15399 15312 -1 15312 15399 15400 -1 15312 15400 15313 -1 15313 15400 15401 -1 15313 15401 89 -1 15314 0 15402 -1 15314 15402 15315 -1 15315 15402 15403 -1 15315 15403 15316 -1 15316 15403 15404 -1 15316 15404 15317 -1 15317 15404 15405 -1 15317 15405 15318 -1 15318 15405 15406 -1 15318 15406 15319 -1 15319 15406 15407 -1 15319 15407 15320 -1 15320 15407 15408 -1 15320 15408 15321 -1 15321 15408 15409 -1 15321 15409 15322 -1 15322 15409 15410 -1 15322 15410 15323 -1 15323 15410 15411 -1 15323 15411 15324 -1 15324 15411 15412 -1 15324 15412 15325 -1 15325 15412 15413 -1 15325 15413 15326 -1 15326 15413 15414 -1 15326 15414 15327 -1 15327 15414 15415 -1 15327 15415 15328 -1 15328 15415 15416 -1 15328 15416 15329 -1 15329 15416 15417 -1 15329 15417 15330 -1 15330 15417 15418 -1 15330 15418 15331 -1 15331 15418 15419 -1 15331 15419 15332 -1 15332 15419 15420 -1 15332 15420 15333 -1 15333 15420 15421 -1 15333 15421 15334 -1 15334 15421 15422 -1 15334 15422 15335 -1 15335 15422 15423 -1 15335 15423 15336 -1 15336 15423 15424 -1 15336 15424 15337 -1 15337 15424 15425 -1 15337 15425 15338 -1 15338 15425 15426 -1 15338 15426 15339 -1 15339 15426 15427 -1 15339 15427 15340 -1 15340 15427 15428 -1 15340 15428 15341 -1 15341 15428 15429 -1 15341 15429 15342 -1 15342 15429 15430 -1 15342 15430 15343 -1 15343 15430 15431 -1 15343 15431 15344 -1 15344 15431 15432 -1 15344 15432 15345 -1 15345 15432 15433 -1 15345 15433 15346 -1 15346 15433 15434 -1 15346 15434 15347 -1 15347 15434 15435 -1 15347 15435 15348 -1 15348 15435 15436 -1 15348 15436 15349 -1 15349 15436 15437 -1 15349 15437 15350 -1 15350 15437 15438 -1 15350 15438 15351 -1 15351 15438 15439 -1 15351 15439 15352 -1 15352 15439 15440 -1 15352 15440 15353 -1 15353 15440 15441 -1 15353 15441 15354 -1 15354 15441 15442 -1 15354 15442 15355 -1 15355 15442 15443 -1 15355 15443 15356 -1 15356 15443 15444 -1 15356 15444 15357 -1 15357 15444 15445 -1 15357 15445 15358 -1 15358 15445 15446 -1 15358 15446 15359 -1 15359 15446 15447 -1 15359 15447 15360 -1 15360 15447 15448 -1 15360 15448 15361 -1 15361 15448 15449 -1 15361 15449 15362 -1 15362 15449 15450 -1 15362 15450 15363 -1 15363 15450 15451 -1 15363 15451 15364 -1 15364 15451 15452 -1 15364 15452 15365 -1 15365 15452 15453 -1 15365 15453 15366 -1 15366 15453 15454 -1 15366 15454 15367 -1 15367 15454 15455 -1 15367 15455 15368 -1 15368 15455 15456 -1 15368 15456 15369 -1 15369 15456 15457 -1 15369 15457 15370 -1 15370 15457 15458 -1 15370 15458 15371 -1 15371 15458 15459 -1 15371 15459 15372 -1 15372 15459 15460 -1 15372 15460 15373 -1 15373 15460 15461 -1 15373 15461 15374 -1 15374 15461 15462 -1 15374 15462 15375 -1 15375 15462 15463 -1 15375 15463 15376 -1 15376 15463 15464 -1 15376 15464 15377 -1 15377 15464 15465 -1 15377 15465 15378 -1 15378 15465 15466 -1 15378 15466 15379 -1 15379 15466 15467 -1 15379 15467 15380 -1 15380 15467 15468 -1 15380 15468 15381 -1 15381 15468 15469 -1 15381 15469 15382 -1 15382 15469 15470 -1 15382 15470 15383 -1 15383 15470 15471 -1 15383 15471 15384 -1 15384 15471 15472 -1 15384 15472 15385 -1 15385 15472 15473 -1 15385 15473 15386 -1 15386 15473 15474 -1 15386 15474 15387 -1 15387 15474 15475 -1 15387 15475 15388 -1 15388 15475 15476 -1 15388 15476 15389 -1 15389 15476 15477 -1 15389 15477 15390 -1 15390 15477 15478 -1 15390 15478 15391 -1 15391 15478 15479 -1 15391 15479 15392 -1 15392 15479 15480 -1 15392 15480 15393 -1 15393 15480 15481 -1 15393 15481 15394 -1 15394 15481 15482 -1 15394 15482 15395 -1 15395 15482 15483 -1 15395 15483 15396 -1 15396 15483 15484 -1 15396 15484 15397 -1 15397 15484 15485 -1 15397 15485 15398 -1 15398 15485 15486 -1 15398 15486 15399 -1 15399 15486 15487 -1 15399 15487 15400 -1 15400 15487 15488 -1 15400 15488 15401 -1 15401 15488 15489 -1 15401 15489 89 -1 15402 0 15490 -1 15402 15490 15403 -1 15403 15490 15491 -1 15403 15491 15404 -1 15404 15491 15492 -1 15404 15492 15405 -1 15405 15492 15493 -1 15405 15493 15406 -1 15406 15493 15494 -1 15406 15494 15407 -1 15407 15494 15495 -1 15407 15495 15408 -1 15408 15495 15496 -1 15408 15496 15409 -1 15409 15496 15497 -1 15409 15497 15410 -1 15410 15497 15498 -1 15410 15498 15411 -1 15411 15498 15499 -1 15411 15499 15412 -1 15412 15499 15500 -1 15412 15500 15413 -1 15413 15500 15501 -1 15413 15501 15414 -1 15414 15501 15502 -1 15414 15502 15415 -1 15415 15502 15503 -1 15415 15503 15416 -1 15416 15503 15504 -1 15416 15504 15417 -1 15417 15504 15505 -1 15417 15505 15418 -1 15418 15505 15506 -1 15418 15506 15419 -1 15419 15506 15507 -1 15419 15507 15420 -1 15420 15507 15508 -1 15420 15508 15421 -1 15421 15508 15509 -1 15421 15509 15422 -1 15422 15509 15510 -1 15422 15510 15423 -1 15423 15510 15511 -1 15423 15511 15424 -1 15424 15511 15512 -1 15424 15512 15425 -1 15425 15512 15513 -1 15425 15513 15426 -1 15426 15513 15514 -1 15426 15514 15427 -1 15427 15514 15515 -1 15427 15515 15428 -1 15428 15515 15516 -1 15428 15516 15429 -1 15429 15516 15517 -1 15429 15517 15430 -1 15430 15517 15518 -1 15430 15518 15431 -1 15431 15518 15519 -1 15431 15519 15432 -1 15432 15519 15520 -1 15432 15520 15433 -1 15433 15520 15521 -1 15433 15521 15434 -1 15434 15521 15522 -1 15434 15522 15435 -1 15435 15522 15523 -1 15435 15523 15436 -1 15436 15523 15524 -1 15436 15524 15437 -1 15437 15524 15525 -1 15437 15525 15438 -1 15438 15525 15526 -1 15438 15526 15439 -1 15439 15526 15527 -1 15439 15527 15440 -1 15440 15527 15528 -1 15440 15528 15441 -1 15441 15528 15529 -1 15441 15529 15442 -1 15442 15529 15530 -1 15442 15530 15443 -1 15443 15530 15531 -1 15443 15531 15444 -1 15444 15531 15532 -1 15444 15532 15445 -1 15445 15532 15533 -1 15445 15533 15446 -1 15446 15533 15534 -1 15446 15534 15447 -1 15447 15534 15535 -1 15447 15535 15448 -1 15448 15535 15536 -1 15448 15536 15449 -1 15449 15536 15537 -1 15449 15537 15450 -1 15450 15537 15538 -1 15450 15538 15451 -1 15451 15538 15539 -1 15451 15539 15452 -1 15452 15539 15540 -1 15452 15540 15453 -1 15453 15540 15541 -1 15453 15541 15454 -1 15454 15541 15542 -1 15454 15542 15455 -1 15455 15542 15543 -1 15455 15543 15456 -1 15456 15543 15544 -1 15456 15544 15457 -1 15457 15544 15545 -1 15457 15545 15458 -1 15458 15545 15546 -1 15458 15546 15459 -1 15459 15546 15547 -1 15459 15547 15460 -1 15460 15547 15548 -1 15460 15548 15461 -1 15461 15548 15549 -1 15461 15549 15462 -1 15462 15549 15550 -1 15462 15550 15463 -1 15463 15550 15551 -1 15463 15551 15464 -1 15464 15551 15552 -1 15464 15552 15465 -1 15465 15552 15553 -1 15465 15553 15466 -1 15466 15553 15554 -1 15466 15554 15467 -1 15467 15554 15555 -1 15467 15555 15468 -1 15468 15555 15556 -1 15468 15556 15469 -1 15469 15556 15557 -1 15469 15557 15470 -1 15470 15557 15558 -1 15470 15558 15471 -1 15471 15558 15559 -1 15471 15559 15472 -1 15472 15559 15560 -1 15472 15560 15473 -1 15473 15560 15561 -1 15473 15561 15474 -1 15474 15561 15562 -1 15474 15562 15475 -1 15475 15562 15563 -1 15475 15563 15476 -1 15476 15563 15564 -1 15476 15564 15477 -1 15477 15564 15565 -1 15477 15565 15478 -1 15478 15565 15566 -1 15478 15566 15479 -1 15479 15566 15567 -1 15479 15567 15480 -1 15480 15567 15568 -1 15480 15568 15481 -1 15481 15568 15569 -1 15481 15569 15482 -1 15482 15569 15570 -1 15482 15570 15483 -1 15483 15570 15571 -1 15483 15571 15484 -1 15484 15571 15572 -1 15484 15572 15485 -1 15485 15572 15573 -1 15485 15573 15486 -1 15486 15573 15574 -1 15486 15574 15487 -1 15487 15574 15575 -1 15487 15575 15488 -1 15488 15575 15576 -1 15488 15576 15489 -1 15489 15576 15577 -1 15489 15577 89 -1 15490 0 15578 -1 15490 15578 15491 -1 15491 15578 15579 -1 15491 15579 15492 -1 15492 15579 15580 -1 15492 15580 15493 -1 15493 15580 15581 -1 15493 15581 15494 -1 15494 15581 15582 -1 15494 15582 15495 -1 15495 15582 15583 -1 15495 15583 15496 -1 15496 15583 15584 -1 15496 15584 15497 -1 15497 15584 15585 -1 15497 15585 15498 -1 15498 15585 15586 -1 15498 15586 15499 -1 15499 15586 15587 -1 15499 15587 15500 -1 15500 15587 15588 -1 15500 15588 15501 -1 15501 15588 15589 -1 15501 15589 15502 -1 15502 15589 15590 -1 15502 15590 15503 -1 15503 15590 15591 -1 15503 15591 15504 -1 15504 15591 15592 -1 15504 15592 15505 -1 15505 15592 15593 -1 15505 15593 15506 -1 15506 15593 15594 -1 15506 15594 15507 -1 15507 15594 15595 -1 15507 15595 15508 -1 15508 15595 15596 -1 15508 15596 15509 -1 15509 15596 15597 -1 15509 15597 15510 -1 15510 15597 15598 -1 15510 15598 15511 -1 15511 15598 15599 -1 15511 15599 15512 -1 15512 15599 15600 -1 15512 15600 15513 -1 15513 15600 15601 -1 15513 15601 15514 -1 15514 15601 15602 -1 15514 15602 15515 -1 15515 15602 15603 -1 15515 15603 15516 -1 15516 15603 15604 -1 15516 15604 15517 -1 15517 15604 15605 -1 15517 15605 15518 -1 15518 15605 15606 -1 15518 15606 15519 -1 15519 15606 15607 -1 15519 15607 15520 -1 15520 15607 15608 -1 15520 15608 15521 -1 15521 15608 15609 -1 15521 15609 15522 -1 15522 15609 15610 -1 15522 15610 15523 -1 15523 15610 15611 -1 15523 15611 15524 -1 15524 15611 15612 -1 15524 15612 15525 -1 15525 15612 15613 -1 15525 15613 15526 -1 15526 15613 15614 -1 15526 15614 15527 -1 15527 15614 15615 -1 15527 15615 15528 -1 15528 15615 15616 -1 15528 15616 15529 -1 15529 15616 15617 -1 15529 15617 15530 -1 15530 15617 15618 -1 15530 15618 15531 -1 15531 15618 15619 -1 15531 15619 15532 -1 15532 15619 15620 -1 15532 15620 15533 -1 15533 15620 15621 -1 15533 15621 15534 -1 15534 15621 15622 -1 15534 15622 15535 -1 15535 15622 15623 -1 15535 15623 15536 -1 15536 15623 15624 -1 15536 15624 15537 -1 15537 15624 15625 -1 15537 15625 15538 -1 15538 15625 15626 -1 15538 15626 15539 -1 15539 15626 15627 -1 15539 15627 15540 -1 15540 15627 15628 -1 15540 15628 15541 -1 15541 15628 15629 -1 15541 15629 15542 -1 15542 15629 15630 -1 15542 15630 15543 -1 15543 15630 15631 -1 15543 15631 15544 -1 15544 15631 15632 -1 15544 15632 15545 -1 15545 15632 15633 -1 15545 15633 15546 -1 15546 15633 15634 -1 15546 15634 15547 -1 15547 15634 15635 -1 15547 15635 15548 -1 15548 15635 15636 -1 15548 15636 15549 -1 15549 15636 15637 -1 15549 15637 15550 -1 15550 15637 15638 -1 15550 15638 15551 -1 15551 15638 15639 -1 15551 15639 15552 -1 15552 15639 15640 -1 15552 15640 15553 -1 15553 15640 15641 -1 15553 15641 15554 -1 15554 15641 15642 -1 15554 15642 15555 -1 15555 15642 15643 -1 15555 15643 15556 -1 15556 15643 15644 -1 15556 15644 15557 -1 15557 15644 15645 -1 15557 15645 15558 -1 15558 15645 15646 -1 15558 15646 15559 -1 15559 15646 15647 -1 15559 15647 15560 -1 15560 15647 15648 -1 15560 15648 15561 -1 15561 15648 15649 -1 15561 15649 15562 -1 15562 15649 15650 -1 15562 15650 15563 -1 15563 15650 15651 -1 15563 15651 15564 -1 15564 15651 15652 -1 15564 15652 15565 -1 15565 15652 15653 -1 15565 15653 15566 -1 15566 15653 15654 -1 15566 15654 15567 -1 15567 15654 15655 -1 15567 15655 15568 -1 15568 15655 15656 -1 15568 15656 15569 -1 15569 15656 15657 -1 15569 15657 15570 -1 15570 15657 15658 -1 15570 15658 15571 -1 15571 15658 15659 -1 15571 15659 15572 -1 15572 15659 15660 -1 15572 15660 15573 -1 15573 15660 15661 -1 15573 15661 15574 -1 15574 15661 15662 -1 15574 15662 15575 -1 15575 15662 15663 -1 15575 15663 15576 -1 15576 15663 15664 -1 15576 15664 15577 -1 15577 15664 15665 -1 15577 15665 89 -1 15578 0 15666 -1 15578 15666 15579 -1 15579 15666 15667 -1 15579 15667 15580 -1 15580 15667 15668 -1 15580 15668 15581 -1 15581 15668 15669 -1 15581 15669 15582 -1 15582 15669 15670 -1 15582 15670 15583 -1 15583 15670 15671 -1 15583 15671 15584 -1 15584 15671 15672 -1 15584 15672 15585 -1 15585 15672 15673 -1 15585 15673 15586 -1 15586 15673 15674 -1 15586 15674 15587 -1 15587 15674 15675 -1 15587 15675 15588 -1 15588 15675 15676 -1 15588 15676 15589 -1 15589 15676 15677 -1 15589 15677 15590 -1 15590 15677 15678 -1 15590 15678 15591 -1 15591 15678 15679 -1 15591 15679 15592 -1 15592 15679 15680 -1 15592 15680 15593 -1 15593 15680 15681 -1 15593 15681 15594 -1 15594 15681 15682 -1 15594 15682 15595 -1 15595 15682 15683 -1 15595 15683 15596 -1 15596 15683 15684 -1 15596 15684 15597 -1 15597 15684 15685 -1 15597 15685 15598 -1 15598 15685 15686 -1 15598 15686 15599 -1 15599 15686 15687 -1 15599 15687 15600 -1 15600 15687 15688 -1 15600 15688 15601 -1 15601 15688 15689 -1 15601 15689 15602 -1 15602 15689 15690 -1 15602 15690 15603 -1 15603 15690 15691 -1 15603 15691 15604 -1 15604 15691 15692 -1 15604 15692 15605 -1 15605 15692 15693 -1 15605 15693 15606 -1 15606 15693 15694 -1 15606 15694 15607 -1 15607 15694 15695 -1 15607 15695 15608 -1 15608 15695 15696 -1 15608 15696 15609 -1 15609 15696 15697 -1 15609 15697 15610 -1 15610 15697 15698 -1 15610 15698 15611 -1 15611 15698 15699 -1 15611 15699 15612 -1 15612 15699 15700 -1 15612 15700 15613 -1 15613 15700 15701 -1 15613 15701 15614 -1 15614 15701 15702 -1 15614 15702 15615 -1 15615 15702 15703 -1 15615 15703 15616 -1 15616 15703 15704 -1 15616 15704 15617 -1 15617 15704 15705 -1 15617 15705 15618 -1 15618 15705 15706 -1 15618 15706 15619 -1 15619 15706 15707 -1 15619 15707 15620 -1 15620 15707 15708 -1 15620 15708 15621 -1 15621 15708 15709 -1 15621 15709 15622 -1 15622 15709 15710 -1 15622 15710 15623 -1 15623 15710 15711 -1 15623 15711 15624 -1 15624 15711 15712 -1 15624 15712 15625 -1 15625 15712 15713 -1 15625 15713 15626 -1 15626 15713 15714 -1 15626 15714 15627 -1 15627 15714 15715 -1 15627 15715 15628 -1 15628 15715 15716 -1 15628 15716 15629 -1 15629 15716 15717 -1 15629 15717 15630 -1 15630 15717 15718 -1 15630 15718 15631 -1 15631 15718 15719 -1 15631 15719 15632 -1 15632 15719 15720 -1 15632 15720 15633 -1 15633 15720 15721 -1 15633 15721 15634 -1 15634 15721 15722 -1 15634 15722 15635 -1 15635 15722 15723 -1 15635 15723 15636 -1 15636 15723 15724 -1 15636 15724 15637 -1 15637 15724 15725 -1 15637 15725 15638 -1 15638 15725 15726 -1 15638 15726 15639 -1 15639 15726 15727 -1 15639 15727 15640 -1 15640 15727 15728 -1 15640 15728 15641 -1 15641 15728 15729 -1 15641 15729 15642 -1 15642 15729 15730 -1 15642 15730 15643 -1 15643 15730 15731 -1 15643 15731 15644 -1 15644 15731 15732 -1 15644 15732 15645 -1 15645 15732 15733 -1 15645 15733 15646 -1 15646 15733 15734 -1 15646 15734 15647 -1 15647 15734 15735 -1 15647 15735 15648 -1 15648 15735 15736 -1 15648 15736 15649 -1 15649 15736 15737 -1 15649 15737 15650 -1 15650 15737 15738 -1 15650 15738 15651 -1 15651 15738 15739 -1 15651 15739 15652 -1 15652 15739 15740 -1 15652 15740 15653 -1 15653 15740 15741 -1 15653 15741 15654 -1 15654 15741 15742 -1 15654 15742 15655 -1 15655 15742 15743 -1 15655 15743 15656 -1 15656 15743 15744 -1 15656 15744 15657 -1 15657 15744 15745 -1 15657 15745 15658 -1 15658 15745 15746 -1 15658 15746 15659 -1 15659 15746 15747 -1 15659 15747 15660 -1 15660 15747 15748 -1 15660 15748 15661 -1 15661 15748 15749 -1 15661 15749 15662 -1 15662 15749 15750 -1 15662 15750 15663 -1 15663 15750 15751 -1 15663 15751 15664 -1 15664 15751 15752 -1 15664 15752 15665 -1 15665 15752 15753 -1 15665 15753 89 -1 15666 0 15754 -1 15666 15754 15667 -1 15667 15754 15755 -1 15667 15755 15668 -1 15668 15755 15756 -1 15668 15756 15669 -1 15669 15756 15757 -1 15669 15757 15670 -1 15670 15757 15758 -1 15670 15758 15671 -1 15671 15758 15759 -1 15671 15759 15672 -1 15672 15759 15760 -1 15672 15760 15673 -1 15673 15760 15761 -1 15673 15761 15674 -1 15674 15761 15762 -1 15674 15762 15675 -1 15675 15762 15763 -1 15675 15763 15676 -1 15676 15763 15764 -1 15676 15764 15677 -1 15677 15764 15765 -1 15677 15765 15678 -1 15678 15765 15766 -1 15678 15766 15679 -1 15679 15766 15767 -1 15679 15767 15680 -1 15680 15767 15768 -1 15680 15768 15681 -1 15681 15768 15769 -1 15681 15769 15682 -1 15682 15769 15770 -1 15682 15770 15683 -1 15683 15770 15771 -1 15683 15771 15684 -1 15684 15771 15772 -1 15684 15772 15685 -1 15685 15772 15773 -1 15685 15773 15686 -1 15686 15773 15774 -1 15686 15774 15687 -1 15687 15774 15775 -1 15687 15775 15688 -1 15688 15775 15776 -1 15688 15776 15689 -1 15689 15776 15777 -1 15689 15777 15690 -1 15690 15777 15778 -1 15690 15778 15691 -1 15691 15778 15779 -1 15691 15779 15692 -1 15692 15779 15780 -1 15692 15780 15693 -1 15693 15780 15781 -1 15693 15781 15694 -1 15694 15781 15782 -1 15694 15782 15695 -1 15695 15782 15783 -1 15695 15783 15696 -1 15696 15783 15784 -1 15696 15784 15697 -1 15697 15784 15785 -1 15697 15785 15698 -1 15698 15785 15786 -1 15698 15786 15699 -1 15699 15786 15787 -1 15699 15787 15700 -1 15700 15787 15788 -1 15700 15788 15701 -1 15701 15788 15789 -1 15701 15789 15702 -1 15702 15789 15790 -1 15702 15790 15703 -1 15703 15790 15791 -1 15703 15791 15704 -1 15704 15791 15792 -1 15704 15792 15705 -1 15705 15792 15793 -1 15705 15793 15706 -1 15706 15793 15794 -1 15706 15794 15707 -1 15707 15794 15795 -1 15707 15795 15708 -1 15708 15795 15796 -1 15708 15796 15709 -1 15709 15796 15797 -1 15709 15797 15710 -1 15710 15797 15798 -1 15710 15798 15711 -1 15711 15798 15799 -1 15711 15799 15712 -1 15712 15799 15800 -1 15712 15800 15713 -1 15713 15800 15801 -1 15713 15801 15714 -1 15714 15801 15802 -1 15714 15802 15715 -1 15715 15802 15803 -1 15715 15803 15716 -1 15716 15803 15804 -1 15716 15804 15717 -1 15717 15804 15805 -1 15717 15805 15718 -1 15718 15805 15806 -1 15718 15806 15719 -1 15719 15806 15807 -1 15719 15807 15720 -1 15720 15807 15808 -1 15720 15808 15721 -1 15721 15808 15809 -1 15721 15809 15722 -1 15722 15809 15810 -1 15722 15810 15723 -1 15723 15810 15811 -1 15723 15811 15724 -1 15724 15811 15812 -1 15724 15812 15725 -1 15725 15812 15813 -1 15725 15813 15726 -1 15726 15813 15814 -1 15726 15814 15727 -1 15727 15814 15815 -1 15727 15815 15728 -1 15728 15815 15816 -1 15728 15816 15729 -1 15729 15816 15817 -1 15729 15817 15730 -1 15730 15817 15818 -1 15730 15818 15731 -1 15731 15818 15819 -1 15731 15819 15732 -1 15732 15819 15820 -1 15732 15820 15733 -1 15733 15820 15821 -1 15733 15821 15734 -1 15734 15821 15822 -1 15734 15822 15735 -1 15735 15822 15823 -1 15735 15823 15736 -1 15736 15823 15824 -1 15736 15824 15737 -1 15737 15824 15825 -1 15737 15825 15738 -1 15738 15825 15826 -1 15738 15826 15739 -1 15739 15826 15827 -1 15739 15827 15740 -1 15740 15827 15828 -1 15740 15828 15741 -1 15741 15828 15829 -1 15741 15829 15742 -1 15742 15829 15830 -1 15742 15830 15743 -1 15743 15830 15831 -1 15743 15831 15744 -1 15744 15831 15832 -1 15744 15832 15745 -1 15745 15832 15833 -1 15745 15833 15746 -1 15746 15833 15834 -1 15746 15834 15747 -1 15747 15834 15835 -1 15747 15835 15748 -1 15748 15835 15836 -1 15748 15836 15749 -1 15749 15836 15837 -1 15749 15837 15750 -1 15750 15837 15838 -1 15750 15838 15751 -1 15751 15838 15839 -1 15751 15839 15752 -1 15752 15839 15840 -1 15752 15840 15753 -1 15753 15840 15841 -1 15753 15841 89 -1 15754 0 1 -1 15754 1 15755 -1 15755 1 2 -1 15755 2 15756 -1 15756 2 3 -1 15756 3 15757 -1 15757 3 4 -1 15757 4 15758 -1 15758 4 5 -1 15758 5 15759 -1 15759 5 6 -1 15759 6 15760 -1 15760 6 7 -1 15760 7 15761 -1 15761 7 8 -1 15761 8 15762 -1 15762 8 9 -1 15762 9 15763 -1 15763 9 10 -1 15763 10 15764 -1 15764 10 11 -1 15764 11 15765 -1 15765 11 12 -1 15765 12 15766 -1 15766 12 13 -1 15766 13 15767 -1 15767 13 14 -1 15767 14 15768 -1 15768 14 15 -1 15768 15 15769 -1 15769 15 16 -1 15769 16 15770 -1 15770 16 17 -1 15770 17 15771 -1 15771 17 18 -1 15771 18 15772 -1 15772 18 19 -1 15772 19 15773 -1 15773 19 20 -1 15773 20 15774 -1 15774 20 21 -1 15774 21 15775 -1 15775 21 22 -1 15775 22 15776 -1 15776 22 23 -1 15776 23 15777 -1 15777 23 24 -1 15777 24 15778 -1 15778 24 25 -1 15778 25 15779 -1 15779 25 26 -1 15779 26 15780 -1 15780 26 27 -1 15780 27 15781 -1 15781 27 28 -1 15781 28 15782 -1 15782 28 29 -1 15782 29 15783 -1 15783 29 30 -1 15783 30 15784 -1 15784 30 31 -1 15784 31 15785 -1 15785 31 32 -1 15785 32 15786 -1 15786 32 33 -1 15786 33 15787 -1 15787 33 34 -1 15787 34 15788 -1 15788 34 35 -1 15788 35 15789 -1 15789 35 36 -1 15789 36 15790 -1 15790 36 37 -1 15790 37 15791 -1 15791 37 38 -1 15791 38 15792 -1 15792 38 39 -1 15792 39 15793 -1 15793 39 40 -1 15793 40 15794 -1 15794 40 41 -1 15794 41 15795 -1 15795 41 42 -1 15795 42 15796 -1 15796 42 43 -1 15796 43 15797 -1 15797 43 44 -1 15797 44 15798 -1 15798 44 45 -1 15798 45 15799 -1 15799 45 46 -1 15799 46 15800 -1 15800 46 47 -1 15800 47 15801 -1 15801 47 48 -1 15801 48 15802 -1 15802 48 49 -1 15802 49 15803 -1 15803 49 50 -1 15803 50 15804 -1 15804 50 51 -1 15804 51 15805 -1 15805 51 52 -1 15805 52 15806 -1 15806 52 53 -1 15806 53 15807 -1 15807 53 54 -1 15807 54 15808 -1 15808 54 55 -1 15808 55 15809 -1 15809 55 56 -1 15809 56 15810 -1 15810 56 57 -1 15810 57 15811 -1 15811 57 58 -1 15811 58 15812 -1 15812 58 59 -1 15812 59 15813 -1 15813 59 60 -1 15813 60 15814 -1 15814 60 61 -1 15814 61 15815 -1 15815 61 62 -1 15815 62 15816 -1 15816 62 63 -1 15816 63 15817 -1 15817 63 64 -1 15817 64 15818 -1 15818 64 65 -1 15818 65 15819 -1 15819 65 66 -1 15819 66 15820 -1 15820 66 67 -1 15820 67 15821 -1 15821 67 68 -1 15821 68 15822 -1 15822 68 69 -1 15822 69 15823 -1 15823 69 70 -1 15823 70 15824 -1 15824 70 71 -1 15824 71 15825 -1 15825 71 72 -1 15825 72 15826 -1 15826 72 73 -1 15826 73 15827 -1 15827 73 74 -1 15827 74 15828 -1 15828 74 75 -1 15828 75 15829 -1 15829 75 76 -1 15829 76 15830 -1 15830 76 77 -1 15830 77 15831 -1 15831 77 78 -1 15831 78 15832 -1 15832 78 79 -1 15832 79 15833 -1 15833 79 80 -1 15833 80 15834 -1 15834 80 81 -1 15834 81 15835 -1 15835 81 82 -1 15835 82 15836 -1 15836 82 83 -1 15836 83 15837 -1 15837 83 84 -1 15837 84 15838 -1 15838 84 85 -1 15838 85 15839 -1 15839 85 86 -1 15839 86 15840 -1 15840 86 87 -1 15840 87 15841 -1 15841 87 88 -1 15841 88 89 -1">
        <Coordinate point="0.0000 0.0000 -1.0000 0.0353 0.0000 -0.9994 0.0705 0.0000 -0.9975 0.1057 0.0000 -0.9944 0.1407 0.0000 -0.9900 0.1756 0.0000 -0.9845 0.2102 0.0000 -0.9777 0.2446 0.0000 -0.9696 0.2787 0.0000 -0.9604 0.3124 0.0000 -0.9500 0.3457 0.0000 -0.9383 0.3786 0.0000 -0.9256 0.4110 0.0000 -0.9116 0.4429 0.0000 -0.8965 0.4743 0.0000 -0.8804 0.5051 0.0000 -0.8631 0.5352 0.0000 -0.8447 0.5647 0.0000 -0.8253 0.5935 0.0000 -0.8048 0.6215 0.0000 -0.7834 0.6488 0.0000 -0.7610 0.6752 0.0000 -0.7376 0.7008 0.0000 -0.7133 0.7256 0.0000 -0.6881 0.7494 0.0000 -0.6621 0.7723 0.0000 -0.6352 0.7942 0.0000 -0.6076 0.8152 0.0000 -0.5792 0.8351 0.0000 -0.5501 0.8540 0.0000 -0.5202 0.8718 0.0000 -0.4898 0.8886 0.0000 -0.4587 0.9042 0.0000 -0.4271 0.9187 0.0000 -0.3949 0.9321 0.0000 -0.3622 0.9443 0.0000 -0.3291 0.9553 0.0000 -0.2956 0.9652 0.0000 -0.2617 0.9738 0.0000 -0.2274 0.9812 0.0000 -0.1929 0.9874 0.0000 -0.1582 0.9924 0.0000 -0.1232 0.9961 0.0000 -0.0881 0.9986 0.0000 -0.0529 0.9998 0.0000 -0.0176 0.9998 0.0000 0.0176 0.9986 0.0000 0.0529 0.9961 0.0000 0.0881 0.9924 0.0000 0.1232 0.9874 0.0000 0.1582 0.9812 0.0000 0.1929 0.9738 0.0000 0.2274 0.9652 0.0000 0.2617 0.9553 0.0000 0.2956 0.9443 0.0000 0.3291 0.9321 0.0000 0.3622 0.9187 0.0000 0.3949 0.9042 0.0000 0.4271 0.8886 0.0000 0.4587 0.8718 0.0000 0.4898 0.8540 0.0000 0.5202 0.8351 0.0000 0.5501 0.8152 0.0000 0.5792 0.7942 0.0000 0.6076 0.7723 0.0000 0.6352 0.7494 0.0000 0.6621 0.7256 0.0000 0.6881 0.7008 0.0000 0.7133 0.6752 0.0000 0.7376 0.6488 0.0000 0.7610 0.6215 0.0000 0.7834 0.5935 0.0000 0.8048 0.5647 0.0000 0.8253 0.5352 0.0000 0.8447 0.5051 0.0000 0.8631 0.4743 0.0000 0.8804 0.4429 0.0000 0.8965 0.4110 0.0000 0.9116 0.3786 0.0000 0.9256 0.3457 0.0000 0.9383 0.3124 0.0000 0.9500 0.2787 0.0000 0.9604 0.2446 0.0000 0.9696 0.2102 0.0000 0.9777 0.1756 0.0000 0.9845 0.1407 0.0000 0.9900 0.1057 0.0000 0.9944 0.0705 0.0000 0.9975 0.0353 0.0000 0.9994 0.0000 0.0000 1.0000 0.0353 0.0012 -0.9994 0.0705 0.0025 -0.9975 0.1056 0.0037 -0.9944 0.1406 0.0049 -0.9900 0.1755 0.0061 -0.9845 0.2101 0.0073 -0.9777 0.2444 0.0085 -0.9696 0.2785 0.0097 -0.9604 0.3122 0.0109 -0.9500 0.3455 0.0121 -0.9383 0.3784 0.0132 -0.9256 0.4108 0.0143 -0.9116 0.4427 0.0155 -0.8965 0.4740 0.0166 -0.8804 0.5048 0.0176 -0.8631 0.5349 0.0187 -0.8447 0.5644 0.0197 -0.8253 0.5931 0.0207 -0.8048 0.6211 0.0217 -0.7834 0.6484 0.0226 -0.7610 0.6748 0.0236 -0.7376 0.7004 0.0245 -0.7133 0.7251 0.0253 -0.6881 0.7490 0.0262 -0.6621 0.7718 0.0270 -0.6352 0.7938 0.0277 -0.6076 0.8147 0.0284 -0.5792 0.8346 0.0291 -0.5501 0.8535 0.0298 -0.5202 0.8713 0.0304 -0.4898 0.8880 0.0310 -0.4587 0.9037 0.0316 -0.4271 0.9182 0.0321 -0.3949 0.9315 0.0325 -0.3622 0.9437 0.0330 -0.3291 0.9547 0.0333 -0.2956 0.9646 0.0337 -0.2617 0.9732 0.0340 -0.2274 0.9806 0.0342 -0.1929 0.9868 0.0345 -0.1582 0.9918 0.0346 -0.1232 0.9955 0.0348 -0.0881 0.9980 0.0349 -0.0529 0.9992 0.0349 -0.0176 0.9992 0.0349 0.0176 0.9980 0.0349 0.0529 0.9955 0.0348 0.0881 0.9918 0.0346 0.1232 0.9868 0.0345 0.1582 0.9806 0.0342 0.1929 0.9732 0.0340 0.2274 0.9646 0.0337 0.2617 0.9547 0.0333 0.2956 0.9437 0.0330 0.3291 0.9315 0.0325 0.3622 0.9182 0.0321 0.3949 0.9037 0.0316 0.4271 0.8880 0.0310 0.4587 0.8713 0.0304 0.4898 0.8535 0.0298 0.5202 0.8346 0.0291 0.5501 0.8147 0.0284 0.5792 0.7938 0.0277 0.6076 0.7718 0.0270 0.6352 0.7490 0.0262 0.6621 0.7251 0.0253 0.6881 0.7004 0.0245 0.7133 0.6748 0.0236 0.7376 0.6484 0.0226 0.7610 0.6211 0.0217 0.7834 0.5931 0.0207 0.8048 0.5644 0.0197 0.8253 0.5349 0.0187 0.8447 0.5048 0.0176 0.8631 0.4740 0.0166 0.8804 0.4427 0.0155 0.8965 0.4108 0.0143 0.9116 0.3784 0.0132 0.9256 0.3455 0.0121 0.9383 0.3122 0.0109 0.9500 0.2785 0.0097 0.9604 0.2444 0.0085 0.9696 0.2101 0.0073 0.9777 0.1755 0.0061 0.9845 0.1406 0.0049 0.9900 0.1056 0.0037 0.9944 0.0705 0.0025 0.9975 0.0353 0.0012 0.9994 0.0352 0.0025 -0.9994 0.0704 0.0049 -0.9975 0.1054 0.0074 -0.9944 0.1404 0.0098 -0.9900 0.1752 0.0122 -0.9845 0.2097 0.0147 -0.9777 0.2440 0.0171 -0.9696 0.2780 0.0194 -0.9604 0.3116 0.0218 -0.9500 0.3449 0.0241 -0.9383 0.3777 0.0264 -0.9256 0.4100 0.0287 -0.9116 0.4419 0.0309 -0.8965 0.4732 0.0331 -0.8804 0.5039 0.0352 -0.8631 0.5339 0.0373 -0.8447 0.5633 0.0394 -0.8253 0.5920 0.0414 -0.8048 0.6200 0.0434 -0.7834 0.6472 0.0453 -0.7610 0.6736 0.0471 -0.7376 0.6991 0.0489 -0.7133 0.7238 0.0506 -0.6881 0.7476 0.0523 -0.6621 0.7704 0.0539 -0.6352 0.7923 0.0554 -0.6076 0.8132 0.0569 -0.5792 0.8331 0.0583 -0.5501 0.8519 0.0596 -0.5202 0.8697 0.0608 -0.4898 0.8864 0.0620 -0.4587 0.9020 0.0631 -0.4271 0.9165 0.0641 -0.3949 0.9298 0.0650 -0.3622 0.9420 0.0659 -0.3291 0.9530 0.0666 -0.2956 0.9628 0.0673 -0.2617 0.9714 0.0679 -0.2274 0.9788 0.0684 -0.1929 0.9850 0.0689 -0.1582 0.9900 0.0692 -0.1232 0.9937 0.0695 -0.0881 0.9962 0.0697 -0.0529 0.9974 0.0697 -0.0176 0.9974 0.0697 0.0176 0.9962 0.0697 0.0529 0.9937 0.0695 0.0881 0.9900 0.0692 0.1232 0.9850 0.0689 0.1582 0.9788 0.0684 0.1929 0.9714 0.0679 0.2274 0.9628 0.0673 0.2617 0.9530 0.0666 0.2956 0.9420 0.0659 0.3291 0.9298 0.0650 0.3622 0.9165 0.0641 0.3949 0.9020 0.0631 0.4271 0.8864 0.0620 0.4587 0.8697 0.0608 0.4898 0.8519 0.0596 0.5202 0.8331 0.0583 0.5501 0.8132 0.0569 0.5792 0.7923 0.0554 0.6076 0.7704 0.0539 0.6352 0.7476 0.0523 0.6621 0.7238 0.0506 0.6881 0.6991 0.0489 0.7133 0.6736 0.0471 0.7376 0.6472 0.0453 0.7610 0.6200 0.0434 0.7834 0.5920 0.0414 0.8048 0.5633 0.0394 0.8253 0.5339 0.0373 0.8447 0.5039 0.0352 0.8631 0.4732 0.0331 0.8804 0.4419 0.0309 0.8965 0.4100 0.0287 0.9116 0.3777 0.0264 0.9256 0.3449 0.0241 0.9383 0.3116 0.0218 0.9500 0.2780 0.0194 0.9604 0.2440 0.0171 0.9696 0.2097 0.0147 0.9777 0.1752 0.0122 0.9845 0.1404 0.0098 0.9900 0.1054 0.0074 0.9944 0.0704 0.0049 0.9975 0.0352 0.0025 0.9994 0.0351 0.0037 -0.9994 0.0702 0.0074 -0.9975 0.1051 0.0110 -0.9944 0.1400 0.0147 -0.9900 0.1746 0.0184 -0.9845 0.2091 0.0220 -0.9777 0.2432 0.0256 -0.9696 0.2771 0.0291 -0.9604 0.3107 0.0327 -0.9500 0.3438 0.0361 -0.9383 0.3765 0.0396 -0.9256 0.4088 0.0430 -0.9116 0.4405 0.0463 -0.8965 0.4717 0.0496 -0.8804 0.5023 0.0528 -0.8631 0.5323 0.0559 -0.8447 0.5616 0.0590 -0.8253 0.5902 0.0620 -0.8048 0.6181 0.0650 -0.7834 0.6452 0.0678 -0.7610 0.6715 0.0706 -0.7376 0.6970 0.0733 -0.7133 0.7216 0.0758 -0.6881 0.7453 0.0783 -0.6621 0.7681 0.0807 -0.6352 0.7899 0.0830 -0.6076 0.8107 0.0852 -0.5792 0.8306 0.0873 -0.5501 0.8493 0.0893 -0.5202 0.8671 0.0911 -0.4898 0.8837 0.0929 -0.4587 0.8993 0.0945 -0.4271 0.9137 0.0960 -0.3949 0.9270 0.0974 -0.3622 0.9391 0.0987 -0.3291 0.9501 0.0999 -0.2956 0.9599 0.1009 -0.2617 0.9685 0.1018 -0.2274 0.9758 0.1026 -0.1929 0.9820 0.1032 -0.1582 0.9869 0.1037 -0.1232 0.9907 0.1041 -0.0881 0.9931 0.1044 -0.0529 0.9944 0.1045 -0.0176 0.9944 0.1045 0.0176 0.9931 0.1044 0.0529 0.9907 0.1041 0.0881 0.9869 0.1037 0.1232 0.9820 0.1032 0.1582 0.9758 0.1026 0.1929 0.9685 0.1018 0.2274 0.9599 0.1009 0.2617 0.9501 0.0999 0.2956 0.9391 0.0987 0.3291 0.9270 0.0974 0.3622 0.9137 0.0960 0.3949 0.8993 0.0945 0.4271 0.8837 0.0929 0.4587 0.8671 0.0911 0.4898 0.8493 0.0893 0.5202 0.8306 0.0873 0.5501 0.8107 0.0852 0.5792 0.7899 0.0830 0.6076 0.7681 0.0807 0.6352 0.7453 0.0783 0.6621 0.7216 0.0758 0.6881 0.6970 0.0733 0.7133 0.6715 0.0706 0.7376 0.6452 0.0678 0.7610 0.6181 0.0650 0.7834 0.5902 0.0620 0.8048 0.5616 0.0590 0.8253 0.5323 0.0559 0.8447 0.5023 0.0528 0.8631 0.4717 0.0496 0.8804 0.4405 0.0463 0.8965 0.4088 0.0430 0.9116 0.3765 0.0396 0.9256 0.3438 0.0361 0.9383 0.3107 0.0327 0.9500 0.2771 0.0291 0.9604 0.2432 0.0256 0.9696 0.2091 0.0220 0.9777 0.1746 0.0184 0.9845 0.1400 0.0147 0.9900 0.1051 0.0110 0.9944 0.0702 0.0074 0.9975 0.0351 0.0037 0.9994 0.0349 0.0049 -0.9994 0.0699 0.0098 -0.9975 0.1047 0.0147 -0.9944 0.1394 0.0196 -0.9900 0.1739 0.0244 -0.9845 0.2082 0.0293 -0.9777 0.2422 0.0340 -0.9696 0.2759 0.0388 -0.9604 0.3093 0.0435 -0.9500 0.3423 0.0481 -0.9383 0.3749 0.0527 -0.9256 0.4070 0.0572 -0.9116 0.4386 0.0616 -0.8965 0.4697 0.0660 -0.8804 0.5002 0.0703 -0.8631 0.5300 0.0745 -0.8447 0.5592 0.0786 -0.8253 0.5877 0.0826 -0.8048 0.6155 0.0865 -0.7834 0.6425 0.0903 -0.7610 0.6687 0.0940 -0.7376 0.6940 0.0975 -0.7133 0.7185 0.1010 -0.6881 0.7421 0.1043 -0.6621 0.7648 0.1075 -0.6352 0.7865 0.1105 -0.6076 0.8073 0.1135 -0.5792 0.8270 0.1162 -0.5501 0.8457 0.1189 -0.5202 0.8634 0.1213 -0.4898 0.8799 0.1237 -0.4587 0.8954 0.1258 -0.4271 0.9098 0.1279 -0.3949 0.9230 0.1297 -0.3622 0.9351 0.1314 -0.3291 0.9460 0.1330 -0.2956 0.9558 0.1343 -0.2617 0.9643 0.1355 -0.2274 0.9717 0.1366 -0.1929 0.9778 0.1374 -0.1582 0.9827 0.1381 -0.1232 0.9864 0.1386 -0.0881 0.9889 0.1390 -0.0529 0.9901 0.1392 -0.0176 0.9901 0.1392 0.0176 0.9889 0.1390 0.0529 0.9864 0.1386 0.0881 0.9827 0.1381 0.1232 0.9778 0.1374 0.1582 0.9717 0.1366 0.1929 0.9643 0.1355 0.2274 0.9558 0.1343 0.2617 0.9460 0.1330 0.2956 0.9351 0.1314 0.3291 0.9230 0.1297 0.3622 0.9098 0.1279 0.3949 0.8954 0.1258 0.4271 0.8799 0.1237 0.4587 0.8634 0.1213 0.4898 0.8457 0.1189 0.5202 0.8270 0.1162 0.5501 0.8073 0.1135 0.5792 0.7865 0.1105 0.6076 0.7648 0.1075 0.6352 0.7421 0.1043 0.6621 0.7185 0.1010 0.6881 0.6940 0.0975 0.7133 0.6687 0.0940 0.7376 0.6425 0.0903 0.7610 0.6155 0.0865 0.7834 0.5877 0.0826 0.8048 0.5592 0.0786 0.8253 0.5300 0.0745 0.8447 0.5002 0.0703 0.8631 0.4697 0.0660 0.8804 0.4386 0.0616 0.8965 0.4070 0.0572 0.9116 0.3749 0.0527 0.9256 0.3423 0.0481 0.9383 0.3093 0.0435 0.9500 0.2759 0.0388 0.9604 0.2422 0.0340 0.9696 0.2082 0.0293 0.9777 0.1739 0.0244 0.9845 0.1394 0.0196 0.9900 0.1047 0.0147 0.9944 0.0699 0.0098 0.9975 0.0349 0.0049 0.9994 0.0348 0.0061 -0.9994 0.0695 0.0122 -0.9975 0.1041 0.0184 -0.9944 0.1386 0.0244 -0.9900 0.1729 0.0305 -0.9845 0.2070 0.0365 -0.9777 0.2409 0.0425 -0.9696 0.2744 0.0484 -0.9604 0.3076 0.0542 -0.9500 0.3405 0.0600 -0.9383 0.3729 0.0657 -0.9256 0.4048 0.0714 -0.9116 0.4362 0.0769 -0.8965 0.4671 0.0824 -0.8804 0.4974 0.0877 -0.8631 0.5271 0.0929 -0.8447 0.5561 0.0981 -0.8253 0.5845 0.1031 -0.8048 0.6121 0.1079 -0.7834 0.6389 0.1127 -0.7610 0.6650 0.1173 -0.7376 0.6902 0.1217 -0.7133 0.7146 0.1260 -0.6881 0.7380 0.1301 -0.6621 0.7606 0.1341 -0.6352 0.7822 0.1379 -0.6076 0.8028 0.1416 -0.5792 0.8224 0.1450 -0.5501 0.8410 0.1483 -0.5202 0.8586 0.1514 -0.4898 0.8751 0.1543 -0.4587 0.8905 0.1570 -0.4271 0.9048 0.1595 -0.3949 0.9179 0.1619 -0.3622 0.9300 0.1640 -0.3291 0.9408 0.1659 -0.2956 0.9505 0.1676 -0.2617 0.9590 0.1691 -0.2274 0.9663 0.1704 -0.1929 0.9724 0.1715 -0.1582 0.9773 0.1723 -0.1232 0.9810 0.1730 -0.0881 0.9834 0.1734 -0.0529 0.9847 0.1736 -0.0176 0.9847 0.1736 0.0176 0.9834 0.1734 0.0529 0.9810 0.1730 0.0881 0.9773 0.1723 0.1232 0.9724 0.1715 0.1582 0.9663 0.1704 0.1929 0.9590 0.1691 0.2274 0.9505 0.1676 0.2617 0.9408 0.1659 0.2956 0.9300 0.1640 0.3291 0.9179 0.1619 0.3622 0.9048 0.1595 0.3949 0.8905 0.1570 0.4271 0.8751 0.1543 0.4587 0.8586 0.1514 0.4898 0.8410 0.1483 0.5202 0.8224 0.1450 0.5501 0.8028 0.1416 0.5792 0.7822 0.1379 0.6076 0.7606 0.1341 0.6352 0.7380 0.1301 0.6621 0.7146 0.1260 0.6881 0.6902 0.1217 0.7133 0.6650 0.1173 0.7376 0.6389 0.1127 0.7610 0.6121 0.1079 0.7834 0.5845 0.1031 0.8048 0.5561 0.0981 0.8253 0.5271 0.0929 0.8447 0.4974 0.0877 0.8631 0.4671 0.0824 0.8804 0.4362 0.0769 0.8965 0.4048 0.0714 0.9116 0.3729 0.0657 0.9256 0.3405 0.0600 0.9383 0.3076 0.0542 0.9500 0.2744 0.0484 0.9604 0.2409 0.0425 0.9696 0.2070 0.0365 0.9777 0.1729 0.0305 0.9845 0.1386 0.0244 0.9900 0.1041 0.0184 0.9944 0.0695 0.0122 0.9975 0.0348 0.0061 0.9994 0.0345 0.0073 -0.9994 0.0690 0.0147 -0.9975 0.1034 0.0220 -0.9944 0.1377 0.0293 -0.9900 0.1717 0.0365 -0.9845 0.2056 0.0437 -0.9777 0.2392 0.0509 -0.9696 0.2726 0.0579 -0.9604 0.3055 0.0649 -0.9500 0.3381 0.0719 -0.9383 0.3703 0.0787 -0.9256 0.4020 0.0855 -0.9116 0.4333 0.0921 -0.8965 0.4639 0.0986 -0.8804 0.4940 0.1050 -0.8631 0.5235 0.1113 -0.8447 0.5524 0.1174 -0.8253 0.5805 0.1234 -0.8048 0.6079 0.1292 -0.7834 0.6346 0.1349 -0.7610 0.6605 0.1404 -0.7376 0.6855 0.1457 -0.7133 0.7097 0.1509 -0.6881 0.7330 0.1558 -0.6621 0.7554 0.1606 -0.6352 0.7769 0.1651 -0.6076 0.7974 0.1695 -0.5792 0.8169 0.1736 -0.5501 0.8354 0.1776 -0.5202 0.8528 0.1813 -0.4898 0.8692 0.1847 -0.4587 0.8845 0.1880 -0.4271 0.8987 0.1910 -0.3949 0.9117 0.1938 -0.3622 0.9237 0.1963 -0.3291 0.9344 0.1986 -0.2956 0.9441 0.2007 -0.2617 0.9525 0.2025 -0.2274 0.9598 0.2040 -0.1929 0.9658 0.2053 -0.1582 0.9707 0.2063 -0.1232 0.9743 0.2071 -0.0881 0.9768 0.2076 -0.0529 0.9780 0.2079 -0.0176 0.9780 0.2079 0.0176 0.9768 0.2076 0.0529 0.9743 0.2071 0.0881 0.9707 0.2063 0.1232 0.9658 0.2053 0.1582 0.9598 0.2040 0.1929 0.9525 0.2025 0.2274 0.9441 0.2007 0.2617 0.9344 0.1986 0.2956 0.9237 0.1963 0.3291 0.9117 0.1938 0.3622 0.8987 0.1910 0.3949 0.8845 0.1880 0.4271 0.8692 0.1847 0.4587 0.8528 0.1813 0.4898 0.8354 0.1776 0.5202 0.8169 0.1736 0.5501 0.7974 0.1695 0.5792 0.7769 0.1651 0.6076 0.7554 0.1606 0.6352 0.7330 0.1558 0.6621 0.7097 0.1509 0.6881 0.6855 0.1457 0.7133 0.6605 0.1404 0.7376 0.6346 0.1349 0.7610 0.6079 0.1292 0.7834 0.5805 0.1234 0.8048 0.5524 0.1174 0.8253 0.5235 0.1113 0.8447 0.4940 0.1050 0.8631 0.4639 0.0986 0.8804 0.4333 0.0921 0.8965 0.4020 0.0855 0.9116 0.3703 0.0787 0.9256 0.3381 0.0719 0.9383 0.3055 0.0649 0.9500 0.2726 0.0579 0.9604 0.2392 0.0509 0.9696 0.2056 0.0437 0.9777 0.1717 0.0365 0.9845 0.1377 0.0293 0.9900 0.1034 0.0220 0.9944 0.0690 0.0147 0.9975 0.0345 0.0073 0.9994 0.0342 0.0085 -0.9994 0.0684 0.0171 -0.9975 0.1026 0.0256 -0.9944 0.1365 0.0340 -0.9900 0.1704 0.0425 -0.9845 0.2040 0.0509 -0.9777 0.2373 0.0592 -0.9696 0.2704 0.0674 -0.9604 0.3031 0.0756 -0.9500 0.3354 0.0836 -0.9383 0.3674 0.0916 -0.9256 0.3988 0.0994 -0.9116 0.4298 0.1072 -0.8965 0.4602 0.1147 -0.8804 0.4901 0.1222 -0.8631 0.5193 0.1295 -0.8447 0.5479 0.1366 -0.8253 0.5759 0.1436 -0.8048 0.6031 0.1504 -0.7834 0.6295 0.1570 -0.7610 0.6552 0.1634 -0.7376 0.6800 0.1695 -0.7133 0.7040 0.1755 -0.6881 0.7271 0.1813 -0.6621 0.7494 0.1868 -0.6352 0.7707 0.1921 -0.6076 0.7910 0.1972 -0.5792 0.8103 0.2020 -0.5501 0.8287 0.2066 -0.5202 0.8460 0.2109 -0.4898 0.8622 0.2150 -0.4587 0.8774 0.2188 -0.4271 0.8914 0.2223 -0.3949 0.9044 0.2255 -0.3622 0.9162 0.2284 -0.3291 0.9269 0.2311 -0.2956 0.9365 0.2335 -0.2617 0.9449 0.2356 -0.2274 0.9521 0.2374 -0.1929 0.9581 0.2389 -0.1582 0.9629 0.2401 -0.1232 0.9665 0.2410 -0.0881 0.9689 0.2416 -0.0529 0.9701 0.2419 -0.0176 0.9701 0.2419 0.0176 0.9689 0.2416 0.0529 0.9665 0.2410 0.0881 0.9629 0.2401 0.1232 0.9581 0.2389 0.1582 0.9521 0.2374 0.1929 0.9449 0.2356 0.2274 0.9365 0.2335 0.2617 0.9269 0.2311 0.2956 0.9162 0.2284 0.3291 0.9044 0.2255 0.3622 0.8914 0.2223 0.3949 0.8774 0.2188 0.4271 0.8622 0.2150 0.4587 0.8460 0.2109 0.4898 0.8287 0.2066 0.5202 0.8103 0.2020 0.5501 0.7910 0.1972 0.5792 0.7707 0.1921 0.6076 0.7494 0.1868 0.6352 0.7271 0.1813 0.6621 0.7040 0.1755 0.6881 0.6800 0.1695 0.7133 0.6552 0.1634 0.7376 0.6295 0.1570 0.7610 0.6031 0.1504 0.7834 0.5759 0.1436 0.8048 0.5479 0.1366 0.8253 0.5193 0.1295 0.8447 0.4901 0.1222 0.8631 0.4602 0.1147 0.8804 0.4298 0.1072 0.8965 0.3988 0.0994 0.9116 0.3674 0.0916 0.9256 0.3354 0.0836 0.9383 0.3031 0.0756 0.9500 0.2704 0.0674 0.9604 0.2373 0.0592 0.9696 0.2040 0.0509 0.9777 0.1704 0.0425 0.9845 0.1365 0.0340 0.9900 0.1026 0.0256 0.9944 0.0684 0.0171 0.9975 0.0342 0.0085 0.9994 0.0339 0.0097 -0.9994 0.0678 0.0194 -0.9975 0.1016 0.0291 -0.9944 0.1353 0.0388 -0.9900 0.1688 0.0484 -0.9845 0.2021 0.0579 -0.9777 0.2351 0.0674 -0.9696 0.2679 0.0768 -0.9604 0.3003 0.0861 -0.9500 0.3323 0.0953 -0.9383 0.3639 0.1044 -0.9256 0.3951 0.1133 -0.9116 0.4258 0.1221 -0.8965 0.4559 0.1307 -0.8804 0.4855 0.1392 -0.8631 0.5145 0.1475 -0.8447 0.5428 0.1557 -0.8253 0.5705 0.1636 -0.8048 0.5974 0.1713 -0.7834 0.6236 0.1788 -0.7610 0.6491 0.1861 -0.7376 0.6737 0.1932 -0.7133 0.6975 0.2000 -0.6881 0.7204 0.2066 -0.6621 0.7424 0.2129 -0.6352 0.7635 0.2189 -0.6076 0.7836 0.2247 -0.5792 0.8028 0.2302 -0.5501 0.8209 0.2354 -0.5202 0.8381 0.2403 -0.4898 0.8542 0.2449 -0.4587 0.8692 0.2492 -0.4271 0.8831 0.2532 -0.3949 0.8960 0.2569 -0.3622 0.9077 0.2603 -0.3291 0.9183 0.2633 -0.2956 0.9278 0.2660 -0.2617 0.9361 0.2684 -0.2274 0.9432 0.2705 -0.1929 0.9492 0.2722 -0.1582 0.9539 0.2735 -0.1232 0.9575 0.2746 -0.0881 0.9599 0.2753 -0.0529 0.9611 0.2756 -0.0176 0.9611 0.2756 0.0176 0.9599 0.2753 0.0529 0.9575 0.2746 0.0881 0.9539 0.2735 0.1232 0.9492 0.2722 0.1582 0.9432 0.2705 0.1929 0.9361 0.2684 0.2274 0.9278 0.2660 0.2617 0.9183 0.2633 0.2956 0.9077 0.2603 0.3291 0.8960 0.2569 0.3622 0.8831 0.2532 0.3949 0.8692 0.2492 0.4271 0.8542 0.2449 0.4587 0.8381 0.2403 0.4898 0.8209 0.2354 0.5202 0.8028 0.2302 0.5501 0.7836 0.2247 0.5792 0.7635 0.2189 0.6076 0.7424 0.2129 0.6352 0.7204 0.2066 0.6621 0.6975 0.2000 0.6881 0.6737 0.1932 0.7133 0.6491 0.1861 0.7376 0.6236 0.1788 0.7610 0.5974 0.1713 0.7834 0.5705 0.1636 0.8048 0.5428 0.1557 0.8253 0.5145 0.1475 0.8447 0.4855 0.1392 0.8631 0.4559 0.1307 0.8804 0.4258 0.1221 0.8965 0.3951 0.1133 0.9116 0.3639 0.1044 0.9256 0.3323 0.0953 0.9383 0.3003 0.0861 0.9500 0.2679 0.0768 0.9604 0.2351 0.0674 0.9696 0.2021 0.0579 0.9777 0.1688 0.0484 0.9845 0.1353 0.0388 0.9900 0.1016 0.0291 0.9944 0.0678 0.0194 0.9975 0.0339 0.0097 0.9994 0.0336 0.0109 -0.9994 0.0671 0.0218 -0.9975 0.1005 0.0327 -0.9944 0.1338 0.0435 -0.9900 0.1670 0.0543 -0.9845 0.1999 0.0650 -0.9777 0.2326 0.0756 -0.9696 0.2650 0.0861 -0.9604 0.2971 0.0965 -0.9500 0.3288 0.1068 -0.9383 0.3601 0.1170 -0.9256 0.3909 0.1270 -0.9116 0.4213 0.1369 -0.8965 0.4511 0.1466 -0.8804 0.4804 0.1561 -0.8631 0.5090 0.1654 -0.8447 0.5371 0.1745 -0.8253 0.5644 0.1834 -0.8048 0.5911 0.1921 -0.7834 0.6170 0.2005 -0.7610 0.6422 0.2087 -0.7376 0.6665 0.2166 -0.7133 0.6901 0.2242 -0.6881 0.7127 0.2316 -0.6621 0.7345 0.2387 -0.6352 0.7554 0.2454 -0.6076 0.7753 0.2519 -0.5792 0.7943 0.2581 -0.5501 0.8122 0.2639 -0.5202 0.8292 0.2694 -0.4898 0.8451 0.2746 -0.4587 0.8600 0.2794 -0.4271 0.8738 0.2839 -0.3949 0.8865 0.2880 -0.3622 0.8981 0.2918 -0.3291 0.9086 0.2952 -0.2956 0.9179 0.2983 -0.2617 0.9261 0.3009 -0.2274 0.9332 0.3032 -0.1929 0.9391 0.3051 -0.1582 0.9438 0.3067 -0.1232 0.9474 0.3078 -0.0881 0.9497 0.3086 -0.0529 0.9509 0.3090 -0.0176 0.9509 0.3090 0.0176 0.9497 0.3086 0.0529 0.9474 0.3078 0.0881 0.9438 0.3067 0.1232 0.9391 0.3051 0.1582 0.9332 0.3032 0.1929 0.9261 0.3009 0.2274 0.9179 0.2983 0.2617 0.9086 0.2952 0.2956 0.8981 0.2918 0.3291 0.8865 0.2880 0.3622 0.8738 0.2839 0.3949 0.8600 0.2794 0.4271 0.8451 0.2746 0.4587 0.8292 0.2694 0.4898 0.8122 0.2639 0.5202 0.7943 0.2581 0.5501 0.7753 0.2519 0.5792 0.7554 0.2454 0.6076 0.7345 0.2387 0.6352 0.7127 0.2316 0.6621 0.6901 0.2242 0.6881 0.6665 0.2166 0.7133 0.6422 0.2087 0.7376 0.6170 0.2005 0.7610 0.5911 0.1921 0.7834 0.5644 0.1834 0.8048 0.5371 0.1745 0.8253 0.5090 0.1654 0.8447 0.4804 0.1561 0.8631 0.4511 0.1466 0.8804 0.4213 0.1369 0.8965 0.3909 0.1270 0.9116 0.3601 0.1170 0.9256 0.3288 0.1068 0.9383 0.2971 0.0965 0.9500 0.2650 0.0861 0.9604 0.2326 0.0756 0.9696 0.1999 0.0650 0.9777 0.1670 0.0543 0.9845 0.1338 0.0435 0.9900 0.1005 0.0327 0.9944 0.0671 0.0218 0.9975 0.0336 0.0109 0.9994 0.0332 0.0121 -0.9994 0.0663 0.0241 -0.9975 0.0993 0.0362 -0.9944 0.1322 0.0481 -0.9900 0.1650 0.0601 -0.9845 0.1975 0.0719 -0.9777 0.2298 0.0837 -0.9696 0.2618 0.0953 -0.9604 0.2935 0.1068 -0.9500 0.3249 0.1182 -0.9383 0.3558 0.1295 -0.9256 0.3862 0.1406 -0.9116 0.4162 0.1515 -0.8965 0.4457 0.1622 -0.8804 0.4746 0.1727 -0.8631 0.5030 0.1831 -0.8447 0.5307 0.1931 -0.8253 0.5577 0.2030 -0.8048 0.5840 0.2126 -0.7834 0.6097 0.2219 -0.7610 0.6345 0.2309 -0.7376 0.6586 0.2397 -0.7133 0.6818 0.2482 -0.6881 0.7042 0.2563 -0.6621 0.7257 0.2641 -0.6352 0.7463 0.2716 -0.6076 0.7660 0.2788 -0.5792 0.7848 0.2856 -0.5501 0.8025 0.2921 -0.5202 0.8193 0.2982 -0.4898 0.8350 0.3039 -0.4587 0.8497 0.3093 -0.4271 0.8633 0.3142 -0.3949 0.8759 0.3188 -0.3622 0.8874 0.3230 -0.3291 0.8977 0.3267 -0.2956 0.9070 0.3301 -0.2617 0.9151 0.3331 -0.2274 0.9220 0.3356 -0.1929 0.9279 0.3377 -0.1582 0.9325 0.3394 -0.1232 0.9360 0.3407 -0.0881 0.9384 0.3415 -0.0529 0.9395 0.3420 -0.0176 0.9395 0.3420 0.0176 0.9384 0.3415 0.0529 0.9360 0.3407 0.0881 0.9325 0.3394 0.1232 0.9279 0.3377 0.1582 0.9220 0.3356 0.1929 0.9151 0.3331 0.2274 0.9070 0.3301 0.2617 0.8977 0.3267 0.2956 0.8874 0.3230 0.3291 0.8759 0.3188 0.3622 0.8633 0.3142 0.3949 0.8497 0.3093 0.4271 0.8350 0.3039 0.4587 0.8193 0.2982 0.4898 0.8025 0.2921 0.5202 0.7848 0.2856 0.5501 0.7660 0.2788 0.5792 0.7463 0.2716 0.6076 0.7257 0.2641 0.6352 0.7042 0.2563 0.6621 0.6818 0.2482 0.6881 0.6586 0.2397 0.7133 0.6345 0.2309 0.7376 0.6097 0.2219 0.7610 0.5840 0.2126 0.7834 0.5577 0.2030 0.8048 0.5307 0.1931 0.8253 0.5030 0.1831 0.8447 0.4746 0.1727 0.8631 0.4457 0.1622 0.8804 0.4162 0.1515 0.8965 0.3862 0.1406 0.9116 0.3558 0.1295 0.9256 0.3249 0.1182 0.9383 0.2935 0.1068 0.9500 0.2618 0.0953 0.9604 0.2298 0.0837 0.9696 0.1975 0.0719 0.9777 0.1650 0.0601 0.9845 0.1322 0.0481 0.9900 0.0993 0.0362 0.9944 0.0663 0.0241 0.9975 0.0332 0.0121 0.9994 0.0327 0.0132 -0.9994 0.0654 0.0264 -0.9975 0.0980 0.0396 -0.9944 0.1305 0.0527 -0.9900 0.1628 0.0658 -0.9845 0.1949 0.0787 -0.9777 0.2268 0.0916 -0.9696 0.2584 0.1044 -0.9604 0.2896 0.1170 -0.9500 0.3205 0.1295 -0.9383 0.3510 0.1418 -0.9256 0.3811 0.1540 -0.9116 0.4107 0.1659 -0.8965 0.4398 0.1777 -0.8804 0.4683 0.1892 -0.8631 0.4963 0.2005 -0.8447 0.5236 0.2115 -0.8253 0.5503 0.2223 -0.8048 0.5763 0.2328 -0.7834 0.6015 0.2430 -0.7610 0.6261 0.2529 -0.7376 0.6498 0.2625 -0.7133 0.6727 0.2718 -0.6881 0.6948 0.2807 -0.6621 0.7161 0.2893 -0.6352 0.7364 0.2975 -0.6076 0.7558 0.3054 -0.5792 0.7743 0.3128 -0.5501 0.7918 0.3199 -0.5202 0.8084 0.3266 -0.4898 0.8239 0.3329 -0.4587 0.8384 0.3387 -0.4271 0.8518 0.3442 -0.3949 0.8642 0.3492 -0.3622 0.8755 0.3537 -0.3291 0.8858 0.3579 -0.2956 0.8949 0.3616 -0.2617 0.9029 0.3648 -0.2274 0.9098 0.3676 -0.1929 0.9155 0.3699 -0.1582 0.9201 0.3718 -0.1232 0.9236 0.3731 -0.0881 0.9259 0.3741 -0.0529 0.9270 0.3745 -0.0176 0.9270 0.3745 0.0176 0.9259 0.3741 0.0529 0.9236 0.3731 0.0881 0.9201 0.3718 0.1232 0.9155 0.3699 0.1582 0.9098 0.3676 0.1929 0.9029 0.3648 0.2274 0.8949 0.3616 0.2617 0.8858 0.3579 0.2956 0.8755 0.3537 0.3291 0.8642 0.3492 0.3622 0.8518 0.3442 0.3949 0.8384 0.3387 0.4271 0.8239 0.3329 0.4587 0.8084 0.3266 0.4898 0.7918 0.3199 0.5202 0.7743 0.3128 0.5501 0.7558 0.3054 0.5792 0.7364 0.2975 0.6076 0.7161 0.2893 0.6352 0.6948 0.2807 0.6621 0.6727 0.2718 0.6881 0.6498 0.2625 0.7133 0.6261 0.2529 0.7376 0.6015 0.2430 0.7610 0.5763 0.2328 0.7834 0.5503 0.2223 0.8048 0.5236 0.2115 0.8253 0.4963 0.2005 0.8447 0.4683 0.1892 0.8631 0.4398 0.1777 0.8804 0.4107 0.1659 0.8965 0.3811 0.1540 0.9116 0.3510 0.1418 0.9256 0.3205 0.1295 0.9383 0.2896 0.1170 0.9500 0.2584 0.1044 0.9604 0.2268 0.0916 0.9696 0.1949 0.0787 0.9777 0.1628 0.0658 0.9845 0.1305 0.0527 0.9900 0.0980 0.0396 0.9944 0.0654 0.0264 0.9975 0.0327 0.0132 0.9994 0.0322 0.0144 -0.9994 0.0644 0.0287 -0.9975 0.0966 0.0430 -0.9944 0.1286 0.0572 -0.9900 0.1604 0.0714 -0.9845 0.1920 0.0855 -0.9777 0.2234 0.0995 -0.9696 0.2546 0.1133 -0.9604 0.2854 0.1271 -0.9500 0.3158 0.1406 -0.9383 0.3459 0.1540 -0.9256 0.3755 0.1672 -0.9116 0.4047 0.1802 -0.8965 0.4333 0.1929 -0.8804 0.4614 0.2054 -0.8631 0.4890 0.2177 -0.8447 0.5159 0.2297 -0.8253 0.5422 0.2414 -0.8048 0.5678 0.2528 -0.7834 0.5927 0.2639 -0.7610 0.6169 0.2746 -0.7376 0.6402 0.2851 -0.7133 0.6628 0.2951 -0.6881 0.6846 0.3048 -0.6621 0.7055 0.3141 -0.6352 0.7256 0.3230 -0.6076 0.7447 0.3316 -0.5792 0.7629 0.3397 -0.5501 0.7802 0.3474 -0.5202 0.7965 0.3546 -0.4898 0.8118 0.3614 -0.4587 0.8261 0.3678 -0.4271 0.8393 0.3737 -0.3949 0.8515 0.3791 -0.3622 0.8627 0.3841 -0.3291 0.8727 0.3886 -0.2956 0.8817 0.3926 -0.2617 0.8896 0.3961 -0.2274 0.8964 0.3991 -0.1929 0.9020 0.4016 -0.1582 0.9066 0.4036 -0.1232 0.9100 0.4052 -0.0881 0.9123 0.4062 -0.0529 0.9134 0.4067 -0.0176 0.9134 0.4067 0.0176 0.9123 0.4062 0.0529 0.9100 0.4052 0.0881 0.9066 0.4036 0.1232 0.9020 0.4016 0.1582 0.8964 0.3991 0.1929 0.8896 0.3961 0.2274 0.8817 0.3926 0.2617 0.8727 0.3886 0.2956 0.8627 0.3841 0.3291 0.8515 0.3791 0.3622 0.8393 0.3737 0.3949 0.8261 0.3678 0.4271 0.8118 0.3614 0.4587 0.7965 0.3546 0.4898 0.7802 0.3474 0.5202 0.7629 0.3397 0.5501 0.7447 0.3316 0.5792 0.7256 0.3230 0.6076 0.7055 0.3141 0.6352 0.6846 0.3048 0.6621 0.6628 0.2951 0.6881 0.6402 0.2851 0.7133 0.6169 0.2746 0.7376 0.5927 0.2639 0.7610 0.5678 0.2528 0.7834 0.5422 0.2414 0.8048 0.5159 0.2297 0.8253 0.4890 0.2177 0.8447 0.4614 0.2054 0.8631 0.4333 0.1929 0.8804 0.4047 0.1802 0.8965 0.3755 0.1672 0.9116 0.3459 0.1540 0.9256 0.3158 0.1406 0.9383 0.2854 0.1271 0.9500 0.2546 0.1133 0.9604 0.2234 0.0995 0.9696 0.1920 0.0855 0.9777 0.1604 0.0714 0.9845 0.1286 0.0572 0.9900 0.0966 0.0430 0.9944 0.0644 0.0287 0.9975 0.0322 0.0144 0.9994 0.0317 0.0155 -0.9994 0.0634 0.0309 -0.9975 0.0950 0.0463 -0.9944 0.1265 0.0617 -0.9900 0.1578 0.0770 -0.9845 0.1889 0.0922 -0.9777 0.2198 0.1072 -0.9696 0.2505 0.1222 -0.9604 0.2808 0.1369 -0.9500 0.3107 0.1515 -0.9383 0.3403 0.1660 -0.9256 0.3694 0.1802 -0.9116 0.3981 0.1942 -0.8965 0.4263 0.2079 -0.8804 0.4540 0.2214 -0.8631 0.4811 0.2346 -0.8447 0.5076 0.2476 -0.8253 0.5334 0.2602 -0.8048 0.5586 0.2725 -0.7834 0.5831 0.2844 -0.7610 0.6069 0.2960 -0.7376 0.6299 0.3072 -0.7133 0.6521 0.3181 -0.6881 0.6736 0.3285 -0.6621 0.6941 0.3386 -0.6352 0.7139 0.3482 -0.6076 0.7327 0.3574 -0.5792 0.7506 0.3661 -0.5501 0.7676 0.3744 -0.5202 0.7836 0.3822 -0.4898 0.7987 0.3895 -0.4587 0.8127 0.3964 -0.4271 0.8258 0.4027 -0.3949 0.8378 0.4086 -0.3622 0.8487 0.4140 -0.3291 0.8586 0.4188 -0.2956 0.8675 0.4231 -0.2617 0.8752 0.4269 -0.2274 0.8819 0.4301 -0.1929 0.8875 0.4329 -0.1582 0.8919 0.4350 -0.1232 0.8953 0.4367 -0.0881 0.8975 0.4378 -0.0529 0.8987 0.4383 -0.0176 0.8987 0.4383 0.0176 0.8975 0.4378 0.0529 0.8953 0.4367 0.0881 0.8919 0.4350 0.1232 0.8875 0.4329 0.1582 0.8819 0.4301 0.1929 0.8752 0.4269 0.2274 0.8675 0.4231 0.2617 0.8586 0.4188 0.2956 0.8487 0.4140 0.3291 0.8378 0.4086 0.3622 0.8258 0.4027 0.3949 0.8127 0.3964 0.4271 0.7987 0.3895 0.4587 0.7836 0.3822 0.4898 0.7676 0.3744 0.5202 0.7506 0.3661 0.5501 0.7327 0.3574 0.5792 0.7139 0.3482 0.6076 0.6941 0.3386 0.6352 0.6736 0.3285 0.6621 0.6521 0.3181 0.6881 0.6299 0.3072 0.7133 0.6069 0.2960 0.7376 0.5831 0.2844 0.7610 0.5586 0.2725 0.7834 0.5334 0.2602 0.8048 0.5076 0.2476 0.8253 0.4811 0.2346 0.8447 0.4540 0.2214 0.8631 0.4263 0.2079 0.8804 0.3981 0.1942 0.8965 0.3694 0.1802 0.9116 0.3403 0.1660 0.9256 0.3107 0.1515 0.9383 0.2808 0.1369 0.9500 0.2505 0.1222 0.9604 0.2198 0.1072 0.9696 0.1889 0.0922 0.9777 0.1578 0.0770 0.9845 0.1265 0.0617 0.9900 0.0950 0.0463 0.9944 0.0634 0.0309 0.9975 0.0317 0.0155 0.9994 0.0312 0.0166 -0.9994 0.0623 0.0331 -0.9975 0.0933 0.0496 -0.9944 0.1243 0.0661 -0.9900 0.1550 0.0824 -0.9845 0.1856 0.0987 -0.9777 0.2160 0.1148 -0.9696 0.2460 0.1308 -0.9604 0.2758 0.1466 -0.9500 0.3052 0.1623 -0.9383 0.3343 0.1777 -0.9256 0.3629 0.1930 -0.9116 0.3911 0.2080 -0.8965 0.4188 0.2227 -0.8804 0.4460 0.2371 -0.8631 0.4726 0.2513 -0.8447 0.4986 0.2651 -0.8253 0.5240 0.2786 -0.8048 0.5488 0.2918 -0.7834 0.5728 0.3046 -0.7610 0.5962 0.3170 -0.7376 0.6188 0.3290 -0.7133 0.6406 0.3406 -0.6881 0.6617 0.3518 -0.6621 0.6819 0.3626 -0.6352 0.7013 0.3729 -0.6076 0.7198 0.3827 -0.5792 0.7374 0.3921 -0.5501 0.7541 0.4009 -0.5202 0.7698 0.4093 -0.4898 0.7846 0.4172 -0.4587 0.7984 0.4245 -0.4271 0.8112 0.4313 -0.3949 0.8230 0.4376 -0.3622 0.8338 0.4433 -0.3291 0.8435 0.4485 -0.2956 0.8522 0.4531 -0.2617 0.8598 0.4572 -0.2274 0.8664 0.4607 -0.1929 0.8718 0.4636 -0.1582 0.8762 0.4659 -0.1232 0.8795 0.4676 -0.0881 0.8817 0.4688 -0.0529 0.8828 0.4694 -0.0176 0.8828 0.4694 0.0176 0.8817 0.4688 0.0529 0.8795 0.4676 0.0881 0.8762 0.4659 0.1232 0.8718 0.4636 0.1582 0.8664 0.4607 0.1929 0.8598 0.4572 0.2274 0.8522 0.4531 0.2617 0.8435 0.4485 0.2956 0.8338 0.4433 0.3291 0.8230 0.4376 0.3622 0.8112 0.4313 0.3949 0.7984 0.4245 0.4271 0.7846 0.4172 0.4587 0.7698 0.4093 0.4898 0.7541 0.4009 0.5202 0.7374 0.3921 0.5501 0.7198 0.3827 0.5792 0.7013 0.3729 0.6076 0.6819 0.3626 0.6352 0.6617 0.3518 0.6621 0.6406 0.3406 0.6881 0.6188 0.3290 0.7133 0.5962 0.3170 0.7376 0.5728 0.3046 0.7610 0.5488 0.2918 0.7834 0.5240 0.2786 0.8048 0.4986 0.2651 0.8253 0.4726 0.2513 0.8447 0.4460 0.2371 0.8631 0.4188 0.2227 0.8804 0.3911 0.2080 0.8965 0.3629 0.1930 0.9116 0.3343 0.1777 0.9256 0.3052 0.1623 0.9383 0.2758 0.1466 0.9500 0.2460 0.1308 0.9604 0.2160 0.1148 0.9696 0.1856 0.0987 0.9777 0.1550 0.0824 0.9845 0.1243 0.0661 0.9900 0.0933 0.0496 0.9944 0.0623 0.0331 0.9975 0.0312 0.0166 0.9994 0.0306 0.0176 -0.9994 0.0611 0.0353 -0.9975 0.0915 0.0528 -0.9944 0.1219 0.0704 -0.9900 0.1521 0.0878 -0.9845 0.1820 0.1051 -0.9777 0.2118 0.1223 -0.9696 0.2413 0.1393 -0.9604 0.2705 0.1562 -0.9500 0.2994 0.1729 -0.9383 0.3279 0.1893 -0.9256 0.3560 0.2055 -0.9116 0.3836 0.2215 -0.8965 0.4108 0.2372 -0.8804 0.4374 0.2525 -0.8631 0.4635 0.2676 -0.8447 0.4891 0.2824 -0.8253 0.5140 0.2967 -0.8048 0.5382 0.3108 -0.7834 0.5619 0.3244 -0.7610 0.5848 0.3376 -0.7376 0.6069 0.3504 -0.7133 0.6284 0.3628 -0.6881 0.6490 0.3747 -0.6621 0.6688 0.3862 -0.6352 0.6878 0.3971 -0.6076 0.7060 0.4076 -0.5792 0.7232 0.4176 -0.5501 0.7396 0.4270 -0.5202 0.7550 0.4359 -0.4898 0.7695 0.4443 -0.4587 0.7831 0.4521 -0.4271 0.7956 0.4594 -0.3949 0.8072 0.4660 -0.3622 0.8178 0.4721 -0.3291 0.8273 0.4777 -0.2956 0.8359 0.4826 -0.2617 0.8433 0.4869 -0.2274 0.8498 0.4906 -0.1929 0.8551 0.4937 -0.1582 0.8594 0.4962 -0.1232 0.8627 0.4981 -0.0881 0.8648 0.4993 -0.0529 0.8659 0.4999 -0.0176 0.8659 0.4999 0.0176 0.8648 0.4993 0.0529 0.8627 0.4981 0.0881 0.8594 0.4962 0.1232 0.8551 0.4937 0.1582 0.8498 0.4906 0.1929 0.8433 0.4869 0.2274 0.8359 0.4826 0.2617 0.8273 0.4777 0.2956 0.8178 0.4721 0.3291 0.8072 0.4660 0.3622 0.7956 0.4594 0.3949 0.7831 0.4521 0.4271 0.7695 0.4443 0.4587 0.7550 0.4359 0.4898 0.7396 0.4270 0.5202 0.7232 0.4176 0.5501 0.7060 0.4076 0.5792 0.6878 0.3971 0.6076 0.6688 0.3862 0.6352 0.6490 0.3747 0.6621 0.6284 0.3628 0.6881 0.6069 0.3504 0.7133 0.5848 0.3376 0.7376 0.5619 0.3244 0.7610 0.5382 0.3108 0.7834 0.5140 0.2967 0.8048 0.4891 0.2824 0.8253 0.4635 0.2676 0.8447 0.4374 0.2525 0.8631 0.4108 0.2372 0.8804 0.3836 0.2215 0.8965 0.3560 0.2055 0.9116 0.3279 0.1893 0.9256 0.2994 0.1729 0.9383 0.2705 0.1562 0.9500 0.2413 0.1393 0.9604 0.2118 0.1223 0.9696 0.1820 0.1051 0.9777 0.1521 0.0878 0.9845 0.1219 0.0704 0.9900 0.0915 0.0528 0.9944 0.0611 0.0353 0.9975 0.0306 0.0176 0.9994 0.0299 0.0187 -0.9994 0.0598 0.0374 -0.9975 0.0896 0.0560 -0.9944 0.1193 0.0746 -0.9900 0.1489 0.0930 -0.9845 0.1783 0.1114 -0.9777 0.2074 0.1296 -0.9696 0.2363 0.1477 -0.9604 0.2649 0.1655 -0.9500 0.2932 0.1832 -0.9383 0.3211 0.2006 -0.9256 0.3486 0.2178 -0.9116 0.3756 0.2347 -0.8965 0.4022 0.2513 -0.8804 0.4283 0.2677 -0.8631 0.4539 0.2836 -0.8447 0.4789 0.2992 -0.8253 0.5033 0.3145 -0.8048 0.5271 0.3294 -0.7834 0.5502 0.3438 -0.7610 0.5726 0.3578 -0.7376 0.5943 0.3714 -0.7133 0.6153 0.3845 -0.6881 0.6355 0.3971 -0.6621 0.6550 0.4093 -0.6352 0.6736 0.4209 -0.6076 0.6913 0.4320 -0.5792 0.7082 0.4426 -0.5501 0.7243 0.4526 -0.5202 0.7394 0.4620 -0.4898 0.7536 0.4709 -0.4587 0.7668 0.4792 -0.4271 0.7791 0.4869 -0.3949 0.7905 0.4939 -0.3622 0.8008 0.5004 -0.3291 0.8102 0.5062 -0.2956 0.8185 0.5115 -0.2617 0.8258 0.5160 -0.2274 0.8321 0.5200 -0.1929 0.8374 0.5232 -0.1582 0.8416 0.5259 -0.1232 0.8447 0.5279 -0.0881 0.8469 0.5292 -0.0529 0.8479 0.5298 -0.0176 0.8479 0.5298 0.0176 0.8469 0.5292 0.0529 0.8447 0.5279 0.0881 0.8416 0.5259 0.1232 0.8374 0.5232 0.1582 0.8321 0.5200 0.1929 0.8258 0.5160 0.2274 0.8185 0.5115 0.2617 0.8102 0.5062 0.2956 0.8008 0.5004 0.3291 0.7905 0.4939 0.3622 0.7791 0.4869 0.3949 0.7668 0.4792 0.4271 0.7536 0.4709 0.4587 0.7394 0.4620 0.4898 0.7243 0.4526 0.5202 0.7082 0.4426 0.5501 0.6913 0.4320 0.5792 0.6736 0.4209 0.6076 0.6550 0.4093 0.6352 0.6355 0.3971 0.6621 0.6153 0.3845 0.6881 0.5943 0.3714 0.7133 0.5726 0.3578 0.7376 0.5502 0.3438 0.7610 0.5271 0.3294 0.7834 0.5033 0.3145 0.8048 0.4789 0.2992 0.8253 0.4539 0.2836 0.8447 0.4283 0.2677 0.8631 0.4022 0.2513 0.8804 0.3756 0.2347 0.8965 0.3486 0.2178 0.9116 0.3211 0.2006 0.9256 0.2932 0.1832 0.9383 0.2649 0.1655 0.9500 0.2363 0.1477 0.9604 0.2074 0.1296 0.9696 0.1783 0.1114 0.9777 0.1489 0.0930 0.9845 0.1193 0.0746 0.9900 0.0896 0.0560 0.9944 0.0598 0.0374 0.9975 0.0299 0.0187 0.9994 0.0293 0.0197 -0.9994 0.0585 0.0394 -0.9975 0.0876 0.0591 -0.9944 0.1167 0.0787 -0.9900 0.1456 0.0982 -0.9845 0.1743 0.1175 -0.9777 0.2028 0.1368 -0.9696 0.2310 0.1558 -0.9604 0.2590 0.1747 -0.9500 0.2866 0.1933 -0.9383 0.3139 0.2117 -0.9256 0.3408 0.2298 -0.9116 0.3672 0.2477 -0.8965 0.3932 0.2652 -0.8804 0.4187 0.2824 -0.8631 0.4437 0.2993 -0.8447 0.4682 0.3158 -0.8253 0.4920 0.3319 -0.8048 0.5153 0.3475 -0.7834 0.5379 0.3628 -0.7610 0.5598 0.3776 -0.7376 0.5810 0.3919 -0.7133 0.6015 0.4057 -0.6881 0.6213 0.4191 -0.6621 0.6403 0.4319 -0.6352 0.6585 0.4441 -0.6076 0.6758 0.4559 -0.5792 0.6924 0.4670 -0.5501 0.7080 0.4776 -0.5202 0.7228 0.4875 -0.4898 0.7367 0.4969 -0.4587 0.7496 0.5056 -0.4271 0.7617 0.5137 -0.3949 0.7727 0.5212 -0.3622 0.7829 0.5280 -0.3291 0.7920 0.5342 -0.2956 0.8002 0.5397 -0.2617 0.8073 0.5445 -0.2274 0.8135 0.5487 -0.1929 0.8186 0.5522 -0.1582 0.8227 0.5549 -0.1232 0.8258 0.5570 -0.0881 0.8279 0.5584 -0.0529 0.8289 0.5591 -0.0176 0.8289 0.5591 0.0176 0.8279 0.5584 0.0529 0.8258 0.5570 0.0881 0.8227 0.5549 0.1232 0.8186 0.5522 0.1582 0.8135 0.5487 0.1929 0.8073 0.5445 0.2274 0.8002 0.5397 0.2617 0.7920 0.5342 0.2956 0.7829 0.5280 0.3291 0.7727 0.5212 0.3622 0.7617 0.5137 0.3949 0.7496 0.5056 0.4271 0.7367 0.4969 0.4587 0.7228 0.4875 0.4898 0.7080 0.4776 0.5202 0.6924 0.4670 0.5501 0.6758 0.4559 0.5792 0.6585 0.4441 0.6076 0.6403 0.4319 0.6352 0.6213 0.4191 0.6621 0.6015 0.4057 0.6881 0.5810 0.3919 0.7133 0.5598 0.3776 0.7376 0.5379 0.3628 0.7610 0.5153 0.3475 0.7834 0.4920 0.3319 0.8048 0.4682 0.3158 0.8253 0.4437 0.2993 0.8447 0.4187 0.2824 0.8631 0.3932 0.2652 0.8804 0.3672 0.2477 0.8965 0.3408 0.2298 0.9116 0.3139 0.2117 0.9256 0.2866 0.1933 0.9383 0.2590 0.1747 0.9500 0.2310 0.1558 0.9604 0.2028 0.1368 0.9696 0.1743 0.1175 0.9777 0.1456 0.0982 0.9845 0.1167 0.0787 0.9900 0.0876 0.0591 0.9944 0.0585 0.0394 0.9975 0.0293 0.0197 0.9994 0.0286 0.0207 -0.9994 0.0571 0.0415 -0.9975 0.0855 0.0621 -0.9944 0.1139 0.0827 -0.9900 0.1420 0.1032 -0.9845 0.1701 0.1236 -0.9777 0.1979 0.1438 -0.9696 0.2254 0.1638 -0.9604 0.2527 0.1836 -0.9500 0.2797 0.2032 -0.9383 0.3063 0.2225 -0.9256 0.3325 0.2416 -0.9116 0.3584 0.2604 -0.8965 0.3837 0.2788 -0.8804 0.4086 0.2969 -0.8631 0.4330 0.3146 -0.8447 0.4569 0.3319 -0.8253 0.4801 0.3488 -0.8048 0.5028 0.3653 -0.7834 0.5249 0.3813 -0.7610 0.5463 0.3969 -0.7376 0.5670 0.4119 -0.7133 0.5870 0.4265 -0.6881 0.6063 0.4405 -0.6621 0.6248 0.4540 -0.6352 0.6426 0.4668 -0.6076 0.6595 0.4792 -0.5792 0.6756 0.4909 -0.5501 0.6909 0.5020 -0.5202 0.7053 0.5125 -0.4898 0.7189 0.5223 -0.4587 0.7315 0.5315 -0.4271 0.7433 0.5400 -0.3949 0.7541 0.5479 -0.3622 0.7640 0.5550 -0.3291 0.7729 0.5615 -0.2956 0.7808 0.5673 -0.2617 0.7878 0.5724 -0.2274 0.7938 0.5767 -0.1929 0.7988 0.5804 -0.1582 0.8029 0.5833 -0.1232 0.8059 0.5855 -0.0881 0.8079 0.5870 -0.0529 0.8089 0.5877 -0.0176 0.8089 0.5877 0.0176 0.8079 0.5870 0.0529 0.8059 0.5855 0.0881 0.8029 0.5833 0.1232 0.7988 0.5804 0.1582 0.7938 0.5767 0.1929 0.7878 0.5724 0.2274 0.7808 0.5673 0.2617 0.7729 0.5615 0.2956 0.7640 0.5550 0.3291 0.7541 0.5479 0.3622 0.7433 0.5400 0.3949 0.7315 0.5315 0.4271 0.7189 0.5223 0.4587 0.7053 0.5125 0.4898 0.6909 0.5020 0.5202 0.6756 0.4909 0.5501 0.6595 0.4792 0.5792 0.6426 0.4668 0.6076 0.6248 0.4540 0.6352 0.6063 0.4405 0.6621 0.5870 0.4265 0.6881 0.5670 0.4119 0.7133 0.5463 0.3969 0.7376 0.5249 0.3813 0.7610 0.5028 0.3653 0.7834 0.4801 0.3488 0.8048 0.4569 0.3319 0.8253 0.4330 0.3146 0.8447 0.4086 0.2969 0.8631 0.3837 0.2788 0.8804 0.3584 0.2604 0.8965 0.3325 0.2416 0.9116 0.3063 0.2225 0.9256 0.2797 0.2032 0.9383 0.2527 0.1836 0.9500 0.2254 0.1638 0.9604 0.1979 0.1438 0.9696 0.1701 0.1236 0.9777 0.1420 0.1032 0.9845 0.1139 0.0827 0.9900 0.0855 0.0621 0.9944 0.0571 0.0415 0.9975 0.0286 0.0207 0.9994 0.0278 0.0217 -0.9994 0.0556 0.0434 -0.9975 0.0833 0.0651 -0.9944 0.1109 0.0866 -0.9900 0.1384 0.1081 -0.9845 0.1657 0.1294 -0.9777 0.1927 0.1506 -0.9696 0.2196 0.1716 -0.9604 0.2462 0.1923 -0.9500 0.2724 0.2128 -0.9383 0.2983 0.2331 -0.9256 0.3239 0.2531 -0.9116 0.3490 0.2727 -0.8965 0.3738 0.2920 -0.8804 0.3980 0.3110 -0.8631 0.4218 0.3295 -0.8447 0.4450 0.3477 -0.8253 0.4677 0.3654 -0.8048 0.4898 0.3826 -0.7834 0.5112 0.3994 -0.7610 0.5321 0.4157 -0.7376 0.5523 0.4315 -0.7133 0.5718 0.4467 -0.6881 0.5905 0.4614 -0.6621 0.6086 0.4755 -0.6352 0.6259 0.4890 -0.6076 0.6424 0.5019 -0.5792 0.6581 0.5142 -0.5501 0.6730 0.5258 -0.5202 0.6870 0.5368 -0.4898 0.7002 0.5471 -0.4587 0.7125 0.5567 -0.4271 0.7240 0.5656 -0.3949 0.7345 0.5739 -0.3622 0.7441 0.5814 -0.3291 0.7528 0.5882 -0.2956 0.7606 0.5942 -0.2617 0.7674 0.5995 -0.2274 0.7732 0.6041 -0.1929 0.7781 0.6079 -0.1582 0.7820 0.6110 -0.1232 0.7849 0.6133 -0.0881 0.7869 0.6148 -0.0529 0.7879 0.6156 -0.0176 0.7879 0.6156 0.0176 0.7869 0.6148 0.0529 0.7849 0.6133 0.0881 0.7820 0.6110 0.1232 0.7781 0.6079 0.1582 0.7732 0.6041 0.1929 0.7674 0.5995 0.2274 0.7606 0.5942 0.2617 0.7528 0.5882 0.2956 0.7441 0.5814 0.3291 0.7345 0.5739 0.3622 0.7240 0.5656 0.3949 0.7125 0.5567 0.4271 0.7002 0.5471 0.4587 0.6870 0.5368 0.4898 0.6730 0.5258 0.5202 0.6581 0.5142 0.5501 0.6424 0.5019 0.5792 0.6259 0.4890 0.6076 0.6086 0.4755 0.6352 0.5905 0.4614 0.6621 0.5718 0.4467 0.6881 0.5523 0.4315 0.7133 0.5321 0.4157 0.7376 0.5112 0.3994 0.7610 0.4898 0.3826 0.7834 0.4677 0.3654 0.8048 0.4450 0.3477 0.8253 0.4218 0.3295 0.8447 0.3980 0.3110 0.8631 0.3738 0.2920 0.8804 0.3490 0.2727 0.8965 0.3239 0.2531 0.9116 0.2983 0.2331 0.9256 0.2724 0.2128 0.9383 0.2462 0.1923 0.9500 0.2196 0.1716 0.9604 0.1927 0.1506 0.9696 0.1657 0.1294 0.9777 0.1384 0.1081 0.9845 0.1109 0.0866 0.9900 0.0833 0.0651 0.9944 0.0556 0.0434 0.9975 0.0278 0.0217 0.9994 0.0270 0.0227 -0.9994 0.0540 0.0453 -0.9975 0.0810 0.0679 -0.9944 0.1078 0.0905 -0.9900 0.1345 0.1129 -0.9845 0.1610 0.1351 -0.9777 0.1874 0.1572 -0.9696 0.2135 0.1791 -0.9604 0.2393 0.2008 -0.9500 0.2648 0.2222 -0.9383 0.2900 0.2434 -0.9256 0.3149 0.2642 -0.9116 0.3393 0.2847 -0.8965 0.3633 0.3049 -0.8804 0.3869 0.3247 -0.8631 0.4100 0.3440 -0.8447 0.4326 0.3630 -0.8253 0.4546 0.3815 -0.8048 0.4761 0.3995 -0.7834 0.4970 0.4170 -0.7610 0.5173 0.4340 -0.7376 0.5369 0.4505 -0.7133 0.5558 0.4664 -0.6881 0.5741 0.4817 -0.6621 0.5916 0.4964 -0.6352 0.6084 0.5105 -0.6076 0.6245 0.5240 -0.5792 0.6397 0.5368 -0.5501 0.6542 0.5490 -0.5202 0.6679 0.5604 -0.4898 0.6807 0.5712 -0.4587 0.6927 0.5812 -0.4271 0.7038 0.5906 -0.3949 0.7140 0.5991 -0.3622 0.7234 0.6070 -0.3291 0.7318 0.6141 -0.2956 0.7394 0.6204 -0.2617 0.7460 0.6259 -0.2274 0.7517 0.6307 -0.1929 0.7564 0.6347 -0.1582 0.7602 0.6379 -0.1232 0.7631 0.6403 -0.0881 0.7650 0.6419 -0.0529 0.7659 0.6427 -0.0176 0.7659 0.6427 0.0176 0.7650 0.6419 0.0529 0.7631 0.6403 0.0881 0.7602 0.6379 0.1232 0.7564 0.6347 0.1582 0.7517 0.6307 0.1929 0.7460 0.6259 0.2274 0.7394 0.6204 0.2617 0.7318 0.6141 0.2956 0.7234 0.6070 0.3291 0.7140 0.5991 0.3622 0.7038 0.5906 0.3949 0.6927 0.5812 0.4271 0.6807 0.5712 0.4587 0.6679 0.5604 0.4898 0.6542 0.5490 0.5202 0.6397 0.5368 0.5501 0.6245 0.5240 0.5792 0.6084 0.5105 0.6076 0.5916 0.4964 0.6352 0.5741 0.4817 0.6621 0.5558 0.4664 0.6881 0.5369 0.4505 0.7133 0.5173 0.4340 0.7376 0.4970 0.4170 0.7610 0.4761 0.3995 0.7834 0.4546 0.3815 0.8048 0.4326 0.3630 0.8253 0.4100 0.3440 0.8447 0.3869 0.3247 0.8631 0.3633 0.3049 0.8804 0.3393 0.2847 0.8965 0.3149 0.2642 0.9116 0.2900 0.2434 0.9256 0.2648 0.2222 0.9383 0.2393 0.2008 0.9500 0.2135 0.1791 0.9604 0.1874 0.1572 0.9696 0.1610 0.1351 0.9777 0.1345 0.1129 0.9845 0.1078 0.0905 0.9900 0.0810 0.0679 0.9944 0.0540 0.0453 0.9975 0.0270 0.0227 0.9994 0.0262 0.0236 -0.9994 0.0524 0.0472 -0.9975 0.0785 0.0707 -0.9944 0.1046 0.0942 -0.9900 0.1305 0.1175 -0.9845 0.1562 0.1407 -0.9777 0.1818 0.1637 -0.9696 0.2071 0.1865 -0.9604 0.2321 0.2090 -0.9500 0.2569 0.2313 -0.9383 0.2814 0.2533 -0.9256 0.3055 0.2750 -0.9116 0.3292 0.2964 -0.8965 0.3525 0.3174 -0.8804 0.3754 0.3380 -0.8631 0.3978 0.3581 -0.8447 0.4197 0.3779 -0.8253 0.4410 0.3971 -0.8048 0.4619 0.4159 -0.7834 0.4821 0.4341 -0.7610 0.5018 0.4518 -0.7376 0.5208 0.4690 -0.7133 0.5392 0.4855 -0.6881 0.5569 0.5015 -0.6621 0.5739 0.5168 -0.6352 0.5902 0.5315 -0.6076 0.6058 0.5455 -0.5792 0.6206 0.5588 -0.5501 0.6347 0.5715 -0.5202 0.6479 0.5834 -0.4898 0.6604 0.5946 -0.4587 0.6720 0.6050 -0.4271 0.6828 0.6148 -0.3949 0.6927 0.6237 -0.3622 0.7018 0.6319 -0.3291 0.7099 0.6392 -0.2956 0.7173 0.6458 -0.2617 0.7237 0.6516 -0.2274 0.7292 0.6566 -0.1929 0.7338 0.6607 -0.1582 0.7375 0.6640 -0.1232 0.7403 0.6665 -0.0881 0.7421 0.6682 -0.0529 0.7430 0.6690 -0.0176 0.7430 0.6690 0.0176 0.7421 0.6682 0.0529 0.7403 0.6665 0.0881 0.7375 0.6640 0.1232 0.7338 0.6607 0.1582 0.7292 0.6566 0.1929 0.7237 0.6516 0.2274 0.7173 0.6458 0.2617 0.7099 0.6392 0.2956 0.7018 0.6319 0.3291 0.6927 0.6237 0.3622 0.6828 0.6148 0.3949 0.6720 0.6050 0.4271 0.6604 0.5946 0.4587 0.6479 0.5834 0.4898 0.6347 0.5715 0.5202 0.6206 0.5588 0.5501 0.6058 0.5455 0.5792 0.5902 0.5315 0.6076 0.5739 0.5168 0.6352 0.5569 0.5015 0.6621 0.5392 0.4855 0.6881 0.5208 0.4690 0.7133 0.5018 0.4518 0.7376 0.4821 0.4341 0.7610 0.4619 0.4159 0.7834 0.4410 0.3971 0.8048 0.4197 0.3779 0.8253 0.3978 0.3581 0.8447 0.3754 0.3380 0.8631 0.3525 0.3174 0.8804 0.3292 0.2964 0.8965 0.3055 0.2750 0.9116 0.2814 0.2533 0.9256 0.2569 0.2313 0.9383 0.2321 0.2090 0.9500 0.2071 0.1865 0.9604 0.1818 0.1637 0.9696 0.1562 0.1407 0.9777 0.1305 0.1175 0.9845 0.1046 0.0942 0.9900 0.0785 0.0707 0.9944 0.0524 0.0472 0.9975 0.0262 0.0236 0.9994 0.0254 0.0245 -0.9994 0.0507 0.0490 -0.9975 0.0760 0.0734 -0.9944 0.1012 0.0978 -0.9900 0.1263 0.1220 -0.9845 0.1512 0.1460 -0.9777 0.1759 0.1699 -0.9696 0.2004 0.1936 -0.9604 0.2247 0.2170 -0.9500 0.2487 0.2401 -0.9383 0.2723 0.2630 -0.9256 0.2957 0.2855 -0.9116 0.3186 0.3077 -0.8965 0.3412 0.3295 -0.8804 0.3633 0.3509 -0.8631 0.3850 0.3718 -0.8447 0.4062 0.3923 -0.8253 0.4269 0.4123 -0.8048 0.4471 0.4317 -0.7834 0.4667 0.4507 -0.7610 0.4857 0.4691 -0.7376 0.5041 0.4868 -0.7133 0.5219 0.5040 -0.6881 0.5391 0.5206 -0.6621 0.5556 0.5365 -0.6352 0.5713 0.5517 -0.6076 0.5864 0.5663 -0.5792 0.6007 0.5801 -0.5501 0.6143 0.5933 -0.5202 0.6272 0.6056 -0.4898 0.6392 0.6173 -0.4587 0.6504 0.6281 -0.4271 0.6609 0.6382 -0.3949 0.6705 0.6475 -0.3622 0.6793 0.6560 -0.3291 0.6872 0.6636 -0.2956 0.6943 0.6705 -0.2617 0.7005 0.6765 -0.2274 0.7058 0.6816 -0.1929 0.7103 0.6859 -0.1582 0.7139 0.6894 -0.1232 0.7165 0.6920 -0.0881 0.7183 0.6937 -0.0529 0.7192 0.6946 -0.0176 0.7192 0.6946 0.0176 0.7183 0.6937 0.0529 0.7165 0.6920 0.0881 0.7139 0.6894 0.1232 0.7103 0.6859 0.1582 0.7058 0.6816 0.1929 0.7005 0.6765 0.2274 0.6943 0.6705 0.2617 0.6872 0.6636 0.2956 0.6793 0.6560 0.3291 0.6705 0.6475 0.3622 0.6609 0.6382 0.3949 0.6504 0.6281 0.4271 0.6392 0.6173 0.4587 0.6272 0.6056 0.4898 0.6143 0.5933 0.5202 0.6007 0.5801 0.5501 0.5864 0.5663 0.5792 0.5713 0.5517 0.6076 0.5556 0.5365 0.6352 0.5391 0.5206 0.6621 0.5219 0.5040 0.6881 0.5041 0.4868 0.7133 0.4857 0.4691 0.7376 0.4667 0.4507 0.7610 0.4471 0.4317 0.7834 0.4269 0.4123 0.8048 0.4062 0.3923 0.8253 0.3850 0.3718 0.8447 0.3633 0.3509 0.8631 0.3412 0.3295 0.8804 0.3186 0.3077 0.8965 0.2957 0.2855 0.9116 0.2723 0.2630 0.9256 0.2487 0.2401 0.9383 0.2247 0.2170 0.9500 0.2004 0.1936 0.9604 0.1759 0.1699 0.9696 0.1512 0.1460 0.9777 0.1263 0.1220 0.9845 0.1012 0.0978 0.9900 0.0760 0.0734 0.9944 0.0507 0.0490 0.9975 0.0254 0.0245 0.9994 0.0245 0.0254 -0.9994 0.0490 0.0507 -0.9975 0.0734 0.0760 -0.9944 0.0978 0.1012 -0.9900 0.1220 0.1263 -0.9845 0.1460 0.1512 -0.9777 0.1699 0.1759 -0.9696 0.1936 0.2004 -0.9604 0.2170 0.2247 -0.9500 0.2401 0.2487 -0.9383 0.2630 0.2723 -0.9256 0.2855 0.2957 -0.9116 0.3077 0.3186 -0.8965 0.3295 0.3412 -0.8804 0.3509 0.3633 -0.8631 0.3718 0.3850 -0.8447 0.3923 0.4062 -0.8253 0.4123 0.4269 -0.8048 0.4317 0.4471 -0.7834 0.4507 0.4667 -0.7610 0.4691 0.4857 -0.7376 0.4868 0.5041 -0.7133 0.5040 0.5219 -0.6881 0.5206 0.5391 -0.6621 0.5365 0.5556 -0.6352 0.5517 0.5713 -0.6076 0.5663 0.5864 -0.5792 0.5801 0.6007 -0.5501 0.5933 0.6143 -0.5202 0.6056 0.6272 -0.4898 0.6173 0.6392 -0.4587 0.6281 0.6504 -0.4271 0.6382 0.6609 -0.3949 0.6475 0.6705 -0.3622 0.6560 0.6793 -0.3291 0.6636 0.6872 -0.2956 0.6705 0.6943 -0.2617 0.6765 0.7005 -0.2274 0.6816 0.7058 -0.1929 0.6859 0.7103 -0.1582 0.6894 0.7139 -0.1232 0.6920 0.7165 -0.0881 0.6937 0.7183 -0.0529 0.6946 0.7192 -0.0176 0.6946 0.7192 0.0176 0.6937 0.7183 0.0529 0.6920 0.7165 0.0881 0.6894 0.7139 0.1232 0.6859 0.7103 0.1582 0.6816 0.7058 0.1929 0.6765 0.7005 0.2274 0.6705 0.6943 0.2617 0.6636 0.6872 0.2956 0.6560 0.6793 0.3291 0.6475 0.6705 0.3622 0.6382 0.6609 0.3949 0.6281 0.6504 0.4271 0.6173 0.6392 0.4587 0.6056 0.6272 0.4898 0.5933 0.6143 0.5202 0.5801 0.6007 0.5501 0.5663 0.5864 0.5792 0.5517 0.5713 0.6076 0.5365 0.5556 0.6352 0.5206 0.5391 0.6621 0.5040 0.5219 0.6881 0.4868 0.5041 0.7133 0.4691 0.4857 0.7376 0.4507 0.4667 0.7610 0.4317 0.4471 0.7834 0.4123 0.4269 0.8048 0.3923 0.4062 0.8253 0.3718 0.3850 0.8447 0.3509 0.3633 0.8631 0.3295 0.3412 0.8804 0.3077 0.3186 0.8965 0.2855 0.2957 0.9116 0.2630 0.2723 0.9256 0.2401 0.2487 0.9383 0.2170 0.2247 0.9500 0.1936 0.2004 0.9604 0.1699 0.1759 0.9696 0.1460 0.1512 0.9777 0.1220 0.1263 0.9845 0.0978 0.1012 0.9900 0.0734 0.0760 0.9944 0.0490 0.0507 0.9975 0.0245 0.0254 0.9994 0.0236 0.0262 -0.9994 0.0472 0.0524 -0.9975 0.0707 0.0785 -0.9944 0.0942 0.1046 -0.9900 0.1175 0.1305 -0.9845 0.1407 0.1562 -0.9777 0.1637 0.1818 -0.9696 0.1865 0.2071 -0.9604 0.2090 0.2321 -0.9500 0.2313 0.2569 -0.9383 0.2533 0.2814 -0.9256 0.2750 0.3055 -0.9116 0.2964 0.3292 -0.8965 0.3174 0.3525 -0.8804 0.3380 0.3754 -0.8631 0.3581 0.3978 -0.8447 0.3779 0.4197 -0.8253 0.3971 0.4410 -0.8048 0.4159 0.4619 -0.7834 0.4341 0.4821 -0.7610 0.4518 0.5018 -0.7376 0.4690 0.5208 -0.7133 0.4855 0.5392 -0.6881 0.5015 0.5569 -0.6621 0.5168 0.5739 -0.6352 0.5315 0.5902 -0.6076 0.5455 0.6058 -0.5792 0.5588 0.6206 -0.5501 0.5715 0.6347 -0.5202 0.5834 0.6479 -0.4898 0.5946 0.6604 -0.4587 0.6050 0.6720 -0.4271 0.6148 0.6828 -0.3949 0.6237 0.6927 -0.3622 0.6319 0.7018 -0.3291 0.6392 0.7099 -0.2956 0.6458 0.7173 -0.2617 0.6516 0.7237 -0.2274 0.6566 0.7292 -0.1929 0.6607 0.7338 -0.1582 0.6640 0.7375 -0.1232 0.6665 0.7403 -0.0881 0.6682 0.7421 -0.0529 0.6690 0.7430 -0.0176 0.6690 0.7430 0.0176 0.6682 0.7421 0.0529 0.6665 0.7403 0.0881 0.6640 0.7375 0.1232 0.6607 0.7338 0.1582 0.6566 0.7292 0.1929 0.6516 0.7237 0.2274 0.6458 0.7173 0.2617 0.6392 0.7099 0.2956 0.6319 0.7018 0.3291 0.6237 0.6927 0.3622 0.6148 0.6828 0.3949 0.6050 0.6720 0.4271 0.5946 0.6604 0.4587 0.5834 0.6479 0.4898 0.5715 0.6347 0.5202 0.5588 0.6206 0.5501 0.5455 0.6058 0.5792 0.5315 0.5902 0.6076 0.5168 0.5739 0.6352 0.5015 0.5569 0.6621 0.4855 0.5392 0.6881 0.4690 0.5208 0.7133 0.4518 0.5018 0.7376 0.4341 0.4821 0.7610 0.4159 0.4619 0.7834 0.3971 0.4410 0.8048 0.3779 0.4197 0.8253 0.3581 0.3978 0.8447 0.3380 0.3754 0.8631 0.3174 0.3525 0.8804 0.2964 0.3292 0.8965 0.2750 0.3055 0.9116 0.2533 0.2814 0.9256 0.2313 0.2569 0.9383 0.2090 0.2321 0.9500 0.1865 0.2071 0.9604 0.1637 0.1818 0.9696 0.1407 0.1562 0.9777 0.1175 0.1305 0.9845 0.0942 0.1046 0.9900 0.0707 0.0785 0.9944 0.0472 0.0524 0.9975 0.0236 0.0262 0.9994 0.0227 0.0270 -0.9994 0.0453 0.0540 -0.9975 0.0679 0.0810 -0.9944 0.0905 0.1078 -0.9900 0.1129 0.1345 -0.9845 0.1351 0.1610 -0.9777 0.1572 0.1874 -0.9696 0.1791 0.2135 -0.9604 0.2008 0.2393 -0.9500 0.2222 0.2648 -0.9383 0.2434 0.2900 -0.9256 0.2642 0.3149 -0.9116 0.2847 0.3393 -0.8965 0.3049 0.3633 -0.8804 0.3247 0.3869 -0.8631 0.3440 0.4100 -0.8447 0.3630 0.4326 -0.8253 0.3815 0.4546 -0.8048 0.3995 0.4761 -0.7834 0.4170 0.4970 -0.7610 0.4340 0.5173 -0.7376 0.4505 0.5369 -0.7133 0.4664 0.5558 -0.6881 0.4817 0.5741 -0.6621 0.4964 0.5916 -0.6352 0.5105 0.6084 -0.6076 0.5240 0.6245 -0.5792 0.5368 0.6397 -0.5501 0.5490 0.6542 -0.5202 0.5604 0.6679 -0.4898 0.5712 0.6807 -0.4587 0.5812 0.6927 -0.4271 0.5906 0.7038 -0.3949 0.5991 0.7140 -0.3622 0.6070 0.7234 -0.3291 0.6141 0.7318 -0.2956 0.6204 0.7394 -0.2617 0.6259 0.7460 -0.2274 0.6307 0.7517 -0.1929 0.6347 0.7564 -0.1582 0.6379 0.7602 -0.1232 0.6403 0.7631 -0.0881 0.6419 0.7650 -0.0529 0.6427 0.7659 -0.0176 0.6427 0.7659 0.0176 0.6419 0.7650 0.0529 0.6403 0.7631 0.0881 0.6379 0.7602 0.1232 0.6347 0.7564 0.1582 0.6307 0.7517 0.1929 0.6259 0.7460 0.2274 0.6204 0.7394 0.2617 0.6141 0.7318 0.2956 0.6070 0.7234 0.3291 0.5991 0.7140 0.3622 0.5906 0.7038 0.3949 0.5812 0.6927 0.4271 0.5712 0.6807 0.4587 0.5604 0.6679 0.4898 0.5490 0.6542 0.5202 0.5368 0.6397 0.5501 0.5240 0.6245 0.5792 0.5105 0.6084 0.6076 0.4964 0.5916 0.6352 0.4817 0.5741 0.6621 0.4664 0.5558 0.6881 0.4505 0.5369 0.7133 0.4340 0.5173 0.7376 0.4170 0.4970 0.7610 0.3995 0.4761 0.7834 0.3815 0.4546 0.8048 0.3630 0.4326 0.8253 0.3440 0.4100 0.8447 0.3247 0.3869 0.8631 0.3049 0.3633 0.8804 0.2847 0.3393 0.8965 0.2642 0.3149 0.9116 0.2434 0.2900 0.9256 0.2222 0.2648 0.9383 0.2008 0.2393 0.9500 0.1791 0.2135 0.9604 0.1572 0.1874 0.9696 0.1351 0.1610 0.9777 0.1129 0.1345 0.9845 0.0905 0.1078 0.9900 0.0679 0.0810 0.9944 0.0453 0.0540 0.9975 0.0227 0.0270 0.9994 0.0217 0.0278 -0.9994 0.0434 0.0556 -0.9975 0.0651 0.0833 -0.9944 0.0866 0.1109 -0.9900 0.1081 0.1384 -0.9845 0.1294 0.1657 -0.9777 0.1506 0.1927 -0.9696 0.1716 0.2196 -0.9604 0.1923 0.2462 -0.9500 0.2128 0.2724 -0.9383 0.2331 0.2983 -0.9256 0.2531 0.3239 -0.9116 0.2727 0.3490 -0.8965 0.2920 0.3738 -0.8804 0.3110 0.3980 -0.8631 0.3295 0.4218 -0.8447 0.3477 0.4450 -0.8253 0.3654 0.4677 -0.8048 0.3826 0.4898 -0.7834 0.3994 0.5112 -0.7610 0.4157 0.5321 -0.7376 0.4315 0.5523 -0.7133 0.4467 0.5718 -0.6881 0.4614 0.5905 -0.6621 0.4755 0.6086 -0.6352 0.4890 0.6259 -0.6076 0.5019 0.6424 -0.5792 0.5142 0.6581 -0.5501 0.5258 0.6730 -0.5202 0.5368 0.6870 -0.4898 0.5471 0.7002 -0.4587 0.5567 0.7125 -0.4271 0.5656 0.7240 -0.3949 0.5739 0.7345 -0.3622 0.5814 0.7441 -0.3291 0.5882 0.7528 -0.2956 0.5942 0.7606 -0.2617 0.5995 0.7674 -0.2274 0.6041 0.7732 -0.1929 0.6079 0.7781 -0.1582 0.6110 0.7820 -0.1232 0.6133 0.7849 -0.0881 0.6148 0.7869 -0.0529 0.6156 0.7879 -0.0176 0.6156 0.7879 0.0176 0.6148 0.7869 0.0529 0.6133 0.7849 0.0881 0.6110 0.7820 0.1232 0.6079 0.7781 0.1582 0.6041 0.7732 0.1929 0.5995 0.7674 0.2274 0.5942 0.7606 0.2617 0.5882 0.7528 0.2956 0.5814 0.7441 0.3291 0.5739 0.7345 0.3622 0.5656 0.7240 0.3949 0.5567 0.7125 0.4271 0.5471 0.7002 0.4587 0.5368 0.6870 0.4898 0.5258 0.6730 0.5202 0.5142 0.6581 0.5501 0.5019 0.6424 0.5792 0.4890 0.6259 0.6076 0.4755 0.6086 0.6352 0.4614 0.5905 0.6621 0.4467 0.5718 0.6881 0.4315 0.5523 0.7133 0.4157 0.5321 0.7376 0.3994 0.5112 0.7610 0.3826 0.4898 0.7834 0.3654 0.4677 0.8048 0.3477 0.4450 0.8253 0.3295 0.4218 0.8447 0.3110 0.3980 0.8631 0.2920 0.3738 0.8804 0.2727 0.3490 0.8965 0.2531 0.3239 0.9116 0.2331 0.2983 0.9256 0.2128 0.2724 0.9383 0.1923 0.2462 0.9500 0.1716 0.2196 0.9604 0.1506 0.1927 0.9696 0.1294 0.1657 0.9777 0.1081 0.1384 0.9845 0.0866 0.1109 0.9900 0.0651 0.0833 0.9944 0.0434 0.0556 0.9975 0.0217 0.0278 0.9994 0.0207 0.0286 -0.9994 0.0415 0.0571 -0.9975 0.0621 0.0855 -0.9944 0.0827 0.1139 -0.9900 0.1032 0.1420 -0.9845 0.1236 0.1701 -0.9777 0.1438 0.1979 -0.9696 0.1638 0.2254 -0.9604 0.1836 0.2527 -0.9500 0.2032 0.2797 -0.9383 0.2225 0.3063 -0.9256 0.2416 0.3325 -0.9116 0.2604 0.3584 -0.8965 0.2788 0.3837 -0.8804 0.2969 0.4086 -0.8631 0.3146 0.4330 -0.8447 0.3319 0.4569 -0.8253 0.3488 0.4801 -0.8048 0.3653 0.5028 -0.7834 0.3813 0.5249 -0.7610 0.3969 0.5463 -0.7376 0.4119 0.5670 -0.7133 0.4265 0.5870 -0.6881 0.4405 0.6063 -0.6621 0.4540 0.6248 -0.6352 0.4668 0.6426 -0.6076 0.4792 0.6595 -0.5792 0.4909 0.6756 -0.5501 0.5020 0.6909 -0.5202 0.5125 0.7053 -0.4898 0.5223 0.7189 -0.4587 0.5315 0.7315 -0.4271 0.5400 0.7433 -0.3949 0.5479 0.7541 -0.3622 0.5550 0.7640 -0.3291 0.5615 0.7729 -0.2956 0.5673 0.7808 -0.2617 0.5724 0.7878 -0.2274 0.5767 0.7938 -0.1929 0.5804 0.7988 -0.1582 0.5833 0.8029 -0.1232 0.5855 0.8059 -0.0881 0.5870 0.8079 -0.0529 0.5877 0.8089 -0.0176 0.5877 0.8089 0.0176 0.5870 0.8079 0.0529 0.5855 0.8059 0.0881 0.5833 0.8029 0.1232 0.5804 0.7988 0.1582 0.5767 0.7938 0.1929 0.5724 0.7878 0.2274 0.5673 0.7808 0.2617 0.5615 0.7729 0.2956 0.5550 0.7640 0.3291 0.5479 0.7541 0.3622 0.5400 0.7433 0.3949 0.5315 0.7315 0.4271 0.5223 0.7189 0.4587 0.5125 0.7053 0.4898 0.5020 0.6909 0.5202 0.4909 0.6756 0.5501 0.4792 0.6595 0.5792 0.4668 0.6426 0.6076 0.4540 0.6248 0.6352 0.4405 0.6063 0.6621 0.4265 0.5870 0.6881 0.4119 0.5670 0.7133 0.3969 0.5463 0.7376 0.3813 0.5249 0.7610 0.3653 0.5028 0.7834 0.3488 0.4801 0.8048 0.3319 0.4569 0.8253 0.3146 0.4330 0.8447 0.2969 0.4086 0.8631 0.2788 0.3837 0.8804 0.2604 0.3584 0.8965 0.2416 0.3325 0.9116 0.2225 0.3063 0.9256 0.2032 0.2797 0.9383 0.1836 0.2527 0.9500 0.1638 0.2254 0.9604 0.1438 0.1979 0.9696 0.1236 0.1701 0.9777 0.1032 0.1420 0.9845 0.0827 0.1139 0.9900 0.0621 0.0855 0.9944 0.0415 0.0571 0.9975 0.0207 0.0286 0.9994 0.0197 0.0293 -0.9994 0.0394 0.0585 -0.9975 0.0591 0.0876 -0.9944 0.0787 0.1167 -0.9900 0.0982 0.1456 -0.9845 0.1175 0.1743 -0.9777 0.1368 0.2028 -0.9696 0.1558 0.2310 -0.9604 0.1747 0.2590 -0.9500 0.1933 0.2866 -0.9383 0.2117 0.3139 -0.9256 0.2298 0.3408 -0.9116 0.2477 0.3672 -0.8965 0.2652 0.3932 -0.8804 0.2824 0.4187 -0.8631 0.2993 0.4437 -0.8447 0.3158 0.4682 -0.8253 0.3319 0.4920 -0.8048 0.3475 0.5153 -0.7834 0.3628 0.5379 -0.7610 0.3776 0.5598 -0.7376 0.3919 0.5810 -0.7133 0.4057 0.6015 -0.6881 0.4191 0.6213 -0.6621 0.4319 0.6403 -0.6352 0.4441 0.6585 -0.6076 0.4559 0.6758 -0.5792 0.4670 0.6924 -0.5501 0.4776 0.7080 -0.5202 0.4875 0.7228 -0.4898 0.4969 0.7367 -0.4587 0.5056 0.7496 -0.4271 0.5137 0.7617 -0.3949 0.5212 0.7727 -0.3622 0.5280 0.7829 -0.3291 0.5342 0.7920 -0.2956 0.5397 0.8002 -0.2617 0.5445 0.8073 -0.2274 0.5487 0.8135 -0.1929 0.5522 0.8186 -0.1582 0.5549 0.8227 -0.1232 0.5570 0.8258 -0.0881 0.5584 0.8279 -0.0529 0.5591 0.8289 -0.0176 0.5591 0.8289 0.0176 0.5584 0.8279 0.0529 0.5570 0.8258 0.0881 0.5549 0.8227 0.1232 0.5522 0.8186 0.1582 0.5487 0.8135 0.1929 0.5445 0.8073 0.2274 0.5397 0.8002 0.2617 0.5342 0.7920 0.2956 0.5280 0.7829 0.3291 0.5212 0.7727 0.3622 0.5137 0.7617 0.3949 0.5056 0.7496 0.4271 0.4969 0.7367 0.4587 0.4875 0.7228 0.4898 0.4776 0.7080 0.5202 0.4670 0.6924 0.5501 0.4559 0.6758 0.5792 0.4441 0.6585 0.6076 0.4319 0.6403 0.6352 0.4191 0.6213 0.6621 0.4057 0.6015 0.6881 0.3919 0.5810 0.7133 0.3776 0.5598 0.7376 0.3628 0.5379 0.7610 0.3475 0.5153 0.7834 0.3319 0.4920 0.8048 0.3158 0.4682 0.8253 0.2993 0.4437 0.8447 0.2824 0.4187 0.8631 0.2652 0.3932 0.8804 0.2477 0.3672 0.8965 0.2298 0.3408 0.9116 0.2117 0.3139 0.9256 0.1933 0.2866 0.9383 0.1747 0.2590 0.9500 0.1558 0.2310 0.9604 0.1368 0.2028 0.9696 0.1175 0.1743 0.9777 0.0982 0.1456 0.9845 0.0787 0.1167 0.9900 0.0591 0.0876 0.9944 0.0394 0.0585 0.9975 0.0197 0.0293 0.9994 0.0187 0.0299 -0.9994 0.0374 0.0598 -0.9975 0.0560 0.0896 -0.9944 0.0746 0.1193 -0.9900 0.0930 0.1489 -0.9845 0.1114 0.1783 -0.9777 0.1296 0.2074 -0.9696 0.1477 0.2363 -0.9604 0.1655 0.2649 -0.9500 0.1832 0.2932 -0.9383 0.2006 0.3211 -0.9256 0.2178 0.3486 -0.9116 0.2347 0.3756 -0.8965 0.2513 0.4022 -0.8804 0.2677 0.4283 -0.8631 0.2836 0.4539 -0.8447 0.2992 0.4789 -0.8253 0.3145 0.5033 -0.8048 0.3294 0.5271 -0.7834 0.3438 0.5502 -0.7610 0.3578 0.5726 -0.7376 0.3714 0.5943 -0.7133 0.3845 0.6153 -0.6881 0.3971 0.6355 -0.6621 0.4093 0.6550 -0.6352 0.4209 0.6736 -0.6076 0.4320 0.6913 -0.5792 0.4426 0.7082 -0.5501 0.4526 0.7243 -0.5202 0.4620 0.7394 -0.4898 0.4709 0.7536 -0.4587 0.4792 0.7668 -0.4271 0.4869 0.7791 -0.3949 0.4939 0.7905 -0.3622 0.5004 0.8008 -0.3291 0.5062 0.8102 -0.2956 0.5115 0.8185 -0.2617 0.5160 0.8258 -0.2274 0.5200 0.8321 -0.1929 0.5232 0.8374 -0.1582 0.5259 0.8416 -0.1232 0.5279 0.8447 -0.0881 0.5292 0.8469 -0.0529 0.5298 0.8479 -0.0176 0.5298 0.8479 0.0176 0.5292 0.8469 0.0529 0.5279 0.8447 0.0881 0.5259 0.8416 0.1232 0.5232 0.8374 0.1582 0.5200 0.8321 0.1929 0.5160 0.8258 0.2274 0.5115 0.8185 0.2617 0.5062 0.8102 0.2956 0.5004 0.8008 0.3291 0.4939 0.7905 0.3622 0.4869 0.7791 0.3949 0.4792 0.7668 0.4271 0.4709 0.7536 0.4587 0.4620 0.7394 0.4898 0.4526 0.7243 0.5202 0.4426 0.7082 0.5501 0.4320 0.6913 0.5792 0.4209 0.6736 0.6076 0.4093 0.6550 0.6352 0.3971 0.6355 0.6621 0.3845 0.6153 0.6881 0.3714 0.5943 0.7133 0.3578 0.5726 0.7376 0.3438 0.5502 0.7610 0.3294 0.5271 0.7834 0.3145 0.5033 0.8048 0.2992 0.4789 0.8253 0.2836 0.4539 0.8447 0.2677 0.4283 0.8631 0.2513 0.4022 0.8804 0.2347 0.3756 0.8965 0.2178 0.3486 0.9116 0.2006 0.3211 0.9256 0.1832 0.2932 0.9383 0.1655 0.2649 0.9500 0.1477 0.2363 0.9604 0.1296 0.2074 0.9696 0.1114 0.1783 0.9777 0.0930 0.1489 0.9845 0.0746 0.1193 0.9900 0.0560 0.0896 0.9944 0.0374 0.0598 0.9975 0.0187 0.0299 0.9994 0.0176 0.0306 -0.9994 0.0353 0.0611 -0.9975 0.0528 0.0915 -0.9944 0.0704 0.1219 -0.9900 0.0878 0.1521 -0.9845 0.1051 0.1820 -0.9777 0.1223 0.2118 -0.9696 0.1393 0.2413 -0.9604 0.1562 0.2705 -0.9500 0.1729 0.2994 -0.9383 0.1893 0.3279 -0.9256 0.2055 0.3560 -0.9116 0.2215 0.3836 -0.8965 0.2372 0.4108 -0.8804 0.2525 0.4374 -0.8631 0.2676 0.4635 -0.8447 0.2824 0.4891 -0.8253 0.2967 0.5140 -0.8048 0.3108 0.5382 -0.7834 0.3244 0.5619 -0.7610 0.3376 0.5848 -0.7376 0.3504 0.6069 -0.7133 0.3628 0.6284 -0.6881 0.3747 0.6490 -0.6621 0.3862 0.6688 -0.6352 0.3971 0.6878 -0.6076 0.4076 0.7060 -0.5792 0.4176 0.7232 -0.5501 0.4270 0.7396 -0.5202 0.4359 0.7550 -0.4898 0.4443 0.7695 -0.4587 0.4521 0.7831 -0.4271 0.4594 0.7956 -0.3949 0.4660 0.8072 -0.3622 0.4721 0.8178 -0.3291 0.4777 0.8273 -0.2956 0.4826 0.8359 -0.2617 0.4869 0.8433 -0.2274 0.4906 0.8498 -0.1929 0.4937 0.8551 -0.1582 0.4962 0.8594 -0.1232 0.4981 0.8627 -0.0881 0.4993 0.8648 -0.0529 0.4999 0.8659 -0.0176 0.4999 0.8659 0.0176 0.4993 0.8648 0.0529 0.4981 0.8627 0.0881 0.4962 0.8594 0.1232 0.4937 0.8551 0.1582 0.4906 0.8498 0.1929 0.4869 0.8433 0.2274 0.4826 0.8359 0.2617 0.4777 0.8273 0.2956 0.4721 0.8178 0.3291 0.4660 0.8072 0.3622 0.4594 0.7956 0.3949 0.4521 0.7831 0.4271 0.4443 0.7695 0.4587 0.4359 0.7550 0.4898 0.4270 0.7396 0.5202 0.4176 0.7232 0.5501 0.4076 0.7060 0.5792 0.3971 0.6878 0.6076 0.3862 0.6688 0.6352 0.3747 0.6490 0.6621 0.3628 0.6284 0.6881 0.3504 0.6069 0.7133 0.3376 0.5848 0.7376 0.3244 0.5619 0.7610 0.3108 0.5382 0.7834 0.2967 0.5140 0.8048 0.2824 0.4891 0.8253 0.2676 0.4635 0.8447 0.2525 0.4374 0.8631 0.2372 0.4108 0.8804 0.2215 0.3836 0.8965 0.2055 0.3560 0.9116 0.1893 0.3279 0.9256 0.1729 0.2994 0.9383 0.1562 0.2705 0.9500 0.1393 0.2413 0.9604 0.1223 0.2118 0.9696 0.1051 0.1820 0.9777 0.0878 0.1521 0.9845 0.0704 0.1219 0.9900 0.0528 0.0915 0.9944 0.0353 0.0611 0.9975 0.0176 0.0306 0.9994 0.0166 0.0312 -0.9994 0.0331 0.0623 -0.9975 0.0496 0.0933 -0.9944 0.0661 0.1243 -0.9900 0.0824 0.1550 -0.9845 0.0987 0.1856 -0.9777 0.1148 0.2160 -0.9696 0.1308 0.2460 -0.9604 0.1466 0.2758 -0.9500 0.1623 0.3052 -0.9383 0.1777 0.3343 -0.9256 0.1930 0.3629 -0.9116 0.2080 0.3911 -0.8965 0.2227 0.4188 -0.8804 0.2371 0.4460 -0.8631 0.2513 0.4726 -0.8447 0.2651 0.4986 -0.8253 0.2786 0.5240 -0.8048 0.2918 0.5488 -0.7834 0.3046 0.5728 -0.7610 0.3170 0.5962 -0.7376 0.3290 0.6188 -0.7133 0.3406 0.6406 -0.6881 0.3518 0.6617 -0.6621 0.3626 0.6819 -0.6352 0.3729 0.7013 -0.6076 0.3827 0.7198 -0.5792 0.3921 0.7374 -0.5501 0.4009 0.7541 -0.5202 0.4093 0.7698 -0.4898 0.4172 0.7846 -0.4587 0.4245 0.7984 -0.4271 0.4313 0.8112 -0.3949 0.4376 0.8230 -0.3622 0.4433 0.8338 -0.3291 0.4485 0.8435 -0.2956 0.4531 0.8522 -0.2617 0.4572 0.8598 -0.2274 0.4607 0.8664 -0.1929 0.4636 0.8718 -0.1582 0.4659 0.8762 -0.1232 0.4676 0.8795 -0.0881 0.4688 0.8817 -0.0529 0.4694 0.8828 -0.0176 0.4694 0.8828 0.0176 0.4688 0.8817 0.0529 0.4676 0.8795 0.0881 0.4659 0.8762 0.1232 0.4636 0.8718 0.1582 0.4607 0.8664 0.1929 0.4572 0.8598 0.2274 0.4531 0.8522 0.2617 0.4485 0.8435 0.2956 0.4433 0.8338 0.3291 0.4376 0.8230 0.3622 0.4313 0.8112 0.3949 0.4245 0.7984 0.4271 0.4172 0.7846 0.4587 0.4093 0.7698 0.4898 0.4009 0.7541 0.5202 0.3921 0.7374 0.5501 0.3827 0.7198 0.5792 0.3729 0.7013 0.6076 0.3626 0.6819 0.6352 0.3518 0.6617 0.6621 0.3406 0.6406 0.6881 0.3290 0.6188 0.7133 0.3170 0.5962 0.7376 0.3046 0.5728 0.7610 0.2918 0.5488 0.7834 0.2786 0.5240 0.8048 0.2651 0.4986 0.8253 0.2513 0.4726 0.8447 0.2371 0.4460 0.8631 0.2227 0.4188 0.8804 0.2080 0.3911 0.8965 0.1930 0.3629 0.9116 0.1777 0.3343 0.9256 0.1623 0.3052 0.9383 0.1466 0.2758 0.9500 0.1308 0.2460 0.9604 0.1148 0.2160 0.9696 0.0987 0.1856 0.9777 0.0824 0.1550 0.9845 0.0661 0.1243 0.9900 0.0496 0.0933 0.9944 0.0331 0.0623 0.9975 0.0166 0.0312 0.9994 0.0155 0.0317 -0.9994 0.0309 0.0634 -0.9975 0.0463 0.0950 -0.9944 0.0617 0.1265 -0.9900 0.0770 0.1578 -0.9845 0.0922 0.1889 -0.9777 0.1072 0.2198 -0.9696 0.1222 0.2505 -0.9604 0.1369 0.2808 -0.9500 0.1515 0.3107 -0.9383 0.1660 0.3403 -0.9256 0.1802 0.3694 -0.9116 0.1942 0.3981 -0.8965 0.2079 0.4263 -0.8804 0.2214 0.4540 -0.8631 0.2346 0.4811 -0.8447 0.2476 0.5076 -0.8253 0.2602 0.5334 -0.8048 0.2725 0.5586 -0.7834 0.2844 0.5831 -0.7610 0.2960 0.6069 -0.7376 0.3072 0.6299 -0.7133 0.3181 0.6521 -0.6881 0.3285 0.6736 -0.6621 0.3386 0.6941 -0.6352 0.3482 0.7139 -0.6076 0.3574 0.7327 -0.5792 0.3661 0.7506 -0.5501 0.3744 0.7676 -0.5202 0.3822 0.7836 -0.4898 0.3895 0.7987 -0.4587 0.3964 0.8127 -0.4271 0.4027 0.8258 -0.3949 0.4086 0.8378 -0.3622 0.4140 0.8487 -0.3291 0.4188 0.8586 -0.2956 0.4231 0.8675 -0.2617 0.4269 0.8752 -0.2274 0.4301 0.8819 -0.1929 0.4329 0.8875 -0.1582 0.4350 0.8919 -0.1232 0.4367 0.8953 -0.0881 0.4378 0.8975 -0.0529 0.4383 0.8987 -0.0176 0.4383 0.8987 0.0176 0.4378 0.8975 0.0529 0.4367 0.8953 0.0881 0.4350 0.8919 0.1232 0.4329 0.8875 0.1582 0.4301 0.8819 0.1929 0.4269 0.8752 0.2274 0.4231 0.8675 0.2617 0.4188 0.8586 0.2956 0.4140 0.8487 0.3291 0.4086 0.8378 0.3622 0.4027 0.8258 0.3949 0.3964 0.8127 0.4271 0.3895 0.7987 0.4587 0.3822 0.7836 0.4898 0.3744 0.7676 0.5202 0.3661 0.7506 0.5501 0.3574 0.7327 0.5792 0.3482 0.7139 0.6076 0.3386 0.6941 0.6352 0.3285 0.6736 0.6621 0.3181 0.6521 0.6881 0.3072 0.6299 0.7133 0.2960 0.6069 0.7376 0.2844 0.5831 0.7610 0.2725 0.5586 0.7834 0.2602 0.5334 0.8048 0.2476 0.5076 0.8253 0.2346 0.4811 0.8447 0.2214 0.4540 0.8631 0.2079 0.4263 0.8804 0.1942 0.3981 0.8965 0.1802 0.3694 0.9116 0.1660 0.3403 0.9256 0.1515 0.3107 0.9383 0.1369 0.2808 0.9500 0.1222 0.2505 0.9604 0.1072 0.2198 0.9696 0.0922 0.1889 0.9777 0.0770 0.1578 0.9845 0.0617 0.1265 0.9900 0.0463 0.0950 0.9944 0.0309 0.0634 0.9975 0.0155 0.0317 0.9994 0.0144 0.0322 -0.9994 0.0287 0.0644 -0.9975 0.0430 0.0966 -0.9944 0.0572 0.1286 -0.9900 0.0714 0.1604 -0.9845 0.0855 0.1920 -0.9777 0.0995 0.2234 -0.9696 0.1133 0.2546 -0.9604 0.1271 0.2854 -0.9500 0.1406 0.3158 -0.9383 0.1540 0.3459 -0.9256 0.1672 0.3755 -0.9116 0.1802 0.4047 -0.8965 0.1929 0.4333 -0.8804 0.2054 0.4614 -0.8631 0.2177 0.4890 -0.8447 0.2297 0.5159 -0.8253 0.2414 0.5422 -0.8048 0.2528 0.5678 -0.7834 0.2639 0.5927 -0.7610 0.2746 0.6169 -0.7376 0.2851 0.6402 -0.7133 0.2951 0.6628 -0.6881 0.3048 0.6846 -0.6621 0.3141 0.7055 -0.6352 0.3230 0.7256 -0.6076 0.3316 0.7447 -0.5792 0.3397 0.7629 -0.5501 0.3474 0.7802 -0.5202 0.3546 0.7965 -0.4898 0.3614 0.8118 -0.4587 0.3678 0.8261 -0.4271 0.3737 0.8393 -0.3949 0.3791 0.8515 -0.3622 0.3841 0.8627 -0.3291 0.3886 0.8727 -0.2956 0.3926 0.8817 -0.2617 0.3961 0.8896 -0.2274 0.3991 0.8964 -0.1929 0.4016 0.9020 -0.1582 0.4036 0.9066 -0.1232 0.4052 0.9100 -0.0881 0.4062 0.9123 -0.0529 0.4067 0.9134 -0.0176 0.4067 0.9134 0.0176 0.4062 0.9123 0.0529 0.4052 0.9100 0.0881 0.4036 0.9066 0.1232 0.4016 0.9020 0.1582 0.3991 0.8964 0.1929 0.3961 0.8896 0.2274 0.3926 0.8817 0.2617 0.3886 0.8727 0.2956 0.3841 0.8627 0.3291 0.3791 0.8515 0.3622 0.3737 0.8393 0.3949 0.3678 0.8261 0.4271 0.3614 0.8118 0.4587 0.3546 0.7965 0.4898 0.3474 0.7802 0.5202 0.3397 0.7629 0.5501 0.3316 0.7447 0.5792 0.3230 0.7256 0.6076 0.3141 0.7055 0.6352 0.3048 0.6846 0.6621 0.2951 0.6628 0.6881 0.2851 0.6402 0.7133 0.2746 0.6169 0.7376 0.2639 0.5927 0.7610 0.2528 0.5678 0.7834 0.2414 0.5422 0.8048 0.2297 0.5159 0.8253 0.2177 0.4890 0.8447 0.2054 0.4614 0.8631 0.1929 0.4333 0.8804 0.1802 0.4047 0.8965 0.1672 0.3755 0.9116 0.1540 0.3459 0.9256 0.1406 0.3158 0.9383 0.1271 0.2854 0.9500 0.1133 0.2546 0.9604 0.0995 0.2234 0.9696 0.0855 0.1920 0.9777 0.0714 0.1604 0.9845 0.0572 0.1286 0.9900 0.0430 0.0966 0.9944 0.0287 0.0644 0.9975 0.0144 0.0322 0.9994 0.0132 0.0327 -0.9994 0.0264 0.0654 -0.9975 0.0396 0.0980 -0.9944 0.0527 0.1305 -0.9900 0.0658 0.1628 -0.9845 0.0787 0.1949 -0.9777 0.0916 0.2268 -0.9696 0.1044 0.2584 -0.9604 0.1170 0.2896 -0.9500 0.1295 0.3205 -0.9383 0.1418 0.3510 -0.9256 0.1540 0.3811 -0.9116 0.1659 0.4107 -0.8965 0.1777 0.4398 -0.8804 0.1892 0.4683 -0.8631 0.2005 0.4963 -0.8447 0.2115 0.5236 -0.8253 0.2223 0.5503 -0.8048 0.2328 0.5763 -0.7834 0.2430 0.6015 -0.7610 0.2529 0.6261 -0.7376 0.2625 0.6498 -0.7133 0.2718 0.6727 -0.6881 0.2807 0.6948 -0.6621 0.2893 0.7161 -0.6352 0.2975 0.7364 -0.6076 0.3054 0.7558 -0.5792 0.3128 0.7743 -0.5501 0.3199 0.7918 -0.5202 0.3266 0.8084 -0.4898 0.3329 0.8239 -0.4587 0.3387 0.8384 -0.4271 0.3442 0.8518 -0.3949 0.3492 0.8642 -0.3622 0.3537 0.8755 -0.3291 0.3579 0.8858 -0.2956 0.3616 0.8949 -0.2617 0.3648 0.9029 -0.2274 0.3676 0.9098 -0.1929 0.3699 0.9155 -0.1582 0.3718 0.9201 -0.1232 0.3731 0.9236 -0.0881 0.3741 0.9259 -0.0529 0.3745 0.9270 -0.0176 0.3745 0.9270 0.0176 0.3741 0.9259 0.0529 0.3731 0.9236 0.0881 0.3718 0.9201 0.1232 0.3699 0.9155 0.1582 0.3676 0.9098 0.1929 0.3648 0.9029 0.2274 0.3616 0.8949 0.2617 0.3579 0.8858 0.2956 0.3537 0.8755 0.3291 0.3492 0.8642 0.3622 0.3442 0.8518 0.3949 0.3387 0.8384 0.4271 0.3329 0.8239 0.4587 0.3266 0.8084 0.4898 0.3199 0.7918 0.5202 0.3128 0.7743 0.5501 0.3054 0.7558 0.5792 0.2975 0.7364 0.6076 0.2893 0.7161 0.6352 0.2807 0.6948 0.6621 0.2718 0.6727 0.6881 0.2625 0.6498 0.7133 0.2529 0.6261 0.7376 0.2430 0.6015 0.7610 0.2328 0.5763 0.7834 0.2223 0.5503 0.8048 0.2115 0.5236 0.8253 0.2005 0.4963 0.8447 0.1892 0.4683 0.8631 0.1777 0.4398 0.8804 0.1659 0.4107 0.8965 0.1540 0.3811 0.9116 0.1418 0.3510 0.9256 0.1295 0.3205 0.9383 0.1170 0.2896 0.9500 0.1044 0.2584 0.9604 0.0916 0.2268 0.9696 0.0787 0.1949 0.9777 0.0658 0.1628 0.9845 0.0527 0.1305 0.9900 0.0396 0.0980 0.9944 0.0264 0.0654 0.9975 0.0132 0.0327 0.9994 0.0121 0.0332 -0.9994 0.0241 0.0663 -0.9975 0.0362 0.0993 -0.9944 0.0481 0.1322 -0.9900 0.0601 0.1650 -0.9845 0.0719 0.1975 -0.9777 0.0837 0.2298 -0.9696 0.0953 0.2618 -0.9604 0.1068 0.2935 -0.9500 0.1182 0.3249 -0.9383 0.1295 0.3558 -0.9256 0.1406 0.3862 -0.9116 0.1515 0.4162 -0.8965 0.1622 0.4457 -0.8804 0.1727 0.4746 -0.8631 0.1831 0.5030 -0.8447 0.1931 0.5307 -0.8253 0.2030 0.5577 -0.8048 0.2126 0.5840 -0.7834 0.2219 0.6097 -0.7610 0.2309 0.6345 -0.7376 0.2397 0.6586 -0.7133 0.2482 0.6818 -0.6881 0.2563 0.7042 -0.6621 0.2641 0.7257 -0.6352 0.2716 0.7463 -0.6076 0.2788 0.7660 -0.5792 0.2856 0.7848 -0.5501 0.2921 0.8025 -0.5202 0.2982 0.8193 -0.4898 0.3039 0.8350 -0.4587 0.3093 0.8497 -0.4271 0.3142 0.8633 -0.3949 0.3188 0.8759 -0.3622 0.3230 0.8874 -0.3291 0.3267 0.8977 -0.2956 0.3301 0.9070 -0.2617 0.3331 0.9151 -0.2274 0.3356 0.9220 -0.1929 0.3377 0.9279 -0.1582 0.3394 0.9325 -0.1232 0.3407 0.9360 -0.0881 0.3415 0.9384 -0.0529 0.3420 0.9395 -0.0176 0.3420 0.9395 0.0176 0.3415 0.9384 0.0529 0.3407 0.9360 0.0881 0.3394 0.9325 0.1232 0.3377 0.9279 0.1582 0.3356 0.9220 0.1929 0.3331 0.9151 0.2274 0.3301 0.9070 0.2617 0.3267 0.8977 0.2956 0.3230 0.8874 0.3291 0.3188 0.8759 0.3622 0.3142 0.8633 0.3949 0.3093 0.8497 0.4271 0.3039 0.8350 0.4587 0.2982 0.8193 0.4898 0.2921 0.8025 0.5202 0.2856 0.7848 0.5501 0.2788 0.7660 0.5792 0.2716 0.7463 0.6076 0.2641 0.7257 0.6352 0.2563 0.7042 0.6621 0.2482 0.6818 0.6881 0.2397 0.6586 0.7133 0.2309 0.6345 0.7376 0.2219 0.6097 0.7610 0.2126 0.5840 0.7834 0.2030 0.5577 0.8048 0.1931 0.5307 0.8253 0.1831 0.5030 0.8447 0.1727 0.4746 0.8631 0.1622 0.4457 0.8804 0.1515 0.4162 0.8965 0.1406 0.3862 0.9116 0.1295 0.3558 0.9256 0.1182 0.3249 0.9383 0.1068 0.2935 0.9500 0.0953 0.2618 0.9604 0.0837 0.2298 0.9696 0.0719 0.1975 0.9777 0.0601 0.1650 0.9845 0.0481 0.1322 0.9900 0.0362 0.0993 0.9944 0.0241 0.0663 0.9975 0.0121 0.0332 0.9994 0.0109 0.0336 -0.9994 0.0218 0.0671 -0.9975 0.0327 0.1005 -0.9944 0.0435 0.1338 -0.9900 0.0543 0.1670 -0.9845 0.0650 0.1999 -0.9777 0.0756 0.2326 -0.9696 0.0861 0.2650 -0.9604 0.0965 0.2971 -0.9500 0.1068 0.3288 -0.9383 0.1170 0.3601 -0.9256 0.1270 0.3909 -0.9116 0.1369 0.4213 -0.8965 0.1466 0.4511 -0.8804 0.1561 0.4804 -0.8631 0.1654 0.5090 -0.8447 0.1745 0.5371 -0.8253 0.1834 0.5644 -0.8048 0.1921 0.5911 -0.7834 0.2005 0.6170 -0.7610 0.2087 0.6422 -0.7376 0.2166 0.6665 -0.7133 0.2242 0.6901 -0.6881 0.2316 0.7127 -0.6621 0.2387 0.7345 -0.6352 0.2454 0.7554 -0.6076 0.2519 0.7753 -0.5792 0.2581 0.7943 -0.5501 0.2639 0.8122 -0.5202 0.2694 0.8292 -0.4898 0.2746 0.8451 -0.4587 0.2794 0.8600 -0.4271 0.2839 0.8738 -0.3949 0.2880 0.8865 -0.3622 0.2918 0.8981 -0.3291 0.2952 0.9086 -0.2956 0.2983 0.9179 -0.2617 0.3009 0.9261 -0.2274 0.3032 0.9332 -0.1929 0.3051 0.9391 -0.1582 0.3067 0.9438 -0.1232 0.3078 0.9474 -0.0881 0.3086 0.9497 -0.0529 0.3090 0.9509 -0.0176 0.3090 0.9509 0.0176 0.3086 0.9497 0.0529 0.3078 0.9474 0.0881 0.3067 0.9438 0.1232 0.3051 0.9391 0.1582 0.3032 0.9332 0.1929 0.3009 0.9261 0.2274 0.2983 0.9179 0.2617 0.2952 0.9086 0.2956 0.2918 0.8981 0.3291 0.2880 0.8865 0.3622 0.2839 0.8738 0.3949 0.2794 0.8600 0.4271 0.2746 0.8451 0.4587 0.2694 0.8292 0.4898 0.2639 0.8122 0.5202 0.2581 0.7943 0.5501 0.2519 0.7753 0.5792 0.2454 0.7554 0.6076 0.2387 0.7345 0.6352 0.2316 0.7127 0.6621 0.2242 0.6901 0.6881 0.2166 0.6665 0.7133 0.2087 0.6422 0.7376 0.2005 0.6170 0.7610 0.1921 0.5911 0.7834 0.1834 0.5644 0.8048 0.1745 0.5371 0.8253 0.1654 0.5090 0.8447 0.1561 0.4804 0.8631 0.1466 0.4511 0.8804 0.1369 0.4213 0.8965 0.1270 0.3909 0.9116 0.1170 0.3601 0.9256 0.1068 0.3288 0.9383 0.0965 0.2971 0.9500 0.0861 0.2650 0.9604 0.0756 0.2326 0.9696 0.0650 0.1999 0.9777 0.0543 0.1670 0.9845 0.0435 0.1338 0.9900 0.0327 0.1005 0.9944 0.0218 0.0671 0.9975 0.0109 0.0336 0.9994 0.0097 0.0339 -0.9994 0.0194 0.0678 -0.9975 0.0291 0.1016 -0.9944 0.0388 0.1353 -0.9900 0.0484 0.1688 -0.9845 0.0579 0.2021 -0.9777 0.0674 0.2351 -0.9696 0.0768 0.2679 -0.9604 0.0861 0.3003 -0.9500 0.0953 0.3323 -0.9383 0.1044 0.3639 -0.9256 0.1133 0.3951 -0.9116 0.1221 0.4258 -0.8965 0.1307 0.4559 -0.8804 0.1392 0.4855 -0.8631 0.1475 0.5145 -0.8447 0.1557 0.5428 -0.8253 0.1636 0.5705 -0.8048 0.1713 0.5974 -0.7834 0.1788 0.6236 -0.7610 0.1861 0.6491 -0.7376 0.1932 0.6737 -0.7133 0.2000 0.6975 -0.6881 0.2066 0.7204 -0.6621 0.2129 0.7424 -0.6352 0.2189 0.7635 -0.6076 0.2247 0.7836 -0.5792 0.2302 0.8028 -0.5501 0.2354 0.8209 -0.5202 0.2403 0.8381 -0.4898 0.2449 0.8542 -0.4587 0.2492 0.8692 -0.4271 0.2532 0.8831 -0.3949 0.2569 0.8960 -0.3622 0.2603 0.9077 -0.3291 0.2633 0.9183 -0.2956 0.2660 0.9278 -0.2617 0.2684 0.9361 -0.2274 0.2705 0.9432 -0.1929 0.2722 0.9492 -0.1582 0.2735 0.9539 -0.1232 0.2746 0.9575 -0.0881 0.2753 0.9599 -0.0529 0.2756 0.9611 -0.0176 0.2756 0.9611 0.0176 0.2753 0.9599 0.0529 0.2746 0.9575 0.0881 0.2735 0.9539 0.1232 0.2722 0.9492 0.1582 0.2705 0.9432 0.1929 0.2684 0.9361 0.2274 0.2660 0.9278 0.2617 0.2633 0.9183 0.2956 0.2603 0.9077 0.3291 0.2569 0.8960 0.3622 0.2532 0.8831 0.3949 0.2492 0.8692 0.4271 0.2449 0.8542 0.4587 0.2403 0.8381 0.4898 0.2354 0.8209 0.5202 0.2302 0.8028 0.5501 0.2247 0.7836 0.5792 0.2189 0.7635 0.6076 0.2129 0.7424 0.6352 0.2066 0.7204 0.6621 0.2000 0.6975 0.6881 0.1932 0.6737 0.7133 0.1861 0.6491 0.7376 0.1788 0.6236 0.7610 0.1713 0.5974 0.7834 0.1636 0.5705 0.8048 0.1557 0.5428 0.8253 0.1475 0.5145 0.8447 0.1392 0.4855 0.8631 0.1307 0.4559 0.8804 0.1221 0.4258 0.8965 0.1133 0.3951 0.9116 0.1044 0.3639 0.9256 0.0953 0.3323 0.9383 0.0861 0.3003 0.9500 0.0768 0.2679 0.9604 0.0674 0.2351 0.9696 0.0579 0.2021 0.9777 0.0484 0.1688 0.9845 0.0388 0.1353 0.9900 0.0291 0.1016 0.9944 0.0194 0.0678 0.9975 0.0097 0.0339 0.9994 0.0085 0.0342 -0.9994 0.0171 0.0684 -0.9975 0.0256 0.1026 -0.9944 0.0340 0.1365 -0.9900 0.0425 0.1704 -0.9845 0.0509 0.2040 -0.9777 0.0592 0.2373 -0.9696 0.0674 0.2704 -0.9604 0.0756 0.3031 -0.9500 0.0836 0.3354 -0.9383 0.0916 0.3674 -0.9256 0.0994 0.3988 -0.9116 0.1072 0.4298 -0.8965 0.1147 0.4602 -0.8804 0.1222 0.4901 -0.8631 0.1295 0.5193 -0.8447 0.1366 0.5479 -0.8253 0.1436 0.5759 -0.8048 0.1504 0.6031 -0.7834 0.1570 0.6295 -0.7610 0.1634 0.6552 -0.7376 0.1695 0.6800 -0.7133 0.1755 0.7040 -0.6881 0.1813 0.7271 -0.6621 0.1868 0.7494 -0.6352 0.1921 0.7707 -0.6076 0.1972 0.7910 -0.5792 0.2020 0.8103 -0.5501 0.2066 0.8287 -0.5202 0.2109 0.8460 -0.4898 0.2150 0.8622 -0.4587 0.2188 0.8774 -0.4271 0.2223 0.8914 -0.3949 0.2255 0.9044 -0.3622 0.2284 0.9162 -0.3291 0.2311 0.9269 -0.2956 0.2335 0.9365 -0.2617 0.2356 0.9449 -0.2274 0.2374 0.9521 -0.1929 0.2389 0.9581 -0.1582 0.2401 0.9629 -0.1232 0.2410 0.9665 -0.0881 0.2416 0.9689 -0.0529 0.2419 0.9701 -0.0176 0.2419 0.9701 0.0176 0.2416 0.9689 0.0529 0.2410 0.9665 0.0881 0.2401 0.9629 0.1232 0.2389 0.9581 0.1582 0.2374 0.9521 0.1929 0.2356 0.9449 0.2274 0.2335 0.9365 0.2617 0.2311 0.9269 0.2956 0.2284 0.9162 0.3291 0.2255 0.9044 0.3622 0.2223 0.8914 0.3949 0.2188 0.8774 0.4271 0.2150 0.8622 0.4587 0.2109 0.8460 0.4898 0.2066 0.8287 0.5202 0.2020 0.8103 0.5501 0.1972 0.7910 0.5792 0.1921 0.7707 0.6076 0.1868 0.7494 0.6352 0.1813 0.7271 0.6621 0.1755 0.7040 0.6881 0.1695 0.6800 0.7133 0.1634 0.6552 0.7376 0.1570 0.6295 0.7610 0.1504 0.6031 0.7834 0.1436 0.5759 0.8048 0.1366 0.5479 0.8253 0.1295 0.5193 0.8447 0.1222 0.4901 0.8631 0.1147 0.4602 0.8804 0.1072 0.4298 0.8965 0.0994 0.3988 0.9116 0.0916 0.3674 0.9256 0.0836 0.3354 0.9383 0.0756 0.3031 0.9500 0.0674 0.2704 0.9604 0.0592 0.2373 0.9696 0.0509 0.2040 0.9777 0.0425 0.1704 0.9845 0.0340 0.1365 0.9900 0.0256 0.1026 0.9944 0.0171 0.0684 0.9975 0.0085 0.0342 0.9994 0.0073 0.0345 -0.9994 0.0147 0.0690 -0.9975 0.0220 0.1034 -0.9944 0.0293 0.1377 -0.9900 0.0365 0.1717 -0.9845 0.0437 0.2056 -0.9777 0.0509 0.2392 -0.9696 0.0579 0.2726 -0.9604 0.0649 0.3055 -0.9500 0.0719 0.3381 -0.9383 0.0787 0.3703 -0.9256 0.0855 0.4020 -0.9116 0.0921 0.4333 -0.8965 0.0986 0.4639 -0.8804 0.1050 0.4940 -0.8631 0.1113 0.5235 -0.8447 0.1174 0.5524 -0.8253 0.1234 0.5805 -0.8048 0.1292 0.6079 -0.7834 0.1349 0.6346 -0.7610 0.1404 0.6605 -0.7376 0.1457 0.6855 -0.7133 0.1509 0.7097 -0.6881 0.1558 0.7330 -0.6621 0.1606 0.7554 -0.6352 0.1651 0.7769 -0.6076 0.1695 0.7974 -0.5792 0.1736 0.8169 -0.5501 0.1776 0.8354 -0.5202 0.1813 0.8528 -0.4898 0.1847 0.8692 -0.4587 0.1880 0.8845 -0.4271 0.1910 0.8987 -0.3949 0.1938 0.9117 -0.3622 0.1963 0.9237 -0.3291 0.1986 0.9344 -0.2956 0.2007 0.9441 -0.2617 0.2025 0.9525 -0.2274 0.2040 0.9598 -0.1929 0.2053 0.9658 -0.1582 0.2063 0.9707 -0.1232 0.2071 0.9743 -0.0881 0.2076 0.9768 -0.0529 0.2079 0.9780 -0.0176 0.2079 0.9780 0.0176 0.2076 0.9768 0.0529 0.2071 0.9743 0.0881 0.2063 0.9707 0.1232 0.2053 0.9658 0.1582 0.2040 0.9598 0.1929 0.2025 0.9525 0.2274 0.2007 0.9441 0.2617 0.1986 0.9344 0.2956 0.1963 0.9237 0.3291 0.1938 0.9117 0.3622 0.1910 0.8987 0.3949 0.1880 0.8845 0.4271 0.1847 0.8692 0.4587 0.1813 0.8528 0.4898 0.1776 0.8354 0.5202 0.1736 0.8169 0.5501 0.1695 0.7974 0.5792 0.1651 0.7769 0.6076 0.1606 0.7554 0.6352 0.1558 0.7330 0.6621 0.1509 0.7097 0.6881 0.1457 0.6855 0.7133 0.1404 0.6605 0.7376 0.1349 0.6346 0.7610 0.1292 0.6079 0.7834 0.1234 0.5805 0.8048 0.1174 0.5524 0.8253 0.1113 0.5235 0.8447 0.1050 0.4940 0.8631 0.0986 0.4639 0.8804 0.0921 0.4333 0.8965 0.0855 0.4020 0.9116 0.0787 0.3703 0.9256 0.0719 0.3381 0.9383 0.0649 0.3055 0.9500 0.0579 0.2726 0.9604 0.0509 0.2392 0.9696 0.0437 0.2056 0.9777 0.0365 0.1717 0.9845 0.0293 0.1377 0.9900 0.0220 0.1034 0.9944 0.0147 0.0690 0.9975 0.0073 0.0345 0.9994 0.0061 0.0348 -0.9994 0.0122 0.0695 -0.9975 0.0184 0.1041 -0.9944 0.0244 0.1386 -0.9900 0.0305 0.1729 -0.9845 0.0365 0.2070 -0.9777 0.0425 0.2409 -0.9696 0.0484 0.2744 -0.9604 0.0542 0.3076 -0.9500 0.0600 0.3405 -0.9383 0.0657 0.3729 -0.9256 0.0714 0.4048 -0.9116 0.0769 0.4362 -0.8965 0.0824 0.4671 -0.8804 0.0877 0.4974 -0.8631 0.0929 0.5271 -0.8447 0.0981 0.5561 -0.8253 0.1031 0.5845 -0.8048 0.1079 0.6121 -0.7834 0.1127 0.6389 -0.7610 0.1173 0.6650 -0.7376 0.1217 0.6902 -0.7133 0.1260 0.7146 -0.6881 0.1301 0.7380 -0.6621 0.1341 0.7606 -0.6352 0.1379 0.7822 -0.6076 0.1416 0.8028 -0.5792 0.1450 0.8224 -0.5501 0.1483 0.8410 -0.5202 0.1514 0.8586 -0.4898 0.1543 0.8751 -0.4587 0.1570 0.8905 -0.4271 0.1595 0.9048 -0.3949 0.1619 0.9179 -0.3622 0.1640 0.9300 -0.3291 0.1659 0.9408 -0.2956 0.1676 0.9505 -0.2617 0.1691 0.9590 -0.2274 0.1704 0.9663 -0.1929 0.1715 0.9724 -0.1582 0.1723 0.9773 -0.1232 0.1730 0.9810 -0.0881 0.1734 0.9834 -0.0529 0.1736 0.9847 -0.0176 0.1736 0.9847 0.0176 0.1734 0.9834 0.0529 0.1730 0.9810 0.0881 0.1723 0.9773 0.1232 0.1715 0.9724 0.1582 0.1704 0.9663 0.1929 0.1691 0.9590 0.2274 0.1676 0.9505 0.2617 0.1659 0.9408 0.2956 0.1640 0.9300 0.3291 0.1619 0.9179 0.3622 0.1595 0.9048 0.3949 0.1570 0.8905 0.4271 0.1543 0.8751 0.4587 0.1514 0.8586 0.4898 0.1483 0.8410 0.5202 0.1450 0.8224 0.5501 0.1416 0.8028 0.5792 0.1379 0.7822 0.6076 0.1341 0.7606 0.6352 0.1301 0.7380 0.6621 0.1260 0.7146 0.6881 0.1217 0.6902 0.7133 0.1173 0.6650 0.7376 0.1127 0.6389 0.7610 0.1079 0.6121 0.7834 0.1031 0.5845 0.8048 0.0981 0.5561 0.8253 0.0929 0.5271 0.8447 0.0877 0.4974 0.8631 0.0824 0.4671 0.8804 0.0769 0.4362 0.8965 0.0714 0.4048 0.9116 0.0657 0.3729 0.9256 0.0600 0.3405 0.9383 0.0542 0.3076 0.9500 0.0484 0.2744 0.9604 0.0425 0.2409 0.9696 0.0365 0.2070 0.9777 0.0305 0.1729 0.9845 0.0244 0.1386 0.9900 0.0184 0.1041 0.9944 0.0122 0.0695 0.9975 0.0061 0.0348 0.9994 0.0049 0.0349 -0.9994 0.0098 0.0699 -0.9975 0.0147 0.1047 -0.9944 0.0196 0.1394 -0.9900 0.0244 0.1739 -0.9845 0.0293 0.2082 -0.9777 0.0340 0.2422 -0.9696 0.0388 0.2759 -0.9604 0.0435 0.3093 -0.9500 0.0481 0.3423 -0.9383 0.0527 0.3749 -0.9256 0.0572 0.4070 -0.9116 0.0616 0.4386 -0.8965 0.0660 0.4697 -0.8804 0.0703 0.5002 -0.8631 0.0745 0.5300 -0.8447 0.0786 0.5592 -0.8253 0.0826 0.5877 -0.8048 0.0865 0.6155 -0.7834 0.0903 0.6425 -0.7610 0.0940 0.6687 -0.7376 0.0975 0.6940 -0.7133 0.1010 0.7185 -0.6881 0.1043 0.7421 -0.6621 0.1075 0.7648 -0.6352 0.1105 0.7865 -0.6076 0.1135 0.8073 -0.5792 0.1162 0.8270 -0.5501 0.1189 0.8457 -0.5202 0.1213 0.8634 -0.4898 0.1237 0.8799 -0.4587 0.1258 0.8954 -0.4271 0.1279 0.9098 -0.3949 0.1297 0.9230 -0.3622 0.1314 0.9351 -0.3291 0.1330 0.9460 -0.2956 0.1343 0.9558 -0.2617 0.1355 0.9643 -0.2274 0.1366 0.9717 -0.1929 0.1374 0.9778 -0.1582 0.1381 0.9827 -0.1232 0.1386 0.9864 -0.0881 0.1390 0.9889 -0.0529 0.1392 0.9901 -0.0176 0.1392 0.9901 0.0176 0.1390 0.9889 0.0529 0.1386 0.9864 0.0881 0.1381 0.9827 0.1232 0.1374 0.9778 0.1582 0.1366 0.9717 0.1929 0.1355 0.9643 0.2274 0.1343 0.9558 0.2617 0.1330 0.9460 0.2956 0.1314 0.9351 0.3291 0.1297 0.9230 0.3622 0.1279 0.9098 0.3949 0.1258 0.8954 0.4271 0.1237 0.8799 0.4587 0.1213 0.8634 0.4898 0.1189 0.8457 0.5202 0.1162 0.8270 0.5501 0.1135 0.8073 0.5792 0.1105 0.7865 0.6076 0.1075 0.7648 0.6352 0.1043 0.7421 0.6621 0.1010 0.7185 0.6881 0.0975 0.6940 0.7133 0.0940 0.6687 0.7376 0.0903 0.6425 0.7610 0.0865 0.6155 0.7834 0.0826 0.5877 0.8048 0.0786 0.5592 0.8253 0.0745 0.5300 0.8447 0.0703 0.5002 0.8631 0.0660 0.4697 0.8804 0.0616 0.4386 0.8965 0.0572 0.4070 0.9116 0.0527 0.3749 0.9256 0.0481 0.3423 0.9383 0.0435 0.3093 0.9500 0.0388 0.2759 0.9604 0.0340 0.2422 0.9696 0.0293 0.2082 0.9777 0.0244 0.1739 0.9845 0.0196 0.1394 0.9900 0.0147 0.1047 0.9944 0.0098 0.0699 0.9975 0.0049 0.0349 0.9994 0.0037 0.0351 -0.9994 0.0074 0.0702 -0.9975 0.0110 0.1051 -0.9944 0.0147 0.1400 -0.9900 0.0184 0.1746 -0.9845 0.0220 0.2091 -0.9777 0.0256 0.2432 -0.9696 0.0291 0.2771 -0.9604 0.0327 0.3107 -0.9500 0.0361 0.3438 -0.9383 0.0396 0.3765 -0.9256 0.0430 0.4088 -0.9116 0.0463 0.4405 -0.8965 0.0496 0.4717 -0.8804 0.0528 0.5023 -0.8631 0.0559 0.5323 -0.8447 0.0590 0.5616 -0.8253 0.0620 0.5902 -0.8048 0.0650 0.6181 -0.7834 0.0678 0.6452 -0.7610 0.0706 0.6715 -0.7376 0.0733 0.6970 -0.7133 0.0758 0.7216 -0.6881 0.0783 0.7453 -0.6621 0.0807 0.7681 -0.6352 0.0830 0.7899 -0.6076 0.0852 0.8107 -0.5792 0.0873 0.8306 -0.5501 0.0893 0.8493 -0.5202 0.0911 0.8671 -0.4898 0.0929 0.8837 -0.4587 0.0945 0.8993 -0.4271 0.0960 0.9137 -0.3949 0.0974 0.9270 -0.3622 0.0987 0.9391 -0.3291 0.0999 0.9501 -0.2956 0.1009 0.9599 -0.2617 0.1018 0.9685 -0.2274 0.1026 0.9758 -0.1929 0.1032 0.9820 -0.1582 0.1037 0.9869 -0.1232 0.1041 0.9907 -0.0881 0.1044 0.9931 -0.0529 0.1045 0.9944 -0.0176 0.1045 0.9944 0.0176 0.1044 0.9931 0.0529 0.1041 0.9907 0.0881 0.1037 0.9869 0.1232 0.1032 0.9820 0.1582 0.1026 0.9758 0.1929 0.1018 0.9685 0.2274 0.1009 0.9599 0.2617 0.0999 0.9501 0.2956 0.0987 0.9391 0.3291 0.0974 0.9270 0.3622 0.0960 0.9137 0.3949 0.0945 0.8993 0.4271 0.0929 0.8837 0.4587 0.0911 0.8671 0.4898 0.0893 0.8493 0.5202 0.0873 0.8306 0.5501 0.0852 0.8107 0.5792 0.0830 0.7899 0.6076 0.0807 0.7681 0.6352 0.0783 0.7453 0.6621 0.0758 0.7216 0.6881 0.0733 0.6970 0.7133 0.0706 0.6715 0.7376 0.0678 0.6452 0.7610 0.0650 0.6181 0.7834 0.0620 0.5902 0.8048 0.0590 0.5616 0.8253 0.0559 0.5323 0.8447 0.0528 0.5023 0.8631 0.0496 0.4717 0.8804 0.0463 0.4405 0.8965 0.0430 0.4088 0.9116 0.0396 0.3765 0.9256 0.0361 0.3438 0.9383 0.0327 0.3107 0.9500 0.0291 0.2771 0.9604 0.0256 0.2432 0.9696 0.0220 0.2091 0.9777 0.0184 0.1746 0.9845 0.0147 0.1400 0.9900 0.0110 0.1051 0.9944 0.0074 0.0702 0.9975 0.0037 0.0351 0.9994 0.0025 0.0352 -0.9994 0.0049 0.0704 -0.9975 0.0074 0.1054 -0.9944 0.0098 0.1404 -0.9900 0.0122 0.1752 -0.9845 0.0147 0.2097 -0.9777 0.0171 0.2440 -0.9696 0.0194 0.2780 -0.9604 0.0218 0.3116 -0.9500 0.0241 0.3449 -0.9383 0.0264 0.3777 -0.9256 0.0287 0.4100 -0.9116 0.0309 0.4419 -0.8965 0.0331 0.4732 -0.8804 0.0352 0.5039 -0.8631 0.0373 0.5339 -0.8447 0.0394 0.5633 -0.8253 0.0414 0.5920 -0.8048 0.0434 0.6200 -0.7834 0.0453 0.6472 -0.7610 0.0471 0.6736 -0.7376 0.0489 0.6991 -0.7133 0.0506 0.7238 -0.6881 0.0523 0.7476 -0.6621 0.0539 0.7704 -0.6352 0.0554 0.7923 -0.6076 0.0569 0.8132 -0.5792 0.0583 0.8331 -0.5501 0.0596 0.8519 -0.5202 0.0608 0.8697 -0.4898 0.0620 0.8864 -0.4587 0.0631 0.9020 -0.4271 0.0641 0.9165 -0.3949 0.0650 0.9298 -0.3622 0.0659 0.9420 -0.3291 0.0666 0.9530 -0.2956 0.0673 0.9628 -0.2617 0.0679 0.9714 -0.2274 0.0684 0.9788 -0.1929 0.0689 0.9850 -0.1582 0.0692 0.9900 -0.1232 0.0695 0.9937 -0.0881 0.0697 0.9962 -0.0529 0.0697 0.9974 -0.0176 0.0697 0.9974 0.0176 0.0697 0.9962 0.0529 0.0695 0.9937 0.0881 0.0692 0.9900 0.1232 0.0689 0.9850 0.1582 0.0684 0.9788 0.1929 0.0679 0.9714 0.2274 0.0673 0.9628 0.2617 0.0666 0.9530 0.2956 0.0659 0.9420 0.3291 0.0650 0.9298 0.3622 0.0641 0.9165 0.3949 0.0631 0.9020 0.4271 0.0620 0.8864 0.4587 0.0608 0.8697 0.4898 0.0596 0.8519 0.5202 0.0583 0.8331 0.5501 0.0569 0.8132 0.5792 0.0554 0.7923 0.6076 0.0539 0.7704 0.6352 0.0523 0.7476 0.6621 0.0506 0.7238 0.6881 0.0489 0.6991 0.7133 0.0471 0.6736 0.7376 0.0453 0.6472 0.7610 0.0434 0.6200 0.7834 0.0414 0.5920 0.8048 0.0394 0.5633 0.8253 0.0373 0.5339 0.8447 0.0352 0.5039 0.8631 0.0331 0.4732 0.8804 0.0309 0.4419 0.8965 0.0287 0.4100 0.9116 0.0264 0.3777 0.9256 0.0241 0.3449 0.9383 0.0218 0.3116 0.9500 0.0194 0.2780 0.9604 0.0171 0.2440 0.9696 0.0147 0.2097 0.9777 0.0122 0.1752 0.9845 0.0098 0.1404 0.9900 0.0074 0.1054 0.9944 0.0049 0.0704 0.9975 0.0025 0.0352 0.9994 0.0012 0.0353 -0.9994 0.0025 0.0705 -0.9975 0.0037 0.1056 -0.9944 0.0049 0.1406 -0.9900 0.0061 0.1755 -0.9845 0.0073 0.2101 -0.9777 0.0085 0.2444 -0.9696 0.0097 0.2785 -0.9604 0.0109 0.3122 -0.9500 0.0121 0.3455 -0.9383 0.0132 0.3784 -0.9256 0.0143 0.4108 -0.9116 0.0155 0.4427 -0.8965 0.0166 0.4740 -0.8804 0.0176 0.5048 -0.8631 0.0187 0.5349 -0.8447 0.0197 0.5644 -0.8253 0.0207 0.5931 -0.8048 0.0217 0.6211 -0.7834 0.0226 0.6484 -0.7610 0.0236 0.6748 -0.7376 0.0245 0.7004 -0.7133 0.0253 0.7251 -0.6881 0.0262 0.7490 -0.6621 0.0270 0.7718 -0.6352 0.0277 0.7938 -0.6076 0.0284 0.8147 -0.5792 0.0291 0.8346 -0.5501 0.0298 0.8535 -0.5202 0.0304 0.8713 -0.4898 0.0310 0.8880 -0.4587 0.0316 0.9037 -0.4271 0.0321 0.9182 -0.3949 0.0325 0.9315 -0.3622 0.0330 0.9437 -0.3291 0.0333 0.9547 -0.2956 0.0337 0.9646 -0.2617 0.0340 0.9732 -0.2274 0.0342 0.9806 -0.1929 0.0345 0.9868 -0.1582 0.0346 0.9918 -0.1232 0.0348 0.9955 -0.0881 0.0349 0.9980 -0.0529 0.0349 0.9992 -0.0176 0.0349 0.9992 0.0176 0.0349 0.9980 0.0529 0.0348 0.9955 0.0881 0.0346 0.9918 0.1232 0.0345 0.9868 0.1582 0.0342 0.9806 0.1929 0.0340 0.9732 0.2274 0.0337 0.9646 0.2617 0.0333 0.9547 0.2956 0.0330 0.9437 0.3291 0.0325 0.9315 0.3622 0.0321 0.9182 0.3949 0.0316 0.9037 0.4271 0.0310 0.8880 0.4587 0.0304 0.8713 0.4898 0.0298 0.8535 0.5202 0.0291 0.8346 0.5501 0.0284 0.8147 0.5792 0.0277 0.7938 0.6076 0.0270 0.7718 0.6352 0.0262 0.7490 0.6621 0.0253 0.7251 0.6881 0.0245 0.7004 0.7133 0.0236 0.6748 0.7376 0.0226 0.6484 0.7610 0.0217 0.6211 0.7834 0.0207 0.5931 0.8048 0.0197 0.5644 0.8253 0.0187 0.5349 0.8447 0.0176 0.5048 0.8631 0.0166 0.4740 0.8804 0.0155 0.4427 0.8965 0.0143 0.4108 0.9116 0.0132 0.3784 0.9256 0.0121 0.3455 0.9383 0.0109 0.3122 0.9500 0.0097 0.2785 0.9604 0.0085 0.2444 0.9696 0.0073 0.2101 0.9777 0.0061 0.1755 0.9845 0.0049 0.1406 0.9900 0.0037 0.1056 0.9944 0.0025 0.0705 0.9975 0.0012 0.0353 0.9994 0.0000 0.0353 -0.9994 0.0000 0.0705 -0.9975 0.0000 0.1057 -0.9944 0.0000 0.1407 -0.9900 0.0000 0.1756 -0.9845 0.0000 0.2102 -0.9777 0.0000 0.2446 -0.9696 0.0000 0.2787 -0.9604 0.0000 0.3124 -0.9500 0.0000 0.3457 -0.9383 0.0000 0.3786 -0.9256 0.0000 0.4110 -0.9116 0.0000 0.4429 -0.8965 0.0000 0.4743 -0.8804 0.0000 0.5051 -0.8631 0.0000 0.5352 -0.8447 0.0000 0.5647 -0.8253 0.0000 0.5935 -0.8048 0.0000 0.6215 -0.7834 0.0000 0.6488 -0.7610 0.0000 0.6752 -0.7376 0.0000 0.7008 -0.7133 0.0000 0.7256 -0.6881 0.0000 0.7494 -0.6621 0.0000 0.7723 -0.6352 0.0000 0.7942 -0.6076 0.0000 0.8152 -0.5792 0.0000 0.8351 -0.5501 0.0000 0.8540 -0.5202 0.0000 0.8718 -0.4898 0.0000 0.8886 -0.4587 0.0000 0.9042 -0.4271 0.0000 0.9187 -0.3949 0.0000 0.9321 -0.3622 0.0000 0.9443 -0.3291 0.0000 0.9553 -0.2956 0.0000 0.9652 -0.2617 0.0000 0.9738 -0.2274 0.0000 0.9812 -0.1929 0.0000 0.9874 -0.1582 0.0000 0.9924 -0.1232 0.0000 0.9961 -0.0881 0.0000 0.9986 -0.0529 0.0000 0.9998 -0.0176 0.0000 0.9998 0.0176 0.0000 0.9986 0.0529 0.0000 0.9961 0.0881 0.0000 0.9924 0.1232 0.0000 0.9874 0.1582 0.0000 0.9812 0.1929 0.0000 0.9738 0.2274 0.0000 0.9652 0.2617 0.0000 0.9553 0.2956 0.0000 0.9443 0.3291 0.0000 0.9321 0.3622 0.0000 0.9187 0.3949 0.0000 0.9042 0.4271 0.0000 0.8886 0.4587 0.0000 0.8718 0.4898 0.0000 0.8540 0.5202 0.0000 0.8351 0.5501 0.0000 0.8152 0.5792 0.0000 0.7942 0.6076 0.0000 0.7723 0.6352 0.0000 0.7494 0.6621 0.0000 0.7256 0.6881 0.0000 0.7008 0.7133 0.0000 0.6752 0.7376 0.0000 0.6488 0.7610 0.0000 0.6215 0.7834 0.0000 0.5935 0.8048 0.0000 0.5647 0.8253 0.0000 0.5352 0.8447 0.0000 0.5051 0.8631 0.0000 0.4743 0.8804 0.0000 0.4429 0.8965 0.0000 0.4110 0.9116 0.0000 0.3786 0.9256 0.0000 0.3457 0.9383 0.0000 0.3124 0.9500 0.0000 0.2787 0.9604 0.0000 0.2446 0.9696 0.0000 0.2102 0.9777 0.0000 0.1756 0.9845 0.0000 0.1407 0.9900 0.0000 0.1057 0.9944 0.0000 0.0705 0.9975 0.0000 0.0353 0.9994 -0.0012 0.0353 -0.9994 -0.0025 0.0705 -0.9975 -0.0037 0.1056 -0.9944 -0.0049 0.1406 -0.9900 -0.0061 0.1755 -0.9845 -0.0073 0.2101 -0.9777 -0.0085 0.2444 -0.9696 -0.0097 0.2785 -0.9604 -0.0109 0.3122 -0.9500 -0.0121 0.3455 -0.9383 -0.0132 0.3784 -0.9256 -0.0143 0.4108 -0.9116 -0.0155 0.4427 -0.8965 -0.0166 0.4740 -0.8804 -0.0176 0.5048 -0.8631 -0.0187 0.5349 -0.8447 -0.0197 0.5644 -0.8253 -0.0207 0.5931 -0.8048 -0.0217 0.6211 -0.7834 -0.0226 0.6484 -0.7610 -0.0236 0.6748 -0.7376 -0.0245 0.7004 -0.7133 -0.0253 0.7251 -0.6881 -0.0262 0.7490 -0.6621 -0.0270 0.7718 -0.6352 -0.0277 0.7938 -0.6076 -0.0284 0.8147 -0.5792 -0.0291 0.8346 -0.5501 -0.0298 0.8535 -0.5202 -0.0304 0.8713 -0.4898 -0.0310 0.8880 -0.4587 -0.0316 0.9037 -0.4271 -0.0321 0.9182 -0.3949 -0.0325 0.9315 -0.3622 -0.0330 0.9437 -0.3291 -0.0333 0.9547 -0.2956 -0.0337 0.9646 -0.2617 -0.0340 0.9732 -0.2274 -0.0342 0.9806 -0.1929 -0.0345 0.9868 -0.1582 -0.0346 0.9918 -0.1232 -0.0348 0.9955 -0.0881 -0.0349 0.9980 -0.0529 -0.0349 0.9992 -0.0176 -0.0349 0.9992 0.0176 -0.0349 0.9980 0.0529 -0.0348 0.9955 0.0881 -0.0346 0.9918 0.1232 -0.0345 0.9868 0.1582 -0.0342 0.9806 0.1929 -0.0340 0.9732 0.2274 -0.0337 0.9646 0.2617 -0.0333 0.9547 0.2956 -0.0330 0.9437 0.3291 -0.0325 0.9315 0.3622 -0.0321 0.9182 0.3949 -0.0316 0.9037 0.4271 -0.0310 0.8880 0.4587 -0.0304 0.8713 0.4898 -0.0298 0.8535 0.5202 -0.0291 0.8346 0.5501 -0.0284 0.8147 0.5792 -0.0277 0.7938 0.6076 -0.0270 0.7718 0.6352 -0.0262 0.7490 0.6621 -0.0253 0.7251 0.6881 -0.0245 0.7004 0.7133 -0.0236 0.6748 0.7376 -0.0226 0.6484 0.7610 -0.0217 0.6211 0.7834 -0.0207 0.5931 0.8048 -0.0197 0.5644 0.8253 -0.0187 0.5349 0.8447 -0.0176 0.5048 0.8631 -0.0166 0.4740 0.8804 -0.0155 0.4427 0.8965 -0.0143 0.4108 0.9116 -0.0132 0.3784 0.9256 -0.0121 0.3455 0.9383 -0.0109 0.3122 0.9500 -0.0097 0.2785 0.9604 -0.0085 0.2444 0.9696 -0.0073 0.2101 0.9777 -0.0061 0.1755 0.9845 -0.0049 0.1406 0.9900 -0.0037 0.1056 0.9944 -0.0025 0.0705 0.9975 -0.0012 0.0353 0.9994 -0.0025 0.0352 -0.9994 -0.0049 0.0704 -0.9975 -0.0074 0.1054 -0.9944 -0.0098 0.1404 -0.9900 -0.0122 0.1752 -0.9845 -0.0147 0.2097 -0.9777 -0.0171 0.2440 -0.9696 -0.0194 0.2780 -0.9604 -0.0218 0.3116 -0.9500 -0.0241 0.3449 -0.9383 -0.0264 0.3777 -0.9256 -0.0287 0.4100 -0.9116 -0.0309 0.4419 -0.8965 -0.0331 0.4732 -0.8804 -0.0352 0.5039 -0.8631 -0.0373 0.5339 -0.8447 -0.0394 0.5633 -0.8253 -0.0414 0.5920 -0.8048 -0.0434 0.6200 -0.7834 -0.0453 0.6472 -0.7610 -0.0471 0.6736 -0.7376 -0.0489 0.6991 -0.7133 -0.0506 0.7238 -0.6881 -0.0523 0.7476 -0.6621 -0.0539 0.7704 -0.6352 -0.0554 0.7923 -0.6076 -0.0569 0.8132 -0.5792 -0.0583 0.8331 -0.5501 -0.0596 0.8519 -0.5202 -0.0608 0.8697 -0.4898 -0.0620 0.8864 -0.4587 -0.0631 0.9020 -0.4271 -0.0641 0.9165 -0.3949 -0.0650 0.9298 -0.3622 -0.0659 0.9420 -0.3291 -0.0666 0.9530 -0.2956 -0.0673 0.9628 -0.2617 -0.0679 0.9714 -0.2274 -0.0684 0.9788 -0.1929 -0.0689 0.9850 -0.1582 -0.0692 0.9900 -0.1232 -0.0695 0.9937 -0.0881 -0.0697 0.9962 -0.0529 -0.0697 0.9974 -0.0176 -0.0697 0.9974 0.0176 -0.0697 0.9962 0.0529 -0.0695 0.9937 0.0881 -0.0692 0.9900 0.1232 -0.0689 0.9850 0.1582 -0.0684 0.9788 0.1929 -0.0679 0.9714 0.2274 -0.0673 0.9628 0.2617 -0.0666 0.9530 0.2956 -0.0659 0.9420 0.3291 -0.0650 0.9298 0.3622 -0.0641 0.9165 0.3949 -0.0631 0.9020 0.4271 -0.0620 0.8864 0.4587 -0.0608 0.8697 0.4898 -0.0596 0.8519 0.5202 -0.0583 0.8331 0.5501 -0.0569 0.8132 0.5792 -0.0554 0.7923 0.6076 -0.0539 0.7704 0.6352 -0.0523 0.7476 0.6621 -0.0506 0.7238 0.6881 -0.0489 0.6991 0.7133 -0.0471 0.6736 0.7376 -0.0453 0.6472 0.7610 -0.0434 0.6200 0.7834 -0.0414 0.5920 0.8048 -0.0394 0.5633 0.8253 -0.0373 0.5339 0.8447 -0.0352 0.5039 0.8631 -0.0331 0.4732 0.8804 -0.0309 0.4419 0.8965 -0.0287 0.4100 0.9116 -0.0264 0.3777 0.9256 -0.0241 0.3449 0.9383 -0.0218 0.3116 0.9500 -0.0194 0.2780 0.9604 -0.0171 0.2440 0.9696 -0.0147 0.2097 0.9777 -0.0122 0.1752 0.9845 -0.0098 0.1404 0.9900 -0.0074 0.1054 0.9944 -0.0049 0.0704 0.9975 -0.0025 0.0352 0.9994 -0.0037 0.0351 -0.9994 -0.0074 0.0702 -0.9975 -0.0110 0.1051 -0.9944 -0.0147 0.1400 -0.9900 -0.0184 0.1746 -0.9845 -0.0220 0.2091 -0.9777 -0.0256 0.2432 -0.9696 -0.0291 0.2771 -0.9604 -0.0327 0.3107 -0.9500 -0.0361 0.3438 -0.9383 -0.0396 0.3765 -0.9256 -0.0430 0.4088 -0.9116 -0.0463 0.4405 -0.8965 -0.0496 0.4717 -0.8804 -0.0528 0.5023 -0.8631 -0.0559 0.5323 -0.8447 -0.0590 0.5616 -0.8253 -0.0620 0.5902 -0.8048 -0.0650 0.6181 -0.7834 -0.0678 0.6452 -0.7610 -0.0706 0.6715 -0.7376 -0.0733 0.6970 -0.7133 -0.0758 0.7216 -0.6881 -0.0783 0.7453 -0.6621 -0.0807 0.7681 -0.6352 -0.0830 0.7899 -0.6076 -0.0852 0.8107 -0.5792 -0.0873 0.8306 -0.5501 -0.0893 0.8493 -0.5202 -0.0911 0.8671 -0.4898 -0.0929 0.8837 -0.4587 -0.0945 0.8993 -0.4271 -0.0960 0.9137 -0.3949 -0.0974 0.9270 -0.3622 -0.0987 0.9391 -0.3291 -0.0999 0.9501 -0.2956 -0.1009 0.9599 -0.2617 -0.1018 0.9685 -0.2274 -0.1026 0.9758 -0.1929 -0.1032 0.9820 -0.1582 -0.1037 0.9869 -0.1232 -0.1041 0.9907 -0.0881 -0.1044 0.9931 -0.0529 -0.1045 0.9944 -0.0176 -0.1045 0.9944 0.0176 -0.1044 0.9931 0.0529 -0.1041 0.9907 0.0881 -0.1037 0.9869 0.1232 -0.1032 0.9820 0.1582 -0.1026 0.9758 0.1929 -0.1018 0.9685 0.2274 -0.1009 0.9599 0.2617 -0.0999 0.9501 0.2956 -0.0987 0.9391 0.3291 -0.0974 0.9270 0.3622 -0.0960 0.9137 0.3949 -0.0945 0.8993 0.4271 -0.0929 0.8837 0.4587 -0.0911 0.8671 0.4898 -0.0893 0.8493 0.5202 -0.0873 0.8306 0.5501 -0.0852 0.8107 0.5792 -0.0830 0.7899 0.6076 -0.0807 0.7681 0.6352 -0.0783 0.7453 0.6621 -0.0758 0.7216 0.6881 -0.0733 0.6970 0.7133 -0.0706 0.6715 0.7376 -0.0678 0.6452 0.7610 -0.0650 0.6181 0.7834 -0.0620 0.5902 0.8048 -0.0590 0.5616 0.8253 -0.0559 0.5323 0.8447 -0.0528 0.5023 0.8631 -0.0496 0.4717 0.8804 -0.0463 0.4405 0.8965 -0.0430 0.4088 0.9116 -0.0396 0.3765 0.9256 -0.0361 0.3438 0.9383 -0.0327 0.3107 0.9500 -0.0291 0.2771 0.9604 -0.0256 0.2432 0.9696 -0.0220 0.2091 0.9777 -0.0184 0.1746 0.9845 -0.0147 0.1400 0.9900 -0.0110 0.1051 0.9944 -0.0074 0.0702 0.9975 -0.0037 0.0351 0.9994 -0.0049 0.0349 -0.9994 -0.0098 0.0699 -0.9975 -0.0147 0.1047 -0.9944 -0.0196 0.1394 -0.9900 -0.0244 0.1739 -0.9845 -0.0293 0.2082 -0.9777 -0.0340 0.2422 -0.9696 -0.0388 0.2759 -0.9604 -0.0435 0.3093 -0.9500 -0.0481 0.3423 -0.9383 -0.0527 0.3749 -0.9256 -0.0572 0.4070 -0.9116 -0.0616 0.4386 -0.8965 -0.0660 0.4697 -0.8804 -0.0703 0.5002 -0.8631 -0.0745 0.5300 -0.8447 -0.0786 0.5592 -0.8253 -0.0826 0.5877 -0.8048 -0.0865 0.6155 -0.7834 -0.0903 0.6425 -0.7610 -0.0940 0.6687 -0.7376 -0.0975 0.6940 -0.7133 -0.1010 0.7185 -0.6881 -0.1043 0.7421 -0.6621 -0.1075 0.7648 -0.6352 -0.1105 0.7865 -0.6076 -0.1135 0.8073 -0.5792 -0.1162 0.8270 -0.5501 -0.1189 0.8457 -0.5202 -0.1213 0.8634 -0.4898 -0.1237 0.8799 -0.4587 -0.1258 0.8954 -0.4271 -0.1279 0.9098 -0.3949 -0.1297 0.9230 -0.3622 -0.1314 0.9351 -0.3291 -0.1330 0.9460 -0.2956 -0.1343 0.9558 -0.2617 -0.1355 0.9643 -0.2274 -0.1366 0.9717 -0.1929 -0.1374 0.9778 -0.1582 -0.1381 0.9827 -0.1232 -0.1386 0.9864 -0.0881 -0.1390 0.9889 -0.0529 -0.1392 0.9901 -0.0176 -0.1392 0.9901 0.0176 -0.1390 0.9889 0.0529 -0.1386 0.9864 0.0881 -0.1381 0.9827 0.1232 -0.1374 0.9778 0.1582 -0.1366 0.9717 0.1929 -0.1355 0.9643 0.2274 -0.1343 0.9558 0.2617 -0.1330 0.9460 0.2956 -0.1314 0.9351 0.3291 -0.1297 0.9230 0.3622 -0.1279 0.9098 0.3949 -0.1258 0.8954 0.4271 -0.1237 0.8799 0.4587 -0.1213 0.8634 0.4898 -0.1189 0.8457 0.5202 -0.1162 0.8270 0.5501 -0.1135 0.8073 0.5792 -0.1105 0.7865 0.6076 -0.1075 0.7648 0.6352 -0.1043 0.7421 0.6621 -0.1010 0.7185 0.6881 -0.0975 0.6940 0.7133 -0.0940 0.6687 0.7376 -0.0903 0.6425 0.7610 -0.0865 0.6155 0.7834 -0.0826 0.5877 0.8048 -0.0786 0.5592 0.8253 -0.0745 0.5300 0.8447 -0.0703 0.5002 0.8631 -0.0660 0.4697 0.8804 -0.0616 0.4386 0.8965 -0.0572 0.4070 0.9116 -0.0527 0.3749 0.9256 -0.0481 0.3423 0.9383 -0.0435 0.3093 0.9500 -0.0388 0.2759 0.9604 -0.0340 0.2422 0.9696 -0.0293 0.2082 0.9777 -0.0244 0.1739 0.9845 -0.0196 0.1394 0.9900 -0.0147 0.1047 0.9944 -0.0098 0.0699 0.9975 -0.0049 0.0349 0.9994 -0.0061 0.0348 -0.9994 -0.0122 0.0695 -0.9975 -0.0184 0.1041 -0.9944 -0.0244 0.1386 -0.9900 -0.0305 0.1729 -0.9845 -0.0365 0.2070 -0.9777 -0.0425 0.2409 -0.9696 -0.0484 0.2744 -0.9604 -0.0542 0.3076 -0.9500 -0.0600 0.3405 -0.9383 -0.0657 0.3729 -0.9256 -0.0714 0.4048 -0.9116 -0.0769 0.4362 -0.8965 -0.0824 0.4671 -0.8804 -0.0877 0.4974 -0.8631 -0.0929 0.5271 -0.8447 -0.0981 0.5561 -0.8253 -0.1031 0.5845 -0.8048 -0.1079 0.6121 -0.7834 -0.1127 0.6389 -0.7610 -0.1173 0.6650 -0.7376 -0.1217 0.6902 -0.7133 -0.1260 0.7146 -0.6881 -0.1301 0.7380 -0.6621 -0.1341 0.7606 -0.6352 -0.1379 0.7822 -0.6076 -0.1416 0.8028 -0.5792 -0.1450 0.8224 -0.5501 -0.1483 0.8410 -0.5202 -0.1514 0.8586 -0.4898 -0.1543 0.8751 -0.4587 -0.1570 0.8905 -0.4271 -0.1595 0.9048 -0.3949 -0.1619 0.9179 -0.3622 -0.1640 0.9300 -0.3291 -0.1659 0.9408 -0.2956 -0.1676 0.9505 -0.2617 -0.1691 0.9590 -0.2274 -0.1704 0.9663 -0.1929 -0.1715 0.9724 -0.1582 -0.1723 0.9773 -0.1232 -0.1730 0.9810 -0.0881 -0.1734 0.9834 -0.0529 -0.1736 0.9847 -0.0176 -0.1736 0.9847 0.0176 -0.1734 0.9834 0.0529 -0.1730 0.9810 0.0881 -0.1723 0.9773 0.1232 -0.1715 0.9724 0.1582 -0.1704 0.9663 0.1929 -0.1691 0.9590 0.2274 -0.1676 0.9505 0.2617 -0.1659 0.9408 0.2956 -0.1640 0.9300 0.3291 -0.1619 0.9179 0.3622 -0.1595 0.9048 0.3949 -0.1570 0.8905 0.4271 -0.1543 0.8751 0.4587 -0.1514 0.8586 0.4898 -0.1483 0.8410 0.5202 -0.1450 0.8224 0.5501 -0.1416 0.8028 0.5792 -0.1379 0.7822 0.6076 -0.1341 0.7606 0.6352 -0.1301 0.7380 0.6621 -0.1260 0.7146 0.6881 -0.1217 0.6902 0.7133 -0.1173 0.6650 0.7376 -0.1127 0.6389 0.7610 -0.1079 0.6121 0.7834 -0.1031 0.5845 0.8048 -0.0981 0.5561 0.8253 -0.0929 0.5271 0.8447 -0.0877 0.4974 0.8631 -0.0824 0.4671 0.8804 -0.0769 0.4362 0.8965 -0.0714 0.4048 0.9116 -0.0657 0.3729 0.9256 -0.0600 0.3405 0.9383 -0.0542 0.3076 0.9500 -0.0484 0.2744 0.9604 -0.0425 0.2409 0.9696 -0.0365 0.2070 0.9777 -0.0305 0.1729 0.9845 -0.0244 0.1386 0.9900 -0.0184 0.1041 0.9944 -0.0122 0.0695 0.9975 -0.0061 0.0348 0.9994 -0.0073 0.0345 -0.9994 -0.0147 0.0690 -0.9975 -0.0220 0.1034 -0.9944 -0.0293 0.1377 -0.9900 -0.0365 0.1717 -0.9845 -0.0437 0.2056 -0.9777 -0.0509 0.2392 -0.9696 -0.0579 0.2726 -0.9604 -0.0649 0.3055 -0.9500 -0.0719 0.3381 -0.9383 -0.0787 0.3703 -0.9256 -0.0855 0.4020 -0.9116 -0.0921 0.4333 -0.8965 -0.0986 0.4639 -0.8804 -0.1050 0.4940 -0.8631 -0.1113 0.5235 -0.8447 -0.1174 0.5524 -0.8253 -0.1234 0.5805 -0.8048 -0.1292 0.6079 -0.7834 -0.1349 0.6346 -0.7610 -0.1404 0.6605 -0.7376 -0.1457 0.6855 -0.7133 -0.1509 0.7097 -0.6881 -0.1558 0.7330 -0.6621 -0.1606 0.7554 -0.6352 -0.1651 0.7769 -0.6076 -0.1695 0.7974 -0.5792 -0.1736 0.8169 -0.5501 -0.1776 0.8354 -0.5202 -0.1813 0.8528 -0.4898 -0.1847 0.8692 -0.4587 -0.1880 0.8845 -0.4271 -0.1910 0.8987 -0.3949 -0.1938 0.9117 -0.3622 -0.1963 0.9237 -0.3291 -0.1986 0.9344 -0.2956 -0.2007 0.9441 -0.2617 -0.2025 0.9525 -0.2274 -0.2040 0.9598 -0.1929 -0.2053 0.9658 -0.1582 -0.2063 0.9707 -0.1232 -0.2071 0.9743 -0.0881 -0.2076 0.9768 -0.0529 -0.2079 0.9780 -0.0176 -0.2079 0.9780 0.0176 -0.2076 0.9768 0.0529 -0.2071 0.9743 0.0881 -0.2063 0.9707 0.1232 -0.2053 0.9658 0.1582 -0.2040 0.9598 0.1929 -0.2025 0.9525 0.2274 -0.2007 0.9441 0.2617 -0.1986 0.9344 0.2956 -0.1963 0.9237 0.3291 -0.1938 0.9117 0.3622 -0.1910 0.8987 0.3949 -0.1880 0.8845 0.4271 -0.1847 0.8692 0.4587 -0.1813 0.8528 0.4898 -0.1776 0.8354 0.5202 -0.1736 0.8169 0.5501 -0.1695 0.7974 0.5792 -0.1651 0.7769 0.6076 -0.1606 0.7554 0.6352 -0.1558 0.7330 0.6621 -0.1509 0.7097 0.6881 -0.1457 0.6855 0.7133 -0.1404 0.6605 0.7376 -0.1349 0.6346 0.7610 -0.1292 0.6079 0.7834 -0.1234 0.5805 0.8048 -0.1174 0.5524 0.8253 -0.1113 0.5235 0.8447 -0.1050 0.4940 0.8631 -0.0986 0.4639 0.8804 -0.0921 0.4333 0.8965 -0.0855 0.4020 0.9116 -0.0787 0.3703 0.9256 -0.0719 0.3381 0.9383 -0.0649 0.3055 0.9500 -0.0579 0.2726 0.9604 -0.0509 0.2392 0.9696 -0.0437 0.2056 0.9777 -0.0365 0.1717 0.9845 -0.0293 0.1377 0.9900 -0.0220 0.1034 0.9944 -0.0147 0.0690 0.9975 -0.0073 0.0345 0.9994 -0.0085 0.0342 -0.9994 -0.0171 0.0684 -0.9975 -0.0256 0.1026 -0.9944 -0.0340 0.1365 -0.9900 -0.0425 0.1704 -0.9845 -0.0509 0.2040 -0.9777 -0.0592 0.2373 -0.9696 -0.0674 0.2704 -0.9604 -0.0756 0.3031 -0.9500 -0.0836 0.3354 -0.9383 -0.0916 0.3674 -0.9256 -0.0994 0.3988 -0.9116 -0.1072 0.4298 -0.8965 -0.1147 0.4602 -0.8804 -0.1222 0.4901 -0.8631 -0.1295 0.5193 -0.8447 -0.1366 0.5479 -0.8253 -0.1436 0.5759 -0.8048 -0.1504 0.6031 -0.7834 -0.1570 0.6295 -0.7610 -0.1634 0.6552 -0.7376 -0.1695 0.6800 -0.7133 -0.1755 0.7040 -0.6881 -0.1813 0.7271 -0.6621 -0.1868 0.7494 -0.6352 -0.1921 0.7707 -0.6076 -0.1972 0.7910 -0.5792 -0.2020 0.8103 -0.5501 -0.2066 0.8287 -0.5202 -0.2109 0.8460 -0.4898 -0.2150 0.8622 -0.4587 -0.2188 0.8774 -0.4271 -0.2223 0.8914 -0.3949 -0.2255 0.9044 -0.3622 -0.2284 0.9162 -0.3291 -0.2311 0.9269 -0.2956 -0.2335 0.9365 -0.2617 -0.2356 0.9449 -0.2274 -0.2374 0.9521 -0.1929 -0.2389 0.9581 -0.1582 -0.2401 0.9629 -0.1232 -0.2410 0.9665 -0.0881 -0.2416 0.9689 -0.0529 -0.2419 0.9701 -0.0176 -0.2419 0.9701 0.0176 -0.2416 0.9689 0.0529 -0.2410 0.9665 0.0881 -0.2401 0.9629 0.1232 -0.2389 0.9581 0.1582 -0.2374 0.9521 0.1929 -0.2356 0.9449 0.2274 -0.2335 0.9365 0.2617 -0.2311 0.9269 0.2956 -0.2284 0.9162 0.3291 -0.2255 0.9044 0.3622 -0.2223 0.8914 0.3949 -0.2188 0.8774 0.4271 -0.2150 0.8622 0.4587 -0.2109 0.8460 0.4898 -0.2066 0.8287 0.5202 -0.2020 0.8103 0.5501 -0.1972 0.7910 0.5792 -0.1921 0.7707 0.6076 -0.1868 0.7494 0.6352 -0.1813 0.7271 0.6621 -0.1755 0.7040 0.6881 -0.1695 0.6800 0.7133 -0.1634 0.6552 0.7376 -0.1570 0.6295 0.7610 -0.1504 0.6031 0.7834 -0.1436 0.5759 0.8048 -0.1366 0.5479 0.8253 -0.1295 0.5193 0.8447 -0.1222 0.4901 0.8631 -0.1147 0.4602 0.8804 -0.1072 0.4298 0.8965 -0.0994 0.3988 0.9116 -0.0916 0.3674 0.9256 -0.0836 0.3354 0.9383 -0.0756 0.3031 0.9500 -0.0674 0.2704 0.9604 -0.0592 0.2373 0.9696 -0.0509 0.2040 0.9777 -0.0425 0.1704 0.9845 -0.0340 0.1365 0.9900 -0.0256 0.1026 0.9944 -0.0171 0.0684 0.9975 -0.0085 0.0342 0.9994 -0.0097 0.0339 -0.9994 -0.0194 0.0678 -0.9975 -0.0291 0.1016 -0.9944 -0.0388 0.1353 -0.9900 -0.0484 0.1688 -0.9845 -0.0579 0.2021 -0.9777 -0.0674 0.2351 -0.9696 -0.0768 0.2679 -0.9604 -0.0861 0.3003 -0.9500 -0.0953 0.3323 -0.9383 -0.1044 0.3639 -0.9256 -0.1133 0.3951 -0.9116 -0.1221 0.4258 -0.8965 -0.1307 0.4559 -0.8804 -0.1392 0.4855 -0.8631 -0.1475 0.5145 -0.8447 -0.1557 0.5428 -0.8253 -0.1636 0.5705 -0.8048 -0.1713 0.5974 -0.7834 -0.1788 0.6236 -0.7610 -0.1861 0.6491 -0.7376 -0.1932 0.6737 -0.7133 -0.2000 0.6975 -0.6881 -0.2066 0.7204 -0.6621 -0.2129 0.7424 -0.6352 -0.2189 0.7635 -0.6076 -0.2247 0.7836 -0.5792 -0.2302 0.8028 -0.5501 -0.2354 0.8209 -0.5202 -0.2403 0.8381 -0.4898 -0.2449 0.8542 -0.4587 -0.2492 0.8692 -0.4271 -0.2532 0.8831 -0.3949 -0.2569 0.8960 -0.3622 -0.2603 0.9077 -0.3291 -0.2633 0.9183 -0.2956 -0.2660 0.9278 -0.2617 -0.2684 0.9361 -0.2274 -0.2705 0.9432 -0.1929 -0.2722 0.9492 -0.1582 -0.2735 0.9539 -0.1232 -0.2746 0.9575 -0.0881 -0.2753 0.9599 -0.0529 -0.2756 0.9611 -0.0176 -0.2756 0.9611 0.0176 -0.2753 0.9599 0.0529 -0.2746 0.9575 0.0881 -0.2735 0.9539 0.1232 -0.2722 0.9492 0.1582 -0.2705 0.9432 0.1929 -0.2684 0.9361 0.2274 -0.2660 0.9278 0.2617 -0.2633 0.9183 0.2956 -0.2603 0.9077 0.3291 -0.2569 0.8960 0.3622 -0.2532 0.8831 0.3949 -0.2492 0.8692 0.4271 -0.2449 0.8542 0.4587 -0.2403 0.8381 0.4898 -0.2354 0.8209 0.5202 -0.2302 0.8028 0.5501 -0.2247 0.7836 0.5792 -0.2189 0.7635 0.6076 -0.2129 0.7424 0.6352 -0.2066 0.7204 0.6621 -0.2000 0.6975 0.6881 -0.1932 0.6737 0.7133 -0.1861 0.6491 0.7376 -0.1788 0.6236 0.7610 -0.1713 0.5974 0.7834 -0.1636 0.5705 0.8048 -0.1557 0.5428 0.8253 -0.1475 0.5145 0.8447 -0.1392 0.4855 0.8631 -0.1307 0.4559 0.8804 -0.1221 0.4258 0.8965 -0.1133 0.3951 0.9116 -0.1044 0.3639 0.9256 -0.0953 0.3323 0.9383 -0.0861 0.3003 0.9500 -0.0768 0.2679 0.9604 -0.0674 0.2351 0.9696 -0.0579 0.2021 0.9777 -0.0484 0.1688 0.9845 -0.0388 0.1353 0.9900 -0.0291 0.1016 0.9944 -0.0194 0.0678 0.9975 -0.0097 0.0339 0.9994 -0.0109 0.0336 -0.9994 -0.0218 0.0671 -0.9975 -0.0327 0.1005 -0.9944 -0.0435 0.1338 -0.9900 -0.0543 0.1670 -0.9845 -0.0650 0.1999 -0.9777 -0.0756 0.2326 -0.9696 -0.0861 0.2650 -0.9604 -0.0965 0.2971 -0.9500 -0.1068 0.3288 -0.9383 -0.1170 0.3601 -0.9256 -0.1270 0.3909 -0.9116 -0.1369 0.4213 -0.8965 -0.1466 0.4511 -0.8804 -0.1561 0.4804 -0.8631 -0.1654 0.5090 -0.8447 -0.1745 0.5371 -0.8253 -0.1834 0.5644 -0.8048 -0.1921 0.5911 -0.7834 -0.2005 0.6170 -0.7610 -0.2087 0.6422 -0.7376 -0.2166 0.6665 -0.7133 -0.2242 0.6901 -0.6881 -0.2316 0.7127 -0.6621 -0.2387 0.7345 -0.6352 -0.2454 0.7554 -0.6076 -0.2519 0.7753 -0.5792 -0.2581 0.7943 -0.5501 -0.2639 0.8122 -0.5202 -0.2694 0.8292 -0.4898 -0.2746 0.8451 -0.4587 -0.2794 0.8600 -0.4271 -0.2839 0.8738 -0.3949 -0.2880 0.8865 -0.3622 -0.2918 0.8981 -0.3291 -0.2952 0.9086 -0.2956 -0.2983 0.9179 -0.2617 -0.3009 0.9261 -0.2274 -0.3032 0.9332 -0.1929 -0.3051 0.9391 -0.1582 -0.3067 0.9438 -0.1232 -0.3078 0.9474 -0.0881 -0.3086 0.9497 -0.0529 -0.3090 0.9509 -0.0176 -0.3090 0.9509 0.0176 -0.3086 0.9497 0.0529 -0.3078 0.9474 0.0881 -0.3067 0.9438 0.1232 -0.3051 0.9391 0.1582 -0.3032 0.9332 0.1929 -0.3009 0.9261 0.2274 -0.2983 0.9179 0.2617 -0.2952 0.9086 0.2956 -0.2918 0.8981 0.3291 -0.2880 0.8865 0.3622 -0.2839 0.8738 0.3949 -0.2794 0.8600 0.4271 -0.2746 0.8451 0.4587 -0.2694 0.8292 0.4898 -0.2639 0.8122 0.5202 -0.2581 0.7943 0.5501 -0.2519 0.7753 0.5792 -0.2454 0.7554 0.6076 -0.2387 0.7345 0.6352 -0.2316 0.7127 0.6621 -0.2242 0.6901 0.6881 -0.2166 0.6665 0.7133 -0.2087 0.6422 0.7376 -0.2005 0.6170 0.7610 -0.1921 0.5911 0.7834 -0.1834 0.5644 0.8048 -0.1745 0.5371 0.8253 -0.1654 0.5090 0.8447 -0.1561 0.4804 0.8631 -0.1466 0.4511 0.8804 -0.1369 0.4213 0.8965 -0.1270 0.3909 0.9116 -0.1170 0.3601 0.9256 -0.1068 0.3288 0.9383 -0.0965 0.2971 0.9500 -0.0861 0.2650 0.9604 -0.0756 0.2326 0.9696 -0.0650 0.1999 0.9777 -0.0543 0.1670 0.9845 -0.0435 0.1338 0.9900 -0.0327 0.1005 0.9944 -0.0218 0.0671 0.9975 -0.0109 0.0336 0.9994 -0.0121 0.0332 -0.9994 -0.0241 0.0663 -0.9975 -0.0362 0.0993 -0.9944 -0.0481 0.1322 -0.9900 -0.0601 0.1650 -0.9845 -0.0719 0.1975 -0.9777 -0.0837 0.2298 -0.9696 -0.0953 0.2618 -0.9604 -0.1068 0.2935 -0.9500 -0.1182 0.3249 -0.9383 -0.1295 0.3558 -0.9256 -0.1406 0.3862 -0.9116 -0.1515 0.4162 -0.8965 -0.1622 0.4457 -0.8804 -0.1727 0.4746 -0.8631 -0.1831 0.5030 -0.8447 -0.1931 0.5307 -0.8253 -0.2030 0.5577 -0.8048 -0.2126 0.5840 -0.7834 -0.2219 0.6097 -0.7610 -0.2309 0.6345 -0.7376 -0.2397 0.6586 -0.7133 -0.2482 0.6818 -0.6881 -0.2563 0.7042 -0.6621 -0.2641 0.7257 -0.6352 -0.2716 0.7463 -0.6076 -0.2788 0.7660 -0.5792 -0.2856 0.7848 -0.5501 -0.2921 0.8025 -0.5202 -0.2982 0.8193 -0.4898 -0.3039 0.8350 -0.4587 -0.3093 0.8497 -0.4271 -0.3142 0.8633 -0.3949 -0.3188 0.8759 -0.3622 -0.3230 0.8874 -0.3291 -0.3267 0.8977 -0.2956 -0.3301 0.9070 -0.2617 -0.3331 0.9151 -0.2274 -0.3356 0.9220 -0.1929 -0.3377 0.9279 -0.1582 -0.3394 0.9325 -0.1232 -0.3407 0.9360 -0.0881 -0.3415 0.9384 -0.0529 -0.3420 0.9395 -0.0176 -0.3420 0.9395 0.0176 -0.3415 0.9384 0.0529 -0.3407 0.9360 0.0881 -0.3394 0.9325 0.1232 -0.3377 0.9279 0.1582 -0.3356 0.9220 0.1929 -0.3331 0.9151 0.2274 -0.3301 0.9070 0.2617 -0.3267 0.8977 0.2956 -0.3230 0.8874 0.3291 -0.3188 0.8759 0.3622 -0.3142 0.8633 0.3949 -0.3093 0.8497 0.4271 -0.3039 0.8350 0.4587 -0.2982 0.8193 0.4898 -0.2921 0.8025 0.5202 -0.2856 0.7848 0.5501 -0.2788 0.7660 0.5792 -0.2716 0.7463 0.6076 -0.2641 0.7257 0.6352 -0.2563 0.7042 0.6621 -0.2482 0.6818 0.6881 -0.2397 0.6586 0.7133 -0.2309 0.6345 0.7376 -0.2219 0.6097 0.7610 -0.2126 0.5840 0.7834 -0.2030 0.5577 0.8048 -0.1931 0.5307 0.8253 -0.1831 0.5030 0.8447 -0.1727 0.4746 0.8631 -0.1622 0.4457 0.8804 -0.1515 0.4162 0.8965 -0.1406 0.3862 0.9116 -0.1295 0.3558 0.9256 -0.1182 0.3249 0.9383 -0.1068 0.2935 0.9500 -0.0953 0.2618 0.9604 -0.0837 0.2298 0.9696 -0.0719 0.1975 0.9777 -0.0601 0.1650 0.9845 -0.0481 0.1322 0.9900 -0.0362 0.0993 0.9944 -0.0241 0.0663 0.9975 -0.0121 0.0332 0.9994 -0.0132 0.0327 -0.9994 -0.0264 0.0654 -0.9975 -0.0396 0.0980 -0.9944 -0.0527 0.1305 -0.9900 -0.0658 0.1628 -0.9845 -0.0787 0.1949 -0.9777 -0.0916 0.2268 -0.9696 -0.1044 0.2584 -0.9604 -0.1170 0.2896 -0.9500 -0.1295 0.3205 -0.9383 -0.1418 0.3510 -0.9256 -0.1540 0.3811 -0.9116 -0.1659 0.4107 -0.8965 -0.1777 0.4398 -0.8804 -0.1892 0.4683 -0.8631 -0.2005 0.4963 -0.8447 -0.2115 0.5236 -0.8253 -0.2223 0.5503 -0.8048 -0.2328 0.5763 -0.7834 -0.2430 0.6015 -0.7610 -0.2529 0.6261 -0.7376 -0.2625 0.6498 -0.7133 -0.2718 0.6727 -0.6881 -0.2807 0.6948 -0.6621 -0.2893 0.7161 -0.6352 -0.2975 0.7364 -0.6076 -0.3054 0.7558 -0.5792 -0.3128 0.7743 -0.5501 -0.3199 0.7918 -0.5202 -0.3266 0.8084 -0.4898 -0.3329 0.8239 -0.4587 -0.3387 0.8384 -0.4271 -0.3442 0.8518 -0.3949 -0.3492 0.8642 -0.3622 -0.3537 0.8755 -0.3291 -0.3579 0.8858 -0.2956 -0.3616 0.8949 -0.2617 -0.3648 0.9029 -0.2274 -0.3676 0.9098 -0.1929 -0.3699 0.9155 -0.1582 -0.3718 0.9201 -0.1232 -0.3731 0.9236 -0.0881 -0.3741 0.9259 -0.0529 -0.3745 0.9270 -0.0176 -0.3745 0.9270 0.0176 -0.3741 0.9259 0.0529 -0.3731 0.9236 0.0881 -0.3718 0.9201 0.1232 -0.3699 0.9155 0.1582 -0.3676 0.9098 0.1929 -0.3648 0.9029 0.2274 -0.3616 0.8949 0.2617 -0.3579 0.8858 0.2956 -0.3537 0.8755 0.3291 -0.3492 0.8642 0.3622 -0.3442 0.8518 0.3949 -0.3387 0.8384 0.4271 -0.3329 0.8239 0.4587 -0.3266 0.8084 0.4898 -0.3199 0.7918 0.5202 -0.3128 0.7743 0.5501 -0.3054 0.7558 0.5792 -0.2975 0.7364 0.6076 -0.2893 0.7161 0.6352 -0.2807 0.6948 0.6621 -0.2718 0.6727 0.6881 -0.2625 0.6498 0.7133 -0.2529 0.6261 0.7376 -0.2430 0.6015 0.7610 -0.2328 0.5763 0.7834 -0.2223 0.5503 0.8048 -0.2115 0.5236 0.8253 -0.2005 0.4963 0.8447 -0.1892 0.4683 0.8631 -0.1777 0.4398 0.8804 -0.1659 0.4107 0.8965 -0.1540 0.3811 0.9116 -0.1418 0.3510 0.9256 -0.1295 0.3205 0.9383 -0.1170 0.2896 0.9500 -0.1044 0.2584 0.9604 -0.0916 0.2268 0.9696 -0.0787 0.1949 0.9777 -0.0658 0.1628 0.9845 -0.0527 0.1305 0.9900 -0.0396 0.0980 0.9944 -0.0264 0.0654 0.9975 -0.0132 0.0327 0.9994 -0.0144 0.0322 -0.9994 -0.0287 0.0644 -0.9975 -0.0430 0.0966 -0.9944 -0.0572 0.1286 -0.9900 -0.0714 0.1604 -0.9845 -0.0855 0.1920 -0.9777 -0.0995 0.2234 -0.9696 -0.1133 0.2546 -0.9604 -0.1271 0.2854 -0.9500 -0.1406 0.3158 -0.9383 -0.1540 0.3459 -0.9256 -0.1672 0.3755 -0.9116 -0.1802 0.4047 -0.8965 -0.1929 0.4333 -0.8804 -0.2054 0.4614 -0.8631 -0.2177 0.4890 -0.8447 -0.2297 0.5159 -0.8253 -0.2414 0.5422 -0.8048 -0.2528 0.5678 -0.7834 -0.2639 0.5927 -0.7610 -0.2746 0.6169 -0.7376 -0.2851 0.6402 -0.7133 -0.2951 0.6628 -0.6881 -0.3048 0.6846 -0.6621 -0.3141 0.7055 -0.6352 -0.3230 0.7256 -0.6076 -0.3316 0.7447 -0.5792 -0.3397 0.7629 -0.5501 -0.3474 0.7802 -0.5202 -0.3546 0.7965 -0.4898 -0.3614 0.8118 -0.4587 -0.3678 0.8261 -0.4271 -0.3737 0.8393 -0.3949 -0.3791 0.8515 -0.3622 -0.3841 0.8627 -0.3291 -0.3886 0.8727 -0.2956 -0.3926 0.8817 -0.2617 -0.3961 0.8896 -0.2274 -0.3991 0.8964 -0.1929 -0.4016 0.9020 -0.1582 -0.4036 0.9066 -0.1232 -0.4052 0.9100 -0.0881 -0.4062 0.9123 -0.0529 -0.4067 0.9134 -0.0176 -0.4067 0.9134 0.0176 -0.4062 0.9123 0.0529 -0.4052 0.9100 0.0881 -0.4036 0.9066 0.1232 -0.4016 0.9020 0.1582 -0.3991 0.8964 0.1929 -0.3961 0.8896 0.2274 -0.3926 0.8817 0.2617 -0.3886 0.8727 0.2956 -0.3841 0.8627 0.3291 -0.3791 0.8515 0.3622 -0.3737 0.8393 0.3949 -0.3678 0.8261 0.4271 -0.3614 0.8118 0.4587 -0.3546 0.7965 0.4898 -0.3474 0.7802 0.5202 -0.3397 0.7629 0.5501 -0.3316 0.7447 0.5792 -0.3230 0.7256 0.6076 -0.3141 0.7055 0.6352 -0.3048 0.6846 0.6621 -0.2951 0.6628 0.6881 -0.2851 0.6402 0.7133 -0.2746 0.6169 0.7376 -0.2639 0.5927 0.7610 -0.2528 0.5678 0.7834 -0.2414 0.5422 0.8048 -0.2297 0.5159 0.8253 -0.2177 0.4890 0.8447 -0.2054 0.4614 0.8631 -0.1929 0.4333 0.8804 -0.1802 0.4047 0.8965 -0.1672 0.3755 0.9116 -0.1540 0.3459 0.9256 -0.1406 0.3158 0.9383 -0.1271 0.2854 0.9500 -0.1133 0.2546 0.9604 -0.0995 0.2234 0.9696 -0.0855 0.1920 0.9777 -0.0714 0.1604 0.9845 -0.0572 0.1286 0.9900 -0.0430 0.0966 0.9944 -0.0287 0.0644 0.9975 -0.0144 0.0322 0.9994 -0.0155 0.0317 -0.9994 -0.0309 0.0634 -0.9975 -0.0463 0.0950 -0.9944 -0.0617 0.1265 -0.9900 -0.0770 0.1578 -0.9845 -0.0922 0.1889 -0.9777 -0.1072 0.2198 -0.9696 -0.1222 0.2505 -0.9604 -0.1369 0.2808 -0.9500 -0.1515 0.3107 -0.9383 -0.1660 0.3403 -0.9256 -0.1802 0.3694 -0.9116 -0.1942 0.3981 -0.8965 -0.2079 0.4263 -0.8804 -0.2214 0.4540 -0.8631 -0.2346 0.4811 -0.8447 -0.2476 0.5076 -0.8253 -0.2602 0.5334 -0.8048 -0.2725 0.5586 -0.7834 -0.2844 0.5831 -0.7610 -0.2960 0.6069 -0.7376 -0.3072 0.6299 -0.7133 -0.3181 0.6521 -0.6881 -0.3285 0.6736 -0.6621 -0.3386 0.6941 -0.6352 -0.3482 0.7139 -0.6076 -0.3574 0.7327 -0.5792 -0.3661 0.7506 -0.5501 -0.3744 0.7676 -0.5202 -0.3822 0.7836 -0.4898 -0.3895 0.7987 -0.4587 -0.3964 0.8127 -0.4271 -0.4027 0.8258 -0.3949 -0.4086 0.8378 -0.3622 -0.4140 0.8487 -0.3291 -0.4188 0.8586 -0.2956 -0.4231 0.8675 -0.2617 -0.4269 0.8752 -0.2274 -0.4301 0.8819 -0.1929 -0.4329 0.8875 -0.1582 -0.4350 0.8919 -0.1232 -0.4367 0.8953 -0.0881 -0.4378 0.8975 -0.0529 -0.4383 0.8987 -0.0176 -0.4383 0.8987 0.0176 -0.4378 0.8975 0.0529 -0.4367 0.8953 0.0881 -0.4350 0.8919 0.1232 -0.4329 0.8875 0.1582 -0.4301 0.8819 0.1929 -0.4269 0.8752 0.2274 -0.4231 0.8675 0.2617 -0.4188 0.8586 0.2956 -0.4140 0.8487 0.3291 -0.4086 0.8378 0.3622 -0.4027 0.8258 0.3949 -0.3964 0.8127 0.4271 -0.3895 0.7987 0.4587 -0.3822 0.7836 0.4898 -0.3744 0.7676 0.5202 -0.3661 0.7506 0.5501 -0.3574 0.7327 0.5792 -0.3482 0.7139 0.6076 -0.3386 0.6941 0.6352 -0.3285 0.6736 0.6621 -0.3181 0.6521 0.6881 -0.3072 0.6299 0.7133 -0.2960 0.6069 0.7376 -0.2844 0.5831 0.7610 -0.2725 0.5586 0.7834 -0.2602 0.5334 0.8048 -0.2476 0.5076 0.8253 -0.2346 0.4811 0.8447 -0.2214 0.4540 0.8631 -0.2079 0.4263 0.8804 -0.1942 0.3981 0.8965 -0.1802 0.3694 0.9116 -0.1660 0.3403 0.9256 -0.1515 0.3107 0.9383 -0.1369 0.2808 0.9500 -0.1222 0.2505 0.9604 -0.1072 0.2198 0.9696 -0.0922 0.1889 0.9777 -0.0770 0.1578 0.9845 -0.0617 0.1265 0.9900 -0.0463 0.0950 0.9944 -0.0309 0.0634 0.9975 -0.0155 0.0317 0.9994 -0.0166 0.0312 -0.9994 -0.0331 0.0623 -0.9975 -0.0496 0.0933 -0.9944 -0.0661 0.1243 -0.9900 -0.0824 0.1550 -0.9845 -0.0987 0.1856 -0.9777 -0.1148 0.2160 -0.9696 -0.1308 0.2460 -0.9604 -0.1466 0.2758 -0.9500 -0.1623 0.3052 -0.9383 -0.1777 0.3343 -0.9256 -0.1930 0.3629 -0.9116 -0.2080 0.3911 -0.8965 -0.2227 0.4188 -0.8804 -0.2371 0.4460 -0.8631 -0.2513 0.4726 -0.8447 -0.2651 0.4986 -0.8253 -0.2786 0.5240 -0.8048 -0.2918 0.5488 -0.7834 -0.3046 0.5728 -0.7610 -0.3170 0.5962 -0.7376 -0.3290 0.6188 -0.7133 -0.3406 0.6406 -0.6881 -0.3518 0.6617 -0.6621 -0.3626 0.6819 -0.6352 -0.3729 0.7013 -0.6076 -0.3827 0.7198 -0.5792 -0.3921 0.7374 -0.5501 -0.4009 0.7541 -0.5202 -0.4093 0.7698 -0.4898 -0.4172 0.7846 -0.4587 -0.4245 0.7984 -0.4271 -0.4313 0.8112 -0.3949 -0.4376 0.8230 -0.3622 -0.4433 0.8338 -0.3291 -0.4485 0.8435 -0.2956 -0.4531 0.8522 -0.2617 -0.4572 0.8598 -0.2274 -0.4607 0.8664 -0.1929 -0.4636 0.8718 -0.1582 -0.4659 0.8762 -0.1232 -0.4676 0.8795 -0.0881 -0.4688 0.8817 -0.0529 -0.4694 0.8828 -0.0176 -0.4694 0.8828 0.0176 -0.4688 0.8817 0.0529 -0.4676 0.8795 0.0881 -0.4659 0.8762 0.1232 -0.4636 0.8718 0.1582 -0.4607 0.8664 0.1929 -0.4572 0.8598 0.2274 -0.4531 0.8522 0.2617 -0.4485 0.8435 0.2956 -0.4433 0.8338 0.3291 -0.4376 0.8230 0.3622 -0.4313 0.8112 0.3949 -0.4245 0.7984 0.4271 -0.4172 0.7846 0.4587 -0.4093 0.7698 0.4898 -0.4009 0.7541 0.5202 -0.3921 0.7374 0.5501 -0.3827 0.7198 0.5792 -0.3729 0.7013 0.6076 -0.3626 0.6819 0.6352 -0.3518 0.6617 0.6621 -0.3406 0.6406 0.6881 -0.3290 0.6188 0.7133 -0.3170 0.5962 0.7376 -0.3046 0.5728 0.7610 -0.2918 0.5488 0.7834 -0.2786 0.5240 0.8048 -0.2651 0.4986 0.8253 -0.2513 0.4726 0.8447 -0.2371 0.4460 0.8631 -0.2227 0.4188 0.8804 -0.2080 0.3911 0.8965 -0.1930 0.3629 0.9116 -0.1777 0.3343 0.9256 -0.1623 0.3052 0.9383 -0.1466 0.2758 0.9500 -0.1308 0.2460 0.9604 -0.1148 0.2160 0.9696 -0.0987 0.1856 0.9777 -0.0824 0.1550 0.9845 -0.0661 0.1243 0.9900 -0.0496 0.0933 0.9944 -0.0331 0.0623 0.9975 -0.0166 0.0312 0.9994 -0.0176 0.0306 -0.9994 -0.0353 0.0611 -0.9975 -0.0528 0.0915 -0.9944 -0.0704 0.1219 -0.9900 -0.0878 0.1521 -0.9845 -0.1051 0.1820 -0.9777 -0.1223 0.2118 -0.9696 -0.1393 0.2413 -0.9604 -0.1562 0.2705 -0.9500 -0.1729 0.2994 -0.9383 -0.1893 0.3279 -0.9256 -0.2055 0.3560 -0.9116 -0.2215 0.3836 -0.8965 -0.2372 0.4108 -0.8804 -0.2525 0.4374 -0.8631 -0.2676 0.4635 -0.8447 -0.2824 0.4891 -0.8253 -0.2967 0.5140 -0.8048 -0.3108 0.5382 -0.7834 -0.3244 0.5619 -0.7610 -0.3376 0.5848 -0.7376 -0.3504 0.6069 -0.7133 -0.3628 0.6284 -0.6881 -0.3747 0.6490 -0.6621 -0.3862 0.6688 -0.6352 -0.3971 0.6878 -0.6076 -0.4076 0.7060 -0.5792 -0.4176 0.7232 -0.5501 -0.4270 0.7396 -0.5202 -0.4359 0.7550 -0.4898 -0.4443 0.7695 -0.4587 -0.4521 0.7831 -0.4271 -0.4594 0.7956 -0.3949 -0.4660 0.8072 -0.3622 -0.4721 0.8178 -0.3291 -0.4777 0.8273 -0.2956 -0.4826 0.8359 -0.2617 -0.4869 0.8433 -0.2274 -0.4906 0.8498 -0.1929 -0.4937 0.8551 -0.1582 -0.4962 0.8594 -0.1232 -0.4981 0.8627 -0.0881 -0.4993 0.8648 -0.0529 -0.4999 0.8659 -0.0176 -0.4999 0.8659 0.0176 -0.4993 0.8648 0.0529 -0.4981 0.8627 0.0881 -0.4962 0.8594 0.1232 -0.4937 0.8551 0.1582 -0.4906 0.8498 0.1929 -0.4869 0.8433 0.2274 -0.4826 0.8359 0.2617 -0.4777 0.8273 0.2956 -0.4721 0.8178 0.3291 -0.4660 0.8072 0.3622 -0.4594 0.7956 0.3949 -0.4521 0.7831 0.4271 -0.4443 0.7695 0.4587 -0.4359 0.7550 0.4898 -0.4270 0.7396 0.5202 -0.4176 0.7232 0.5501 -0.4076 0.7060 0.5792 -0.3971 0.6878 0.6076 -0.3862 0.6688 0.6352 -0.3747 0.6490 0.6621 -0.3628 0.6284 0.6881 -0.3504 0.6069 0.7133 -0.3376 0.5848 0.7376 -0.3244 0.5619 0.7610 -0.3108 0.5382 0.7834 -0.2967 0.5140 0.8048 -0.2824 0.4891 0.8253 -0.2676 0.4635 0.8447 -0.2525 0.4374 0.8631 -0.2372 0.4108 0.8804 -0.2215 0.3836 0.8965 -0.2055 0.3560 0.9116 -0.1893 0.3279 0.9256 -0.1729 0.2994 0.9383 -0.1562 0.2705 0.9500 -0.1393 0.2413 0.9604 -0.1223 0.2118 0.9696 -0.1051 0.1820 0.9777 -0.0878 0.1521 0.9845 -0.0704 0.1219 0.9900 -0.0528 0.0915 0.9944 -0.0353 0.0611 0.9975 -0.0176 0.0306 0.9994 -0.0187 0.0299 -0.9994 -0.0374 0.0598 -0.9975 -0.0560 0.0896 -0.9944 -0.0746 0.1193 -0.9900 -0.0930 0.1489 -0.9845 -0.1114 0.1783 -0.9777 -0.1296 0.2074 -0.9696 -0.1477 0.2363 -0.9604 -0.1655 0.2649 -0.9500 -0.1832 0.2932 -0.9383 -0.2006 0.3211 -0.9256 -0.2178 0.3486 -0.9116 -0.2347 0.3756 -0.8965 -0.2513 0.4022 -0.8804 -0.2677 0.4283 -0.8631 -0.2836 0.4539 -0.8447 -0.2992 0.4789 -0.8253 -0.3145 0.5033 -0.8048 -0.3294 0.5271 -0.7834 -0.3438 0.5502 -0.7610 -0.3578 0.5726 -0.7376 -0.3714 0.5943 -0.7133 -0.3845 0.6153 -0.6881 -0.3971 0.6355 -0.6621 -0.4093 0.6550 -0.6352 -0.4209 0.6736 -0.6076 -0.4320 0.6913 -0.5792 -0.4426 0.7082 -0.5501 -0.4526 0.7243 -0.5202 -0.4620 0.7394 -0.4898 -0.4709 0.7536 -0.4587 -0.4792 0.7668 -0.4271 -0.4869 0.7791 -0.3949 -0.4939 0.7905 -0.3622 -0.5004 0.8008 -0.3291 -0.5062 0.8102 -0.2956 -0.5115 0.8185 -0.2617 -0.5160 0.8258 -0.2274 -0.5200 0.8321 -0.1929 -0.5232 0.8374 -0.1582 -0.5259 0.8416 -0.1232 -0.5279 0.8447 -0.0881 -0.5292 0.8469 -0.0529 -0.5298 0.8479 -0.0176 -0.5298 0.8479 0.0176 -0.5292 0.8469 0.0529 -0.5279 0.8447 0.0881 -0.5259 0.8416 0.1232 -0.5232 0.8374 0.1582 -0.5200 0.8321 0.1929 -0.5160 0.8258 0.2274 -0.5115 0.8185 0.2617 -0.5062 0.8102 0.2956 -0.5004 0.8008 0.3291 -0.4939 0.7905 0.3622 -0.4869 0.7791 0.3949 -0.4792 0.7668 0.4271 -0.4709 0.7536 0.4587 -0.4620 0.7394 0.4898 -0.4526 0.7243 0.5202 -0.4426 0.7082 0.5501 -0.4320 0.6913 0.5792 -0.4209 0.6736 0.6076 -0.4093 0.6550 0.6352 -0.3971 0.6355 0.6621 -0.3845 0.6153 0.6881 -0.3714 0.5943 0.7133 -0.3578 0.5726 0.7376 -0.3438 0.5502 0.7610 -0.3294 0.5271 0.7834 -0.3145 0.5033 0.8048 -0.2992 0.4789 0.8253 -0.2836 0.4539 0.8447 -0.2677 0.4283 0.8631 -0.2513 0.4022 0.8804 -0.2347 0.3756 0.8965 -0.2178 0.3486 0.9116 -0.2006 0.3211 0.9256 -0.1832 0.2932 0.9383 -0.1655 0.2649 0.9500 -0.1477 0.2363 0.9604 -0.1296 0.2074 0.9696 -0.1114 0.1783 0.9777 -0.0930 0.1489 0.9845 -0.0746 0.1193 0.9900 -0.0560 0.0896 0.9944 -0.0374 0.0598 0.9975 -0.0187 0.0299 0.9994 -0.0197 0.0293 -0.9994 -0.0394 0.0585 -0.9975 -0.0591 0.0876 -0.9944 -0.0787 0.1167 -0.9900 -0.0982 0.1456 -0.9845 -0.1175 0.1743 -0.9777 -0.1368 0.2028 -0.9696 -0.1558 0.2310 -0.9604 -0.1747 0.2590 -0.9500 -0.1933 0.2866 -0.9383 -0.2117 0.3139 -0.9256 -0.2298 0.3408 -0.9116 -0.2477 0.3672 -0.8965 -0.2652 0.3932 -0.8804 -0.2824 0.4187 -0.8631 -0.2993 0.4437 -0.8447 -0.3158 0.4682 -0.8253 -0.3319 0.4920 -0.8048 -0.3475 0.5153 -0.7834 -0.3628 0.5379 -0.7610 -0.3776 0.5598 -0.7376 -0.3919 0.5810 -0.7133 -0.4057 0.6015 -0.6881 -0.4191 0.6213 -0.6621 -0.4319 0.6403 -0.6352 -0.4441 0.6585 -0.6076 -0.4559 0.6758 -0.5792 -0.4670 0.6924 -0.5501 -0.4776 0.7080 -0.5202 -0.4875 0.7228 -0.4898 -0.4969 0.7367 -0.4587 -0.5056 0.7496 -0.4271 -0.5137 0.7617 -0.3949 -0.5212 0.7727 -0.3622 -0.5280 0.7829 -0.3291 -0.5342 0.7920 -0.2956 -0.5397 0.8002 -0.2617 -0.5445 0.8073 -0.2274 -0.5487 0.8135 -0.1929 -0.5522 0.8186 -0.1582 -0.5549 0.8227 -0.1232 -0.5570 0.8258 -0.0881 -0.5584 0.8279 -0.0529 -0.5591 0.8289 -0.0176 -0.5591 0.8289 0.0176 -0.5584 0.8279 0.0529 -0.5570 0.8258 0.0881 -0.5549 0.8227 0.1232 -0.5522 0.8186 0.1582 -0.5487 0.8135 0.1929 -0.5445 0.8073 0.2274 -0.5397 0.8002 0.2617 -0.5342 0.7920 0.2956 -0.5280 0.7829 0.3291 -0.5212 0.7727 0.3622 -0.5137 0.7617 0.3949 -0.5056 0.7496 0.4271 -0.4969 0.7367 0.4587 -0.4875 0.7228 0.4898 -0.4776 0.7080 0.5202 -0.4670 0.6924 0.5501 -0.4559 0.6758 0.5792 -0.4441 0.6585 0.6076 -0.4319 0.6403 0.6352 -0.4191 0.6213 0.6621 -0.4057 0.6015 0.6881 -0.3919 0.5810 0.7133 -0.3776 0.5598 0.7376 -0.3628 0.5379 0.7610 -0.3475 0.5153 0.7834 -0.3319 0.4920 0.8048 -0.3158 0.4682 0.8253 -0.2993 0.4437 0.8447 -0.2824 0.4187 0.8631 -0.2652 0.3932 0.8804 -0.2477 0.3672 0.8965 -0.2298 0.3408 0.9116 -0.2117 0.3139 0.9256 -0.1933 0.2866 0.9383 -0.1747 0.2590 0.9500 -0.1558 0.2310 0.9604 -0.1368 0.2028 0.9696 -0.1175 0.1743 0.9777 -0.0982 0.1456 0.9845 -0.0787 0.1167 0.9900 -0.0591 0.0876 0.9944 -0.0394 0.0585 0.9975 -0.0197 0.0293 0.9994 -0.0207 0.0286 -0.9994 -0.0415 0.0571 -0.9975 -0.0621 0.0855 -0.9944 -0.0827 0.1139 -0.9900 -0.1032 0.1420 -0.9845 -0.1236 0.1701 -0.9777 -0.1438 0.1979 -0.9696 -0.1638 0.2254 -0.9604 -0.1836 0.2527 -0.9500 -0.2032 0.2797 -0.9383 -0.2225 0.3063 -0.9256 -0.2416 0.3325 -0.9116 -0.2604 0.3584 -0.8965 -0.2788 0.3837 -0.8804 -0.2969 0.4086 -0.8631 -0.3146 0.4330 -0.8447 -0.3319 0.4569 -0.8253 -0.3488 0.4801 -0.8048 -0.3653 0.5028 -0.7834 -0.3813 0.5249 -0.7610 -0.3969 0.5463 -0.7376 -0.4119 0.5670 -0.7133 -0.4265 0.5870 -0.6881 -0.4405 0.6063 -0.6621 -0.4540 0.6248 -0.6352 -0.4668 0.6426 -0.6076 -0.4792 0.6595 -0.5792 -0.4909 0.6756 -0.5501 -0.5020 0.6909 -0.5202 -0.5125 0.7053 -0.4898 -0.5223 0.7189 -0.4587 -0.5315 0.7315 -0.4271 -0.5400 0.7433 -0.3949 -0.5479 0.7541 -0.3622 -0.5550 0.7640 -0.3291 -0.5615 0.7729 -0.2956 -0.5673 0.7808 -0.2617 -0.5724 0.7878 -0.2274 -0.5767 0.7938 -0.1929 -0.5804 0.7988 -0.1582 -0.5833 0.8029 -0.1232 -0.5855 0.8059 -0.0881 -0.5870 0.8079 -0.0529 -0.5877 0.8089 -0.0176 -0.5877 0.8089 0.0176 -0.5870 0.8079 0.0529 -0.5855 0.8059 0.0881 -0.5833 0.8029 0.1232 -0.5804 0.7988 0.1582 -0.5767 0.7938 0.1929 -0.5724 0.7878 0.2274 -0.5673 0.7808 0.2617 -0.5615 0.7729 0.2956 -0.5550 0.7640 0.3291 -0.5479 0.7541 0.3622 -0.5400 0.7433 0.3949 -0.5315 0.7315 0.4271 -0.5223 0.7189 0.4587 -0.5125 0.7053 0.4898 -0.5020 0.6909 0.5202 -0.4909 0.6756 0.5501 -0.4792 0.6595 0.5792 -0.4668 0.6426 0.6076 -0.4540 0.6248 0.6352 -0.4405 0.6063 0.6621 -0.4265 0.5870 0.6881 -0.4119 0.5670 0.7133 -0.3969 0.5463 0.7376 -0.3813 0.5249 0.7610 -0.3653 0.5028 0.7834 -0.3488 0.4801 0.8048 -0.3319 0.4569 0.8253 -0.3146 0.4330 0.8447 -0.2969 0.4086 0.8631 -0.2788 0.3837 0.8804 -0.2604 0.3584 0.8965 -0.2416 0.3325 0.9116 -0.2225 0.3063 0.9256 -0.2032 0.2797 0.9383 -0.1836 0.2527 0.9500 -0.1638 0.2254 0.9604 -0.1438 0.1979 0.9696 -0.1236 0.1701 0.9777 -0.1032 0.1420 0.9845 -0.0827 0.1139 0.9900 -0.0621 0.0855 0.9944 -0.0415 0.0571 0.9975 -0.0207 0.0286 0.9994 -0.0217 0.0278 -0.9994 -0.0434 0.0556 -0.9975 -0.0651 0.0833 -0.9944 -0.0866 0.1109 -0.9900 -0.1081 0.1384 -0.9845 -0.1294 0.1657 -0.9777 -0.1506 0.1927 -0.9696 -0.1716 0.2196 -0.9604 -0.1923 0.2462 -0.9500 -0.2128 0.2724 -0.9383 -0.2331 0.2983 -0.9256 -0.2531 0.3239 -0.9116 -0.2727 0.3490 -0.8965 -0.2920 0.3738 -0.8804 -0.3110 0.3980 -0.8631 -0.3295 0.4218 -0.8447 -0.3477 0.4450 -0.8253 -0.3654 0.4677 -0.8048 -0.3826 0.4898 -0.7834 -0.3994 0.5112 -0.7610 -0.4157 0.5321 -0.7376 -0.4315 0.5523 -0.7133 -0.4467 0.5718 -0.6881 -0.4614 0.5905 -0.6621 -0.4755 0.6086 -0.6352 -0.4890 0.6259 -0.6076 -0.5019 0.6424 -0.5792 -0.5142 0.6581 -0.5501 -0.5258 0.6730 -0.5202 -0.5368 0.6870 -0.4898 -0.5471 0.7002 -0.4587 -0.5567 0.7125 -0.4271 -0.5656 0.7240 -0.3949 -0.5739 0.7345 -0.3622 -0.5814 0.7441 -0.3291 -0.5882 0.7528 -0.2956 -0.5942 0.7606 -0.2617 -0.5995 0.7674 -0.2274 -0.6041 0.7732 -0.1929 -0.6079 0.7781 -0.1582 -0.6110 0.7820 -0.1232 -0.6133 0.7849 -0.0881 -0.6148 0.7869 -0.0529 -0.6156 0.7879 -0.0176 -0.6156 0.7879 0.0176 -0.6148 0.7869 0.0529 -0.6133 0.7849 0.0881 -0.6110 0.7820 0.1232 -0.6079 0.7781 0.1582 -0.6041 0.7732 0.1929 -0.5995 0.7674 0.2274 -0.5942 0.7606 0.2617 -0.5882 0.7528 0.2956 -0.5814 0.7441 0.3291 -0.5739 0.7345 0.3622 -0.5656 0.7240 0.3949 -0.5567 0.7125 0.4271 -0.5471 0.7002 0.4587 -0.5368 0.6870 0.4898 -0.5258 0.6730 0.5202 -0.5142 0.6581 0.5501 -0.5019 0.6424 0.5792 -0.4890 0.6259 0.6076 -0.4755 0.6086 0.6352 -0.4614 0.5905 0.6621 -0.4467 0.5718 0.6881 -0.4315 0.5523 0.7133 -0.4157 0.5321 0.7376 -0.3994 0.5112 0.7610 -0.3826 0.4898 0.7834 -0.3654 0.4677 0.8048 -0.3477 0.4450 0.8253 -0.3295 0.4218 0.8447 -0.3110 0.3980 0.8631 -0.2920 0.3738 0.8804 -0.2727 0.3490 0.8965 -0.2531 0.3239 0.9116 -0.2331 0.2983 0.9256 -0.2128 0.2724 0.9383 -0.1923 0.2462 0.9500 -0.1716 0.2196 0.9604 -0.1506 0.1927 0.9696 -0.1294 0.1657 0.9777 -0.1081 0.1384 0.9845 -0.0866 0.1109 0.9900 -0.0651 0.0833 0.9944 -0.0434 0.0556 0.9975 -0.0217 0.0278 0.9994 -0.0227 0.0270 -0.9994 -0.0453 0.0540 -0.9975 -0.0679 0.0810 -0.9944 -0.0905 0.1078 -0.9900 -0.1129 0.1345 -0.9845 -0.1351 0.1610 -0.9777 -0.1572 0.1874 -0.9696 -0.1791 0.2135 -0.9604 -0.2008 0.2393 -0.9500 -0.2222 0.2648 -0.9383 -0.2434 0.2900 -0.9256 -0.2642 0.3149 -0.9116 -0.2847 0.3393 -0.8965 -0.3049 0.3633 -0.8804 -0.3247 0.3869 -0.8631 -0.3440 0.4100 -0.8447 -0.3630 0.4326 -0.8253 -0.3815 0.4546 -0.8048 -0.3995 0.4761 -0.7834 -0.4170 0.4970 -0.7610 -0.4340 0.5173 -0.7376 -0.4505 0.5369 -0.7133 -0.4664 0.5558 -0.6881 -0.4817 0.5741 -0.6621 -0.4964 0.5916 -0.6352 -0.5105 0.6084 -0.6076 -0.5240 0.6245 -0.5792 -0.5368 0.6397 -0.5501 -0.5490 0.6542 -0.5202 -0.5604 0.6679 -0.4898 -0.5712 0.6807 -0.4587 -0.5812 0.6927 -0.4271 -0.5906 0.7038 -0.3949 -0.5991 0.7140 -0.3622 -0.6070 0.7234 -0.3291 -0.6141 0.7318 -0.2956 -0.6204 0.7394 -0.2617 -0.6259 0.7460 -0.2274 -0.6307 0.7517 -0.1929 -0.6347 0.7564 -0.1582 -0.6379 0.7602 -0.1232 -0.6403 0.7631 -0.0881 -0.6419 0.7650 -0.0529 -0.6427 0.7659 -0.0176 -0.6427 0.7659 0.0176 -0.6419 0.7650 0.0529 -0.6403 0.7631 0.0881 -0.6379 0.7602 0.1232 -0.6347 0.7564 0.1582 -0.6307 0.7517 0.1929 -0.6259 0.7460 0.2274 -0.6204 0.7394 0.2617 -0.6141 0.7318 0.2956 -0.6070 0.7234 0.3291 -0.5991 0.7140 0.3622 -0.5906 0.7038 0.3949 -0.5812 0.6927 0.4271 -0.5712 0.6807 0.4587 -0.5604 0.6679 0.4898 -0.5490 0.6542 0.5202 -0.5368 0.6397 0.5501 -0.5240 0.6245 0.5792 -0.5105 0.6084 0.6076 -0.4964 0.5916 0.6352 -0.4817 0.5741 0.6621 -0.4664 0.5558 0.6881 -0.4505 0.5369 0.7133 -0.4340 0.5173 0.7376 -0.4170 0.4970 0.7610 -0.3995 0.4761 0.7834 -0.3815 0.4546 0.8048 -0.3630 0.4326 0.8253 -0.3440 0.4100 0.8447 -0.3247 0.3869 0.8631 -0.3049 0.3633 0.8804 -0.2847 0.3393 0.8965 -0.2642 0.3149 0.9116 -0.2434 0.2900 0.9256 -0.2222 0.2648 0.9383 -0.2008 0.2393 0.9500 -0.1791 0.2135 0.9604 -0.1572 0.1874 0.9696 -0.1351 0.1610 0.9777 -0.1129 0.1345 0.9845 -0.0905 0.1078 0.9900 -0.0679 0.0810 0.9944 -0.0453 0.0540 0.9975 -0.0227 0.0270 0.9994 -0.0236 0.0262 -0.9994 -0.0472 0.0524 -0.9975 -0.0707 0.0785 -0.9944 -0.0942 0.1046 -0.9900 -0.1175 0.1305 -0.9845 -0.1407 0.1562 -0.9777 -0.1637 0.1818 -0.9696 -0.1865 0.2071 -0.9604 -0.2090 0.2321 -0.9500 -0.2313 0.2569 -0.9383 -0.2533 0.2814 -0.9256 -0.2750 0.3055 -0.9116 -0.2964 0.3292 -0.8965 -0.3174 0.3525 -0.8804 -0.3380 0.3754 -0.8631 -0.3581 0.3978 -0.8447 -0.3779 0.4197 -0.8253 -0.3971 0.4410 -0.8048 -0.4159 0.4619 -0.7834 -0.4341 0.4821 -0.7610 -0.4518 0.5018 -0.7376 -0.4690 0.5208 -0.7133 -0.4855 0.5392 -0.6881 -0.5015 0.5569 -0.6621 -0.5168 0.5739 -0.6352 -0.5315 0.5902 -0.6076 -0.5455 0.6058 -0.5792 -0.5588 0.6206 -0.5501 -0.5715 0.6347 -0.5202 -0.5834 0.6479 -0.4898 -0.5946 0.6604 -0.4587 -0.6050 0.6720 -0.4271 -0.6148 0.6828 -0.3949 -0.6237 0.6927 -0.3622 -0.6319 0.7018 -0.3291 -0.6392 0.7099 -0.2956 -0.6458 0.7173 -0.2617 -0.6516 0.7237 -0.2274 -0.6566 0.7292 -0.1929 -0.6607 0.7338 -0.1582 -0.6640 0.7375 -0.1232 -0.6665 0.7403 -0.0881 -0.6682 0.7421 -0.0529 -0.6690 0.7430 -0.0176 -0.6690 0.7430 0.0176 -0.6682 0.7421 0.0529 -0.6665 0.7403 0.0881 -0.6640 0.7375 0.1232 -0.6607 0.7338 0.1582 -0.6566 0.7292 0.1929 -0.6516 0.7237 0.2274 -0.6458 0.7173 0.2617 -0.6392 0.7099 0.2956 -0.6319 0.7018 0.3291 -0.6237 0.6927 0.3622 -0.6148 0.6828 0.3949 -0.6050 0.6720 0.4271 -0.5946 0.6604 0.4587 -0.5834 0.6479 0.4898 -0.5715 0.6347 0.5202 -0.5588 0.6206 0.5501 -0.5455 0.6058 0.5792 -0.5315 0.5902 0.6076 -0.5168 0.5739 0.6352 -0.5015 0.5569 0.6621 -0.4855 0.5392 0.6881 -0.4690 0.5208 0.7133 -0.4518 0.5018 0.7376 -0.4341 0.4821 0.7610 -0.4159 0.4619 0.7834 -0.3971 0.4410 0.8048 -0.3779 0.4197 0.8253 -0.3581 0.3978 0.8447 -0.3380 0.3754 0.8631 -0.3174 0.3525 0.8804 -0.2964 0.3292 0.8965 -0.2750 0.3055 0.9116 -0.2533 0.2814 0.9256 -0.2313 0.2569 0.9383 -0.2090 0.2321 0.9500 -0.1865 0.2071 0.9604 -0.1637 0.1818 0.9696 -0.1407 0.1562 0.9777 -0.1175 0.1305 0.9845 -0.0942 0.1046 0.9900 -0.0707 0.0785 0.9944 -0.0472 0.0524 0.9975 -0.0236 0.0262 0.9994 -0.0245 0.0254 -0.9994 -0.0490 0.0507 -0.9975 -0.0734 0.0760 -0.9944 -0.0978 0.1012 -0.9900 -0.1220 0.1263 -0.9845 -0.1460 0.1512 -0.9777 -0.1699 0.1759 -0.9696 -0.1936 0.2004 -0.9604 -0.2170 0.2247 -0.9500 -0.2401 0.2487 -0.9383 -0.2630 0.2723 -0.9256 -0.2855 0.2957 -0.9116 -0.3077 0.3186 -0.8965 -0.3295 0.3412 -0.8804 -0.3509 0.3633 -0.8631 -0.3718 0.3850 -0.8447 -0.3923 0.4062 -0.8253 -0.4123 0.4269 -0.8048 -0.4317 0.4471 -0.7834 -0.4507 0.4667 -0.7610 -0.4691 0.4857 -0.7376 -0.4868 0.5041 -0.7133 -0.5040 0.5219 -0.6881 -0.5206 0.5391 -0.6621 -0.5365 0.5556 -0.6352 -0.5517 0.5713 -0.6076 -0.5663 0.5864 -0.5792 -0.5801 0.6007 -0.5501 -0.5933 0.6143 -0.5202 -0.6056 0.6272 -0.4898 -0.6173 0.6392 -0.4587 -0.6281 0.6504 -0.4271 -0.6382 0.6609 -0.3949 -0.6475 0.6705 -0.3622 -0.6560 0.6793 -0.3291 -0.6636 0.6872 -0.2956 -0.6705 0.6943 -0.2617 -0.6765 0.7005 -0.2274 -0.6816 0.7058 -0.1929 -0.6859 0.7103 -0.1582 -0.6894 0.7139 -0.1232 -0.6920 0.7165 -0.0881 -0.6937 0.7183 -0.0529 -0.6946 0.7192 -0.0176 -0.6946 0.7192 0.0176 -0.6937 0.7183 0.0529 -0.6920 0.7165 0.0881 -0.6894 0.7139 0.1232 -0.6859 0.7103 0.1582 -0.6816 0.7058 0.1929 -0.6765 0.7005 0.2274 -0.6705 0.6943 0.2617 -0.6636 0.6872 0.2956 -0.6560 0.6793 0.3291 -0.6475 0.6705 0.3622 -0.6382 0.6609 0.3949 -0.6281 0.6504 0.4271 -0.6173 0.6392 0.4587 -0.6056 0.6272 0.4898 -0.5933 0.6143 0.5202 -0.5801 0.6007 0.5501 -0.5663 0.5864 0.5792 -0.5517 0.5713 0.6076 -0.5365 0.5556 0.6352 -0.5206 0.5391 0.6621 -0.5040 0.5219 0.6881 -0.4868 0.5041 0.7133 -0.4691 0.4857 0.7376 -0.4507 0.4667 0.7610 -0.4317 0.4471 0.7834 -0.4123 0.4269 0.8048 -0.3923 0.4062 0.8253 -0.3718 0.3850 0.8447 -0.3509 0.3633 0.8631 -0.3295 0.3412 0.8804 -0.3077 0.3186 0.8965 -0.2855 0.2957 0.9116 -0.2630 0.2723 0.9256 -0.2401 0.2487 0.9383 -0.2170 0.2247 0.9500 -0.1936 0.2004 0.9604 -0.1699 0.1759 0.9696 -0.1460 0.1512 0.9777 -0.1220 0.1263 0.9845 -0.0978 0.1012 0.9900 -0.0734 0.0760 0.9944 -0.0490 0.0507 0.9975 -0.0245 0.0254 0.9994 -0.0254 0.0245 -0.9994 -0.0507 0.0490 -0.9975 -0.0760 0.0734 -0.9944 -0.1012 0.0978 -0.9900 -0.1263 0.1220 -0.9845 -0.1512 0.1460 -0.9777 -0.1759 0.1699 -0.9696 -0.2004 0.1936 -0.9604 -0.2247 0.2170 -0.9500 -0.2487 0.2401 -0.9383 -0.2723 0.2630 -0.9256 -0.2957 0.2855 -0.9116 -0.3186 0.3077 -0.8965 -0.3412 0.3295 -0.8804 -0.3633 0.3509 -0.8631 -0.3850 0.3718 -0.8447 -0.4062 0.3923 -0.8253 -0.4269 0.4123 -0.8048 -0.4471 0.4317 -0.7834 -0.4667 0.4507 -0.7610 -0.4857 0.4691 -0.7376 -0.5041 0.4868 -0.7133 -0.5219 0.5040 -0.6881 -0.5391 0.5206 -0.6621 -0.5556 0.5365 -0.6352 -0.5713 0.5517 -0.6076 -0.5864 0.5663 -0.5792 -0.6007 0.5801 -0.5501 -0.6143 0.5933 -0.5202 -0.6272 0.6056 -0.4898 -0.6392 0.6173 -0.4587 -0.6504 0.6281 -0.4271 -0.6609 0.6382 -0.3949 -0.6705 0.6475 -0.3622 -0.6793 0.6560 -0.3291 -0.6872 0.6636 -0.2956 -0.6943 0.6705 -0.2617 -0.7005 0.6765 -0.2274 -0.7058 0.6816 -0.1929 -0.7103 0.6859 -0.1582 -0.7139 0.6894 -0.1232 -0.7165 0.6920 -0.0881 -0.7183 0.6937 -0.0529 -0.7192 0.6946 -0.0176 -0.7192 0.6946 0.0176 -0.7183 0.6937 0.0529 -0.7165 0.6920 0.0881 -0.7139 0.6894 0.1232 -0.7103 0.6859 0.1582 -0.7058 0.6816 0.1929 -0.7005 0.6765 0.2274 -0.6943 0.6705 0.2617 -0.6872 0.6636 0.2956 -0.6793 0.6560 0.3291 -0.6705 0.6475 0.3622 -0.6609 0.6382 0.3949 -0.6504 0.6281 0.4271 -0.6392 0.6173 0.4587 -0.6272 0.6056 0.4898 -0.6143 0.5933 0.5202 -0.6007 0.5801 0.5501 -0.5864 0.5663 0.5792 -0.5713 0.5517 0.6076 -0.5556 0.5365 0.6352 -0.5391 0.5206 0.6621 -0.5219 0.5040 0.6881 -0.5041 0.4868 0.7133 -0.4857 0.4691 0.7376 -0.4667 0.4507 0.7610 -0.4471 0.4317 0.7834 -0.4269 0.4123 0.8048 -0.4062 0.3923 0.8253 -0.3850 0.3718 0.8447 -0.3633 0.3509 0.8631 -0.3412 0.3295 0.8804 -0.3186 0.3077 0.8965 -0.2957 0.2855 0.9116 -0.2723 0.2630 0.9256 -0.2487 0.2401 0.9383 -0.2247 0.2170 0.9500 -0.2004 0.1936 0.9604 -0.1759 0.1699 0.9696 -0.1512 0.1460 0.9777 -0.1263 0.1220 0.9845 -0.1012 0.0978 0.9900 -0.0760 0.0734 0.9944 -0.0507 0.0490 0.9975 -0.0254 0.0245 0.9994 -0.0262 0.0236 -0.9994 -0.0524 0.0472 -0.9975 -0.0785 0.0707 -0.9944 -0.1046 0.0942 -0.9900 -0.1305 0.1175 -0.9845 -0.1562 0.1407 -0.9777 -0.1818 0.1637 -0.9696 -0.2071 0.1865 -0.9604 -0.2321 0.2090 -0.9500 -0.2569 0.2313 -0.9383 -0.2814 0.2533 -0.9256 -0.3055 0.2750 -0.9116 -0.3292 0.2964 -0.8965 -0.3525 0.3174 -0.8804 -0.3754 0.3380 -0.8631 -0.3978 0.3581 -0.8447 -0.4197 0.3779 -0.8253 -0.4410 0.3971 -0.8048 -0.4619 0.4159 -0.7834 -0.4821 0.4341 -0.7610 -0.5018 0.4518 -0.7376 -0.5208 0.4690 -0.7133 -0.5392 0.4855 -0.6881 -0.5569 0.5015 -0.6621 -0.5739 0.5168 -0.6352 -0.5902 0.5315 -0.6076 -0.6058 0.5455 -0.5792 -0.6206 0.5588 -0.5501 -0.6347 0.5715 -0.5202 -0.6479 0.5834 -0.4898 -0.6604 0.5946 -0.4587 -0.6720 0.6050 -0.4271 -0.6828 0.6148 -0.3949 -0.6927 0.6237 -0.3622 -0.7018 0.6319 -0.3291 -0.7099 0.6392 -0.2956 -0.7173 0.6458 -0.2617 -0.7237 0.6516 -0.2274 -0.7292 0.6566 -0.1929 -0.7338 0.6607 -0.1582 -0.7375 0.6640 -0.1232 -0.7403 0.6665 -0.0881 -0.7421 0.6682 -0.0529 -0.7430 0.6690 -0.0176 -0.7430 0.6690 0.0176 -0.7421 0.6682 0.0529 -0.7403 0.6665 0.0881 -0.7375 0.6640 0.1232 -0.7338 0.6607 0.1582 -0.7292 0.6566 0.1929 -0.7237 0.6516 0.2274 -0.7173 0.6458 0.2617 -0.7099 0.6392 0.2956 -0.7018 0.6319 0.3291 -0.6927 0.6237 0.3622 -0.6828 0.6148 0.3949 -0.6720 0.6050 0.4271 -0.6604 0.5946 0.4587 -0.6479 0.5834 0.4898 -0.6347 0.5715 0.5202 -0.6206 0.5588 0.5501 -0.6058 0.5455 0.5792 -0.5902 0.5315 0.6076 -0.5739 0.5168 0.6352 -0.5569 0.5015 0.6621 -0.5392 0.4855 0.6881 -0.5208 0.4690 0.7133 -0.5018 0.4518 0.7376 -0.4821 0.4341 0.7610 -0.4619 0.4159 0.7834 -0.4410 0.3971 0.8048 -0.4197 0.3779 0.8253 -0.3978 0.3581 0.8447 -0.3754 0.3380 0.8631 -0.3525 0.3174 0.8804 -0.3292 0.2964 0.8965 -0.3055 0.2750 0.9116 -0.2814 0.2533 0.9256 -0.2569 0.2313 0.9383 -0.2321 0.2090 0.9500 -0.2071 0.1865 0.9604 -0.1818 0.1637 0.9696 -0.1562 0.1407 0.9777 -0.1305 0.1175 0.9845 -0.1046 0.0942 0.9900 -0.0785 0.0707 0.9944 -0.0524 0.0472 0.9975 -0.0262 0.0236 0.9994 -0.0270 0.0227 -0.9994 -0.0540 0.0453 -0.9975 -0.0810 0.0679 -0.9944 -0.1078 0.0905 -0.9900 -0.1345 0.1129 -0.9845 -0.1610 0.1351 -0.9777 -0.1874 0.1572 -0.9696 -0.2135 0.1791 -0.9604 -0.2393 0.2008 -0.9500 -0.2648 0.2222 -0.9383 -0.2900 0.2434 -0.9256 -0.3149 0.2642 -0.9116 -0.3393 0.2847 -0.8965 -0.3633 0.3049 -0.8804 -0.3869 0.3247 -0.8631 -0.4100 0.3440 -0.8447 -0.4326 0.3630 -0.8253 -0.4546 0.3815 -0.8048 -0.4761 0.3995 -0.7834 -0.4970 0.4170 -0.7610 -0.5173 0.4340 -0.7376 -0.5369 0.4505 -0.7133 -0.5558 0.4664 -0.6881 -0.5741 0.4817 -0.6621 -0.5916 0.4964 -0.6352 -0.6084 0.5105 -0.6076 -0.6245 0.5240 -0.5792 -0.6397 0.5368 -0.5501 -0.6542 0.5490 -0.5202 -0.6679 0.5604 -0.4898 -0.6807 0.5712 -0.4587 -0.6927 0.5812 -0.4271 -0.7038 0.5906 -0.3949 -0.7140 0.5991 -0.3622 -0.7234 0.6070 -0.3291 -0.7318 0.6141 -0.2956 -0.7394 0.6204 -0.2617 -0.7460 0.6259 -0.2274 -0.7517 0.6307 -0.1929 -0.7564 0.6347 -0.1582 -0.7602 0.6379 -0.1232 -0.7631 0.6403 -0.0881 -0.7650 0.6419 -0.0529 -0.7659 0.6427 -0.0176 -0.7659 0.6427 0.0176 -0.7650 0.6419 0.0529 -0.7631 0.6403 0.0881 -0.7602 0.6379 0.1232 -0.7564 0.6347 0.1582 -0.7517 0.6307 0.1929 -0.7460 0.6259 0.2274 -0.7394 0.6204 0.2617 -0.7318 0.6141 0.2956 -0.7234 0.6070 0.3291 -0.7140 0.5991 0.3622 -0.7038 0.5906 0.3949 -0.6927 0.5812 0.4271 -0.6807 0.5712 0.4587 -0.6679 0.5604 0.4898 -0.6542 0.5490 0.5202 -0.6397 0.5368 0.5501 -0.6245 0.5240 0.5792 -0.6084 0.5105 0.6076 -0.5916 0.4964 0.6352 -0.5741 0.4817 0.6621 -0.5558 0.4664 0.6881 -0.5369 0.4505 0.7133 -0.5173 0.4340 0.7376 -0.4970 0.4170 0.7610 -0.4761 0.3995 0.7834 -0.4546 0.3815 0.8048 -0.4326 0.3630 0.8253 -0.4100 0.3440 0.8447 -0.3869 0.3247 0.8631 -0.3633 0.3049 0.8804 -0.3393 0.2847 0.8965 -0.3149 0.2642 0.9116 -0.2900 0.2434 0.9256 -0.2648 0.2222 0.9383 -0.2393 0.2008 0.9500 -0.2135 0.1791 0.9604 -0.1874 0.1572 0.9696 -0.1610 0.1351 0.9777 -0.1345 0.1129 0.9845 -0.1078 0.0905 0.9900 -0.0810 0.0679 0.9944 -0.0540 0.0453 0.9975 -0.0270 0.0227 0.9994 -0.0278 0.0217 -0.9994 -0.0556 0.0434 -0.9975 -0.0833 0.0651 -0.9944 -0.1109 0.0866 -0.9900 -0.1384 0.1081 -0.9845 -0.1657 0.1294 -0.9777 -0.1927 0.1506 -0.9696 -0.2196 0.1716 -0.9604 -0.2462 0.1923 -0.9500 -0.2724 0.2128 -0.9383 -0.2983 0.2331 -0.9256 -0.3239 0.2531 -0.9116 -0.3490 0.2727 -0.8965 -0.3738 0.2920 -0.8804 -0.3980 0.3110 -0.8631 -0.4218 0.3295 -0.8447 -0.4450 0.3477 -0.8253 -0.4677 0.3654 -0.8048 -0.4898 0.3826 -0.7834 -0.5112 0.3994 -0.7610 -0.5321 0.4157 -0.7376 -0.5523 0.4315 -0.7133 -0.5718 0.4467 -0.6881 -0.5905 0.4614 -0.6621 -0.6086 0.4755 -0.6352 -0.6259 0.4890 -0.6076 -0.6424 0.5019 -0.5792 -0.6581 0.5142 -0.5501 -0.6730 0.5258 -0.5202 -0.6870 0.5368 -0.4898 -0.7002 0.5471 -0.4587 -0.7125 0.5567 -0.4271 -0.7240 0.5656 -0.3949 -0.7345 0.5739 -0.3622 -0.7441 0.5814 -0.3291 -0.7528 0.5882 -0.2956 -0.7606 0.5942 -0.2617 -0.7674 0.5995 -0.2274 -0.7732 0.6041 -0.1929 -0.7781 0.6079 -0.1582 -0.7820 0.6110 -0.1232 -0.7849 0.6133 -0.0881 -0.7869 0.6148 -0.0529 -0.7879 0.6156 -0.0176 -0.7879 0.6156 0.0176 -0.7869 0.6148 0.0529 -0.7849 0.6133 0.0881 -0.7820 0.6110 0.1232 -0.7781 0.6079 0.1582 -0.7732 0.6041 0.1929 -0.7674 0.5995 0.2274 -0.7606 0.5942 0.2617 -0.7528 0.5882 0.2956 -0.7441 0.5814 0.3291 -0.7345 0.5739 0.3622 -0.7240 0.5656 0.3949 -0.7125 0.5567 0.4271 -0.7002 0.5471 0.4587 -0.6870 0.5368 0.4898 -0.6730 0.5258 0.5202 -0.6581 0.5142 0.5501 -0.6424 0.5019 0.5792 -0.6259 0.4890 0.6076 -0.6086 0.4755 0.6352 -0.5905 0.4614 0.6621 -0.5718 0.4467 0.6881 -0.5523 0.4315 0.7133 -0.5321 0.4157 0.7376 -0.5112 0.3994 0.7610 -0.4898 0.3826 0.7834 -0.4677 0.3654 0.8048 -0.4450 0.3477 0.8253 -0.4218 0.3295 0.8447 -0.3980 0.3110 0.8631 -0.3738 0.2920 0.8804 -0.3490 0.2727 0.8965 -0.3239 0.2531 0.9116 -0.2983 0.2331 0.9256 -0.2724 0.2128 0.9383 -0.2462 0.1923 0.9500 -0.2196 0.1716 0.9604 -0.1927 0.1506 0.9696 -0.1657 0.1294 0.9777 -0.1384 0.1081 0.9845 -0.1109 0.0866 0.9900 -0.0833 0.0651 0.9944 -0.0556 0.0434 0.9975 -0.0278 0.0217 0.9994 -0.0286 0.0207 -0.9994 -0.0571 0.0415 -0.9975 -0.0855 0.0621 -0.9944 -0.1139 0.0827 -0.9900 -0.1420 0.1032 -0.9845 -0.1701 0.1236 -0.9777 -0.1979 0.1438 -0.9696 -0.2254 0.1638 -0.9604 -0.2527 0.1836 -0.9500 -0.2797 0.2032 -0.9383 -0.3063 0.2225 -0.9256 -0.3325 0.2416 -0.9116 -0.3584 0.2604 -0.8965 -0.3837 0.2788 -0.8804 -0.4086 0.2969 -0.8631 -0.4330 0.3146 -0.8447 -0.4569 0.3319 -0.8253 -0.4801 0.3488 -0.8048 -0.5028 0.3653 -0.7834 -0.5249 0.3813 -0.7610 -0.5463 0.3969 -0.7376 -0.5670 0.4119 -0.7133 -0.5870 0.4265 -0.6881 -0.6063 0.4405 -0.6621 -0.6248 0.4540 -0.6352 -0.6426 0.4668 -0.6076 -0.6595 0.4792 -0.5792 -0.6756 0.4909 -0.5501 -0.6909 0.5020 -0.5202 -0.7053 0.5125 -0.4898 -0.7189 0.5223 -0.4587 -0.7315 0.5315 -0.4271 -0.7433 0.5400 -0.3949 -0.7541 0.5479 -0.3622 -0.7640 0.5550 -0.3291 -0.7729 0.5615 -0.2956 -0.7808 0.5673 -0.2617 -0.7878 0.5724 -0.2274 -0.7938 0.5767 -0.1929 -0.7988 0.5804 -0.1582 -0.8029 0.5833 -0.1232 -0.8059 0.5855 -0.0881 -0.8079 0.5870 -0.0529 -0.8089 0.5877 -0.0176 -0.8089 0.5877 0.0176 -0.8079 0.5870 0.0529 -0.8059 0.5855 0.0881 -0.8029 0.5833 0.1232 -0.7988 0.5804 0.1582 -0.7938 0.5767 0.1929 -0.7878 0.5724 0.2274 -0.7808 0.5673 0.2617 -0.7729 0.5615 0.2956 -0.7640 0.5550 0.3291 -0.7541 0.5479 0.3622 -0.7433 0.5400 0.3949 -0.7315 0.5315 0.4271 -0.7189 0.5223 0.4587 -0.7053 0.5125 0.4898 -0.6909 0.5020 0.5202 -0.6756 0.4909 0.5501 -0.6595 0.4792 0.5792 -0.6426 0.4668 0.6076 -0.6248 0.4540 0.6352 -0.6063 0.4405 0.6621 -0.5870 0.4265 0.6881 -0.5670 0.4119 0.7133 -0.5463 0.3969 0.7376 -0.5249 0.3813 0.7610 -0.5028 0.3653 0.7834 -0.4801 0.3488 0.8048 -0.4569 0.3319 0.8253 -0.4330 0.3146 0.8447 -0.4086 0.2969 0.8631 -0.3837 0.2788 0.8804 -0.3584 0.2604 0.8965 -0.3325 0.2416 0.9116 -0.3063 0.2225 0.9256 -0.2797 0.2032 0.9383 -0.2527 0.1836 0.9500 -0.2254 0.1638 0.9604 -0.1979 0.1438 0.9696 -0.1701 0.1236 0.9777 -0.1420 0.1032 0.9845 -0.1139 0.0827 0.9900 -0.0855 0.0621 0.9944 -0.0571 0.0415 0.9975 -0.0286 0.0207 0.9994 -0.0293 0.0197 -0.9994 -0.0585 0.0394 -0.9975 -0.0876 0.0591 -0.9944 -0.1167 0.0787 -0.9900 -0.1456 0.0982 -0.9845 -0.1743 0.1175 -0.9777 -0.2028 0.1368 -0.9696 -0.2310 0.1558 -0.9604 -0.2590 0.1747 -0.9500 -0.2866 0.1933 -0.9383 -0.3139 0.2117 -0.9256 -0.3408 0.2298 -0.9116 -0.3672 0.2477 -0.8965 -0.3932 0.2652 -0.8804 -0.4187 0.2824 -0.8631 -0.4437 0.2993 -0.8447 -0.4682 0.3158 -0.8253 -0.4920 0.3319 -0.8048 -0.5153 0.3475 -0.7834 -0.5379 0.3628 -0.7610 -0.5598 0.3776 -0.7376 -0.5810 0.3919 -0.7133 -0.6015 0.4057 -0.6881 -0.6213 0.4191 -0.6621 -0.6403 0.4319 -0.6352 -0.6585 0.4441 -0.6076 -0.6758 0.4559 -0.5792 -0.6924 0.4670 -0.5501 -0.7080 0.4776 -0.5202 -0.7228 0.4875 -0.4898 -0.7367 0.4969 -0.4587 -0.7496 0.5056 -0.4271 -0.7617 0.5137 -0.3949 -0.7727 0.5212 -0.3622 -0.7829 0.5280 -0.3291 -0.7920 0.5342 -0.2956 -0.8002 0.5397 -0.2617 -0.8073 0.5445 -0.2274 -0.8135 0.5487 -0.1929 -0.8186 0.5522 -0.1582 -0.8227 0.5549 -0.1232 -0.8258 0.5570 -0.0881 -0.8279 0.5584 -0.0529 -0.8289 0.5591 -0.0176 -0.8289 0.5591 0.0176 -0.8279 0.5584 0.0529 -0.8258 0.5570 0.0881 -0.8227 0.5549 0.1232 -0.8186 0.5522 0.1582 -0.8135 0.5487 0.1929 -0.8073 0.5445 0.2274 -0.8002 0.5397 0.2617 -0.7920 0.5342 0.2956 -0.7829 0.5280 0.3291 -0.7727 0.5212 0.3622 -0.7617 0.5137 0.3949 -0.7496 0.5056 0.4271 -0.7367 0.4969 0.4587 -0.7228 0.4875 0.4898 -0.7080 0.4776 0.5202 -0.6924 0.4670 0.5501 -0.6758 0.4559 0.5792 -0.6585 0.4441 0.6076 -0.6403 0.4319 0.6352 -0.6213 0.4191 0.6621 -0.6015 0.4057 0.6881 -0.5810 0.3919 0.7133 -0.5598 0.3776 0.7376 -0.5379 0.3628 0.7610 -0.5153 0.3475 0.7834 -0.4920 0.3319 0.8048 -0.4682 0.3158 0.8253 -0.4437 0.2993 0.8447 -0.4187 0.2824 0.8631 -0.3932 0.2652 0.8804 -0.3672 0.2477 0.8965 -0.3408 0.2298 0.9116 -0.3139 0.2117 0.9256 -0.2866 0.1933 0.9383 -0.2590 0.1747 0.9500 -0.2310 0.1558 0.9604 -0.2028 0.1368 0.9696 -0.1743 0.1175 0.9777 -0.1456 0.0982 0.9845 -0.1167 0.0787 0.9900 -0.0876 0.0591 0.9944 -0.0585 0.0394 0.9975 -0.0293 0.0197 0.9994 -0.0299 0.0187 -0.9994 -0.0598 0.0374 -0.9975 -0.0896 0.0560 -0.9944 -0.1193 0.0746 -0.9900 -0.1489 0.0930 -0.9845 -0.1783 0.1114 -0.9777 -0.2074 0.1296 -0.9696 -0.2363 0.1477 -0.9604 -0.2649 0.1655 -0.9500 -0.2932 0.1832 -0.9383 -0.3211 0.2006 -0.9256 -0.3486 0.2178 -0.9116 -0.3756 0.2347 -0.8965 -0.4022 0.2513 -0.8804 -0.4283 0.2677 -0.8631 -0.4539 0.2836 -0.8447 -0.4789 0.2992 -0.8253 -0.5033 0.3145 -0.8048 -0.5271 0.3294 -0.7834 -0.5502 0.3438 -0.7610 -0.5726 0.3578 -0.7376 -0.5943 0.3714 -0.7133 -0.6153 0.3845 -0.6881 -0.6355 0.3971 -0.6621 -0.6550 0.4093 -0.6352 -0.6736 0.4209 -0.6076 -0.6913 0.4320 -0.5792 -0.7082 0.4426 -0.5501 -0.7243 0.4526 -0.5202 -0.7394 0.4620 -0.4898 -0.7536 0.4709 -0.4587 -0.7668 0.4792 -0.4271 -0.7791 0.4869 -0.3949 -0.7905 0.4939 -0.3622 -0.8008 0.5004 -0.3291 -0.8102 0.5062 -0.2956 -0.8185 0.5115 -0.2617 -0.8258 0.5160 -0.2274 -0.8321 0.5200 -0.1929 -0.8374 0.5232 -0.1582 -0.8416 0.5259 -0.1232 -0.8447 0.5279 -0.0881 -0.8469 0.5292 -0.0529 -0.8479 0.5298 -0.0176 -0.8479 0.5298 0.0176 -0.8469 0.5292 0.0529 -0.8447 0.5279 0.0881 -0.8416 0.5259 0.1232 -0.8374 0.5232 0.1582 -0.8321 0.5200 0.1929 -0.8258 0.5160 0.2274 -0.8185 0.5115 0.2617 -0.8102 0.5062 0.2956 -0.8008 0.5004 0.3291 -0.7905 0.4939 0.3622 -0.7791 0.4869 0.3949 -0.7668 0.4792 0.4271 -0.7536 0.4709 0.4587 -0.7394 0.4620 0.4898 -0.7243 0.4526 0.5202 -0.7082 0.4426 0.5501 -0.6913 0.4320 0.5792 -0.6736 0.4209 0.6076 -0.6550 0.4093 0.6352 -0.6355 0.3971 0.6621 -0.6153 0.3845 0.6881 -0.5943 0.3714 0.7133 -0.5726 0.3578 0.7376 -0.5502 0.3438 0.7610 -0.5271 0.3294 0.7834 -0.5033 0.3145 0.8048 -0.4789 0.2992 0.8253 -0.4539 0.2836 0.8447 -0.4283 0.2677 0.8631 -0.4022 0.2513 0.8804 -0.3756 0.2347 0.8965 -0.3486 0.2178 0.9116 -0.3211 0.2006 0.9256 -0.2932 0.1832 0.9383 -0.2649 0.1655 0.9500 -0.2363 0.1477 0.9604 -0.2074 0.1296 0.9696 -0.1783 0.1114 0.9777 -0.1489 0.0930 0.9845 -0.1193 0.0746 0.9900 -0.0896 0.0560 0.9944 -0.0598 0.0374 0.9975 -0.0299 0.0187 0.9994 -0.0306 0.0176 -0.9994 -0.0611 0.0353 -0.9975 -0.0915 0.0528 -0.9944 -0.1219 0.0704 -0.9900 -0.1521 0.0878 -0.9845 -0.1820 0.1051 -0.9777 -0.2118 0.1223 -0.9696 -0.2413 0.1393 -0.9604 -0.2705 0.1562 -0.9500 -0.2994 0.1729 -0.9383 -0.3279 0.1893 -0.9256 -0.3560 0.2055 -0.9116 -0.3836 0.2215 -0.8965 -0.4108 0.2372 -0.8804 -0.4374 0.2525 -0.8631 -0.4635 0.2676 -0.8447 -0.4891 0.2824 -0.8253 -0.5140 0.2967 -0.8048 -0.5382 0.3108 -0.7834 -0.5619 0.3244 -0.7610 -0.5848 0.3376 -0.7376 -0.6069 0.3504 -0.7133 -0.6284 0.3628 -0.6881 -0.6490 0.3747 -0.6621 -0.6688 0.3862 -0.6352 -0.6878 0.3971 -0.6076 -0.7060 0.4076 -0.5792 -0.7232 0.4176 -0.5501 -0.7396 0.4270 -0.5202 -0.7550 0.4359 -0.4898 -0.7695 0.4443 -0.4587 -0.7831 0.4521 -0.4271 -0.7956 0.4594 -0.3949 -0.8072 0.4660 -0.3622 -0.8178 0.4721 -0.3291 -0.8273 0.4777 -0.2956 -0.8359 0.4826 -0.2617 -0.8433 0.4869 -0.2274 -0.8498 0.4906 -0.1929 -0.8551 0.4937 -0.1582 -0.8594 0.4962 -0.1232 -0.8627 0.4981 -0.0881 -0.8648 0.4993 -0.0529 -0.8659 0.4999 -0.0176 -0.8659 0.4999 0.0176 -0.8648 0.4993 0.0529 -0.8627 0.4981 0.0881 -0.8594 0.4962 0.1232 -0.8551 0.4937 0.1582 -0.8498 0.4906 0.1929 -0.8433 0.4869 0.2274 -0.8359 0.4826 0.2617 -0.8273 0.4777 0.2956 -0.8178 0.4721 0.3291 -0.8072 0.4660 0.3622 -0.7956 0.4594 0.3949 -0.7831 0.4521 0.4271 -0.7695 0.4443 0.4587 -0.7550 0.4359 0.4898 -0.7396 0.4270 0.5202 -0.7232 0.4176 0.5501 -0.7060 0.4076 0.5792 -0.6878 0.3971 0.6076 -0.6688 0.3862 0.6352 -0.6490 0.3747 0.6621 -0.6284 0.3628 0.6881 -0.6069 0.3504 0.7133 -0.5848 0.3376 0.7376 -0.5619 0.3244 0.7610 -0.5382 0.3108 0.7834 -0.5140 0.2967 0.8048 -0.4891 0.2824 0.8253 -0.4635 0.2676 0.8447 -0.4374 0.2525 0.8631 -0.4108 0.2372 0.8804 -0.3836 0.2215 0.8965 -0.3560 0.2055 0.9116 -0.3279 0.1893 0.9256 -0.2994 0.1729 0.9383 -0.2705 0.1562 0.9500 -0.2413 0.1393 0.9604 -0.2118 0.1223 0.9696 -0.1820 0.1051 0.9777 -0.1521 0.0878 0.9845 -0.1219 0.0704 0.9900 -0.0915 0.0528 0.9944 -0.0611 0.0353 0.9975 -0.0306 0.0176 0.9994 -0.0312 0.0166 -0.9994 -0.0623 0.0331 -0.9975 -0.0933 0.0496 -0.9944 -0.1243 0.0661 -0.9900 -0.1550 0.0824 -0.9845 -0.1856 0.0987 -0.9777 -0.2160 0.1148 -0.9696 -0.2460 0.1308 -0.9604 -0.2758 0.1466 -0.9500 -0.3052 0.1623 -0.9383 -0.3343 0.1777 -0.9256 -0.3629 0.1930 -0.9116 -0.3911 0.2080 -0.8965 -0.4188 0.2227 -0.8804 -0.4460 0.2371 -0.8631 -0.4726 0.2513 -0.8447 -0.4986 0.2651 -0.8253 -0.5240 0.2786 -0.8048 -0.5488 0.2918 -0.7834 -0.5728 0.3046 -0.7610 -0.5962 0.3170 -0.7376 -0.6188 0.3290 -0.7133 -0.6406 0.3406 -0.6881 -0.6617 0.3518 -0.6621 -0.6819 0.3626 -0.6352 -0.7013 0.3729 -0.6076 -0.7198 0.3827 -0.5792 -0.7374 0.3921 -0.5501 -0.7541 0.4009 -0.5202 -0.7698 0.4093 -0.4898 -0.7846 0.4172 -0.4587 -0.7984 0.4245 -0.4271 -0.8112 0.4313 -0.3949 -0.8230 0.4376 -0.3622 -0.8338 0.4433 -0.3291 -0.8435 0.4485 -0.2956 -0.8522 0.4531 -0.2617 -0.8598 0.4572 -0.2274 -0.8664 0.4607 -0.1929 -0.8718 0.4636 -0.1582 -0.8762 0.4659 -0.1232 -0.8795 0.4676 -0.0881 -0.8817 0.4688 -0.0529 -0.8828 0.4694 -0.0176 -0.8828 0.4694 0.0176 -0.8817 0.4688 0.0529 -0.8795 0.4676 0.0881 -0.8762 0.4659 0.1232 -0.8718 0.4636 0.1582 -0.8664 0.4607 0.1929 -0.8598 0.4572 0.2274 -0.8522 0.4531 0.2617 -0.8435 0.4485 0.2956 -0.8338 0.4433 0.3291 -0.8230 0.4376 0.3622 -0.8112 0.4313 0.3949 -0.7984 0.4245 0.4271 -0.7846 0.4172 0.4587 -0.7698 0.4093 0.4898 -0.7541 0.4009 0.5202 -0.7374 0.3921 0.5501 -0.7198 0.3827 0.5792 -0.7013 0.3729 0.6076 -0.6819 0.3626 0.6352 -0.6617 0.3518 0.6621 -0.6406 0.3406 0.6881 -0.6188 0.3290 0.7133 -0.5962 0.3170 0.7376 -0.5728 0.3046 0.7610 -0.5488 0.2918 0.7834 -0.5240 0.2786 0.8048 -0.4986 0.2651 0.8253 -0.4726 0.2513 0.8447 -0.4460 0.2371 0.8631 -0.4188 0.2227 0.8804 -0.3911 0.2080 0.8965 -0.3629 0.1930 0.9116 -0.3343 0.1777 0.9256 -0.3052 0.1623 0.9383 -0.2758 0.1466 0.9500 -0.2460 0.1308 0.9604 -0.2160 0.1148 0.9696 -0.1856 0.0987 0.9777 -0.1550 0.0824 0.9845 -0.1243 0.0661 0.9900 -0.0933 0.0496 0.9944 -0.0623 0.0331 0.9975 -0.0312 0.0166 0.9994 -0.0317 0.0155 -0.9994 -0.0634 0.0309 -0.9975 -0.0950 0.0463 -0.9944 -0.1265 0.0617 -0.9900 -0.1578 0.0770 -0.9845 -0.1889 0.0922 -0.9777 -0.2198 0.1072 -0.9696 -0.2505 0.1222 -0.9604 -0.2808 0.1369 -0.9500 -0.3107 0.1515 -0.9383 -0.3403 0.1660 -0.9256 -0.3694 0.1802 -0.9116 -0.3981 0.1942 -0.8965 -0.4263 0.2079 -0.8804 -0.4540 0.2214 -0.8631 -0.4811 0.2346 -0.8447 -0.5076 0.2476 -0.8253 -0.5334 0.2602 -0.8048 -0.5586 0.2725 -0.7834 -0.5831 0.2844 -0.7610 -0.6069 0.2960 -0.7376 -0.6299 0.3072 -0.7133 -0.6521 0.3181 -0.6881 -0.6736 0.3285 -0.6621 -0.6941 0.3386 -0.6352 -0.7139 0.3482 -0.6076 -0.7327 0.3574 -0.5792 -0.7506 0.3661 -0.5501 -0.7676 0.3744 -0.5202 -0.7836 0.3822 -0.4898 -0.7987 0.3895 -0.4587 -0.8127 0.3964 -0.4271 -0.8258 0.4027 -0.3949 -0.8378 0.4086 -0.3622 -0.8487 0.4140 -0.3291 -0.8586 0.4188 -0.2956 -0.8675 0.4231 -0.2617 -0.8752 0.4269 -0.2274 -0.8819 0.4301 -0.1929 -0.8875 0.4329 -0.1582 -0.8919 0.4350 -0.1232 -0.8953 0.4367 -0.0881 -0.8975 0.4378 -0.0529 -0.8987 0.4383 -0.0176 -0.8987 0.4383 0.0176 -0.8975 0.4378 0.0529 -0.8953 0.4367 0.0881 -0.8919 0.4350 0.1232 -0.8875 0.4329 0.1582 -0.8819 0.4301 0.1929 -0.8752 0.4269 0.2274 -0.8675 0.4231 0.2617 -0.8586 0.4188 0.2956 -0.8487 0.4140 0.3291 -0.8378 0.4086 0.3622 -0.8258 0.4027 0.3949 -0.8127 0.3964 0.4271 -0.7987 0.3895 0.4587 -0.7836 0.3822 0.4898 -0.7676 0.3744 0.5202 -0.7506 0.3661 0.5501 -0.7327 0.3574 0.5792 -0.7139 0.3482 0.6076 -0.6941 0.3386 0.6352 -0.6736 0.3285 0.6621 -0.6521 0.3181 0.6881 -0.6299 0.3072 0.7133 -0.6069 0.2960 0.7376 -0.5831 0.2844 0.7610 -0.5586 0.2725 0.7834 -0.5334 0.2602 0.8048 -0.5076 0.2476 0.8253 -0.4811 0.2346 0.8447 -0.4540 0.2214 0.8631 -0.4263 0.2079 0.8804 -0.3981 0.1942 0.8965 -0.3694 0.1802 0.9116 -0.3403 0.1660 0.9256 -0.3107 0.1515 0.9383 -0.2808 0.1369 0.9500 -0.2505 0.1222 0.9604 -0.2198 0.1072 0.9696 -0.1889 0.0922 0.9777 -0.1578 0.0770 0.9845 -0.1265 0.0617 0.9900 -0.0950 0.0463 0.9944 -0.0634 0.0309 0.9975 -0.0317 0.0155 0.9994 -0.0322 0.0144 -0.9994 -0.0644 0.0287 -0.9975 -0.0966 0.0430 -0.9944 -0.1286 0.0572 -0.9900 -0.1604 0.0714 -0.9845 -0.1920 0.0855 -0.9777 -0.2234 0.0995 -0.9696 -0.2546 0.1133 -0.9604 -0.2854 0.1271 -0.9500 -0.3158 0.1406 -0.9383 -0.3459 0.1540 -0.9256 -0.3755 0.1672 -0.9116 -0.4047 0.1802 -0.8965 -0.4333 0.1929 -0.8804 -0.4614 0.2054 -0.8631 -0.4890 0.2177 -0.8447 -0.5159 0.2297 -0.8253 -0.5422 0.2414 -0.8048 -0.5678 0.2528 -0.7834 -0.5927 0.2639 -0.7610 -0.6169 0.2746 -0.7376 -0.6402 0.2851 -0.7133 -0.6628 0.2951 -0.6881 -0.6846 0.3048 -0.6621 -0.7055 0.3141 -0.6352 -0.7256 0.3230 -0.6076 -0.7447 0.3316 -0.5792 -0.7629 0.3397 -0.5501 -0.7802 0.3474 -0.5202 -0.7965 0.3546 -0.4898 -0.8118 0.3614 -0.4587 -0.8261 0.3678 -0.4271 -0.8393 0.3737 -0.3949 -0.8515 0.3791 -0.3622 -0.8627 0.3841 -0.3291 -0.8727 0.3886 -0.2956 -0.8817 0.3926 -0.2617 -0.8896 0.3961 -0.2274 -0.8964 0.3991 -0.1929 -0.9020 0.4016 -0.1582 -0.9066 0.4036 -0.1232 -0.9100 0.4052 -0.0881 -0.9123 0.4062 -0.0529 -0.9134 0.4067 -0.0176 -0.9134 0.4067 0.0176 -0.9123 0.4062 0.0529 -0.9100 0.4052 0.0881 -0.9066 0.4036 0.1232 -0.9020 0.4016 0.1582 -0.8964 0.3991 0.1929 -0.8896 0.3961 0.2274 -0.8817 0.3926 0.2617 -0.8727 0.3886 0.2956 -0.8627 0.3841 0.3291 -0.8515 0.3791 0.3622 -0.8393 0.3737 0.3949 -0.8261 0.3678 0.4271 -0.8118 0.3614 0.4587 -0.7965 0.3546 0.4898 -0.7802 0.3474 0.5202 -0.7629 0.3397 0.5501 -0.7447 0.3316 0.5792 -0.7256 0.3230 0.6076 -0.7055 0.3141 0.6352 -0.6846 0.3048 0.6621 -0.6628 0.2951 0.6881 -0.6402 0.2851 0.7133 -0.6169 0.2746 0.7376 -0.5927 0.2639 0.7610 -0.5678 0.2528 0.7834 -0.5422 0.2414 0.8048 -0.5159 0.2297 0.8253 -0.4890 0.2177 0.8447 -0.4614 0.2054 0.8631 -0.4333 0.1929 0.8804 -0.4047 0.1802 0.8965 -0.3755 0.1672 0.9116 -0.3459 0.1540 0.9256 -0.3158 0.1406 0.9383 -0.2854 0.1271 0.9500 -0.2546 0.1133 0.9604 -0.2234 0.0995 0.9696 -0.1920 0.0855 0.9777 -0.1604 0.0714 0.9845 -0.1286 0.0572 0.9900 -0.0966 0.0430 0.9944 -0.0644 0.0287 0.9975 -0.0322 0.0144 0.9994 -0.0327 0.0132 -0.9994 -0.0654 0.0264 -0.9975 -0.0980 0.0396 -0.9944 -0.1305 0.0527 -0.9900 -0.1628 0.0658 -0.9845 -0.1949 0.0787 -0.9777 -0.2268 0.0916 -0.9696 -0.2584 0.1044 -0.9604 -0.2896 0.1170 -0.9500 -0.3205 0.1295 -0.9383 -0.3510 0.1418 -0.9256 -0.3811 0.1540 -0.9116 -0.4107 0.1659 -0.8965 -0.4398 0.1777 -0.8804 -0.4683 0.1892 -0.8631 -0.4963 0.2005 -0.8447 -0.5236 0.2115 -0.8253 -0.5503 0.2223 -0.8048 -0.5763 0.2328 -0.7834 -0.6015 0.2430 -0.7610 -0.6261 0.2529 -0.7376 -0.6498 0.2625 -0.7133 -0.6727 0.2718 -0.6881 -0.6948 0.2807 -0.6621 -0.7161 0.2893 -0.6352 -0.7364 0.2975 -0.6076 -0.7558 0.3054 -0.5792 -0.7743 0.3128 -0.5501 -0.7918 0.3199 -0.5202 -0.8084 0.3266 -0.4898 -0.8239 0.3329 -0.4587 -0.8384 0.3387 -0.4271 -0.8518 0.3442 -0.3949 -0.8642 0.3492 -0.3622 -0.8755 0.3537 -0.3291 -0.8858 0.3579 -0.2956 -0.8949 0.3616 -0.2617 -0.9029 0.3648 -0.2274 -0.9098 0.3676 -0.1929 -0.9155 0.3699 -0.1582 -0.9201 0.3718 -0.1232 -0.9236 0.3731 -0.0881 -0.9259 0.3741 -0.0529 -0.9270 0.3745 -0.0176 -0.9270 0.3745 0.0176 -0.9259 0.3741 0.0529 -0.9236 0.3731 0.0881 -0.9201 0.3718 0.1232 -0.9155 0.3699 0.1582 -0.9098 0.3676 0.1929 -0.9029 0.3648 0.2274 -0.8949 0.3616 0.2617 -0.8858 0.3579 0.2956 -0.8755 0.3537 0.3291 -0.8642 0.3492 0.3622 -0.8518 0.3442 0.3949 -0.8384 0.3387 0.4271 -0.8239 0.3329 0.4587 -0.8084 0.3266 0.4898 -0.7918 0.3199 0.5202 -0.7743 0.3128 0.5501 -0.7558 0.3054 0.5792 -0.7364 0.2975 0.6076 -0.7161 0.2893 0.6352 -0.6948 0.2807 0.6621 -0.6727 0.2718 0.6881 -0.6498 0.2625 0.7133 -0.6261 0.2529 0.7376 -0.6015 0.2430 0.7610 -0.5763 0.2328 0.7834 -0.5503 0.2223 0.8048 -0.5236 0.2115 0.8253 -0.4963 0.2005 0.8447 -0.4683 0.1892 0.8631 -0.4398 0.1777 0.8804 -0.4107 0.1659 0.8965 -0.3811 0.1540 0.9116 -0.3510 0.1418 0.9256 -0.3205 0.1295 0.9383 -0.2896 0.1170 0.9500 -0.2584 0.1044 0.9604 -0.2268 0.0916 0.9696 -0.1949 0.0787 0.9777 -0.1628 0.0658 0.9845 -0.1305 0.0527 0.9900 -0.0980 0.0396 0.9944 -0.0654 0.0264 0.9975 -0.0327 0.0132 0.9994 -0.0332 0.0121 -0.9994 -0.0663 0.0241 -0.9975 -0.0993 0.0362 -0.9944 -0.1322 0.0481 -0.9900 -0.1650 0.0601 -0.9845 -0.1975 0.0719 -0.9777 -0.2298 0.0837 -0.9696 -0.2618 0.0953 -0.9604 -0.2935 0.1068 -0.9500 -0.3249 0.1182 -0.9383 -0.3558 0.1295 -0.9256 -0.3862 0.1406 -0.9116 -0.4162 0.1515 -0.8965 -0.4457 0.1622 -0.8804 -0.4746 0.1727 -0.8631 -0.5030 0.1831 -0.8447 -0.5307 0.1931 -0.8253 -0.5577 0.2030 -0.8048 -0.5840 0.2126 -0.7834 -0.6097 0.2219 -0.7610 -0.6345 0.2309 -0.7376 -0.6586 0.2397 -0.7133 -0.6818 0.2482 -0.6881 -0.7042 0.2563 -0.6621 -0.7257 0.2641 -0.6352 -0.7463 0.2716 -0.6076 -0.7660 0.2788 -0.5792 -0.7848 0.2856 -0.5501 -0.8025 0.2921 -0.5202 -0.8193 0.2982 -0.4898 -0.8350 0.3039 -0.4587 -0.8497 0.3093 -0.4271 -0.8633 0.3142 -0.3949 -0.8759 0.3188 -0.3622 -0.8874 0.3230 -0.3291 -0.8977 0.3267 -0.2956 -0.9070 0.3301 -0.2617 -0.9151 0.3331 -0.2274 -0.9220 0.3356 -0.1929 -0.9279 0.3377 -0.1582 -0.9325 0.3394 -0.1232 -0.9360 0.3407 -0.0881 -0.9384 0.3415 -0.0529 -0.9395 0.3420 -0.0176 -0.9395 0.3420 0.0176 -0.9384 0.3415 0.0529 -0.9360 0.3407 0.0881 -0.9325 0.3394 0.1232 -0.9279 0.3377 0.1582 -0.9220 0.3356 0.1929 -0.9151 0.3331 0.2274 -0.9070 0.3301 0.2617 -0.8977 0.3267 0.2956 -0.8874 0.3230 0.3291 -0.8759 0.3188 0.3622 -0.8633 0.3142 0.3949 -0.8497 0.3093 0.4271 -0.8350 0.3039 0.4587 -0.8193 0.2982 0.4898 -0.8025 0.2921 0.5202 -0.7848 0.2856 0.5501 -0.7660 0.2788 0.5792 -0.7463 0.2716 0.6076 -0.7257 0.2641 0.6352 -0.7042 0.2563 0.6621 -0.6818 0.2482 0.6881 -0.6586 0.2397 0.7133 -0.6345 0.2309 0.7376 -0.6097 0.2219 0.7610 -0.5840 0.2126 0.7834 -0.5577 0.2030 0.8048 -0.5307 0.1931 0.8253 -0.5030 0.1831 0.8447 -0.4746 0.1727 0.8631 -0.4457 0.1622 0.8804 -0.4162 0.1515 0.8965 -0.3862 0.1406 0.9116 -0.3558 0.1295 0.9256 -0.3249 0.1182 0.9383 -0.2935 0.1068 0.9500 -0.2618 0.0953 0.9604 -0.2298 0.0837 0.9696 -0.1975 0.0719 0.9777 -0.1650 0.0601 0.9845 -0.1322 0.0481 0.9900 -0.0993 0.0362 0.9944 -0.0663 0.0241 0.9975 -0.0332 0.0121 0.9994 -0.0336 0.0109 -0.9994 -0.0671 0.0218 -0.9975 -0.1005 0.0327 -0.9944 -0.1338 0.0435 -0.9900 -0.1670 0.0543 -0.9845 -0.1999 0.0650 -0.9777 -0.2326 0.0756 -0.9696 -0.2650 0.0861 -0.9604 -0.2971 0.0965 -0.9500 -0.3288 0.1068 -0.9383 -0.3601 0.1170 -0.9256 -0.3909 0.1270 -0.9116 -0.4213 0.1369 -0.8965 -0.4511 0.1466 -0.8804 -0.4804 0.1561 -0.8631 -0.5090 0.1654 -0.8447 -0.5371 0.1745 -0.8253 -0.5644 0.1834 -0.8048 -0.5911 0.1921 -0.7834 -0.6170 0.2005 -0.7610 -0.6422 0.2087 -0.7376 -0.6665 0.2166 -0.7133 -0.6901 0.2242 -0.6881 -0.7127 0.2316 -0.6621 -0.7345 0.2387 -0.6352 -0.7554 0.2454 -0.6076 -0.7753 0.2519 -0.5792 -0.7943 0.2581 -0.5501 -0.8122 0.2639 -0.5202 -0.8292 0.2694 -0.4898 -0.8451 0.2746 -0.4587 -0.8600 0.2794 -0.4271 -0.8738 0.2839 -0.3949 -0.8865 0.2880 -0.3622 -0.8981 0.2918 -0.3291 -0.9086 0.2952 -0.2956 -0.9179 0.2983 -0.2617 -0.9261 0.3009 -0.2274 -0.9332 0.3032 -0.1929 -0.9391 0.3051 -0.1582 -0.9438 0.3067 -0.1232 -0.9474 0.3078 -0.0881 -0.9497 0.3086 -0.0529 -0.9509 0.3090 -0.0176 -0.9509 0.3090 0.0176 -0.9497 0.3086 0.0529 -0.9474 0.3078 0.0881 -0.9438 0.3067 0.1232 -0.9391 0.3051 0.1582 -0.9332 0.3032 0.1929 -0.9261 0.3009 0.2274 -0.9179 0.2983 0.2617 -0.9086 0.2952 0.2956 -0.8981 0.2918 0.3291 -0.8865 0.2880 0.3622 -0.8738 0.2839 0.3949 -0.8600 0.2794 0.4271 -0.8451 0.2746 0.4587 -0.8292 0.2694 0.4898 -0.8122 0.2639 0.5202 -0.7943 0.2581 0.5501 -0.7753 0.2519 0.5792 -0.7554 0.2454 0.6076 -0.7345 0.2387 0.6352 -0.7127 0.2316 0.6621 -0.6901 0.2242 0.6881 -0.6665 0.2166 0.7133 -0.6422 0.2087 0.7376 -0.6170 0.2005 0.7610 -0.5911 0.1921 0.7834 -0.5644 0.1834 0.8048 -0.5371 0.1745 0.8253 -0.5090 0.1654 0.8447 -0.4804 0.1561 0.8631 -0.4511 0.1466 0.8804 -0.4213 0.1369 0.8965 -0.3909 0.1270 0.9116 -0.3601 0.1170 0.9256 -0.3288 0.1068 0.9383 -0.2971 0.0965 0.9500 -0.2650 0.0861 0.9604 -0.2326 0.0756 0.9696 -0.1999 0.0650 0.9777 -0.1670 0.0543 0.9845 -0.1338 0.0435 0.9900 -0.1005 0.0327 0.9944 -0.0671 0.0218 0.9975 -0.0336 0.0109 0.9994 -0.0339 0.0097 -0.9994 -0.0678 0.0194 -0.9975 -0.1016 0.0291 -0.9944 -0.1353 0.0388 -0.9900 -0.1688 0.0484 -0.9845 -0.2021 0.0579 -0.9777 -0.2351 0.0674 -0.9696 -0.2679 0.0768 -0.9604 -0.3003 0.0861 -0.9500 -0.3323 0.0953 -0.9383 -0.3639 0.1044 -0.9256 -0.3951 0.1133 -0.9116 -0.4258 0.1221 -0.8965 -0.4559 0.1307 -0.8804 -0.4855 0.1392 -0.8631 -0.5145 0.1475 -0.8447 -0.5428 0.1557 -0.8253 -0.5705 0.1636 -0.8048 -0.5974 0.1713 -0.7834 -0.6236 0.1788 -0.7610 -0.6491 0.1861 -0.7376 -0.6737 0.1932 -0.7133 -0.6975 0.2000 -0.6881 -0.7204 0.2066 -0.6621 -0.7424 0.2129 -0.6352 -0.7635 0.2189 -0.6076 -0.7836 0.2247 -0.5792 -0.8028 0.2302 -0.5501 -0.8209 0.2354 -0.5202 -0.8381 0.2403 -0.4898 -0.8542 0.2449 -0.4587 -0.8692 0.2492 -0.4271 -0.8831 0.2532 -0.3949 -0.8960 0.2569 -0.3622 -0.9077 0.2603 -0.3291 -0.9183 0.2633 -0.2956 -0.9278 0.2660 -0.2617 -0.9361 0.2684 -0.2274 -0.9432 0.2705 -0.1929 -0.9492 0.2722 -0.1582 -0.9539 0.2735 -0.1232 -0.9575 0.2746 -0.0881 -0.9599 0.2753 -0.0529 -0.9611 0.2756 -0.0176 -0.9611 0.2756 0.0176 -0.9599 0.2753 0.0529 -0.9575 0.2746 0.0881 -0.9539 0.2735 0.1232 -0.9492 0.2722 0.1582 -0.9432 0.2705 0.1929 -0.9361 0.2684 0.2274 -0.9278 0.2660 0.2617 -0.9183 0.2633 0.2956 -0.9077 0.2603 0.3291 -0.8960 0.2569 0.3622 -0.8831 0.2532 0.3949 -0.8692 0.2492 0.4271 -0.8542 0.2449 0.4587 -0.8381 0.2403 0.4898 -0.8209 0.2354 0.5202 -0.8028 0.2302 0.5501 -0.7836 0.2247 0.5792 -0.7635 0.2189 0.6076 -0.7424 0.2129 0.6352 -0.7204 0.2066 0.6621 -0.6975 0.2000 0.6881 -0.6737 0.1932 0.7133 -0.6491 0.1861 0.7376 -0.6236 0.1788 0.7610 -0.5974 0.1713 0.7834 -0.5705 0.1636 0.8048 -0.5428 0.1557 0.8253 -0.5145 0.1475 0.8447 -0.4855 0.1392 0.8631 -0.4559 0.1307 0.8804 -0.4258 0.1221 0.8965 -0.3951 0.1133 0.9116 -0.3639 0.1044 0.9256 -0.3323 0.0953 0.9383 -0.3003 0.0861 0.9500 -0.2679 0.0768 0.9604 -0.2351 0.0674 0.9696 -0.2021 0.0579 0.9777 -0.1688 0.0484 0.9845 -0.1353 0.0388 0.9900 -0.1016 0.0291 0.9944 -0.0678 0.0194 0.9975 -0.0339 0.0097 0.9994 -0.0342 0.0085 -0.9994 -0.0684 0.0171 -0.9975 -0.1026 0.0256 -0.9944 -0.1365 0.0340 -0.9900 -0.1704 0.0425 -0.9845 -0.2040 0.0509 -0.9777 -0.2373 0.0592 -0.9696 -0.2704 0.0674 -0.9604 -0.3031 0.0756 -0.9500 -0.3354 0.0836 -0.9383 -0.3674 0.0916 -0.9256 -0.3988 0.0994 -0.9116 -0.4298 0.1072 -0.8965 -0.4602 0.1147 -0.8804 -0.4901 0.1222 -0.8631 -0.5193 0.1295 -0.8447 -0.5479 0.1366 -0.8253 -0.5759 0.1436 -0.8048 -0.6031 0.1504 -0.7834 -0.6295 0.1570 -0.7610 -0.6552 0.1634 -0.7376 -0.6800 0.1695 -0.7133 -0.7040 0.1755 -0.6881 -0.7271 0.1813 -0.6621 -0.7494 0.1868 -0.6352 -0.7707 0.1921 -0.6076 -0.7910 0.1972 -0.5792 -0.8103 0.2020 -0.5501 -0.8287 0.2066 -0.5202 -0.8460 0.2109 -0.4898 -0.8622 0.2150 -0.4587 -0.8774 0.2188 -0.4271 -0.8914 0.2223 -0.3949 -0.9044 0.2255 -0.3622 -0.9162 0.2284 -0.3291 -0.9269 0.2311 -0.2956 -0.9365 0.2335 -0.2617 -0.9449 0.2356 -0.2274 -0.9521 0.2374 -0.1929 -0.9581 0.2389 -0.1582 -0.9629 0.2401 -0.1232 -0.9665 0.2410 -0.0881 -0.9689 0.2416 -0.0529 -0.9701 0.2419 -0.0176 -0.9701 0.2419 0.0176 -0.9689 0.2416 0.0529 -0.9665 0.2410 0.0881 -0.9629 0.2401 0.1232 -0.9581 0.2389 0.1582 -0.9521 0.2374 0.1929 -0.9449 0.2356 0.2274 -0.9365 0.2335 0.2617 -0.9269 0.2311 0.2956 -0.9162 0.2284 0.3291 -0.9044 0.2255 0.3622 -0.8914 0.2223 0.3949 -0.8774 0.2188 0.4271 -0.8622 0.2150 0.4587 -0.8460 0.2109 0.4898 -0.8287 0.2066 0.5202 -0.8103 0.2020 0.5501 -0.7910 0.1972 0.5792 -0.7707 0.1921 0.6076 -0.7494 0.1868 0.6352 -0.7271 0.1813 0.6621 -0.7040 0.1755 0.6881 -0.6800 0.1695 0.7133 -0.6552 0.1634 0.7376 -0.6295 0.1570 0.7610 -0.6031 0.1504 0.7834 -0.5759 0.1436 0.8048 -0.5479 0.1366 0.8253 -0.5193 0.1295 0.8447 -0.4901 0.1222 0.8631 -0.4602 0.1147 0.8804 -0.4298 0.1072 0.8965 -0.3988 0.0994 0.9116 -0.3674 0.0916 0.9256 -0.3354 0.0836 0.9383 -0.3031 0.0756 0.9500 -0.2704 0.0674 0.9604 -0.2373 0.0592 0.9696 -0.2040 0.0509 0.9777 -0.1704 0.0425 0.9845 -0.1365 0.0340 0.9900 -0.1026 0.0256 0.9944 -0.0684 0.0171 0.9975 -0.0342 0.0085 0.9994 -0.0345 0.0073 -0.9994 -0.0690 0.0147 -0.9975 -0.1034 0.0220 -0.9944 -0.1377 0.0293 -0.9900 -0.1717 0.0365 -0.9845 -0.2056 0.0437 -0.9777 -0.2392 0.0509 -0.9696 -0.2726 0.0579 -0.9604 -0.3055 0.0649 -0.9500 -0.3381 0.0719 -0.9383 -0.3703 0.0787 -0.9256 -0.4020 0.0855 -0.9116 -0.4333 0.0921 -0.8965 -0.4639 0.0986 -0.8804 -0.4940 0.1050 -0.8631 -0.5235 0.1113 -0.8447 -0.5524 0.1174 -0.8253 -0.5805 0.1234 -0.8048 -0.6079 0.1292 -0.7834 -0.6346 0.1349 -0.7610 -0.6605 0.1404 -0.7376 -0.6855 0.1457 -0.7133 -0.7097 0.1509 -0.6881 -0.7330 0.1558 -0.6621 -0.7554 0.1606 -0.6352 -0.7769 0.1651 -0.6076 -0.7974 0.1695 -0.5792 -0.8169 0.1736 -0.5501 -0.8354 0.1776 -0.5202 -0.8528 0.1813 -0.4898 -0.8692 0.1847 -0.4587 -0.8845 0.1880 -0.4271 -0.8987 0.1910 -0.3949 -0.9117 0.1938 -0.3622 -0.9237 0.1963 -0.3291 -0.9344 0.1986 -0.2956 -0.9441 0.2007 -0.2617 -0.9525 0.2025 -0.2274 -0.9598 0.2040 -0.1929 -0.9658 0.2053 -0.1582 -0.9707 0.2063 -0.1232 -0.9743 0.2071 -0.0881 -0.9768 0.2076 -0.0529 -0.9780 0.2079 -0.0176 -0.9780 0.2079 0.0176 -0.9768 0.2076 0.0529 -0.9743 0.2071 0.0881 -0.9707 0.2063 0.1232 -0.9658 0.2053 0.1582 -0.9598 0.2040 0.1929 -0.9525 0.2025 0.2274 -0.9441 0.2007 0.2617 -0.9344 0.1986 0.2956 -0.9237 0.1963 0.3291 -0.9117 0.1938 0.3622 -0.8987 0.1910 0.3949 -0.8845 0.1880 0.4271 -0.8692 0.1847 0.4587 -0.8528 0.1813 0.4898 -0.8354 0.1776 0.5202 -0.8169 0.1736 0.5501 -0.7974 0.1695 0.5792 -0.7769 0.1651 0.6076 -0.7554 0.1606 0.6352 -0.7330 0.1558 0.6621 -0.7097 0.1509 0.6881 -0.6855 0.1457 0.7133 -0.6605 0.1404 0.7376 -0.6346 0.1349 0.7610 -0.6079 0.1292 0.7834 -0.5805 0.1234 0.8048 -0.5524 0.1174 0.8253 -0.5235 0.1113 0.8447 -0.4940 0.1050 0.8631 -0.4639 0.0986 0.8804 -0.4333 0.0921 0.8965 -0.4020 0.0855 0.9116 -0.3703 0.0787 0.9256 -0.3381 0.0719 0.9383 -0.3055 0.0649 0.9500 -0.2726 0.0579 0.9604 -0.2392 0.0509 0.9696 -0.2056 0.0437 0.9777 -0.1717 0.0365 0.9845 -0.1377 0.0293 0.9900 -0.1034 0.0220 0.9944 -0.0690 0.0147 0.9975 -0.0345 0.0073 0.9994 -0.0348 0.0061 -0.9994 -0.0695 0.0122 -0.9975 -0.1041 0.0184 -0.9944 -0.1386 0.0244 -0.9900 -0.1729 0.0305 -0.9845 -0.2070 0.0365 -0.9777 -0.2409 0.0425 -0.9696 -0.2744 0.0484 -0.9604 -0.3076 0.0542 -0.9500 -0.3405 0.0600 -0.9383 -0.3729 0.0657 -0.9256 -0.4048 0.0714 -0.9116 -0.4362 0.0769 -0.8965 -0.4671 0.0824 -0.8804 -0.4974 0.0877 -0.8631 -0.5271 0.0929 -0.8447 -0.5561 0.0981 -0.8253 -0.5845 0.1031 -0.8048 -0.6121 0.1079 -0.7834 -0.6389 0.1127 -0.7610 -0.6650 0.1173 -0.7376 -0.6902 0.1217 -0.7133 -0.7146 0.1260 -0.6881 -0.7380 0.1301 -0.6621 -0.7606 0.1341 -0.6352 -0.7822 0.1379 -0.6076 -0.8028 0.1416 -0.5792 -0.8224 0.1450 -0.5501 -0.8410 0.1483 -0.5202 -0.8586 0.1514 -0.4898 -0.8751 0.1543 -0.4587 -0.8905 0.1570 -0.4271 -0.9048 0.1595 -0.3949 -0.9179 0.1619 -0.3622 -0.9300 0.1640 -0.3291 -0.9408 0.1659 -0.2956 -0.9505 0.1676 -0.2617 -0.9590 0.1691 -0.2274 -0.9663 0.1704 -0.1929 -0.9724 0.1715 -0.1582 -0.9773 0.1723 -0.1232 -0.9810 0.1730 -0.0881 -0.9834 0.1734 -0.0529 -0.9847 0.1736 -0.0176 -0.9847 0.1736 0.0176 -0.9834 0.1734 0.0529 -0.9810 0.1730 0.0881 -0.9773 0.1723 0.1232 -0.9724 0.1715 0.1582 -0.9663 0.1704 0.1929 -0.9590 0.1691 0.2274 -0.9505 0.1676 0.2617 -0.9408 0.1659 0.2956 -0.9300 0.1640 0.3291 -0.9179 0.1619 0.3622 -0.9048 0.1595 0.3949 -0.8905 0.1570 0.4271 -0.8751 0.1543 0.4587 -0.8586 0.1514 0.4898 -0.8410 0.1483 0.5202 -0.8224 0.1450 0.5501 -0.8028 0.1416 0.5792 -0.7822 0.1379 0.6076 -0.7606 0.1341 0.6352 -0.7380 0.1301 0.6621 -0.7146 0.1260 0.6881 -0.6902 0.1217 0.7133 -0.6650 0.1173 0.7376 -0.6389 0.1127 0.7610 -0.6121 0.1079 0.7834 -0.5845 0.1031 0.8048 -0.5561 0.0981 0.8253 -0.5271 0.0929 0.8447 -0.4974 0.0877 0.8631 -0.4671 0.0824 0.8804 -0.4362 0.0769 0.8965 -0.4048 0.0714 0.9116 -0.3729 0.0657 0.9256 -0.3405 0.0600 0.9383 -0.3076 0.0542 0.9500 -0.2744 0.0484 0.9604 -0.2409 0.0425 0.9696 -0.2070 0.0365 0.9777 -0.1729 0.0305 0.9845 -0.1386 0.0244 0.9900 -0.1041 0.0184 0.9944 -0.0695 0.0122 0.9975 -0.0348 0.0061 0.9994 -0.0349 0.0049 -0.9994 -0.0699 0.0098 -0.9975 -0.1047 0.0147 -0.9944 -0.1394 0.0196 -0.9900 -0.1739 0.0244 -0.9845 -0.2082 0.0293 -0.9777 -0.2422 0.0340 -0.9696 -0.2759 0.0388 -0.9604 -0.3093 0.0435 -0.9500 -0.3423 0.0481 -0.9383 -0.3749 0.0527 -0.9256 -0.4070 0.0572 -0.9116 -0.4386 0.0616 -0.8965 -0.4697 0.0660 -0.8804 -0.5002 0.0703 -0.8631 -0.5300 0.0745 -0.8447 -0.5592 0.0786 -0.8253 -0.5877 0.0826 -0.8048 -0.6155 0.0865 -0.7834 -0.6425 0.0903 -0.7610 -0.6687 0.0940 -0.7376 -0.6940 0.0975 -0.7133 -0.7185 0.1010 -0.6881 -0.7421 0.1043 -0.6621 -0.7648 0.1075 -0.6352 -0.7865 0.1105 -0.6076 -0.8073 0.1135 -0.5792 -0.8270 0.1162 -0.5501 -0.8457 0.1189 -0.5202 -0.8634 0.1213 -0.4898 -0.8799 0.1237 -0.4587 -0.8954 0.1258 -0.4271 -0.9098 0.1279 -0.3949 -0.9230 0.1297 -0.3622 -0.9351 0.1314 -0.3291 -0.9460 0.1330 -0.2956 -0.9558 0.1343 -0.2617 -0.9643 0.1355 -0.2274 -0.9717 0.1366 -0.1929 -0.9778 0.1374 -0.1582 -0.9827 0.1381 -0.1232 -0.9864 0.1386 -0.0881 -0.9889 0.1390 -0.0529 -0.9901 0.1392 -0.0176 -0.9901 0.1392 0.0176 -0.9889 0.1390 0.0529 -0.9864 0.1386 0.0881 -0.9827 0.1381 0.1232 -0.9778 0.1374 0.1582 -0.9717 0.1366 0.1929 -0.9643 0.1355 0.2274 -0.9558 0.1343 0.2617 -0.9460 0.1330 0.2956 -0.9351 0.1314 0.3291 -0.9230 0.1297 0.3622 -0.9098 0.1279 0.3949 -0.8954 0.1258 0.4271 -0.8799 0.1237 0.4587 -0.8634 0.1213 0.4898 -0.8457 0.1189 0.5202 -0.8270 0.1162 0.5501 -0.8073 0.1135 0.5792 -0.7865 0.1105 0.6076 -0.7648 0.1075 0.6352 -0.7421 0.1043 0.6621 -0.7185 0.1010 0.6881 -0.6940 0.0975 0.7133 -0.6687 0.0940 0.7376 -0.6425 0.0903 0.7610 -0.6155 0.0865 0.7834 -0.5877 0.0826 0.8048 -0.5592 0.0786 0.8253 -0.5300 0.0745 0.8447 -0.5002 0.0703 0.8631 -0.4697 0.0660 0.8804 -0.4386 0.0616 0.8965 -0.4070 0.0572 0.9116 -0.3749 0.0527 0.9256 -0.3423 0.0481 0.9383 -0.3093 0.0435 0.9500 -0.2759 0.0388 0.9604 -0.2422 0.0340 0.9696 -0.2082 0.0293 0.9777 -0.1739 0.0244 0.9845 -0.1394 0.0196 0.9900 -0.1047 0.0147 0.9944 -0.0699 0.0098 0.9975 -0.0349 0.0049 0.9994 -0.0351 0.0037 -0.9994 -0.0702 0.0074 -0.9975 -0.1051 0.0110 -0.9944 -0.1400 0.0147 -0.9900 -0.1746 0.0184 -0.9845 -0.2091 0.0220 -0.9777 -0.2432 0.0256 -0.9696 -0.2771 0.0291 -0.9604 -0.3107 0.0327 -0.9500 -0.3438 0.0361 -0.9383 -0.3765 0.0396 -0.9256 -0.4088 0.0430 -0.9116 -0.4405 0.0463 -0.8965 -0.4717 0.0496 -0.8804 -0.5023 0.0528 -0.8631 -0.5323 0.0559 -0.8447 -0.5616 0.0590 -0.8253 -0.5902 0.0620 -0.8048 -0.6181 0.0650 -0.7834 -0.6452 0.0678 -0.7610 -0.6715 0.0706 -0.7376 -0.6970 0.0733 -0.7133 -0.7216 0.0758 -0.6881 -0.7453 0.0783 -0.6621 -0.7681 0.0807 -0.6352 -0.7899 0.0830 -0.6076 -0.8107 0.0852 -0.5792 -0.8306 0.0873 -0.5501 -0.8493 0.0893 -0.5202 -0.8671 0.0911 -0.4898 -0.8837 0.0929 -0.4587 -0.8993 0.0945 -0.4271 -0.9137 0.0960 -0.3949 -0.9270 0.0974 -0.3622 -0.9391 0.0987 -0.3291 -0.9501 0.0999 -0.2956 -0.9599 0.1009 -0.2617 -0.9685 0.1018 -0.2274 -0.9758 0.1026 -0.1929 -0.9820 0.1032 -0.1582 -0.9869 0.1037 -0.1232 -0.9907 0.1041 -0.0881 -0.9931 0.1044 -0.0529 -0.9944 0.1045 -0.0176 -0.9944 0.1045 0.0176 -0.9931 0.1044 0.0529 -0.9907 0.1041 0.0881 -0.9869 0.1037 0.1232 -0.9820 0.1032 0.1582 -0.9758 0.1026 0.1929 -0.9685 0.1018 0.2274 -0.9599 0.1009 0.2617 -0.9501 0.0999 0.2956 -0.9391 0.0987 0.3291 -0.9270 0.0974 0.3622 -0.9137 0.0960 0.3949 -0.8993 0.0945 0.4271 -0.8837 0.0929 0.4587 -0.8671 0.0911 0.4898 -0.8493 0.0893 0.5202 -0.8306 0.0873 0.5501 -0.8107 0.0852 0.5792 -0.7899 0.0830 0.6076 -0.7681 0.0807 0.6352 -0.7453 0.0783 0.6621 -0.7216 0.0758 0.6881 -0.6970 0.0733 0.7133 -0.6715 0.0706 0.7376 -0.6452 0.0678 0.7610 -0.6181 0.0650 0.7834 -0.5902 0.0620 0.8048 -0.5616 0.0590 0.8253 -0.5323 0.0559 0.8447 -0.5023 0.0528 0.8631 -0.4717 0.0496 0.8804 -0.4405 0.0463 0.8965 -0.4088 0.0430 0.9116 -0.3765 0.0396 0.9256 -0.3438 0.0361 0.9383 -0.3107 0.0327 0.9500 -0.2771 0.0291 0.9604 -0.2432 0.0256 0.9696 -0.2091 0.0220 0.9777 -0.1746 0.0184 0.9845 -0.1400 0.0147 0.9900 -0.1051 0.0110 0.9944 -0.0702 0.0074 0.9975 -0.0351 0.0037 0.9994 -0.0352 0.0025 -0.9994 -0.0704 0.0049 -0.9975 -0.1054 0.0074 -0.9944 -0.1404 0.0098 -0.9900 -0.1752 0.0122 -0.9845 -0.2097 0.0147 -0.9777 -0.2440 0.0171 -0.9696 -0.2780 0.0194 -0.9604 -0.3116 0.0218 -0.9500 -0.3449 0.0241 -0.9383 -0.3777 0.0264 -0.9256 -0.4100 0.0287 -0.9116 -0.4419 0.0309 -0.8965 -0.4732 0.0331 -0.8804 -0.5039 0.0352 -0.8631 -0.5339 0.0373 -0.8447 -0.5633 0.0394 -0.8253 -0.5920 0.0414 -0.8048 -0.6200 0.0434 -0.7834 -0.6472 0.0453 -0.7610 -0.6736 0.0471 -0.7376 -0.6991 0.0489 -0.7133 -0.7238 0.0506 -0.6881 -0.7476 0.0523 -0.6621 -0.7704 0.0539 -0.6352 -0.7923 0.0554 -0.6076 -0.8132 0.0569 -0.5792 -0.8331 0.0583 -0.5501 -0.8519 0.0596 -0.5202 -0.8697 0.0608 -0.4898 -0.8864 0.0620 -0.4587 -0.9020 0.0631 -0.4271 -0.9165 0.0641 -0.3949 -0.9298 0.0650 -0.3622 -0.9420 0.0659 -0.3291 -0.9530 0.0666 -0.2956 -0.9628 0.0673 -0.2617 -0.9714 0.0679 -0.2274 -0.9788 0.0684 -0.1929 -0.9850 0.0689 -0.1582 -0.9900 0.0692 -0.1232 -0.9937 0.0695 -0.0881 -0.9962 0.0697 -0.0529 -0.9974 0.0697 -0.0176 -0.9974 0.0697 0.0176 -0.9962 0.0697 0.0529 -0.9937 0.0695 0.0881 -0.9900 0.0692 0.1232 -0.9850 0.0689 0.1582 -0.9788 0.0684 0.1929 -0.9714 0.0679 0.2274 -0.9628 0.0673 0.2617 -0.9530 0.0666 0.2956 -0.9420 0.0659 0.3291 -0.9298 0.0650 0.3622 -0.9165 0.0641 0.3949 -0.9020 0.0631 0.4271 -0.8864 0.0620 0.4587 -0.8697 0.0608 0.4898 -0.8519 0.0596 0.5202 -0.8331 0.0583 0.5501 -0.8132 0.0569 0.5792 -0.7923 0.0554 0.6076 -0.7704 0.0539 0.6352 -0.7476 0.0523 0.6621 -0.7238 0.0506 0.6881 -0.6991 0.0489 0.7133 -0.6736 0.0471 0.7376 -0.6472 0.0453 0.7610 -0.6200 0.0434 0.7834 -0.5920 0.0414 0.8048 -0.5633 0.0394 0.8253 -0.5339 0.0373 0.8447 -0.5039 0.0352 0.8631 -0.4732 0.0331 0.8804 -0.4419 0.0309 0.8965 -0.4100 0.0287 0.9116 -0.3777 0.0264 0.9256 -0.3449 0.0241 0.9383 -0.3116 0.0218 0.9500 -0.2780 0.0194 0.9604 -0.2440 0.0171 0.9696 -0.2097 0.0147 0.9777 -0.1752 0.0122 0.9845 -0.1404 0.0098 0.9900 -0.1054 0.0074 0.9944 -0.0704 0.0049 0.9975 -0.0352 0.0025 0.9994 -0.0353 0.0012 -0.9994 -0.0705 0.0025 -0.9975 -0.1056 0.0037 -0.9944 -0.1406 0.0049 -0.9900 -0.1755 0.0061 -0.9845 -0.2101 0.0073 -0.9777 -0.2444 0.0085 -0.9696 -0.2785 0.0097 -0.9604 -0.3122 0.0109 -0.9500 -0.3455 0.0121 -0.9383 -0.3784 0.0132 -0.9256 -0.4108 0.0143 -0.9116 -0.4427 0.0155 -0.8965 -0.4740 0.0166 -0.8804 -0.5048 0.0176 -0.8631 -0.5349 0.0187 -0.8447 -0.5644 0.0197 -0.8253 -0.5931 0.0207 -0.8048 -0.6211 0.0217 -0.7834 -0.6484 0.0226 -0.7610 -0.6748 0.0236 -0.7376 -0.7004 0.0245 -0.7133 -0.7251 0.0253 -0.6881 -0.7490 0.0262 -0.6621 -0.7718 0.0270 -0.6352 -0.7938 0.0277 -0.6076 -0.8147 0.0284 -0.5792 -0.8346 0.0291 -0.5501 -0.8535 0.0298 -0.5202 -0.8713 0.0304 -0.4898 -0.8880 0.0310 -0.4587 -0.9037 0.0316 -0.4271 -0.9182 0.0321 -0.3949 -0.9315 0.0325 -0.3622 -0.9437 0.0330 -0.3291 -0.9547 0.0333 -0.2956 -0.9646 0.0337 -0.2617 -0.9732 0.0340 -0.2274 -0.9806 0.0342 -0.1929 -0.9868 0.0345 -0.1582 -0.9918 0.0346 -0.1232 -0.9955 0.0348 -0.0881 -0.9980 0.0349 -0.0529 -0.9992 0.0349 -0.0176 -0.9992 0.0349 0.0176 -0.9980 0.0349 0.0529 -0.9955 0.0348 0.0881 -0.9918 0.0346 0.1232 -0.9868 0.0345 0.1582 -0.9806 0.0342 0.1929 -0.9732 0.0340 0.2274 -0.9646 0.0337 0.2617 -0.9547 0.0333 0.2956 -0.9437 0.0330 0.3291 -0.9315 0.0325 0.3622 -0.9182 0.0321 0.3949 -0.9037 0.0316 0.4271 -0.8880 0.0310 0.4587 -0.8713 0.0304 0.4898 -0.8535 0.0298 0.5202 -0.8346 0.0291 0.5501 -0.8147 0.0284 0.5792 -0.7938 0.0277 0.6076 -0.7718 0.0270 0.6352 -0.7490 0.0262 0.6621 -0.7251 0.0253 0.6881 -0.7004 0.0245 0.7133 -0.6748 0.0236 0.7376 -0.6484 0.0226 0.7610 -0.6211 0.0217 0.7834 -0.5931 0.0207 0.8048 -0.5644 0.0197 0.8253 -0.5349 0.0187 0.8447 -0.5048 0.0176 0.8631 -0.4740 0.0166 0.8804 -0.4427 0.0155 0.8965 -0.4108 0.0143 0.9116 -0.3784 0.0132 0.9256 -0.3455 0.0121 0.9383 -0.3122 0.0109 0.9500 -0.2785 0.0097 0.9604 -0.2444 0.0085 0.9696 -0.2101 0.0073 0.9777 -0.1755 0.0061 0.9845 -0.1406 0.0049 0.9900 -0.1056 0.0037 0.9944 -0.0705 0.0025 0.9975 -0.0353 0.0012 0.9994 -0.0353 0.0000 -0.9994 -0.0705 0.0000 -0.9975 -0.1057 0.0000 -0.9944 -0.1407 0.0000 -0.9900 -0.1756 0.0000 -0.9845 -0.2102 0.0000 -0.9777 -0.2446 0.0000 -0.9696 -0.2787 0.0000 -0.9604 -0.3124 0.0000 -0.9500 -0.3457 0.0000 -0.9383 -0.3786 0.0000 -0.9256 -0.4110 0.0000 -0.9116 -0.4429 0.0000 -0.8965 -0.4743 0.0000 -0.8804 -0.5051 0.0000 -0.8631 -0.5352 0.0000 -0.8447 -0.5647 0.0000 -0.8253 -0.5935 0.0000 -0.8048 -0.6215 0.0000 -0.7834 -0.6488 0.0000 -0.7610 -0.6752 0.0000 -0.7376 -0.7008 0.0000 -0.7133 -0.7256 0.0000 -0.6881 -0.7494 0.0000 -0.6621 -0.7723 0.0000 -0.6352 -0.7942 0.0000 -0.6076 -0.8152 0.0000 -0.5792 -0.8351 0.0000 -0.5501 -0.8540 0.0000 -0.5202 -0.8718 0.0000 -0.4898 -0.8886 0.0000 -0.4587 -0.9042 0.0000 -0.4271 -0.9187 0.0000 -0.3949 -0.9321 0.0000 -0.3622 -0.9443 0.0000 -0.3291 -0.9553 0.0000 -0.2956 -0.9652 0.0000 -0.2617 -0.9738 0.0000 -0.2274 -0.9812 0.0000 -0.1929 -0.9874 0.0000 -0.1582 -0.9924 0.0000 -0.1232 -0.9961 0.0000 -0.0881 -0.9986 0.0000 -0.0529 -0.9998 0.0000 -0.0176 -0.9998 0.0000 0.0176 -0.9986 0.0000 0.0529 -0.9961 0.0000 0.0881 -0.9924 0.0000 0.1232 -0.9874 0.0000 0.1582 -0.9812 0.0000 0.1929 -0.9738 0.0000 0.2274 -0.9652 0.0000 0.2617 -0.9553 0.0000 0.2956 -0.9443 0.0000 0.3291 -0.9321 0.0000 0.3622 -0.9187 0.0000 0.3949 -0.9042 0.0000 0.4271 -0.8886 0.0000 0.4587 -0.8718 0.0000 0.4898 -0.8540 0.0000 0.5202 -0.8351 0.0000 0.5501 -0.8152 0.0000 0.5792 -0.7942 0.0000 0.6076 -0.7723 0.0000 0.6352 -0.7494 0.0000 0.6621 -0.7256 0.0000 0.6881 -0.7008 0.0000 0.7133 -0.6752 0.0000 0.7376 -0.6488 0.0000 0.7610 -0.6215 0.0000 0.7834 -0.5935 0.0000 0.8048 -0.5647 0.0000 0.8253 -0.5352 0.0000 0.8447 -0.5051 0.0000 0.8631 -0.4743 0.0000 0.8804 -0.4429 0.0000 0.8965 -0.4110 0.0000 0.9116 -0.3786 0.0000 0.9256 -0.3457 0.0000 0.9383 -0.3124 0.0000 0.9500 -0.2787 0.0000 0.9604 -0.2446 0.0000 0.9696 -0.2102 0.0000 0.9777 -0.1756 0.0000 0.9845 -0.1407 0.0000 0.9900 -0.1057 0.0000 0.9944 -0.0705 0.0000 0.9975 -0.0353 0.0000 0.9994 -0.0353 -0.0012 -0.9994 -0.0705 -0.0025 -0.9975 -0.1056 -0.0037 -0.9944 -0.1406 -0.0049 -0.9900 -0.1755 -0.0061 -0.9845 -0.2101 -0.0073 -0.9777 -0.2444 -0.0085 -0.9696 -0.2785 -0.0097 -0.9604 -0.3122 -0.0109 -0.9500 -0.3455 -0.0121 -0.9383 -0.3784 -0.0132 -0.9256 -0.4108 -0.0143 -0.9116 -0.4427 -0.0155 -0.8965 -0.4740 -0.0166 -0.8804 -0.5048 -0.0176 -0.8631 -0.5349 -0.0187 -0.8447 -0.5644 -0.0197 -0.8253 -0.5931 -0.0207 -0.8048 -0.6211 -0.0217 -0.7834 -0.6484 -0.0226 -0.7610 -0.6748 -0.0236 -0.7376 -0.7004 -0.0245 -0.7133 -0.7251 -0.0253 -0.6881 -0.7490 -0.0262 -0.6621 -0.7718 -0.0270 -0.6352 -0.7938 -0.0277 -0.6076 -0.8147 -0.0284 -0.5792 -0.8346 -0.0291 -0.5501 -0.8535 -0.0298 -0.5202 -0.8713 -0.0304 -0.4898 -0.8880 -0.0310 -0.4587 -0.9037 -0.0316 -0.4271 -0.9182 -0.0321 -0.3949 -0.9315 -0.0325 -0.3622 -0.9437 -0.0330 -0.3291 -0.9547 -0.0333 -0.2956 -0.9646 -0.0337 -0.2617 -0.9732 -0.0340 -0.2274 -0.9806 -0.0342 -0.1929 -0.9868 -0.0345 -0.1582 -0.9918 -0.0346 -0.1232 -0.9955 -0.0348 -0.0881 -0.9980 -0.0349 -0.0529 -0.9992 -0.0349 -0.0176 -0.9992 -0.0349 0.0176 -0.9980 -0.0349 0.0529 -0.9955 -0.0348 0.0881 -0.9918 -0.0346 0.1232 -0.9868 -0.0345 0.1582 -0.9806 -0.0342 0.1929 -0.9732 -0.0340 0.2274 -0.9646 -0.0337 0.2617 -0.9547 -0.0333 0.2956 -0.9437 -0.0330 0.3291 -0.9315 -0.0325 0.3622 -0.9182 -0.0321 0.3949 -0.9037 -0.0316 0.4271 -0.8880 -0.0310 0.4587 -0.8713 -0.0304 0.4898 -0.8535 -0.0298 0.5202 -0.8346 -0.0291 0.5501 -0.8147 -0.0284 0.5792 -0.7938 -0.0277 0.6076 -0.7718 -0.0270 0.6352 -0.7490 -0.0262 0.6621 -0.7251 -0.0253 0.6881 -0.7004 -0.0245 0.7133 -0.6748 -0.0236 0.7376 -0.6484 -0.0226 0.7610 -0.6211 -0.0217 0.7834 -0.5931 -0.0207 0.8048 -0.5644 -0.0197 0.8253 -0.5349 -0.0187 0.8447 -0.5048 -0.0176 0.8631 -0.4740 -0.0166 0.8804 -0.4427 -0.0155 0.8965 -0.4108 -0.0143 0.9116 -0.3784 -0.0132 0.9256 -0.3455 -0.0121 0.9383 -0.3122 -0.0109 0.9500 -0.2785 -0.0097 0.9604 -0.2444 -0.0085 0.9696 -0.2101 -0.0073 0.9777 -0.1755 -0.0061 0.9845 -0.1406 -0.0049 0.9900 -0.1056 -0.0037 0.9944 -0.0705 -0.0025 0.9975 -0.0353 -0.0012 0.9994 -0.0352 -0.0025 -0.9994 -0.0704 -0.0049 -0.9975 -0.1054 -0.0074 -0.9944 -0.1404 -0.0098 -0.9900 -0.1752 -0.0122 -0.9845 -0.2097 -0.0147 -0.9777 -0.2440 -0.0171 -0.9696 -0.2780 -0.0194 -0.9604 -0.3116 -0.0218 -0.9500 -0.3449 -0.0241 -0.9383 -0.3777 -0.0264 -0.9256 -0.4100 -0.0287 -0.9116 -0.4419 -0.0309 -0.8965 -0.4732 -0.0331 -0.8804 -0.5039 -0.0352 -0.8631 -0.5339 -0.0373 -0.8447 -0.5633 -0.0394 -0.8253 -0.5920 -0.0414 -0.8048 -0.6200 -0.0434 -0.7834 -0.6472 -0.0453 -0.7610 -0.6736 -0.0471 -0.7376 -0.6991 -0.0489 -0.7133 -0.7238 -0.0506 -0.6881 -0.7476 -0.0523 -0.6621 -0.7704 -0.0539 -0.6352 -0.7923 -0.0554 -0.6076 -0.8132 -0.0569 -0.5792 -0.8331 -0.0583 -0.5501 -0.8519 -0.0596 -0.5202 -0.8697 -0.0608 -0.4898 -0.8864 -0.0620 -0.4587 -0.9020 -0.0631 -0.4271 -0.9165 -0.0641 -0.3949 -0.9298 -0.0650 -0.3622 -0.9420 -0.0659 -0.3291 -0.9530 -0.0666 -0.2956 -0.9628 -0.0673 -0.2617 -0.9714 -0.0679 -0.2274 -0.9788 -0.0684 -0.1929 -0.9850 -0.0689 -0.1582 -0.9900 -0.0692 -0.1232 -0.9937 -0.0695 -0.0881 -0.9962 -0.0697 -0.0529 -0.9974 -0.0697 -0.0176 -0.9974 -0.0697 0.0176 -0.9962 -0.0697 0.0529 -0.9937 -0.0695 0.0881 -0.9900 -0.0692 0.1232 -0.9850 -0.0689 0.1582 -0.9788 -0.0684 0.1929 -0.9714 -0.0679 0.2274 -0.9628 -0.0673 0.2617 -0.9530 -0.0666 0.2956 -0.9420 -0.0659 0.3291 -0.9298 -0.0650 0.3622 -0.9165 -0.0641 0.3949 -0.9020 -0.0631 0.4271 -0.8864 -0.0620 0.4587 -0.8697 -0.0608 0.4898 -0.8519 -0.0596 0.5202 -0.8331 -0.0583 0.5501 -0.8132 -0.0569 0.5792 -0.7923 -0.0554 0.6076 -0.7704 -0.0539 0.6352 -0.7476 -0.0523 0.6621 -0.7238 -0.0506 0.6881 -0.6991 -0.0489 0.7133 -0.6736 -0.0471 0.7376 -0.6472 -0.0453 0.7610 -0.6200 -0.0434 0.7834 -0.5920 -0.0414 0.8048 -0.5633 -0.0394 0.8253 -0.5339 -0.0373 0.8447 -0.5039 -0.0352 0.8631 -0.4732 -0.0331 0.8804 -0.4419 -0.0309 0.8965 -0.4100 -0.0287 0.9116 -0.3777 -0.0264 0.9256 -0.3449 -0.0241 0.9383 -0.3116 -0.0218 0.9500 -0.2780 -0.0194 0.9604 -0.2440 -0.0171 0.9696 -0.2097 -0.0147 0.9777 -0.1752 -0.0122 0.9845 -0.1404 -0.0098 0.9900 -0.1054 -0.0074 0.9944 -0.0704 -0.0049 0.9975 -0.0352 -0.0025 0.9994 -0.0351 -0.0037 -0.9994 -0.0702 -0.0074 -0.9975 -0.1051 -0.0110 -0.9944 -0.1400 -0.0147 -0.9900 -0.1746 -0.0184 -0.9845 -0.2091 -0.0220 -0.9777 -0.2432 -0.0256 -0.9696 -0.2771 -0.0291 -0.9604 -0.3107 -0.0327 -0.9500 -0.3438 -0.0361 -0.9383 -0.3765 -0.0396 -0.9256 -0.4088 -0.0430 -0.9116 -0.4405 -0.0463 -0.8965 -0.4717 -0.0496 -0.8804 -0.5023 -0.0528 -0.8631 -0.5323 -0.0559 -0.8447 -0.5616 -0.0590 -0.8253 -0.5902 -0.0620 -0.8048 -0.6181 -0.0650 -0.7834 -0.6452 -0.0678 -0.7610 -0.6715 -0.0706 -0.7376 -0.6970 -0.0733 -0.7133 -0.7216 -0.0758 -0.6881 -0.7453 -0.0783 -0.6621 -0.7681 -0.0807 -0.6352 -0.7899 -0.0830 -0.6076 -0.8107 -0.0852 -0.5792 -0.8306 -0.0873 -0.5501 -0.8493 -0.0893 -0.5202 -0.8671 -0.0911 -0.4898 -0.8837 -0.0929 -0.4587 -0.8993 -0.0945 -0.4271 -0.9137 -0.0960 -0.3949 -0.9270 -0.0974 -0.3622 -0.9391 -0.0987 -0.3291 -0.9501 -0.0999 -0.2956 -0.9599 -0.1009 -0.2617 -0.9685 -0.1018 -0.2274 -0.9758 -0.1026 -0.1929 -0.9820 -0.1032 -0.1582 -0.9869 -0.1037 -0.1232 -0.9907 -0.1041 -0.0881 -0.9931 -0.1044 -0.0529 -0.9944 -0.1045 -0.0176 -0.9944 -0.1045 0.0176 -0.9931 -0.1044 0.0529 -0.9907 -0.1041 0.0881 -0.9869 -0.1037 0.1232 -0.9820 -0.1032 0.1582 -0.9758 -0.1026 0.1929 -0.9685 -0.1018 0.2274 -0.9599 -0.1009 0.2617 -0.9501 -0.0999 0.2956 -0.9391 -0.0987 0.3291 -0.9270 -0.0974 0.3622 -0.9137 -0.0960 0.3949 -0.8993 -0.0945 0.4271 -0.8837 -0.0929 0.4587 -0.8671 -0.0911 0.4898 -0.8493 -0.0893 0.5202 -0.8306 -0.0873 0.5501 -0.8107 -0.0852 0.5792 -0.7899 -0.0830 0.6076 -0.7681 -0.0807 0.6352 -0.7453 -0.0783 0.6621 -0.7216 -0.0758 0.6881 -0.6970 -0.0733 0.7133 -0.6715 -0.0706 0.7376 -0.6452 -0.0678 0.7610 -0.6181 -0.0650 0.7834 -0.5902 -0.0620 0.8048 -0.5616 -0.0590 0.8253 -0.5323 -0.0559 0.8447 -0.5023 -0.0528 0.8631 -0.4717 -0.0496 0.8804 -0.4405 -0.0463 0.8965 -0.4088 -0.0430 0.9116 -0.3765 -0.0396 0.9256 -0.3438 -0.0361 0.9383 -0.3107 -0.0327 0.9500 -0.2771 -0.0291 0.9604 -0.2432 -0.0256 0.9696 -0.2091 -0.0220 0.9777 -0.1746 -0.0184 0.9845 -0.1400 -0.0147 0.9900 -0.1051 -0.0110 0.9944 -0.0702 -0.0074 0.9975 -0.0351 -0.0037 0.9994 -0.0349 -0.0049 -0.9994 -0.0699 -0.0098 -0.9975 -0.1047 -0.0147 -0.9944 -0.1394 -0.0196 -0.9900 -0.1739 -0.0244 -0.9845 -0.2082 -0.0293 -0.9777 -0.2422 -0.0340 -0.9696 -0.2759 -0.0388 -0.9604 -0.3093 -0.0435 -0.9500 -0.3423 -0.0481 -0.9383 -0.3749 -0.0527 -0.9256 -0.4070 -0.0572 -0.9116 -0.4386 -0.0616 -0.8965 -0.4697 -0.0660 -0.8804 -0.5002 -0.0703 -0.8631 -0.5300 -0.0745 -0.8447 -0.5592 -0.0786 -0.8253 -0.5877 -0.0826 -0.8048 -0.6155 -0.0865 -0.7834 -0.6425 -0.0903 -0.7610 -0.6687 -0.0940 -0.7376 -0.6940 -0.0975 -0.7133 -0.7185 -0.1010 -0.6881 -0.7421 -0.1043 -0.6621 -0.7648 -0.1075 -0.6352 -0.7865 -0.1105 -0.6076 -0.8073 -0.1135 -0.5792 -0.8270 -0.1162 -0.5501 -0.8457 -0.1189 -0.5202 -0.8634 -0.1213 -0.4898 -0.8799 -0.1237 -0.4587 -0.8954 -0.1258 -0.4271 -0.9098 -0.1279 -0.3949 -0.9230 -0.1297 -0.3622 -0.9351 -0.1314 -0.3291 -0.9460 -0.1330 -0.2956 -0.9558 -0.1343 -0.2617 -0.9643 -0.1355 -0.2274 -0.9717 -0.1366 -0.1929 -0.9778 -0.1374 -0.1582 -0.9827 -0.1381 -0.1232 -0.9864 -0.1386 -0.0881 -0.9889 -0.1390 -0.0529 -0.9901 -0.1392 -0.0176 -0.9901 -0.1392 0.0176 -0.9889 -0.1390 0.0529 -0.9864 -0.1386 0.0881 -0.9827 -0.1381 0.1232 -0.9778 -0.1374 0.1582 -0.9717 -0.1366 0.1929 -0.9643 -0.1355 0.2274 -0.9558 -0.1343 0.2617 -0.9460 -0.1330 0.2956 -0.9351 -0.1314 0.3291 -0.9230 -0.1297 0.3622 -0.9098 -0.1279 0.3949 -0.8954 -0.1258 0.4271 -0.8799 -0.1237 0.4587 -0.8634 -0.1213 0.4898 -0.8457 -0.1189 0.5202 -0.8270 -0.1162 0.5501 -0.8073 -0.1135 0.5792 -0.7865 -0.1105 0.6076 -0.7648 -0.1075 0.6352 -0.7421 -0.1043 0.6621 -0.7185 -0.1010 0.6881 -0.6940 -0.0975 0.7133 -0.6687 -0.0940 0.7376 -0.6425 -0.0903 0.7610 -0.6155 -0.0865 0.7834 -0.5877 -0.0826 0.8048 -0.5592 -0.0786 0.8253 -0.5300 -0.0745 0.8447 -0.5002 -0.0703 0.8631 -0.4697 -0.0660 0.8804 -0.4386 -0.0616 0.8965 -0.4070 -0.0572 0.9116 -0.3749 -0.0527 0.9256 -0.3423 -0.0481 0.9383 -0.3093 -0.0435 0.9500 -0.2759 -0.0388 0.9604 -0.2422 -0.0340 0.9696 -0.2082 -0.0293 0.9777 -0.1739 -0.0244 0.9845 -0.1394 -0.0196 0.9900 -0.1047 -0.0147 0.9944 -0.0699 -0.0098 0.9975 -0.0349 -0.0049 0.9994 -0.0348 -0.0061 -0.9994 -0.0695 -0.0122 -0.9975 -0.1041 -0.0184 -0.9944 -0.1386 -0.0244 -0.9900 -0.1729 -0.0305 -0.9845 -0.2070 -0.0365 -0.9777 -0.2409 -0.0425 -0.9696 -0.2744 -0.0484 -0.9604 -0.3076 -0.0542 -0.9500 -0.3405 -0.0600 -0.9383 -0.3729 -0.0657 -0.9256 -0.4048 -0.0714 -0.9116 -0.4362 -0.0769 -0.8965 -0.4671 -0.0824 -0.8804 -0.4974 -0.0877 -0.8631 -0.5271 -0.0929 -0.8447 -0.5561 -0.0981 -0.8253 -0.5845 -0.1031 -0.8048 -0.6121 -0.1079 -0.7834 -0.6389 -0.1127 -0.7610 -0.6650 -0.1173 -0.7376 -0.6902 -0.1217 -0.7133 -0.7146 -0.1260 -0.6881 -0.7380 -0.1301 -0.6621 -0.7606 -0.1341 -0.6352 -0.7822 -0.1379 -0.6076 -0.8028 -0.1416 -0.5792 -0.8224 -0.1450 -0.5501 -0.8410 -0.1483 -0.5202 -0.8586 -0.1514 -0.4898 -0.8751 -0.1543 -0.4587 -0.8905 -0.1570 -0.4271 -0.9048 -0.1595 -0.3949 -0.9179 -0.1619 -0.3622 -0.9300 -0.1640 -0.3291 -0.9408 -0.1659 -0.2956 -0.9505 -0.1676 -0.2617 -0.9590 -0.1691 -0.2274 -0.9663 -0.1704 -0.1929 -0.9724 -0.1715 -0.1582 -0.9773 -0.1723 -0.1232 -0.9810 -0.1730 -0.0881 -0.9834 -0.1734 -0.0529 -0.9847 -0.1736 -0.0176 -0.9847 -0.1736 0.0176 -0.9834 -0.1734 0.0529 -0.9810 -0.1730 0.0881 -0.9773 -0.1723 0.1232 -0.9724 -0.1715 0.1582 -0.9663 -0.1704 0.1929 -0.9590 -0.1691 0.2274 -0.9505 -0.1676 0.2617 -0.9408 -0.1659 0.2956 -0.9300 -0.1640 0.3291 -0.9179 -0.1619 0.3622 -0.9048 -0.1595 0.3949 -0.8905 -0.1570 0.4271 -0.8751 -0.1543 0.4587 -0.8586 -0.1514 0.4898 -0.8410 -0.1483 0.5202 -0.8224 -0.1450 0.5501 -0.8028 -0.1416 0.5792 -0.7822 -0.1379 0.6076 -0.7606 -0.1341 0.6352 -0.7380 -0.1301 0.6621 -0.7146 -0.1260 0.6881 -0.6902 -0.1217 0.7133 -0.6650 -0.1173 0.7376 -0.6389 -0.1127 0.7610 -0.6121 -0.1079 0.7834 -0.5845 -0.1031 0.8048 -0.5561 -0.0981 0.8253 -0.5271 -0.0929 0.8447 -0.4974 -0.0877 0.8631 -0.4671 -0.0824 0.8804 -0.4362 -0.0769 0.8965 -0.4048 -0.0714 0.9116 -0.3729 -0.0657 0.9256 -0.3405 -0.0600 0.9383 -0.3076 -0.0542 0.9500 -0.2744 -0.0484 0.9604 -0.2409 -0.0425 0.9696 -0.2070 -0.0365 0.9777 -0.1729 -0.0305 0.9845 -0.1386 -0.0244 0.9900 -0.1041 -0.0184 0.9944 -0.0695 -0.0122 0.9975 -0.0348 -0.0061 0.9994 -0.0345 -0.0073 -0.9994 -0.0690 -0.0147 -0.9975 -0.1034 -0.0220 -0.9944 -0.1377 -0.0293 -0.9900 -0.1717 -0.0365 -0.9845 -0.2056 -0.0437 -0.9777 -0.2392 -0.0509 -0.9696 -0.2726 -0.0579 -0.9604 -0.3055 -0.0649 -0.9500 -0.3381 -0.0719 -0.9383 -0.3703 -0.0787 -0.9256 -0.4020 -0.0855 -0.9116 -0.4333 -0.0921 -0.8965 -0.4639 -0.0986 -0.8804 -0.4940 -0.1050 -0.8631 -0.5235 -0.1113 -0.8447 -0.5524 -0.1174 -0.8253 -0.5805 -0.1234 -0.8048 -0.6079 -0.1292 -0.7834 -0.6346 -0.1349 -0.7610 -0.6605 -0.1404 -0.7376 -0.6855 -0.1457 -0.7133 -0.7097 -0.1509 -0.6881 -0.7330 -0.1558 -0.6621 -0.7554 -0.1606 -0.6352 -0.7769 -0.1651 -0.6076 -0.7974 -0.1695 -0.5792 -0.8169 -0.1736 -0.5501 -0.8354 -0.1776 -0.5202 -0.8528 -0.1813 -0.4898 -0.8692 -0.1847 -0.4587 -0.8845 -0.1880 -0.4271 -0.8987 -0.1910 -0.3949 -0.9117 -0.1938 -0.3622 -0.9237 -0.1963 -0.3291 -0.9344 -0.1986 -0.2956 -0.9441 -0.2007 -0.2617 -0.9525 -0.2025 -0.2274 -0.9598 -0.2040 -0.1929 -0.9658 -0.2053 -0.1582 -0.9707 -0.2063 -0.1232 -0.9743 -0.2071 -0.0881 -0.9768 -0.2076 -0.0529 -0.9780 -0.2079 -0.0176 -0.9780 -0.2079 0.0176 -0.9768 -0.2076 0.0529 -0.9743 -0.2071 0.0881 -0.9707 -0.2063 0.1232 -0.9658 -0.2053 0.1582 -0.9598 -0.2040 0.1929 -0.9525 -0.2025 0.2274 -0.9441 -0.2007 0.2617 -0.9344 -0.1986 0.2956 -0.9237 -0.1963 0.3291 -0.9117 -0.1938 0.3622 -0.8987 -0.1910 0.3949 -0.8845 -0.1880 0.4271 -0.8692 -0.1847 0.4587 -0.8528 -0.1813 0.4898 -0.8354 -0.1776 0.5202 -0.8169 -0.1736 0.5501 -0.7974 -0.1695 0.5792 -0.7769 -0.1651 0.6076 -0.7554 -0.1606 0.6352 -0.7330 -0.1558 0.6621 -0.7097 -0.1509 0.6881 -0.6855 -0.1457 0.7133 -0.6605 -0.1404 0.7376 -0.6346 -0.1349 0.7610 -0.6079 -0.1292 0.7834 -0.5805 -0.1234 0.8048 -0.5524 -0.1174 0.8253 -0.5235 -0.1113 0.8447 -0.4940 -0.1050 0.8631 -0.4639 -0.0986 0.8804 -0.4333 -0.0921 0.8965 -0.4020 -0.0855 0.9116 -0.3703 -0.0787 0.9256 -0.3381 -0.0719 0.9383 -0.3055 -0.0649 0.9500 -0.2726 -0.0579 0.9604 -0.2392 -0.0509 0.9696 -0.2056 -0.0437 0.9777 -0.1717 -0.0365 0.9845 -0.1377 -0.0293 0.9900 -0.1034 -0.0220 0.9944 -0.0690 -0.0147 0.9975 -0.0345 -0.0073 0.9994 -0.0342 -0.0085 -0.9994 -0.0684 -0.0171 -0.9975 -0.1026 -0.0256 -0.9944 -0.1365 -0.0340 -0.9900 -0.1704 -0.0425 -0.9845 -0.2040 -0.0509 -0.9777 -0.2373 -0.0592 -0.9696 -0.2704 -0.0674 -0.9604 -0.3031 -0.0756 -0.9500 -0.3354 -0.0836 -0.9383 -0.3674 -0.0916 -0.9256 -0.3988 -0.0994 -0.9116 -0.4298 -0.1072 -0.8965 -0.4602 -0.1147 -0.8804 -0.4901 -0.1222 -0.8631 -0.5193 -0.1295 -0.8447 -0.5479 -0.1366 -0.8253 -0.5759 -0.1436 -0.8048 -0.6031 -0.1504 -0.7834 -0.6295 -0.1570 -0.7610 -0.6552 -0.1634 -0.7376 -0.6800 -0.1695 -0.7133 -0.7040 -0.1755 -0.6881 -0.7271 -0.1813 -0.6621 -0.7494 -0.1868 -0.6352 -0.7707 -0.1921 -0.6076 -0.7910 -0.1972 -0.5792 -0.8103 -0.2020 -0.5501 -0.8287 -0.2066 -0.5202 -0.8460 -0.2109 -0.4898 -0.8622 -0.2150 -0.4587 -0.8774 -0.2188 -0.4271 -0.8914 -0.2223 -0.3949 -0.9044 -0.2255 -0.3622 -0.9162 -0.2284 -0.3291 -0.9269 -0.2311 -0.2956 -0.9365 -0.2335 -0.2617 -0.9449 -0.2356 -0.2274 -0.9521 -0.2374 -0.1929 -0.9581 -0.2389 -0.1582 -0.9629 -0.2401 -0.1232 -0.9665 -0.2410 -0.0881 -0.9689 -0.2416 -0.0529 -0.9701 -0.2419 -0.0176 -0.9701 -0.2419 0.0176 -0.9689 -0.2416 0.0529 -0.9665 -0.2410 0.0881 -0.9629 -0.2401 0.1232 -0.9581 -0.2389 0.1582 -0.9521 -0.2374 0.1929 -0.9449 -0.2356 0.2274 -0.9365 -0.2335 0.2617 -0.9269 -0.2311 0.2956 -0.9162 -0.2284 0.3291 -0.9044 -0.2255 0.3622 -0.8914 -0.2223 0.3949 -0.8774 -0.2188 0.4271 -0.8622 -0.2150 0.4587 -0.8460 -0.2109 0.4898 -0.8287 -0.2066 0.5202 -0.8103 -0.2020 0.5501 -0.7910 -0.1972 0.5792 -0.7707 -0.1921 0.6076 -0.7494 -0.1868 0.6352 -0.7271 -0.1813 0.6621 -0.7040 -0.1755 0.6881 -0.6800 -0.1695 0.7133 -0.6552 -0.1634 0.7376 -0.6295 -0.1570 0.7610 -0.6031 -0.1504 0.7834 -0.5759 -0.1436 0.8048 -0.5479 -0.1366 0.8253 -0.5193 -0.1295 0.8447 -0.4901 -0.1222 0.8631 -0.4602 -0.1147 0.8804 -0.4298 -0.1072 0.8965 -0.3988 -0.0994 0.9116 -0.3674 -0.0916 0.9256 -0.3354 -0.0836 0.9383 -0.3031 -0.0756 0.9500 -0.2704 -0.0674 0.9604 -0.2373 -0.0592 0.9696 -0.2040 -0.0509 0.9777 -0.1704 -0.0425 0.9845 -0.1365 -0.0340 0.9900 -0.1026 -0.0256 0.9944 -0.0684 -0.0171 0.9975 -0.0342 -0.0085 0.9994 -0.0339 -0.0097 -0.9994 -0.0678 -0.0194 -0.9975 -0.1016 -0.0291 -0.9944 -0.1353 -0.0388 -0.9900 -0.1688 -0.0484 -0.9845 -0.2021 -0.0579 -0.9777 -0.2351 -0.0674 -0.9696 -0.2679 -0.0768 -0.9604 -0.3003 -0.0861 -0.9500 -0.3323 -0.0953 -0.9383 -0.3639 -0.1044 -0.9256 -0.3951 -0.1133 -0.9116 -0.4258 -0.1221 -0.8965 -0.4559 -0.1307 -0.8804 -0.4855 -0.1392 -0.8631 -0.5145 -0.1475 -0.8447 -0.5428 -0.1557 -0.8253 -0.5705 -0.1636 -0.8048 -0.5974 -0.1713 -0.7834 -0.6236 -0.1788 -0.7610 -0.6491 -0.1861 -0.7376 -0.6737 -0.1932 -0.7133 -0.6975 -0.2000 -0.6881 -0.7204 -0.2066 -0.6621 -0.7424 -0.2129 -0.6352 -0.7635 -0.2189 -0.6076 -0.7836 -0.2247 -0.5792 -0.8028 -0.2302 -0.5501 -0.8209 -0.2354 -0.5202 -0.8381 -0.2403 -0.4898 -0.8542 -0.2449 -0.4587 -0.8692 -0.2492 -0.4271 -0.8831 -0.2532 -0.3949 -0.8960 -0.2569 -0.3622 -0.9077 -0.2603 -0.3291 -0.9183 -0.2633 -0.2956 -0.9278 -0.2660 -0.2617 -0.9361 -0.2684 -0.2274 -0.9432 -0.2705 -0.1929 -0.9492 -0.2722 -0.1582 -0.9539 -0.2735 -0.1232 -0.9575 -0.2746 -0.0881 -0.9599 -0.2753 -0.0529 -0.9611 -0.2756 -0.0176 -0.9611 -0.2756 0.0176 -0.9599 -0.2753 0.0529 -0.9575 -0.2746 0.0881 -0.9539 -0.2735 0.1232 -0.9492 -0.2722 0.1582 -0.9432 -0.2705 0.1929 -0.9361 -0.2684 0.2274 -0.9278 -0.2660 0.2617 -0.9183 -0.2633 0.2956 -0.9077 -0.2603 0.3291 -0.8960 -0.2569 0.3622 -0.8831 -0.2532 0.3949 -0.8692 -0.2492 0.4271 -0.8542 -0.2449 0.4587 -0.8381 -0.2403 0.4898 -0.8209 -0.2354 0.5202 -0.8028 -0.2302 0.5501 -0.7836 -0.2247 0.5792 -0.7635 -0.2189 0.6076 -0.7424 -0.2129 0.6352 -0.7204 -0.2066 0.6621 -0.6975 -0.2000 0.6881 -0.6737 -0.1932 0.7133 -0.6491 -0.1861 0.7376 -0.6236 -0.1788 0.7610 -0.5974 -0.1713 0.7834 -0.5705 -0.1636 0.8048 -0.5428 -0.1557 0.8253 -0.5145 -0.1475 0.8447 -0.4855 -0.1392 0.8631 -0.4559 -0.1307 0.8804 -0.4258 -0.1221 0.8965 -0.3951 -0.1133 0.9116 -0.3639 -0.1044 0.9256 -0.3323 -0.0953 0.9383 -0.3003 -0.0861 0.9500 -0.2679 -0.0768 0.9604 -0.2351 -0.0674 0.9696 -0.2021 -0.0579 0.9777 -0.1688 -0.0484 0.9845 -0.1353 -0.0388 0.9900 -0.1016 -0.0291 0.9944 -0.0678 -0.0194 0.9975 -0.0339 -0.0097 0.9994 -0.0336 -0.0109 -0.9994 -0.0671 -0.0218 -0.9975 -0.1005 -0.0327 -0.9944 -0.1338 -0.0435 -0.9900 -0.1670 -0.0543 -0.9845 -0.1999 -0.0650 -0.9777 -0.2326 -0.0756 -0.9696 -0.2650 -0.0861 -0.9604 -0.2971 -0.0965 -0.9500 -0.3288 -0.1068 -0.9383 -0.3601 -0.1170 -0.9256 -0.3909 -0.1270 -0.9116 -0.4213 -0.1369 -0.8965 -0.4511 -0.1466 -0.8804 -0.4804 -0.1561 -0.8631 -0.5090 -0.1654 -0.8447 -0.5371 -0.1745 -0.8253 -0.5644 -0.1834 -0.8048 -0.5911 -0.1921 -0.7834 -0.6170 -0.2005 -0.7610 -0.6422 -0.2087 -0.7376 -0.6665 -0.2166 -0.7133 -0.6901 -0.2242 -0.6881 -0.7127 -0.2316 -0.6621 -0.7345 -0.2387 -0.6352 -0.7554 -0.2454 -0.6076 -0.7753 -0.2519 -0.5792 -0.7943 -0.2581 -0.5501 -0.8122 -0.2639 -0.5202 -0.8292 -0.2694 -0.4898 -0.8451 -0.2746 -0.4587 -0.8600 -0.2794 -0.4271 -0.8738 -0.2839 -0.3949 -0.8865 -0.2880 -0.3622 -0.8981 -0.2918 -0.3291 -0.9086 -0.2952 -0.2956 -0.9179 -0.2983 -0.2617 -0.9261 -0.3009 -0.2274 -0.9332 -0.3032 -0.1929 -0.9391 -0.3051 -0.1582 -0.9438 -0.3067 -0.1232 -0.9474 -0.3078 -0.0881 -0.9497 -0.3086 -0.0529 -0.9509 -0.3090 -0.0176 -0.9509 -0.3090 0.0176 -0.9497 -0.3086 0.0529 -0.9474 -0.3078 0.0881 -0.9438 -0.3067 0.1232 -0.9391 -0.3051 0.1582 -0.9332 -0.3032 0.1929 -0.9261 -0.3009 0.2274 -0.9179 -0.2983 0.2617 -0.9086 -0.2952 0.2956 -0.8981 -0.2918 0.3291 -0.8865 -0.2880 0.3622 -0.8738 -0.2839 0.3949 -0.8600 -0.2794 0.4271 -0.8451 -0.2746 0.4587 -0.8292 -0.2694 0.4898 -0.8122 -0.2639 0.5202 -0.7943 -0.2581 0.5501 -0.7753 -0.2519 0.5792 -0.7554 -0.2454 0.6076 -0.7345 -0.2387 0.6352 -0.7127 -0.2316 0.6621 -0.6901 -0.2242 0.6881 -0.6665 -0.2166 0.7133 -0.6422 -0.2087 0.7376 -0.6170 -0.2005 0.7610 -0.5911 -0.1921 0.7834 -0.5644 -0.1834 0.8048 -0.5371 -0.1745 0.8253 -0.5090 -0.1654 0.8447 -0.4804 -0.1561 0.8631 -0.4511 -0.1466 0.8804 -0.4213 -0.1369 0.8965 -0.3909 -0.1270 0.9116 -0.3601 -0.1170 0.9256 -0.3288 -0.1068 0.9383 -0.2971 -0.0965 0.9500 -0.2650 -0.0861 0.9604 -0.2326 -0.0756 0.9696 -0.1999 -0.0650 0.9777 -0.1670 -0.0543 0.9845 -0.1338 -0.0435 0.9900 -0.1005 -0.0327 0.9944 -0.0671 -0.0218 0.9975 -0.0336 -0.0109 0.9994 -0.0332 -0.0121 -0.9994 -0.0663 -0.0241 -0.9975 -0.0993 -0.0362 -0.9944 -0.1322 -0.0481 -0.9900 -0.1650 -0.0601 -0.9845 -0.1975 -0.0719 -0.9777 -0.2298 -0.0837 -0.9696 -0.2618 -0.0953 -0.9604 -0.2935 -0.1068 -0.9500 -0.3249 -0.1182 -0.9383 -0.3558 -0.1295 -0.9256 -0.3862 -0.1406 -0.9116 -0.4162 -0.1515 -0.8965 -0.4457 -0.1622 -0.8804 -0.4746 -0.1727 -0.8631 -0.5030 -0.1831 -0.8447 -0.5307 -0.1931 -0.8253 -0.5577 -0.2030 -0.8048 -0.5840 -0.2126 -0.7834 -0.6097 -0.2219 -0.7610 -0.6345 -0.2309 -0.7376 -0.6586 -0.2397 -0.7133 -0.6818 -0.2482 -0.6881 -0.7042 -0.2563 -0.6621 -0.7257 -0.2641 -0.6352 -0.7463 -0.2716 -0.6076 -0.7660 -0.2788 -0.5792 -0.7848 -0.2856 -0.5501 -0.8025 -0.2921 -0.5202 -0.8193 -0.2982 -0.4898 -0.8350 -0.3039 -0.4587 -0.8497 -0.3093 -0.4271 -0.8633 -0.3142 -0.3949 -0.8759 -0.3188 -0.3622 -0.8874 -0.3230 -0.3291 -0.8977 -0.3267 -0.2956 -0.9070 -0.3301 -0.2617 -0.9151 -0.3331 -0.2274 -0.9220 -0.3356 -0.1929 -0.9279 -0.3377 -0.1582 -0.9325 -0.3394 -0.1232 -0.9360 -0.3407 -0.0881 -0.9384 -0.3415 -0.0529 -0.9395 -0.3420 -0.0176 -0.9395 -0.3420 0.0176 -0.9384 -0.3415 0.0529 -0.9360 -0.3407 0.0881 -0.9325 -0.3394 0.1232 -0.9279 -0.3377 0.1582 -0.9220 -0.3356 0.1929 -0.9151 -0.3331 0.2274 -0.9070 -0.3301 0.2617 -0.8977 -0.3267 0.2956 -0.8874 -0.3230 0.3291 -0.8759 -0.3188 0.3622 -0.8633 -0.3142 0.3949 -0.8497 -0.3093 0.4271 -0.8350 -0.3039 0.4587 -0.8193 -0.2982 0.4898 -0.8025 -0.2921 0.5202 -0.7848 -0.2856 0.5501 -0.7660 -0.2788 0.5792 -0.7463 -0.2716 0.6076 -0.7257 -0.2641 0.6352 -0.7042 -0.2563 0.6621 -0.6818 -0.2482 0.6881 -0.6586 -0.2397 0.7133 -0.6345 -0.2309 0.7376 -0.6097 -0.2219 0.7610 -0.5840 -0.2126 0.7834 -0.5577 -0.2030 0.8048 -0.5307 -0.1931 0.8253 -0.5030 -0.1831 0.8447 -0.4746 -0.1727 0.8631 -0.4457 -0.1622 0.8804 -0.4162 -0.1515 0.8965 -0.3862 -0.1406 0.9116 -0.3558 -0.1295 0.9256 -0.3249 -0.1182 0.9383 -0.2935 -0.1068 0.9500 -0.2618 -0.0953 0.9604 -0.2298 -0.0837 0.9696 -0.1975 -0.0719 0.9777 -0.1650 -0.0601 0.9845 -0.1322 -0.0481 0.9900 -0.0993 -0.0362 0.9944 -0.0663 -0.0241 0.9975 -0.0332 -0.0121 0.9994 -0.0327 -0.0132 -0.9994 -0.0654 -0.0264 -0.9975 -0.0980 -0.0396 -0.9944 -0.1305 -0.0527 -0.9900 -0.1628 -0.0658 -0.9845 -0.1949 -0.0787 -0.9777 -0.2268 -0.0916 -0.9696 -0.2584 -0.1044 -0.9604 -0.2896 -0.1170 -0.9500 -0.3205 -0.1295 -0.9383 -0.3510 -0.1418 -0.9256 -0.3811 -0.1540 -0.9116 -0.4107 -0.1659 -0.8965 -0.4398 -0.1777 -0.8804 -0.4683 -0.1892 -0.8631 -0.4963 -0.2005 -0.8447 -0.5236 -0.2115 -0.8253 -0.5503 -0.2223 -0.8048 -0.5763 -0.2328 -0.7834 -0.6015 -0.2430 -0.7610 -0.6261 -0.2529 -0.7376 -0.6498 -0.2625 -0.7133 -0.6727 -0.2718 -0.6881 -0.6948 -0.2807 -0.6621 -0.7161 -0.2893 -0.6352 -0.7364 -0.2975 -0.6076 -0.7558 -0.3054 -0.5792 -0.7743 -0.3128 -0.5501 -0.7918 -0.3199 -0.5202 -0.8084 -0.3266 -0.4898 -0.8239 -0.3329 -0.4587 -0.8384 -0.3387 -0.4271 -0.8518 -0.3442 -0.3949 -0.8642 -0.3492 -0.3622 -0.8755 -0.3537 -0.3291 -0.8858 -0.3579 -0.2956 -0.8949 -0.3616 -0.2617 -0.9029 -0.3648 -0.2274 -0.9098 -0.3676 -0.1929 -0.9155 -0.3699 -0.1582 -0.9201 -0.3718 -0.1232 -0.9236 -0.3731 -0.0881 -0.9259 -0.3741 -0.0529 -0.9270 -0.3745 -0.0176 -0.9270 -0.3745 0.0176 -0.9259 -0.3741 0.0529 -0.9236 -0.3731 0.0881 -0.9201 -0.3718 0.1232 -0.9155 -0.3699 0.1582 -0.9098 -0.3676 0.1929 -0.9029 -0.3648 0.2274 -0.8949 -0.3616 0.2617 -0.8858 -0.3579 0.2956 -0.8755 -0.3537 0.3291 -0.8642 -0.3492 0.3622 -0.8518 -0.3442 0.3949 -0.8384 -0.3387 0.4271 -0.8239 -0.3329 0.4587 -0.8084 -0.3266 0.4898 -0.7918 -0.3199 0.5202 -0.7743 -0.3128 0.5501 -0.7558 -0.3054 0.5792 -0.7364 -0.2975 0.6076 -0.7161 -0.2893 0.6352 -0.6948 -0.2807 0.6621 -0.6727 -0.2718 0.6881 -0.6498 -0.2625 0.7133 -0.6261 -0.2529 0.7376 -0.6015 -0.2430 0.7610 -0.5763 -0.2328 0.7834 -0.5503 -0.2223 0.8048 -0.5236 -0.2115 0.8253 -0.4963 -0.2005 0.8447 -0.4683 -0.1892 0.8631 -0.4398 -0.1777 0.8804 -0.4107 -0.1659 0.8965 -0.3811 -0.1540 0.9116 -0.3510 -0.1418 0.9256 -0.3205 -0.1295 0.9383 -0.2896 -0.1170 0.9500 -0.2584 -0.1044 0.9604 -0.2268 -0.0916 0.9696 -0.1949 -0.0787 0.9777 -0.1628 -0.0658 0.9845 -0.1305 -0.0527 0.9900 -0.0980 -0.0396 0.9944 -0.0654 -0.0264 0.9975 -0.0327 -0.0132 0.9994 -0.0322 -0.0144 -0.9994 -0.0644 -0.0287 -0.9975 -0.0966 -0.0430 -0.9944 -0.1286 -0.0572 -0.9900 -0.1604 -0.0714 -0.9845 -0.1920 -0.0855 -0.9777 -0.2234 -0.0995 -0.9696 -0.2546 -0.1133 -0.9604 -0.2854 -0.1271 -0.9500 -0.3158 -0.1406 -0.9383 -0.3459 -0.1540 -0.9256 -0.3755 -0.1672 -0.9116 -0.4047 -0.1802 -0.8965 -0.4333 -0.1929 -0.8804 -0.4614 -0.2054 -0.8631 -0.4890 -0.2177 -0.8447 -0.5159 -0.2297 -0.8253 -0.5422 -0.2414 -0.8048 -0.5678 -0.2528 -0.7834 -0.5927 -0.2639 -0.7610 -0.6169 -0.2746 -0.7376 -0.6402 -0.2851 -0.7133 -0.6628 -0.2951 -0.6881 -0.6846 -0.3048 -0.6621 -0.7055 -0.3141 -0.6352 -0.7256 -0.3230 -0.6076 -0.7447 -0.3316 -0.5792 -0.7629 -0.3397 -0.5501 -0.7802 -0.3474 -0.5202 -0.7965 -0.3546 -0.4898 -0.8118 -0.3614 -0.4587 -0.8261 -0.3678 -0.4271 -0.8393 -0.3737 -0.3949 -0.8515 -0.3791 -0.3622 -0.8627 -0.3841 -0.3291 -0.8727 -0.3886 -0.2956 -0.8817 -0.3926 -0.2617 -0.8896 -0.3961 -0.2274 -0.8964 -0.3991 -0.1929 -0.9020 -0.4016 -0.1582 -0.9066 -0.4036 -0.1232 -0.9100 -0.4052 -0.0881 -0.9123 -0.4062 -0.0529 -0.9134 -0.4067 -0.0176 -0.9134 -0.4067 0.0176 -0.9123 -0.4062 0.0529 -0.9100 -0.4052 0.0881 -0.9066 -0.4036 0.1232 -0.9020 -0.4016 0.1582 -0.8964 -0.3991 0.1929 -0.8896 -0.3961 0.2274 -0.8817 -0.3926 0.2617 -0.8727 -0.3886 0.2956 -0.8627 -0.3841 0.3291 -0.8515 -0.3791 0.3622 -0.8393 -0.3737 0.3949 -0.8261 -0.3678 0.4271 -0.8118 -0.3614 0.4587 -0.7965 -0.3546 0.4898 -0.7802 -0.3474 0.5202 -0.7629 -0.3397 0.5501 -0.7447 -0.3316 0.5792 -0.7256 -0.3230 0.6076 -0.7055 -0.3141 0.6352 -0.6846 -0.3048 0.6621 -0.6628 -0.2951 0.6881 -0.6402 -0.2851 0.7133 -0.6169 -0.2746 0.7376 -0.5927 -0.2639 0.7610 -0.5678 -0.2528 0.7834 -0.5422 -0.2414 0.8048 -0.5159 -0.2297 0.8253 -0.4890 -0.2177 0.8447 -0.4614 -0.2054 0.8631 -0.4333 -0.1929 0.8804 -0.4047 -0.1802 0.8965 -0.3755 -0.1672 0.9116 -0.3459 -0.1540 0.9256 -0.3158 -0.1406 0.9383 -0.2854 -0.1271 0.9500 -0.2546 -0.1133 0.9604 -0.2234 -0.0995 0.9696 -0.1920 -0.0855 0.9777 -0.1604 -0.0714 0.9845 -0.1286 -0.0572 0.9900 -0.0966 -0.0430 0.9944 -0.0644 -0.0287 0.9975 -0.0322 -0.0144 0.9994 -0.0317 -0.0155 -0.9994 -0.0634 -0.0309 -0.9975 -0.0950 -0.0463 -0.9944 -0.1265 -0.0617 -0.9900 -0.1578 -0.0770 -0.9845 -0.1889 -0.0922 -0.9777 -0.2198 -0.1072 -0.9696 -0.2505 -0.1222 -0.9604 -0.2808 -0.1369 -0.9500 -0.3107 -0.1515 -0.9383 -0.3403 -0.1660 -0.9256 -0.3694 -0.1802 -0.9116 -0.3981 -0.1942 -0.8965 -0.4263 -0.2079 -0.8804 -0.4540 -0.2214 -0.8631 -0.4811 -0.2346 -0.8447 -0.5076 -0.2476 -0.8253 -0.5334 -0.2602 -0.8048 -0.5586 -0.2725 -0.7834 -0.5831 -0.2844 -0.7610 -0.6069 -0.2960 -0.7376 -0.6299 -0.3072 -0.7133 -0.6521 -0.3181 -0.6881 -0.6736 -0.3285 -0.6621 -0.6941 -0.3386 -0.6352 -0.7139 -0.3482 -0.6076 -0.7327 -0.3574 -0.5792 -0.7506 -0.3661 -0.5501 -0.7676 -0.3744 -0.5202 -0.7836 -0.3822 -0.4898 -0.7987 -0.3895 -0.4587 -0.8127 -0.3964 -0.4271 -0.8258 -0.4027 -0.3949 -0.8378 -0.4086 -0.3622 -0.8487 -0.4140 -0.3291 -0.8586 -0.4188 -0.2956 -0.8675 -0.4231 -0.2617 -0.8752 -0.4269 -0.2274 -0.8819 -0.4301 -0.1929 -0.8875 -0.4329 -0.1582 -0.8919 -0.4350 -0.1232 -0.8953 -0.4367 -0.0881 -0.8975 -0.4378 -0.0529 -0.8987 -0.4383 -0.0176 -0.8987 -0.4383 0.0176 -0.8975 -0.4378 0.0529 -0.8953 -0.4367 0.0881 -0.8919 -0.4350 0.1232 -0.8875 -0.4329 0.1582 -0.8819 -0.4301 0.1929 -0.8752 -0.4269 0.2274 -0.8675 -0.4231 0.2617 -0.8586 -0.4188 0.2956 -0.8487 -0.4140 0.3291 -0.8378 -0.4086 0.3622 -0.8258 -0.4027 0.3949 -0.8127 -0.3964 0.4271 -0.7987 -0.3895 0.4587 -0.7836 -0.3822 0.4898 -0.7676 -0.3744 0.5202 -0.7506 -0.3661 0.5501 -0.7327 -0.3574 0.5792 -0.7139 -0.3482 0.6076 -0.6941 -0.3386 0.6352 -0.6736 -0.3285 0.6621 -0.6521 -0.3181 0.6881 -0.6299 -0.3072 0.7133 -0.6069 -0.2960 0.7376 -0.5831 -0.2844 0.7610 -0.5586 -0.2725 0.7834 -0.5334 -0.2602 0.8048 -0.5076 -0.2476 0.8253 -0.4811 -0.2346 0.8447 -0.4540 -0.2214 0.8631 -0.4263 -0.2079 0.8804 -0.3981 -0.1942 0.8965 -0.3694 -0.1802 0.9116 -0.3403 -0.1660 0.9256 -0.3107 -0.1515 0.9383 -0.2808 -0.1369 0.9500 -0.2505 -0.1222 0.9604 -0.2198 -0.1072 0.9696 -0.1889 -0.0922 0.9777 -0.1578 -0.0770 0.9845 -0.1265 -0.0617 0.9900 -0.0950 -0.0463 0.9944 -0.0634 -0.0309 0.9975 -0.0317 -0.0155 0.9994 -0.0312 -0.0166 -0.9994 -0.0623 -0.0331 -0.9975 -0.0933 -0.0496 -0.9944 -0.1243 -0.0661 -0.9900 -0.1550 -0.0824 -0.9845 -0.1856 -0.0987 -0.9777 -0.2160 -0.1148 -0.9696 -0.2460 -0.1308 -0.9604 -0.2758 -0.1466 -0.9500 -0.3052 -0.1623 -0.9383 -0.3343 -0.1777 -0.9256 -0.3629 -0.1930 -0.9116 -0.3911 -0.2080 -0.8965 -0.4188 -0.2227 -0.8804 -0.4460 -0.2371 -0.8631 -0.4726 -0.2513 -0.8447 -0.4986 -0.2651 -0.8253 -0.5240 -0.2786 -0.8048 -0.5488 -0.2918 -0.7834 -0.5728 -0.3046 -0.7610 -0.5962 -0.3170 -0.7376 -0.6188 -0.3290 -0.7133 -0.6406 -0.3406 -0.6881 -0.6617 -0.3518 -0.6621 -0.6819 -0.3626 -0.6352 -0.7013 -0.3729 -0.6076 -0.7198 -0.3827 -0.5792 -0.7374 -0.3921 -0.5501 -0.7541 -0.4009 -0.5202 -0.7698 -0.4093 -0.4898 -0.7846 -0.4172 -0.4587 -0.7984 -0.4245 -0.4271 -0.8112 -0.4313 -0.3949 -0.8230 -0.4376 -0.3622 -0.8338 -0.4433 -0.3291 -0.8435 -0.4485 -0.2956 -0.8522 -0.4531 -0.2617 -0.8598 -0.4572 -0.2274 -0.8664 -0.4607 -0.1929 -0.8718 -0.4636 -0.1582 -0.8762 -0.4659 -0.1232 -0.8795 -0.4676 -0.0881 -0.8817 -0.4688 -0.0529 -0.8828 -0.4694 -0.0176 -0.8828 -0.4694 0.0176 -0.8817 -0.4688 0.0529 -0.8795 -0.4676 0.0881 -0.8762 -0.4659 0.1232 -0.8718 -0.4636 0.1582 -0.8664 -0.4607 0.1929 -0.8598 -0.4572 0.2274 -0.8522 -0.4531 0.2617 -0.8435 -0.4485 0.2956 -0.8338 -0.4433 0.3291 -0.8230 -0.4376 0.3622 -0.8112 -0.4313 0.3949 -0.7984 -0.4245 0.4271 -0.7846 -0.4172 0.4587 -0.7698 -0.4093 0.4898 -0.7541 -0.4009 0.5202 -0.7374 -0.3921 0.5501 -0.7198 -0.3827 0.5792 -0.7013 -0.3729 0.6076 -0.6819 -0.3626 0.6352 -0.6617 -0.3518 0.6621 -0.6406 -0.3406 0.6881 -0.6188 -0.3290 0.7133 -0.5962 -0.3170 0.7376 -0.5728 -0.3046 0.7610 -0.5488 -0.2918 0.7834 -0.5240 -0.2786 0.8048 -0.4986 -0.2651 0.8253 -0.4726 -0.2513 0.8447 -0.4460 -0.2371 0.8631 -0.4188 -0.2227 0.8804 -0.3911 -0.2080 0.8965 -0.3629 -0.1930 0.9116 -0.3343 -0.1777 0.9256 -0.3052 -0.1623 0.9383 -0.2758 -0.1466 0.9500 -0.2460 -0.1308 0.9604 -0.2160 -0.1148 0.9696 -0.1856 -0.0987 0.9777 -0.1550 -0.0824 0.9845 -0.1243 -0.0661 0.9900 -0.0933 -0.0496 0.9944 -0.0623 -0.0331 0.9975 -0.0312 -0.0166 0.9994 -0.0306 -0.0176 -0.9994 -0.0611 -0.0353 -0.9975 -0.0915 -0.0528 -0.9944 -0.1219 -0.0704 -0.9900 -0.1521 -0.0878 -0.9845 -0.1820 -0.1051 -0.9777 -0.2118 -0.1223 -0.9696 -0.2413 -0.1393 -0.9604 -0.2705 -0.1562 -0.9500 -0.2994 -0.1729 -0.9383 -0.3279 -0.1893 -0.9256 -0.3560 -0.2055 -0.9116 -0.3836 -0.2215 -0.8965 -0.4108 -0.2372 -0.8804 -0.4374 -0.2525 -0.8631 -0.4635 -0.2676 -0.8447 -0.4891 -0.2824 -0.8253 -0.5140 -0.2967 -0.8048 -0.5382 -0.3108 -0.7834 -0.5619 -0.3244 -0.7610 -0.5848 -0.3376 -0.7376 -0.6069 -0.3504 -0.7133 -0.6284 -0.3628 -0.6881 -0.6490 -0.3747 -0.6621 -0.6688 -0.3862 -0.6352 -0.6878 -0.3971 -0.6076 -0.7060 -0.4076 -0.5792 -0.7232 -0.4176 -0.5501 -0.7396 -0.4270 -0.5202 -0.7550 -0.4359 -0.4898 -0.7695 -0.4443 -0.4587 -0.7831 -0.4521 -0.4271 -0.7956 -0.4594 -0.3949 -0.8072 -0.4660 -0.3622 -0.8178 -0.4721 -0.3291 -0.8273 -0.4777 -0.2956 -0.8359 -0.4826 -0.2617 -0.8433 -0.4869 -0.2274 -0.8498 -0.4906 -0.1929 -0.8551 -0.4937 -0.1582 -0.8594 -0.4962 -0.1232 -0.8627 -0.4981 -0.0881 -0.8648 -0.4993 -0.0529 -0.8659 -0.4999 -0.0176 -0.8659 -0.4999 0.0176 -0.8648 -0.4993 0.0529 -0.8627 -0.4981 0.0881 -0.8594 -0.4962 0.1232 -0.8551 -0.4937 0.1582 -0.8498 -0.4906 0.1929 -0.8433 -0.4869 0.2274 -0.8359 -0.4826 0.2617 -0.8273 -0.4777 0.2956 -0.8178 -0.4721 0.3291 -0.8072 -0.4660 0.3622 -0.7956 -0.4594 0.3949 -0.7831 -0.4521 0.4271 -0.7695 -0.4443 0.4587 -0.7550 -0.4359 0.4898 -0.7396 -0.4270 0.5202 -0.7232 -0.4176 0.5501 -0.7060 -0.4076 0.5792 -0.6878 -0.3971 0.6076 -0.6688 -0.3862 0.6352 -0.6490 -0.3747 0.6621 -0.6284 -0.3628 0.6881 -0.6069 -0.3504 0.7133 -0.5848 -0.3376 0.7376 -0.5619 -0.3244 0.7610 -0.5382 -0.3108 0.7834 -0.5140 -0.2967 0.8048 -0.4891 -0.2824 0.8253 -0.4635 -0.2676 0.8447 -0.4374 -0.2525 0.8631 -0.4108 -0.2372 0.8804 -0.3836 -0.2215 0.8965 -0.3560 -0.2055 0.9116 -0.3279 -0.1893 0.9256 -0.2994 -0.1729 0.9383 -0.2705 -0.1562 0.9500 -0.2413 -0.1393 0.9604 -0.2118 -0.1223 0.9696 -0.1820 -0.1051 0.9777 -0.1521 -0.0878 0.9845 -0.1219 -0.0704 0.9900 -0.0915 -0.0528 0.9944 -0.0611 -0.0353 0.9975 -0.0306 -0.0176 0.9994 -0.0299 -0.0187 -0.9994 -0.0598 -0.0374 -0.9975 -0.0896 -0.0560 -0.9944 -0.1193 -0.0746 -0.9900 -0.1489 -0.0930 -0.9845 -0.1783 -0.1114 -0.9777 -0.2074 -0.1296 -0.9696 -0.2363 -0.1477 -0.9604 -0.2649 -0.1655 -0.9500 -0.2932 -0.1832 -0.9383 -0.3211 -0.2006 -0.9256 -0.3486 -0.2178 -0.9116 -0.3756 -0.2347 -0.8965 -0.4022 -0.2513 -0.8804 -0.4283 -0.2677 -0.8631 -0.4539 -0.2836 -0.8447 -0.4789 -0.2992 -0.8253 -0.5033 -0.3145 -0.8048 -0.5271 -0.3294 -0.7834 -0.5502 -0.3438 -0.7610 -0.5726 -0.3578 -0.7376 -0.5943 -0.3714 -0.7133 -0.6153 -0.3845 -0.6881 -0.6355 -0.3971 -0.6621 -0.6550 -0.4093 -0.6352 -0.6736 -0.4209 -0.6076 -0.6913 -0.4320 -0.5792 -0.7082 -0.4426 -0.5501 -0.7243 -0.4526 -0.5202 -0.7394 -0.4620 -0.4898 -0.7536 -0.4709 -0.4587 -0.7668 -0.4792 -0.4271 -0.7791 -0.4869 -0.3949 -0.7905 -0.4939 -0.3622 -0.8008 -0.5004 -0.3291 -0.8102 -0.5062 -0.2956 -0.8185 -0.5115 -0.2617 -0.8258 -0.5160 -0.2274 -0.8321 -0.5200 -0.1929 -0.8374 -0.5232 -0.1582 -0.8416 -0.5259 -0.1232 -0.8447 -0.5279 -0.0881 -0.8469 -0.5292 -0.0529 -0.8479 -0.5298 -0.0176 -0.8479 -0.5298 0.0176 -0.8469 -0.5292 0.0529 -0.8447 -0.5279 0.0881 -0.8416 -0.5259 0.1232 -0.8374 -0.5232 0.1582 -0.8321 -0.5200 0.1929 -0.8258 -0.5160 0.2274 -0.8185 -0.5115 0.2617 -0.8102 -0.5062 0.2956 -0.8008 -0.5004 0.3291 -0.7905 -0.4939 0.3622 -0.7791 -0.4869 0.3949 -0.7668 -0.4792 0.4271 -0.7536 -0.4709 0.4587 -0.7394 -0.4620 0.4898 -0.7243 -0.4526 0.5202 -0.7082 -0.4426 0.5501 -0.6913 -0.4320 0.5792 -0.6736 -0.4209 0.6076 -0.6550 -0.4093 0.6352 -0.6355 -0.3971 0.6621 -0.6153 -0.3845 0.6881 -0.5943 -0.3714 0.7133 -0.5726 -0.3578 0.7376 -0.5502 -0.3438 0.7610 -0.5271 -0.3294 0.7834 -0.5033 -0.3145 0.8048 -0.4789 -0.2992 0.8253 -0.4539 -0.2836 0.8447 -0.4283 -0.2677 0.8631 -0.4022 -0.2513 0.8804 -0.3756 -0.2347 0.8965 -0.3486 -0.2178 0.9116 -0.3211 -0.2006 0.9256 -0.2932 -0.1832 0.9383 -0.2649 -0.1655 0.9500 -0.2363 -0.1477 0.9604 -0.2074 -0.1296 0.9696 -0.1783 -0.1114 0.9777 -0.1489 -0.0930 0.9845 -0.1193 -0.0746 0.9900 -0.0896 -0.0560 0.9944 -0.0598 -0.0374 0.9975 -0.0299 -0.0187 0.9994 -0.0293 -0.0197 -0.9994 -0.0585 -0.0394 -0.9975 -0.0876 -0.0591 -0.9944 -0.1167 -0.0787 -0.9900 -0.1456 -0.0982 -0.9845 -0.1743 -0.1175 -0.9777 -0.2028 -0.1368 -0.9696 -0.2310 -0.1558 -0.9604 -0.2590 -0.1747 -0.9500 -0.2866 -0.1933 -0.9383 -0.3139 -0.2117 -0.9256 -0.3408 -0.2298 -0.9116 -0.3672 -0.2477 -0.8965 -0.3932 -0.2652 -0.8804 -0.4187 -0.2824 -0.8631 -0.4437 -0.2993 -0.8447 -0.4682 -0.3158 -0.8253 -0.4920 -0.3319 -0.8048 -0.5153 -0.3475 -0.7834 -0.5379 -0.3628 -0.7610 -0.5598 -0.3776 -0.7376 -0.5810 -0.3919 -0.7133 -0.6015 -0.4057 -0.6881 -0.6213 -0.4191 -0.6621 -0.6403 -0.4319 -0.6352 -0.6585 -0.4441 -0.6076 -0.6758 -0.4559 -0.5792 -0.6924 -0.4670 -0.5501 -0.7080 -0.4776 -0.5202 -0.7228 -0.4875 -0.4898 -0.7367 -0.4969 -0.4587 -0.7496 -0.5056 -0.4271 -0.7617 -0.5137 -0.3949 -0.7727 -0.5212 -0.3622 -0.7829 -0.5280 -0.3291 -0.7920 -0.5342 -0.2956 -0.8002 -0.5397 -0.2617 -0.8073 -0.5445 -0.2274 -0.8135 -0.5487 -0.1929 -0.8186 -0.5522 -0.1582 -0.8227 -0.5549 -0.1232 -0.8258 -0.5570 -0.0881 -0.8279 -0.5584 -0.0529 -0.8289 -0.5591 -0.0176 -0.8289 -0.5591 0.0176 -0.8279 -0.5584 0.0529 -0.8258 -0.5570 0.0881 -0.8227 -0.5549 0.1232 -0.8186 -0.5522 0.1582 -0.8135 -0.5487 0.1929 -0.8073 -0.5445 0.2274 -0.8002 -0.5397 0.2617 -0.7920 -0.5342 0.2956 -0.7829 -0.5280 0.3291 -0.7727 -0.5212 0.3622 -0.7617 -0.5137 0.3949 -0.7496 -0.5056 0.4271 -0.7367 -0.4969 0.4587 -0.7228 -0.4875 0.4898 -0.7080 -0.4776 0.5202 -0.6924 -0.4670 0.5501 -0.6758 -0.4559 0.5792 -0.6585 -0.4441 0.6076 -0.6403 -0.4319 0.6352 -0.6213 -0.4191 0.6621 -0.6015 -0.4057 0.6881 -0.5810 -0.3919 0.7133 -0.5598 -0.3776 0.7376 -0.5379 -0.3628 0.7610 -0.5153 -0.3475 0.7834 -0.4920 -0.3319 0.8048 -0.4682 -0.3158 0.8253 -0.4437 -0.2993 0.8447 -0.4187 -0.2824 0.8631 -0.3932 -0.2652 0.8804 -0.3672 -0.2477 0.8965 -0.3408 -0.2298 0.9116 -0.3139 -0.2117 0.9256 -0.2866 -0.1933 0.9383 -0.2590 -0.1747 0.9500 -0.2310 -0.1558 0.9604 -0.2028 -0.1368 0.9696 -0.1743 -0.1175 0.9777 -0.1456 -0.0982 0.9845 -0.1167 -0.0787 0.9900 -0.0876 -0.0591 0.9944 -0.0585 -0.0394 0.9975 -0.0293 -0.0197 0.9994 -0.0286 -0.0207 -0.9994 -0.0571 -0.0415 -0.9975 -0.0855 -0.0621 -0.9944 -0.1139 -0.0827 -0.9900 -0.1420 -0.1032 -0.9845 -0.1701 -0.1236 -0.9777 -0.1979 -0.1438 -0.9696 -0.2254 -0.1638 -0.9604 -0.2527 -0.1836 -0.9500 -0.2797 -0.2032 -0.9383 -0.3063 -0.2225 -0.9256 -0.3325 -0.2416 -0.9116 -0.3584 -0.2604 -0.8965 -0.3837 -0.2788 -0.8804 -0.4086 -0.2969 -0.8631 -0.4330 -0.3146 -0.8447 -0.4569 -0.3319 -0.8253 -0.4801 -0.3488 -0.8048 -0.5028 -0.3653 -0.7834 -0.5249 -0.3813 -0.7610 -0.5463 -0.3969 -0.7376 -0.5670 -0.4119 -0.7133 -0.5870 -0.4265 -0.6881 -0.6063 -0.4405 -0.6621 -0.6248 -0.4540 -0.6352 -0.6426 -0.4668 -0.6076 -0.6595 -0.4792 -0.5792 -0.6756 -0.4909 -0.5501 -0.6909 -0.5020 -0.5202 -0.7053 -0.5125 -0.4898 -0.7189 -0.5223 -0.4587 -0.7315 -0.5315 -0.4271 -0.7433 -0.5400 -0.3949 -0.7541 -0.5479 -0.3622 -0.7640 -0.5550 -0.3291 -0.7729 -0.5615 -0.2956 -0.7808 -0.5673 -0.2617 -0.7878 -0.5724 -0.2274 -0.7938 -0.5767 -0.1929 -0.7988 -0.5804 -0.1582 -0.8029 -0.5833 -0.1232 -0.8059 -0.5855 -0.0881 -0.8079 -0.5870 -0.0529 -0.8089 -0.5877 -0.0176 -0.8089 -0.5877 0.0176 -0.8079 -0.5870 0.0529 -0.8059 -0.5855 0.0881 -0.8029 -0.5833 0.1232 -0.7988 -0.5804 0.1582 -0.7938 -0.5767 0.1929 -0.7878 -0.5724 0.2274 -0.7808 -0.5673 0.2617 -0.7729 -0.5615 0.2956 -0.7640 -0.5550 0.3291 -0.7541 -0.5479 0.3622 -0.7433 -0.5400 0.3949 -0.7315 -0.5315 0.4271 -0.7189 -0.5223 0.4587 -0.7053 -0.5125 0.4898 -0.6909 -0.5020 0.5202 -0.6756 -0.4909 0.5501 -0.6595 -0.4792 0.5792 -0.6426 -0.4668 0.6076 -0.6248 -0.4540 0.6352 -0.6063 -0.4405 0.6621 -0.5870 -0.4265 0.6881 -0.5670 -0.4119 0.7133 -0.5463 -0.3969 0.7376 -0.5249 -0.3813 0.7610 -0.5028 -0.3653 0.7834 -0.4801 -0.3488 0.8048 -0.4569 -0.3319 0.8253 -0.4330 -0.3146 0.8447 -0.4086 -0.2969 0.8631 -0.3837 -0.2788 0.8804 -0.3584 -0.2604 0.8965 -0.3325 -0.2416 0.9116 -0.3063 -0.2225 0.9256 -0.2797 -0.2032 0.9383 -0.2527 -0.1836 0.9500 -0.2254 -0.1638 0.9604 -0.1979 -0.1438 0.9696 -0.1701 -0.1236 0.9777 -0.1420 -0.1032 0.9845 -0.1139 -0.0827 0.9900 -0.0855 -0.0621 0.9944 -0.0571 -0.0415 0.9975 -0.0286 -0.0207 0.9994 -0.0278 -0.0217 -0.9994 -0.0556 -0.0434 -0.9975 -0.0833 -0.0651 -0.9944 -0.1109 -0.0866 -0.9900 -0.1384 -0.1081 -0.9845 -0.1657 -0.1294 -0.9777 -0.1927 -0.1506 -0.9696 -0.2196 -0.1716 -0.9604 -0.2462 -0.1923 -0.9500 -0.2724 -0.2128 -0.9383 -0.2983 -0.2331 -0.9256 -0.3239 -0.2531 -0.9116 -0.3490 -0.2727 -0.8965 -0.3738 -0.2920 -0.8804 -0.3980 -0.3110 -0.8631 -0.4218 -0.3295 -0.8447 -0.4450 -0.3477 -0.8253 -0.4677 -0.3654 -0.8048 -0.4898 -0.3826 -0.7834 -0.5112 -0.3994 -0.7610 -0.5321 -0.4157 -0.7376 -0.5523 -0.4315 -0.7133 -0.5718 -0.4467 -0.6881 -0.5905 -0.4614 -0.6621 -0.6086 -0.4755 -0.6352 -0.6259 -0.4890 -0.6076 -0.6424 -0.5019 -0.5792 -0.6581 -0.5142 -0.5501 -0.6730 -0.5258 -0.5202 -0.6870 -0.5368 -0.4898 -0.7002 -0.5471 -0.4587 -0.7125 -0.5567 -0.4271 -0.7240 -0.5656 -0.3949 -0.7345 -0.5739 -0.3622 -0.7441 -0.5814 -0.3291 -0.7528 -0.5882 -0.2956 -0.7606 -0.5942 -0.2617 -0.7674 -0.5995 -0.2274 -0.7732 -0.6041 -0.1929 -0.7781 -0.6079 -0.1582 -0.7820 -0.6110 -0.1232 -0.7849 -0.6133 -0.0881 -0.7869 -0.6148 -0.0529 -0.7879 -0.6156 -0.0176 -0.7879 -0.6156 0.0176 -0.7869 -0.6148 0.0529 -0.7849 -0.6133 0.0881 -0.7820 -0.6110 0.1232 -0.7781 -0.6079 0.1582 -0.7732 -0.6041 0.1929 -0.7674 -0.5995 0.2274 -0.7606 -0.5942 0.2617 -0.7528 -0.5882 0.2956 -0.7441 -0.5814 0.3291 -0.7345 -0.5739 0.3622 -0.7240 -0.5656 0.3949 -0.7125 -0.5567 0.4271 -0.7002 -0.5471 0.4587 -0.6870 -0.5368 0.4898 -0.6730 -0.5258 0.5202 -0.6581 -0.5142 0.5501 -0.6424 -0.5019 0.5792 -0.6259 -0.4890 0.6076 -0.6086 -0.4755 0.6352 -0.5905 -0.4614 0.6621 -0.5718 -0.4467 0.6881 -0.5523 -0.4315 0.7133 -0.5321 -0.4157 0.7376 -0.5112 -0.3994 0.7610 -0.4898 -0.3826 0.7834 -0.4677 -0.3654 0.8048 -0.4450 -0.3477 0.8253 -0.4218 -0.3295 0.8447 -0.3980 -0.3110 0.8631 -0.3738 -0.2920 0.8804 -0.3490 -0.2727 0.8965 -0.3239 -0.2531 0.9116 -0.2983 -0.2331 0.9256 -0.2724 -0.2128 0.9383 -0.2462 -0.1923 0.9500 -0.2196 -0.1716 0.9604 -0.1927 -0.1506 0.9696 -0.1657 -0.1294 0.9777 -0.1384 -0.1081 0.9845 -0.1109 -0.0866 0.9900 -0.0833 -0.0651 0.9944 -0.0556 -0.0434 0.9975 -0.0278 -0.0217 0.9994 -0.0270 -0.0227 -0.9994 -0.0540 -0.0453 -0.9975 -0.0810 -0.0679 -0.9944 -0.1078 -0.0905 -0.9900 -0.1345 -0.1129 -0.9845 -0.1610 -0.1351 -0.9777 -0.1874 -0.1572 -0.9696 -0.2135 -0.1791 -0.9604 -0.2393 -0.2008 -0.9500 -0.2648 -0.2222 -0.9383 -0.2900 -0.2434 -0.9256 -0.3149 -0.2642 -0.9116 -0.3393 -0.2847 -0.8965 -0.3633 -0.3049 -0.8804 -0.3869 -0.3247 -0.8631 -0.4100 -0.3440 -0.8447 -0.4326 -0.3630 -0.8253 -0.4546 -0.3815 -0.8048 -0.4761 -0.3995 -0.7834 -0.4970 -0.4170 -0.7610 -0.5173 -0.4340 -0.7376 -0.5369 -0.4505 -0.7133 -0.5558 -0.4664 -0.6881 -0.5741 -0.4817 -0.6621 -0.5916 -0.4964 -0.6352 -0.6084 -0.5105 -0.6076 -0.6245 -0.5240 -0.5792 -0.6397 -0.5368 -0.5501 -0.6542 -0.5490 -0.5202 -0.6679 -0.5604 -0.4898 -0.6807 -0.5712 -0.4587 -0.6927 -0.5812 -0.4271 -0.7038 -0.5906 -0.3949 -0.7140 -0.5991 -0.3622 -0.7234 -0.6070 -0.3291 -0.7318 -0.6141 -0.2956 -0.7394 -0.6204 -0.2617 -0.7460 -0.6259 -0.2274 -0.7517 -0.6307 -0.1929 -0.7564 -0.6347 -0.1582 -0.7602 -0.6379 -0.1232 -0.7631 -0.6403 -0.0881 -0.7650 -0.6419 -0.0529 -0.7659 -0.6427 -0.0176 -0.7659 -0.6427 0.0176 -0.7650 -0.6419 0.0529 -0.7631 -0.6403 0.0881 -0.7602 -0.6379 0.1232 -0.7564 -0.6347 0.1582 -0.7517 -0.6307 0.1929 -0.7460 -0.6259 0.2274 -0.7394 -0.6204 0.2617 -0.7318 -0.6141 0.2956 -0.7234 -0.6070 0.3291 -0.7140 -0.5991 0.3622 -0.7038 -0.5906 0.3949 -0.6927 -0.5812 0.4271 -0.6807 -0.5712 0.4587 -0.6679 -0.5604 0.4898 -0.6542 -0.5490 0.5202 -0.6397 -0.5368 0.5501 -0.6245 -0.5240 0.5792 -0.6084 -0.5105 0.6076 -0.5916 -0.4964 0.6352 -0.5741 -0.4817 0.6621 -0.5558 -0.4664 0.6881 -0.5369 -0.4505 0.7133 -0.5173 -0.4340 0.7376 -0.4970 -0.4170 0.7610 -0.4761 -0.3995 0.7834 -0.4546 -0.3815 0.8048 -0.4326 -0.3630 0.8253 -0.4100 -0.3440 0.8447 -0.3869 -0.3247 0.8631 -0.3633 -0.3049 0.8804 -0.3393 -0.2847 0.8965 -0.3149 -0.2642 0.9116 -0.2900 -0.2434 0.9256 -0.2648 -0.2222 0.9383 -0.2393 -0.2008 0.9500 -0.2135 -0.1791 0.9604 -0.1874 -0.1572 0.9696 -0.1610 -0.1351 0.9777 -0.1345 -0.1129 0.9845 -0.1078 -0.0905 0.9900 -0.0810 -0.0679 0.9944 -0.0540 -0.0453 0.9975 -0.0270 -0.0227 0.9994 -0.0262 -0.0236 -0.9994 -0.0524 -0.0472 -0.9975 -0.0785 -0.0707 -0.9944 -0.1046 -0.0942 -0.9900 -0.1305 -0.1175 -0.9845 -0.1562 -0.1407 -0.9777 -0.1818 -0.1637 -0.9696 -0.2071 -0.1865 -0.9604 -0.2321 -0.2090 -0.9500 -0.2569 -0.2313 -0.9383 -0.2814 -0.2533 -0.9256 -0.3055 -0.2750 -0.9116 -0.3292 -0.2964 -0.8965 -0.3525 -0.3174 -0.8804 -0.3754 -0.3380 -0.8631 -0.3978 -0.3581 -0.8447 -0.4197 -0.3779 -0.8253 -0.4410 -0.3971 -0.8048 -0.4619 -0.4159 -0.7834 -0.4821 -0.4341 -0.7610 -0.5018 -0.4518 -0.7376 -0.5208 -0.4690 -0.7133 -0.5392 -0.4855 -0.6881 -0.5569 -0.5015 -0.6621 -0.5739 -0.5168 -0.6352 -0.5902 -0.5315 -0.6076 -0.6058 -0.5455 -0.5792 -0.6206 -0.5588 -0.5501 -0.6347 -0.5715 -0.5202 -0.6479 -0.5834 -0.4898 -0.6604 -0.5946 -0.4587 -0.6720 -0.6050 -0.4271 -0.6828 -0.6148 -0.3949 -0.6927 -0.6237 -0.3622 -0.7018 -0.6319 -0.3291 -0.7099 -0.6392 -0.2956 -0.7173 -0.6458 -0.2617 -0.7237 -0.6516 -0.2274 -0.7292 -0.6566 -0.1929 -0.7338 -0.6607 -0.1582 -0.7375 -0.6640 -0.1232 -0.7403 -0.6665 -0.0881 -0.7421 -0.6682 -0.0529 -0.7430 -0.6690 -0.0176 -0.7430 -0.6690 0.0176 -0.7421 -0.6682 0.0529 -0.7403 -0.6665 0.0881 -0.7375 -0.6640 0.1232 -0.7338 -0.6607 0.1582 -0.7292 -0.6566 0.1929 -0.7237 -0.6516 0.2274 -0.7173 -0.6458 0.2617 -0.7099 -0.6392 0.2956 -0.7018 -0.6319 0.3291 -0.6927 -0.6237 0.3622 -0.6828 -0.6148 0.3949 -0.6720 -0.6050 0.4271 -0.6604 -0.5946 0.4587 -0.6479 -0.5834 0.4898 -0.6347 -0.5715 0.5202 -0.6206 -0.5588 0.5501 -0.6058 -0.5455 0.5792 -0.5902 -0.5315 0.6076 -0.5739 -0.5168 0.6352 -0.5569 -0.5015 0.6621 -0.5392 -0.4855 0.6881 -0.5208 -0.4690 0.7133 -0.5018 -0.4518 0.7376 -0.4821 -0.4341 0.7610 -0.4619 -0.4159 0.7834 -0.4410 -0.3971 0.8048 -0.4197 -0.3779 0.8253 -0.3978 -0.3581 0.8447 -0.3754 -0.3380 0.8631 -0.3525 -0.3174 0.8804 -0.3292 -0.2964 0.8965 -0.3055 -0.2750 0.9116 -0.2814 -0.2533 0.9256 -0.2569 -0.2313 0.9383 -0.2321 -0.2090 0.9500 -0.2071 -0.1865 0.9604 -0.1818 -0.1637 0.9696 -0.1562 -0.1407 0.9777 -0.1305 -0.1175 0.9845 -0.1046 -0.0942 0.9900 -0.0785 -0.0707 0.9944 -0.0524 -0.0472 0.9975 -0.0262 -0.0236 0.9994 -0.0254 -0.0245 -0.9994 -0.0507 -0.0490 -0.9975 -0.0760 -0.0734 -0.9944 -0.1012 -0.0978 -0.9900 -0.1263 -0.1220 -0.9845 -0.1512 -0.1460 -0.9777 -0.1759 -0.1699 -0.9696 -0.2004 -0.1936 -0.9604 -0.2247 -0.2170 -0.9500 -0.2487 -0.2401 -0.9383 -0.2723 -0.2630 -0.9256 -0.2957 -0.2855 -0.9116 -0.3186 -0.3077 -0.8965 -0.3412 -0.3295 -0.8804 -0.3633 -0.3509 -0.8631 -0.3850 -0.3718 -0.8447 -0.4062 -0.3923 -0.8253 -0.4269 -0.4123 -0.8048 -0.4471 -0.4317 -0.7834 -0.4667 -0.4507 -0.7610 -0.4857 -0.4691 -0.7376 -0.5041 -0.4868 -0.7133 -0.5219 -0.5040 -0.6881 -0.5391 -0.5206 -0.6621 -0.5556 -0.5365 -0.6352 -0.5713 -0.5517 -0.6076 -0.5864 -0.5663 -0.5792 -0.6007 -0.5801 -0.5501 -0.6143 -0.5933 -0.5202 -0.6272 -0.6056 -0.4898 -0.6392 -0.6173 -0.4587 -0.6504 -0.6281 -0.4271 -0.6609 -0.6382 -0.3949 -0.6705 -0.6475 -0.3622 -0.6793 -0.6560 -0.3291 -0.6872 -0.6636 -0.2956 -0.6943 -0.6705 -0.2617 -0.7005 -0.6765 -0.2274 -0.7058 -0.6816 -0.1929 -0.7103 -0.6859 -0.1582 -0.7139 -0.6894 -0.1232 -0.7165 -0.6920 -0.0881 -0.7183 -0.6937 -0.0529 -0.7192 -0.6946 -0.0176 -0.7192 -0.6946 0.0176 -0.7183 -0.6937 0.0529 -0.7165 -0.6920 0.0881 -0.7139 -0.6894 0.1232 -0.7103 -0.6859 0.1582 -0.7058 -0.6816 0.1929 -0.7005 -0.6765 0.2274 -0.6943 -0.6705 0.2617 -0.6872 -0.6636 0.2956 -0.6793 -0.6560 0.3291 -0.6705 -0.6475 0.3622 -0.6609 -0.6382 0.3949 -0.6504 -0.6281 0.4271 -0.6392 -0.6173 0.4587 -0.6272 -0.6056 0.4898 -0.6143 -0.5933 0.5202 -0.6007 -0.5801 0.5501 -0.5864 -0.5663 0.5792 -0.5713 -0.5517 0.6076 -0.5556 -0.5365 0.6352 -0.5391 -0.5206 0.6621 -0.5219 -0.5040 0.6881 -0.5041 -0.4868 0.7133 -0.4857 -0.4691 0.7376 -0.4667 -0.4507 0.7610 -0.4471 -0.4317 0.7834 -0.4269 -0.4123 0.8048 -0.4062 -0.3923 0.8253 -0.3850 -0.3718 0.8447 -0.3633 -0.3509 0.8631 -0.3412 -0.3295 0.8804 -0.3186 -0.3077 0.8965 -0.2957 -0.2855 0.9116 -0.2723 -0.2630 0.9256 -0.2487 -0.2401 0.9383 -0.2247 -0.2170 0.9500 -0.2004 -0.1936 0.9604 -0.1759 -0.1699 0.9696 -0.1512 -0.1460 0.9777 -0.1263 -0.1220 0.9845 -0.1012 -0.0978 0.9900 -0.0760 -0.0734 0.9944 -0.0507 -0.0490 0.9975 -0.0254 -0.0245 0.9994 -0.0245 -0.0254 -0.9994 -0.0490 -0.0507 -0.9975 -0.0734 -0.0760 -0.9944 -0.0978 -0.1012 -0.9900 -0.1220 -0.1263 -0.9845 -0.1460 -0.1512 -0.9777 -0.1699 -0.1759 -0.9696 -0.1936 -0.2004 -0.9604 -0.2170 -0.2247 -0.9500 -0.2401 -0.2487 -0.9383 -0.2630 -0.2723 -0.9256 -0.2855 -0.2957 -0.9116 -0.3077 -0.3186 -0.8965 -0.3295 -0.3412 -0.8804 -0.3509 -0.3633 -0.8631 -0.3718 -0.3850 -0.8447 -0.3923 -0.4062 -0.8253 -0.4123 -0.4269 -0.8048 -0.4317 -0.4471 -0.7834 -0.4507 -0.4667 -0.7610 -0.4691 -0.4857 -0.7376 -0.4868 -0.5041 -0.7133 -0.5040 -0.5219 -0.6881 -0.5206 -0.5391 -0.6621 -0.5365 -0.5556 -0.6352 -0.5517 -0.5713 -0.6076 -0.5663 -0.5864 -0.5792 -0.5801 -0.6007 -0.5501 -0.5933 -0.6143 -0.5202 -0.6056 -0.6272 -0.4898 -0.6173 -0.6392 -0.4587 -0.6281 -0.6504 -0.4271 -0.6382 -0.6609 -0.3949 -0.6475 -0.6705 -0.3622 -0.6560 -0.6793 -0.3291 -0.6636 -0.6872 -0.2956 -0.6705 -0.6943 -0.2617 -0.6765 -0.7005 -0.2274 -0.6816 -0.7058 -0.1929 -0.6859 -0.7103 -0.1582 -0.6894 -0.7139 -0.1232 -0.6920 -0.7165 -0.0881 -0.6937 -0.7183 -0.0529 -0.6946 -0.7192 -0.0176 -0.6946 -0.7192 0.0176 -0.6937 -0.7183 0.0529 -0.6920 -0.7165 0.0881 -0.6894 -0.7139 0.1232 -0.6859 -0.7103 0.1582 -0.6816 -0.7058 0.1929 -0.6765 -0.7005 0.2274 -0.6705 -0.6943 0.2617 -0.6636 -0.6872 0.2956 -0.6560 -0.6793 0.3291 -0.6475 -0.6705 0.3622 -0.6382 -0.6609 0.3949 -0.6281 -0.6504 0.4271 -0.6173 -0.6392 0.4587 -0.6056 -0.6272 0.4898 -0.5933 -0.6143 0.5202 -0.5801 -0.6007 0.5501 -0.5663 -0.5864 0.5792 -0.5517 -0.5713 0.6076 -0.5365 -0.5556 0.6352 -0.5206 -0.5391 0.6621 -0.5040 -0.5219 0.6881 -0.4868 -0.5041 0.7133 -0.4691 -0.4857 0.7376 -0.4507 -0.4667 0.7610 -0.4317 -0.4471 0.7834 -0.4123 -0.4269 0.8048 -0.3923 -0.4062 0.8253 -0.3718 -0.3850 0.8447 -0.3509 -0.3633 0.8631 -0.3295 -0.3412 0.8804 -0.3077 -0.3186 0.8965 -0.2855 -0.2957 0.9116 -0.2630 -0.2723 0.9256 -0.2401 -0.2487 0.9383 -0.2170 -0.2247 0.9500 -0.1936 -0.2004 0.9604 -0.1699 -0.1759 0.9696 -0.1460 -0.1512 0.9777 -0.1220 -0.1263 0.9845 -0.0978 -0.1012 0.9900 -0.0734 -0.0760 0.9944 -0.0490 -0.0507 0.9975 -0.0245 -0.0254 0.9994 -0.0236 -0.0262 -0.9994 -0.0472 -0.0524 -0.9975 -0.0707 -0.0785 -0.9944 -0.0942 -0.1046 -0.9900 -0.1175 -0.1305 -0.9845 -0.1407 -0.1562 -0.9777 -0.1637 -0.1818 -0.9696 -0.1865 -0.2071 -0.9604 -0.2090 -0.2321 -0.9500 -0.2313 -0.2569 -0.9383 -0.2533 -0.2814 -0.9256 -0.2750 -0.3055 -0.9116 -0.2964 -0.3292 -0.8965 -0.3174 -0.3525 -0.8804 -0.3380 -0.3754 -0.8631 -0.3581 -0.3978 -0.8447 -0.3779 -0.4197 -0.8253 -0.3971 -0.4410 -0.8048 -0.4159 -0.4619 -0.7834 -0.4341 -0.4821 -0.7610 -0.4518 -0.5018 -0.7376 -0.4690 -0.5208 -0.7133 -0.4855 -0.5392 -0.6881 -0.5015 -0.5569 -0.6621 -0.5168 -0.5739 -0.6352 -0.5315 -0.5902 -0.6076 -0.5455 -0.6058 -0.5792 -0.5588 -0.6206 -0.5501 -0.5715 -0.6347 -0.5202 -0.5834 -0.6479 -0.4898 -0.5946 -0.6604 -0.4587 -0.6050 -0.6720 -0.4271 -0.6148 -0.6828 -0.3949 -0.6237 -0.6927 -0.3622 -0.6319 -0.7018 -0.3291 -0.6392 -0.7099 -0.2956 -0.6458 -0.7173 -0.2617 -0.6516 -0.7237 -0.2274 -0.6566 -0.7292 -0.1929 -0.6607 -0.7338 -0.1582 -0.6640 -0.7375 -0.1232 -0.6665 -0.7403 -0.0881 -0.6682 -0.7421 -0.0529 -0.6690 -0.7430 -0.0176 -0.6690 -0.7430 0.0176 -0.6682 -0.7421 0.0529 -0.6665 -0.7403 0.0881 -0.6640 -0.7375 0.1232 -0.6607 -0.7338 0.1582 -0.6566 -0.7292 0.1929 -0.6516 -0.7237 0.2274 -0.6458 -0.7173 0.2617 -0.6392 -0.7099 0.2956 -0.6319 -0.7018 0.3291 -0.6237 -0.6927 0.3622 -0.6148 -0.6828 0.3949 -0.6050 -0.6720 0.4271 -0.5946 -0.6604 0.4587 -0.5834 -0.6479 0.4898 -0.5715 -0.6347 0.5202 -0.5588 -0.6206 0.5501 -0.5455 -0.6058 0.5792 -0.5315 -0.5902 0.6076 -0.5168 -0.5739 0.6352 -0.5015 -0.5569 0.6621 -0.4855 -0.5392 0.6881 -0.4690 -0.5208 0.7133 -0.4518 -0.5018 0.7376 -0.4341 -0.4821 0.7610 -0.4159 -0.4619 0.7834 -0.3971 -0.4410 0.8048 -0.3779 -0.4197 0.8253 -0.3581 -0.3978 0.8447 -0.3380 -0.3754 0.8631 -0.3174 -0.3525 0.8804 -0.2964 -0.3292 0.8965 -0.2750 -0.3055 0.9116 -0.2533 -0.2814 0.9256 -0.2313 -0.2569 0.9383 -0.2090 -0.2321 0.9500 -0.1865 -0.2071 0.9604 -0.1637 -0.1818 0.9696 -0.1407 -0.1562 0.9777 -0.1175 -0.1305 0.9845 -0.0942 -0.1046 0.9900 -0.0707 -0.0785 0.9944 -0.0472 -0.0524 0.9975 -0.0236 -0.0262 0.9994 -0.0227 -0.0270 -0.9994 -0.0453 -0.0540 -0.9975 -0.0679 -0.0810 -0.9944 -0.0905 -0.1078 -0.9900 -0.1129 -0.1345 -0.9845 -0.1351 -0.1610 -0.9777 -0.1572 -0.1874 -0.9696 -0.1791 -0.2135 -0.9604 -0.2008 -0.2393 -0.9500 -0.2222 -0.2648 -0.9383 -0.2434 -0.2900 -0.9256 -0.2642 -0.3149 -0.9116 -0.2847 -0.3393 -0.8965 -0.3049 -0.3633 -0.8804 -0.3247 -0.3869 -0.8631 -0.3440 -0.4100 -0.8447 -0.3630 -0.4326 -0.8253 -0.3815 -0.4546 -0.8048 -0.3995 -0.4761 -0.7834 -0.4170 -0.4970 -0.7610 -0.4340 -0.5173 -0.7376 -0.4505 -0.5369 -0.7133 -0.4664 -0.5558 -0.6881 -0.4817 -0.5741 -0.6621 -0.4964 -0.5916 -0.6352 -0.5105 -0.6084 -0.6076 -0.5240 -0.6245 -0.5792 -0.5368 -0.6397 -0.5501 -0.5490 -0.6542 -0.5202 -0.5604 -0.6679 -0.4898 -0.5712 -0.6807 -0.4587 -0.5812 -0.6927 -0.4271 -0.5906 -0.7038 -0.3949 -0.5991 -0.7140 -0.3622 -0.6070 -0.7234 -0.3291 -0.6141 -0.7318 -0.2956 -0.6204 -0.7394 -0.2617 -0.6259 -0.7460 -0.2274 -0.6307 -0.7517 -0.1929 -0.6347 -0.7564 -0.1582 -0.6379 -0.7602 -0.1232 -0.6403 -0.7631 -0.0881 -0.6419 -0.7650 -0.0529 -0.6427 -0.7659 -0.0176 -0.6427 -0.7659 0.0176 -0.6419 -0.7650 0.0529 -0.6403 -0.7631 0.0881 -0.6379 -0.7602 0.1232 -0.6347 -0.7564 0.1582 -0.6307 -0.7517 0.1929 -0.6259 -0.7460 0.2274 -0.6204 -0.7394 0.2617 -0.6141 -0.7318 0.2956 -0.6070 -0.7234 0.3291 -0.5991 -0.7140 0.3622 -0.5906 -0.7038 0.3949 -0.5812 -0.6927 0.4271 -0.5712 -0.6807 0.4587 -0.5604 -0.6679 0.4898 -0.5490 -0.6542 0.5202 -0.5368 -0.6397 0.5501 -0.5240 -0.6245 0.5792 -0.5105 -0.6084 0.6076 -0.4964 -0.5916 0.6352 -0.4817 -0.5741 0.6621 -0.4664 -0.5558 0.6881 -0.4505 -0.5369 0.7133 -0.4340 -0.5173 0.7376 -0.4170 -0.4970 0.7610 -0.3995 -0.4761 0.7834 -0.3815 -0.4546 0.8048 -0.3630 -0.4326 0.8253 -0.3440 -0.4100 0.8447 -0.3247 -0.3869 0.8631 -0.3049 -0.3633 0.8804 -0.2847 -0.3393 0.8965 -0.2642 -0.3149 0.9116 -0.2434 -0.2900 0.9256 -0.2222 -0.2648 0.9383 -0.2008 -0.2393 0.9500 -0.1791 -0.2135 0.9604 -0.1572 -0.1874 0.9696 -0.1351 -0.1610 0.9777 -0.1129 -0.1345 0.9845 -0.0905 -0.1078 0.9900 -0.0679 -0.0810 0.9944 -0.0453 -0.0540 0.9975 -0.0227 -0.0270 0.9994 -0.0217 -0.0278 -0.9994 -0.0434 -0.0556 -0.9975 -0.0651 -0.0833 -0.9944 -0.0866 -0.1109 -0.9900 -0.1081 -0.1384 -0.9845 -0.1294 -0.1657 -0.9777 -0.1506 -0.1927 -0.9696 -0.1716 -0.2196 -0.9604 -0.1923 -0.2462 -0.9500 -0.2128 -0.2724 -0.9383 -0.2331 -0.2983 -0.9256 -0.2531 -0.3239 -0.9116 -0.2727 -0.3490 -0.8965 -0.2920 -0.3738 -0.8804 -0.3110 -0.3980 -0.8631 -0.3295 -0.4218 -0.8447 -0.3477 -0.4450 -0.8253 -0.3654 -0.4677 -0.8048 -0.3826 -0.4898 -0.7834 -0.3994 -0.5112 -0.7610 -0.4157 -0.5321 -0.7376 -0.4315 -0.5523 -0.7133 -0.4467 -0.5718 -0.6881 -0.4614 -0.5905 -0.6621 -0.4755 -0.6086 -0.6352 -0.4890 -0.6259 -0.6076 -0.5019 -0.6424 -0.5792 -0.5142 -0.6581 -0.5501 -0.5258 -0.6730 -0.5202 -0.5368 -0.6870 -0.4898 -0.5471 -0.7002 -0.4587 -0.5567 -0.7125 -0.4271 -0.5656 -0.7240 -0.3949 -0.5739 -0.7345 -0.3622 -0.5814 -0.7441 -0.3291 -0.5882 -0.7528 -0.2956 -0.5942 -0.7606 -0.2617 -0.5995 -0.7674 -0.2274 -0.6041 -0.7732 -0.1929 -0.6079 -0.7781 -0.1582 -0.6110 -0.7820 -0.1232 -0.6133 -0.7849 -0.0881 -0.6148 -0.7869 -0.0529 -0.6156 -0.7879 -0.0176 -0.6156 -0.7879 0.0176 -0.6148 -0.7869 0.0529 -0.6133 -0.7849 0.0881 -0.6110 -0.7820 0.1232 -0.6079 -0.7781 0.1582 -0.6041 -0.7732 0.1929 -0.5995 -0.7674 0.2274 -0.5942 -0.7606 0.2617 -0.5882 -0.7528 0.2956 -0.5814 -0.7441 0.3291 -0.5739 -0.7345 0.3622 -0.5656 -0.7240 0.3949 -0.5567 -0.7125 0.4271 -0.5471 -0.7002 0.4587 -0.5368 -0.6870 0.4898 -0.5258 -0.6730 0.5202 -0.5142 -0.6581 0.5501 -0.5019 -0.6424 0.5792 -0.4890 -0.6259 0.6076 -0.4755 -0.6086 0.6352 -0.4614 -0.5905 0.6621 -0.4467 -0.5718 0.6881 -0.4315 -0.5523 0.7133 -0.4157 -0.5321 0.7376 -0.3994 -0.5112 0.7610 -0.3826 -0.4898 0.7834 -0.3654 -0.4677 0.8048 -0.3477 -0.4450 0.8253 -0.3295 -0.4218 0.8447 -0.3110 -0.3980 0.8631 -0.2920 -0.3738 0.8804 -0.2727 -0.3490 0.8965 -0.2531 -0.3239 0.9116 -0.2331 -0.2983 0.9256 -0.2128 -0.2724 0.9383 -0.1923 -0.2462 0.9500 -0.1716 -0.2196 0.9604 -0.1506 -0.1927 0.9696 -0.1294 -0.1657 0.9777 -0.1081 -0.1384 0.9845 -0.0866 -0.1109 0.9900 -0.0651 -0.0833 0.9944 -0.0434 -0.0556 0.9975 -0.0217 -0.0278 0.9994 -0.0207 -0.0286 -0.9994 -0.0415 -0.0571 -0.9975 -0.0621 -0.0855 -0.9944 -0.0827 -0.1139 -0.9900 -0.1032 -0.1420 -0.9845 -0.1236 -0.1701 -0.9777 -0.1438 -0.1979 -0.9696 -0.1638 -0.2254 -0.9604 -0.1836 -0.2527 -0.9500 -0.2032 -0.2797 -0.9383 -0.2225 -0.3063 -0.9256 -0.2416 -0.3325 -0.9116 -0.2604 -0.3584 -0.8965 -0.2788 -0.3837 -0.8804 -0.2969 -0.4086 -0.8631 -0.3146 -0.4330 -0.8447 -0.3319 -0.4569 -0.8253 -0.3488 -0.4801 -0.8048 -0.3653 -0.5028 -0.7834 -0.3813 -0.5249 -0.7610 -0.3969 -0.5463 -0.7376 -0.4119 -0.5670 -0.7133 -0.4265 -0.5870 -0.6881 -0.4405 -0.6063 -0.6621 -0.4540 -0.6248 -0.6352 -0.4668 -0.6426 -0.6076 -0.4792 -0.6595 -0.5792 -0.4909 -0.6756 -0.5501 -0.5020 -0.6909 -0.5202 -0.5125 -0.7053 -0.4898 -0.5223 -0.7189 -0.4587 -0.5315 -0.7315 -0.4271 -0.5400 -0.7433 -0.3949 -0.5479 -0.7541 -0.3622 -0.5550 -0.7640 -0.3291 -0.5615 -0.7729 -0.2956 -0.5673 -0.7808 -0.2617 -0.5724 -0.7878 -0.2274 -0.5767 -0.7938 -0.1929 -0.5804 -0.7988 -0.1582 -0.5833 -0.8029 -0.1232 -0.5855 -0.8059 -0.0881 -0.5870 -0.8079 -0.0529 -0.5877 -0.8089 -0.0176 -0.5877 -0.8089 0.0176 -0.5870 -0.8079 0.0529 -0.5855 -0.8059 0.0881 -0.5833 -0.8029 0.1232 -0.5804 -0.7988 0.1582 -0.5767 -0.7938 0.1929 -0.5724 -0.7878 0.2274 -0.5673 -0.7808 0.2617 -0.5615 -0.7729 0.2956 -0.5550 -0.7640 0.3291 -0.5479 -0.7541 0.3622 -0.5400 -0.7433 0.3949 -0.5315 -0.7315 0.4271 -0.5223 -0.7189 0.4587 -0.5125 -0.7053 0.4898 -0.5020 -0.6909 0.5202 -0.4909 -0.6756 0.5501 -0.4792 -0.6595 0.5792 -0.4668 -0.6426 0.6076 -0.4540 -0.6248 0.6352 -0.4405 -0.6063 0.6621 -0.4265 -0.5870 0.6881 -0.4119 -0.5670 0.7133 -0.3969 -0.5463 0.7376 -0.3813 -0.5249 0.7610 -0.3653 -0.5028 0.7834 -0.3488 -0.4801 0.8048 -0.3319 -0.4569 0.8253 -0.3146 -0.4330 0.8447 -0.2969 -0.4086 0.8631 -0.2788 -0.3837 0.8804 -0.2604 -0.3584 0.8965 -0.2416 -0.3325 0.9116 -0.2225 -0.3063 0.9256 -0.2032 -0.2797 0.9383 -0.1836 -0.2527 0.9500 -0.1638 -0.2254 0.9604 -0.1438 -0.1979 0.9696 -0.1236 -0.1701 0.9777 -0.1032 -0.1420 0.9845 -0.0827 -0.1139 0.9900 -0.0621 -0.0855 0.9944 -0.0415 -0.0571 0.9975 -0.0207 -0.0286 0.9994 -0.0197 -0.0293 -0.9994 -0.0394 -0.0585 -0.9975 -0.0591 -0.0876 -0.9944 -0.0787 -0.1167 -0.9900 -0.0982 -0.1456 -0.9845 -0.1175 -0.1743 -0.9777 -0.1368 -0.2028 -0.9696 -0.1558 -0.2310 -0.9604 -0.1747 -0.2590 -0.9500 -0.1933 -0.2866 -0.9383 -0.2117 -0.3139 -0.9256 -0.2298 -0.3408 -0.9116 -0.2477 -0.3672 -0.8965 -0.2652 -0.3932 -0.8804 -0.2824 -0.4187 -0.8631 -0.2993 -0.4437 -0.8447 -0.3158 -0.4682 -0.8253 -0.3319 -0.4920 -0.8048 -0.3475 -0.5153 -0.7834 -0.3628 -0.5379 -0.7610 -0.3776 -0.5598 -0.7376 -0.3919 -0.5810 -0.7133 -0.4057 -0.6015 -0.6881 -0.4191 -0.6213 -0.6621 -0.4319 -0.6403 -0.6352 -0.4441 -0.6585 -0.6076 -0.4559 -0.6758 -0.5792 -0.4670 -0.6924 -0.5501 -0.4776 -0.7080 -0.5202 -0.4875 -0.7228 -0.4898 -0.4969 -0.7367 -0.4587 -0.5056 -0.7496 -0.4271 -0.5137 -0.7617 -0.3949 -0.5212 -0.7727 -0.3622 -0.5280 -0.7829 -0.3291 -0.5342 -0.7920 -0.2956 -0.5397 -0.8002 -0.2617 -0.5445 -0.8073 -0.2274 -0.5487 -0.8135 -0.1929 -0.5522 -0.8186 -0.1582 -0.5549 -0.8227 -0.1232 -0.5570 -0.8258 -0.0881 -0.5584 -0.8279 -0.0529 -0.5591 -0.8289 -0.0176 -0.5591 -0.8289 0.0176 -0.5584 -0.8279 0.0529 -0.5570 -0.8258 0.0881 -0.5549 -0.8227 0.1232 -0.5522 -0.8186 0.1582 -0.5487 -0.8135 0.1929 -0.5445 -0.8073 0.2274 -0.5397 -0.8002 0.2617 -0.5342 -0.7920 0.2956 -0.5280 -0.7829 0.3291 -0.5212 -0.7727 0.3622 -0.5137 -0.7617 0.3949 -0.5056 -0.7496 0.4271 -0.4969 -0.7367 0.4587 -0.4875 -0.7228 0.4898 -0.4776 -0.7080 0.5202 -0.4670 -0.6924 0.5501 -0.4559 -0.6758 0.5792 -0.4441 -0.6585 0.6076 -0.4319 -0.6403 0.6352 -0.4191 -0.6213 0.6621 -0.4057 -0.6015 0.6881 -0.3919 -0.5810 0.7133 -0.3776 -0.5598 0.7376 -0.3628 -0.5379 0.7610 -0.3475 -0.5153 0.7834 -0.3319 -0.4920 0.8048 -0.3158 -0.4682 0.8253 -0.2993 -0.4437 0.8447 -0.2824 -0.4187 0.8631 -0.2652 -0.3932 0.8804 -0.2477 -0.3672 0.8965 -0.2298 -0.3408 0.9116 -0.2117 -0.3139 0.9256 -0.1933 -0.2866 0.9383 -0.1747 -0.2590 0.9500 -0.1558 -0.2310 0.9604 -0.1368 -0.2028 0.9696 -0.1175 -0.1743 0.9777 -0.0982 -0.1456 0.9845 -0.0787 -0.1167 0.9900 -0.0591 -0.0876 0.9944 -0.0394 -0.0585 0.9975 -0.0197 -0.0293 0.9994 -0.0187 -0.0299 -0.9994 -0.0374 -0.0598 -0.9975 -0.0560 -0.0896 -0.9944 -0.0746 -0.1193 -0.9900 -0.0930 -0.1489 -0.9845 -0.1114 -0.1783 -0.9777 -0.1296 -0.2074 -0.9696 -0.1477 -0.2363 -0.9604 -0.1655 -0.2649 -0.9500 -0.1832 -0.2932 -0.9383 -0.2006 -0.3211 -0.9256 -0.2178 -0.3486 -0.9116 -0.2347 -0.3756 -0.8965 -0.2513 -0.4022 -0.8804 -0.2677 -0.4283 -0.8631 -0.2836 -0.4539 -0.8447 -0.2992 -0.4789 -0.8253 -0.3145 -0.5033 -0.8048 -0.3294 -0.5271 -0.7834 -0.3438 -0.5502 -0.7610 -0.3578 -0.5726 -0.7376 -0.3714 -0.5943 -0.7133 -0.3845 -0.6153 -0.6881 -0.3971 -0.6355 -0.6621 -0.4093 -0.6550 -0.6352 -0.4209 -0.6736 -0.6076 -0.4320 -0.6913 -0.5792 -0.4426 -0.7082 -0.5501 -0.4526 -0.7243 -0.5202 -0.4620 -0.7394 -0.4898 -0.4709 -0.7536 -0.4587 -0.4792 -0.7668 -0.4271 -0.4869 -0.7791 -0.3949 -0.4939 -0.7905 -0.3622 -0.5004 -0.8008 -0.3291 -0.5062 -0.8102 -0.2956 -0.5115 -0.8185 -0.2617 -0.5160 -0.8258 -0.2274 -0.5200 -0.8321 -0.1929 -0.5232 -0.8374 -0.1582 -0.5259 -0.8416 -0.1232 -0.5279 -0.8447 -0.0881 -0.5292 -0.8469 -0.0529 -0.5298 -0.8479 -0.0176 -0.5298 -0.8479 0.0176 -0.5292 -0.8469 0.0529 -0.5279 -0.8447 0.0881 -0.5259 -0.8416 0.1232 -0.5232 -0.8374 0.1582 -0.5200 -0.8321 0.1929 -0.5160 -0.8258 0.2274 -0.5115 -0.8185 0.2617 -0.5062 -0.8102 0.2956 -0.5004 -0.8008 0.3291 -0.4939 -0.7905 0.3622 -0.4869 -0.7791 0.3949 -0.4792 -0.7668 0.4271 -0.4709 -0.7536 0.4587 -0.4620 -0.7394 0.4898 -0.4526 -0.7243 0.5202 -0.4426 -0.7082 0.5501 -0.4320 -0.6913 0.5792 -0.4209 -0.6736 0.6076 -0.4093 -0.6550 0.6352 -0.3971 -0.6355 0.6621 -0.3845 -0.6153 0.6881 -0.3714 -0.5943 0.7133 -0.3578 -0.5726 0.7376 -0.3438 -0.5502 0.7610 -0.3294 -0.5271 0.7834 -0.3145 -0.5033 0.8048 -0.2992 -0.4789 0.8253 -0.2836 -0.4539 0.8447 -0.2677 -0.4283 0.8631 -0.2513 -0.4022 0.8804 -0.2347 -0.3756 0.8965 -0.2178 -0.3486 0.9116 -0.2006 -0.3211 0.9256 -0.1832 -0.2932 0.9383 -0.1655 -0.2649 0.9500 -0.1477 -0.2363 0.9604 -0.1296 -0.2074 0.9696 -0.1114 -0.1783 0.9777 -0.0930 -0.1489 0.9845 -0.0746 -0.1193 0.9900 -0.0560 -0.0896 0.9944 -0.0374 -0.0598 0.9975 -0.0187 -0.0299 0.9994 -0.0176 -0.0306 -0.9994 -0.0353 -0.0611 -0.9975 -0.0528 -0.0915 -0.9944 -0.0704 -0.1219 -0.9900 -0.0878 -0.1521 -0.9845 -0.1051 -0.1820 -0.9777 -0.1223 -0.2118 -0.9696 -0.1393 -0.2413 -0.9604 -0.1562 -0.2705 -0.9500 -0.1729 -0.2994 -0.9383 -0.1893 -0.3279 -0.9256 -0.2055 -0.3560 -0.9116 -0.2215 -0.3836 -0.8965 -0.2372 -0.4108 -0.8804 -0.2525 -0.4374 -0.8631 -0.2676 -0.4635 -0.8447 -0.2824 -0.4891 -0.8253 -0.2967 -0.5140 -0.8048 -0.3108 -0.5382 -0.7834 -0.3244 -0.5619 -0.7610 -0.3376 -0.5848 -0.7376 -0.3504 -0.6069 -0.7133 -0.3628 -0.6284 -0.6881 -0.3747 -0.6490 -0.6621 -0.3862 -0.6688 -0.6352 -0.3971 -0.6878 -0.6076 -0.4076 -0.7060 -0.5792 -0.4176 -0.7232 -0.5501 -0.4270 -0.7396 -0.5202 -0.4359 -0.7550 -0.4898 -0.4443 -0.7695 -0.4587 -0.4521 -0.7831 -0.4271 -0.4594 -0.7956 -0.3949 -0.4660 -0.8072 -0.3622 -0.4721 -0.8178 -0.3291 -0.4777 -0.8273 -0.2956 -0.4826 -0.8359 -0.2617 -0.4869 -0.8433 -0.2274 -0.4906 -0.8498 -0.1929 -0.4937 -0.8551 -0.1582 -0.4962 -0.8594 -0.1232 -0.4981 -0.8627 -0.0881 -0.4993 -0.8648 -0.0529 -0.4999 -0.8659 -0.0176 -0.4999 -0.8659 0.0176 -0.4993 -0.8648 0.0529 -0.4981 -0.8627 0.0881 -0.4962 -0.8594 0.1232 -0.4937 -0.8551 0.1582 -0.4906 -0.8498 0.1929 -0.4869 -0.8433 0.2274 -0.4826 -0.8359 0.2617 -0.4777 -0.8273 0.2956 -0.4721 -0.8178 0.3291 -0.4660 -0.8072 0.3622 -0.4594 -0.7956 0.3949 -0.4521 -0.7831 0.4271 -0.4443 -0.7695 0.4587 -0.4359 -0.7550 0.4898 -0.4270 -0.7396 0.5202 -0.4176 -0.7232 0.5501 -0.4076 -0.7060 0.5792 -0.3971 -0.6878 0.6076 -0.3862 -0.6688 0.6352 -0.3747 -0.6490 0.6621 -0.3628 -0.6284 0.6881 -0.3504 -0.6069 0.7133 -0.3376 -0.5848 0.7376 -0.3244 -0.5619 0.7610 -0.3108 -0.5382 0.7834 -0.2967 -0.5140 0.8048 -0.2824 -0.4891 0.8253 -0.2676 -0.4635 0.8447 -0.2525 -0.4374 0.8631 -0.2372 -0.4108 0.8804 -0.2215 -0.3836 0.8965 -0.2055 -0.3560 0.9116 -0.1893 -0.3279 0.9256 -0.1729 -0.2994 0.9383 -0.1562 -0.2705 0.9500 -0.1393 -0.2413 0.9604 -0.1223 -0.2118 0.9696 -0.1051 -0.1820 0.9777 -0.0878 -0.1521 0.9845 -0.0704 -0.1219 0.9900 -0.0528 -0.0915 0.9944 -0.0353 -0.0611 0.9975 -0.0176 -0.0306 0.9994 -0.0166 -0.0312 -0.9994 -0.0331 -0.0623 -0.9975 -0.0496 -0.0933 -0.9944 -0.0661 -0.1243 -0.9900 -0.0824 -0.1550 -0.9845 -0.0987 -0.1856 -0.9777 -0.1148 -0.2160 -0.9696 -0.1308 -0.2460 -0.9604 -0.1466 -0.2758 -0.9500 -0.1623 -0.3052 -0.9383 -0.1777 -0.3343 -0.9256 -0.1930 -0.3629 -0.9116 -0.2080 -0.3911 -0.8965 -0.2227 -0.4188 -0.8804 -0.2371 -0.4460 -0.8631 -0.2513 -0.4726 -0.8447 -0.2651 -0.4986 -0.8253 -0.2786 -0.5240 -0.8048 -0.2918 -0.5488 -0.7834 -0.3046 -0.5728 -0.7610 -0.3170 -0.5962 -0.7376 -0.3290 -0.6188 -0.7133 -0.3406 -0.6406 -0.6881 -0.3518 -0.6617 -0.6621 -0.3626 -0.6819 -0.6352 -0.3729 -0.7013 -0.6076 -0.3827 -0.7198 -0.5792 -0.3921 -0.7374 -0.5501 -0.4009 -0.7541 -0.5202 -0.4093 -0.7698 -0.4898 -0.4172 -0.7846 -0.4587 -0.4245 -0.7984 -0.4271 -0.4313 -0.8112 -0.3949 -0.4376 -0.8230 -0.3622 -0.4433 -0.8338 -0.3291 -0.4485 -0.8435 -0.2956 -0.4531 -0.8522 -0.2617 -0.4572 -0.8598 -0.2274 -0.4607 -0.8664 -0.1929 -0.4636 -0.8718 -0.1582 -0.4659 -0.8762 -0.1232 -0.4676 -0.8795 -0.0881 -0.4688 -0.8817 -0.0529 -0.4694 -0.8828 -0.0176 -0.4694 -0.8828 0.0176 -0.4688 -0.8817 0.0529 -0.4676 -0.8795 0.0881 -0.4659 -0.8762 0.1232 -0.4636 -0.8718 0.1582 -0.4607 -0.8664 0.1929 -0.4572 -0.8598 0.2274 -0.4531 -0.8522 0.2617 -0.4485 -0.8435 0.2956 -0.4433 -0.8338 0.3291 -0.4376 -0.8230 0.3622 -0.4313 -0.8112 0.3949 -0.4245 -0.7984 0.4271 -0.4172 -0.7846 0.4587 -0.4093 -0.7698 0.4898 -0.4009 -0.7541 0.5202 -0.3921 -0.7374 0.5501 -0.3827 -0.7198 0.5792 -0.3729 -0.7013 0.6076 -0.3626 -0.6819 0.6352 -0.3518 -0.6617 0.6621 -0.3406 -0.6406 0.6881 -0.3290 -0.6188 0.7133 -0.3170 -0.5962 0.7376 -0.3046 -0.5728 0.7610 -0.2918 -0.5488 0.7834 -0.2786 -0.5240 0.8048 -0.2651 -0.4986 0.8253 -0.2513 -0.4726 0.8447 -0.2371 -0.4460 0.8631 -0.2227 -0.4188 0.8804 -0.2080 -0.3911 0.8965 -0.1930 -0.3629 0.9116 -0.1777 -0.3343 0.9256 -0.1623 -0.3052 0.9383 -0.1466 -0.2758 0.9500 -0.1308 -0.2460 0.9604 -0.1148 -0.2160 0.9696 -0.0987 -0.1856 0.9777 -0.0824 -0.1550 0.9845 -0.0661 -0.1243 0.9900 -0.0496 -0.0933 0.9944 -0.0331 -0.0623 0.9975 -0.0166 -0.0312 0.9994 -0.0155 -0.0317 -0.9994 -0.0309 -0.0634 -0.9975 -0.0463 -0.0950 -0.9944 -0.0617 -0.1265 -0.9900 -0.0770 -0.1578 -0.9845 -0.0922 -0.1889 -0.9777 -0.1072 -0.2198 -0.9696 -0.1222 -0.2505 -0.9604 -0.1369 -0.2808 -0.9500 -0.1515 -0.3107 -0.9383 -0.1660 -0.3403 -0.9256 -0.1802 -0.3694 -0.9116 -0.1942 -0.3981 -0.8965 -0.2079 -0.4263 -0.8804 -0.2214 -0.4540 -0.8631 -0.2346 -0.4811 -0.8447 -0.2476 -0.5076 -0.8253 -0.2602 -0.5334 -0.8048 -0.2725 -0.5586 -0.7834 -0.2844 -0.5831 -0.7610 -0.2960 -0.6069 -0.7376 -0.3072 -0.6299 -0.7133 -0.3181 -0.6521 -0.6881 -0.3285 -0.6736 -0.6621 -0.3386 -0.6941 -0.6352 -0.3482 -0.7139 -0.6076 -0.3574 -0.7327 -0.5792 -0.3661 -0.7506 -0.5501 -0.3744 -0.7676 -0.5202 -0.3822 -0.7836 -0.4898 -0.3895 -0.7987 -0.4587 -0.3964 -0.8127 -0.4271 -0.4027 -0.8258 -0.3949 -0.4086 -0.8378 -0.3622 -0.4140 -0.8487 -0.3291 -0.4188 -0.8586 -0.2956 -0.4231 -0.8675 -0.2617 -0.4269 -0.8752 -0.2274 -0.4301 -0.8819 -0.1929 -0.4329 -0.8875 -0.1582 -0.4350 -0.8919 -0.1232 -0.4367 -0.8953 -0.0881 -0.4378 -0.8975 -0.0529 -0.4383 -0.8987 -0.0176 -0.4383 -0.8987 0.0176 -0.4378 -0.8975 0.0529 -0.4367 -0.8953 0.0881 -0.4350 -0.8919 0.1232 -0.4329 -0.8875 0.1582 -0.4301 -0.8819 0.1929 -0.4269 -0.8752 0.2274 -0.4231 -0.8675 0.2617 -0.4188 -0.8586 0.2956 -0.4140 -0.8487 0.3291 -0.4086 -0.8378 0.3622 -0.4027 -0.8258 0.3949 -0.3964 -0.8127 0.4271 -0.3895 -0.7987 0.4587 -0.3822 -0.7836 0.4898 -0.3744 -0.7676 0.5202 -0.3661 -0.7506 0.5501 -0.3574 -0.7327 0.5792 -0.3482 -0.7139 0.6076 -0.3386 -0.6941 0.6352 -0.3285 -0.6736 0.6621 -0.3181 -0.6521 0.6881 -0.3072 -0.6299 0.7133 -0.2960 -0.6069 0.7376 -0.2844 -0.5831 0.7610 -0.2725 -0.5586 0.7834 -0.2602 -0.5334 0.8048 -0.2476 -0.5076 0.8253 -0.2346 -0.4811 0.8447 -0.2214 -0.4540 0.8631 -0.2079 -0.4263 0.8804 -0.1942 -0.3981 0.8965 -0.1802 -0.3694 0.9116 -0.1660 -0.3403 0.9256 -0.1515 -0.3107 0.9383 -0.1369 -0.2808 0.9500 -0.1222 -0.2505 0.9604 -0.1072 -0.2198 0.9696 -0.0922 -0.1889 0.9777 -0.0770 -0.1578 0.9845 -0.0617 -0.1265 0.9900 -0.0463 -0.0950 0.9944 -0.0309 -0.0634 0.9975 -0.0155 -0.0317 0.9994 -0.0144 -0.0322 -0.9994 -0.0287 -0.0644 -0.9975 -0.0430 -0.0966 -0.9944 -0.0572 -0.1286 -0.9900 -0.0714 -0.1604 -0.9845 -0.0855 -0.1920 -0.9777 -0.0995 -0.2234 -0.9696 -0.1133 -0.2546 -0.9604 -0.1271 -0.2854 -0.9500 -0.1406 -0.3158 -0.9383 -0.1540 -0.3459 -0.9256 -0.1672 -0.3755 -0.9116 -0.1802 -0.4047 -0.8965 -0.1929 -0.4333 -0.8804 -0.2054 -0.4614 -0.8631 -0.2177 -0.4890 -0.8447 -0.2297 -0.5159 -0.8253 -0.2414 -0.5422 -0.8048 -0.2528 -0.5678 -0.7834 -0.2639 -0.5927 -0.7610 -0.2746 -0.6169 -0.7376 -0.2851 -0.6402 -0.7133 -0.2951 -0.6628 -0.6881 -0.3048 -0.6846 -0.6621 -0.3141 -0.7055 -0.6352 -0.3230 -0.7256 -0.6076 -0.3316 -0.7447 -0.5792 -0.3397 -0.7629 -0.5501 -0.3474 -0.7802 -0.5202 -0.3546 -0.7965 -0.4898 -0.3614 -0.8118 -0.4587 -0.3678 -0.8261 -0.4271 -0.3737 -0.8393 -0.3949 -0.3791 -0.8515 -0.3622 -0.3841 -0.8627 -0.3291 -0.3886 -0.8727 -0.2956 -0.3926 -0.8817 -0.2617 -0.3961 -0.8896 -0.2274 -0.3991 -0.8964 -0.1929 -0.4016 -0.9020 -0.1582 -0.4036 -0.9066 -0.1232 -0.4052 -0.9100 -0.0881 -0.4062 -0.9123 -0.0529 -0.4067 -0.9134 -0.0176 -0.4067 -0.9134 0.0176 -0.4062 -0.9123 0.0529 -0.4052 -0.9100 0.0881 -0.4036 -0.9066 0.1232 -0.4016 -0.9020 0.1582 -0.3991 -0.8964 0.1929 -0.3961 -0.8896 0.2274 -0.3926 -0.8817 0.2617 -0.3886 -0.8727 0.2956 -0.3841 -0.8627 0.3291 -0.3791 -0.8515 0.3622 -0.3737 -0.8393 0.3949 -0.3678 -0.8261 0.4271 -0.3614 -0.8118 0.4587 -0.3546 -0.7965 0.4898 -0.3474 -0.7802 0.5202 -0.3397 -0.7629 0.5501 -0.3316 -0.7447 0.5792 -0.3230 -0.7256 0.6076 -0.3141 -0.7055 0.6352 -0.3048 -0.6846 0.6621 -0.2951 -0.6628 0.6881 -0.2851 -0.6402 0.7133 -0.2746 -0.6169 0.7376 -0.2639 -0.5927 0.7610 -0.2528 -0.5678 0.7834 -0.2414 -0.5422 0.8048 -0.2297 -0.5159 0.8253 -0.2177 -0.4890 0.8447 -0.2054 -0.4614 0.8631 -0.1929 -0.4333 0.8804 -0.1802 -0.4047 0.8965 -0.1672 -0.3755 0.9116 -0.1540 -0.3459 0.9256 -0.1406 -0.3158 0.9383 -0.1271 -0.2854 0.9500 -0.1133 -0.2546 0.9604 -0.0995 -0.2234 0.9696 -0.0855 -0.1920 0.9777 -0.0714 -0.1604 0.9845 -0.0572 -0.1286 0.9900 -0.0430 -0.0966 0.9944 -0.0287 -0.0644 0.9975 -0.0144 -0.0322 0.9994 -0.0132 -0.0327 -0.9994 -0.0264 -0.0654 -0.9975 -0.0396 -0.0980 -0.9944 -0.0527 -0.1305 -0.9900 -0.0658 -0.1628 -0.9845 -0.0787 -0.1949 -0.9777 -0.0916 -0.2268 -0.9696 -0.1044 -0.2584 -0.9604 -0.1170 -0.2896 -0.9500 -0.1295 -0.3205 -0.9383 -0.1418 -0.3510 -0.9256 -0.1540 -0.3811 -0.9116 -0.1659 -0.4107 -0.8965 -0.1777 -0.4398 -0.8804 -0.1892 -0.4683 -0.8631 -0.2005 -0.4963 -0.8447 -0.2115 -0.5236 -0.8253 -0.2223 -0.5503 -0.8048 -0.2328 -0.5763 -0.7834 -0.2430 -0.6015 -0.7610 -0.2529 -0.6261 -0.7376 -0.2625 -0.6498 -0.7133 -0.2718 -0.6727 -0.6881 -0.2807 -0.6948 -0.6621 -0.2893 -0.7161 -0.6352 -0.2975 -0.7364 -0.6076 -0.3054 -0.7558 -0.5792 -0.3128 -0.7743 -0.5501 -0.3199 -0.7918 -0.5202 -0.3266 -0.8084 -0.4898 -0.3329 -0.8239 -0.4587 -0.3387 -0.8384 -0.4271 -0.3442 -0.8518 -0.3949 -0.3492 -0.8642 -0.3622 -0.3537 -0.8755 -0.3291 -0.3579 -0.8858 -0.2956 -0.3616 -0.8949 -0.2617 -0.3648 -0.9029 -0.2274 -0.3676 -0.9098 -0.1929 -0.3699 -0.9155 -0.1582 -0.3718 -0.9201 -0.1232 -0.3731 -0.9236 -0.0881 -0.3741 -0.9259 -0.0529 -0.3745 -0.9270 -0.0176 -0.3745 -0.9270 0.0176 -0.3741 -0.9259 0.0529 -0.3731 -0.9236 0.0881 -0.3718 -0.9201 0.1232 -0.3699 -0.9155 0.1582 -0.3676 -0.9098 0.1929 -0.3648 -0.9029 0.2274 -0.3616 -0.8949 0.2617 -0.3579 -0.8858 0.2956 -0.3537 -0.8755 0.3291 -0.3492 -0.8642 0.3622 -0.3442 -0.8518 0.3949 -0.3387 -0.8384 0.4271 -0.3329 -0.8239 0.4587 -0.3266 -0.8084 0.4898 -0.3199 -0.7918 0.5202 -0.3128 -0.7743 0.5501 -0.3054 -0.7558 0.5792 -0.2975 -0.7364 0.6076 -0.2893 -0.7161 0.6352 -0.2807 -0.6948 0.6621 -0.2718 -0.6727 0.6881 -0.2625 -0.6498 0.7133 -0.2529 -0.6261 0.7376 -0.2430 -0.6015 0.7610 -0.2328 -0.5763 0.7834 -0.2223 -0.5503 0.8048 -0.2115 -0.5236 0.8253 -0.2005 -0.4963 0.8447 -0.1892 -0.4683 0.8631 -0.1777 -0.4398 0.8804 -0.1659 -0.4107 0.8965 -0.1540 -0.3811 0.9116 -0.1418 -0.3510 0.9256 -0.1295 -0.3205 0.9383 -0.1170 -0.2896 0.9500 -0.1044 -0.2584 0.9604 -0.0916 -0.2268 0.9696 -0.0787 -0.1949 0.9777 -0.0658 -0.1628 0.9845 -0.0527 -0.1305 0.9900 -0.0396 -0.0980 0.9944 -0.0264 -0.0654 0.9975 -0.0132 -0.0327 0.9994 -0.0121 -0.0332 -0.9994 -0.0241 -0.0663 -0.9975 -0.0362 -0.0993 -0.9944 -0.0481 -0.1322 -0.9900 -0.0601 -0.1650 -0.9845 -0.0719 -0.1975 -0.9777 -0.0837 -0.2298 -0.9696 -0.0953 -0.2618 -0.9604 -0.1068 -0.2935 -0.9500 -0.1182 -0.3249 -0.9383 -0.1295 -0.3558 -0.9256 -0.1406 -0.3862 -0.9116 -0.1515 -0.4162 -0.8965 -0.1622 -0.4457 -0.8804 -0.1727 -0.4746 -0.8631 -0.1831 -0.5030 -0.8447 -0.1931 -0.5307 -0.8253 -0.2030 -0.5577 -0.8048 -0.2126 -0.5840 -0.7834 -0.2219 -0.6097 -0.7610 -0.2309 -0.6345 -0.7376 -0.2397 -0.6586 -0.7133 -0.2482 -0.6818 -0.6881 -0.2563 -0.7042 -0.6621 -0.2641 -0.7257 -0.6352 -0.2716 -0.7463 -0.6076 -0.2788 -0.7660 -0.5792 -0.2856 -0.7848 -0.5501 -0.2921 -0.8025 -0.5202 -0.2982 -0.8193 -0.4898 -0.3039 -0.8350 -0.4587 -0.3093 -0.8497 -0.4271 -0.3142 -0.8633 -0.3949 -0.3188 -0.8759 -0.3622 -0.3230 -0.8874 -0.3291 -0.3267 -0.8977 -0.2956 -0.3301 -0.9070 -0.2617 -0.3331 -0.9151 -0.2274 -0.3356 -0.9220 -0.1929 -0.3377 -0.9279 -0.1582 -0.3394 -0.9325 -0.1232 -0.3407 -0.9360 -0.0881 -0.3415 -0.9384 -0.0529 -0.3420 -0.9395 -0.0176 -0.3420 -0.9395 0.0176 -0.3415 -0.9384 0.0529 -0.3407 -0.9360 0.0881 -0.3394 -0.9325 0.1232 -0.3377 -0.9279 0.1582 -0.3356 -0.9220 0.1929 -0.3331 -0.9151 0.2274 -0.3301 -0.9070 0.2617 -0.3267 -0.8977 0.2956 -0.3230 -0.8874 0.3291 -0.3188 -0.8759 0.3622 -0.3142 -0.8633 0.3949 -0.3093 -0.8497 0.4271 -0.3039 -0.8350 0.4587 -0.2982 -0.8193 0.4898 -0.2921 -0.8025 0.5202 -0.2856 -0.7848 0.5501 -0.2788 -0.7660 0.5792 -0.2716 -0.7463 0.6076 -0.2641 -0.7257 0.6352 -0.2563 -0.7042 0.6621 -0.2482 -0.6818 0.6881 -0.2397 -0.6586 0.7133 -0.2309 -0.6345 0.7376 -0.2219 -0.6097 0.7610 -0.2126 -0.5840 0.7834 -0.2030 -0.5577 0.8048 -0.1931 -0.5307 0.8253 -0.1831 -0.5030 0.8447 -0.1727 -0.4746 0.8631 -0.1622 -0.4457 0.8804 -0.1515 -0.4162 0.8965 -0.1406 -0.3862 0.9116 -0.1295 -0.3558 0.9256 -0.1182 -0.3249 0.9383 -0.1068 -0.2935 0.9500 -0.0953 -0.2618 0.9604 -0.0837 -0.2298 0.9696 -0.0719 -0.1975 0.9777 -0.0601 -0.1650 0.9845 -0.0481 -0.1322 0.9900 -0.0362 -0.0993 0.9944 -0.0241 -0.0663 0.9975 -0.0121 -0.0332 0.9994 -0.0109 -0.0336 -0.9994 -0.0218 -0.0671 -0.9975 -0.0327 -0.1005 -0.9944 -0.0435 -0.1338 -0.9900 -0.0543 -0.1670 -0.9845 -0.0650 -0.1999 -0.9777 -0.0756 -0.2326 -0.9696 -0.0861 -0.2650 -0.9604 -0.0965 -0.2971 -0.9500 -0.1068 -0.3288 -0.9383 -0.1170 -0.3601 -0.9256 -0.1270 -0.3909 -0.9116 -0.1369 -0.4213 -0.8965 -0.1466 -0.4511 -0.8804 -0.1561 -0.4804 -0.8631 -0.1654 -0.5090 -0.8447 -0.1745 -0.5371 -0.8253 -0.1834 -0.5644 -0.8048 -0.1921 -0.5911 -0.7834 -0.2005 -0.6170 -0.7610 -0.2087 -0.6422 -0.7376 -0.2166 -0.6665 -0.7133 -0.2242 -0.6901 -0.6881 -0.2316 -0.7127 -0.6621 -0.2387 -0.7345 -0.6352 -0.2454 -0.7554 -0.6076 -0.2519 -0.7753 -0.5792 -0.2581 -0.7943 -0.5501 -0.2639 -0.8122 -0.5202 -0.2694 -0.8292 -0.4898 -0.2746 -0.8451 -0.4587 -0.2794 -0.8600 -0.4271 -0.2839 -0.8738 -0.3949 -0.2880 -0.8865 -0.3622 -0.2918 -0.8981 -0.3291 -0.2952 -0.9086 -0.2956 -0.2983 -0.9179 -0.2617 -0.3009 -0.9261 -0.2274 -0.3032 -0.9332 -0.1929 -0.3051 -0.9391 -0.1582 -0.3067 -0.9438 -0.1232 -0.3078 -0.9474 -0.0881 -0.3086 -0.9497 -0.0529 -0.3090 -0.9509 -0.0176 -0.3090 -0.9509 0.0176 -0.3086 -0.9497 0.0529 -0.3078 -0.9474 0.0881 -0.3067 -0.9438 0.1232 -0.3051 -0.9391 0.1582 -0.3032 -0.9332 0.1929 -0.3009 -0.9261 0.2274 -0.2983 -0.9179 0.2617 -0.2952 -0.9086 0.2956 -0.2918 -0.8981 0.3291 -0.2880 -0.8865 0.3622 -0.2839 -0.8738 0.3949 -0.2794 -0.8600 0.4271 -0.2746 -0.8451 0.4587 -0.2694 -0.8292 0.4898 -0.2639 -0.8122 0.5202 -0.2581 -0.7943 0.5501 -0.2519 -0.7753 0.5792 -0.2454 -0.7554 0.6076 -0.2387 -0.7345 0.6352 -0.2316 -0.7127 0.6621 -0.2242 -0.6901 0.6881 -0.2166 -0.6665 0.7133 -0.2087 -0.6422 0.7376 -0.2005 -0.6170 0.7610 -0.1921 -0.5911 0.7834 -0.1834 -0.5644 0.8048 -0.1745 -0.5371 0.8253 -0.1654 -0.5090 0.8447 -0.1561 -0.4804 0.8631 -0.1466 -0.4511 0.8804 -0.1369 -0.4213 0.8965 -0.1270 -0.3909 0.9116 -0.1170 -0.3601 0.9256 -0.1068 -0.3288 0.9383 -0.0965 -0.2971 0.9500 -0.0861 -0.2650 0.9604 -0.0756 -0.2326 0.9696 -0.0650 -0.1999 0.9777 -0.0543 -0.1670 0.9845 -0.0435 -0.1338 0.9900 -0.0327 -0.1005 0.9944 -0.0218 -0.0671 0.9975 -0.0109 -0.0336 0.9994 -0.0097 -0.0339 -0.9994 -0.0194 -0.0678 -0.9975 -0.0291 -0.1016 -0.9944 -0.0388 -0.1353 -0.9900 -0.0484 -0.1688 -0.9845 -0.0579 -0.2021 -0.9777 -0.0674 -0.2351 -0.9696 -0.0768 -0.2679 -0.9604 -0.0861 -0.3003 -0.9500 -0.0953 -0.3323 -0.9383 -0.1044 -0.3639 -0.9256 -0.1133 -0.3951 -0.9116 -0.1221 -0.4258 -0.8965 -0.1307 -0.4559 -0.8804 -0.1392 -0.4855 -0.8631 -0.1475 -0.5145 -0.8447 -0.1557 -0.5428 -0.8253 -0.1636 -0.5705 -0.8048 -0.1713 -0.5974 -0.7834 -0.1788 -0.6236 -0.7610 -0.1861 -0.6491 -0.7376 -0.1932 -0.6737 -0.7133 -0.2000 -0.6975 -0.6881 -0.2066 -0.7204 -0.6621 -0.2129 -0.7424 -0.6352 -0.2189 -0.7635 -0.6076 -0.2247 -0.7836 -0.5792 -0.2302 -0.8028 -0.5501 -0.2354 -0.8209 -0.5202 -0.2403 -0.8381 -0.4898 -0.2449 -0.8542 -0.4587 -0.2492 -0.8692 -0.4271 -0.2532 -0.8831 -0.3949 -0.2569 -0.8960 -0.3622 -0.2603 -0.9077 -0.3291 -0.2633 -0.9183 -0.2956 -0.2660 -0.9278 -0.2617 -0.2684 -0.9361 -0.2274 -0.2705 -0.9432 -0.1929 -0.2722 -0.9492 -0.1582 -0.2735 -0.9539 -0.1232 -0.2746 -0.9575 -0.0881 -0.2753 -0.9599 -0.0529 -0.2756 -0.9611 -0.0176 -0.2756 -0.9611 0.0176 -0.2753 -0.9599 0.0529 -0.2746 -0.9575 0.0881 -0.2735 -0.9539 0.1232 -0.2722 -0.9492 0.1582 -0.2705 -0.9432 0.1929 -0.2684 -0.9361 0.2274 -0.2660 -0.9278 0.2617 -0.2633 -0.9183 0.2956 -0.2603 -0.9077 0.3291 -0.2569 -0.8960 0.3622 -0.2532 -0.8831 0.3949 -0.2492 -0.8692 0.4271 -0.2449 -0.8542 0.4587 -0.2403 -0.8381 0.4898 -0.2354 -0.8209 0.5202 -0.2302 -0.8028 0.5501 -0.2247 -0.7836 0.5792 -0.2189 -0.7635 0.6076 -0.2129 -0.7424 0.6352 -0.2066 -0.7204 0.6621 -0.2000 -0.6975 0.6881 -0.1932 -0.6737 0.7133 -0.1861 -0.6491 0.7376 -0.1788 -0.6236 0.7610 -0.1713 -0.5974 0.7834 -0.1636 -0.5705 0.8048 -0.1557 -0.5428 0.8253 -0.1475 -0.5145 0.8447 -0.1392 -0.4855 0.8631 -0.1307 -0.4559 0.8804 -0.1221 -0.4258 0.8965 -0.1133 -0.3951 0.9116 -0.1044 -0.3639 0.9256 -0.0953 -0.3323 0.9383 -0.0861 -0.3003 0.9500 -0.0768 -0.2679 0.9604 -0.0674 -0.2351 0.9696 -0.0579 -0.2021 0.9777 -0.0484 -0.1688 0.9845 -0.0388 -0.1353 0.9900 -0.0291 -0.1016 0.9944 -0.0194 -0.0678 0.9975 -0.0097 -0.0339 0.9994 -0.0085 -0.0342 -0.9994 -0.0171 -0.0684 -0.9975 -0.0256 -0.1026 -0.9944 -0.0340 -0.1365 -0.9900 -0.0425 -0.1704 -0.9845 -0.0509 -0.2040 -0.9777 -0.0592 -0.2373 -0.9696 -0.0674 -0.2704 -0.9604 -0.0756 -0.3031 -0.9500 -0.0836 -0.3354 -0.9383 -0.0916 -0.3674 -0.9256 -0.0994 -0.3988 -0.9116 -0.1072 -0.4298 -0.8965 -0.1147 -0.4602 -0.8804 -0.1222 -0.4901 -0.8631 -0.1295 -0.5193 -0.8447 -0.1366 -0.5479 -0.8253 -0.1436 -0.5759 -0.8048 -0.1504 -0.6031 -0.7834 -0.1570 -0.6295 -0.7610 -0.1634 -0.6552 -0.7376 -0.1695 -0.6800 -0.7133 -0.1755 -0.7040 -0.6881 -0.1813 -0.7271 -0.6621 -0.1868 -0.7494 -0.6352 -0.1921 -0.7707 -0.6076 -0.1972 -0.7910 -0.5792 -0.2020 -0.8103 -0.5501 -0.2066 -0.8287 -0.5202 -0.2109 -0.8460 -0.4898 -0.2150 -0.8622 -0.4587 -0.2188 -0.8774 -0.4271 -0.2223 -0.8914 -0.3949 -0.2255 -0.9044 -0.3622 -0.2284 -0.9162 -0.3291 -0.2311 -0.9269 -0.2956 -0.2335 -0.9365 -0.2617 -0.2356 -0.9449 -0.2274 -0.2374 -0.9521 -0.1929 -0.2389 -0.9581 -0.1582 -0.2401 -0.9629 -0.1232 -0.2410 -0.9665 -0.0881 -0.2416 -0.9689 -0.0529 -0.2419 -0.9701 -0.0176 -0.2419 -0.9701 0.0176 -0.2416 -0.9689 0.0529 -0.2410 -0.9665 0.0881 -0.2401 -0.9629 0.1232 -0.2389 -0.9581 0.1582 -0.2374 -0.9521 0.1929 -0.2356 -0.9449 0.2274 -0.2335 -0.9365 0.2617 -0.2311 -0.9269 0.2956 -0.2284 -0.9162 0.3291 -0.2255 -0.9044 0.3622 -0.2223 -0.8914 0.3949 -0.2188 -0.8774 0.4271 -0.2150 -0.8622 0.4587 -0.2109 -0.8460 0.4898 -0.2066 -0.8287 0.5202 -0.2020 -0.8103 0.5501 -0.1972 -0.7910 0.5792 -0.1921 -0.7707 0.6076 -0.1868 -0.7494 0.6352 -0.1813 -0.7271 0.6621 -0.1755 -0.7040 0.6881 -0.1695 -0.6800 0.7133 -0.1634 -0.6552 0.7376 -0.1570 -0.6295 0.7610 -0.1504 -0.6031 0.7834 -0.1436 -0.5759 0.8048 -0.1366 -0.5479 0.8253 -0.1295 -0.5193 0.8447 -0.1222 -0.4901 0.8631 -0.1147 -0.4602 0.8804 -0.1072 -0.4298 0.8965 -0.0994 -0.3988 0.9116 -0.0916 -0.3674 0.9256 -0.0836 -0.3354 0.9383 -0.0756 -0.3031 0.9500 -0.0674 -0.2704 0.9604 -0.0592 -0.2373 0.9696 -0.0509 -0.2040 0.9777 -0.0425 -0.1704 0.9845 -0.0340 -0.1365 0.9900 -0.0256 -0.1026 0.9944 -0.0171 -0.0684 0.9975 -0.0085 -0.0342 0.9994 -0.0073 -0.0345 -0.9994 -0.0147 -0.0690 -0.9975 -0.0220 -0.1034 -0.9944 -0.0293 -0.1377 -0.9900 -0.0365 -0.1717 -0.9845 -0.0437 -0.2056 -0.9777 -0.0509 -0.2392 -0.9696 -0.0579 -0.2726 -0.9604 -0.0649 -0.3055 -0.9500 -0.0719 -0.3381 -0.9383 -0.0787 -0.3703 -0.9256 -0.0855 -0.4020 -0.9116 -0.0921 -0.4333 -0.8965 -0.0986 -0.4639 -0.8804 -0.1050 -0.4940 -0.8631 -0.1113 -0.5235 -0.8447 -0.1174 -0.5524 -0.8253 -0.1234 -0.5805 -0.8048 -0.1292 -0.6079 -0.7834 -0.1349 -0.6346 -0.7610 -0.1404 -0.6605 -0.7376 -0.1457 -0.6855 -0.7133 -0.1509 -0.7097 -0.6881 -0.1558 -0.7330 -0.6621 -0.1606 -0.7554 -0.6352 -0.1651 -0.7769 -0.6076 -0.1695 -0.7974 -0.5792 -0.1736 -0.8169 -0.5501 -0.1776 -0.8354 -0.5202 -0.1813 -0.8528 -0.4898 -0.1847 -0.8692 -0.4587 -0.1880 -0.8845 -0.4271 -0.1910 -0.8987 -0.3949 -0.1938 -0.9117 -0.3622 -0.1963 -0.9237 -0.3291 -0.1986 -0.9344 -0.2956 -0.2007 -0.9441 -0.2617 -0.2025 -0.9525 -0.2274 -0.2040 -0.9598 -0.1929 -0.2053 -0.9658 -0.1582 -0.2063 -0.9707 -0.1232 -0.2071 -0.9743 -0.0881 -0.2076 -0.9768 -0.0529 -0.2079 -0.9780 -0.0176 -0.2079 -0.9780 0.0176 -0.2076 -0.9768 0.0529 -0.2071 -0.9743 0.0881 -0.2063 -0.9707 0.1232 -0.2053 -0.9658 0.1582 -0.2040 -0.9598 0.1929 -0.2025 -0.9525 0.2274 -0.2007 -0.9441 0.2617 -0.1986 -0.9344 0.2956 -0.1963 -0.9237 0.3291 -0.1938 -0.9117 0.3622 -0.1910 -0.8987 0.3949 -0.1880 -0.8845 0.4271 -0.1847 -0.8692 0.4587 -0.1813 -0.8528 0.4898 -0.1776 -0.8354 0.5202 -0.1736 -0.8169 0.5501 -0.1695 -0.7974 0.5792 -0.1651 -0.7769 0.6076 -0.1606 -0.7554 0.6352 -0.1558 -0.7330 0.6621 -0.1509 -0.7097 0.6881 -0.1457 -0.6855 0.7133 -0.1404 -0.6605 0.7376 -0.1349 -0.6346 0.7610 -0.1292 -0.6079 0.7834 -0.1234 -0.5805 0.8048 -0.1174 -0.5524 0.8253 -0.1113 -0.5235 0.8447 -0.1050 -0.4940 0.8631 -0.0986 -0.4639 0.8804 -0.0921 -0.4333 0.8965 -0.0855 -0.4020 0.9116 -0.0787 -0.3703 0.9256 -0.0719 -0.3381 0.9383 -0.0649 -0.3055 0.9500 -0.0579 -0.2726 0.9604 -0.0509 -0.2392 0.9696 -0.0437 -0.2056 0.9777 -0.0365 -0.1717 0.9845 -0.0293 -0.1377 0.9900 -0.0220 -0.1034 0.9944 -0.0147 -0.0690 0.9975 -0.0073 -0.0345 0.9994 -0.0061 -0.0348 -0.9994 -0.0122 -0.0695 -0.9975 -0.0184 -0.1041 -0.9944 -0.0244 -0.1386 -0.9900 -0.0305 -0.1729 -0.9845 -0.0365 -0.2070 -0.9777 -0.0425 -0.2409 -0.9696 -0.0484 -0.2744 -0.9604 -0.0542 -0.3076 -0.9500 -0.0600 -0.3405 -0.9383 -0.0657 -0.3729 -0.9256 -0.0714 -0.4048 -0.9116 -0.0769 -0.4362 -0.8965 -0.0824 -0.4671 -0.8804 -0.0877 -0.4974 -0.8631 -0.0929 -0.5271 -0.8447 -0.0981 -0.5561 -0.8253 -0.1031 -0.5845 -0.8048 -0.1079 -0.6121 -0.7834 -0.1127 -0.6389 -0.7610 -0.1173 -0.6650 -0.7376 -0.1217 -0.6902 -0.7133 -0.1260 -0.7146 -0.6881 -0.1301 -0.7380 -0.6621 -0.1341 -0.7606 -0.6352 -0.1379 -0.7822 -0.6076 -0.1416 -0.8028 -0.5792 -0.1450 -0.8224 -0.5501 -0.1483 -0.8410 -0.5202 -0.1514 -0.8586 -0.4898 -0.1543 -0.8751 -0.4587 -0.1570 -0.8905 -0.4271 -0.1595 -0.9048 -0.3949 -0.1619 -0.9179 -0.3622 -0.1640 -0.9300 -0.3291 -0.1659 -0.9408 -0.2956 -0.1676 -0.9505 -0.2617 -0.1691 -0.9590 -0.2274 -0.1704 -0.9663 -0.1929 -0.1715 -0.9724 -0.1582 -0.1723 -0.9773 -0.1232 -0.1730 -0.9810 -0.0881 -0.1734 -0.9834 -0.0529 -0.1736 -0.9847 -0.0176 -0.1736 -0.9847 0.0176 -0.1734 -0.9834 0.0529 -0.1730 -0.9810 0.0881 -0.1723 -0.9773 0.1232 -0.1715 -0.9724 0.1582 -0.1704 -0.9663 0.1929 -0.1691 -0.9590 0.2274 -0.1676 -0.9505 0.2617 -0.1659 -0.9408 0.2956 -0.1640 -0.9300 0.3291 -0.1619 -0.9179 0.3622 -0.1595 -0.9048 0.3949 -0.1570 -0.8905 0.4271 -0.1543 -0.8751 0.4587 -0.1514 -0.8586 0.4898 -0.1483 -0.8410 0.5202 -0.1450 -0.8224 0.5501 -0.1416 -0.8028 0.5792 -0.1379 -0.7822 0.6076 -0.1341 -0.7606 0.6352 -0.1301 -0.7380 0.6621 -0.1260 -0.7146 0.6881 -0.1217 -0.6902 0.7133 -0.1173 -0.6650 0.7376 -0.1127 -0.6389 0.7610 -0.1079 -0.6121 0.7834 -0.1031 -0.5845 0.8048 -0.0981 -0.5561 0.8253 -0.0929 -0.5271 0.8447 -0.0877 -0.4974 0.8631 -0.0824 -0.4671 0.8804 -0.0769 -0.4362 0.8965 -0.0714 -0.4048 0.9116 -0.0657 -0.3729 0.9256 -0.0600 -0.3405 0.9383 -0.0542 -0.3076 0.9500 -0.0484 -0.2744 0.9604 -0.0425 -0.2409 0.9696 -0.0365 -0.2070 0.9777 -0.0305 -0.1729 0.9845 -0.0244 -0.1386 0.9900 -0.0184 -0.1041 0.9944 -0.0122 -0.0695 0.9975 -0.0061 -0.0348 0.9994 -0.0049 -0.0349 -0.9994 -0.0098 -0.0699 -0.9975 -0.0147 -0.1047 -0.9944 -0.0196 -0.1394 -0.9900 -0.0244 -0.1739 -0.9845 -0.0293 -0.2082 -0.9777 -0.0340 -0.2422 -0.9696 -0.0388 -0.2759 -0.9604 -0.0435 -0.3093 -0.9500 -0.0481 -0.3423 -0.9383 -0.0527 -0.3749 -0.9256 -0.0572 -0.4070 -0.9116 -0.0616 -0.4386 -0.8965 -0.0660 -0.4697 -0.8804 -0.0703 -0.5002 -0.8631 -0.0745 -0.5300 -0.8447 -0.0786 -0.5592 -0.8253 -0.0826 -0.5877 -0.8048 -0.0865 -0.6155 -0.7834 -0.0903 -0.6425 -0.7610 -0.0940 -0.6687 -0.7376 -0.0975 -0.6940 -0.7133 -0.1010 -0.7185 -0.6881 -0.1043 -0.7421 -0.6621 -0.1075 -0.7648 -0.6352 -0.1105 -0.7865 -0.6076 -0.1135 -0.8073 -0.5792 -0.1162 -0.8270 -0.5501 -0.1189 -0.8457 -0.5202 -0.1213 -0.8634 -0.4898 -0.1237 -0.8799 -0.4587 -0.1258 -0.8954 -0.4271 -0.1279 -0.9098 -0.3949 -0.1297 -0.9230 -0.3622 -0.1314 -0.9351 -0.3291 -0.1330 -0.9460 -0.2956 -0.1343 -0.9558 -0.2617 -0.1355 -0.9643 -0.2274 -0.1366 -0.9717 -0.1929 -0.1374 -0.9778 -0.1582 -0.1381 -0.9827 -0.1232 -0.1386 -0.9864 -0.0881 -0.1390 -0.9889 -0.0529 -0.1392 -0.9901 -0.0176 -0.1392 -0.9901 0.0176 -0.1390 -0.9889 0.0529 -0.1386 -0.9864 0.0881 -0.1381 -0.9827 0.1232 -0.1374 -0.9778 0.1582 -0.1366 -0.9717 0.1929 -0.1355 -0.9643 0.2274 -0.1343 -0.9558 0.2617 -0.1330 -0.9460 0.2956 -0.1314 -0.9351 0.3291 -0.1297 -0.9230 0.3622 -0.1279 -0.9098 0.3949 -0.1258 -0.8954 0.4271 -0.1237 -0.8799 0.4587 -0.1213 -0.8634 0.4898 -0.1189 -0.8457 0.5202 -0.1162 -0.8270 0.5501 -0.1135 -0.8073 0.5792 -0.1105 -0.7865 0.6076 -0.1075 -0.7648 0.6352 -0.1043 -0.7421 0.6621 -0.1010 -0.7185 0.6881 -0.0975 -0.6940 0.7133 -0.0940 -0.6687 0.7376 -0.0903 -0.6425 0.7610 -0.0865 -0.6155 0.7834 -0.0826 -0.5877 0.8048 -0.0786 -0.5592 0.8253 -0.0745 -0.5300 0.8447 -0.0703 -0.5002 0.8631 -0.0660 -0.4697 0.8804 -0.0616 -0.4386 0.8965 -0.0572 -0.4070 0.9116 -0.0527 -0.3749 0.9256 -0.0481 -0.3423 0.9383 -0.0435 -0.3093 0.9500 -0.0388 -0.2759 0.9604 -0.0340 -0.2422 0.9696 -0.0293 -0.2082 0.9777 -0.0244 -0.1739 0.9845 -0.0196 -0.1394 0.9900 -0.0147 -0.1047 0.9944 -0.0098 -0.0699 0.9975 -0.0049 -0.0349 0.9994 -0.0037 -0.0351 -0.9994 -0.0074 -0.0702 -0.9975 -0.0110 -0.1051 -0.9944 -0.0147 -0.1400 -0.9900 -0.0184 -0.1746 -0.9845 -0.0220 -0.2091 -0.9777 -0.0256 -0.2432 -0.9696 -0.0291 -0.2771 -0.9604 -0.0327 -0.3107 -0.9500 -0.0361 -0.3438 -0.9383 -0.0396 -0.3765 -0.9256 -0.0430 -0.4088 -0.9116 -0.0463 -0.4405 -0.8965 -0.0496 -0.4717 -0.8804 -0.0528 -0.5023 -0.8631 -0.0559 -0.5323 -0.8447 -0.0590 -0.5616 -0.8253 -0.0620 -0.5902 -0.8048 -0.0650 -0.6181 -0.7834 -0.0678 -0.6452 -0.7610 -0.0706 -0.6715 -0.7376 -0.0733 -0.6970 -0.7133 -0.0758 -0.7216 -0.6881 -0.0783 -0.7453 -0.6621 -0.0807 -0.7681 -0.6352 -0.0830 -0.7899 -0.6076 -0.0852 -0.8107 -0.5792 -0.0873 -0.8306 -0.5501 -0.0893 -0.8493 -0.5202 -0.0911 -0.8671 -0.4898 -0.0929 -0.8837 -0.4587 -0.0945 -0.8993 -0.4271 -0.0960 -0.9137 -0.3949 -0.0974 -0.9270 -0.3622 -0.0987 -0.9391 -0.3291 -0.0999 -0.9501 -0.2956 -0.1009 -0.9599 -0.2617 -0.1018 -0.9685 -0.2274 -0.1026 -0.9758 -0.1929 -0.1032 -0.9820 -0.1582 -0.1037 -0.9869 -0.1232 -0.1041 -0.9907 -0.0881 -0.1044 -0.9931 -0.0529 -0.1045 -0.9944 -0.0176 -0.1045 -0.9944 0.0176 -0.1044 -0.9931 0.0529 -0.1041 -0.9907 0.0881 -0.1037 -0.9869 0.1232 -0.1032 -0.9820 0.1582 -0.1026 -0.9758 0.1929 -0.1018 -0.9685 0.2274 -0.1009 -0.9599 0.2617 -0.0999 -0.9501 0.2956 -0.0987 -0.9391 0.3291 -0.0974 -0.9270 0.3622 -0.0960 -0.9137 0.3949 -0.0945 -0.8993 0.4271 -0.0929 -0.8837 0.4587 -0.0911 -0.8671 0.4898 -0.0893 -0.8493 0.5202 -0.0873 -0.8306 0.5501 -0.0852 -0.8107 0.5792 -0.0830 -0.7899 0.6076 -0.0807 -0.7681 0.6352 -0.0783 -0.7453 0.6621 -0.0758 -0.7216 0.6881 -0.0733 -0.6970 0.7133 -0.0706 -0.6715 0.7376 -0.0678 -0.6452 0.7610 -0.0650 -0.6181 0.7834 -0.0620 -0.5902 0.8048 -0.0590 -0.5616 0.8253 -0.0559 -0.5323 0.8447 -0.0528 -0.5023 0.8631 -0.0496 -0.4717 0.8804 -0.0463 -0.4405 0.8965 -0.0430 -0.4088 0.9116 -0.0396 -0.3765 0.9256 -0.0361 -0.3438 0.9383 -0.0327 -0.3107 0.9500 -0.0291 -0.2771 0.9604 -0.0256 -0.2432 0.9696 -0.0220 -0.2091 0.9777 -0.0184 -0.1746 0.9845 -0.0147 -0.1400 0.9900 -0.0110 -0.1051 0.9944 -0.0074 -0.0702 0.9975 -0.0037 -0.0351 0.9994 -0.0025 -0.0352 -0.9994 -0.0049 -0.0704 -0.9975 -0.0074 -0.1054 -0.9944 -0.0098 -0.1404 -0.9900 -0.0122 -0.1752 -0.9845 -0.0147 -0.2097 -0.9777 -0.0171 -0.2440 -0.9696 -0.0194 -0.2780 -0.9604 -0.0218 -0.3116 -0.9500 -0.0241 -0.3449 -0.9383 -0.0264 -0.3777 -0.9256 -0.0287 -0.4100 -0.9116 -0.0309 -0.4419 -0.8965 -0.0331 -0.4732 -0.8804 -0.0352 -0.5039 -0.8631 -0.0373 -0.5339 -0.8447 -0.0394 -0.5633 -0.8253 -0.0414 -0.5920 -0.8048 -0.0434 -0.6200 -0.7834 -0.0453 -0.6472 -0.7610 -0.0471 -0.6736 -0.7376 -0.0489 -0.6991 -0.7133 -0.0506 -0.7238 -0.6881 -0.0523 -0.7476 -0.6621 -0.0539 -0.7704 -0.6352 -0.0554 -0.7923 -0.6076 -0.0569 -0.8132 -0.5792 -0.0583 -0.8331 -0.5501 -0.0596 -0.8519 -0.5202 -0.0608 -0.8697 -0.4898 -0.0620 -0.8864 -0.4587 -0.0631 -0.9020 -0.4271 -0.0641 -0.9165 -0.3949 -0.0650 -0.9298 -0.3622 -0.0659 -0.9420 -0.3291 -0.0666 -0.9530 -0.2956 -0.0673 -0.9628 -0.2617 -0.0679 -0.9714 -0.2274 -0.0684 -0.9788 -0.1929 -0.0689 -0.9850 -0.1582 -0.0692 -0.9900 -0.1232 -0.0695 -0.9937 -0.0881 -0.0697 -0.9962 -0.0529 -0.0697 -0.9974 -0.0176 -0.0697 -0.9974 0.0176 -0.0697 -0.9962 0.0529 -0.0695 -0.9937 0.0881 -0.0692 -0.9900 0.1232 -0.0689 -0.9850 0.1582 -0.0684 -0.9788 0.1929 -0.0679 -0.9714 0.2274 -0.0673 -0.9628 0.2617 -0.0666 -0.9530 0.2956 -0.0659 -0.9420 0.3291 -0.0650 -0.9298 0.3622 -0.0641 -0.9165 0.3949 -0.0631 -0.9020 0.4271 -0.0620 -0.8864 0.4587 -0.0608 -0.8697 0.4898 -0.0596 -0.8519 0.5202 -0.0583 -0.8331 0.5501 -0.0569 -0.8132 0.5792 -0.0554 -0.7923 0.6076 -0.0539 -0.7704 0.6352 -0.0523 -0.7476 0.6621 -0.0506 -0.7238 0.6881 -0.0489 -0.6991 0.7133 -0.0471 -0.6736 0.7376 -0.0453 -0.6472 0.7610 -0.0434 -0.6200 0.7834 -0.0414 -0.5920 0.8048 -0.0394 -0.5633 0.8253 -0.0373 -0.5339 0.8447 -0.0352 -0.5039 0.8631 -0.0331 -0.4732 0.8804 -0.0309 -0.4419 0.8965 -0.0287 -0.4100 0.9116 -0.0264 -0.3777 0.9256 -0.0241 -0.3449 0.9383 -0.0218 -0.3116 0.9500 -0.0194 -0.2780 0.9604 -0.0171 -0.2440 0.9696 -0.0147 -0.2097 0.9777 -0.0122 -0.1752 0.9845 -0.0098 -0.1404 0.9900 -0.0074 -0.1054 0.9944 -0.0049 -0.0704 0.9975 -0.0025 -0.0352 0.9994 -0.0012 -0.0353 -0.9994 -0.0025 -0.0705 -0.9975 -0.0037 -0.1056 -0.9944 -0.0049 -0.1406 -0.9900 -0.0061 -0.1755 -0.9845 -0.0073 -0.2101 -0.9777 -0.0085 -0.2444 -0.9696 -0.0097 -0.2785 -0.9604 -0.0109 -0.3122 -0.9500 -0.0121 -0.3455 -0.9383 -0.0132 -0.3784 -0.9256 -0.0143 -0.4108 -0.9116 -0.0155 -0.4427 -0.8965 -0.0166 -0.4740 -0.8804 -0.0176 -0.5048 -0.8631 -0.0187 -0.5349 -0.8447 -0.0197 -0.5644 -0.8253 -0.0207 -0.5931 -0.8048 -0.0217 -0.6211 -0.7834 -0.0226 -0.6484 -0.7610 -0.0236 -0.6748 -0.7376 -0.0245 -0.7004 -0.7133 -0.0253 -0.7251 -0.6881 -0.0262 -0.7490 -0.6621 -0.0270 -0.7718 -0.6352 -0.0277 -0.7938 -0.6076 -0.0284 -0.8147 -0.5792 -0.0291 -0.8346 -0.5501 -0.0298 -0.8535 -0.5202 -0.0304 -0.8713 -0.4898 -0.0310 -0.8880 -0.4587 -0.0316 -0.9037 -0.4271 -0.0321 -0.9182 -0.3949 -0.0325 -0.9315 -0.3622 -0.0330 -0.9437 -0.3291 -0.0333 -0.9547 -0.2956 -0.0337 -0.9646 -0.2617 -0.0340 -0.9732 -0.2274 -0.0342 -0.9806 -0.1929 -0.0345 -0.9868 -0.1582 -0.0346 -0.9918 -0.1232 -0.0348 -0.9955 -0.0881 -0.0349 -0.9980 -0.0529 -0.0349 -0.9992 -0.0176 -0.0349 -0.9992 0.0176 -0.0349 -0.9980 0.0529 -0.0348 -0.9955 0.0881 -0.0346 -0.9918 0.1232 -0.0345 -0.9868 0.1582 -0.0342 -0.9806 0.1929 -0.0340 -0.9732 0.2274 -0.0337 -0.9646 0.2617 -0.0333 -0.9547 0.2956 -0.0330 -0.9437 0.3291 -0.0325 -0.9315 0.3622 -0.0321 -0.9182 0.3949 -0.0316 -0.9037 0.4271 -0.0310 -0.8880 0.4587 -0.0304 -0.8713 0.4898 -0.0298 -0.8535 0.5202 -0.0291 -0.8346 0.5501 -0.0284 -0.8147 0.5792 -0.0277 -0.7938 0.6076 -0.0270 -0.7718 0.6352 -0.0262 -0.7490 0.6621 -0.0253 -0.7251 0.6881 -0.0245 -0.7004 0.7133 -0.0236 -0.6748 0.7376 -0.0226 -0.6484 0.7610 -0.0217 -0.6211 0.7834 -0.0207 -0.5931 0.8048 -0.0197 -0.5644 0.8253 -0.0187 -0.5349 0.8447 -0.0176 -0.5048 0.8631 -0.0166 -0.4740 0.8804 -0.0155 -0.4427 0.8965 -0.0143 -0.4108 0.9116 -0.0132 -0.3784 0.9256 -0.0121 -0.3455 0.9383 -0.0109 -0.3122 0.9500 -0.0097 -0.2785 0.9604 -0.0085 -0.2444 0.9696 -0.0073 -0.2101 0.9777 -0.0061 -0.1755 0.9845 -0.0049 -0.1406 0.9900 -0.0037 -0.1056 0.9944 -0.0025 -0.0705 0.9975 -0.0012 -0.0353 0.9994 -0.0000 -0.0353 -0.9994 -0.0000 -0.0705 -0.9975 -0.0000 -0.1057 -0.9944 -0.0000 -0.1407 -0.9900 -0.0000 -0.1756 -0.9845 -0.0000 -0.2102 -0.9777 -0.0000 -0.2446 -0.9696 -0.0000 -0.2787 -0.9604 -0.0000 -0.3124 -0.9500 -0.0000 -0.3457 -0.9383 -0.0000 -0.3786 -0.9256 -0.0000 -0.4110 -0.9116 -0.0000 -0.4429 -0.8965 -0.0000 -0.4743 -0.8804 -0.0000 -0.5051 -0.8631 -0.0000 -0.5352 -0.8447 -0.0000 -0.5647 -0.8253 -0.0000 -0.5935 -0.8048 -0.0000 -0.6215 -0.7834 -0.0000 -0.6488 -0.7610 -0.0000 -0.6752 -0.7376 -0.0000 -0.7008 -0.7133 -0.0000 -0.7256 -0.6881 -0.0000 -0.7494 -0.6621 -0.0000 -0.7723 -0.6352 -0.0000 -0.7942 -0.6076 -0.0000 -0.8152 -0.5792 -0.0000 -0.8351 -0.5501 -0.0000 -0.8540 -0.5202 -0.0000 -0.8718 -0.4898 -0.0000 -0.8886 -0.4587 -0.0000 -0.9042 -0.4271 -0.0000 -0.9187 -0.3949 -0.0000 -0.9321 -0.3622 -0.0000 -0.9443 -0.3291 -0.0000 -0.9553 -0.2956 -0.0000 -0.9652 -0.2617 -0.0000 -0.9738 -0.2274 -0.0000 -0.9812 -0.1929 -0.0000 -0.9874 -0.1582 -0.0000 -0.9924 -0.1232 -0.0000 -0.9961 -0.0881 -0.0000 -0.9986 -0.0529 -0.0000 -0.9998 -0.0176 -0.0000 -0.9998 0.0176 -0.0000 -0.9986 0.0529 -0.0000 -0.9961 0.0881 -0.0000 -0.9924 0.1232 -0.0000 -0.9874 0.1582 -0.0000 -0.9812 0.1929 -0.0000 -0.9738 0.2274 -0.0000 -0.9652 0.2617 -0.0000 -0.9553 0.2956 -0.0000 -0.9443 0.3291 -0.0000 -0.9321 0.3622 -0.0000 -0.9187 0.3949 -0.0000 -0.9042 0.4271 -0.0000 -0.8886 0.4587 -0.0000 -0.8718 0.4898 -0.0000 -0.8540 0.5202 -0.0000 -0.8351 0.5501 -0.0000 -0.8152 0.5792 -0.0000 -0.7942 0.6076 -0.0000 -0.7723 0.6352 -0.0000 -0.7494 0.6621 -0.0000 -0.7256 0.6881 -0.0000 -0.7008 0.7133 -0.0000 -0.6752 0.7376 -0.0000 -0.6488 0.7610 -0.0000 -0.6215 0.7834 -0.0000 -0.5935 0.8048 -0.0000 -0.5647 0.8253 -0.0000 -0.5352 0.8447 -0.0000 -0.5051 0.8631 -0.0000 -0.4743 0.8804 -0.0000 -0.4429 0.8965 -0.0000 -0.4110 0.9116 -0.0000 -0.3786 0.9256 -0.0000 -0.3457 0.9383 -0.0000 -0.3124 0.9500 -0.0000 -0.2787 0.9604 -0.0000 -0.2446 0.9696 -0.0000 -0.2102 0.9777 -0.0000 -0.1756 0.9845 -0.0000 -0.1407 0.9900 -0.0000 -0.1057 0.9944 -0.0000 -0.0705 0.9975 -0.0000 -0.0353 0.9994 0.0012 -0.0353 -0.9994 0.0025 -0.0705 -0.9975 0.0037 -0.1056 -0.9944 0.0049 -0.1406 -0.9900 0.0061 -0.1755 -0.9845 0.0073 -0.2101 -0.9777 0.0085 -0.2444 -0.9696 0.0097 -0.2785 -0.9604 0.0109 -0.3122 -0.9500 0.0121 -0.3455 -0.9383 0.0132 -0.3784 -0.9256 0.0143 -0.4108 -0.9116 0.0155 -0.4427 -0.8965 0.0166 -0.4740 -0.8804 0.0176 -0.5048 -0.8631 0.0187 -0.5349 -0.8447 0.0197 -0.5644 -0.8253 0.0207 -0.5931 -0.8048 0.0217 -0.6211 -0.7834 0.0226 -0.6484 -0.7610 0.0236 -0.6748 -0.7376 0.0245 -0.7004 -0.7133 0.0253 -0.7251 -0.6881 0.0262 -0.7490 -0.6621 0.0270 -0.7718 -0.6352 0.0277 -0.7938 -0.6076 0.0284 -0.8147 -0.5792 0.0291 -0.8346 -0.5501 0.0298 -0.8535 -0.5202 0.0304 -0.8713 -0.4898 0.0310 -0.8880 -0.4587 0.0316 -0.9037 -0.4271 0.0321 -0.9182 -0.3949 0.0325 -0.9315 -0.3622 0.0330 -0.9437 -0.3291 0.0333 -0.9547 -0.2956 0.0337 -0.9646 -0.2617 0.0340 -0.9732 -0.2274 0.0342 -0.9806 -0.1929 0.0345 -0.9868 -0.1582 0.0346 -0.9918 -0.1232 0.0348 -0.9955 -0.0881 0.0349 -0.9980 -0.0529 0.0349 -0.9992 -0.0176 0.0349 -0.9992 0.0176 0.0349 -0.9980 0.0529 0.0348 -0.9955 0.0881 0.0346 -0.9918 0.1232 0.0345 -0.9868 0.1582 0.0342 -0.9806 0.1929 0.0340 -0.9732 0.2274 0.0337 -0.9646 0.2617 0.0333 -0.9547 0.2956 0.0330 -0.9437 0.3291 0.0325 -0.9315 0.3622 0.0321 -0.9182 0.3949 0.0316 -0.9037 0.4271 0.0310 -0.8880 0.4587 0.0304 -0.8713 0.4898 0.0298 -0.8535 0.5202 0.0291 -0.8346 0.5501 0.0284 -0.8147 0.5792 0.0277 -0.7938 0.6076 0.0270 -0.7718 0.6352 0.0262 -0.7490 0.6621 0.0253 -0.7251 0.6881 0.0245 -0.7004 0.7133 0.0236 -0.6748 0.7376 0.0226 -0.6484 0.7610 0.0217 -0.6211 0.7834 0.0207 -0.5931 0.8048 0.0197 -0.5644 0.8253 0.0187 -0.5349 0.8447 0.0176 -0.5048 0.8631 0.0166 -0.4740 0.8804 0.0155 -0.4427 0.8965 0.0143 -0.4108 0.9116 0.0132 -0.3784 0.9256 0.0121 -0.3455 0.9383 0.0109 -0.3122 0.9500 0.0097 -0.2785 0.9604 0.0085 -0.2444 0.9696 0.0073 -0.2101 0.9777 0.0061 -0.1755 0.9845 0.0049 -0.1406 0.9900 0.0037 -0.1056 0.9944 0.0025 -0.0705 0.9975 0.0012 -0.0353 0.9994 0.0025 -0.0352 -0.9994 0.0049 -0.0704 -0.9975 0.0074 -0.1054 -0.9944 0.0098 -0.1404 -0.9900 0.0122 -0.1752 -0.9845 0.0147 -0.2097 -0.9777 0.0171 -0.2440 -0.9696 0.0194 -0.2780 -0.9604 0.0218 -0.3116 -0.9500 0.0241 -0.3449 -0.9383 0.0264 -0.3777 -0.9256 0.0287 -0.4100 -0.9116 0.0309 -0.4419 -0.8965 0.0331 -0.4732 -0.8804 0.0352 -0.5039 -0.8631 0.0373 -0.5339 -0.8447 0.0394 -0.5633 -0.8253 0.0414 -0.5920 -0.8048 0.0434 -0.6200 -0.7834 0.0453 -0.6472 -0.7610 0.0471 -0.6736 -0.7376 0.0489 -0.6991 -0.7133 0.0506 -0.7238 -0.6881 0.0523 -0.7476 -0.6621 0.0539 -0.7704 -0.6352 0.0554 -0.7923 -0.6076 0.0569 -0.8132 -0.5792 0.0583 -0.8331 -0.5501 0.0596 -0.8519 -0.5202 0.0608 -0.8697 -0.4898 0.0620 -0.8864 -0.4587 0.0631 -0.9020 -0.4271 0.0641 -0.9165 -0.3949 0.0650 -0.9298 -0.3622 0.0659 -0.9420 -0.3291 0.0666 -0.9530 -0.2956 0.0673 -0.9628 -0.2617 0.0679 -0.9714 -0.2274 0.0684 -0.9788 -0.1929 0.0689 -0.9850 -0.1582 0.0692 -0.9900 -0.1232 0.0695 -0.9937 -0.0881 0.0697 -0.9962 -0.0529 0.0697 -0.9974 -0.0176 0.0697 -0.9974 0.0176 0.0697 -0.9962 0.0529 0.0695 -0.9937 0.0881 0.0692 -0.9900 0.1232 0.0689 -0.9850 0.1582 0.0684 -0.9788 0.1929 0.0679 -0.9714 0.2274 0.0673 -0.9628 0.2617 0.0666 -0.9530 0.2956 0.0659 -0.9420 0.3291 0.0650 -0.9298 0.3622 0.0641 -0.9165 0.3949 0.0631 -0.9020 0.4271 0.0620 -0.8864 0.4587 0.0608 -0.8697 0.4898 0.0596 -0.8519 0.5202 0.0583 -0.8331 0.5501 0.0569 -0.8132 0.5792 0.0554 -0.7923 0.6076 0.0539 -0.7704 0.6352 0.0523 -0.7476 0.6621 0.0506 -0.7238 0.6881 0.0489 -0.6991 0.7133 0.0471 -0.6736 0.7376 0.0453 -0.6472 0.7610 0.0434 -0.6200 0.7834 0.0414 -0.5920 0.8048 0.0394 -0.5633 0.8253 0.0373 -0.5339 0.8447 0.0352 -0.5039 0.8631 0.0331 -0.4732 0.8804 0.0309 -0.4419 0.8965 0.0287 -0.4100 0.9116 0.0264 -0.3777 0.9256 0.0241 -0.3449 0.9383 0.0218 -0.3116 0.9500 0.0194 -0.2780 0.9604 0.0171 -0.2440 0.9696 0.0147 -0.2097 0.9777 0.0122 -0.1752 0.9845 0.0098 -0.1404 0.9900 0.0074 -0.1054 0.9944 0.0049 -0.0704 0.9975 0.0025 -0.0352 0.9994 0.0037 -0.0351 -0.9994 0.0074 -0.0702 -0.9975 0.0110 -0.1051 -0.9944 0.0147 -0.1400 -0.9900 0.0184 -0.1746 -0.9845 0.0220 -0.2091 -0.9777 0.0256 -0.2432 -0.9696 0.0291 -0.2771 -0.9604 0.0327 -0.3107 -0.9500 0.0361 -0.3438 -0.9383 0.0396 -0.3765 -0.9256 0.0430 -0.4088 -0.9116 0.0463 -0.4405 -0.8965 0.0496 -0.4717 -0.8804 0.0528 -0.5023 -0.8631 0.0559 -0.5323 -0.8447 0.0590 -0.5616 -0.8253 0.0620 -0.5902 -0.8048 0.0650 -0.6181 -0.7834 0.0678 -0.6452 -0.7610 0.0706 -0.6715 -0.7376 0.0733 -0.6970 -0.7133 0.0758 -0.7216 -0.6881 0.0783 -0.7453 -0.6621 0.0807 -0.7681 -0.6352 0.0830 -0.7899 -0.6076 0.0852 -0.8107 -0.5792 0.0873 -0.8306 -0.5501 0.0893 -0.8493 -0.5202 0.0911 -0.8671 -0.4898 0.0929 -0.8837 -0.4587 0.0945 -0.8993 -0.4271 0.0960 -0.9137 -0.3949 0.0974 -0.9270 -0.3622 0.0987 -0.9391 -0.3291 0.0999 -0.9501 -0.2956 0.1009 -0.9599 -0.2617 0.1018 -0.9685 -0.2274 0.1026 -0.9758 -0.1929 0.1032 -0.9820 -0.1582 0.1037 -0.9869 -0.1232 0.1041 -0.9907 -0.0881 0.1044 -0.9931 -0.0529 0.1045 -0.9944 -0.0176 0.1045 -0.9944 0.0176 0.1044 -0.9931 0.0529 0.1041 -0.9907 0.0881 0.1037 -0.9869 0.1232 0.1032 -0.9820 0.1582 0.1026 -0.9758 0.1929 0.1018 -0.9685 0.2274 0.1009 -0.9599 0.2617 0.0999 -0.9501 0.2956 0.0987 -0.9391 0.3291 0.0974 -0.9270 0.3622 0.0960 -0.9137 0.3949 0.0945 -0.8993 0.4271 0.0929 -0.8837 0.4587 0.0911 -0.8671 0.4898 0.0893 -0.8493 0.5202 0.0873 -0.8306 0.5501 0.0852 -0.8107 0.5792 0.0830 -0.7899 0.6076 0.0807 -0.7681 0.6352 0.0783 -0.7453 0.6621 0.0758 -0.7216 0.6881 0.0733 -0.6970 0.7133 0.0706 -0.6715 0.7376 0.0678 -0.6452 0.7610 0.0650 -0.6181 0.7834 0.0620 -0.5902 0.8048 0.0590 -0.5616 0.8253 0.0559 -0.5323 0.8447 0.0528 -0.5023 0.8631 0.0496 -0.4717 0.8804 0.0463 -0.4405 0.8965 0.0430 -0.4088 0.9116 0.0396 -0.3765 0.9256 0.0361 -0.3438 0.9383 0.0327 -0.3107 0.9500 0.0291 -0.2771 0.9604 0.0256 -0.2432 0.9696 0.0220 -0.2091 0.9777 0.0184 -0.1746 0.9845 0.0147 -0.1400 0.9900 0.0110 -0.1051 0.9944 0.0074 -0.0702 0.9975 0.0037 -0.0351 0.9994 0.0049 -0.0349 -0.9994 0.0098 -0.0699 -0.9975 0.0147 -0.1047 -0.9944 0.0196 -0.1394 -0.9900 0.0244 -0.1739 -0.9845 0.0293 -0.2082 -0.9777 0.0340 -0.2422 -0.9696 0.0388 -0.2759 -0.9604 0.0435 -0.3093 -0.9500 0.0481 -0.3423 -0.9383 0.0527 -0.3749 -0.9256 0.0572 -0.4070 -0.9116 0.0616 -0.4386 -0.8965 0.0660 -0.4697 -0.8804 0.0703 -0.5002 -0.8631 0.0745 -0.5300 -0.8447 0.0786 -0.5592 -0.8253 0.0826 -0.5877 -0.8048 0.0865 -0.6155 -0.7834 0.0903 -0.6425 -0.7610 0.0940 -0.6687 -0.7376 0.0975 -0.6940 -0.7133 0.1010 -0.7185 -0.6881 0.1043 -0.7421 -0.6621 0.1075 -0.7648 -0.6352 0.1105 -0.7865 -0.6076 0.1135 -0.8073 -0.5792 0.1162 -0.8270 -0.5501 0.1189 -0.8457 -0.5202 0.1213 -0.8634 -0.4898 0.1237 -0.8799 -0.4587 0.1258 -0.8954 -0.4271 0.1279 -0.9098 -0.3949 0.1297 -0.9230 -0.3622 0.1314 -0.9351 -0.3291 0.1330 -0.9460 -0.2956 0.1343 -0.9558 -0.2617 0.1355 -0.9643 -0.2274 0.1366 -0.9717 -0.1929 0.1374 -0.9778 -0.1582 0.1381 -0.9827 -0.1232 0.1386 -0.9864 -0.0881 0.1390 -0.9889 -0.0529 0.1392 -0.9901 -0.0176 0.1392 -0.9901 0.0176 0.1390 -0.9889 0.0529 0.1386 -0.9864 0.0881 0.1381 -0.9827 0.1232 0.1374 -0.9778 0.1582 0.1366 -0.9717 0.1929 0.1355 -0.9643 0.2274 0.1343 -0.9558 0.2617 0.1330 -0.9460 0.2956 0.1314 -0.9351 0.3291 0.1297 -0.9230 0.3622 0.1279 -0.9098 0.3949 0.1258 -0.8954 0.4271 0.1237 -0.8799 0.4587 0.1213 -0.8634 0.4898 0.1189 -0.8457 0.5202 0.1162 -0.8270 0.5501 0.1135 -0.8073 0.5792 0.1105 -0.7865 0.6076 0.1075 -0.7648 0.6352 0.1043 -0.7421 0.6621 0.1010 -0.7185 0.6881 0.0975 -0.6940 0.7133 0.0940 -0.6687 0.7376 0.0903 -0.6425 0.7610 0.0865 -0.6155 0.7834 0.0826 -0.5877 0.8048 0.0786 -0.5592 0.8253 0.0745 -0.5300 0.8447 0.0703 -0.5002 0.8631 0.0660 -0.4697 0.8804 0.0616 -0.4386 0.8965 0.0572 -0.4070 0.9116 0.0527 -0.3749 0.9256 0.0481 -0.3423 0.9383 0.0435 -0.3093 0.9500 0.0388 -0.2759 0.9604 0.0340 -0.2422 0.9696 0.0293 -0.2082 0.9777 0.0244 -0.1739 0.9845 0.0196 -0.1394 0.9900 0.0147 -0.1047 0.9944 0.0098 -0.0699 0.9975 0.0049 -0.0349 0.9994 0.0061 -0.0348 -0.9994 0.0122 -0.0695 -0.9975 0.0184 -0.1041 -0.9944 0.0244 -0.1386 -0.9900 0.0305 -0.1729 -0.9845 0.0365 -0.2070 -0.9777 0.0425 -0.2409 -0.9696 0.0484 -0.2744 -0.9604 0.0542 -0.3076 -0.9500 0.0600 -0.3405 -0.9383 0.0657 -0.3729 -0.9256 0.0714 -0.4048 -0.9116 0.0769 -0.4362 -0.8965 0.0824 -0.4671 -0.8804 0.0877 -0.4974 -0.8631 0.0929 -0.5271 -0.8447 0.0981 -0.5561 -0.8253 0.1031 -0.5845 -0.8048 0.1079 -0.6121 -0.7834 0.1127 -0.6389 -0.7610 0.1173 -0.6650 -0.7376 0.1217 -0.6902 -0.7133 0.1260 -0.7146 -0.6881 0.1301 -0.7380 -0.6621 0.1341 -0.7606 -0.6352 0.1379 -0.7822 -0.6076 0.1416 -0.8028 -0.5792 0.1450 -0.8224 -0.5501 0.1483 -0.8410 -0.5202 0.1514 -0.8586 -0.4898 0.1543 -0.8751 -0.4587 0.1570 -0.8905 -0.4271 0.1595 -0.9048 -0.3949 0.1619 -0.9179 -0.3622 0.1640 -0.9300 -0.3291 0.1659 -0.9408 -0.2956 0.1676 -0.9505 -0.2617 0.1691 -0.9590 -0.2274 0.1704 -0.9663 -0.1929 0.1715 -0.9724 -0.1582 0.1723 -0.9773 -0.1232 0.1730 -0.9810 -0.0881 0.1734 -0.9834 -0.0529 0.1736 -0.9847 -0.0176 0.1736 -0.9847 0.0176 0.1734 -0.9834 0.0529 0.1730 -0.9810 0.0881 0.1723 -0.9773 0.1232 0.1715 -0.9724 0.1582 0.1704 -0.9663 0.1929 0.1691 -0.9590 0.2274 0.1676 -0.9505 0.2617 0.1659 -0.9408 0.2956 0.1640 -0.9300 0.3291 0.1619 -0.9179 0.3622 0.1595 -0.9048 0.3949 0.1570 -0.8905 0.4271 0.1543 -0.8751 0.4587 0.1514 -0.8586 0.4898 0.1483 -0.8410 0.5202 0.1450 -0.8224 0.5501 0.1416 -0.8028 0.5792 0.1379 -0.7822 0.6076 0.1341 -0.7606 0.6352 0.1301 -0.7380 0.6621 0.1260 -0.7146 0.6881 0.1217 -0.6902 0.7133 0.1173 -0.6650 0.7376 0.1127 -0.6389 0.7610 0.1079 -0.6121 0.7834 0.1031 -0.5845 0.8048 0.0981 -0.5561 0.8253 0.0929 -0.5271 0.8447 0.0877 -0.4974 0.8631 0.0824 -0.4671 0.8804 0.0769 -0.4362 0.8965 0.0714 -0.4048 0.9116 0.0657 -0.3729 0.9256 0.0600 -0.3405 0.9383 0.0542 -0.3076 0.9500 0.0484 -0.2744 0.9604 0.0425 -0.2409 0.9696 0.0365 -0.2070 0.9777 0.0305 -0.1729 0.9845 0.0244 -0.1386 0.9900 0.0184 -0.1041 0.9944 0.0122 -0.0695 0.9975 0.0061 -0.0348 0.9994 0.0073 -0.0345 -0.9994 0.0147 -0.0690 -0.9975 0.0220 -0.1034 -0.9944 0.0293 -0.1377 -0.9900 0.0365 -0.1717 -0.9845 0.0437 -0.2056 -0.9777 0.0509 -0.2392 -0.9696 0.0579 -0.2726 -0.9604 0.0649 -0.3055 -0.9500 0.0719 -0.3381 -0.9383 0.0787 -0.3703 -0.9256 0.0855 -0.4020 -0.9116 0.0921 -0.4333 -0.8965 0.0986 -0.4639 -0.8804 0.1050 -0.4940 -0.8631 0.1113 -0.5235 -0.8447 0.1174 -0.5524 -0.8253 0.1234 -0.5805 -0.8048 0.1292 -0.6079 -0.7834 0.1349 -0.6346 -0.7610 0.1404 -0.6605 -0.7376 0.1457 -0.6855 -0.7133 0.1509 -0.7097 -0.6881 0.1558 -0.7330 -0.6621 0.1606 -0.7554 -0.6352 0.1651 -0.7769 -0.6076 0.1695 -0.7974 -0.5792 0.1736 -0.8169 -0.5501 0.1776 -0.8354 -0.5202 0.1813 -0.8528 -0.4898 0.1847 -0.8692 -0.4587 0.1880 -0.8845 -0.4271 0.1910 -0.8987 -0.3949 0.1938 -0.9117 -0.3622 0.1963 -0.9237 -0.3291 0.1986 -0.9344 -0.2956 0.2007 -0.9441 -0.2617 0.2025 -0.9525 -0.2274 0.2040 -0.9598 -0.1929 0.2053 -0.9658 -0.1582 0.2063 -0.9707 -0.1232 0.2071 -0.9743 -0.0881 0.2076 -0.9768 -0.0529 0.2079 -0.9780 -0.0176 0.2079 -0.9780 0.0176 0.2076 -0.9768 0.0529 0.2071 -0.9743 0.0881 0.2063 -0.9707 0.1232 0.2053 -0.9658 0.1582 0.2040 -0.9598 0.1929 0.2025 -0.9525 0.2274 0.2007 -0.9441 0.2617 0.1986 -0.9344 0.2956 0.1963 -0.9237 0.3291 0.1938 -0.9117 0.3622 0.1910 -0.8987 0.3949 0.1880 -0.8845 0.4271 0.1847 -0.8692 0.4587 0.1813 -0.8528 0.4898 0.1776 -0.8354 0.5202 0.1736 -0.8169 0.5501 0.1695 -0.7974 0.5792 0.1651 -0.7769 0.6076 0.1606 -0.7554 0.6352 0.1558 -0.7330 0.6621 0.1509 -0.7097 0.6881 0.1457 -0.6855 0.7133 0.1404 -0.6605 0.7376 0.1349 -0.6346 0.7610 0.1292 -0.6079 0.7834 0.1234 -0.5805 0.8048 0.1174 -0.5524 0.8253 0.1113 -0.5235 0.8447 0.1050 -0.4940 0.8631 0.0986 -0.4639 0.8804 0.0921 -0.4333 0.8965 0.0855 -0.4020 0.9116 0.0787 -0.3703 0.9256 0.0719 -0.3381 0.9383 0.0649 -0.3055 0.9500 0.0579 -0.2726 0.9604 0.0509 -0.2392 0.9696 0.0437 -0.2056 0.9777 0.0365 -0.1717 0.9845 0.0293 -0.1377 0.9900 0.0220 -0.1034 0.9944 0.0147 -0.0690 0.9975 0.0073 -0.0345 0.9994 0.0085 -0.0342 -0.9994 0.0171 -0.0684 -0.9975 0.0256 -0.1026 -0.9944 0.0340 -0.1365 -0.9900 0.0425 -0.1704 -0.9845 0.0509 -0.2040 -0.9777 0.0592 -0.2373 -0.9696 0.0674 -0.2704 -0.9604 0.0756 -0.3031 -0.9500 0.0836 -0.3354 -0.9383 0.0916 -0.3674 -0.9256 0.0994 -0.3988 -0.9116 0.1072 -0.4298 -0.8965 0.1147 -0.4602 -0.8804 0.1222 -0.4901 -0.8631 0.1295 -0.5193 -0.8447 0.1366 -0.5479 -0.8253 0.1436 -0.5759 -0.8048 0.1504 -0.6031 -0.7834 0.1570 -0.6295 -0.7610 0.1634 -0.6552 -0.7376 0.1695 -0.6800 -0.7133 0.1755 -0.7040 -0.6881 0.1813 -0.7271 -0.6621 0.1868 -0.7494 -0.6352 0.1921 -0.7707 -0.6076 0.1972 -0.7910 -0.5792 0.2020 -0.8103 -0.5501 0.2066 -0.8287 -0.5202 0.2109 -0.8460 -0.4898 0.2150 -0.8622 -0.4587 0.2188 -0.8774 -0.4271 0.2223 -0.8914 -0.3949 0.2255 -0.9044 -0.3622 0.2284 -0.9162 -0.3291 0.2311 -0.9269 -0.2956 0.2335 -0.9365 -0.2617 0.2356 -0.9449 -0.2274 0.2374 -0.9521 -0.1929 0.2389 -0.9581 -0.1582 0.2401 -0.9629 -0.1232 0.2410 -0.9665 -0.0881 0.2416 -0.9689 -0.0529 0.2419 -0.9701 -0.0176 0.2419 -0.9701 0.0176 0.2416 -0.9689 0.0529 0.2410 -0.9665 0.0881 0.2401 -0.9629 0.1232 0.2389 -0.9581 0.1582 0.2374 -0.9521 0.1929 0.2356 -0.9449 0.2274 0.2335 -0.9365 0.2617 0.2311 -0.9269 0.2956 0.2284 -0.9162 0.3291 0.2255 -0.9044 0.3622 0.2223 -0.8914 0.3949 0.2188 -0.8774 0.4271 0.2150 -0.8622 0.4587 0.2109 -0.8460 0.4898 0.2066 -0.8287 0.5202 0.2020 -0.8103 0.5501 0.1972 -0.7910 0.5792 0.1921 -0.7707 0.6076 0.1868 -0.7494 0.6352 0.1813 -0.7271 0.6621 0.1755 -0.7040 0.6881 0.1695 -0.6800 0.7133 0.1634 -0.6552 0.7376 0.1570 -0.6295 0.7610 0.1504 -0.6031 0.7834 0.1436 -0.5759 0.8048 0.1366 -0.5479 0.8253 0.1295 -0.5193 0.8447 0.1222 -0.4901 0.8631 0.1147 -0.4602 0.8804 0.1072 -0.4298 0.8965 0.0994 -0.3988 0.9116 0.0916 -0.3674 0.9256 0.0836 -0.3354 0.9383 0.0756 -0.3031 0.9500 0.0674 -0.2704 0.9604 0.0592 -0.2373 0.9696 0.0509 -0.2040 0.9777 0.0425 -0.1704 0.9845 0.0340 -0.1365 0.9900 0.0256 -0.1026 0.9944 0.0171 -0.0684 0.9975 0.0085 -0.0342 0.9994 0.0097 -0.0339 -0.9994 0.0194 -0.0678 -0.9975 0.0291 -0.1016 -0.9944 0.0388 -0.1353 -0.9900 0.0484 -0.1688 -0.9845 0.0579 -0.2021 -0.9777 0.0674 -0.2351 -0.9696 0.0768 -0.2679 -0.9604 0.0861 -0.3003 -0.9500 0.0953 -0.3323 -0.9383 0.1044 -0.3639 -0.9256 0.1133 -0.3951 -0.9116 0.1221 -0.4258 -0.8965 0.1307 -0.4559 -0.8804 0.1392 -0.4855 -0.8631 0.1475 -0.5145 -0.8447 0.1557 -0.5428 -0.8253 0.1636 -0.5705 -0.8048 0.1713 -0.5974 -0.7834 0.1788 -0.6236 -0.7610 0.1861 -0.6491 -0.7376 0.1932 -0.6737 -0.7133 0.2000 -0.6975 -0.6881 0.2066 -0.7204 -0.6621 0.2129 -0.7424 -0.6352 0.2189 -0.7635 -0.6076 0.2247 -0.7836 -0.5792 0.2302 -0.8028 -0.5501 0.2354 -0.8209 -0.5202 0.2403 -0.8381 -0.4898 0.2449 -0.8542 -0.4587 0.2492 -0.8692 -0.4271 0.2532 -0.8831 -0.3949 0.2569 -0.8960 -0.3622 0.2603 -0.9077 -0.3291 0.2633 -0.9183 -0.2956 0.2660 -0.9278 -0.2617 0.2684 -0.9361 -0.2274 0.2705 -0.9432 -0.1929 0.2722 -0.9492 -0.1582 0.2735 -0.9539 -0.1232 0.2746 -0.9575 -0.0881 0.2753 -0.9599 -0.0529 0.2756 -0.9611 -0.0176 0.2756 -0.9611 0.0176 0.2753 -0.9599 0.0529 0.2746 -0.9575 0.0881 0.2735 -0.9539 0.1232 0.2722 -0.9492 0.1582 0.2705 -0.9432 0.1929 0.2684 -0.9361 0.2274 0.2660 -0.9278 0.2617 0.2633 -0.9183 0.2956 0.2603 -0.9077 0.3291 0.2569 -0.8960 0.3622 0.2532 -0.8831 0.3949 0.2492 -0.8692 0.4271 0.2449 -0.8542 0.4587 0.2403 -0.8381 0.4898 0.2354 -0.8209 0.5202 0.2302 -0.8028 0.5501 0.2247 -0.7836 0.5792 0.2189 -0.7635 0.6076 0.2129 -0.7424 0.6352 0.2066 -0.7204 0.6621 0.2000 -0.6975 0.6881 0.1932 -0.6737 0.7133 0.1861 -0.6491 0.7376 0.1788 -0.6236 0.7610 0.1713 -0.5974 0.7834 0.1636 -0.5705 0.8048 0.1557 -0.5428 0.8253 0.1475 -0.5145 0.8447 0.1392 -0.4855 0.8631 0.1307 -0.4559 0.8804 0.1221 -0.4258 0.8965 0.1133 -0.3951 0.9116 0.1044 -0.3639 0.9256 0.0953 -0.3323 0.9383 0.0861 -0.3003 0.9500 0.0768 -0.2679 0.9604 0.0674 -0.2351 0.9696 0.0579 -0.2021 0.9777 0.0484 -0.1688 0.9845 0.0388 -0.1353 0.9900 0.0291 -0.1016 0.9944 0.0194 -0.0678 0.9975 0.0097 -0.0339 0.9994 0.0109 -0.0336 -0.9994 0.0218 -0.0671 -0.9975 0.0327 -0.1005 -0.9944 0.0435 -0.1338 -0.9900 0.0543 -0.1670 -0.9845 0.0650 -0.1999 -0.9777 0.0756 -0.2326 -0.9696 0.0861 -0.2650 -0.9604 0.0965 -0.2971 -0.9500 0.1068 -0.3288 -0.9383 0.1170 -0.3601 -0.9256 0.1270 -0.3909 -0.9116 0.1369 -0.4213 -0.8965 0.1466 -0.4511 -0.8804 0.1561 -0.4804 -0.8631 0.1654 -0.5090 -0.8447 0.1745 -0.5371 -0.8253 0.1834 -0.5644 -0.8048 0.1921 -0.5911 -0.7834 0.2005 -0.6170 -0.7610 0.2087 -0.6422 -0.7376 0.2166 -0.6665 -0.7133 0.2242 -0.6901 -0.6881 0.2316 -0.7127 -0.6621 0.2387 -0.7345 -0.6352 0.2454 -0.7554 -0.6076 0.2519 -0.7753 -0.5792 0.2581 -0.7943 -0.5501 0.2639 -0.8122 -0.5202 0.2694 -0.8292 -0.4898 0.2746 -0.8451 -0.4587 0.2794 -0.8600 -0.4271 0.2839 -0.8738 -0.3949 0.2880 -0.8865 -0.3622 0.2918 -0.8981 -0.3291 0.2952 -0.9086 -0.2956 0.2983 -0.9179 -0.2617 0.3009 -0.9261 -0.2274 0.3032 -0.9332 -0.1929 0.3051 -0.9391 -0.1582 0.3067 -0.9438 -0.1232 0.3078 -0.9474 -0.0881 0.3086 -0.9497 -0.0529 0.3090 -0.9509 -0.0176 0.3090 -0.9509 0.0176 0.3086 -0.9497 0.0529 0.3078 -0.9474 0.0881 0.3067 -0.9438 0.1232 0.3051 -0.9391 0.1582 0.3032 -0.9332 0.1929 0.3009 -0.9261 0.2274 0.2983 -0.9179 0.2617 0.2952 -0.9086 0.2956 0.2918 -0.8981 0.3291 0.2880 -0.8865 0.3622 0.2839 -0.8738 0.3949 0.2794 -0.8600 0.4271 0.2746 -0.8451 0.4587 0.2694 -0.8292 0.4898 0.2639 -0.8122 0.5202 0.2581 -0.7943 0.5501 0.2519 -0.7753 0.5792 0.2454 -0.7554 0.6076 0.2387 -0.7345 0.6352 0.2316 -0.7127 0.6621 0.2242 -0.6901 0.6881 0.2166 -0.6665 0.7133 0.2087 -0.6422 0.7376 0.2005 -0.6170 0.7610 0.1921 -0.5911 0.7834 0.1834 -0.5644 0.8048 0.1745 -0.5371 0.8253 0.1654 -0.5090 0.8447 0.1561 -0.4804 0.8631 0.1466 -0.4511 0.8804 0.1369 -0.4213 0.8965 0.1270 -0.3909 0.9116 0.1170 -0.3601 0.9256 0.1068 -0.3288 0.9383 0.0965 -0.2971 0.9500 0.0861 -0.2650 0.9604 0.0756 -0.2326 0.9696 0.0650 -0.1999 0.9777 0.0543 -0.1670 0.9845 0.0435 -0.1338 0.9900 0.0327 -0.1005 0.9944 0.0218 -0.0671 0.9975 0.0109 -0.0336 0.9994 0.0121 -0.0332 -0.9994 0.0241 -0.0663 -0.9975 0.0362 -0.0993 -0.9944 0.0481 -0.1322 -0.9900 0.0601 -0.1650 -0.9845 0.0719 -0.1975 -0.9777 0.0837 -0.2298 -0.9696 0.0953 -0.2618 -0.9604 0.1068 -0.2935 -0.9500 0.1182 -0.3249 -0.9383 0.1295 -0.3558 -0.9256 0.1406 -0.3862 -0.9116 0.1515 -0.4162 -0.8965 0.1622 -0.4457 -0.8804 0.1727 -0.4746 -0.8631 0.1831 -0.5030 -0.8447 0.1931 -0.5307 -0.8253 0.2030 -0.5577 -0.8048 0.2126 -0.5840 -0.7834 0.2219 -0.6097 -0.7610 0.2309 -0.6345 -0.7376 0.2397 -0.6586 -0.7133 0.2482 -0.6818 -0.6881 0.2563 -0.7042 -0.6621 0.2641 -0.7257 -0.6352 0.2716 -0.7463 -0.6076 0.2788 -0.7660 -0.5792 0.2856 -0.7848 -0.5501 0.2921 -0.8025 -0.5202 0.2982 -0.8193 -0.4898 0.3039 -0.8350 -0.4587 0.3093 -0.8497 -0.4271 0.3142 -0.8633 -0.3949 0.3188 -0.8759 -0.3622 0.3230 -0.8874 -0.3291 0.3267 -0.8977 -0.2956 0.3301 -0.9070 -0.2617 0.3331 -0.9151 -0.2274 0.3356 -0.9220 -0.1929 0.3377 -0.9279 -0.1582 0.3394 -0.9325 -0.1232 0.3407 -0.9360 -0.0881 0.3415 -0.9384 -0.0529 0.3420 -0.9395 -0.0176 0.3420 -0.9395 0.0176 0.3415 -0.9384 0.0529 0.3407 -0.9360 0.0881 0.3394 -0.9325 0.1232 0.3377 -0.9279 0.1582 0.3356 -0.9220 0.1929 0.3331 -0.9151 0.2274 0.3301 -0.9070 0.2617 0.3267 -0.8977 0.2956 0.3230 -0.8874 0.3291 0.3188 -0.8759 0.3622 0.3142 -0.8633 0.3949 0.3093 -0.8497 0.4271 0.3039 -0.8350 0.4587 0.2982 -0.8193 0.4898 0.2921 -0.8025 0.5202 0.2856 -0.7848 0.5501 0.2788 -0.7660 0.5792 0.2716 -0.7463 0.6076 0.2641 -0.7257 0.6352 0.2563 -0.7042 0.6621 0.2482 -0.6818 0.6881 0.2397 -0.6586 0.7133 0.2309 -0.6345 0.7376 0.2219 -0.6097 0.7610 0.2126 -0.5840 0.7834 0.2030 -0.5577 0.8048 0.1931 -0.5307 0.8253 0.1831 -0.5030 0.8447 0.1727 -0.4746 0.8631 0.1622 -0.4457 0.8804 0.1515 -0.4162 0.8965 0.1406 -0.3862 0.9116 0.1295 -0.3558 0.9256 0.1182 -0.3249 0.9383 0.1068 -0.2935 0.9500 0.0953 -0.2618 0.9604 0.0837 -0.2298 0.9696 0.0719 -0.1975 0.9777 0.0601 -0.1650 0.9845 0.0481 -0.1322 0.9900 0.0362 -0.0993 0.9944 0.0241 -0.0663 0.9975 0.0121 -0.0332 0.9994 0.0132 -0.0327 -0.9994 0.0264 -0.0654 -0.9975 0.0396 -0.0980 -0.9944 0.0527 -0.1305 -0.9900 0.0658 -0.1628 -0.9845 0.0787 -0.1949 -0.9777 0.0916 -0.2268 -0.9696 0.1044 -0.2584 -0.9604 0.1170 -0.2896 -0.9500 0.1295 -0.3205 -0.9383 0.1418 -0.3510 -0.9256 0.1540 -0.3811 -0.9116 0.1659 -0.4107 -0.8965 0.1777 -0.4398 -0.8804 0.1892 -0.4683 -0.8631 0.2005 -0.4963 -0.8447 0.2115 -0.5236 -0.8253 0.2223 -0.5503 -0.8048 0.2328 -0.5763 -0.7834 0.2430 -0.6015 -0.7610 0.2529 -0.6261 -0.7376 0.2625 -0.6498 -0.7133 0.2718 -0.6727 -0.6881 0.2807 -0.6948 -0.6621 0.2893 -0.7161 -0.6352 0.2975 -0.7364 -0.6076 0.3054 -0.7558 -0.5792 0.3128 -0.7743 -0.5501 0.3199 -0.7918 -0.5202 0.3266 -0.8084 -0.4898 0.3329 -0.8239 -0.4587 0.3387 -0.8384 -0.4271 0.3442 -0.8518 -0.3949 0.3492 -0.8642 -0.3622 0.3537 -0.8755 -0.3291 0.3579 -0.8858 -0.2956 0.3616 -0.8949 -0.2617 0.3648 -0.9029 -0.2274 0.3676 -0.9098 -0.1929 0.3699 -0.9155 -0.1582 0.3718 -0.9201 -0.1232 0.3731 -0.9236 -0.0881 0.3741 -0.9259 -0.0529 0.3745 -0.9270 -0.0176 0.3745 -0.9270 0.0176 0.3741 -0.9259 0.0529 0.3731 -0.9236 0.0881 0.3718 -0.9201 0.1232 0.3699 -0.9155 0.1582 0.3676 -0.9098 0.1929 0.3648 -0.9029 0.2274 0.3616 -0.8949 0.2617 0.3579 -0.8858 0.2956 0.3537 -0.8755 0.3291 0.3492 -0.8642 0.3622 0.3442 -0.8518 0.3949 0.3387 -0.8384 0.4271 0.3329 -0.8239 0.4587 0.3266 -0.8084 0.4898 0.3199 -0.7918 0.5202 0.3128 -0.7743 0.5501 0.3054 -0.7558 0.5792 0.2975 -0.7364 0.6076 0.2893 -0.7161 0.6352 0.2807 -0.6948 0.6621 0.2718 -0.6727 0.6881 0.2625 -0.6498 0.7133 0.2529 -0.6261 0.7376 0.2430 -0.6015 0.7610 0.2328 -0.5763 0.7834 0.2223 -0.5503 0.8048 0.2115 -0.5236 0.8253 0.2005 -0.4963 0.8447 0.1892 -0.4683 0.8631 0.1777 -0.4398 0.8804 0.1659 -0.4107 0.8965 0.1540 -0.3811 0.9116 0.1418 -0.3510 0.9256 0.1295 -0.3205 0.9383 0.1170 -0.2896 0.9500 0.1044 -0.2584 0.9604 0.0916 -0.2268 0.9696 0.0787 -0.1949 0.9777 0.0658 -0.1628 0.9845 0.0527 -0.1305 0.9900 0.0396 -0.0980 0.9944 0.0264 -0.0654 0.9975 0.0132 -0.0327 0.9994 0.0144 -0.0322 -0.9994 0.0287 -0.0644 -0.9975 0.0430 -0.0966 -0.9944 0.0572 -0.1286 -0.9900 0.0714 -0.1604 -0.9845 0.0855 -0.1920 -0.9777 0.0995 -0.2234 -0.9696 0.1133 -0.2546 -0.9604 0.1271 -0.2854 -0.9500 0.1406 -0.3158 -0.9383 0.1540 -0.3459 -0.9256 0.1672 -0.3755 -0.9116 0.1802 -0.4047 -0.8965 0.1929 -0.4333 -0.8804 0.2054 -0.4614 -0.8631 0.2177 -0.4890 -0.8447 0.2297 -0.5159 -0.8253 0.2414 -0.5422 -0.8048 0.2528 -0.5678 -0.7834 0.2639 -0.5927 -0.7610 0.2746 -0.6169 -0.7376 0.2851 -0.6402 -0.7133 0.2951 -0.6628 -0.6881 0.3048 -0.6846 -0.6621 0.3141 -0.7055 -0.6352 0.3230 -0.7256 -0.6076 0.3316 -0.7447 -0.5792 0.3397 -0.7629 -0.5501 0.3474 -0.7802 -0.5202 0.3546 -0.7965 -0.4898 0.3614 -0.8118 -0.4587 0.3678 -0.8261 -0.4271 0.3737 -0.8393 -0.3949 0.3791 -0.8515 -0.3622 0.3841 -0.8627 -0.3291 0.3886 -0.8727 -0.2956 0.3926 -0.8817 -0.2617 0.3961 -0.8896 -0.2274 0.3991 -0.8964 -0.1929 0.4016 -0.9020 -0.1582 0.4036 -0.9066 -0.1232 0.4052 -0.9100 -0.0881 0.4062 -0.9123 -0.0529 0.4067 -0.9134 -0.0176 0.4067 -0.9134 0.0176 0.4062 -0.9123 0.0529 0.4052 -0.9100 0.0881 0.4036 -0.9066 0.1232 0.4016 -0.9020 0.1582 0.3991 -0.8964 0.1929 0.3961 -0.8896 0.2274 0.3926 -0.8817 0.2617 0.3886 -0.8727 0.2956 0.3841 -0.8627 0.3291 0.3791 -0.8515 0.3622 0.3737 -0.8393 0.3949 0.3678 -0.8261 0.4271 0.3614 -0.8118 0.4587 0.3546 -0.7965 0.4898 0.3474 -0.7802 0.5202 0.3397 -0.7629 0.5501 0.3316 -0.7447 0.5792 0.3230 -0.7256 0.6076 0.3141 -0.7055 0.6352 0.3048 -0.6846 0.6621 0.2951 -0.6628 0.6881 0.2851 -0.6402 0.7133 0.2746 -0.6169 0.7376 0.2639 -0.5927 0.7610 0.2528 -0.5678 0.7834 0.2414 -0.5422 0.8048 0.2297 -0.5159 0.8253 0.2177 -0.4890 0.8447 0.2054 -0.4614 0.8631 0.1929 -0.4333 0.8804 0.1802 -0.4047 0.8965 0.1672 -0.3755 0.9116 0.1540 -0.3459 0.9256 0.1406 -0.3158 0.9383 0.1271 -0.2854 0.9500 0.1133 -0.2546 0.9604 0.0995 -0.2234 0.9696 0.0855 -0.1920 0.9777 0.0714 -0.1604 0.9845 0.0572 -0.1286 0.9900 0.0430 -0.0966 0.9944 0.0287 -0.0644 0.9975 0.0144 -0.0322 0.9994 0.0155 -0.0317 -0.9994 0.0309 -0.0634 -0.9975 0.0463 -0.0950 -0.9944 0.0617 -0.1265 -0.9900 0.0770 -0.1578 -0.9845 0.0922 -0.1889 -0.9777 0.1072 -0.2198 -0.9696 0.1222 -0.2505 -0.9604 0.1369 -0.2808 -0.9500 0.1515 -0.3107 -0.9383 0.1660 -0.3403 -0.9256 0.1802 -0.3694 -0.9116 0.1942 -0.3981 -0.8965 0.2079 -0.4263 -0.8804 0.2214 -0.4540 -0.8631 0.2346 -0.4811 -0.8447 0.2476 -0.5076 -0.8253 0.2602 -0.5334 -0.8048 0.2725 -0.5586 -0.7834 0.2844 -0.5831 -0.7610 0.2960 -0.6069 -0.7376 0.3072 -0.6299 -0.7133 0.3181 -0.6521 -0.6881 0.3285 -0.6736 -0.6621 0.3386 -0.6941 -0.6352 0.3482 -0.7139 -0.6076 0.3574 -0.7327 -0.5792 0.3661 -0.7506 -0.5501 0.3744 -0.7676 -0.5202 0.3822 -0.7836 -0.4898 0.3895 -0.7987 -0.4587 0.3964 -0.8127 -0.4271 0.4027 -0.8258 -0.3949 0.4086 -0.8378 -0.3622 0.4140 -0.8487 -0.3291 0.4188 -0.8586 -0.2956 0.4231 -0.8675 -0.2617 0.4269 -0.8752 -0.2274 0.4301 -0.8819 -0.1929 0.4329 -0.8875 -0.1582 0.4350 -0.8919 -0.1232 0.4367 -0.8953 -0.0881 0.4378 -0.8975 -0.0529 0.4383 -0.8987 -0.0176 0.4383 -0.8987 0.0176 0.4378 -0.8975 0.0529 0.4367 -0.8953 0.0881 0.4350 -0.8919 0.1232 0.4329 -0.8875 0.1582 0.4301 -0.8819 0.1929 0.4269 -0.8752 0.2274 0.4231 -0.8675 0.2617 0.4188 -0.8586 0.2956 0.4140 -0.8487 0.3291 0.4086 -0.8378 0.3622 0.4027 -0.8258 0.3949 0.3964 -0.8127 0.4271 0.3895 -0.7987 0.4587 0.3822 -0.7836 0.4898 0.3744 -0.7676 0.5202 0.3661 -0.7506 0.5501 0.3574 -0.7327 0.5792 0.3482 -0.7139 0.6076 0.3386 -0.6941 0.6352 0.3285 -0.6736 0.6621 0.3181 -0.6521 0.6881 0.3072 -0.6299 0.7133 0.2960 -0.6069 0.7376 0.2844 -0.5831 0.7610 0.2725 -0.5586 0.7834 0.2602 -0.5334 0.8048 0.2476 -0.5076 0.8253 0.2346 -0.4811 0.8447 0.2214 -0.4540 0.8631 0.2079 -0.4263 0.8804 0.1942 -0.3981 0.8965 0.1802 -0.3694 0.9116 0.1660 -0.3403 0.9256 0.1515 -0.3107 0.9383 0.1369 -0.2808 0.9500 0.1222 -0.2505 0.9604 0.1072 -0.2198 0.9696 0.0922 -0.1889 0.9777 0.0770 -0.1578 0.9845 0.0617 -0.1265 0.9900 0.0463 -0.0950 0.9944 0.0309 -0.0634 0.9975 0.0155 -0.0317 0.9994 0.0166 -0.0312 -0.9994 0.0331 -0.0623 -0.9975 0.0496 -0.0933 -0.9944 0.0661 -0.1243 -0.9900 0.0824 -0.1550 -0.9845 0.0987 -0.1856 -0.9777 0.1148 -0.2160 -0.9696 0.1308 -0.2460 -0.9604 0.1466 -0.2758 -0.9500 0.1623 -0.3052 -0.9383 0.1777 -0.3343 -0.9256 0.1930 -0.3629 -0.9116 0.2080 -0.3911 -0.8965 0.2227 -0.4188 -0.8804 0.2371 -0.4460 -0.8631 0.2513 -0.4726 -0.8447 0.2651 -0.4986 -0.8253 0.2786 -0.5240 -0.8048 0.2918 -0.5488 -0.7834 0.3046 -0.5728 -0.7610 0.3170 -0.5962 -0.7376 0.3290 -0.6188 -0.7133 0.3406 -0.6406 -0.6881 0.3518 -0.6617 -0.6621 0.3626 -0.6819 -0.6352 0.3729 -0.7013 -0.6076 0.3827 -0.7198 -0.5792 0.3921 -0.7374 -0.5501 0.4009 -0.7541 -0.5202 0.4093 -0.7698 -0.4898 0.4172 -0.7846 -0.4587 0.4245 -0.7984 -0.4271 0.4313 -0.8112 -0.3949 0.4376 -0.8230 -0.3622 0.4433 -0.8338 -0.3291 0.4485 -0.8435 -0.2956 0.4531 -0.8522 -0.2617 0.4572 -0.8598 -0.2274 0.4607 -0.8664 -0.1929 0.4636 -0.8718 -0.1582 0.4659 -0.8762 -0.1232 0.4676 -0.8795 -0.0881 0.4688 -0.8817 -0.0529 0.4694 -0.8828 -0.0176 0.4694 -0.8828 0.0176 0.4688 -0.8817 0.0529 0.4676 -0.8795 0.0881 0.4659 -0.8762 0.1232 0.4636 -0.8718 0.1582 0.4607 -0.8664 0.1929 0.4572 -0.8598 0.2274 0.4531 -0.8522 0.2617 0.4485 -0.8435 0.2956 0.4433 -0.8338 0.3291 0.4376 -0.8230 0.3622 0.4313 -0.8112 0.3949 0.4245 -0.7984 0.4271 0.4172 -0.7846 0.4587 0.4093 -0.7698 0.4898 0.4009 -0.7541 0.5202 0.3921 -0.7374 0.5501 0.3827 -0.7198 0.5792 0.3729 -0.7013 0.6076 0.3626 -0.6819 0.6352 0.3518 -0.6617 0.6621 0.3406 -0.6406 0.6881 0.3290 -0.6188 0.7133 0.3170 -0.5962 0.7376 0.3046 -0.5728 0.7610 0.2918 -0.5488 0.7834 0.2786 -0.5240 0.8048 0.2651 -0.4986 0.8253 0.2513 -0.4726 0.8447 0.2371 -0.4460 0.8631 0.2227 -0.4188 0.8804 0.2080 -0.3911 0.8965 0.1930 -0.3629 0.9116 0.1777 -0.3343 0.9256 0.1623 -0.3052 0.9383 0.1466 -0.2758 0.9500 0.1308 -0.2460 0.9604 0.1148 -0.2160 0.9696 0.0987 -0.1856 0.9777 0.0824 -0.1550 0.9845 0.0661 -0.1243 0.9900 0.0496 -0.0933 0.9944 0.0331 -0.0623 0.9975 0.0166 -0.0312 0.9994 0.0176 -0.0306 -0.9994 0.0353 -0.0611 -0.9975 0.0528 -0.0915 -0.9944 0.0704 -0.1219 -0.9900 0.0878 -0.1521 -0.9845 0.1051 -0.1820 -0.9777 0.1223 -0.2118 -0.9696 0.1393 -0.2413 -0.9604 0.1562 -0.2705 -0.9500 0.1729 -0.2994 -0.9383 0.1893 -0.3279 -0.9256 0.2055 -0.3560 -0.9116 0.2215 -0.3836 -0.8965 0.2372 -0.4108 -0.8804 0.2525 -0.4374 -0.8631 0.2676 -0.4635 -0.8447 0.2824 -0.4891 -0.8253 0.2967 -0.5140 -0.8048 0.3108 -0.5382 -0.7834 0.3244 -0.5619 -0.7610 0.3376 -0.5848 -0.7376 0.3504 -0.6069 -0.7133 0.3628 -0.6284 -0.6881 0.3747 -0.6490 -0.6621 0.3862 -0.6688 -0.6352 0.3971 -0.6878 -0.6076 0.4076 -0.7060 -0.5792 0.4176 -0.7232 -0.5501 0.4270 -0.7396 -0.5202 0.4359 -0.7550 -0.4898 0.4443 -0.7695 -0.4587 0.4521 -0.7831 -0.4271 0.4594 -0.7956 -0.3949 0.4660 -0.8072 -0.3622 0.4721 -0.8178 -0.3291 0.4777 -0.8273 -0.2956 0.4826 -0.8359 -0.2617 0.4869 -0.8433 -0.2274 0.4906 -0.8498 -0.1929 0.4937 -0.8551 -0.1582 0.4962 -0.8594 -0.1232 0.4981 -0.8627 -0.0881 0.4993 -0.8648 -0.0529 0.4999 -0.8659 -0.0176 0.4999 -0.8659 0.0176 0.4993 -0.8648 0.0529 0.4981 -0.8627 0.0881 0.4962 -0.8594 0.1232 0.4937 -0.8551 0.1582 0.4906 -0.8498 0.1929 0.4869 -0.8433 0.2274 0.4826 -0.8359 0.2617 0.4777 -0.8273 0.2956 0.4721 -0.8178 0.3291 0.4660 -0.8072 0.3622 0.4594 -0.7956 0.3949 0.4521 -0.7831 0.4271 0.4443 -0.7695 0.4587 0.4359 -0.7550 0.4898 0.4270 -0.7396 0.5202 0.4176 -0.7232 0.5501 0.4076 -0.7060 0.5792 0.3971 -0.6878 0.6076 0.3862 -0.6688 0.6352 0.3747 -0.6490 0.6621 0.3628 -0.6284 0.6881 0.3504 -0.6069 0.7133 0.3376 -0.5848 0.7376 0.3244 -0.5619 0.7610 0.3108 -0.5382 0.7834 0.2967 -0.5140 0.8048 0.2824 -0.4891 0.8253 0.2676 -0.4635 0.8447 0.2525 -0.4374 0.8631 0.2372 -0.4108 0.8804 0.2215 -0.3836 0.8965 0.2055 -0.3560 0.9116 0.1893 -0.3279 0.9256 0.1729 -0.2994 0.9383 0.1562 -0.2705 0.9500 0.1393 -0.2413 0.9604 0.1223 -0.2118 0.9696 0.1051 -0.1820 0.9777 0.0878 -0.1521 0.9845 0.0704 -0.1219 0.9900 0.0528 -0.0915 0.9944 0.0353 -0.0611 0.9975 0.0176 -0.0306 0.9994 0.0187 -0.0299 -0.9994 0.0374 -0.0598 -0.9975 0.0560 -0.0896 -0.9944 0.0746 -0.1193 -0.9900 0.0930 -0.1489 -0.9845 0.1114 -0.1783 -0.9777 0.1296 -0.2074 -0.9696 0.1477 -0.2363 -0.9604 0.1655 -0.2649 -0.9500 0.1832 -0.2932 -0.9383 0.2006 -0.3211 -0.9256 0.2178 -0.3486 -0.9116 0.2347 -0.3756 -0.8965 0.2513 -0.4022 -0.8804 0.2677 -0.4283 -0.8631 0.2836 -0.4539 -0.8447 0.2992 -0.4789 -0.8253 0.3145 -0.5033 -0.8048 0.3294 -0.5271 -0.7834 0.3438 -0.5502 -0.7610 0.3578 -0.5726 -0.7376 0.3714 -0.5943 -0.7133 0.3845 -0.6153 -0.6881 0.3971 -0.6355 -0.6621 0.4093 -0.6550 -0.6352 0.4209 -0.6736 -0.6076 0.4320 -0.6913 -0.5792 0.4426 -0.7082 -0.5501 0.4526 -0.7243 -0.5202 0.4620 -0.7394 -0.4898 0.4709 -0.7536 -0.4587 0.4792 -0.7668 -0.4271 0.4869 -0.7791 -0.3949 0.4939 -0.7905 -0.3622 0.5004 -0.8008 -0.3291 0.5062 -0.8102 -0.2956 0.5115 -0.8185 -0.2617 0.5160 -0.8258 -0.2274 0.5200 -0.8321 -0.1929 0.5232 -0.8374 -0.1582 0.5259 -0.8416 -0.1232 0.5279 -0.8447 -0.0881 0.5292 -0.8469 -0.0529 0.5298 -0.8479 -0.0176 0.5298 -0.8479 0.0176 0.5292 -0.8469 0.0529 0.5279 -0.8447 0.0881 0.5259 -0.8416 0.1232 0.5232 -0.8374 0.1582 0.5200 -0.8321 0.1929 0.5160 -0.8258 0.2274 0.5115 -0.8185 0.2617 0.5062 -0.8102 0.2956 0.5004 -0.8008 0.3291 0.4939 -0.7905 0.3622 0.4869 -0.7791 0.3949 0.4792 -0.7668 0.4271 0.4709 -0.7536 0.4587 0.4620 -0.7394 0.4898 0.4526 -0.7243 0.5202 0.4426 -0.7082 0.5501 0.4320 -0.6913 0.5792 0.4209 -0.6736 0.6076 0.4093 -0.6550 0.6352 0.3971 -0.6355 0.6621 0.3845 -0.6153 0.6881 0.3714 -0.5943 0.7133 0.3578 -0.5726 0.7376 0.3438 -0.5502 0.7610 0.3294 -0.5271 0.7834 0.3145 -0.5033 0.8048 0.2992 -0.4789 0.8253 0.2836 -0.4539 0.8447 0.2677 -0.4283 0.8631 0.2513 -0.4022 0.8804 0.2347 -0.3756 0.8965 0.2178 -0.3486 0.9116 0.2006 -0.3211 0.9256 0.1832 -0.2932 0.9383 0.1655 -0.2649 0.9500 0.1477 -0.2363 0.9604 0.1296 -0.2074 0.9696 0.1114 -0.1783 0.9777 0.0930 -0.1489 0.9845 0.0746 -0.1193 0.9900 0.0560 -0.0896 0.9944 0.0374 -0.0598 0.9975 0.0187 -0.0299 0.9994 0.0197 -0.0293 -0.9994 0.0394 -0.0585 -0.9975 0.0591 -0.0876 -0.9944 0.0787 -0.1167 -0.9900 0.0982 -0.1456 -0.9845 0.1175 -0.1743 -0.9777 0.1368 -0.2028 -0.9696 0.1558 -0.2310 -0.9604 0.1747 -0.2590 -0.9500 0.1933 -0.2866 -0.9383 0.2117 -0.3139 -0.9256 0.2298 -0.3408 -0.9116 0.2477 -0.3672 -0.8965 0.2652 -0.3932 -0.8804 0.2824 -0.4187 -0.8631 0.2993 -0.4437 -0.8447 0.3158 -0.4682 -0.8253 0.3319 -0.4920 -0.8048 0.3475 -0.5153 -0.7834 0.3628 -0.5379 -0.7610 0.3776 -0.5598 -0.7376 0.3919 -0.5810 -0.7133 0.4057 -0.6015 -0.6881 0.4191 -0.6213 -0.6621 0.4319 -0.6403 -0.6352 0.4441 -0.6585 -0.6076 0.4559 -0.6758 -0.5792 0.4670 -0.6924 -0.5501 0.4776 -0.7080 -0.5202 0.4875 -0.7228 -0.4898 0.4969 -0.7367 -0.4587 0.5056 -0.7496 -0.4271 0.5137 -0.7617 -0.3949 0.5212 -0.7727 -0.3622 0.5280 -0.7829 -0.3291 0.5342 -0.7920 -0.2956 0.5397 -0.8002 -0.2617 0.5445 -0.8073 -0.2274 0.5487 -0.8135 -0.1929 0.5522 -0.8186 -0.1582 0.5549 -0.8227 -0.1232 0.5570 -0.8258 -0.0881 0.5584 -0.8279 -0.0529 0.5591 -0.8289 -0.0176 0.5591 -0.8289 0.0176 0.5584 -0.8279 0.0529 0.5570 -0.8258 0.0881 0.5549 -0.8227 0.1232 0.5522 -0.8186 0.1582 0.5487 -0.8135 0.1929 0.5445 -0.8073 0.2274 0.5397 -0.8002 0.2617 0.5342 -0.7920 0.2956 0.5280 -0.7829 0.3291 0.5212 -0.7727 0.3622 0.5137 -0.7617 0.3949 0.5056 -0.7496 0.4271 0.4969 -0.7367 0.4587 0.4875 -0.7228 0.4898 0.4776 -0.7080 0.5202 0.4670 -0.6924 0.5501 0.4559 -0.6758 0.5792 0.4441 -0.6585 0.6076 0.4319 -0.6403 0.6352 0.4191 -0.6213 0.6621 0.4057 -0.6015 0.6881 0.3919 -0.5810 0.7133 0.3776 -0.5598 0.7376 0.3628 -0.5379 0.7610 0.3475 -0.5153 0.7834 0.3319 -0.4920 0.8048 0.3158 -0.4682 0.8253 0.2993 -0.4437 0.8447 0.2824 -0.4187 0.8631 0.2652 -0.3932 0.8804 0.2477 -0.3672 0.8965 0.2298 -0.3408 0.9116 0.2117 -0.3139 0.9256 0.1933 -0.2866 0.9383 0.1747 -0.2590 0.9500 0.1558 -0.2310 0.9604 0.1368 -0.2028 0.9696 0.1175 -0.1743 0.9777 0.0982 -0.1456 0.9845 0.0787 -0.1167 0.9900 0.0591 -0.0876 0.9944 0.0394 -0.0585 0.9975 0.0197 -0.0293 0.9994 0.0207 -0.0286 -0.9994 0.0415 -0.0571 -0.9975 0.0621 -0.0855 -0.9944 0.0827 -0.1139 -0.9900 0.1032 -0.1420 -0.9845 0.1236 -0.1701 -0.9777 0.1438 -0.1979 -0.9696 0.1638 -0.2254 -0.9604 0.1836 -0.2527 -0.9500 0.2032 -0.2797 -0.9383 0.2225 -0.3063 -0.9256 0.2416 -0.3325 -0.9116 0.2604 -0.3584 -0.8965 0.2788 -0.3837 -0.8804 0.2969 -0.4086 -0.8631 0.3146 -0.4330 -0.8447 0.3319 -0.4569 -0.8253 0.3488 -0.4801 -0.8048 0.3653 -0.5028 -0.7834 0.3813 -0.5249 -0.7610 0.3969 -0.5463 -0.7376 0.4119 -0.5670 -0.7133 0.4265 -0.5870 -0.6881 0.4405 -0.6063 -0.6621 0.4540 -0.6248 -0.6352 0.4668 -0.6426 -0.6076 0.4792 -0.6595 -0.5792 0.4909 -0.6756 -0.5501 0.5020 -0.6909 -0.5202 0.5125 -0.7053 -0.4898 0.5223 -0.7189 -0.4587 0.5315 -0.7315 -0.4271 0.5400 -0.7433 -0.3949 0.5479 -0.7541 -0.3622 0.5550 -0.7640 -0.3291 0.5615 -0.7729 -0.2956 0.5673 -0.7808 -0.2617 0.5724 -0.7878 -0.2274 0.5767 -0.7938 -0.1929 0.5804 -0.7988 -0.1582 0.5833 -0.8029 -0.1232 0.5855 -0.8059 -0.0881 0.5870 -0.8079 -0.0529 0.5877 -0.8089 -0.0176 0.5877 -0.8089 0.0176 0.5870 -0.8079 0.0529 0.5855 -0.8059 0.0881 0.5833 -0.8029 0.1232 0.5804 -0.7988 0.1582 0.5767 -0.7938 0.1929 0.5724 -0.7878 0.2274 0.5673 -0.7808 0.2617 0.5615 -0.7729 0.2956 0.5550 -0.7640 0.3291 0.5479 -0.7541 0.3622 0.5400 -0.7433 0.3949 0.5315 -0.7315 0.4271 0.5223 -0.7189 0.4587 0.5125 -0.7053 0.4898 0.5020 -0.6909 0.5202 0.4909 -0.6756 0.5501 0.4792 -0.6595 0.5792 0.4668 -0.6426 0.6076 0.4540 -0.6248 0.6352 0.4405 -0.6063 0.6621 0.4265 -0.5870 0.6881 0.4119 -0.5670 0.7133 0.3969 -0.5463 0.7376 0.3813 -0.5249 0.7610 0.3653 -0.5028 0.7834 0.3488 -0.4801 0.8048 0.3319 -0.4569 0.8253 0.3146 -0.4330 0.8447 0.2969 -0.4086 0.8631 0.2788 -0.3837 0.8804 0.2604 -0.3584 0.8965 0.2416 -0.3325 0.9116 0.2225 -0.3063 0.9256 0.2032 -0.2797 0.9383 0.1836 -0.2527 0.9500 0.1638 -0.2254 0.9604 0.1438 -0.1979 0.9696 0.1236 -0.1701 0.9777 0.1032 -0.1420 0.9845 0.0827 -0.1139 0.9900 0.0621 -0.0855 0.9944 0.0415 -0.0571 0.9975 0.0207 -0.0286 0.9994 0.0217 -0.0278 -0.9994 0.0434 -0.0556 -0.9975 0.0651 -0.0833 -0.9944 0.0866 -0.1109 -0.9900 0.1081 -0.1384 -0.9845 0.1294 -0.1657 -0.9777 0.1506 -0.1927 -0.9696 0.1716 -0.2196 -0.9604 0.1923 -0.2462 -0.9500 0.2128 -0.2724 -0.9383 0.2331 -0.2983 -0.9256 0.2531 -0.3239 -0.9116 0.2727 -0.3490 -0.8965 0.2920 -0.3738 -0.8804 0.3110 -0.3980 -0.8631 0.3295 -0.4218 -0.8447 0.3477 -0.4450 -0.8253 0.3654 -0.4677 -0.8048 0.3826 -0.4898 -0.7834 0.3994 -0.5112 -0.7610 0.4157 -0.5321 -0.7376 0.4315 -0.5523 -0.7133 0.4467 -0.5718 -0.6881 0.4614 -0.5905 -0.6621 0.4755 -0.6086 -0.6352 0.4890 -0.6259 -0.6076 0.5019 -0.6424 -0.5792 0.5142 -0.6581 -0.5501 0.5258 -0.6730 -0.5202 0.5368 -0.6870 -0.4898 0.5471 -0.7002 -0.4587 0.5567 -0.7125 -0.4271 0.5656 -0.7240 -0.3949 0.5739 -0.7345 -0.3622 0.5814 -0.7441 -0.3291 0.5882 -0.7528 -0.2956 0.5942 -0.7606 -0.2617 0.5995 -0.7674 -0.2274 0.6041 -0.7732 -0.1929 0.6079 -0.7781 -0.1582 0.6110 -0.7820 -0.1232 0.6133 -0.7849 -0.0881 0.6148 -0.7869 -0.0529 0.6156 -0.7879 -0.0176 0.6156 -0.7879 0.0176 0.6148 -0.7869 0.0529 0.6133 -0.7849 0.0881 0.6110 -0.7820 0.1232 0.6079 -0.7781 0.1582 0.6041 -0.7732 0.1929 0.5995 -0.7674 0.2274 0.5942 -0.7606 0.2617 0.5882 -0.7528 0.2956 0.5814 -0.7441 0.3291 0.5739 -0.7345 0.3622 0.5656 -0.7240 0.3949 0.5567 -0.7125 0.4271 0.5471 -0.7002 0.4587 0.5368 -0.6870 0.4898 0.5258 -0.6730 0.5202 0.5142 -0.6581 0.5501 0.5019 -0.6424 0.5792 0.4890 -0.6259 0.6076 0.4755 -0.6086 0.6352 0.4614 -0.5905 0.6621 0.4467 -0.5718 0.6881 0.4315 -0.5523 0.7133 0.4157 -0.5321 0.7376 0.3994 -0.5112 0.7610 0.3826 -0.4898 0.7834 0.3654 -0.4677 0.8048 0.3477 -0.4450 0.8253 0.3295 -0.4218 0.8447 0.3110 -0.3980 0.8631 0.2920 -0.3738 0.8804 0.2727 -0.3490 0.8965 0.2531 -0.3239 0.9116 0.2331 -0.2983 0.9256 0.2128 -0.2724 0.9383 0.1923 -0.2462 0.9500 0.1716 -0.2196 0.9604 0.1506 -0.1927 0.9696 0.1294 -0.1657 0.9777 0.1081 -0.1384 0.9845 0.0866 -0.1109 0.9900 0.0651 -0.0833 0.9944 0.0434 -0.0556 0.9975 0.0217 -0.0278 0.9994 0.0227 -0.0270 -0.9994 0.0453 -0.0540 -0.9975 0.0679 -0.0810 -0.9944 0.0905 -0.1078 -0.9900 0.1129 -0.1345 -0.9845 0.1351 -0.1610 -0.9777 0.1572 -0.1874 -0.9696 0.1791 -0.2135 -0.9604 0.2008 -0.2393 -0.9500 0.2222 -0.2648 -0.9383 0.2434 -0.2900 -0.9256 0.2642 -0.3149 -0.9116 0.2847 -0.3393 -0.8965 0.3049 -0.3633 -0.8804 0.3247 -0.3869 -0.8631 0.3440 -0.4100 -0.8447 0.3630 -0.4326 -0.8253 0.3815 -0.4546 -0.8048 0.3995 -0.4761 -0.7834 0.4170 -0.4970 -0.7610 0.4340 -0.5173 -0.7376 0.4505 -0.5369 -0.7133 0.4664 -0.5558 -0.6881 0.4817 -0.5741 -0.6621 0.4964 -0.5916 -0.6352 0.5105 -0.6084 -0.6076 0.5240 -0.6245 -0.5792 0.5368 -0.6397 -0.5501 0.5490 -0.6542 -0.5202 0.5604 -0.6679 -0.4898 0.5712 -0.6807 -0.4587 0.5812 -0.6927 -0.4271 0.5906 -0.7038 -0.3949 0.5991 -0.7140 -0.3622 0.6070 -0.7234 -0.3291 0.6141 -0.7318 -0.2956 0.6204 -0.7394 -0.2617 0.6259 -0.7460 -0.2274 0.6307 -0.7517 -0.1929 0.6347 -0.7564 -0.1582 0.6379 -0.7602 -0.1232 0.6403 -0.7631 -0.0881 0.6419 -0.7650 -0.0529 0.6427 -0.7659 -0.0176 0.6427 -0.7659 0.0176 0.6419 -0.7650 0.0529 0.6403 -0.7631 0.0881 0.6379 -0.7602 0.1232 0.6347 -0.7564 0.1582 0.6307 -0.7517 0.1929 0.6259 -0.7460 0.2274 0.6204 -0.7394 0.2617 0.6141 -0.7318 0.2956 0.6070 -0.7234 0.3291 0.5991 -0.7140 0.3622 0.5906 -0.7038 0.3949 0.5812 -0.6927 0.4271 0.5712 -0.6807 0.4587 0.5604 -0.6679 0.4898 0.5490 -0.6542 0.5202 0.5368 -0.6397 0.5501 0.5240 -0.6245 0.5792 0.5105 -0.6084 0.6076 0.4964 -0.5916 0.6352 0.4817 -0.5741 0.6621 0.4664 -0.5558 0.6881 0.4505 -0.5369 0.7133 0.4340 -0.5173 0.7376 0.4170 -0.4970 0.7610 0.3995 -0.4761 0.7834 0.3815 -0.4546 0.8048 0.3630 -0.4326 0.8253 0.3440 -0.4100 0.8447 0.3247 -0.3869 0.8631 0.3049 -0.3633 0.8804 0.2847 -0.3393 0.8965 0.2642 -0.3149 0.9116 0.2434 -0.2900 0.9256 0.2222 -0.2648 0.9383 0.2008 -0.2393 0.9500 0.1791 -0.2135 0.9604 0.1572 -0.1874 0.9696 0.1351 -0.1610 0.9777 0.1129 -0.1345 0.9845 0.0905 -0.1078 0.9900 0.0679 -0.0810 0.9944 0.0453 -0.0540 0.9975 0.0227 -0.0270 0.9994 0.0236 -0.0262 -0.9994 0.0472 -0.0524 -0.9975 0.0707 -0.0785 -0.9944 0.0942 -0.1046 -0.9900 0.1175 -0.1305 -0.9845 0.1407 -0.1562 -0.9777 0.1637 -0.1818 -0.9696 0.1865 -0.2071 -0.9604 0.2090 -0.2321 -0.9500 0.2313 -0.2569 -0.9383 0.2533 -0.2814 -0.9256 0.2750 -0.3055 -0.9116 0.2964 -0.3292 -0.8965 0.3174 -0.3525 -0.8804 0.3380 -0.3754 -0.8631 0.3581 -0.3978 -0.8447 0.3779 -0.4197 -0.8253 0.3971 -0.4410 -0.8048 0.4159 -0.4619 -0.7834 0.4341 -0.4821 -0.7610 0.4518 -0.5018 -0.7376 0.4690 -0.5208 -0.7133 0.4855 -0.5392 -0.6881 0.5015 -0.5569 -0.6621 0.5168 -0.5739 -0.6352 0.5315 -0.5902 -0.6076 0.5455 -0.6058 -0.5792 0.5588 -0.6206 -0.5501 0.5715 -0.6347 -0.5202 0.5834 -0.6479 -0.4898 0.5946 -0.6604 -0.4587 0.6050 -0.6720 -0.4271 0.6148 -0.6828 -0.3949 0.6237 -0.6927 -0.3622 0.6319 -0.7018 -0.3291 0.6392 -0.7099 -0.2956 0.6458 -0.7173 -0.2617 0.6516 -0.7237 -0.2274 0.6566 -0.7292 -0.1929 0.6607 -0.7338 -0.1582 0.6640 -0.7375 -0.1232 0.6665 -0.7403 -0.0881 0.6682 -0.7421 -0.0529 0.6690 -0.7430 -0.0176 0.6690 -0.7430 0.0176 0.6682 -0.7421 0.0529 0.6665 -0.7403 0.0881 0.6640 -0.7375 0.1232 0.6607 -0.7338 0.1582 0.6566 -0.7292 0.1929 0.6516 -0.7237 0.2274 0.6458 -0.7173 0.2617 0.6392 -0.7099 0.2956 0.6319 -0.7018 0.3291 0.6237 -0.6927 0.3622 0.6148 -0.6828 0.3949 0.6050 -0.6720 0.4271 0.5946 -0.6604 0.4587 0.5834 -0.6479 0.4898 0.5715 -0.6347 0.5202 0.5588 -0.6206 0.5501 0.5455 -0.6058 0.5792 0.5315 -0.5902 0.6076 0.5168 -0.5739 0.6352 0.5015 -0.5569 0.6621 0.4855 -0.5392 0.6881 0.4690 -0.5208 0.7133 0.4518 -0.5018 0.7376 0.4341 -0.4821 0.7610 0.4159 -0.4619 0.7834 0.3971 -0.4410 0.8048 0.3779 -0.4197 0.8253 0.3581 -0.3978 0.8447 0.3380 -0.3754 0.8631 0.3174 -0.3525 0.8804 0.2964 -0.3292 0.8965 0.2750 -0.3055 0.9116 0.2533 -0.2814 0.9256 0.2313 -0.2569 0.9383 0.2090 -0.2321 0.9500 0.1865 -0.2071 0.9604 0.1637 -0.1818 0.9696 0.1407 -0.1562 0.9777 0.1175 -0.1305 0.9845 0.0942 -0.1046 0.9900 0.0707 -0.0785 0.9944 0.0472 -0.0524 0.9975 0.0236 -0.0262 0.9994 0.0245 -0.0254 -0.9994 0.0490 -0.0507 -0.9975 0.0734 -0.0760 -0.9944 0.0978 -0.1012 -0.9900 0.1220 -0.1263 -0.9845 0.1460 -0.1512 -0.9777 0.1699 -0.1759 -0.9696 0.1936 -0.2004 -0.9604 0.2170 -0.2247 -0.9500 0.2401 -0.2487 -0.9383 0.2630 -0.2723 -0.9256 0.2855 -0.2957 -0.9116 0.3077 -0.3186 -0.8965 0.3295 -0.3412 -0.8804 0.3509 -0.3633 -0.8631 0.3718 -0.3850 -0.8447 0.3923 -0.4062 -0.8253 0.4123 -0.4269 -0.8048 0.4317 -0.4471 -0.7834 0.4507 -0.4667 -0.7610 0.4691 -0.4857 -0.7376 0.4868 -0.5041 -0.7133 0.5040 -0.5219 -0.6881 0.5206 -0.5391 -0.6621 0.5365 -0.5556 -0.6352 0.5517 -0.5713 -0.6076 0.5663 -0.5864 -0.5792 0.5801 -0.6007 -0.5501 0.5933 -0.6143 -0.5202 0.6056 -0.6272 -0.4898 0.6173 -0.6392 -0.4587 0.6281 -0.6504 -0.4271 0.6382 -0.6609 -0.3949 0.6475 -0.6705 -0.3622 0.6560 -0.6793 -0.3291 0.6636 -0.6872 -0.2956 0.6705 -0.6943 -0.2617 0.6765 -0.7005 -0.2274 0.6816 -0.7058 -0.1929 0.6859 -0.7103 -0.1582 0.6894 -0.7139 -0.1232 0.6920 -0.7165 -0.0881 0.6937 -0.7183 -0.0529 0.6946 -0.7192 -0.0176 0.6946 -0.7192 0.0176 0.6937 -0.7183 0.0529 0.6920 -0.7165 0.0881 0.6894 -0.7139 0.1232 0.6859 -0.7103 0.1582 0.6816 -0.7058 0.1929 0.6765 -0.7005 0.2274 0.6705 -0.6943 0.2617 0.6636 -0.6872 0.2956 0.6560 -0.6793 0.3291 0.6475 -0.6705 0.3622 0.6382 -0.6609 0.3949 0.6281 -0.6504 0.4271 0.6173 -0.6392 0.4587 0.6056 -0.6272 0.4898 0.5933 -0.6143 0.5202 0.5801 -0.6007 0.5501 0.5663 -0.5864 0.5792 0.5517 -0.5713 0.6076 0.5365 -0.5556 0.6352 0.5206 -0.5391 0.6621 0.5040 -0.5219 0.6881 0.4868 -0.5041 0.7133 0.4691 -0.4857 0.7376 0.4507 -0.4667 0.7610 0.4317 -0.4471 0.7834 0.4123 -0.4269 0.8048 0.3923 -0.4062 0.8253 0.3718 -0.3850 0.8447 0.3509 -0.3633 0.8631 0.3295 -0.3412 0.8804 0.3077 -0.3186 0.8965 0.2855 -0.2957 0.9116 0.2630 -0.2723 0.9256 0.2401 -0.2487 0.9383 0.2170 -0.2247 0.9500 0.1936 -0.2004 0.9604 0.1699 -0.1759 0.9696 0.1460 -0.1512 0.9777 0.1220 -0.1263 0.9845 0.0978 -0.1012 0.9900 0.0734 -0.0760 0.9944 0.0490 -0.0507 0.9975 0.0245 -0.0254 0.9994 0.0254 -0.0245 -0.9994 0.0507 -0.0490 -0.9975 0.0760 -0.0734 -0.9944 0.1012 -0.0978 -0.9900 0.1263 -0.1220 -0.9845 0.1512 -0.1460 -0.9777 0.1759 -0.1699 -0.9696 0.2004 -0.1936 -0.9604 0.2247 -0.2170 -0.9500 0.2487 -0.2401 -0.9383 0.2723 -0.2630 -0.9256 0.2957 -0.2855 -0.9116 0.3186 -0.3077 -0.8965 0.3412 -0.3295 -0.8804 0.3633 -0.3509 -0.8631 0.3850 -0.3718 -0.8447 0.4062 -0.3923 -0.8253 0.4269 -0.4123 -0.8048 0.4471 -0.4317 -0.7834 0.4667 -0.4507 -0.7610 0.4857 -0.4691 -0.7376 0.5041 -0.4868 -0.7133 0.5219 -0.5040 -0.6881 0.5391 -0.5206 -0.6621 0.5556 -0.5365 -0.6352 0.5713 -0.5517 -0.6076 0.5864 -0.5663 -0.5792 0.6007 -0.5801 -0.5501 0.6143 -0.5933 -0.5202 0.6272 -0.6056 -0.4898 0.6392 -0.6173 -0.4587 0.6504 -0.6281 -0.4271 0.6609 -0.6382 -0.3949 0.6705 -0.6475 -0.3622 0.6793 -0.6560 -0.3291 0.6872 -0.6636 -0.2956 0.6943 -0.6705 -0.2617 0.7005 -0.6765 -0.2274 0.7058 -0.6816 -0.1929 0.7103 -0.6859 -0.1582 0.7139 -0.6894 -0.1232 0.7165 -0.6920 -0.0881 0.7183 -0.6937 -0.0529 0.7192 -0.6946 -0.0176 0.7192 -0.6946 0.0176 0.7183 -0.6937 0.0529 0.7165 -0.6920 0.0881 0.7139 -0.6894 0.1232 0.7103 -0.6859 0.1582 0.7058 -0.6816 0.1929 0.7005 -0.6765 0.2274 0.6943 -0.6705 0.2617 0.6872 -0.6636 0.2956 0.6793 -0.6560 0.3291 0.6705 -0.6475 0.3622 0.6609 -0.6382 0.3949 0.6504 -0.6281 0.4271 0.6392 -0.6173 0.4587 0.6272 -0.6056 0.4898 0.6143 -0.5933 0.5202 0.6007 -0.5801 0.5501 0.5864 -0.5663 0.5792 0.5713 -0.5517 0.6076 0.5556 -0.5365 0.6352 0.5391 -0.5206 0.6621 0.5219 -0.5040 0.6881 0.5041 -0.4868 0.7133 0.4857 -0.4691 0.7376 0.4667 -0.4507 0.7610 0.4471 -0.4317 0.7834 0.4269 -0.4123 0.8048 0.4062 -0.3923 0.8253 0.3850 -0.3718 0.8447 0.3633 -0.3509 0.8631 0.3412 -0.3295 0.8804 0.3186 -0.3077 0.8965 0.2957 -0.2855 0.9116 0.2723 -0.2630 0.9256 0.2487 -0.2401 0.9383 0.2247 -0.2170 0.9500 0.2004 -0.1936 0.9604 0.1759 -0.1699 0.9696 0.1512 -0.1460 0.9777 0.1263 -0.1220 0.9845 0.1012 -0.0978 0.9900 0.0760 -0.0734 0.9944 0.0507 -0.0490 0.9975 0.0254 -0.0245 0.9994 0.0262 -0.0236 -0.9994 0.0524 -0.0472 -0.9975 0.0785 -0.0707 -0.9944 0.1046 -0.0942 -0.9900 0.1305 -0.1175 -0.9845 0.1562 -0.1407 -0.9777 0.1818 -0.1637 -0.9696 0.2071 -0.1865 -0.9604 0.2321 -0.2090 -0.9500 0.2569 -0.2313 -0.9383 0.2814 -0.2533 -0.9256 0.3055 -0.2750 -0.9116 0.3292 -0.2964 -0.8965 0.3525 -0.3174 -0.8804 0.3754 -0.3380 -0.8631 0.3978 -0.3581 -0.8447 0.4197 -0.3779 -0.8253 0.4410 -0.3971 -0.8048 0.4619 -0.4159 -0.7834 0.4821 -0.4341 -0.7610 0.5018 -0.4518 -0.7376 0.5208 -0.4690 -0.7133 0.5392 -0.4855 -0.6881 0.5569 -0.5015 -0.6621 0.5739 -0.5168 -0.6352 0.5902 -0.5315 -0.6076 0.6058 -0.5455 -0.5792 0.6206 -0.5588 -0.5501 0.6347 -0.5715 -0.5202 0.6479 -0.5834 -0.4898 0.6604 -0.5946 -0.4587 0.6720 -0.6050 -0.4271 0.6828 -0.6148 -0.3949 0.6927 -0.6237 -0.3622 0.7018 -0.6319 -0.3291 0.7099 -0.6392 -0.2956 0.7173 -0.6458 -0.2617 0.7237 -0.6516 -0.2274 0.7292 -0.6566 -0.1929 0.7338 -0.6607 -0.1582 0.7375 -0.6640 -0.1232 0.7403 -0.6665 -0.0881 0.7421 -0.6682 -0.0529 0.7430 -0.6690 -0.0176 0.7430 -0.6690 0.0176 0.7421 -0.6682 0.0529 0.7403 -0.6665 0.0881 0.7375 -0.6640 0.1232 0.7338 -0.6607 0.1582 0.7292 -0.6566 0.1929 0.7237 -0.6516 0.2274 0.7173 -0.6458 0.2617 0.7099 -0.6392 0.2956 0.7018 -0.6319 0.3291 0.6927 -0.6237 0.3622 0.6828 -0.6148 0.3949 0.6720 -0.6050 0.4271 0.6604 -0.5946 0.4587 0.6479 -0.5834 0.4898 0.6347 -0.5715 0.5202 0.6206 -0.5588 0.5501 0.6058 -0.5455 0.5792 0.5902 -0.5315 0.6076 0.5739 -0.5168 0.6352 0.5569 -0.5015 0.6621 0.5392 -0.4855 0.6881 0.5208 -0.4690 0.7133 0.5018 -0.4518 0.7376 0.4821 -0.4341 0.7610 0.4619 -0.4159 0.7834 0.4410 -0.3971 0.8048 0.4197 -0.3779 0.8253 0.3978 -0.3581 0.8447 0.3754 -0.3380 0.8631 0.3525 -0.3174 0.8804 0.3292 -0.2964 0.8965 0.3055 -0.2750 0.9116 0.2814 -0.2533 0.9256 0.2569 -0.2313 0.9383 0.2321 -0.2090 0.9500 0.2071 -0.1865 0.9604 0.1818 -0.1637 0.9696 0.1562 -0.1407 0.9777 0.1305 -0.1175 0.9845 0.1046 -0.0942 0.9900 0.0785 -0.0707 0.9944 0.0524 -0.0472 0.9975 0.0262 -0.0236 0.9994 0.0270 -0.0227 -0.9994 0.0540 -0.0453 -0.9975 0.0810 -0.0679 -0.9944 0.1078 -0.0905 -0.9900 0.1345 -0.1129 -0.9845 0.1610 -0.1351 -0.9777 0.1874 -0.1572 -0.9696 0.2135 -0.1791 -0.9604 0.2393 -0.2008 -0.9500 0.2648 -0.2222 -0.9383 0.2900 -0.2434 -0.9256 0.3149 -0.2642 -0.9116 0.3393 -0.2847 -0.8965 0.3633 -0.3049 -0.8804 0.3869 -0.3247 -0.8631 0.4100 -0.3440 -0.8447 0.4326 -0.3630 -0.8253 0.4546 -0.3815 -0.8048 0.4761 -0.3995 -0.7834 0.4970 -0.4170 -0.7610 0.5173 -0.4340 -0.7376 0.5369 -0.4505 -0.7133 0.5558 -0.4664 -0.6881 0.5741 -0.4817 -0.6621 0.5916 -0.4964 -0.6352 0.6084 -0.5105 -0.6076 0.6245 -0.5240 -0.5792 0.6397 -0.5368 -0.5501 0.6542 -0.5490 -0.5202 0.6679 -0.5604 -0.4898 0.6807 -0.5712 -0.4587 0.6927 -0.5812 -0.4271 0.7038 -0.5906 -0.3949 0.7140 -0.5991 -0.3622 0.7234 -0.6070 -0.3291 0.7318 -0.6141 -0.2956 0.7394 -0.6204 -0.2617 0.7460 -0.6259 -0.2274 0.7517 -0.6307 -0.1929 0.7564 -0.6347 -0.1582 0.7602 -0.6379 -0.1232 0.7631 -0.6403 -0.0881 0.7650 -0.6419 -0.0529 0.7659 -0.6427 -0.0176 0.7659 -0.6427 0.0176 0.7650 -0.6419 0.0529 0.7631 -0.6403 0.0881 0.7602 -0.6379 0.1232 0.7564 -0.6347 0.1582 0.7517 -0.6307 0.1929 0.7460 -0.6259 0.2274 0.7394 -0.6204 0.2617 0.7318 -0.6141 0.2956 0.7234 -0.6070 0.3291 0.7140 -0.5991 0.3622 0.7038 -0.5906 0.3949 0.6927 -0.5812 0.4271 0.6807 -0.5712 0.4587 0.6679 -0.5604 0.4898 0.6542 -0.5490 0.5202 0.6397 -0.5368 0.5501 0.6245 -0.5240 0.5792 0.6084 -0.5105 0.6076 0.5916 -0.4964 0.6352 0.5741 -0.4817 0.6621 0.5558 -0.4664 0.6881 0.5369 -0.4505 0.7133 0.5173 -0.4340 0.7376 0.4970 -0.4170 0.7610 0.4761 -0.3995 0.7834 0.4546 -0.3815 0.8048 0.4326 -0.3630 0.8253 0.4100 -0.3440 0.8447 0.3869 -0.3247 0.8631 0.3633 -0.3049 0.8804 0.3393 -0.2847 0.8965 0.3149 -0.2642 0.9116 0.2900 -0.2434 0.9256 0.2648 -0.2222 0.9383 0.2393 -0.2008 0.9500 0.2135 -0.1791 0.9604 0.1874 -0.1572 0.9696 0.1610 -0.1351 0.9777 0.1345 -0.1129 0.9845 0.1078 -0.0905 0.9900 0.0810 -0.0679 0.9944 0.0540 -0.0453 0.9975 0.0270 -0.0227 0.9994 0.0278 -0.0217 -0.9994 0.0556 -0.0434 -0.9975 0.0833 -0.0651 -0.9944 0.1109 -0.0866 -0.9900 0.1384 -0.1081 -0.9845 0.1657 -0.1294 -0.9777 0.1927 -0.1506 -0.9696 0.2196 -0.1716 -0.9604 0.2462 -0.1923 -0.9500 0.2724 -0.2128 -0.9383 0.2983 -0.2331 -0.9256 0.3239 -0.2531 -0.9116 0.3490 -0.2727 -0.8965 0.3738 -0.2920 -0.8804 0.3980 -0.3110 -0.8631 0.4218 -0.3295 -0.8447 0.4450 -0.3477 -0.8253 0.4677 -0.3654 -0.8048 0.4898 -0.3826 -0.7834 0.5112 -0.3994 -0.7610 0.5321 -0.4157 -0.7376 0.5523 -0.4315 -0.7133 0.5718 -0.4467 -0.6881 0.5905 -0.4614 -0.6621 0.6086 -0.4755 -0.6352 0.6259 -0.4890 -0.6076 0.6424 -0.5019 -0.5792 0.6581 -0.5142 -0.5501 0.6730 -0.5258 -0.5202 0.6870 -0.5368 -0.4898 0.7002 -0.5471 -0.4587 0.7125 -0.5567 -0.4271 0.7240 -0.5656 -0.3949 0.7345 -0.5739 -0.3622 0.7441 -0.5814 -0.3291 0.7528 -0.5882 -0.2956 0.7606 -0.5942 -0.2617 0.7674 -0.5995 -0.2274 0.7732 -0.6041 -0.1929 0.7781 -0.6079 -0.1582 0.7820 -0.6110 -0.1232 0.7849 -0.6133 -0.0881 0.7869 -0.6148 -0.0529 0.7879 -0.6156 -0.0176 0.7879 -0.6156 0.0176 0.7869 -0.6148 0.0529 0.7849 -0.6133 0.0881 0.7820 -0.6110 0.1232 0.7781 -0.6079 0.1582 0.7732 -0.6041 0.1929 0.7674 -0.5995 0.2274 0.7606 -0.5942 0.2617 0.7528 -0.5882 0.2956 0.7441 -0.5814 0.3291 0.7345 -0.5739 0.3622 0.7240 -0.5656 0.3949 0.7125 -0.5567 0.4271 0.7002 -0.5471 0.4587 0.6870 -0.5368 0.4898 0.6730 -0.5258 0.5202 0.6581 -0.5142 0.5501 0.6424 -0.5019 0.5792 0.6259 -0.4890 0.6076 0.6086 -0.4755 0.6352 0.5905 -0.4614 0.6621 0.5718 -0.4467 0.6881 0.5523 -0.4315 0.7133 0.5321 -0.4157 0.7376 0.5112 -0.3994 0.7610 0.4898 -0.3826 0.7834 0.4677 -0.3654 0.8048 0.4450 -0.3477 0.8253 0.4218 -0.3295 0.8447 0.3980 -0.3110 0.8631 0.3738 -0.2920 0.8804 0.3490 -0.2727 0.8965 0.3239 -0.2531 0.9116 0.2983 -0.2331 0.9256 0.2724 -0.2128 0.9383 0.2462 -0.1923 0.9500 0.2196 -0.1716 0.9604 0.1927 -0.1506 0.9696 0.1657 -0.1294 0.9777 0.1384 -0.1081 0.9845 0.1109 -0.0866 0.9900 0.0833 -0.0651 0.9944 0.0556 -0.0434 0.9975 0.0278 -0.0217 0.9994 0.0286 -0.0207 -0.9994 0.0571 -0.0415 -0.9975 0.0855 -0.0621 -0.9944 0.1139 -0.0827 -0.9900 0.1420 -0.1032 -0.9845 0.1701 -0.1236 -0.9777 0.1979 -0.1438 -0.9696 0.2254 -0.1638 -0.9604 0.2527 -0.1836 -0.9500 0.2797 -0.2032 -0.9383 0.3063 -0.2225 -0.9256 0.3325 -0.2416 -0.9116 0.3584 -0.2604 -0.8965 0.3837 -0.2788 -0.8804 0.4086 -0.2969 -0.8631 0.4330 -0.3146 -0.8447 0.4569 -0.3319 -0.8253 0.4801 -0.3488 -0.8048 0.5028 -0.3653 -0.7834 0.5249 -0.3813 -0.7610 0.5463 -0.3969 -0.7376 0.5670 -0.4119 -0.7133 0.5870 -0.4265 -0.6881 0.6063 -0.4405 -0.6621 0.6248 -0.4540 -0.6352 0.6426 -0.4668 -0.6076 0.6595 -0.4792 -0.5792 0.6756 -0.4909 -0.5501 0.6909 -0.5020 -0.5202 0.7053 -0.5125 -0.4898 0.7189 -0.5223 -0.4587 0.7315 -0.5315 -0.4271 0.7433 -0.5400 -0.3949 0.7541 -0.5479 -0.3622 0.7640 -0.5550 -0.3291 0.7729 -0.5615 -0.2956 0.7808 -0.5673 -0.2617 0.7878 -0.5724 -0.2274 0.7938 -0.5767 -0.1929 0.7988 -0.5804 -0.1582 0.8029 -0.5833 -0.1232 0.8059 -0.5855 -0.0881 0.8079 -0.5870 -0.0529 0.8089 -0.5877 -0.0176 0.8089 -0.5877 0.0176 0.8079 -0.5870 0.0529 0.8059 -0.5855 0.0881 0.8029 -0.5833 0.1232 0.7988 -0.5804 0.1582 0.7938 -0.5767 0.1929 0.7878 -0.5724 0.2274 0.7808 -0.5673 0.2617 0.7729 -0.5615 0.2956 0.7640 -0.5550 0.3291 0.7541 -0.5479 0.3622 0.7433 -0.5400 0.3949 0.7315 -0.5315 0.4271 0.7189 -0.5223 0.4587 0.7053 -0.5125 0.4898 0.6909 -0.5020 0.5202 0.6756 -0.4909 0.5501 0.6595 -0.4792 0.5792 0.6426 -0.4668 0.6076 0.6248 -0.4540 0.6352 0.6063 -0.4405 0.6621 0.5870 -0.4265 0.6881 0.5670 -0.4119 0.7133 0.5463 -0.3969 0.7376 0.5249 -0.3813 0.7610 0.5028 -0.3653 0.7834 0.4801 -0.3488 0.8048 0.4569 -0.3319 0.8253 0.4330 -0.3146 0.8447 0.4086 -0.2969 0.8631 0.3837 -0.2788 0.8804 0.3584 -0.2604 0.8965 0.3325 -0.2416 0.9116 0.3063 -0.2225 0.9256 0.2797 -0.2032 0.9383 0.2527 -0.1836 0.9500 0.2254 -0.1638 0.9604 0.1979 -0.1438 0.9696 0.1701 -0.1236 0.9777 0.1420 -0.1032 0.9845 0.1139 -0.0827 0.9900 0.0855 -0.0621 0.9944 0.0571 -0.0415 0.9975 0.0286 -0.0207 0.9994 0.0293 -0.0197 -0.9994 0.0585 -0.0394 -0.9975 0.0876 -0.0591 -0.9944 0.1167 -0.0787 -0.9900 0.1456 -0.0982 -0.9845 0.1743 -0.1175 -0.9777 0.2028 -0.1368 -0.9696 0.2310 -0.1558 -0.9604 0.2590 -0.1747 -0.9500 0.2866 -0.1933 -0.9383 0.3139 -0.2117 -0.9256 0.3408 -0.2298 -0.9116 0.3672 -0.2477 -0.8965 0.3932 -0.2652 -0.8804 0.4187 -0.2824 -0.8631 0.4437 -0.2993 -0.8447 0.4682 -0.3158 -0.8253 0.4920 -0.3319 -0.8048 0.5153 -0.3475 -0.7834 0.5379 -0.3628 -0.7610 0.5598 -0.3776 -0.7376 0.5810 -0.3919 -0.7133 0.6015 -0.4057 -0.6881 0.6213 -0.4191 -0.6621 0.6403 -0.4319 -0.6352 0.6585 -0.4441 -0.6076 0.6758 -0.4559 -0.5792 0.6924 -0.4670 -0.5501 0.7080 -0.4776 -0.5202 0.7228 -0.4875 -0.4898 0.7367 -0.4969 -0.4587 0.7496 -0.5056 -0.4271 0.7617 -0.5137 -0.3949 0.7727 -0.5212 -0.3622 0.7829 -0.5280 -0.3291 0.7920 -0.5342 -0.2956 0.8002 -0.5397 -0.2617 0.8073 -0.5445 -0.2274 0.8135 -0.5487 -0.1929 0.8186 -0.5522 -0.1582 0.8227 -0.5549 -0.1232 0.8258 -0.5570 -0.0881 0.8279 -0.5584 -0.0529 0.8289 -0.5591 -0.0176 0.8289 -0.5591 0.0176 0.8279 -0.5584 0.0529 0.8258 -0.5570 0.0881 0.8227 -0.5549 0.1232 0.8186 -0.5522 0.1582 0.8135 -0.5487 0.1929 0.8073 -0.5445 0.2274 0.8002 -0.5397 0.2617 0.7920 -0.5342 0.2956 0.7829 -0.5280 0.3291 0.7727 -0.5212 0.3622 0.7617 -0.5137 0.3949 0.7496 -0.5056 0.4271 0.7367 -0.4969 0.4587 0.7228 -0.4875 0.4898 0.7080 -0.4776 0.5202 0.6924 -0.4670 0.5501 0.6758 -0.4559 0.5792 0.6585 -0.4441 0.6076 0.6403 -0.4319 0.6352 0.6213 -0.4191 0.6621 0.6015 -0.4057 0.6881 0.5810 -0.3919 0.7133 0.5598 -0.3776 0.7376 0.5379 -0.3628 0.7610 0.5153 -0.3475 0.7834 0.4920 -0.3319 0.8048 0.4682 -0.3158 0.8253 0.4437 -0.2993 0.8447 0.4187 -0.2824 0.8631 0.3932 -0.2652 0.8804 0.3672 -0.2477 0.8965 0.3408 -0.2298 0.9116 0.3139 -0.2117 0.9256 0.2866 -0.1933 0.9383 0.2590 -0.1747 0.9500 0.2310 -0.1558 0.9604 0.2028 -0.1368 0.9696 0.1743 -0.1175 0.9777 0.1456 -0.0982 0.9845 0.1167 -0.0787 0.9900 0.0876 -0.0591 0.9944 0.0585 -0.0394 0.9975 0.0293 -0.0197 0.9994 0.0299 -0.0187 -0.9994 0.0598 -0.0374 -0.9975 0.0896 -0.0560 -0.9944 0.1193 -0.0746 -0.9900 0.1489 -0.0930 -0.9845 0.1783 -0.1114 -0.9777 0.2074 -0.1296 -0.9696 0.2363 -0.1477 -0.9604 0.2649 -0.1655 -0.9500 0.2932 -0.1832 -0.9383 0.3211 -0.2006 -0.9256 0.3486 -0.2178 -0.9116 0.3756 -0.2347 -0.8965 0.4022 -0.2513 -0.8804 0.4283 -0.2677 -0.8631 0.4539 -0.2836 -0.8447 0.4789 -0.2992 -0.8253 0.5033 -0.3145 -0.8048 0.5271 -0.3294 -0.7834 0.5502 -0.3438 -0.7610 0.5726 -0.3578 -0.7376 0.5943 -0.3714 -0.7133 0.6153 -0.3845 -0.6881 0.6355 -0.3971 -0.6621 0.6550 -0.4093 -0.6352 0.6736 -0.4209 -0.6076 0.6913 -0.4320 -0.5792 0.7082 -0.4426 -0.5501 0.7243 -0.4526 -0.5202 0.7394 -0.4620 -0.4898 0.7536 -0.4709 -0.4587 0.7668 -0.4792 -0.4271 0.7791 -0.4869 -0.3949 0.7905 -0.4939 -0.3622 0.8008 -0.5004 -0.3291 0.8102 -0.5062 -0.2956 0.8185 -0.5115 -0.2617 0.8258 -0.5160 -0.2274 0.8321 -0.5200 -0.1929 0.8374 -0.5232 -0.1582 0.8416 -0.5259 -0.1232 0.8447 -0.5279 -0.0881 0.8469 -0.5292 -0.0529 0.8479 -0.5298 -0.0176 0.8479 -0.5298 0.0176 0.8469 -0.5292 0.0529 0.8447 -0.5279 0.0881 0.8416 -0.5259 0.1232 0.8374 -0.5232 0.1582 0.8321 -0.5200 0.1929 0.8258 -0.5160 0.2274 0.8185 -0.5115 0.2617 0.8102 -0.5062 0.2956 0.8008 -0.5004 0.3291 0.7905 -0.4939 0.3622 0.7791 -0.4869 0.3949 0.7668 -0.4792 0.4271 0.7536 -0.4709 0.4587 0.7394 -0.4620 0.4898 0.7243 -0.4526 0.5202 0.7082 -0.4426 0.5501 0.6913 -0.4320 0.5792 0.6736 -0.4209 0.6076 0.6550 -0.4093 0.6352 0.6355 -0.3971 0.6621 0.6153 -0.3845 0.6881 0.5943 -0.3714 0.7133 0.5726 -0.3578 0.7376 0.5502 -0.3438 0.7610 0.5271 -0.3294 0.7834 0.5033 -0.3145 0.8048 0.4789 -0.2992 0.8253 0.4539 -0.2836 0.8447 0.4283 -0.2677 0.8631 0.4022 -0.2513 0.8804 0.3756 -0.2347 0.8965 0.3486 -0.2178 0.9116 0.3211 -0.2006 0.9256 0.2932 -0.1832 0.9383 0.2649 -0.1655 0.9500 0.2363 -0.1477 0.9604 0.2074 -0.1296 0.9696 0.1783 -0.1114 0.9777 0.1489 -0.0930 0.9845 0.1193 -0.0746 0.9900 0.0896 -0.0560 0.9944 0.0598 -0.0374 0.9975 0.0299 -0.0187 0.9994 0.0306 -0.0176 -0.9994 0.0611 -0.0353 -0.9975 0.0915 -0.0528 -0.9944 0.1219 -0.0704 -0.9900 0.1521 -0.0878 -0.9845 0.1820 -0.1051 -0.9777 0.2118 -0.1223 -0.9696 0.2413 -0.1393 -0.9604 0.2705 -0.1562 -0.9500 0.2994 -0.1729 -0.9383 0.3279 -0.1893 -0.9256 0.3560 -0.2055 -0.9116 0.3836 -0.2215 -0.8965 0.4108 -0.2372 -0.8804 0.4374 -0.2525 -0.8631 0.4635 -0.2676 -0.8447 0.4891 -0.2824 -0.8253 0.5140 -0.2967 -0.8048 0.5382 -0.3108 -0.7834 0.5619 -0.3244 -0.7610 0.5848 -0.3376 -0.7376 0.6069 -0.3504 -0.7133 0.6284 -0.3628 -0.6881 0.6490 -0.3747 -0.6621 0.6688 -0.3862 -0.6352 0.6878 -0.3971 -0.6076 0.7060 -0.4076 -0.5792 0.7232 -0.4176 -0.5501 0.7396 -0.4270 -0.5202 0.7550 -0.4359 -0.4898 0.7695 -0.4443 -0.4587 0.7831 -0.4521 -0.4271 0.7956 -0.4594 -0.3949 0.8072 -0.4660 -0.3622 0.8178 -0.4721 -0.3291 0.8273 -0.4777 -0.2956 0.8359 -0.4826 -0.2617 0.8433 -0.4869 -0.2274 0.8498 -0.4906 -0.1929 0.8551 -0.4937 -0.1582 0.8594 -0.4962 -0.1232 0.8627 -0.4981 -0.0881 0.8648 -0.4993 -0.0529 0.8659 -0.4999 -0.0176 0.8659 -0.4999 0.0176 0.8648 -0.4993 0.0529 0.8627 -0.4981 0.0881 0.8594 -0.4962 0.1232 0.8551 -0.4937 0.1582 0.8498 -0.4906 0.1929 0.8433 -0.4869 0.2274 0.8359 -0.4826 0.2617 0.8273 -0.4777 0.2956 0.8178 -0.4721 0.3291 0.8072 -0.4660 0.3622 0.7956 -0.4594 0.3949 0.7831 -0.4521 0.4271 0.7695 -0.4443 0.4587 0.7550 -0.4359 0.4898 0.7396 -0.4270 0.5202 0.7232 -0.4176 0.5501 0.7060 -0.4076 0.5792 0.6878 -0.3971 0.6076 0.6688 -0.3862 0.6352 0.6490 -0.3747 0.6621 0.6284 -0.3628 0.6881 0.6069 -0.3504 0.7133 0.5848 -0.3376 0.7376 0.5619 -0.3244 0.7610 0.5382 -0.3108 0.7834 0.5140 -0.2967 0.8048 0.4891 -0.2824 0.8253 0.4635 -0.2676 0.8447 0.4374 -0.2525 0.8631 0.4108 -0.2372 0.8804 0.3836 -0.2215 0.8965 0.3560 -0.2055 0.9116 0.3279 -0.1893 0.9256 0.2994 -0.1729 0.9383 0.2705 -0.1562 0.9500 0.2413 -0.1393 0.9604 0.2118 -0.1223 0.9696 0.1820 -0.1051 0.9777 0.1521 -0.0878 0.9845 0.1219 -0.0704 0.9900 0.0915 -0.0528 0.9944 0.0611 -0.0353 0.9975 0.0306 -0.0176 0.9994 0.0312 -0.0166 -0.9994 0.0623 -0.0331 -0.9975 0.0933 -0.0496 -0.9944 0.1243 -0.0661 -0.9900 0.1550 -0.0824 -0.9845 0.1856 -0.0987 -0.9777 0.2160 -0.1148 -0.9696 0.2460 -0.1308 -0.9604 0.2758 -0.1466 -0.9500 0.3052 -0.1623 -0.9383 0.3343 -0.1777 -0.9256 0.3629 -0.1930 -0.9116 0.3911 -0.2080 -0.8965 0.4188 -0.2227 -0.8804 0.4460 -0.2371 -0.8631 0.4726 -0.2513 -0.8447 0.4986 -0.2651 -0.8253 0.5240 -0.2786 -0.8048 0.5488 -0.2918 -0.7834 0.5728 -0.3046 -0.7610 0.5962 -0.3170 -0.7376 0.6188 -0.3290 -0.7133 0.6406 -0.3406 -0.6881 0.6617 -0.3518 -0.6621 0.6819 -0.3626 -0.6352 0.7013 -0.3729 -0.6076 0.7198 -0.3827 -0.5792 0.7374 -0.3921 -0.5501 0.7541 -0.4009 -0.5202 0.7698 -0.4093 -0.4898 0.7846 -0.4172 -0.4587 0.7984 -0.4245 -0.4271 0.8112 -0.4313 -0.3949 0.8230 -0.4376 -0.3622 0.8338 -0.4433 -0.3291 0.8435 -0.4485 -0.2956 0.8522 -0.4531 -0.2617 0.8598 -0.4572 -0.2274 0.8664 -0.4607 -0.1929 0.8718 -0.4636 -0.1582 0.8762 -0.4659 -0.1232 0.8795 -0.4676 -0.0881 0.8817 -0.4688 -0.0529 0.8828 -0.4694 -0.0176 0.8828 -0.4694 0.0176 0.8817 -0.4688 0.0529 0.8795 -0.4676 0.0881 0.8762 -0.4659 0.1232 0.8718 -0.4636 0.1582 0.8664 -0.4607 0.1929 0.8598 -0.4572 0.2274 0.8522 -0.4531 0.2617 0.8435 -0.4485 0.2956 0.8338 -0.4433 0.3291 0.8230 -0.4376 0.3622 0.8112 -0.4313 0.3949 0.7984 -0.4245 0.4271 0.7846 -0.4172 0.4587 0.7698 -0.4093 0.4898 0.7541 -0.4009 0.5202 0.7374 -0.3921 0.5501 0.7198 -0.3827 0.5792 0.7013 -0.3729 0.6076 0.6819 -0.3626 0.6352 0.6617 -0.3518 0.6621 0.6406 -0.3406 0.6881 0.6188 -0.3290 0.7133 0.5962 -0.3170 0.7376 0.5728 -0.3046 0.7610 0.5488 -0.2918 0.7834 0.5240 -0.2786 0.8048 0.4986 -0.2651 0.8253 0.4726 -0.2513 0.8447 0.4460 -0.2371 0.8631 0.4188 -0.2227 0.8804 0.3911 -0.2080 0.8965 0.3629 -0.1930 0.9116 0.3343 -0.1777 0.9256 0.3052 -0.1623 0.9383 0.2758 -0.1466 0.9500 0.2460 -0.1308 0.9604 0.2160 -0.1148 0.9696 0.1856 -0.0987 0.9777 0.1550 -0.0824 0.9845 0.1243 -0.0661 0.9900 0.0933 -0.0496 0.9944 0.0623 -0.0331 0.9975 0.0312 -0.0166 0.9994 0.0317 -0.0155 -0.9994 0.0634 -0.0309 -0.9975 0.0950 -0.0463 -0.9944 0.1265 -0.0617 -0.9900 0.1578 -0.0770 -0.9845 0.1889 -0.0922 -0.9777 0.2198 -0.1072 -0.9696 0.2505 -0.1222 -0.9604 0.2808 -0.1369 -0.9500 0.3107 -0.1515 -0.9383 0.3403 -0.1660 -0.9256 0.3694 -0.1802 -0.9116 0.3981 -0.1942 -0.8965 0.4263 -0.2079 -0.8804 0.4540 -0.2214 -0.8631 0.4811 -0.2346 -0.8447 0.5076 -0.2476 -0.8253 0.5334 -0.2602 -0.8048 0.5586 -0.2725 -0.7834 0.5831 -0.2844 -0.7610 0.6069 -0.2960 -0.7376 0.6299 -0.3072 -0.7133 0.6521 -0.3181 -0.6881 0.6736 -0.3285 -0.6621 0.6941 -0.3386 -0.6352 0.7139 -0.3482 -0.6076 0.7327 -0.3574 -0.5792 0.7506 -0.3661 -0.5501 0.7676 -0.3744 -0.5202 0.7836 -0.3822 -0.4898 0.7987 -0.3895 -0.4587 0.8127 -0.3964 -0.4271 0.8258 -0.4027 -0.3949 0.8378 -0.4086 -0.3622 0.8487 -0.4140 -0.3291 0.8586 -0.4188 -0.2956 0.8675 -0.4231 -0.2617 0.8752 -0.4269 -0.2274 0.8819 -0.4301 -0.1929 0.8875 -0.4329 -0.1582 0.8919 -0.4350 -0.1232 0.8953 -0.4367 -0.0881 0.8975 -0.4378 -0.0529 0.8987 -0.4383 -0.0176 0.8987 -0.4383 0.0176 0.8975 -0.4378 0.0529 0.8953 -0.4367 0.0881 0.8919 -0.4350 0.1232 0.8875 -0.4329 0.1582 0.8819 -0.4301 0.1929 0.8752 -0.4269 0.2274 0.8675 -0.4231 0.2617 0.8586 -0.4188 0.2956 0.8487 -0.4140 0.3291 0.8378 -0.4086 0.3622 0.8258 -0.4027 0.3949 0.8127 -0.3964 0.4271 0.7987 -0.3895 0.4587 0.7836 -0.3822 0.4898 0.7676 -0.3744 0.5202 0.7506 -0.3661 0.5501 0.7327 -0.3574 0.5792 0.7139 -0.3482 0.6076 0.6941 -0.3386 0.6352 0.6736 -0.3285 0.6621 0.6521 -0.3181 0.6881 0.6299 -0.3072 0.7133 0.6069 -0.2960 0.7376 0.5831 -0.2844 0.7610 0.5586 -0.2725 0.7834 0.5334 -0.2602 0.8048 0.5076 -0.2476 0.8253 0.4811 -0.2346 0.8447 0.4540 -0.2214 0.8631 0.4263 -0.2079 0.8804 0.3981 -0.1942 0.8965 0.3694 -0.1802 0.9116 0.3403 -0.1660 0.9256 0.3107 -0.1515 0.9383 0.2808 -0.1369 0.9500 0.2505 -0.1222 0.9604 0.2198 -0.1072 0.9696 0.1889 -0.0922 0.9777 0.1578 -0.0770 0.9845 0.1265 -0.0617 0.9900 0.0950 -0.0463 0.9944 0.0634 -0.0309 0.9975 0.0317 -0.0155 0.9994 0.0322 -0.0144 -0.9994 0.0644 -0.0287 -0.9975 0.0966 -0.0430 -0.9944 0.1286 -0.0572 -0.9900 0.1604 -0.0714 -0.9845 0.1920 -0.0855 -0.9777 0.2234 -0.0995 -0.9696 0.2546 -0.1133 -0.9604 0.2854 -0.1271 -0.9500 0.3158 -0.1406 -0.9383 0.3459 -0.1540 -0.9256 0.3755 -0.1672 -0.9116 0.4047 -0.1802 -0.8965 0.4333 -0.1929 -0.8804 0.4614 -0.2054 -0.8631 0.4890 -0.2177 -0.8447 0.5159 -0.2297 -0.8253 0.5422 -0.2414 -0.8048 0.5678 -0.2528 -0.7834 0.5927 -0.2639 -0.7610 0.6169 -0.2746 -0.7376 0.6402 -0.2851 -0.7133 0.6628 -0.2951 -0.6881 0.6846 -0.3048 -0.6621 0.7055 -0.3141 -0.6352 0.7256 -0.3230 -0.6076 0.7447 -0.3316 -0.5792 0.7629 -0.3397 -0.5501 0.7802 -0.3474 -0.5202 0.7965 -0.3546 -0.4898 0.8118 -0.3614 -0.4587 0.8261 -0.3678 -0.4271 0.8393 -0.3737 -0.3949 0.8515 -0.3791 -0.3622 0.8627 -0.3841 -0.3291 0.8727 -0.3886 -0.2956 0.8817 -0.3926 -0.2617 0.8896 -0.3961 -0.2274 0.8964 -0.3991 -0.1929 0.9020 -0.4016 -0.1582 0.9066 -0.4036 -0.1232 0.9100 -0.4052 -0.0881 0.9123 -0.4062 -0.0529 0.9134 -0.4067 -0.0176 0.9134 -0.4067 0.0176 0.9123 -0.4062 0.0529 0.9100 -0.4052 0.0881 0.9066 -0.4036 0.1232 0.9020 -0.4016 0.1582 0.8964 -0.3991 0.1929 0.8896 -0.3961 0.2274 0.8817 -0.3926 0.2617 0.8727 -0.3886 0.2956 0.8627 -0.3841 0.3291 0.8515 -0.3791 0.3622 0.8393 -0.3737 0.3949 0.8261 -0.3678 0.4271 0.8118 -0.3614 0.4587 0.7965 -0.3546 0.4898 0.7802 -0.3474 0.5202 0.7629 -0.3397 0.5501 0.7447 -0.3316 0.5792 0.7256 -0.3230 0.6076 0.7055 -0.3141 0.6352 0.6846 -0.3048 0.6621 0.6628 -0.2951 0.6881 0.6402 -0.2851 0.7133 0.6169 -0.2746 0.7376 0.5927 -0.2639 0.7610 0.5678 -0.2528 0.7834 0.5422 -0.2414 0.8048 0.5159 -0.2297 0.8253 0.4890 -0.2177 0.8447 0.4614 -0.2054 0.8631 0.4333 -0.1929 0.8804 0.4047 -0.1802 0.8965 0.3755 -0.1672 0.9116 0.3459 -0.1540 0.9256 0.3158 -0.1406 0.9383 0.2854 -0.1271 0.9500 0.2546 -0.1133 0.9604 0.2234 -0.0995 0.9696 0.1920 -0.0855 0.9777 0.1604 -0.0714 0.9845 0.1286 -0.0572 0.9900 0.0966 -0.0430 0.9944 0.0644 -0.0287 0.9975 0.0322 -0.0144 0.9994 0.0327 -0.0132 -0.9994 0.0654 -0.0264 -0.9975 0.0980 -0.0396 -0.9944 0.1305 -0.0527 -0.9900 0.1628 -0.0658 -0.9845 0.1949 -0.0787 -0.9777 0.2268 -0.0916 -0.9696 0.2584 -0.1044 -0.9604 0.2896 -0.1170 -0.9500 0.3205 -0.1295 -0.9383 0.3510 -0.1418 -0.9256 0.3811 -0.1540 -0.9116 0.4107 -0.1659 -0.8965 0.4398 -0.1777 -0.8804 0.4683 -0.1892 -0.8631 0.4963 -0.2005 -0.8447 0.5236 -0.2115 -0.8253 0.5503 -0.2223 -0.8048 0.5763 -0.2328 -0.7834 0.6015 -0.2430 -0.7610 0.6261 -0.2529 -0.7376 0.6498 -0.2625 -0.7133 0.6727 -0.2718 -0.6881 0.6948 -0.2807 -0.6621 0.7161 -0.2893 -0.6352 0.7364 -0.2975 -0.6076 0.7558 -0.3054 -0.5792 0.7743 -0.3128 -0.5501 0.7918 -0.3199 -0.5202 0.8084 -0.3266 -0.4898 0.8239 -0.3329 -0.4587 0.8384 -0.3387 -0.4271 0.8518 -0.3442 -0.3949 0.8642 -0.3492 -0.3622 0.8755 -0.3537 -0.3291 0.8858 -0.3579 -0.2956 0.8949 -0.3616 -0.2617 0.9029 -0.3648 -0.2274 0.9098 -0.3676 -0.1929 0.9155 -0.3699 -0.1582 0.9201 -0.3718 -0.1232 0.9236 -0.3731 -0.0881 0.9259 -0.3741 -0.0529 0.9270 -0.3745 -0.0176 0.9270 -0.3745 0.0176 0.9259 -0.3741 0.0529 0.9236 -0.3731 0.0881 0.9201 -0.3718 0.1232 0.9155 -0.3699 0.1582 0.9098 -0.3676 0.1929 0.9029 -0.3648 0.2274 0.8949 -0.3616 0.2617 0.8858 -0.3579 0.2956 0.8755 -0.3537 0.3291 0.8642 -0.3492 0.3622 0.8518 -0.3442 0.3949 0.8384 -0.3387 0.4271 0.8239 -0.3329 0.4587 0.8084 -0.3266 0.4898 0.7918 -0.3199 0.5202 0.7743 -0.3128 0.5501 0.7558 -0.3054 0.5792 0.7364 -0.2975 0.6076 0.7161 -0.2893 0.6352 0.6948 -0.2807 0.6621 0.6727 -0.2718 0.6881 0.6498 -0.2625 0.7133 0.6261 -0.2529 0.7376 0.6015 -0.2430 0.7610 0.5763 -0.2328 0.7834 0.5503 -0.2223 0.8048 0.5236 -0.2115 0.8253 0.4963 -0.2005 0.8447 0.4683 -0.1892 0.8631 0.4398 -0.1777 0.8804 0.4107 -0.1659 0.8965 0.3811 -0.1540 0.9116 0.3510 -0.1418 0.9256 0.3205 -0.1295 0.9383 0.2896 -0.1170 0.9500 0.2584 -0.1044 0.9604 0.2268 -0.0916 0.9696 0.1949 -0.0787 0.9777 0.1628 -0.0658 0.9845 0.1305 -0.0527 0.9900 0.0980 -0.0396 0.9944 0.0654 -0.0264 0.9975 0.0327 -0.0132 0.9994 0.0332 -0.0121 -0.9994 0.0663 -0.0241 -0.9975 0.0993 -0.0362 -0.9944 0.1322 -0.0481 -0.9900 0.1650 -0.0601 -0.9845 0.1975 -0.0719 -0.9777 0.2298 -0.0837 -0.9696 0.2618 -0.0953 -0.9604 0.2935 -0.1068 -0.9500 0.3249 -0.1182 -0.9383 0.3558 -0.1295 -0.9256 0.3862 -0.1406 -0.9116 0.4162 -0.1515 -0.8965 0.4457 -0.1622 -0.8804 0.4746 -0.1727 -0.8631 0.5030 -0.1831 -0.8447 0.5307 -0.1931 -0.8253 0.5577 -0.2030 -0.8048 0.5840 -0.2126 -0.7834 0.6097 -0.2219 -0.7610 0.6345 -0.2309 -0.7376 0.6586 -0.2397 -0.7133 0.6818 -0.2482 -0.6881 0.7042 -0.2563 -0.6621 0.7257 -0.2641 -0.6352 0.7463 -0.2716 -0.6076 0.7660 -0.2788 -0.5792 0.7848 -0.2856 -0.5501 0.8025 -0.2921 -0.5202 0.8193 -0.2982 -0.4898 0.8350 -0.3039 -0.4587 0.8497 -0.3093 -0.4271 0.8633 -0.3142 -0.3949 0.8759 -0.3188 -0.3622 0.8874 -0.3230 -0.3291 0.8977 -0.3267 -0.2956 0.9070 -0.3301 -0.2617 0.9151 -0.3331 -0.2274 0.9220 -0.3356 -0.1929 0.9279 -0.3377 -0.1582 0.9325 -0.3394 -0.1232 0.9360 -0.3407 -0.0881 0.9384 -0.3415 -0.0529 0.9395 -0.3420 -0.0176 0.9395 -0.3420 0.0176 0.9384 -0.3415 0.0529 0.9360 -0.3407 0.0881 0.9325 -0.3394 0.1232 0.9279 -0.3377 0.1582 0.9220 -0.3356 0.1929 0.9151 -0.3331 0.2274 0.9070 -0.3301 0.2617 0.8977 -0.3267 0.2956 0.8874 -0.3230 0.3291 0.8759 -0.3188 0.3622 0.8633 -0.3142 0.3949 0.8497 -0.3093 0.4271 0.8350 -0.3039 0.4587 0.8193 -0.2982 0.4898 0.8025 -0.2921 0.5202 0.7848 -0.2856 0.5501 0.7660 -0.2788 0.5792 0.7463 -0.2716 0.6076 0.7257 -0.2641 0.6352 0.7042 -0.2563 0.6621 0.6818 -0.2482 0.6881 0.6586 -0.2397 0.7133 0.6345 -0.2309 0.7376 0.6097 -0.2219 0.7610 0.5840 -0.2126 0.7834 0.5577 -0.2030 0.8048 0.5307 -0.1931 0.8253 0.5030 -0.1831 0.8447 0.4746 -0.1727 0.8631 0.4457 -0.1622 0.8804 0.4162 -0.1515 0.8965 0.3862 -0.1406 0.9116 0.3558 -0.1295 0.9256 0.3249 -0.1182 0.9383 0.2935 -0.1068 0.9500 0.2618 -0.0953 0.9604 0.2298 -0.0837 0.9696 0.1975 -0.0719 0.9777 0.1650 -0.0601 0.9845 0.1322 -0.0481 0.9900 0.0993 -0.0362 0.9944 0.0663 -0.0241 0.9975 0.0332 -0.0121 0.9994 0.0336 -0.0109 -0.9994 0.0671 -0.0218 -0.9975 0.1005 -0.0327 -0.9944 0.1338 -0.0435 -0.9900 0.1670 -0.0543 -0.9845 0.1999 -0.0650 -0.9777 0.2326 -0.0756 -0.9696 0.2650 -0.0861 -0.9604 0.2971 -0.0965 -0.9500 0.3288 -0.1068 -0.9383 0.3601 -0.1170 -0.9256 0.3909 -0.1270 -0.9116 0.4213 -0.1369 -0.8965 0.4511 -0.1466 -0.8804 0.4804 -0.1561 -0.8631 0.5090 -0.1654 -0.8447 0.5371 -0.1745 -0.8253 0.5644 -0.1834 -0.8048 0.5911 -0.1921 -0.7834 0.6170 -0.2005 -0.7610 0.6422 -0.2087 -0.7376 0.6665 -0.2166 -0.7133 0.6901 -0.2242 -0.6881 0.7127 -0.2316 -0.6621 0.7345 -0.2387 -0.6352 0.7554 -0.2454 -0.6076 0.7753 -0.2519 -0.5792 0.7943 -0.2581 -0.5501 0.8122 -0.2639 -0.5202 0.8292 -0.2694 -0.4898 0.8451 -0.2746 -0.4587 0.8600 -0.2794 -0.4271 0.8738 -0.2839 -0.3949 0.8865 -0.2880 -0.3622 0.8981 -0.2918 -0.3291 0.9086 -0.2952 -0.2956 0.9179 -0.2983 -0.2617 0.9261 -0.3009 -0.2274 0.9332 -0.3032 -0.1929 0.9391 -0.3051 -0.1582 0.9438 -0.3067 -0.1232 0.9474 -0.3078 -0.0881 0.9497 -0.3086 -0.0529 0.9509 -0.3090 -0.0176 0.9509 -0.3090 0.0176 0.9497 -0.3086 0.0529 0.9474 -0.3078 0.0881 0.9438 -0.3067 0.1232 0.9391 -0.3051 0.1582 0.9332 -0.3032 0.1929 0.9261 -0.3009 0.2274 0.9179 -0.2983 0.2617 0.9086 -0.2952 0.2956 0.8981 -0.2918 0.3291 0.8865 -0.2880 0.3622 0.8738 -0.2839 0.3949 0.8600 -0.2794 0.4271 0.8451 -0.2746 0.4587 0.8292 -0.2694 0.4898 0.8122 -0.2639 0.5202 0.7943 -0.2581 0.5501 0.7753 -0.2519 0.5792 0.7554 -0.2454 0.6076 0.7345 -0.2387 0.6352 0.7127 -0.2316 0.6621 0.6901 -0.2242 0.6881 0.6665 -0.2166 0.7133 0.6422 -0.2087 0.7376 0.6170 -0.2005 0.7610 0.5911 -0.1921 0.7834 0.5644 -0.1834 0.8048 0.5371 -0.1745 0.8253 0.5090 -0.1654 0.8447 0.4804 -0.1561 0.8631 0.4511 -0.1466 0.8804 0.4213 -0.1369 0.8965 0.3909 -0.1270 0.9116 0.3601 -0.1170 0.9256 0.3288 -0.1068 0.9383 0.2971 -0.0965 0.9500 0.2650 -0.0861 0.9604 0.2326 -0.0756 0.9696 0.1999 -0.0650 0.9777 0.1670 -0.0543 0.9845 0.1338 -0.0435 0.9900 0.1005 -0.0327 0.9944 0.0671 -0.0218 0.9975 0.0336 -0.0109 0.9994 0.0339 -0.0097 -0.9994 0.0678 -0.0194 -0.9975 0.1016 -0.0291 -0.9944 0.1353 -0.0388 -0.9900 0.1688 -0.0484 -0.9845 0.2021 -0.0579 -0.9777 0.2351 -0.0674 -0.9696 0.2679 -0.0768 -0.9604 0.3003 -0.0861 -0.9500 0.3323 -0.0953 -0.9383 0.3639 -0.1044 -0.9256 0.3951 -0.1133 -0.9116 0.4258 -0.1221 -0.8965 0.4559 -0.1307 -0.8804 0.4855 -0.1392 -0.8631 0.5145 -0.1475 -0.8447 0.5428 -0.1557 -0.8253 0.5705 -0.1636 -0.8048 0.5974 -0.1713 -0.7834 0.6236 -0.1788 -0.7610 0.6491 -0.1861 -0.7376 0.6737 -0.1932 -0.7133 0.6975 -0.2000 -0.6881 0.7204 -0.2066 -0.6621 0.7424 -0.2129 -0.6352 0.7635 -0.2189 -0.6076 0.7836 -0.2247 -0.5792 0.8028 -0.2302 -0.5501 0.8209 -0.2354 -0.5202 0.8381 -0.2403 -0.4898 0.8542 -0.2449 -0.4587 0.8692 -0.2492 -0.4271 0.8831 -0.2532 -0.3949 0.8960 -0.2569 -0.3622 0.9077 -0.2603 -0.3291 0.9183 -0.2633 -0.2956 0.9278 -0.2660 -0.2617 0.9361 -0.2684 -0.2274 0.9432 -0.2705 -0.1929 0.9492 -0.2722 -0.1582 0.9539 -0.2735 -0.1232 0.9575 -0.2746 -0.0881 0.9599 -0.2753 -0.0529 0.9611 -0.2756 -0.0176 0.9611 -0.2756 0.0176 0.9599 -0.2753 0.0529 0.9575 -0.2746 0.0881 0.9539 -0.2735 0.1232 0.9492 -0.2722 0.1582 0.9432 -0.2705 0.1929 0.9361 -0.2684 0.2274 0.9278 -0.2660 0.2617 0.9183 -0.2633 0.2956 0.9077 -0.2603 0.3291 0.8960 -0.2569 0.3622 0.8831 -0.2532 0.3949 0.8692 -0.2492 0.4271 0.8542 -0.2449 0.4587 0.8381 -0.2403 0.4898 0.8209 -0.2354 0.5202 0.8028 -0.2302 0.5501 0.7836 -0.2247 0.5792 0.7635 -0.2189 0.6076 0.7424 -0.2129 0.6352 0.7204 -0.2066 0.6621 0.6975 -0.2000 0.6881 0.6737 -0.1932 0.7133 0.6491 -0.1861 0.7376 0.6236 -0.1788 0.7610 0.5974 -0.1713 0.7834 0.5705 -0.1636 0.8048 0.5428 -0.1557 0.8253 0.5145 -0.1475 0.8447 0.4855 -0.1392 0.8631 0.4559 -0.1307 0.8804 0.4258 -0.1221 0.8965 0.3951 -0.1133 0.9116 0.3639 -0.1044 0.9256 0.3323 -0.0953 0.9383 0.3003 -0.0861 0.9500 0.2679 -0.0768 0.9604 0.2351 -0.0674 0.9696 0.2021 -0.0579 0.9777 0.1688 -0.0484 0.9845 0.1353 -0.0388 0.9900 0.1016 -0.0291 0.9944 0.0678 -0.0194 0.9975 0.0339 -0.0097 0.9994 0.0342 -0.0085 -0.9994 0.0684 -0.0171 -0.9975 0.1026 -0.0256 -0.9944 0.1365 -0.0340 -0.9900 0.1704 -0.0425 -0.9845 0.2040 -0.0509 -0.9777 0.2373 -0.0592 -0.9696 0.2704 -0.0674 -0.9604 0.3031 -0.0756 -0.9500 0.3354 -0.0836 -0.9383 0.3674 -0.0916 -0.9256 0.3988 -0.0994 -0.9116 0.4298 -0.1072 -0.8965 0.4602 -0.1147 -0.8804 0.4901 -0.1222 -0.8631 0.5193 -0.1295 -0.8447 0.5479 -0.1366 -0.8253 0.5759 -0.1436 -0.8048 0.6031 -0.1504 -0.7834 0.6295 -0.1570 -0.7610 0.6552 -0.1634 -0.7376 0.6800 -0.1695 -0.7133 0.7040 -0.1755 -0.6881 0.7271 -0.1813 -0.6621 0.7494 -0.1868 -0.6352 0.7707 -0.1921 -0.6076 0.7910 -0.1972 -0.5792 0.8103 -0.2020 -0.5501 0.8287 -0.2066 -0.5202 0.8460 -0.2109 -0.4898 0.8622 -0.2150 -0.4587 0.8774 -0.2188 -0.4271 0.8914 -0.2223 -0.3949 0.9044 -0.2255 -0.3622 0.9162 -0.2284 -0.3291 0.9269 -0.2311 -0.2956 0.9365 -0.2335 -0.2617 0.9449 -0.2356 -0.2274 0.9521 -0.2374 -0.1929 0.9581 -0.2389 -0.1582 0.9629 -0.2401 -0.1232 0.9665 -0.2410 -0.0881 0.9689 -0.2416 -0.0529 0.9701 -0.2419 -0.0176 0.9701 -0.2419 0.0176 0.9689 -0.2416 0.0529 0.9665 -0.2410 0.0881 0.9629 -0.2401 0.1232 0.9581 -0.2389 0.1582 0.9521 -0.2374 0.1929 0.9449 -0.2356 0.2274 0.9365 -0.2335 0.2617 0.9269 -0.2311 0.2956 0.9162 -0.2284 0.3291 0.9044 -0.2255 0.3622 0.8914 -0.2223 0.3949 0.8774 -0.2188 0.4271 0.8622 -0.2150 0.4587 0.8460 -0.2109 0.4898 0.8287 -0.2066 0.5202 0.8103 -0.2020 0.5501 0.7910 -0.1972 0.5792 0.7707 -0.1921 0.6076 0.7494 -0.1868 0.6352 0.7271 -0.1813 0.6621 0.7040 -0.1755 0.6881 0.6800 -0.1695 0.7133 0.6552 -0.1634 0.7376 0.6295 -0.1570 0.7610 0.6031 -0.1504 0.7834 0.5759 -0.1436 0.8048 0.5479 -0.1366 0.8253 0.5193 -0.1295 0.8447 0.4901 -0.1222 0.8631 0.4602 -0.1147 0.8804 0.4298 -0.1072 0.8965 0.3988 -0.0994 0.9116 0.3674 -0.0916 0.9256 0.3354 -0.0836 0.9383 0.3031 -0.0756 0.9500 0.2704 -0.0674 0.9604 0.2373 -0.0592 0.9696 0.2040 -0.0509 0.9777 0.1704 -0.0425 0.9845 0.1365 -0.0340 0.9900 0.1026 -0.0256 0.9944 0.0684 -0.0171 0.9975 0.0342 -0.0085 0.9994 0.0345 -0.0073 -0.9994 0.0690 -0.0147 -0.9975 0.1034 -0.0220 -0.9944 0.1377 -0.0293 -0.9900 0.1717 -0.0365 -0.9845 0.2056 -0.0437 -0.9777 0.2392 -0.0509 -0.9696 0.2726 -0.0579 -0.9604 0.3055 -0.0649 -0.9500 0.3381 -0.0719 -0.9383 0.3703 -0.0787 -0.9256 0.4020 -0.0855 -0.9116 0.4333 -0.0921 -0.8965 0.4639 -0.0986 -0.8804 0.4940 -0.1050 -0.8631 0.5235 -0.1113 -0.8447 0.5524 -0.1174 -0.8253 0.5805 -0.1234 -0.8048 0.6079 -0.1292 -0.7834 0.6346 -0.1349 -0.7610 0.6605 -0.1404 -0.7376 0.6855 -0.1457 -0.7133 0.7097 -0.1509 -0.6881 0.7330 -0.1558 -0.6621 0.7554 -0.1606 -0.6352 0.7769 -0.1651 -0.6076 0.7974 -0.1695 -0.5792 0.8169 -0.1736 -0.5501 0.8354 -0.1776 -0.5202 0.8528 -0.1813 -0.4898 0.8692 -0.1847 -0.4587 0.8845 -0.1880 -0.4271 0.8987 -0.1910 -0.3949 0.9117 -0.1938 -0.3622 0.9237 -0.1963 -0.3291 0.9344 -0.1986 -0.2956 0.9441 -0.2007 -0.2617 0.9525 -0.2025 -0.2274 0.9598 -0.2040 -0.1929 0.9658 -0.2053 -0.1582 0.9707 -0.2063 -0.1232 0.9743 -0.2071 -0.0881 0.9768 -0.2076 -0.0529 0.9780 -0.2079 -0.0176 0.9780 -0.2079 0.0176 0.9768 -0.2076 0.0529 0.9743 -0.2071 0.0881 0.9707 -0.2063 0.1232 0.9658 -0.2053 0.1582 0.9598 -0.2040 0.1929 0.9525 -0.2025 0.2274 0.9441 -0.2007 0.2617 0.9344 -0.1986 0.2956 0.9237 -0.1963 0.3291 0.9117 -0.1938 0.3622 0.8987 -0.1910 0.3949 0.8845 -0.1880 0.4271 0.8692 -0.1847 0.4587 0.8528 -0.1813 0.4898 0.8354 -0.1776 0.5202 0.8169 -0.1736 0.5501 0.7974 -0.1695 0.5792 0.7769 -0.1651 0.6076 0.7554 -0.1606 0.6352 0.7330 -0.1558 0.6621 0.7097 -0.1509 0.6881 0.6855 -0.1457 0.7133 0.6605 -0.1404 0.7376 0.6346 -0.1349 0.7610 0.6079 -0.1292 0.7834 0.5805 -0.1234 0.8048 0.5524 -0.1174 0.8253 0.5235 -0.1113 0.8447 0.4940 -0.1050 0.8631 0.4639 -0.0986 0.8804 0.4333 -0.0921 0.8965 0.4020 -0.0855 0.9116 0.3703 -0.0787 0.9256 0.3381 -0.0719 0.9383 0.3055 -0.0649 0.9500 0.2726 -0.0579 0.9604 0.2392 -0.0509 0.9696 0.2056 -0.0437 0.9777 0.1717 -0.0365 0.9845 0.1377 -0.0293 0.9900 0.1034 -0.0220 0.9944 0.0690 -0.0147 0.9975 0.0345 -0.0073 0.9994 0.0348 -0.0061 -0.9994 0.0695 -0.0122 -0.9975 0.1041 -0.0184 -0.9944 0.1386 -0.0244 -0.9900 0.1729 -0.0305 -0.9845 0.2070 -0.0365 -0.9777 0.2409 -0.0425 -0.9696 0.2744 -0.0484 -0.9604 0.3076 -0.0542 -0.9500 0.3405 -0.0600 -0.9383 0.3729 -0.0657 -0.9256 0.4048 -0.0714 -0.9116 0.4362 -0.0769 -0.8965 0.4671 -0.0824 -0.8804 0.4974 -0.0877 -0.8631 0.5271 -0.0929 -0.8447 0.5561 -0.0981 -0.8253 0.5845 -0.1031 -0.8048 0.6121 -0.1079 -0.7834 0.6389 -0.1127 -0.7610 0.6650 -0.1173 -0.7376 0.6902 -0.1217 -0.7133 0.7146 -0.1260 -0.6881 0.7380 -0.1301 -0.6621 0.7606 -0.1341 -0.6352 0.7822 -0.1379 -0.6076 0.8028 -0.1416 -0.5792 0.8224 -0.1450 -0.5501 0.8410 -0.1483 -0.5202 0.8586 -0.1514 -0.4898 0.8751 -0.1543 -0.4587 0.8905 -0.1570 -0.4271 0.9048 -0.1595 -0.3949 0.9179 -0.1619 -0.3622 0.9300 -0.1640 -0.3291 0.9408 -0.1659 -0.2956 0.9505 -0.1676 -0.2617 0.9590 -0.1691 -0.2274 0.9663 -0.1704 -0.1929 0.9724 -0.1715 -0.1582 0.9773 -0.1723 -0.1232 0.9810 -0.1730 -0.0881 0.9834 -0.1734 -0.0529 0.9847 -0.1736 -0.0176 0.9847 -0.1736 0.0176 0.9834 -0.1734 0.0529 0.9810 -0.1730 0.0881 0.9773 -0.1723 0.1232 0.9724 -0.1715 0.1582 0.9663 -0.1704 0.1929 0.9590 -0.1691 0.2274 0.9505 -0.1676 0.2617 0.9408 -0.1659 0.2956 0.9300 -0.1640 0.3291 0.9179 -0.1619 0.3622 0.9048 -0.1595 0.3949 0.8905 -0.1570 0.4271 0.8751 -0.1543 0.4587 0.8586 -0.1514 0.4898 0.8410 -0.1483 0.5202 0.8224 -0.1450 0.5501 0.8028 -0.1416 0.5792 0.7822 -0.1379 0.6076 0.7606 -0.1341 0.6352 0.7380 -0.1301 0.6621 0.7146 -0.1260 0.6881 0.6902 -0.1217 0.7133 0.6650 -0.1173 0.7376 0.6389 -0.1127 0.7610 0.6121 -0.1079 0.7834 0.5845 -0.1031 0.8048 0.5561 -0.0981 0.8253 0.5271 -0.0929 0.8447 0.4974 -0.0877 0.8631 0.4671 -0.0824 0.8804 0.4362 -0.0769 0.8965 0.4048 -0.0714 0.9116 0.3729 -0.0657 0.9256 0.3405 -0.0600 0.9383 0.3076 -0.0542 0.9500 0.2744 -0.0484 0.9604 0.2409 -0.0425 0.9696 0.2070 -0.0365 0.9777 0.1729 -0.0305 0.9845 0.1386 -0.0244 0.9900 0.1041 -0.0184 0.9944 0.0695 -0.0122 0.9975 0.0348 -0.0061 0.9994 0.0349 -0.0049 -0.9994 0.0699 -0.0098 -0.9975 0.1047 -0.0147 -0.9944 0.1394 -0.0196 -0.9900 0.1739 -0.0244 -0.9845 0.2082 -0.0293 -0.9777 0.2422 -0.0340 -0.9696 0.2759 -0.0388 -0.9604 0.3093 -0.0435 -0.9500 0.3423 -0.0481 -0.9383 0.3749 -0.0527 -0.9256 0.4070 -0.0572 -0.9116 0.4386 -0.0616 -0.8965 0.4697 -0.0660 -0.8804 0.5002 -0.0703 -0.8631 0.5300 -0.0745 -0.8447 0.5592 -0.0786 -0.8253 0.5877 -0.0826 -0.8048 0.6155 -0.0865 -0.7834 0.6425 -0.0903 -0.7610 0.6687 -0.0940 -0.7376 0.6940 -0.0975 -0.7133 0.7185 -0.1010 -0.6881 0.7421 -0.1043 -0.6621 0.7648 -0.1075 -0.6352 0.7865 -0.1105 -0.6076 0.8073 -0.1135 -0.5792 0.8270 -0.1162 -0.5501 0.8457 -0.1189 -0.5202 0.8634 -0.1213 -0.4898 0.8799 -0.1237 -0.4587 0.8954 -0.1258 -0.4271 0.9098 -0.1279 -0.3949 0.9230 -0.1297 -0.3622 0.9351 -0.1314 -0.3291 0.9460 -0.1330 -0.2956 0.9558 -0.1343 -0.2617 0.9643 -0.1355 -0.2274 0.9717 -0.1366 -0.1929 0.9778 -0.1374 -0.1582 0.9827 -0.1381 -0.1232 0.9864 -0.1386 -0.0881 0.9889 -0.1390 -0.0529 0.9901 -0.1392 -0.0176 0.9901 -0.1392 0.0176 0.9889 -0.1390 0.0529 0.9864 -0.1386 0.0881 0.9827 -0.1381 0.1232 0.9778 -0.1374 0.1582 0.9717 -0.1366 0.1929 0.9643 -0.1355 0.2274 0.9558 -0.1343 0.2617 0.9460 -0.1330 0.2956 0.9351 -0.1314 0.3291 0.9230 -0.1297 0.3622 0.9098 -0.1279 0.3949 0.8954 -0.1258 0.4271 0.8799 -0.1237 0.4587 0.8634 -0.1213 0.4898 0.8457 -0.1189 0.5202 0.8270 -0.1162 0.5501 0.8073 -0.1135 0.5792 0.7865 -0.1105 0.6076 0.7648 -0.1075 0.6352 0.7421 -0.1043 0.6621 0.7185 -0.1010 0.6881 0.6940 -0.0975 0.7133 0.6687 -0.0940 0.7376 0.6425 -0.0903 0.7610 0.6155 -0.0865 0.7834 0.5877 -0.0826 0.8048 0.5592 -0.0786 0.8253 0.5300 -0.0745 0.8447 0.5002 -0.0703 0.8631 0.4697 -0.0660 0.8804 0.4386 -0.0616 0.8965 0.4070 -0.0572 0.9116 0.3749 -0.0527 0.9256 0.3423 -0.0481 0.9383 0.3093 -0.0435 0.9500 0.2759 -0.0388 0.9604 0.2422 -0.0340 0.9696 0.2082 -0.0293 0.9777 0.1739 -0.0244 0.9845 0.1394 -0.0196 0.9900 0.1047 -0.0147 0.9944 0.0699 -0.0098 0.9975 0.0349 -0.0049 0.9994 0.0351 -0.0037 -0.9994 0.0702 -0.0074 -0.9975 0.1051 -0.0110 -0.9944 0.1400 -0.0147 -0.9900 0.1746 -0.0184 -0.9845 0.2091 -0.0220 -0.9777 0.2432 -0.0256 -0.9696 0.2771 -0.0291 -0.9604 0.3107 -0.0327 -0.9500 0.3438 -0.0361 -0.9383 0.3765 -0.0396 -0.9256 0.4088 -0.0430 -0.9116 0.4405 -0.0463 -0.8965 0.4717 -0.0496 -0.8804 0.5023 -0.0528 -0.8631 0.5323 -0.0559 -0.8447 0.5616 -0.0590 -0.8253 0.5902 -0.0620 -0.8048 0.6181 -0.0650 -0.7834 0.6452 -0.0678 -0.7610 0.6715 -0.0706 -0.7376 0.6970 -0.0733 -0.7133 0.7216 -0.0758 -0.6881 0.7453 -0.0783 -0.6621 0.7681 -0.0807 -0.6352 0.7899 -0.0830 -0.6076 0.8107 -0.0852 -0.5792 0.8306 -0.0873 -0.5501 0.8493 -0.0893 -0.5202 0.8671 -0.0911 -0.4898 0.8837 -0.0929 -0.4587 0.8993 -0.0945 -0.4271 0.9137 -0.0960 -0.3949 0.9270 -0.0974 -0.3622 0.9391 -0.0987 -0.3291 0.9501 -0.0999 -0.2956 0.9599 -0.1009 -0.2617 0.9685 -0.1018 -0.2274 0.9758 -0.1026 -0.1929 0.9820 -0.1032 -0.1582 0.9869 -0.1037 -0.1232 0.9907 -0.1041 -0.0881 0.9931 -0.1044 -0.0529 0.9944 -0.1045 -0.0176 0.9944 -0.1045 0.0176 0.9931 -0.1044 0.0529 0.9907 -0.1041 0.0881 0.9869 -0.1037 0.1232 0.9820 -0.1032 0.1582 0.9758 -0.1026 0.1929 0.9685 -0.1018 0.2274 0.9599 -0.1009 0.2617 0.9501 -0.0999 0.2956 0.9391 -0.0987 0.3291 0.9270 -0.0974 0.3622 0.9137 -0.0960 0.3949 0.8993 -0.0945 0.4271 0.8837 -0.0929 0.4587 0.8671 -0.0911 0.4898 0.8493 -0.0893 0.5202 0.8306 -0.0873 0.5501 0.8107 -0.0852 0.5792 0.7899 -0.0830 0.6076 0.7681 -0.0807 0.6352 0.7453 -0.0783 0.6621 0.7216 -0.0758 0.6881 0.6970 -0.0733 0.7133 0.6715 -0.0706 0.7376 0.6452 -0.0678 0.7610 0.6181 -0.0650 0.7834 0.5902 -0.0620 0.8048 0.5616 -0.0590 0.8253 0.5323 -0.0559 0.8447 0.5023 -0.0528 0.8631 0.4717 -0.0496 0.8804 0.4405 -0.0463 0.8965 0.4088 -0.0430 0.9116 0.3765 -0.0396 0.9256 0.3438 -0.0361 0.9383 0.3107 -0.0327 0.9500 0.2771 -0.0291 0.9604 0.2432 -0.0256 0.9696 0.2091 -0.0220 0.9777 0.1746 -0.0184 0.9845 0.1400 -0.0147 0.9900 0.1051 -0.0110 0.9944 0.0702 -0.0074 0.9975 0.0351 -0.0037 0.9994 0.0352 -0.0025 -0.9994 0.0704 -0.0049 -0.9975 0.1054 -0.0074 -0.9944 0.1404 -0.0098 -0.9900 0.1752 -0.0122 -0.9845 0.2097 -0.0147 -0.9777 0.2440 -0.0171 -0.9696 0.2780 -0.0194 -0.9604 0.3116 -0.0218 -0.9500 0.3449 -0.0241 -0.9383 0.3777 -0.0264 -0.9256 0.4100 -0.0287 -0.9116 0.4419 -0.0309 -0.8965 0.4732 -0.0331 -0.8804 0.5039 -0.0352 -0.8631 0.5339 -0.0373 -0.8447 0.5633 -0.0394 -0.8253 0.5920 -0.0414 -0.8048 0.6200 -0.0434 -0.7834 0.6472 -0.0453 -0.7610 0.6736 -0.0471 -0.7376 0.6991 -0.0489 -0.7133 0.7238 -0.0506 -0.6881 0.7476 -0.0523 -0.6621 0.7704 -0.0539 -0.6352 0.7923 -0.0554 -0.6076 0.8132 -0.0569 -0.5792 0.8331 -0.0583 -0.5501 0.8519 -0.0596 -0.5202 0.8697 -0.0608 -0.4898 0.8864 -0.0620 -0.4587 0.9020 -0.0631 -0.4271 0.9165 -0.0641 -0.3949 0.9298 -0.0650 -0.3622 0.9420 -0.0659 -0.3291 0.9530 -0.0666 -0.2956 0.9628 -0.0673 -0.2617 0.9714 -0.0679 -0.2274 0.9788 -0.0684 -0.1929 0.9850 -0.0689 -0.1582 0.9900 -0.0692 -0.1232 0.9937 -0.0695 -0.0881 0.9962 -0.0697 -0.0529 0.9974 -0.0697 -0.0176 0.9974 -0.0697 0.0176 0.9962 -0.0697 0.0529 0.9937 -0.0695 0.0881 0.9900 -0.0692 0.1232 0.9850 -0.0689 0.1582 0.9788 -0.0684 0.1929 0.9714 -0.0679 0.2274 0.9628 -0.0673 0.2617 0.9530 -0.0666 0.2956 0.9420 -0.0659 0.3291 0.9298 -0.0650 0.3622 0.9165 -0.0641 0.3949 0.9020 -0.0631 0.4271 0.8864 -0.0620 0.4587 0.8697 -0.0608 0.4898 0.8519 -0.0596 0.5202 0.8331 -0.0583 0.5501 0.8132 -0.0569 0.5792 0.7923 -0.0554 0.6076 0.7704 -0.0539 0.6352 0.7476 -0.0523 0.6621 0.7238 -0.0506 0.6881 0.6991 -0.0489 0.7133 0.6736 -0.0471 0.7376 0.6472 -0.0453 0.7610 0.6200 -0.0434 0.7834 0.5920 -0.0414 0.8048 0.5633 -0.0394 0.8253 0.5339 -0.0373 0.8447 0.5039 -0.0352 0.8631 0.4732 -0.0331 0.8804 0.4419 -0.0309 0.8965 0.4100 -0.0287 0.9116 0.3777 -0.0264 0.9256 0.3449 -0.0241 0.9383 0.3116 -0.0218 0.9500 0.2780 -0.0194 0.9604 0.2440 -0.0171 0.9696 0.2097 -0.0147 0.9777 0.1752 -0.0122 0.9845 0.1404 -0.0098 0.9900 0.1054 -0.0074 0.9944 0.0704 -0.0049 0.9975 0.0352 -0.0025 0.9994 0.0353 -0.0012 -0.9994 0.0705 -0.0025 -0.9975 0.1056 -0.0037 -0.9944 0.1406 -0.0049 -0.9900 0.1755 -0.0061 -0.9845 0.2101 -0.0073 -0.9777 0.2444 -0.0085 -0.9696 0.2785 -0.0097 -0.9604 0.3122 -0.0109 -0.9500 0.3455 -0.0121 -0.9383 0.3784 -0.0132 -0.9256 0.4108 -0.0143 -0.9116 0.4427 -0.0155 -0.8965 0.4740 -0.0166 -0.8804 0.5048 -0.0176 -0.8631 0.5349 -0.0187 -0.8447 0.5644 -0.0197 -0.8253 0.5931 -0.0207 -0.8048 0.6211 -0.0217 -0.7834 0.6484 -0.0226 -0.7610 0.6748 -0.0236 -0.7376 0.7004 -0.0245 -0.7133 0.7251 -0.0253 -0.6881 0.7490 -0.0262 -0.6621 0.7718 -0.0270 -0.6352 0.7938 -0.0277 -0.6076 0.8147 -0.0284 -0.5792 0.8346 -0.0291 -0.5501 0.8535 -0.0298 -0.5202 0.8713 -0.0304 -0.4898 0.8880 -0.0310 -0.4587 0.9037 -0.0316 -0.4271 0.9182 -0.0321 -0.3949 0.9315 -0.0325 -0.3622 0.9437 -0.0330 -0.3291 0.9547 -0.0333 -0.2956 0.9646 -0.0337 -0.2617 0.9732 -0.0340 -0.2274 0.9806 -0.0342 -0.1929 0.9868 -0.0345 -0.1582 0.9918 -0.0346 -0.1232 0.9955 -0.0348 -0.0881 0.9980 -0.0349 -0.0529 0.9992 -0.0349 -0.0176 0.9992 -0.0349 0.0176 0.9980 -0.0349 0.0529 0.9955 -0.0348 0.0881 0.9918 -0.0346 0.1232 0.9868 -0.0345 0.1582 0.9806 -0.0342 0.1929 0.9732 -0.0340 0.2274 0.9646 -0.0337 0.2617 0.9547 -0.0333 0.2956 0.9437 -0.0330 0.3291 0.9315 -0.0325 0.3622 0.9182 -0.0321 0.3949 0.9037 -0.0316 0.4271 0.8880 -0.0310 0.4587 0.8713 -0.0304 0.4898 0.8535 -0.0298 0.5202 0.8346 -0.0291 0.5501 0.8147 -0.0284 0.5792 0.7938 -0.0277 0.6076 0.7718 -0.0270 0.6352 0.7490 -0.0262 0.6621 0.7251 -0.0253 0.6881 0.7004 -0.0245 0.7133 0.6748 -0.0236 0.7376 0.6484 -0.0226 0.7610 0.6211 -0.0217 0.7834 0.5931 -0.0207 0.8048 0.5644 -0.0197 0.8253 0.5349 -0.0187 0.8447 0.5048 -0.0176 0.8631 0.4740 -0.0166 0.8804 0.4427 -0.0155 0.8965 0.4108 -0.0143 0.9116 0.3784 -0.0132 0.9256 0.3455 -0.0121 0.9383 0.3122 -0.0109 0.9500 0.2785 -0.0097 0.9604 0.2444 -0.0085 0.9696 0.2101 -0.0073 0.9777 0.1755 -0.0061 0.9845 0.1406 -0.0049 0.9900 0.1056 -0.0037 0.9944 0.0705 -0.0025 0.9975 0.0353 -0.0012 0.9994"/>
      </IndexedFaceSet>
    </Shape>
  </Scene>
</X3D>
