<?xml version="1.0" encoding="UTF-8"?>
<X3D profile="Interchange" version="3.3">
  <Scene>
    <Shape>
      <Appearance><Material diffuseColor="0.2 0.4 0.8"/></Appearance>
      <IndexedFaceSet coordIndex="1 0 64 -1 1 64 2 -1 2 64 65 -1 2 65 3 -1 3 65 66 -1 3 66 4 -1 4 66 67 -1 4 67 5 -1 5 67 68 -1 5 68 6 -1 6 68 69 -1 6 69 7 -1 7 69 70 -1 7 70 8 -1 8 70 71 -1 8 71 9 -1 9 71 72 -1 9 72 10 -1 10 72 73 -1 10 73 11 -1 11 73 74 -1 11 74 12 -1 12 74 75 -1 12 75 13 -1 13 75 76 -1 13 76 14 -1 14 76 77 -1 14 77 15 -1 15 77 78 -1 15 78 16 -1 16 78 79 -1 16 79 17 -1 17 79 80 -1 17 80 18 -1 18 80 81 -1 18 81 19 -1 19 81 82 -1 19 82 20 -1 20 82 83 -1 20 83 21 -1 21 83 84 -1 21 84 22 -1 22 84 85 -1 22 85 23 -1 23 85 86 -1 23 86 24 -1 24 86 87 -1 24 87 25 -1 25 87 88 -1 25 88 26 -1 26 88 89 -1 26 89 27 -1 27 89 90 -1 27 90 28 -1 28 90 91 -1 28 91 29 -1 29 91 92 -1 29 92 30 -1 30 92 93 -1 30 93 31 -1 31 93 94 -1 31 94 32 -1 32 94 95 -1 32 95 33 -1 33 95 96 -1 33 96 34 -1 34 96 97 -1 34 97 35 -1 35 97 98 -1 35 98 36 -1 36 98 99 -1 36 99 37 -1 37 99 100 -1 37 100 38 -1 38 100 101 -1 38 101 39 -1 39 101 102 -1 39 102 40 -1 40 102 103 -1 40 103 41 -1 41 103 104 -1 41 104 42 -1 42 104 105 -1 42 105 43 -1 43 105 106 -1 43 106 44 -1 44 106 107 -1 44 107 45 -1 45 107 108 -1 45 108 46 -1 46 108 109 -1 46 109 47 -1 47 109 110 -1 47 110 48 -1 48 110 111 -1 48 111 49 -1 49 111 112 -1 49 112 50 -1 50 112 113 -1 50 113 51 -1 51 113 114 -1 51 114 52 -1 52 114 115 -1 52 115 53 -1 53 115 116 -1 53 116 54 -1 54 116 117 -1 54 117 55 -1 55 117 118 -1 55 118 56 -1 56 118 119 -1 56 119 57 -1 57 119 120 -1 57 120 58 -1 58 120 121 -1 58 121 59 -1 59 121 122 -1 59 122 60 -1 60 122 123 -1 60 123 61 -1 61 123 124 -1 61 124 62 -1 62 124 125 -1 62 125 63 -1 64 0 126 -1 64 126 65 -1 65 126 127 -1 65 127 66 -1 66 127 128 -1 66 128 67 -1 67 128 129 -1 67 129 68 -1 68 129 130 -1 68 130 69 -1 69 130 131 -1 69 131 70 -1 70 131 132 -1 70 132 71 -1 71 132 133 -1 71 133 72 -1 72 133 134 -1 72 134 73 -1 73 134 135 -1 73 135 74 -1 74 135 136 -1 74 136 75 -1 75 136 137 -1 75 137 76 -1 76 137 138 -1 76 138 77 -1 77 138 139 -1 77 139 78 -1 78 139 140 -1 78 140 79 -1 79 140 141 -1 79 141 80 -1 80 141 142 -1 80 142 81 -1 81 142 143 -1 81 143 82 -1 82 143 144 -1 82 144 83 -1 83 144 145 -1 83 145 84 -1 84 145 146 -1 84 146 85 -1 85 146 147 -1 85 147 86 -1 86 147 148 -1 86 148 87 -1 87 148 149 -1 87 149 88 -1 88 149 150 -1 88 150 89 -1 89 150 151 -1 89 151 90 -1 90 151 152 -1 90 152 91 -1 91 152 153 -1 91 153 92 -1 92 153 154 -1 92 154 93 -1 93 154 155 -1 93 155 94 -1 94 155 156 -1 94 156 95 -1 95 156 157 -1 95 157 96 -1 96 157 158 -1 96 158 97 -1 97 158 159 -1 97 159 98 -1 98 159 160 -1 98 160 99 -1 99 160 161 -1 99 161 100 -1 100 161 162 -1 100 162 101 -1 101 162 163 -1 101 163 102 -1 102 163 164 -1 102 164 103 -1 103 164 165 -1 103 165 104 -1 104 165 166 -1 104 166 105 -1 105 166 167 -1 105 167 106 -1 106 167 168 -1 106 168 107 -1 107 168 169 -1 107 169 108 -1 108 169 170 -1 108 170 109 -1 109 170 171 -1 109 171 110 -1 110 171 172 -1 110 172 111 -1 111 172 173 -1 111 173 112 -1 112 173 174 -1 112 174 113 -1 113 174 175 -1 113 175 114 -1 114 175 176 -1 114 176 115 -1 115 176 177 -1 115 177 116 -1 116 177 178 -1 116 178 117 -1 117 178 179 -1 117 179 118 -1 118 179 180 -1 118 180 119 -1 119 180 181 -1 119 181 120 -1 120 181 182 -1 120 182 121 -1 121 182 183 -1 121 183 122 -1 122 183 184 -1 122 184 123 -1 123 184 185 -1 123 185 124 -1 124 185 186 -1 124 186 125 -1 125 186 187 -1 125 187 63 -1 126 0 188 -1 126 188 127 -1 127 188 189 -1 127 189 128 -1 128 189 190 -1 128 190 129 -1 129 190 191 -1 129 191 130 -1 130 191 192 -1 130 192 131 -1 131 192 193 -1 131 193 132 -1 132 193 194 -1 132 194 133 -1 133 194 195 -1 133 195 134 -1 134 195 196 -1 134 196 135 -1 135 196 197 -1 135 197 136 -1 136 197 198 -1 136 198 137 -1 137 198 199 -1 137 199 138 -1 138 199 200 -1 138 200 139 -1 139 200 201 -1 139 201 140 -1 140 201 202 -1 140 202 141 -1 141 202 203 -1 141 203 142 -1 142 203 204 -1 142 204 143 -1 143 204 205 -1 143 205 144 -1 144 205 206 -1 144 206 145 -1 145 206 207 -1 145 207 146 -1 146 207 208 -1 146 208 147 -1 147 208 209 -1 147 209 148 -1 148 209 210 -1 148 210 149 -1 149 210 211 -1 149 211 150 -1 150 211 212 -1 150 212 151 -1 151 212 213 -1 151 213 152 -1 152 213 214 -1 152 214 153 -1 153 214 215 -1 153 215 154 -1 154 215 216 -1 154 216 155 -1 155 216 217 -1 155 217 156 -1 156 217 218 -1 156 218 157 -1 157 218 219 -1 157 219 158 -1 158 219 220 -1 158 220 159 -1 159 220 221 -1 159 221 160 -1 160 221 222 -1 160 222 161 -1 161 222 223 -1 161 223 162 -1 162 223 224 -1 162 224 163 -1 163 224 225 -1 163 225 164 -1 164 225 226 -1 164 226 165 -1 165 226 227 -1 165 227 166 -1 166 227 228 -1 166 228 167 -1 167 228 229 -1 167 229 168 -1 168 229 230 -1 168 230 169 -1 169 230 231 -1 169 231 170 -1 170 231 232 -1 170 232 171 -1 171 232 233 -1 171 233 172 -1 172 233 234 -1 172 234 173 -1 173 234 235 -1 173 235 174 -1 174 235 236 -1 174 236 175 -1 175 236 237 -1 175 237 176 -1 176 237 238 -1 176 238 177 -1 177 238 239 -1 177 239 178 -1 178 239 240 -1 178 240 179 -1 179 240 241 -1 179 241 180 -1 180 241 242 -1 180 242 181 -1 181 242 243 -1 181 243 182 -1 182 243 244 -1 182 244 183 -1 183 244 245 -1 183 245 184 -1 184 245 246 -1 184 246 185 -1 185 246 247 -1 185 247 186 -1 186 247 248 -1 186 248 187 -1 187 248 249 -1 187 249 63 -1 188 0 250 -1 188 250 189 -1 189 250 251 -1 189 251 190 -1 190 251 252 -1 190 252 191 -1 191 252 253 -1 191 253 192 -1 192 253 254 -1 192 254 193 -1 193 254 255 -1 193 255 194 -1 194 255 256 -1 194 256 195 -1 195 256 257 -1 195 257 196 -1 196 257 258 -1 196 258 197 -1 197 258 259 -1 197 259 198 -1 198 259 260 -1 198 260 199 -1 199 260 261 -1 199 261 200 -1 200 261 262 -1 200 262 201 -1 201 262 263 -1 201 263 202 -1 202 263 264 -1 202 264 203 -1 203 264 265 -1 203 265 204 -1 204 265 266 -1 204 266 205 -1 205 266 267 -1 205 267 206 -1 206 267 268 -1 206 268 207 -1 207 268 269 -1 207 269 208 -1 208 269 270 -1 208 270 209 -1 209 270 271 -1 209 271 210 -1 210 271 272 -1 210 272 211 -1 211 272 273 -1 211 273 212 -1 212 273 274 -1 212 274 213 -1 213 274 275 -1 213 275 214 -1 214 275 276 -1 214 276 215 -1 215 276 277 -1 215 277 216 -1 216 277 278 -1 216 278 217 -1 217 278 279 -1 217 279 218 -1 218 279 280 -1 218 280 219 -1 219 280 281 -1 219 281 220 -1 220 281 282 -1 220 282 221 -1 221 282 283 -1 221 283 222 -1 222 283 284 -1 222 284 223 -1 223 284 285 -1 223 285 224 -1 224 285 286 -1 224 286 225 -1 225 286 287 -1 225 287 226 -1 226 287 288 -1 226 288 227 -1 227 288 289 -1 227 289 228 -1 228 289 290 -1 228 290 229 -1 229 290 291 -1 229 291 230 -1 230 291 292 -1 230 292 231 -1 231 292 293 -1 231 293 232 -1 232 293 294 -1 232 294 233 -1 233 294 295 -1 233 295 234 -1 234 295 296 -1 234 296 235 -1 235 296 297 -1 235 297 236 -1 236 297 298 -1 236 298 237 -1 237 298 299 -1 237 299 238 -1 238 299 300 -1 238 300 239 -1 239 300 301 -1 239 301 240 -1 240 301 302 -1 240 302 241 -1 241 302 303 -1 241 303 242 -1 242 303 304 -1 242 304 243 -1 243 304 305 -1 243 305 244 -1 244 305 306 -1 244 306 245 -1 245 306 307 -1 245 307 246 -1 246 307 308 -1 246 308 247 -1 247 308 309 -1 247 309 248 -1 248 309 310 -1 248 310 249 -1 249 310 311 -1 249 311 63 -1 250 0 312 -1 250 312 251 -1 251 312 313 -1 251 313 252 -1 252 313 314 -1 252 314 253 -1 253 314 315 -1 253 315 254 -1 254 315 316 -1 254 316 255 -1 255 316 317 -1 255 317 256 -1 256 317 318 -1 256 318 257 -1 257 318 319 -1 257 319 258 -1 258 319 320 -1 258 320 259 -1 259 320 321 -1 259 321 260 -1 260 321 322 -1 260 322 261 -1 261 322 323 -1 261 323 262 -1 262 323 324 -1 262 324 263 -1 263 324 325 -1 263 325 264 -1 264 325 326 -1 264 326 265 -1 265 326 327 -1 265 327 266 -1 266 327 328 -1 266 328 267 -1 267 328 329 -1 267 329 268 -1 268 329 330 -1 268 330 269 -1 269 330 331 -1 269 331 270 -1 270 331 332 -1 270 332 271 -1 271 332 333 -1 271 333 272 -1 272 333 334 -1 272 334 273 -1 273 334 335 -1 273 335 274 -1 274 335 336 -1 274 336 275 -1 275 336 337 -1 275 337 276 -1 276 337 338 -1 276 338 277 -1 277 338 339 -1 277 339 278 -1 278 339 340 -1 278 340 279 -1 279 340 341 -1 279 341 280 -1 280 341 342 -1 280 342 281 -1 281 342 343 -1 281 343 282 -1 282 343 344 -1 282 344 283 -1 283 344 345 -1 283 345 284 -1 284 345 346 -1 284 346 285 -1 285 346 347 -1 285 347 286 -1 286 347 348 -1 286 348 287 -1 287 348 349 -1 287 349 288 -1 288 349 350 -1 288 350 289 -1 289 350 351 -1 289 351 290 -1 290 351 352 -1 290 352 291 -1 291 352 353 -1 291 353 292 -1 292 353 354 -1 292 354 293 -1 293 354 355 -1 293 355 294 -1 294 355 356 -1 294 356 295 -1 295 356 357 -1 295 357 296 -1 296 357 358 -1 296 358 297 -1 297 358 359 -1 297 359 298 -1 298 359 360 -1 298 360 299 -1 299 360 361 -1 299 361 300 -1 300 361 362 -1 300 362 301 -1 301 362 363 -1 301 363 302 -1 302 363 364 -1 302 364 303 -1 303 364 365 -1 303 365 304 -1 304 365 366 -1 304 366 305 -1 305 366 367 -1 305 367 306 -1 306 367 368 -1 306 368 307 -1 307 368 369 -1 307 369 308 -1 308 369 370 -1 308 370 309 -1 309 370 371 -1 309 371 310 -1 310 371 372 -1 310 372 311 -1 311 372 373 -1 311 373 63 -1 312 0 374 -1 312 374 313 -1 313 374 375 -1 313 375 314 -1 314 375 376 -1 314 376 315 -1 315 376 377 -1 315 377 316 -1 316 377 378 -1 316 378 317 -1 317 378 379 -1 317 379 318 -1 318 379 380 -1 318 380 319 -1 319 380 381 -1 319 381 320 -1 320 381 382 -1 320 382 321 -1 321 382 383 -1 321 383 322 -1 322 383 384 -1 322 384 323 -1 323 384 385 -1 323 385 324 -1 324 385 386 -1 324 386 325 -1 325 386 387 -1 325 387 326 -1 326 387 388 -1 326 388 327 -1 327 388 389 -1 327 389 328 -1 328 389 390 -1 328 390 329 -1 329 390 391 -1 329 391 330 -1 330 391 392 -1 330 392 331 -1 331 392 393 -1 331 393 332 -1 332 393 394 -1 332 394 333 -1 333 394 395 -1 333 395 334 -1 334 395 396 -1 334 396 335 -1 335 396 397 -1 335 397 336 -1 336 397 398 -1 336 398 337 -1 337 398 399 -1 337 399 338 -1 338 399 400 -1 338 400 339 -1 339 400 401 -1 339 401 340 -1 340 401 402 -1 340 402 341 -1 341 402 403 -1 341 403 342 -1 342 403 404 -1 342 404 343 -1 343 404 405 -1 343 405 344 -1 344 405 406 -1 344 406 345 -1 345 406 407 -1 345 407 346 -1 346 407 408 -1 346 408 347 -1 347 408 409 -1 347 409 348 -1 348 409 410 -1 348 410 349 -1 349 410 411 -1 349 411 350 -1 350 411 412 -1 350 412 351 -1 351 412 413 -1 351 413 352 -1 352 413 414 -1 352 414 353 -1 353 414 415 -1 353 415 354 -1 354 415 416 -1 354 416 355 -1 355 416 417 -1 355 417 356 -1 356 417 418 -1 356 418 357 -1 357 418 419 -1 357 419 358 -1 358 419 420 -1 358 420 359 -1 359 420 421 -1 359 421 360 -1 360 421 422 -1 360 422 361 -1 361 422 423 -1 361 423 362 -1 362 423 424 -1 362 424 363 -1 363 424 425 -1 363 425 364 -1 364 425 426 -1 364 426 365 -1 365 426 427 -1 365 427 366 -1 366 427 428 -1 366 428 367 -1 367 428 429 -1 367 429 368 -1 368 429 430 -1 368 430 369 -1 369 430 431 -1 369 431 370 -1 370 431 432 -1 370 432 371 -1 371 432 433 -1 371 433 372 -1 372 433 434 -1 372 434 373 -1 373 434 435 -1 373 435 63 -1 374 0 436 -1 374 436 375 -1 375 436 437 -1 375 437 376 -1 376 437 438 -1 376 438 377 -1 377 438 439 -1 377 439 378 -1 378 439 440 -1 378 440 379 -1 379 440 441 -1 379 441 380 -1 380 441 442 -1 380 442 381 -1 381 442 443 -1 381 443 382 -1 382 443 444 -1 382 444 383 -1 383 444 445 -1 383 445 384 -1 384 445 446 -1 384 446 385 -1 385 446 447 -1 385 447 386 -1 386 447 448 -1 386 448 387 -1 387 448 449 -1 387 449 388 -1 388 449 450 -1 388 450 389 -1 389 450 451 -1 389 451 390 -1 390 451 452 -1 390 452 391 -1 391 452 453 -1 391 453 392 -1 392 453 454 -1 392 454 393 -1 393 454 455 -1 393 455 394 -1 394 455 456 -1 394 456 395 -1 395 456 457 -1 395 457 396 -1 396 457 458 -1 396 458 397 -1 397 458 459 -1 397 459 398 -1 398 459 460 -1 398 460 399 -1 399 460 461 -1 399 461 400 -1 400 461 462 -1 400 462 401 -1 401 462 463 -1 401 463 402 -1 402 463 464 -1 402 464 403 -1 403 464 465 -1 403 465 404 -1 404 465 466 -1 404 466 405 -1 405 466 467 -1 405 467 406 -1 406 467 468 -1 406 468 407 -1 407 468 469 -1 407 469 408 -1 408 469 470 -1 408 470 409 -1 409 470 471 -1 409 471 410 -1 410 471 472 -1 410 472 411 -1 411 472 473 -1 411 473 412 -1 412 473 474 -1 412 474 413 -1 413 474 475 -1 413 475 414 -1 414 475 476 -1 414 476 415 -1 415 476 477 -1 415 477 416 -1 416 477 478 -1 416 478 417 -1 417 478 479 -1 417 479 418 -1 418 479 480 -1 418 480 419 -1 419 480 481 -1 419 481 420 -1 420 481 482 -1 420 482 421 -1 421 482 483 -1 421 483 422 -1 422 483 484 -1 422 484 423 -1 423 484 485 -1 423 485 424 -1 424 485 486 -1 424 486 425 -1 425 486 487 -1 425 487 426 -1 426 487 488 -1 426 488 427 -1 427 488 489 -1 427 489 428 -1 428 489 490 -1 428 490 429 -1 429 490 491 -1 429 491 430 -1 430 491 492 -1 430 492 431 -1 431 492 493 -1 431 493 432 -1 432 493 494 -1 432 494 433 -1 433 494 495 -1 433 495 434 -1 434 495 496 -1 434 496 435 -1 435 496 497 -1 435 497 63 -1 436 0 498 -1 436 498 437 -1 437 498 499 -1 437 499 438 -1 438 499 500 -1 438 500 439 -1 439 500 501 -1 439 501 440 -1 440 501 502 -1 440 502 441 -1 441 502 503 -1 441 503 442 -1 442 503 504 -1 442 504 443 -1 443 504 505 -1 443 505 444 -1 444 505 506 -1 444 506 445 -1 445 506 507 -1 445 507 446 -1 446 507 508 -1 446 508 447 -1 447 508 509 -1 447 509 448 -1 448 509 510 -1 448 510 449 -1 449 510 511 -1 449 511 450 -1 450 511 512 -1 450 512 451 -1 451 512 513 -1 451 513 452 -1 452 513 514 -1 452 514 453 -1 453 514 515 -1 453 515 454 -1 454 515 516 -1 454 516 455 -1 455 516 517 -1 455 517 456 -1 456 517 518 -1 456 518 457 -1 457 518 519 -1 457 519 458 -1 458 519 520 -1 458 520 459 -1 459 520 521 -1 459 521 460 -1 460 521 522 -1 460 522 461 -1 461 522 523 -1 461 523 462 -1 462 523 524 -1 462 524 463 -1 463 524 525 -1 463 525 464 -1 464 525 526 -1 464 526 465 -1 465 526 527 -1 465 527 466 -1 466 527 528 -1 466 528 467 -1 467 528 529 -1 467 529 468 -1 468 529 530 -1 468 530 469 -1 469 530 531 -1 469 531 470 -1 470 531 532 -1 470 532 471 -1 471 532 533 -1 471 533 472 -1 472 533 534 -1 472 534 473 -1 473 534 535 -1 473 535 474 -1 474 535 536 -1 474 536 475 -1 475 536 537 -1 475 537 476 -1 476 537 538 -1 476 538 477 -1 477 538 539 -1 477 539 478 -1 478 539 540 -1 478 540 479 -1 479 540 541 -1 479 541 480 -1 480 541 542 -1 480 542 481 -1 481 542 543 -1 481 543 482 -1 482 543 544 -1 482 544 483 -1 483 544 545 -1 483 545 484 -1 484 545 546 -1 484 546 485 -1 485 546 547 -1 485 547 486 -1 486 547 548 -1 486 548 487 -1 487 548 549 -1 487 549 488 -1 488 549 550 -1 488 550 489 -1 489 550 551 -1 489 551 490 -1 490 551 552 -1 490 552 491 -1 491 552 553 -1 491 553 492 -1 492 553 554 -1 492 554 493 -1 493 554 555 -1 493 555 494 -1 494 555 556 -1 494 556 495 -1 495 556 557 -1 495 557 496 -1 496 557 558 -1 496 558 497 -1 497 558 559 -1 497 559 63 -1 498 0 560 -1 498 560 499 -1 499 560 561 -1 499 561 500 -1 500 561 562 -1 500 562 501 -1 501 562 563 -1 501 563 502 -1 502 563 564 -1 502 564 503 -1 503 564 565 -1 503 565 504 -1 504 565 566 -1 504 566 505 -1 505 566 567 -1 505 567 506 -1 506 567 568 -1 506 568 507 -1 507 568 569 -1 507 569 508 -1 508 569 570 -1 508 570 509 -1 509 570 571 -1 509 571 510 -1 510 571 572 -1 510 572 511 -1 511 572 573 -1 511 573 512 -1 512 573 574 -1 512 574 513 -1 513 574 575 -1 513 575 514 -1 514 575 576 -1 514 576 515 -1 515 576 577 -1 515 577 516 -1 516 577 578 -1 516 578 517 -1 517 578 579 -1 517 579 518 -1 518 579 580 -1 518 580 519 -1 519 580 581 -1 519 581 520 -1 520 581 582 -1 520 582 521 -1 521 582 583 -1 521 583 522 -1 522 583 584 -1 522 584 523 -1 523 584 585 -1 523 585 524 -1 524 585 586 -1 524 586 525 -1 525 586 587 -1 525 587 526 -1 526 587 588 -1 526 588 527 -1 527 588 589 -1 527 589 528 -1 528 589 590 -1 528 590 529 -1 529 590 591 -1 529 591 530 -1 530 591 592 -1 530 592 531 -1 531 592 593 -1 531 593 532 -1 532 593 594 -1 532 594 533 -1 533 594 595 -1 533 595 534 -1 534 595 596 -1 534 596 535 -1 535 596 597 -1 535 597 536 -1 536 597 598 -1 536 598 537 -1 537 598 599 -1 537 599 538 -1 538 599 600 -1 538 600 539 -1 539 600 601 -1 539 601 540 -1 540 601 602 -1 540 602 541 -1 541 602 603 -1 541 603 542 -1 542 603 604 -1 542 604 543 -1 543 604 605 -1 543 605 544 -1 544 605 606 -1 544 606 545 -1 545 606 607 -1 545 607 546 -1 546 607 608 -1 546 608 547 -1 547 608 609 -1 547 609 548 -1 548 609 610 -1 548 610 549 -1 549 610 611 -1 549 611 550 -1 550 611 612 -1 550 612 551 -1 551 612 613 -1 551 613 552 -1 552 613 614 -1 552 614 553 -1 553 614 615 -1 553 615 554 -1 554 615 616 -1 554 616 555 -1 555 616 617 -1 555 617 556 -1 556 617 618 -1 556 618 557 -1 557 618 619 -1 557 619 558 -1 558 619 620 -1 558 620 559 -1 559 620 621 -1 559 621 63 -1 560 0 622 -1 560 622 561 -1 561 622 623 -1 561 623 562 -1 562 623 624 -1 562 624 563 -1 563 624 625 -1 563 625 564 -1 564 625 626 -1 564 626 565 -1 565 626 627 -1 565 627 566 -1 566 627 628 -1 566 628 567 -1 567 628 629 -1 567 629 568 -1 568 629 630 -1 568 630 569 -1 569 630 631 -1 569 631 570 -1 570 631 632 -1 570 632 571 -1 571 632 633 -1 571 633 572 -1 572 633 634 -1 572 634 573 -1 573 634 635 -1 573 635 574 -1 574 635 636 -1 574 636 575 -1 575 636 637 -1 575 637 576 -1 576 637 638 -1 576 638 577 -1 577 638 639 -1 577 639 578 -1 578 639 640 -1 578 640 579 -1 579 640 641 -1 579 641 580 -1 580 641 642 -1 580 642 581 -1 581 642 643 -1 581 643 582 -1 582 643 644 -1 582 644 583 -1 583 644 645 -1 583 645 584 -1 584 645 646 -1 584 646 585 -1 585 646 647 -1 585 647 586 -1 586 647 648 -1 586 648 587 -1 587 648 649 -1 587 649 588 -1 588 649 650 -1 588 650 589 -1 589 650 651 -1 589 651 590 -1 590 651 652 -1 590 652 591 -1 591 652 653 -1 591 653 592 -1 592 653 654 -1 592 654 593 -1 593 654 655 -1 593 655 594 -1 594 655 656 -1 594 656 595 -1 595 656 657 -1 595 657 596 -1 596 657 658 -1 596 658 597 -1 597 658 659 -1 597 659 598 -1 598 659 660 -1 598 660 599 -1 599 660 661 -1 599 661 600 -1 600 661 662 -1 600 662 601 -1 601 662 663 -1 601 663 602 -1 602 663 664 -1 602 664 603 -1 603 664 665 -1 603 665 604 -1 604 665 666 -1 604 666 605 -1 605 666 667 -1 605 667 606 -1 606 667 668 -1 606 668 607 -1 607 668 669 -1 607 669 608 -1 608 669 670 -1 608 670 609 -1 609 670 671 -1 609 671 610 -1 610 671 672 -1 610 672 611 -1 611 672 673 -1 611 673 612 -1 612 673 674 -1 612 674 613 -1 613 674 675 -1 613 675 614 -1 614 675 676 -1 614 676 615 -1 615 676 677 -1 615 677 616 -1 616 677 678 -1 616 678 617 -1 617 678 679 -1 617 679 618 -1 618 679 680 -1 618 680 619 -1 619 680 681 -1 619 681 620 -1 620 681 682 -1 620 682 621 -1 621 682 683 -1 621 683 63 -1 622 0 684 -1 622 684 623 -1 623 684 685 -1 623 685 624 -1 624 685 686 -1 624 686 625 -1 625 686 687 -1 625 687 626 -1 626 687 688 -1 626 688 627 -1 627 688 689 -1 627 689 628 -1 628 689 690 -1 628 690 629 -1 629 690 691 -1 629 691 630 -1 630 691 692 -1 630 692 631 -1 631 692 693 -1 631 693 632 -1 632 693 694 -1 632 694 633 -1 633 694 695 -1 633 695 634 -1 634 695 696 -1 634 696 635 -1 635 696 697 -1 635 697 636 -1 636 697 698 -1 636 698 637 -1 637 698 699 -1 637 699 638 -1 638 699 700 -1 638 700 639 -1 639 700 701 -1 639 701 640 -1 640 701 702 -1 640 702 641 -1 641 702 703 -1 641 703 642 -1 642 703 704 -1 642 704 643 -1 643 704 705 -1 643 705 644 -1 644 705 706 -1 644 706 645 -1 645 706 707 -1 645 707 646 -1 646 707 708 -1 646 708 647 -1 647 708 709 -1 647 709 648 -1 648 709 710 -1 648 710 649 -1 649 710 711 -1 649 711 650 -1 650 711 712 -1 650 712 651 -1 651 712 713 -1 651 713 652 -1 652 713 714 -1 652 714 653 -1 653 714 715 -1 653 715 654 -1 654 715 716 -1 654 716 655 -1 655 716 717 -1 655 717 656 -1 656 717 718 -1 656 718 657 -1 657 718 719 -1 657 719 658 -1 658 719 720 -1 658 720 659 -1 659 720 721 -1 659 721 660 -1 660 721 722 -1 660 722 661 -1 661 722 723 -1 661 723 662 -1 662 723 724 -1 662 724 663 -1 663 724 725 -1 663 725 664 -1 664 725 726 -1 664 726 665 -1 665 726 727 -1 665 727 666 -1 666 727 728 -1 666 728 667 -1 667 728 729 -1 667 729 668 -1 668 729 730 -1 668 730 669 -1 669 730 731 -1 669 731 670 -1 670 731 732 -1 670 732 671 -1 671 732 733 -1 671 733 672 -1 672 733 734 -1 672 734 673 -1 673 734 735 -1 673 735 674 -1 674 735 736 -1 674 736 675 -1 675 736 737 -1 675 737 676 -1 676 737 738 -1 676 738 677 -1 677 738 739 -1 677 739 678 -1 678 739 740 -1 678 740 679 -1 679 740 741 -1 679 741 680 -1 680 741 742 -1 680 742 681 -1 681 742 743 -1 681 743 682 -1 682 743 744 -1 682 744 683 -1 683 744 745 -1 683 745 63 -1 684 0 746 -1 684 746 685 -1 685 746 747 -1 685 747 686 -1 686 747 748 -1 686 748 687 -1 687 748 749 -1 687 749 688 -1 688 749 750 -1 688 750 689 -1 689 750 751 -1 689 751 690 -1 690 751 752 -1 690 752 691 -1 691 752 753 -1 691 753 692 -1 692 753 754 -1 692 754 693 -1 693 754 755 -1 693 755 694 -1 694 755 756 -1 694 756 695 -1 695 756 757 -1 695 757 696 -1 696 757 758 -1 696 758 697 -1 697 758 759 -1 697 759 698 -1 698 759 760 -1 698 760 699 -1 699 760 761 -1 699 761 700 -1 700 761 762 -1 700 762 701 -1 701 762 763 -1 701 763 702 -1 702 763 764 -1 702 764 703 -1 703 764 765 -1 703 765 704 -1 704 765 766 -1 704 766 705 -1 705 766 767 -1 705 767 706 -1 706 767 768 -1 706 768 707 -1 707 768 769 -1 707 769 708 -1 708 769 770 -1 708 770 709 -1 709 770 771 -1 709 771 710 -1 710 771 772 -1 710 772 711 -1 711 772 773 -1 711 773 712 -1 712 773 774 -1 712 774 713 -1 713 774 775 -1 713 775 714 -1 714 775 776 -1 714 776 715 -1 715 776 777 -1 715 777 716 -1 716 777 778 -1 716 778 717 -1 717 778 779 -1 717 779 718 -1 718 779 780 -1 718 780 719 -1 719 780 781 -1 719 781 720 -1 720 781 782 -1 720 782 721 -1 721 782 783 -1 721 783 722 -1 722 783 784 -1 722 784 723 -1 723 784 785 -1 723 785 724 -1 724 785 786 -1 724 786 725 -1 725 786 787 -1 725 787 726 -1 726 787 788 -1 726 788 727 -1 727 788 789 -1 727 789 728 -1 728 789 790 -1 728 790 729 -1 729 790 791 -1 729 791 730 -1 730 791 792 -1 730 792 731 -1 731 792 793 -1 731 793 732 -1 732 793 794 -1 732 794 733 -1 733 794 795 -1 733 795 734 -1 734 795 796 -1 734 796 735 -1 735 796 797 -1 735 797 736 -1 736 797 798 -1 736 798 737 -1 737 798 799 -1 737 799 738 -1 738 799 800 -1 738 800 739 -1 739 800 801 -1 739 801 740 -1 740 801 802 -1 740 802 741 -1 741 802 803 -1 741 803 742 -1 742 803 804 -1 742 804 743 -1 743 804 805 -1 743 805 744 -1 744 805 806 -1 744 806 745 -1 745 806 807 -1 745 807 63 -1 746 0 808 -1 746 808 747 -1 747 808 809 -1 747 809 748 -1 748 809 810 -1 748 810 749 -1 749 810 811 -1 749 811 750 -1 750 811 812 -1 750 812 751 -1 751 812 813 -1 751 813 752 -1 752 813 814 -1 752 814 753 -1 753 814 815 -1 753 815 754 -1 754 815 816 -1 754 816 755 -1 755 816 817 -1 755 817 756 -1 756 817 818 -1 756 818 757 -1 757 818 819 -1 757 819 758 -1 758 819 820 -1 758 820 759 -1 759 820 821 -1 759 821 760 -1 760 821 822 -1 760 822 761 -1 761 822 823 -1 761 823 762 -1 762 823 824 -1 762 824 763 -1 763 824 825 -1 763 825 764 -1 764 825 826 -1 764 826 765 -1 765 826 827 -1 765 827 766 -1 766 827 828 -1 766 828 767 -1 767 828 829 -1 767 829 768 -1 768 829 830 -1 768 830 769 -1 769 830 831 -1 769 831 770 -1 770 831 832 -1 770 832 771 -1 771 832 833 -1 771 833 772 -1 772 833 834 -1 772 834 773 -1 773 834 835 -1 773 835 774 -1 774 835 836 -1 774 836 775 -1 775 836 837 -1 775 837 776 -1 776 837 838 -1 776 838 777 -1 777 838 839 -1 777 839 778 -1 778 839 840 -1 778 840 779 -1 779 840 841 -1 779 841 780 -1 780 841 842 -1 780 842 781 -1 781 842 843 -1 781 843 782 -1 782 843 844 -1 782 844 783 -1 783 844 845 -1 783 845 784 -1 784 845 846 -1 784 846 785 -1 785 846 847 -1 785 847 786 -1 786 847 848 -1 786 848 787 -1 787 848 849 -1 787 849 788 -1 788 849 850 -1 788 850 789 -1 789 850 851 -1 789 851 790 -1 790 851 852 -1 790 852 791 -1 791 852 853 -1 791 853 792 -1 792 853 854 -1 792 854 793 -1 793 854 855 -1 793 855 794 -1 794 855 856 -1 794 856 795 -1 795 856 857 -1 795 857 796 -1 796 857 858 -1 796 858 797 -1 797 858 859 -1 797 859 798 -1 798 859 860 -1 798 860 799 -1 799 860 861 -1 799 861 800 -1 800 861 862 -1 800 862 801 -1 801 862 863 -1 801 863 802 -1 802 863 864 -1 802 864 803 -1 803 864 865 -1 803 865 804 -1 804 865 866 -1 804 866 805 -1 805 866 867 -1 805 867 806 -1 806 867 868 -1 806 868 807 -1 807 868 869 -1 807 869 63 -1 808 0 870 -1 808 870 809 -1 809 870 871 -1 809 871 810 -1 810 871 872 -1 810 872 811 -1 811 872 873 -1 811 873 812 -1 812 873 874 -1 812 874 813 -1 813 874 875 -1 813 875 814 -1 814 875 876 -1 814 876 815 -1 815 876 877 -1 815 877 816 -1 816 877 878 -1 816 878 817 -1 817 878 879 -1 817 879 818 -1 818 879 880 -1 818 880 819 -1 819 880 881 -1 819 881 820 -1 820 881 882 -1 820 882 821 -1 821 882 883 -1 821 883 822 -1 822 883 884 -1 822 884 823 -1 823 884 885 -1 823 885 824 -1 824 885 886 -1 824 886 825 -1 825 886 887 -1 825 887 826 -1 826 887 888 -1 826 888 827 -1 827 888 889 -1 827 889 828 -1 828 889 890 -1 828 890 829 -1 829 890 891 -1 829 891 830 -1 830 891 892 -1 830 892 831 -1 831 892 893 -1 831 893 832 -1 832 893 894 -1 832 894 833 -1 833 894 895 -1 833 895 834 -1 834 895 896 -1 834 896 835 -1 835 896 897 -1 835 897 836 -1 836 897 898 -1 836 898 837 -1 837 898 899 -1 837 899 838 -1 838 899 900 -1 838 900 839 -1 839 900 901 -1 839 901 840 -1 840 901 902 -1 840 902 841 -1 841 902 903 -1 841 903 842 -1 842 903 904 -1 842 904 843 -1 843 904 905 -1 843 905 844 -1 844 905 906 -1 844 906 845 -1 845 906 907 -1 845 907 846 -1 846 907 908 -1 846 908 847 -1 847 908 909 -1 847 909 848 -1 848 909 910 -1 848 910 849 -1 849 910 911 -1 849 911 850 -1 850 911 912 -1 850 912 851 -1 851 912 913 -1 851 913 852 -1 852 913 914 -1 852 914 853 -1 853 914 915 -1 853 915 854 -1 854 915 916 -1 854 916 855 -1 855 916 917 -1 855 917 856 -1 856 917 918 -1 856 918 857 -1 857 918 919 -1 857 919 858 -1 858 919 920 -1 858 920 859 -1 859 920 921 -1 859 921 860 -1 860 921 922 -1 860 922 861 -1 861 922 923 -1 861 923 862 -1 862 923 924 -1 862 924 863 -1 863 924 925 -1 863 925 864 -1 864 925 926 -1 864 926 865 -1 865 926 927 -1 865 927 866 -1 866 927 928 -1 866 928 867 -1 867 928 929 -1 867 929 868 -1 868 929 930 -1 868 930 869 -1 869 930 931 -1 869 931 63 -1 870 0 932 -1 870 932 871 -1 871 932 933 -1 871 933 872 -1 872 933 934 -1 872 934 873 -1 873 934 935 -1 873 935 874 -1 874 935 936 -1 874 936 875 -1 875 936 937 -1 875 937 876 -1 876 937 938 -1 876 938 877 -1 877 938 939 -1 877 939 878 -1 878 939 940 -1 878 940 879 -1 879 940 941 -1 879 941 880 -1 880 941 942 -1 880 942 881 -1 881 942 943 -1 881 943 882 -1 882 943 944 -1 882 944 883 -1 883 944 945 -1 883 945 884 -1 884 945 946 -1 884 946 885 -1 885 946 947 -1 885 947 886 -1 886 947 948 -1 886 948 887 -1 887 948 949 -1 887 949 888 -1 888 949 950 -1 888 950 889 -1 889 950 951 -1 889 951 890 -1 890 951 952 -1 890 952 891 -1 891 952 953 -1 891 953 892 -1 892 953 954 -1 892 954 893 -1 893 954 955 -1 893 955 894 -1 894 955 956 -1 894 956 895 -1 895 956 957 -1 895 957 896 -1 896 957 958 -1 896 958 897 -1 897 958 959 -1 897 959 898 -1 898 959 960 -1 898 960 899 -1 899 960 961 -1 899 961 900 -1 900 961 962 -1 900 962 901 -1 901 962 963 -1 901 963 902 -1 902 963 964 -1 902 964 903 -1 903 964 965 -1 903 965 904 -1 904 965 966 -1 904 966 905 -1 905 966 967 -1 905 967 906 -1 906 967 968 -1 906 968 907 -1 907 968 969 -1 907 969 908 -1 908 969 970 -1 908 970 909 -1 909 970 971 -1 909 971 910 -1 910 971 972 -1 910 972 911 -1 911 972 973 -1 911 973 912 -1 912 973 974 -1 912 974 913 -1 913 974 975 -1 913 975 914 -1 914 975 976 -1 914 976 915 -1 915 976 977 -1 915 977 916 -1 916 977 978 -1 916 978 917 -1 917 978 979 -1 917 979 918 -1 918 979 980 -1 918 980 919 -1 919 980 981 -1 919 981 920 -1 920 981 982 -1 920 982 921 -1 921 982 983 -1 921 983 922 -1 922 983 984 -1 922 984 923 -1 923 984 985 -1 923 985 924 -1 924 985 986 -1 924 986 925 -1 925 986 987 -1 925 987 926 -1 926 987 988 -1 926 988 927 -1 927 988 989 -1 927 989 928 -1 928 989 990 -1 928 990 929 -1 929 990 991 -1 929 991 930 -1 930 991 992 -1 930 992 931 -1 931 992 993 -1 931 993 63 -1 932 0 994 -1 932 994 933 -1 933 994 995 -1 933 995 934 -1 934 995 996 -1 934 996 935 -1 935 996 997 -1 935 997 936 -1 936 997 998 -1 936 998 937 -1 937 998 999 -1 937 999 938 -1 938 999 1000 -1 938 1000 939 -1 939 1000 1001 -1 939 1001 940 -1 940 1001 1002 -1 940 1002 941 -1 941 1002 1003 -1 941 1003 942 -1 942 1003 1004 -1 942 1004 943 -1 943 1004 1005 -1 943 1005 944 -1 944 1005 1006 -1 944 1006 945 -1 945 1006 1007 -1 945 1007 946 -1 946 1007 1008 -1 946 1008 947 -1 947 1008 1009 -1 947 1009 948 -1 948 1009 1010 -1 948 1010 949 -1 949 1010 1011 -1 949 1011 950 -1 950 1011 1012 -1 950 1012 951 -1 951 1012 1013 -1 951 1013 952 -1 952 1013 1014 -1 952 1014 953 -1 953 1014 1015 -1 953 1015 954 -1 954 1015 1016 -1 954 1016 955 -1 955 1016 1017 -1 955 1017 956 -1 956 1017 1018 -1 956 1018 957 -1 957 1018 1019 -1 957 1019 958 -1 958 1019 1020 -1 958 1020 959 -1 959 1020 1021 -1 959 1021 960 -1 960 1021 1022 -1 960 1022 961 -1 961 1022 1023 -1 961 1023 962 -1 962 1023 1024 -1 962 1024 963 -1 963 1024 1025 -1 963 1025 964 -1 964 1025 1026 -1 964 1026 965 -1 965 1026 1027 -1 965 1027 966 -1 966 1027 1028 -1 966 1028 967 -1 967 1028 1029 -1 967 1029 968 -1 968 1029 1030 -1 968 1030 969 -1 969 1030 1031 -1 969 1031 970 -1 970 1031 1032 -1 970 1032 971 -1 971 1032 1033 -1 971 1033 972 -1 972 1033 1034 -1 972 1034 973 -1 973 1034 1035 -1 973 1035 974 -1 974 1035 1036 -1 974 1036 975 -1 975 1036 1037 -1 975 1037 976 -1 976 1037 1038 -1 976 1038 977 -1 977 1038 1039 -1 977 1039 978 -1 978 1039 1040 -1 978 1040 979 -1 979 1040 1041 -1 979 1041 980 -1 980 1041 1042 -1 980 1042 981 -1 981 1042 1043 -1 981 1043 982 -1 982 1043 1044 -1 982 1044 983 -1 983 1044 1045 -1 983 1045 984 -1 984 1045 1046 -1 984 1046 985 -1 985 1046 1047 -1 985 1047 986 -1 986 1047 1048 -1 986 1048 987 -1 987 1048 1049 -1 987 1049 988 -1 988 1049 1050 -1 988 1050 989 -1 989 1050 1051 -1 989 1051 990 -1 990 1051 1052 -1 990 1052 991 -1 991 1052 1053 -1 991 1053 992 -1 992 1053 1054 -1 992 1054 993 -1 993 1054 1055 -1 993 1055 63 -1 994 0 1056 -1 994 1056 995 -1 995 1056 1057 -1 995 1057 996 -1 996 1057 1058 -1 996 1058 997 -1 997 1058 1059 -1 997 1059 998 -1 998 1059 1060 -1 998 1060 999 -1 999 1060 1061 -1 999 1061 1000 -1 1000 1061 1062 -1 1000 1062 1001 -1 1001 1062 1063 -1 1001 1063 1002 -1 1002 1063 1064 -1 1002 1064 1003 -1 1003 1064 1065 -1 1003 1065 1004 -1 1004 1065 1066 -1 1004 1066 1005 -1 1005 1066 1067 -1 1005 1067 1006 -1 1006 1067 1068 -1 1006 1068 1007 -1 1007 1068 1069 -1 1007 1069 1008 -1 1008 1069 1070 -1 1008 1070 1009 -1 1009 1070 1071 -1 1009 1071 1010 -1 1010 1071 1072 -1 1010 1072 1011 -1 1011 1072 1073 -1 1011 1073 1012 -1 1012 1073 1074 -1 1012 1074 1013 -1 1013 1074 1075 -1 1013 1075 1014 -1 1014 1075 1076 -1 1014 1076 1015 -1 1015 1076 1077 -1 1015 1077 1016 -1 1016 1077 1078 -1 1016 1078 1017 -1 1017 1078 1079 -1 1017 1079 1018 -1 1018 1079 1080 -1 1018 1080 1019 -1 1019 1080 1081 -1 1019 1081 1020 -1 1020 1081 1082 -1 1020 1082 1021 -1 1021 1082 1083 -1 1021 1083 1022 -1 1022 1083 1084 -1 1022 1084 1023 -1 1023 1084 1085 -1 1023 1085 1024 -1 1024 1085 1086 -1 1024 1086 1025 -1 1025 1086 1087 -1 1025 1087 1026 -1 1026 1087 1088 -1 1026 1088 1027 -1 1027 1088 1089 -1 1027 1089 1028 -1 1028 1089 1090 -1 1028 1090 1029 -1 1029 1090 1091 -1 1029 1091 1030 -1 1030 1091 1092 -1 1030 1092 1031 -1 1031 1092 1093 -1 1031 1093 1032 -1 1032 1093 1094 -1 1032 1094 1033 -1 1033 1094 1095 -1 1033 1095 1034 -1 1034 1095 1096 -1 1034 1096 1035 -1 1035 1096 1097 -1 1035 1097 1036 -1 1036 1097 1098 -1 1036 1098 1037 -1 1037 1098 1099 -1 1037 1099 1038 -1 1038 1099 1100 -1 1038 1100 1039 -1 1039 1100 1101 -1 1039 1101 1040 -1 1040 1101 1102 -1 1040 1102 1041 -1 1041 1102 1103 -1 1041 1103 1042 -1 1042 1103 1104 -1 1042 1104 1043 -1 1043 1104 1105 -1 1043 1105 1044 -1 1044 1105 1106 -1 1044 1106 1045 -1 1045 1106 1107 -1 1045 1107 1046 -1 1046 1107 1108 -1 1046 1108 1047 -1 1047 1108 1109 -1 1047 1109 1048 -1 1048 1109 1110 -1 1048 1110 1049 -1 1049 1110 1111 -1 1049 1111 1050 -1 1050 1111 1112 -1 1050 1112 1051 -1 1051 1112 1113 -1 1051 1113 1052 -1 1052 1113 1114 -1 1052 1114 1053 -1 1053 1114 1115 -1 1053 1115 1054 -1 1054 1115 1116 -1 1054 1116 1055 -1 1055 1116 1117 -1 1055 1117 63 -1 1056 0 1118 -1 1056 1118 1057 -1 1057 1118 1119 -1 1057 1119 1058 -1 1058 1119 1120 -1 1058 1120 1059 -1 1059 1120 1121 -1 1059 1121 1060 -1 1060 1121 1122 -1 1060 1122 1061 -1 1061 1122 1123 -1 1061 1123 1062 -1 1062 1123 1124 -1 1062 1124 1063 -1 1063 1124 1125 -1 1063 1125 1064 -1 1064 1125 1126 -1 1064 1126 1065 -1 1065 1126 1127 -1 1065 1127 1066 -1 1066 1127 1128 -1 1066 1128 1067 -1 1067 1128 1129 -1 1067 1129 1068 -1 1068 1129 1130 -1 1068 1130 1069 -1 1069 1130 1131 -1 1069 1131 1070 -1 1070 1131 1132 -1 1070 1132 1071 -1 1071 1132 1133 -1 1071 1133 1072 -1 1072 1133 1134 -1 1072 1134 1073 -1 1073 1134 1135 -1 1073 1135 1074 -1 1074 1135 1136 -1 1074 1136 1075 -1 1075 1136 1137 -1 1075 1137 1076 -1 1076 1137 1138 -1 1076 1138 1077 -1 1077 1138 1139 -1 1077 1139 1078 -1 1078 1139 1140 -1 1078 1140 1079 -1 1079 1140 1141 -1 1079 1141 1080 -1 1080 1141 1142 -1 1080 1142 1081 -1 1081 1142 1143 -1 1081 1143 1082 -1 1082 1143 1144 -1 1082 1144 1083 -1 1083 1144 1145 -1 1083 1145 1084 -1 1084 1145 1146 -1 1084 1146 1085 -1 1085 1146 1147 -1 1085 1147 1086 -1 1086 1147 1148 -1 1086 1148 1087 -1 1087 1148 1149 -1 1087 1149 1088 -1 1088 1149 1150 -1 1088 1150 1089 -1 1089 1150 1151 -1 1089 1151 1090 -1 1090 1151 1152 -1 1090 1152 1091 -1 1091 1152 1153 -1 1091 1153 1092 -1 1092 1153 1154 -1 1092 1154 1093 -1 1093 1154 1155 -1 1093 1155 1094 -1 1094 1155 1156 -1 1094 1156 1095 -1 1095 1156 1157 -1 1095 1157 1096 -1 1096 1157 1158 -1 1096 1158 1097 -1 1097 1158 1159 -1 1097 1159 1098 -1 1098 1159 1160 -1 1098 1160 1099 -1 1099 1160 1161 -1 1099 1161 1100 -1 1100 1161 1162 -1 1100 1162 1101 -1 1101 1162 1163 -1 1101 1163 1102 -1 1102 1163 1164 -1 1102 1164 1103 -1 1103 1164 1165 -1 1103 1165 1104 -1 1104 1165 1166 -1 1104 1166 1105 -1 1105 1166 1167 -1 1105 1167 1106 -1 1106 1167 1168 -1 1106 1168 1107 -1 1107 1168 1169 -1 1107 1169 1108 -1 1108 1169 1170 -1 1108 1170 1109 -1 1109 1170 1171 -1 1109 1171 1110 -1 1110 1171 1172 -1 1110 1172 1111 -1 1111 1172 1173 -1 1111 1173 1112 -1 1112 1173 1174 -1 1112 1174 1113 -1 1113 1174 1175 -1 1113 1175 1114 -1 1114 1175 1176 -1 1114 1176 1115 -1 1115 1176 1177 -1 1115 1177 1116 -1 1116 1177 1178 -1 1116 1178 1117 -1 1117 1178 1179 -1 1117 1179 63 -1 1118 0 1180 -1 1118 1180 1119 -1 1119 1180 1181 -1 1119 1181 1120 -1 1120 1181 1182 -1 1120 1182 1121 -1 1121 1182 1183 -1 1121 1183 1122 -1 1122 1183 1184 -1 1122 1184 1123 -1 1123 1184 1185 -1 1123 1185 1124 -1 1124 1185 1186 -1 1124 1186 1125 -1 1125 1186 1187 -1 1125 1187 1126 -1 1126 1187 1188 -1 1126 1188 1127 -1 1127 1188 1189 -1 1127 1189 1128 -1 1128 1189 1190 -1 1128 1190 1129 -1 1129 1190 1191 -1 1129 1191 1130 -1 1130 1191 1192 -1 1130 1192 1131 -1 1131 1192 1193 -1 1131 1193 1132 -1 1132 1193 1194 -1 1132 1194 1133 -1 1133 1194 1195 -1 1133 1195 1134 -1 1134 1195 1196 -1 1134 1196 1135 -1 1135 1196 1197 -1 1135 1197 1136 -1 1136 1197 1198 -1 1136 1198 1137 -1 1137 1198 1199 -1 1137 1199 1138 -1 1138 1199 1200 -1 1138 1200 1139 -1 1139 1200 1201 -1 1139 1201 1140 -1 1140 1201 1202 -1 1140 1202 1141 -1 1141 1202 1203 -1 1141 1203 1142 -1 1142 1203 1204 -1 1142 1204 1143 -1 1143 1204 1205 -1 1143 1205 1144 -1 1144 1205 1206 -1 1144 1206 1145 -1 1145 1206 1207 -1 1145 1207 1146 -1 1146 1207 1208 -1 1146 1208 1147 -1 1147 1208 1209 -1 1147 1209 1148 -1 1148 1209 1210 -1 1148 1210 1149 -1 1149 1210 1211 -1 1149 1211 1150 -1 1150 1211 1212 -1 1150 1212 1151 -1 1151 1212 1213 -1 1151 1213 1152 -1 1152 1213 1214 -1 1152 1214 1153 -1 1153 1214 1215 -1 1153 1215 1154 -1 1154 1215 1216 -1 1154 1216 1155 -1 1155 1216 1217 -1 1155 1217 1156 -1 1156 1217 1218 -1 1156 1218 1157 -1 1157 1218 1219 -1 1157 1219 1158 -1 1158 1219 1220 -1 1158 1220 1159 -1 1159 1220 1221 -1 1159 1221 1160 -1 1160 1221 1222 -1 1160 1222 1161 -1 1161 1222 1223 -1 1161 1223 1162 -1 1162 1223 1224 -1 1162 1224 1163 -1 1163 1224 1225 -1 1163 1225 1164 -1 1164 1225 1226 -1 1164 1226 1165 -1 1165 1226 1227 -1 1165 1227 1166 -1 1166 1227 1228 -1 1166 1228 1167 -1 1167 1228 1229 -1 1167 1229 1168 -1 1168 1229 1230 -1 1168 1230 1169 -1 1169 1230 1231 -1 1169 1231 1170 -1 1170 1231 1232 -1 1170 1232 1171 -1 1171 1232 1233 -1 1171 1233 1172 -1 1172 1233 1234 -1 1172 1234 1173 -1 1173 1234 1235 -1 1173 1235 1174 -1 1174 1235 1236 -1 1174 1236 1175 -1 1175 1236 1237 -1 1175 1237 1176 -1 1176 1237 1238 -1 1176 1238 1177 -1 1177 1238 1239 -1 1177 1239 1178 -1 1178 1239 1240 -1 1178 1240 1179 -1 1179 1240 1241 -1 1179 1241 63 -1 1180 0 1242 -1 1180 1242 1181 -1 1181 1242 1243 -1 1181 1243 1182 -1 1182 1243 1244 -1 1182 1244 1183 -1 1183 1244 1245 -1 1183 1245 1184 -1 1184 1245 1246 -1 1184 1246 1185 -1 1185 1246 1247 -1 1185 1247 1186 -1 1186 1247 1248 -1 1186 1248 1187 -1 1187 1248 1249 -1 1187 1249 1188 -1 1188 1249 1250 -1 1188 1250 1189 -1 1189 1250 1251 -1 1189 1251 1190 -1 1190 1251 1252 -1 1190 1252 1191 -1 1191 1252 1253 -1 1191 1253 1192 -1 1192 1253 1254 -1 1192 1254 1193 -1 1193 1254 1255 -1 1193 1255 1194 -1 1194 1255 1256 -1 1194 1256 1195 -1 1195 1256 1257 -1 1195 1257 1196 -1 1196 1257 1258 -1 1196 1258 1197 -1 1197 1258 1259 -1 1197 1259 1198 -1 1198 1259 1260 -1 1198 1260 1199 -1 1199 1260 1261 -1 1199 1261 1200 -1 1200 1261 1262 -1 1200 1262 1201 -1 1201 1262 1263 -1 1201 1263 1202 -1 1202 1263 1264 -1 1202 1264 1203 -1 1203 1264 1265 -1 1203 1265 1204 -1 1204 1265 1266 -1 1204 1266 1205 -1 1205 1266 1267 -1 1205 1267 1206 -1 1206 1267 1268 -1 1206 1268 1207 -1 1207 1268 1269 -1 1207 1269 1208 -1 1208 1269 1270 -1 1208 1270 1209 -1 1209 1270 1271 -1 1209 1271 1210 -1 1210 1271 1272 -1 1210 1272 1211 -1 1211 1272 1273 -1 1211 1273 1212 -1 1212 1273 1274 -1 1212 1274 1213 -1 1213 1274 1275 -1 1213 1275 1214 -1 1214 1275 1276 -1 1214 1276 1215 -1 1215 1276 1277 -1 1215 1277 1216 -1 1216 1277 1278 -1 1216 1278 1217 -1 1217 1278 1279 -1 1217 1279 1218 -1 1218 1279 1280 -1 1218 1280 1219 -1 1219 1280 1281 -1 1219 1281 1220 -1 1220 1281 1282 -1 1220 1282 1221 -1 1221 1282 1283 -1 1221 1283 1222 -1 1222 1283 1284 -1 1222 1284 1223 -1 1223 1284 1285 -1 1223 1285 1224 -1 1224 1285 1286 -1 1224 1286 1225 -1 1225 1286 1287 -1 1225 1287 1226 -1 1226 1287 1288 -1 1226 1288 1227 -1 1227 1288 1289 -1 1227 1289 1228 -1 1228 1289 1290 -1 1228 1290 1229 -1 1229 1290 1291 -1 1229 1291 1230 -1 1230 1291 1292 -1 1230 1292 1231 -1 1231 1292 1293 -1 1231 1293 1232 -1 1232 1293 1294 -1 1232 1294 1233 -1 1233 1294 1295 -1 1233 1295 1234 -1 1234 1295 1296 -1 1234 1296 1235 -1 1235 1296 1297 -1 1235 1297 1236 -1 1236 1297 1298 -1 1236 1298 1237 -1 1237 1298 1299 -1 1237 1299 1238 -1 1238 1299 1300 -1 1238 1300 1239 -1 1239 1300 1301 -1 1239 1301 1240 -1 1240 1301 1302 -1 1240 1302 1241 -1 1241 1302 1303 -1 1241 1303 63 -1 1242 0 1304 -1 1242 1304 1243 -1 1243 1304 1305 -1 1243 1305 1244 -1 1244 1305 1306 -1 1244 1306 1245 -1 1245 1306 1307 -1 1245 1307 1246 -1 1246 1307 1308 -1 1246 1308 1247 -1 1247 1308 1309 -1 1247 1309 1248 -1 1248 1309 1310 -1 1248 1310 1249 -1 1249 1310 1311 -1 1249 1311 1250 -1 1250 1311 1312 -1 1250 1312 1251 -1 1251 1312 1313 -1 1251 1313 1252 -1 1252 1313 1314 -1 1252 1314 1253 -1 1253 1314 1315 -1 1253 1315 1254 -1 1254 1315 1316 -1 1254 1316 1255 -1 1255 1316 1317 -1 1255 1317 1256 -1 1256 1317 1318 -1 1256 1318 1257 -1 1257 1318 1319 -1 1257 1319 1258 -1 1258 1319 1320 -1 1258 1320 1259 -1 1259 1320 1321 -1 1259 1321 1260 -1 1260 1321 1322 -1 1260 1322 1261 -1 1261 1322 1323 -1 1261 1323 1262 -1 1262 1323 1324 -1 1262 1324 1263 -1 1263 1324 1325 -1 1263 1325 1264 -1 1264 1325 1326 -1 1264 1326 1265 -1 1265 1326 1327 -1 1265 1327 1266 -1 1266 1327 1328 -1 1266 1328 1267 -1 1267 1328 1329 -1 1267 1329 1268 -1 1268 1329 1330 -1 1268 1330 1269 -1 1269 1330 1331 -1 1269 1331 1270 -1 1270 1331 1332 -1 1270 1332 1271 -1 1271 1332 1333 -1 1271 1333 1272 -1 1272 1333 1334 -1 1272 1334 1273 -1 1273 1334 1335 -1 1273 1335 1274 -1 1274 1335 1336 -1 1274 1336 1275 -1 1275 1336 1337 -1 1275 1337 1276 -1 1276 1337 1338 -1 1276 1338 1277 -1 1277 1338 1339 -1 1277 1339 1278 -1 1278 1339 1340 -1 1278 1340 1279 -1 1279 1340 1341 -1 1279 1341 1280 -1 1280 1341 1342 -1 1280 1342 1281 -1 1281 1342 1343 -1 1281 1343 1282 -1 1282 1343 1344 -1 1282 1344 1283 -1 1283 1344 1345 -1 1283 1345 1284 -1 1284 1345 1346 -1 1284 1346 1285 -1 1285 1346 1347 -1 1285 1347 1286 -1 1286 1347 1348 -1 1286 1348 1287 -1 1287 1348 1349 -1 1287 1349 1288 -1 1288 1349 1350 -1 1288 1350 1289 -1 1289 1350 1351 -1 1289 1351 1290 -1 1290 1351 1352 -1 1290 1352 1291 -1 1291 1352 1353 -1 1291 1353 1292 -1 1292 1353 1354 -1 1292 1354 1293 -1 1293 1354 1355 -1 1293 1355 1294 -1 1294 1355 1356 -1 1294 1356 1295 -1 1295 1356 1357 -1 1295 1357 1296 -1 1296 1357 1358 -1 1296 1358 1297 -1 1297 1358 1359 -1 1297 1359 1298 -1 1298 1359 1360 -1 1298 1360 1299 -1 1299 1360 1361 -1 1299 1361 1300 -1 1300 1361 1362 -1 1300 1362 1301 -1 1301 1362 1363 -1 1301 1363 1302 -1 1302 1363 1364 -1 1302 1364 1303 -1 1303 1364 1365 -1 1303 1365 63 -1 1304 0 1366 -1 1304 1366 1305 -1 1305 1366 1367 -1 1305 1367 1306 -1 1306 1367 1368 -1 1306 1368 1307 -1 1307 1368 1369 -1 1307 1369 1308 -1 1308 1369 1370 -1 1308 1370 1309 -1 1309 1370 1371 -1 1309 1371 1310 -1 1310 1371 1372 -1 1310 1372 1311 -1 1311 1372 1373 -1 1311 1373 1312 -1 1312 1373 1374 -1 1312 1374 1313 -1 1313 1374 1375 -1 1313 1375 1314 -1 1314 1375 1376 -1 1314 1376 1315 -1 1315 1376 1377 -1 1315 1377 1316 -1 1316 1377 1378 -1 1316 1378 1317 -1 1317 1378 1379 -1 1317 1379 1318 -1 1318 1379 1380 -1 1318 1380 1319 -1 1319 1380 1381 -1 1319 1381 1320 -1 1320 1381 1382 -1 1320 1382 1321 -1 1321 1382 1383 -1 1321 1383 1322 -1 1322 1383 1384 -1 1322 1384 1323 -1 1323 1384 1385 -1 1323 1385 1324 -1 1324 1385 1386 -1 1324 1386 1325 -1 1325 1386 1387 -1 1325 1387 1326 -1 1326 1387 1388 -1 1326 1388 1327 -1 1327 1388 1389 -1 1327 1389 1328 -1 1328 1389 1390 -1 1328 1390 1329 -1 1329 1390 1391 -1 1329 1391 1330 -1 1330 1391 1392 -1 1330 1392 1331 -1 1331 1392 1393 -1 1331 1393 1332 -1 1332 1393 1394 -1 1332 1394 1333 -1 1333 1394 1395 -1 1333 1395 1334 -1 1334 1395 1396 -1 1334 1396 1335 -1 1335 1396 1397 -1 1335 1397 1336 -1 1336 1397 1398 -1 1336 1398 1337 -1 1337 1398 1399 -1 1337 1399 1338 -1 1338 1399 1400 -1 1338 1400 1339 -1 1339 1400 1401 -1 1339 1401 1340 -1 1340 1401 1402 -1 1340 1402 1341 -1 1341 1402 1403 -1 1341 1403 1342 -1 1342 1403 1404 -1 1342 1404 1343 -1 1343 1404 1405 -1 1343 1405 1344 -1 1344 1405 1406 -1 1344 1406 1345 -1 1345 1406 1407 -1 1345 1407 1346 -1 1346 1407 1408 -1 1346 1408 1347 -1 1347 1408 1409 -1 1347 1409 1348 -1 1348 1409 1410 -1 1348 1410 1349 -1 1349 1410 1411 -1 1349 1411 1350 -1 1350 1411 1412 -1 1350 1412 1351 -1 1351 1412 1413 -1 1351 1413 1352 -1 1352 1413 1414 -1 1352 1414 1353 -1 1353 1414 1415 -1 1353 1415 1354 -1 1354 1415 1416 -1 1354 1416 1355 -1 1355 1416 1417 -1 1355 1417 1356 -1 1356 1417 1418 -1 1356 1418 1357 -1 1357 1418 1419 -1 1357 1419 1358 -1 1358 1419 1420 -1 1358 1420 1359 -1 1359 1420 1421 -1 1359 1421 1360 -1 1360 1421 1422 -1 1360 1422 1361 -1 1361 1422 1423 -1 1361 1423 1362 -1 1362 1423 1424 -1 1362 1424 1363 -1 1363 1424 1425 -1 1363 1425 1364 -1 1364 1425 1426 -1 1364 1426 1365 -1 1365 1426 1427 -1 1365 1427 63 -1 1366 0 1428 -1 1366 1428 1367 -1 1367 1428 1429 -1 1367 1429 1368 -1 1368 1429 1430 -1 1368 1430 1369 -1 1369 1430 1431 -1 1369 1431 1370 -1 1370 1431 1432 -1 1370 1432 1371 -1 1371 1432 1433 -1 1371 1433 1372 -1 1372 1433 1434 -1 1372 1434 1373 -1 1373 1434 1435 -1 1373 1435 1374 -1 1374 1435 1436 -1 1374 1436 1375 -1 1375 1436 1437 -1 1375 1437 1376 -1 1376 1437 1438 -1 1376 1438 1377 -1 1377 1438 1439 -1 1377 1439 1378 -1 1378 1439 1440 -1 1378 1440 1379 -1 1379 1440 1441 -1 1379 1441 1380 -1 1380 1441 1442 -1 1380 1442 1381 -1 1381 1442 1443 -1 1381 1443 1382 -1 1382 1443 1444 -1 1382 1444 1383 -1 1383 1444 1445 -1 1383 1445 1384 -1 1384 1445 1446 -1 1384 1446 1385 -1 1385 1446 1447 -1 1385 1447 1386 -1 1386 1447 1448 -1 1386 1448 1387 -1 1387 1448 1449 -1 1387 1449 1388 -1 1388 1449 1450 -1 1388 1450 1389 -1 1389 1450 1451 -1 1389 1451 1390 -1 1390 1451 1452 -1 1390 1452 1391 -1 1391 1452 1453 -1 1391 1453 1392 -1 1392 1453 1454 -1 1392 1454 1393 -1 1393 1454 1455 -1 1393 1455 1394 -1 1394 1455 1456 -1 1394 1456 1395 -1 1395 1456 1457 -1 1395 1457 1396 -1 1396 1457 1458 -1 1396 1458 1397 -1 1397 1458 1459 -1 1397 1459 1398 -1 1398 1459 1460 -1 1398 1460 1399 -1 1399 1460 1461 -1 1399 1461 1400 -1 1400 1461 1462 -1 1400 1462 1401 -1 1401 1462 1463 -1 1401 1463 1402 -1 1402 1463 1464 -1 1402 1464 1403 -1 1403 1464 1465 -1 1403 1465 1404 -1 1404 1465 1466 -1 1404 1466 1405 -1 1405 1466 1467 -1 1405 1467 1406 -1 1406 1467 1468 -1 1406 1468 1407 -1 1407 1468 1469 -1 1407 1469 1408 -1 1408 1469 1470 -1 1408 1470 1409 -1 1409 1470 1471 -1 1409 1471 1410 -1 1410 1471 1472 -1 1410 1472 1411 -1 1411 1472 1473 -1 1411 1473 1412 -1 1412 1473 1474 -1 1412 1474 1413 -1 1413 1474 1475 -1 1413 1475 1414 -1 1414 1475 1476 -1 1414 1476 1415 -1 1415 1476 1477 -1 1415 1477 1416 -1 1416 1477 1478 -1 1416 1478 1417 -1 1417 1478 1479 -1 1417 1479 1418 -1 1418 1479 1480 -1 1418 1480 1419 -1 1419 1480 1481 -1 1419 1481 1420 -1 1420 1481 1482 -1 1420 1482 1421 -1 1421 1482 1483 -1 1421 1483 1422 -1 1422 1483 1484 -1 1422 1484 1423 -1 1423 1484 1485 -1 1423 1485 1424 -1 1424 1485 1486 -1 1424 1486 1425 -1 1425 1486 1487 -1 1425 1487 1426 -1 1426 1487 1488 -1 1426 1488 1427 -1 1427 1488 1489 -1 1427 1489 63 -1 1428 0 1490 -1 1428 1490 1429 -1 1429 1490 1491 -1 1429 1491 1430 -1 1430 1491 1492 -1 1430 1492 1431 -1 1431 1492 1493 -1 1431 1493 1432 -1 1432 1493 1494 -1 1432 1494 1433 -1 1433 1494 1495 -1 1433 1495 1434 -1 1434 1495 1496 -1 1434 1496 1435 -1 1435 1496 1497 -1 1435 1497 1436 -1 1436 1497 1498 -1 1436 1498 1437 -1 1437 1498 1499 -1 1437 1499 1438 -1 1438 1499 1500 -1 1438 1500 1439 -1 1439 1500 1501 -1 1439 1501 1440 -1 1440 1501 1502 -1 1440 1502 1441 -1 1441 1502 1503 -1 1441 1503 1442 -1 1442 1503 1504 -1 1442 1504 1443 -1 1443 1504 1505 -1 1443 1505 1444 -1 1444 1505 1506 -1 1444 1506 1445 -1 1445 1506 1507 -1 1445 1507 1446 -1 1446 1507 1508 -1 1446 1508 1447 -1 1447 1508 1509 -1 1447 1509 1448 -1 1448 1509 1510 -1 1448 1510 1449 -1 1449 1510 1511 -1 1449 1511 1450 -1 1450 1511 1512 -1 1450 1512 1451 -1 1451 1512 1513 -1 1451 1513 1452 -1 1452 1513 1514 -1 1452 1514 1453 -1 1453 1514 1515 -1 1453 1515 1454 -1 1454 1515 1516 -1 1454 1516 1455 -1 1455 1516 1517 -1 1455 1517 1456 -1 1456 1517 1518 -1 1456 1518 1457 -1 1457 1518 1519 -1 1457 1519 1458 -1 1458 1519 1520 -1 1458 1520 1459 -1 1459 1520 1521 -1 1459 1521 1460 -1 1460 1521 1522 -1 1460 1522 1461 -1 1461 1522 1523 -1 1461 1523 1462 -1 1462 1523 1524 -1 1462 1524 1463 -1 1463 1524 1525 -1 1463 1525 1464 -1 1464 1525 1526 -1 1464 1526 1465 -1 1465 1526 1527 -1 1465 1527 1466 -1 1466 1527 1528 -1 1466 1528 1467 -1 1467 1528 1529 -1 1467 1529 1468 -1 1468 1529 1530 -1 1468 1530 1469 -1 1469 1530 1531 -1 1469 1531 1470 -1 1470 1531 1532 -1 1470 1532 1471 -1 1471 1532 1533 -1 1471 1533 1472 -1 1472 1533 1534 -1 1472 1534 1473 -1 1473 1534 1535 -1 1473 1535 1474 -1 1474 1535 1536 -1 1474 1536 1475 -1 1475 1536 1537 -1 1475 1537 1476 -1 1476 1537 1538 -1 1476 1538 1477 -1 1477 1538 1539 -1 1477 1539 1478 -1 1478 1539 1540 -1 1478 1540 1479 -1 1479 1540 1541 -1 1479 1541 1480 -1 1480 1541 1542 -1 1480 1542 1481 -1 1481 1542 1543 -1 1481 1543 1482 -1 1482 1543 1544 -1 1482 1544 1483 -1 1483 1544 1545 -1 1483 1545 1484 -1 1484 1545 1546 -1 1484 1546 1485 -1 1485 1546 1547 -1 1485 1547 1486 -1 1486 1547 1548 -1 1486 1548 1487 -1 1487 1548 1549 -1 1487 1549 1488 -1 1488 1549 1550 -1 1488 1550 1489 -1 1489 1550 1551 -1 1489 1551 63 -1 1490 0 1552 -1 1490 1552 1491 -1 1491 1552 1553 -1 1491 1553 1492 -1 1492 1553 1554 -1 1492 1554 1493 -1 1493 1554 1555 -1 1493 1555 1494 -1 1494 1555 1556 -1 1494 1556 1495 -1 1495 1556 1557 -1 1495 1557 1496 -1 1496 1557 1558 -1 1496 1558 1497 -1 1497 1558 1559 -1 1497 1559 1498 -1 1498 1559 1560 -1 1498 1560 1499 -1 1499 1560 1561 -1 1499 1561 1500 -1 1500 1561 1562 -1 1500 1562 1501 -1 1501 1562 1563 -1 1501 1563 1502 -1 1502 1563 1564 -1 1502 1564 1503 -1 1503 1564 1565 -1 1503 1565 1504 -1 1504 1565 1566 -1 1504 1566 1505 -1 1505 1566 1567 -1 1505 1567 1506 -1 1506 1567 1568 -1 1506 1568 1507 -1 1507 1568 1569 -1 1507 1569 1508 -1 1508 1569 1570 -1 1508 1570 1509 -1 1509 1570 1571 -1 1509 1571 1510 -1 1510 1571 1572 -1 1510 1572 1511 -1 1511 1572 1573 -1 1511 1573 1512 -1 1512 1573 1574 -1 1512 1574 1513 -1 1513 1574 1575 -1 1513 1575 1514 -1 1514 1575 1576 -1 1514 1576 1515 -1 1515 1576 1577 -1 1515 1577 1516 -1 1516 1577 1578 -1 1516 1578 1517 -1 1517 1578 1579 -1 1517 1579 1518 -1 1518 1579 1580 -1 1518 1580 1519 -1 1519 1580 1581 -1 1519 1581 1520 -1 1520 1581 1582 -1 1520 1582 1521 -1 1521 1582 1583 -1 1521 1583 1522 -1 1522 1583 1584 -1 1522 1584 1523 -1 1523 1584 1585 -1 1523 1585 1524 -1 1524 1585 1586 -1 1524 1586 1525 -1 1525 1586 1587 -1 1525 1587 1526 -1 1526 1587 1588 -1 1526 1588 1527 -1 1527 1588 1589 -1 1527 1589 1528 -1 1528 1589 1590 -1 1528 1590 1529 -1 1529 1590 1591 -1 1529 1591 1530 -1 1530 1591 1592 -1 1530 1592 1531 -1 1531 1592 1593 -1 1531 1593 1532 -1 1532 1593 1594 -1 1532 1594 1533 -1 1533 1594 1595 -1 1533 1595 1534 -1 1534 1595 1596 -1 1534 1596 1535 -1 1535 1596 1597 -1 1535 1597 1536 -1 1536 1597 1598 -1 1536 1598 1537 -1 1537 1598 1599 -1 1537 1599 1538 -1 1538 1599 1600 -1 1538 1600 1539 -1 1539 1600 1601 -1 1539 1601 1540 -1 1540 1601 1602 -1 1540 1602 1541 -1 1541 1602 1603 -1 1541 1603 1542 -1 1542 1603 1604 -1 1542 1604 1543 -1 1543 1604 1605 -1 1543 1605 1544 -1 1544 1605 1606 -1 1544 1606 1545 -1 1545 1606 1607 -1 1545 1607 1546 -1 1546 1607 1608 -1 1546 1608 1547 -1 1547 1608 1609 -1 1547 1609 1548 -1 1548 1609 1610 -1 1548 1610 1549 -1 1549 1610 1611 -1 1549 1611 1550 -1 1550 1611 1612 -1 1550 1612 1551 -1 1551 1612 1613 -1 1551 1613 63 -1 1552 0 1614 -1 1552 1614 1553 -1 1553 1614 1615 -1 1553 1615 1554 -1 1554 1615 1616 -1 1554 1616 1555 -1 1555 1616 1617 -1 1555 1617 1556 -1 1556 1617 1618 -1 1556 1618 1557 -1 1557 1618 1619 -1 1557 1619 1558 -1 1558 1619 1620 -1 1558 1620 1559 -1 1559 1620 1621 -1 1559 1621 1560 -1 1560 1621 1622 -1 1560 1622 1561 -1 1561 1622 1623 -1 1561 1623 1562 -1 1562 1623 1624 -1 1562 1624 1563 -1 1563 1624 1625 -1 1563 1625 1564 -1 1564 1625 1626 -1 1564 1626 1565 -1 1565 1626 1627 -1 1565 1627 1566 -1 1566 1627 1628 -1 1566 1628 1567 -1 1567 1628 1629 -1 1567 1629 1568 -1 1568 1629 1630 -1 1568 1630 1569 -1 1569 1630 1631 -1 1569 1631 1570 -1 1570 1631 1632 -1 1570 1632 1571 -1 1571 1632 1633 -1 1571 1633 1572 -1 1572 1633 1634 -1 1572 1634 1573 -1 1573 1634 1635 -1 1573 1635 1574 -1 1574 1635 1636 -1 1574 1636 1575 -1 1575 1636 1637 -1 1575 1637 1576 -1 1576 1637 1638 -1 1576 1638 1577 -1 1577 1638 1639 -1 1577 1639 1578 -1 1578 1639 1640 -1 1578 1640 1579 -1 1579 1640 1641 -1 1579 1641 1580 -1 1580 1641 1642 -1 1580 1642 1581 -1 1581 1642 1643 -1 1581 1643 1582 -1 1582 1643 1644 -1 1582 1644 1583 -1 1583 1644 1645 -1 1583 1645 1584 -1 1584 1645 1646 -1 1584 1646 1585 -1 1585 1646 1647 -1 1585 1647 1586 -1 1586 1647 1648 -1 1586 1648 1587 -1 1587 1648 1649 -1 1587 1649 1588 -1 1588 1649 1650 -1 1588 1650 1589 -1 1589 1650 1651 -1 1589 1651 1590 -1 1590 1651 1652 -1 1590 1652 1591 -1 1591 1652 1653 -1 1591 1653 1592 -1 1592 1653 1654 -1 1592 1654 1593 -1 1593 1654 1655 -1 1593 1655 1594 -1 1594 1655 1656 -1 1594 1656 1595 -1 1595 1656 1657 -1 1595 1657 1596 -1 1596 1657 1658 -1 1596 1658 1597 -1 1597 1658 1659 -1 1597 1659 1598 -1 1598 1659 1660 -1 1598 1660 1599 -1 1599 1660 1661 -1 1599 1661 1600 -1 1600 1661 1662 -1 1600 1662 1601 -1 1601 1662 1663 -1 1601 1663 1602 -1 1602 1663 1664 -1 1602 1664 1603 -1 1603 1664 1665 -1 1603 1665 1604 -1 1604 1665 1666 -1 1604 1666 1605 -1 1605 1666 1667 -1 1605 1667 1606 -1 1606 1667 1668 -1 1606 1668 1607 -1 1607 1668 1669 -1 1607 1669 1608 -1 1608 1669 1670 -1 1608 1670 1609 -1 1609 1670 1671 -1 1609 1671 1610 -1 1610 1671 1672 -1 1610 1672 1611 -1 1611 1672 1673 -1 1611 1673 1612 -1 1612 1673 1674 -1 1612 1674 1613 -1 1613 1674 1675 -1 1613 1675 63 -1 1614 0 1676 -1 1614 1676 1615 -1 1615 1676 1677 -1 1615 1677 1616 -1 1616 1677 1678 -1 1616 1678 1617 -1 1617 1678 1679 -1 1617 1679 1618 -1 1618 1679 1680 -1 1618 1680 1619 -1 1619 1680 1681 -1 1619 1681 1620 -1 1620 1681 1682 -1 1620 1682 1621 -1 1621 1682 1683 -1 1621 1683 1622 -1 1622 1683 1684 -1 1622 1684 1623 -1 1623 1684 1685 -1 1623 1685 1624 -1 1624 1685 1686 -1 1624 1686 1625 -1 1625 1686 1687 -1 1625 1687 1626 -1 1626 1687 1688 -1 1626 1688 1627 -1 1627 1688 1689 -1 1627 1689 1628 -1 1628 1689 1690 -1 1628 1690 1629 -1 1629 1690 1691 -1 1629 1691 1630 -1 1630 1691 1692 -1 1630 1692 1631 -1 1631 1692 1693 -1 1631 1693 1632 -1 1632 1693 1694 -1 1632 1694 1633 -1 1633 1694 1695 -1 1633 1695 1634 -1 1634 1695 1696 -1 1634 1696 1635 -1 1635 1696 1697 -1 1635 1697 1636 -1 1636 1697 1698 -1 1636 1698 1637 -1 1637 1698 1699 -1 1637 1699 1638 -1 1638 1699 1700 -1 1638 1700 1639 -1 1639 1700 1701 -1 1639 1701 1640 -1 1640 1701 1702 -1 1640 1702 1641 -1 1641 1702 1703 -1 1641 1703 1642 -1 1642 1703 1704 -1 1642 1704 1643 -1 1643 1704 1705 -1 1643 1705 1644 -1 1644 1705 1706 -1 1644 1706 1645 -1 1645 1706 1707 -1 1645 1707 1646 -1 1646 1707 1708 -1 1646 1708 1647 -1 1647 1708 1709 -1 1647 1709 1648 -1 1648 1709 1710 -1 1648 1710 1649 -1 1649 1710 1711 -1 1649 1711 1650 -1 1650 1711 1712 -1 1650 1712 1651 -1 1651 1712 1713 -1 1651 1713 1652 -1 1652 1713 1714 -1 1652 1714 1653 -1 1653 1714 1715 -1 1653 1715 1654 -1 1654 1715 1716 -1 1654 1716 1655 -1 1655 1716 1717 -1 1655 1717 1656 -1 1656 1717 1718 -1 1656 1718 1657 -1 1657 1718 1719 -1 1657 1719 1658 -1 1658 1719 1720 -1 1658 1720 1659 -1 1659 1720 1721 -1 1659 1721 1660 -1 1660 1721 1722 -1 1660 1722 1661 -1 1661 1722 1723 -1 1661 1723 1662 -1 1662 1723 1724 -1 1662 1724 1663 -1 1663 1724 1725 -1 1663 1725 1664 -1 1664 1725 1726 -1 1664 1726 1665 -1 1665 1726 1727 -1 1665 1727 1666 -1 1666 1727 1728 -1 1666 1728 1667 -1 1667 1728 1729 -1 1667 1729 1668 -1 1668 1729 1730 -1 1668 1730 1669 -1 1669 1730 1731 -1 1669 1731 1670 -1 1670 1731 1732 -1 1670 1732 1671 -1 1671 1732 1733 -1 1671 1733 1672 -1 1672 1733 1734 -1 1672 1734 1673 -1 1673 1734 1735 -1 1673 1735 1674 -1 1674 1735 1736 -1 1674 1736 1675 -1 1675 1736 1737 -1 1675 1737 63 -1 1676 0 1738 -1 1676 1738 1677 -1 1677 1738 1739 -1 1677 1739 1678 -1 1678 1739 1740 -1 1678 1740 1679 -1 1679 1740 1741 -1 1679 1741 1680 -1 1680 1741 1742 -1 1680 1742 1681 -1 1681 1742 1743 -1 1681 1743 1682 -1 1682 1743 1744 -1 1682 1744 1683 -1 1683 1744 1745 -1 1683 1745 1684 -1 1684 1745 1746 -1 1684 1746 1685 -1 1685 1746 1747 -1 1685 1747 1686 -1 1686 1747 1748 -1 1686 1748 1687 -1 1687 1748 1749 -1 1687 1749 1688 -1 1688 1749 1750 -1 1688 1750 1689 -1 1689 1750 1751 -1 1689 1751 1690 -1 1690 1751 1752 -1 1690 1752 1691 -1 1691 1752 1753 -1 1691 1753 1692 -1 1692 1753 1754 -1 1692 1754 1693 -1 1693 1754 1755 -1 1693 1755 1694 -1 1694 1755 1756 -1 1694 1756 1695 -1 1695 1756 1757 -1 1695 1757 1696 -1 1696 1757 1758 -1 1696 1758 1697 -1 1697 1758 1759 -1 1697 1759 1698 -1 1698 1759 1760 -1 1698 1760 1699 -1 1699 1760 1761 -1 1699 1761 1700 -1 1700 1761 1762 -1 1700 1762 1701 -1 1701 1762 1763 -1 1701 1763 1702 -1 1702 1763 1764 -1 1702 1764 1703 -1 1703 1764 1765 -1 1703 1765 1704 -1 1704 1765 1766 -1 1704 1766 1705 -1 1705 1766 1767 -1 1705 1767 1706 -1 1706 1767 1768 -1 1706 1768 1707 -1 1707 1768 1769 -1 1707 1769 1708 -1 1708 1769 1770 -1 1708 1770 1709 -1 1709 1770 1771 -1 1709 1771 1710 -1 1710 1771 1772 -1 1710 1772 1711 -1 1711 1772 1773 -1 1711 1773 1712 -1 1712 1773 1774 -1 1712 1774 1713 -1 1713 1774 1775 -1 1713 1775 1714 -1 1714 1775 1776 -1 1714 1776 1715 -1 1715 1776 1777 -1 1715 1777 1716 -1 1716 1777 1778 -1 1716 1778 1717 -1 1717 1778 1779 -1 1717 1779 1718 -1 1718 1779 1780 -1 1718 1780 1719 -1 1719 1780 1781 -1 1719 1781 1720 -1 1720 1781 1782 -1 1720 1782 1721 -1 1721 1782 1783 -1 1721 1783 1722 -1 1722 1783 1784 -1 1722 1784 1723 -1 1723 1784 1785 -1 1723 1785 1724 -1 1724 1785 1786 -1 1724 1786 1725 -1 1725 1786 1787 -1 1725 1787 1726 -1 1726 1787 1788 -1 1726 1788 1727 -1 1727 1788 1789 -1 1727 1789 1728 -1 1728 1789 1790 -1 1728 1790 1729 -1 1729 1790 1791 -1 1729 1791 1730 -1 1730 1791 1792 -1 1730 1792 1731 -1 1731 1792 1793 -1 1731 1793 1732 -1 1732 1793 1794 -1 1732 1794 1733 -1 1733 1794 1795 -1 1733 1795 1734 -1 1734 1795 1796 -1 1734 1796 1735 -1 1735 1796 1797 -1 1735 1797 1736 -1 1736 1797 1798 -1 1736 1798 1737 -1 1737 1798 1799 -1 1737 1799 63 -1 1738 0 1800 -1 1738 1800 1739 -1 1739 1800 1801 -1 1739 1801 1740 -1 1740 1801 1802 -1 1740 1802 1741 -1 1741 1802 1803 -1 1741 1803 1742 -1 1742 1803 1804 -1 1742 1804 1743 -1 1743 1804 1805 -1 1743 1805 1744 -1 1744 1805 1806 -1 1744 1806 1745 -1 1745 1806 1807 -1 1745 1807 1746 -1 1746 1807 1808 -1 1746 1808 1747 -1 1747 1808 1809 -1 1747 1809 1748 -1 1748 1809 1810 -1 1748 1810 1749 -1 1749 1810 1811 -1 1749 1811 1750 -1 1750 1811 1812 -1 1750 1812 1751 -1 1751 1812 1813 -1 1751 1813 1752 -1 1752 1813 1814 -1 1752 1814 1753 -1 1753 1814 1815 -1 1753 1815 1754 -1 1754 1815 1816 -1 1754 1816 1755 -1 1755 1816 1817 -1 1755 1817 1756 -1 1756 1817 1818 -1 1756 1818 1757 -1 1757 1818 1819 -1 1757 1819 1758 -1 1758 1819 1820 -1 1758 1820 1759 -1 1759 1820 1821 -1 1759 1821 1760 -1 1760 1821 1822 -1 1760 1822 1761 -1 1761 1822 1823 -1 1761 1823 1762 -1 1762 1823 1824 -1 1762 1824 1763 -1 1763 1824 1825 -1 1763 1825 1764 -1 1764 1825 1826 -1 1764 1826 1765 -1 1765 1826 1827 -1 1765 1827 1766 -1 1766 1827 1828 -1 1766 1828 1767 -1 1767 1828 1829 -1 1767 1829 1768 -1 1768 1829 1830 -1 1768 1830 1769 -1 1769 1830 1831 -1 1769 1831 1770 -1 1770 1831 1832 -1 1770 1832 1771 -1 1771 1832 1833 -1 1771 1833 1772 -1 1772 1833 1834 -1 1772 1834 1773 -1 1773 1834 1835 -1 1773 1835 1774 -1 1774 1835 1836 -1 1774 1836 1775 -1 1775 1836 1837 -1 1775 1837 1776 -1 1776 1837 1838 -1 1776 1838 1777 -1 1777 1838 1839 -1 1777 1839 1778 -1 1778 1839 1840 -1 1778 1840 1779 -1 1779 1840 1841 -1 1779 1841 1780 -1 1780 1841 1842 -1 1780 1842 1781 -1 1781 1842 1843 -1 1781 1843 1782 -1 1782 1843 1844 -1 1782 1844 1783 -1 1783 1844 1845 -1 1783 1845 1784 -1 1784 1845 1846 -1 1784 1846 1785 -1 1785 1846 1847 -1 1785 1847 1786 -1 1786 1847 1848 -1 1786 1848 1787 -1 1787 1848 1849 -1 1787 1849 1788 -1 1788 1849 1850 -1 1788 1850 1789 -1 1789 1850 1851 -1 1789 1851 1790 -1 1790 1851 1852 -1 1790 1852 1791 -1 1791 1852 1853 -1 1791 1853 1792 -1 1792 1853 1854 -1 1792 1854 1793 -1 1793 1854 1855 -1 1793 1855 1794 -1 1794 1855 1856 -1 1794 1856 1795 -1 1795 1856 1857 -1 1795 1857 1796 -1 1796 1857 1858 -1 1796 1858 1797 -1 1797 1858 1859 -1 1797 1859 1798 -1 1798 1859 1860 -1 1798 1860 1799 -1 1799 1860 1861 -1 1799 1861 63 -1 1800 0 1862 -1 1800 1862 1801 -1 1801 1862 1863 -1 1801 1863 1802 -1 1802 1863 1864 -1 1802 1864 1803 -1 1803 1864 1865 -1 1803 1865 1804 -1 1804 1865 1866 -1 1804 1866 1805 -1 1805 1866 1867 -1 1805 1867 1806 -1 1806 1867 1868 -1 1806 1868 1807 -1 1807 1868 1869 -1 1807 1869 1808 -1 1808 1869 1870 -1 1808 1870 1809 -1 1809 1870 1871 -1 1809 1871 1810 -1 1810 1871 1872 -1 1810 1872 1811 -1 1811 1872 1873 -1 1811 1873 1812 -1 1812 1873 1874 -1 1812 1874 1813 -1 1813 1874 1875 -1 1813 1875 1814 -1 1814 1875 1876 -1 1814 1876 1815 -1 1815 1876 1877 -1 1815 1877 1816 -1 1816 1877 1878 -1 1816 1878 1817 -1 1817 1878 1879 -1 1817 1879 1818 -1 1818 1879 1880 -1 1818 1880 1819 -1 1819 1880 1881 -1 1819 1881 1820 -1 1820 1881 1882 -1 1820 1882 1821 -1 1821 1882 1883 -1 1821 1883 1822 -1 1822 1883 1884 -1 1822 1884 1823 -1 1823 1884 1885 -1 1823 1885 1824 -1 1824 1885 1886 -1 1824 1886 1825 -1 1825 1886 1887 -1 1825 1887 1826 -1 1826 1887 1888 -1 1826 1888 1827 -1 1827 1888 1889 -1 1827 1889 1828 -1 1828 1889 1890 -1 1828 1890 1829 -1 1829 1890 1891 -1 1829 1891 1830 -1 1830 1891 1892 -1 1830 1892 1831 -1 1831 1892 1893 -1 1831 1893 1832 -1 1832 1893 1894 -1 1832 1894 1833 -1 1833 1894 1895 -1 1833 1895 1834 -1 1834 1895 1896 -1 1834 1896 1835 -1 1835 1896 1897 -1 1835 1897 1836 -1 1836 1897 1898 -1 1836 1898 1837 -1 1837 1898 1899 -1 1837 1899 1838 -1 1838 1899 1900 -1 1838 1900 1839 -1 1839 1900 1901 -1 1839 1901 1840 -1 1840 1901 1902 -1 1840 1902 1841 -1 1841 1902 1903 -1 1841 1903 1842 -1 1842 1903 1904 -1 1842 1904 1843 -1 1843 1904 1905 -1 1843 1905 1844 -1 1844 1905 1906 -1 1844 1906 1845 -1 1845 1906 1907 -1 1845 1907 1846 -1 1846 1907 1908 -1 1846 1908 1847 -1 1847 1908 1909 -1 1847 1909 1848 -1 1848 1909 1910 -1 1848 1910 1849 -1 1849 1910 1911 -1 1849 1911 1850 -1 1850 1911 1912 -1 1850 1912 1851 -1 1851 1912 1913 -1 1851 1913 1852 -1 1852 1913 1914 -1 1852 1914 1853 -1 1853 1914 1915 -1 1853 1915 1854 -1 1854 1915 1916 -1 1854 1916 1855 -1 1855 1916 1917 -1 1855 1917 1856 -1 1856 1917 1918 -1 1856 1918 1857 -1 1857 1918 1919 -1 1857 1919 1858 -1 1858 1919 1920 -1 1858 1920 1859 -1 1859 1920 1921 -1 1859 1921 1860 -1 1860 1921 1922 -1 1860 1922 1861 -1 1861 1922 1923 -1 1861 1923 63 -1 1862 0 1924 -1 1862 1924 1863 -1 1863 1924 1925 -1 1863 1925 1864 -1 1864 1925 1926 -1 1864 1926 1865 -1 1865 1926 1927 -1 1865 1927 1866 -1 1866 1927 1928 -1 1866 1928 1867 -1 1867 1928 1929 -1 1867 1929 1868 -1 1868 1929 1930 -1 1868 1930 1869 -1 1869 1930 1931 -1 1869 1931 1870 -1 1870 1931 1932 -1 1870 1932 1871 -1 1871 1932 1933 -1 1871 1933 1872 -1 1872 1933 1934 -1 1872 1934 1873 -1 1873 1934 1935 -1 1873 1935 1874 -1 1874 1935 1936 -1 1874 1936 1875 -1 1875 1936 1937 -1 1875 1937 1876 -1 1876 1937 1938 -1 1876 1938 1877 -1 1877 1938 1939 -1 1877 1939 1878 -1 1878 1939 1940 -1 1878 1940 1879 -1 1879 1940 1941 -1 1879 1941 1880 -1 1880 1941 1942 -1 1880 1942 1881 -1 1881 1942 1943 -1 1881 1943 1882 -1 1882 1943 1944 -1 1882 1944 1883 -1 1883 1944 1945 -1 1883 1945 1884 -1 1884 1945 1946 -1 1884 1946 1885 -1 1885 1946 1947 -1 1885 1947 1886 -1 1886 1947 1948 -1 1886 1948 1887 -1 1887 1948 1949 -1 1887 1949 1888 -1 1888 1949 1950 -1 1888 1950 1889 -1 1889 1950 1951 -1 1889 1951 1890 -1 1890 1951 1952 -1 1890 1952 1891 -1 1891 1952 1953 -1 1891 1953 1892 -1 1892 1953 1954 -1 1892 1954 1893 -1 1893 1954 1955 -1 1893 1955 1894 -1 1894 1955 1956 -1 1894 1956 1895 -1 1895 1956 1957 -1 1895 1957 1896 -1 1896 1957 1958 -1 1896 1958 1897 -1 1897 1958 1959 -1 1897 1959 1898 -1 1898 1959 1960 -1 1898 1960 1899 -1 1899 1960 1961 -1 1899 1961 1900 -1 1900 1961 1962 -1 1900 1962 1901 -1 1901 1962 1963 -1 1901 1963 1902 -1 1902 1963 1964 -1 1902 1964 1903 -1 1903 1964 1965 -1 1903 1965 1904 -1 1904 1965 1966 -1 1904 1966 1905 -1 1905 1966 1967 -1 1905 1967 1906 -1 1906 1967 1968 -1 1906 1968 1907 -1 1907 1968 1969 -1 1907 1969 1908 -1 1908 1969 1970 -1 1908 1970 1909 -1 1909 1970 1971 -1 1909 1971 1910 -1 1910 1971 1972 -1 1910 1972 1911 -1 1911 1972 1973 -1 1911 1973 1912 -1 1912 1973 1974 -1 1912 1974 1913 -1 1913 1974 1975 -1 1913 1975 1914 -1 1914 1975 1976 -1 1914 1976 1915 -1 1915 1976 1977 -1 1915 1977 1916 -1 1916 1977 1978 -1 1916 1978 1917 -1 1917 1978 1979 -1 1917 1979 1918 -1 1918 1979 1980 -1 1918 1980 1919 -1 1919 1980 1981 -1 1919 1981 1920 -1 1920 1981 1982 -1 1920 1982 1921 -1 1921 1982 1983 -1 1921 1983 1922 -1 1922 1983 1984 -1 1922 1984 1923 -1 1923 1984 1985 -1 1923 1985 63 -1 1924 0 1986 -1 1924 1986 1925 -1 1925 1986 1987 -1 1925 1987 1926 -1 1926 1987 1988 -1 1926 1988 1927 -1 1927 1988 1989 -1 1927 1989 1928 -1 1928 1989 1990 -1 1928 1990 1929 -1 1929 1990 1991 -1 1929 1991 1930 -1 1930 1991 1992 -1 1930 1992 1931 -1 1931 1992 1993 -1 1931 1993 1932 -1 1932 1993 1994 -1 1932 1994 1933 -1 1933 1994 1995 -1 1933 1995 1934 -1 1934 1995 1996 -1 1934 1996 1935 -1 1935 1996 1997 -1 1935 1997 1936 -1 1936 1997 1998 -1 1936 1998 1937 -1 1937 1998 1999 -1 1937 1999 1938 -1 1938 1999 2000 -1 1938 2000 1939 -1 1939 2000 2001 -1 1939 2001 1940 -1 1940 2001 2002 -1 1940 2002 1941 -1 1941 2002 2003 -1 1941 2003 1942 -1 1942 2003 2004 -1 1942 2004 1943 -1 1943 2004 2005 -1 1943 2005 1944 -1 1944 2005 2006 -1 1944 2006 1945 -1 1945 2006 2007 -1 1945 2007 1946 -1 1946 2007 2008 -1 1946 2008 1947 -1 1947 2008 2009 -1 1947 2009 1948 -1 1948 2009 2010 -1 1948 2010 1949 -1 1949 2010 2011 -1 1949 2011 1950 -1 1950 2011 2012 -1 1950 2012 1951 -1 1951 2012 2013 -1 1951 2013 1952 -1 1952 2013 2014 -1 1952 2014 1953 -1 1953 2014 2015 -1 1953 2015 1954 -1 1954 2015 2016 -1 1954 2016 1955 -1 1955 2016 2017 -1 1955 2017 1956 -1 1956 2017 2018 -1 1956 2018 1957 -1 1957 2018 2019 -1 1957 2019 1958 -1 1958 2019 2020 -1 1958 2020 1959 -1 1959 2020 2021 -1 1959 2021 1960 -1 1960 2021 2022 -1 1960 2022 1961 -1 1961 2022 2023 -1 1961 2023 1962 -1 1962 2023 2024 -1 1962 2024 1963 -1 1963 2024 2025 -1 1963 2025 1964 -1 1964 2025 2026 -1 1964 2026 1965 -1 1965 2026 2027 -1 1965 2027 1966 -1 1966 2027 2028 -1 1966 2028 1967 -1 1967 2028 2029 -1 1967 2029 1968 -1 1968 2029 2030 -1 1968 2030 1969 -1 1969 2030 2031 -1 1969 2031 1970 -1 1970 2031 2032 -1 1970 2032 1971 -1 1971 2032 2033 -1 1971 2033 1972 -1 1972 2033 2034 -1 1972 2034 1973 -1 1973 2034 2035 -1 1973 2035 1974 -1 1974 2035 2036 -1 1974 2036 1975 -1 1975 2036 2037 -1 1975 2037 1976 -1 1976 2037 2038 -1 1976 2038 1977 -1 1977 2038 2039 -1 1977 2039 1978 -1 1978 2039 2040 -1 1978 2040 1979 -1 1979 2040 2041 -1 1979 2041 1980 -1 1980 2041 2042 -1 1980 2042 1981 -1 1981 2042 2043 -1 1981 2043 1982 -1 1982 2043 2044 -1 1982 2044 1983 -1 1983 2044 2045 -1 1983 2045 1984 -1 1984 2045 2046 -1 1984 2046 1985 -1 1985 2046 2047 -1 1985 2047 63 -1 1986 0 2048 -1 1986 2048 1987 -1 1987 2048 2049 -1 1987 2049 1988 -1 1988 2049 2050 -1 1988 2050 1989 -1 1989 2050 2051 -1 1989 2051 1990 -1 1990 2051 2052 -1 1990 2052 1991 -1 1991 2052 2053 -1 1991 2053 1992 -1 1992 2053 2054 -1 1992 2054 1993 -1 1993 2054 2055 -1 1993 2055 1994 -1 1994 2055 2056 -1 1994 2056 1995 -1 1995 2056 2057 -1 1995 2057 1996 -1 1996 2057 2058 -1 1996 2058 1997 -1 1997 2058 2059 -1 1997 2059 1998 -1 1998 2059 2060 -1 1998 2060 1999 -1 1999 2060 2061 -1 1999 2061 2000 -1 2000 2061 2062 -1 2000 2062 2001 -1 2001 2062 2063 -1 2001 2063 2002 -1 2002 2063 2064 -1 2002 2064 2003 -1 2003 2064 2065 -1 2003 2065 2004 -1 2004 2065 2066 -1 2004 2066 2005 -1 2005 2066 2067 -1 2005 2067 2006 -1 2006 2067 2068 -1 2006 2068 2007 -1 2007 2068 2069 -1 2007 2069 2008 -1 2008 2069 2070 -1 2008 2070 2009 -1 2009 2070 2071 -1 2009 2071 2010 -1 2010 2071 2072 -1 2010 2072 2011 -1 2011 2072 2073 -1 2011 2073 2012 -1 2012 2073 2074 -1 2012 2074 2013 -1 2013 2074 2075 -1 2013 2075 2014 -1 2014 2075 2076 -1 2014 2076 2015 -1 2015 2076 2077 -1 2015 2077 2016 -1 2016 2077 2078 -1 2016 2078 2017 -1 2017 2078 2079 -1 2017 2079 2018 -1 2018 2079 2080 -1 2018 2080 2019 -1 2019 2080 2081 -1 2019 2081 2020 -1 2020 2081 2082 -1 2020 2082 2021 -1 2021 2082 2083 -1 2021 2083 2022 -1 2022 2083 2084 -1 2022 2084 2023 -1 2023 2084 2085 -1 2023 2085 2024 -1 2024 2085 2086 -1 2024 2086 2025 -1 2025 2086 2087 -1 2025 2087 2026 -1 2026 2087 2088 -1 2026 2088 2027 -1 2027 2088 2089 -1 2027 2089 2028 -1 2028 2089 2090 -1 2028 2090 2029 -1 2029 2090 2091 -1 2029 2091 2030 -1 2030 2091 2092 -1 2030 2092 2031 -1 2031 2092 2093 -1 2031 2093 2032 -1 2032 2093 2094 -1 2032 2094 2033 -1 2033 2094 2095 -1 2033 2095 2034 -1 2034 2095 2096 -1 2034 2096 2035 -1 2035 2096 2097 -1 2035 2097 2036 -1 2036 2097 2098 -1 2036 2098 2037 -1 2037 2098 2099 -1 2037 2099 2038 -1 2038 2099 2100 -1 2038 2100 2039 -1 2039 2100 2101 -1 2039 2101 2040 -1 2040 2101 2102 -1 2040 2102 2041 -1 2041 2102 2103 -1 2041 2103 2042 -1 2042 2103 2104 -1 2042 2104 2043 -1 2043 2104 2105 -1 2043 2105 2044 -1 2044 2105 2106 -1 2044 2106 2045 -1 2045 2106 2107 -1 2045 2107 2046 -1 2046 2107 2108 -1 2046 2108 2047 -1 2047 2108 2109 -1 2047 2109 63 -1 2048 0 2110 -1 2048 2110 2049 -1 2049 2110 2111 -1 2049 2111 2050 -1 2050 2111 2112 -1 2050 2112 2051 -1 2051 2112 2113 -1 2051 2113 2052 -1 2052 2113 2114 -1 2052 2114 2053 -1 2053 2114 2115 -1 2053 2115 2054 -1 2054 2115 2116 -1 2054 2116 2055 -1 2055 2116 2117 -1 2055 2117 2056 -1 2056 2117 2118 -1 2056 2118 2057 -1 2057 2118 2119 -1 2057 2119 2058 -1 2058 2119 2120 -1 2058 2120 2059 -1 2059 2120 2121 -1 2059 2121 2060 -1 2060 2121 2122 -1 2060 2122 2061 -1 2061 2122 2123 -1 2061 2123 2062 -1 2062 2123 2124 -1 2062 2124 2063 -1 2063 2124 2125 -1 2063 2125 2064 -1 2064 2125 2126 -1 2064 2126 2065 -1 2065 2126 2127 -1 2065 2127 2066 -1 2066 2127 2128 -1 2066 2128 2067 -1 2067 2128 2129 -1 2067 2129 2068 -1 2068 2129 2130 -1 2068 2130 2069 -1 2069 2130 2131 -1 2069 2131 2070 -1 2070 2131 2132 -1 2070 2132 2071 -1 2071 2132 2133 -1 2071 2133 2072 -1 2072 2133 2134 -1 2072 2134 2073 -1 2073 2134 2135 -1 2073 2135 2074 -1 2074 2135 2136 -1 2074 2136 2075 -1 2075 2136 2137 -1 2075 2137 2076 -1 2076 2137 2138 -1 2076 2138 2077 -1 2077 2138 2139 -1 2077 2139 2078 -1 2078 2139 2140 -1 2078 2140 2079 -1 2079 2140 2141 -1 2079 2141 2080 -1 2080 2141 2142 -1 2080 2142 2081 -1 2081 2142 2143 -1 2081 2143 2082 -1 2082 2143 2144 -1 2082 2144 2083 -1 2083 2144 2145 -1 2083 2145 2084 -1 2084 2145 2146 -1 2084 2146 2085 -1 2085 2146 2147 -1 2085 2147 2086 -1 2086 2147 2148 -1 2086 2148 2087 -1 2087 2148 2149 -1 2087 2149 2088 -1 2088 2149 2150 -1 2088 2150 2089 -1 2089 2150 2151 -1 2089 2151 2090 -1 2090 2151 2152 -1 2090 2152 2091 -1 2091 2152 2153 -1 2091 2153 2092 -1 2092 2153 2154 -1 2092 2154 2093 -1 2093 2154 2155 -1 2093 2155 2094 -1 2094 2155 2156 -1 2094 2156 2095 -1 2095 2156 2157 -1 2095 2157 2096 -1 2096 2157 2158 -1 2096 2158 2097 -1 2097 2158 2159 -1 2097 2159 2098 -1 2098 2159 2160 -1 2098 2160 2099 -1 2099 2160 2161 -1 2099 2161 2100 -1 2100 2161 2162 -1 2100 2162 2101 -1 2101 2162 2163 -1 2101 2163 2102 -1 2102 2163 2164 -1 2102 2164 2103 -1 2103 2164 2165 -1 2103 2165 2104 -1 2104 2165 2166 -1 2104 2166 2105 -1 2105 2166 2167 -1 2105 2167 2106 -1 2106 2167 2168 -1 2106 2168 2107 -1 2107 2168 2169 -1 2107 2169 2108 -1 2108 2169 2170 -1 2108 2170 2109 -1 2109 2170 2171 -1 2109 2171 63 -1 2110 0 2172 -1 2110 2172 2111 -1 2111 2172 2173 -1 2111 2173 2112 -1 2112 2173 2174 -1 2112 2174 2113 -1 2113 2174 2175 -1 2113 2175 2114 -1 2114 2175 2176 -1 2114 2176 2115 -1 2115 2176 2177 -1 2115 2177 2116 -1 2116 2177 2178 -1 2116 2178 2117 -1 2117 2178 2179 -1 2117 2179 2118 -1 2118 2179 2180 -1 2118 2180 2119 -1 2119 2180 2181 -1 2119 2181 2120 -1 2120 2181 2182 -1 2120 2182 2121 -1 2121 2182 2183 -1 2121 2183 2122 -1 2122 2183 2184 -1 2122 2184 2123 -1 2123 2184 2185 -1 2123 2185 2124 -1 2124 2185 2186 -1 2124 2186 2125 -1 2125 2186 2187 -1 2125 2187 2126 -1 2126 2187 2188 -1 2126 2188 2127 -1 2127 2188 2189 -1 2127 2189 2128 -1 2128 2189 2190 -1 2128 2190 2129 -1 2129 2190 2191 -1 2129 2191 2130 -1 2130 2191 2192 -1 2130 2192 2131 -1 2131 2192 2193 -1 2131 2193 2132 -1 2132 2193 2194 -1 2132 2194 2133 -1 2133 2194 2195 -1 2133 2195 2134 -1 2134 2195 2196 -1 2134 2196 2135 -1 2135 2196 2197 -1 2135 2197 2136 -1 2136 2197 2198 -1 2136 2198 2137 -1 2137 2198 2199 -1 2137 2199 2138 -1 2138 2199 2200 -1 2138 2200 2139 -1 2139 2200 2201 -1 2139 2201 2140 -1 2140 2201 2202 -1 2140 2202 2141 -1 2141 2202 2203 -1 2141 2203 2142 -1 2142 2203 2204 -1 2142 2204 2143 -1 2143 2204 2205 -1 2143 2205 2144 -1 2144 2205 2206 -1 2144 2206 2145 -1 2145 2206 2207 -1 2145 2207 2146 -1 2146 2207 2208 -1 2146 2208 2147 -1 2147 2208 2209 -1 2147 2209 2148 -1 2148 2209 2210 -1 2148 2210 2149 -1 2149 2210 2211 -1 2149 2211 2150 -1 2150 2211 2212 -1 2150 2212 2151 -1 2151 2212 2213 -1 2151 2213 2152 -1 2152 2213 2214 -1 2152 2214 2153 -1 2153 2214 2215 -1 2153 2215 2154 -1 2154 2215 2216 -1 2154 2216 2155 -1 2155 2216 2217 -1 2155 2217 2156 -1 2156 2217 2218 -1 2156 2218 2157 -1 2157 2218 2219 -1 2157 2219 2158 -1 2158 2219 2220 -1 2158 2220 2159 -1 2159 2220 2221 -1 2159 2221 2160 -1 2160 2221 2222 -1 2160 2222 2161 -1 2161 2222 2223 -1 2161 2223 2162 -1 2162 2223 2224 -1 2162 2224 2163 -1 2163 2224 2225 -1 2163 2225 2164 -1 2164 2225 2226 -1 2164 2226 2165 -1 2165 2226 2227 -1 2165 2227 2166 -1 2166 2227 2228 -1 2166 2228 2167 -1 2167 2228 2229 -1 2167 2229 2168 -1 2168 2229 2230 -1 2168 2230 2169 -1 2169 2230 2231 -1 2169 2231 2170 -1 2170 2231 2232 -1 2170 2232 2171 -1 2171 2232 2233 -1 2171 2233 63 -1 2172 0 2234 -1 2172 2234 2173 -1 2173 2234 2235 -1 2173 2235 2174 -1 2174 2235 2236 -1 2174 2236 2175 -1 2175 2236 2237 -1 2175 2237 2176 -1 2176 2237 2238 -1 2176 2238 2177 -1 2177 2238 2239 -1 2177 2239 2178 -1 2178 2239 2240 -1 2178 2240 2179 -1 2179 2240 2241 -1 2179 2241 2180 -1 2180 2241 2242 -1 2180 2242 2181 -1 2181 2242 2243 -1 2181 2243 2182 -1 2182 2243 2244 -1 2182 2244 2183 -1 2183 2244 2245 -1 2183 2245 2184 -1 2184 2245 2246 -1 2184 2246 2185 -1 2185 2246 2247 -1 2185 2247 2186 -1 2186 2247 2248 -1 2186 2248 2187 -1 2187 2248 2249 -1 2187 2249 2188 -1 2188 2249 2250 -1 2188 2250 2189 -1 2189 2250 2251 -1 2189 2251 2190 -1 2190 2251 2252 -1 2190 2252 2191 -1 2191 2252 2253 -1 2191 2253 2192 -1 2192 2253 2254 -1 2192 2254 2193 -1 2193 2254 2255 -1 2193 2255 2194 -1 2194 2255 2256 -1 2194 2256 2195 -1 2195 2256 2257 -1 2195 2257 2196 -1 2196 2257 2258 -1 2196 2258 2197 -1 2197 2258 2259 -1 2197 2259 2198 -1 2198 2259 2260 -1 2198 2260 2199 -1 2199 2260 2261 -1 2199 2261 2200 -1 2200 2261 2262 -1 2200 2262 2201 -1 2201 2262 2263 -1 2201 2263 2202 -1 2202 2263 2264 -1 2202 2264 2203 -1 2203 2264 2265 -1 2203 2265 2204 -1 2204 2265 2266 -1 2204 2266 2205 -1 2205 2266 2267 -1 2205 2267 2206 -1 2206 2267 2268 -1 2206 2268 2207 -1 2207 2268 2269 -1 2207 2269 2208 -1 2208 2269 2270 -1 2208 2270 2209 -1 2209 2270 2271 -1 2209 2271 2210 -1 2210 2271 2272 -1 2210 2272 2211 -1 2211 2272 2273 -1 2211 2273 2212 -1 2212 2273 2274 -1 2212 2274 2213 -1 2213 2274 2275 -1 2213 2275 2214 -1 2214 2275 2276 -1 2214 2276 2215 -1 2215 2276 2277 -1 2215 2277 2216 -1 2216 2277 2278 -1 2216 2278 2217 -1 2217 2278 2279 -1 2217 2279 2218 -1 2218 2279 2280 -1 2218 2280 2219 -1 2219 2280 2281 -1 2219 2281 2220 -1 2220 2281 2282 -1 2220 2282 2221 -1 2221 2282 2283 -1 2221 2283 2222 -1 2222 2283 2284 -1 2222 2284 2223 -1 2223 2284 2285 -1 2223 2285 2224 -1 2224 2285 2286 -1 2224 2286 2225 -1 2225 2286 2287 -1 2225 2287 2226 -1 2226 2287 2288 -1 2226 2288 2227 -1 2227 2288 2289 -1 2227 2289 2228 -1 2228 2289 2290 -1 2228 2290 2229 -1 2229 2290 2291 -1 2229 2291 2230 -1 2230 2291 2292 -1 2230 2292 2231 -1 2231 2292 2293 -1 2231 2293 2232 -1 2232 2293 2294 -1 2232 2294 2233 -1 2233 2294 2295 -1 2233 2295 63 -1 2234 0 2296 -1 2234 2296 2235 -1 2235 2296 2297 -1 2235 2297 2236 -1 2236 2297 2298 -1 2236 2298 2237 -1 2237 2298 2299 -1 2237 2299 2238 -1 2238 2299 2300 -1 2238 2300 2239 -1 2239 2300 2301 -1 2239 2301 2240 -1 2240 2301 2302 -1 2240 2302 2241 -1 2241 2302 2303 -1 2241 2303 2242 -1 2242 2303 2304 -1 2242 2304 2243 -1 2243 2304 2305 -1 2243 2305 2244 -1 2244 2305 2306 -1 2244 2306 2245 -1 2245 2306 2307 -1 2245 2307 2246 -1 2246 2307 2308 -1 2246 2308 2247 -1 2247 2308 2309 -1 2247 2309 2248 -1 2248 2309 2310 -1 2248 2310 2249 -1 2249 2310 2311 -1 2249 2311 2250 -1 2250 2311 2312 -1 2250 2312 2251 -1 2251 2312 2313 -1 2251 2313 2252 -1 2252 2313 2314 -1 2252 2314 2253 -1 2253 2314 2315 -1 2253 2315 2254 -1 2254 2315 2316 -1 2254 2316 2255 -1 2255 2316 2317 -1 2255 2317 2256 -1 2256 2317 2318 -1 2256 2318 2257 -1 2257 2318 2319 -1 2257 2319 2258 -1 2258 2319 2320 -1 2258 2320 2259 -1 2259 2320 2321 -1 2259 2321 2260 -1 2260 2321 2322 -1 2260 2322 2261 -1 2261 2322 2323 -1 2261 2323 2262 -1 2262 2323 2324 -1 2262 2324 2263 -1 2263 2324 2325 -1 2263 2325 2264 -1 2264 2325 2326 -1 2264 2326 2265 -1 2265 2326 2327 -1 2265 2327 2266 -1 2266 2327 2328 -1 2266 2328 2267 -1 2267 2328 2329 -1 2267 2329 2268 -1 2268 2329 2330 -1 2268 2330 2269 -1 2269 2330 2331 -1 2269 2331 2270 -1 2270 2331 2332 -1 2270 2332 2271 -1 2271 2332 2333 -1 2271 2333 2272 -1 2272 2333 2334 -1 2272 2334 2273 -1 2273 2334 2335 -1 2273 2335 2274 -1 2274 2335 2336 -1 2274 2336 2275 -1 2275 2336 2337 -1 2275 2337 2276 -1 2276 2337 2338 -1 2276 2338 2277 -1 2277 2338 2339 -1 2277 2339 2278 -1 2278 2339 2340 -1 2278 2340 2279 -1 2279 2340 2341 -1 2279 2341 2280 -1 2280 2341 2342 -1 2280 2342 2281 -1 2281 2342 2343 -1 2281 2343 2282 -1 2282 2343 2344 -1 2282 2344 2283 -1 2283 2344 2345 -1 2283 2345 2284 -1 2284 2345 2346 -1 2284 2346 2285 -1 2285 2346 2347 -1 2285 2347 2286 -1 2286 2347 2348 -1 2286 2348 2287 -1 2287 2348 2349 -1 2287 2349 2288 -1 2288 2349 2350 -1 2288 2350 2289 -1 2289 2350 2351 -1 2289 2351 2290 -1 2290 2351 2352 -1 2290 2352 2291 -1 2291 2352 2353 -1 2291 2353 2292 -1 2292 2353 2354 -1 2292 2354 2293 -1 2293 2354 2355 -1 2293 2355 2294 -1 2294 2355 2356 -1 2294 2356 2295 -1 2295 2356 2357 -1 2295 2357 63 -1 2296 0 2358 -1 2296 2358 2297 -1 2297 2358 2359 -1 2297 2359 2298 -1 2298 2359 2360 -1 2298 2360 2299 -1 2299 2360 2361 -1 2299 2361 2300 -1 2300 2361 2362 -1 2300 2362 2301 -1 2301 2362 2363 -1 2301 2363 2302 -1 2302 2363 2364 -1 2302 2364 2303 -1 2303 2364 2365 -1 2303 2365 2304 -1 2304 2365 2366 -1 2304 2366 2305 -1 2305 2366 2367 -1 2305 2367 2306 -1 2306 2367 2368 -1 2306 2368 2307 -1 2307 2368 2369 -1 2307 2369 2308 -1 2308 2369 2370 -1 2308 2370 2309 -1 2309 2370 2371 -1 2309 2371 2310 -1 2310 2371 2372 -1 2310 2372 2311 -1 2311 2372 2373 -1 2311 2373 2312 -1 2312 2373 2374 -1 2312 2374 2313 -1 2313 2374 2375 -1 2313 2375 2314 -1 2314 2375 2376 -1 2314 2376 2315 -1 2315 2376 2377 -1 2315 2377 2316 -1 2316 2377 2378 -1 2316 2378 2317 -1 2317 2378 2379 -1 2317 2379 2318 -1 2318 2379 2380 -1 2318 2380 2319 -1 2319 2380 2381 -1 2319 2381 2320 -1 2320 2381 2382 -1 2320 2382 2321 -1 2321 2382 2383 -1 2321 2383 2322 -1 2322 2383 2384 -1 2322 2384 2323 -1 2323 2384 2385 -1 2323 2385 2324 -1 2324 2385 2386 -1 2324 2386 2325 -1 2325 2386 2387 -1 2325 2387 2326 -1 2326 2387 2388 -1 2326 2388 2327 -1 2327 2388 2389 -1 2327 2389 2328 -1 2328 2389 2390 -1 2328 2390 2329 -1 2329 2390 2391 -1 2329 2391 2330 -1 2330 2391 2392 -1 2330 2392 2331 -1 2331 2392 2393 -1 2331 2393 2332 -1 2332 2393 2394 -1 2332 2394 2333 -1 2333 2394 2395 -1 2333 2395 2334 -1 2334 2395 2396 -1 2334 2396 2335 -1 2335 2396 2397 -1 2335 2397 2336 -1 2336 2397 2398 -1 2336 2398 2337 -1 2337 2398 2399 -1 2337 2399 2338 -1 2338 2399 2400 -1 2338 2400 2339 -1 2339 2400 2401 -1 2339 2401 2340 -1 2340 2401 2402 -1 2340 2402 2341 -1 2341 2402 2403 -1 2341 2403 2342 -1 2342 2403 2404 -1 2342 2404 2343 -1 2343 2404 2405 -1 2343 2405 2344 -1 2344 2405 2406 -1 2344 2406 2345 -1 2345 2406 2407 -1 2345 2407 2346 -1 2346 2407 2408 -1 2346 2408 2347 -1 2347 2408 2409 -1 2347 2409 2348 -1 2348 2409 2410 -1 2348 2410 2349 -1 2349 2410 2411 -1 2349 2411 2350 -1 2350 2411 2412 -1 2350 2412 2351 -1 2351 2412 2413 -1 2351 2413 2352 -1 2352 2413 2414 -1 2352 2414 2353 -1 2353 2414 2415 -1 2353 2415 2354 -1 2354 2415 2416 -1 2354 2416 2355 -1 2355 2416 2417 -1 2355 2417 2356 -1 2356 2417 2418 -1 2356 2418 2357 -1 2357 2418 2419 -1 2357 2419 63 -1 2358 0 2420 -1 2358 2420 2359 -1 2359 2420 2421 -1 2359 2421 2360 -1 2360 2421 2422 -1 2360 2422 2361 -1 2361 2422 2423 -1 2361 2423 2362 -1 2362 2423 2424 -1 2362 2424 2363 -1 2363 2424 2425 -1 2363 2425 2364 -1 2364 2425 2426 -1 2364 2426 2365 -1 2365 2426 2427 -1 2365 2427 2366 -1 2366 2427 2428 -1 2366 2428 2367 -1 2367 2428 2429 -1 2367 2429 2368 -1 2368 2429 2430 -1 2368 2430 2369 -1 2369 2430 2431 -1 2369 2431 2370 -1 2370 2431 2432 -1 2370 2432 2371 -1 2371 2432 2433 -1 2371 2433 2372 -1 2372 2433 2434 -1 2372 2434 2373 -1 2373 2434 2435 -1 2373 2435 2374 -1 2374 2435 2436 -1 2374 2436 2375 -1 2375 2436 2437 -1 2375 2437 2376 -1 2376 2437 2438 -1 2376 2438 2377 -1 2377 2438 2439 -1 2377 2439 2378 -1 2378 2439 2440 -1 2378 2440 2379 -1 2379 2440 2441 -1 2379 2441 2380 -1 2380 2441 2442 -1 2380 2442 2381 -1 2381 2442 2443 -1 2381 2443 2382 -1 2382 2443 2444 -1 2382 2444 2383 -1 2383 2444 2445 -1 2383 2445 2384 -1 2384 2445 2446 -1 2384 2446 2385 -1 2385 2446 2447 -1 2385 2447 2386 -1 2386 2447 2448 -1 2386 2448 2387 -1 2387 2448 2449 -1 2387 2449 2388 -1 2388 2449 2450 -1 2388 2450 2389 -1 2389 2450 2451 -1 2389 2451 2390 -1 2390 2451 2452 -1 2390 2452 2391 -1 2391 2452 2453 -1 2391 2453 2392 -1 2392 2453 2454 -1 2392 2454 2393 -1 2393 2454 2455 -1 2393 2455 2394 -1 2394 2455 2456 -1 2394 2456 2395 -1 2395 2456 2457 -1 2395 2457 2396 -1 2396 2457 2458 -1 2396 2458 2397 -1 2397 2458 2459 -1 2397 2459 2398 -1 2398 2459 2460 -1 2398 2460 2399 -1 2399 2460 2461 -1 2399 2461 2400 -1 2400 2461 2462 -1 2400 2462 2401 -1 2401 2462 2463 -1 2401 2463 2402 -1 2402 2463 2464 -1 2402 2464 2403 -1 2403 2464 2465 -1 2403 2465 2404 -1 2404 2465 2466 -1 2404 2466 2405 -1 2405 2466 2467 -1 2405 2467 2406 -1 2406 2467 2468 -1 2406 2468 2407 -1 2407 2468 2469 -1 2407 2469 2408 -1 2408 2469 2470 -1 2408 2470 2409 -1 2409 2470 2471 -1 2409 2471 2410 -1 2410 2471 2472 -1 2410 2472 2411 -1 2411 2472 2473 -1 2411 2473 2412 -1 2412 2473 2474 -1 2412 2474 2413 -1 2413 2474 2475 -1 2413 2475 2414 -1 2414 2475 2476 -1 2414 2476 2415 -1 2415 2476 2477 -1 2415 2477 2416 -1 2416 2477 2478 -1 2416 2478 2417 -1 2417 2478 2479 -1 2417 2479 2418 -1 2418 2479 2480 -1 2418 2480 2419 -1 2419 2480 2481 -1 2419 2481 63 -1 2420 0 2482 -1 2420 2482 2421 -1 2421 2482 2483 -1 2421 2483 2422 -1 2422 2483 2484 -1 2422 2484 2423 -1 2423 2484 2485 -1 2423 2485 2424 -1 2424 2485 2486 -1 2424 2486 2425 -1 2425 2486 2487 -1 2425 2487 2426 -1 2426 2487 2488 -1 2426 2488 2427 -1 2427 2488 2489 -1 2427 2489 2428 -1 2428 2489 2490 -1 2428 2490 2429 -1 2429 2490 2491 -1 2429 2491 2430 -1 2430 2491 2492 -1 2430 2492 2431 -1 2431 2492 2493 -1 2431 2493 2432 -1 2432 2493 2494 -1 2432 2494 2433 -1 2433 2494 2495 -1 2433 2495 2434 -1 2434 2495 2496 -1 2434 2496 2435 -1 2435 2496 2497 -1 2435 2497 2436 -1 2436 2497 2498 -1 2436 2498 2437 -1 2437 2498 2499 -1 2437 2499 2438 -1 2438 2499 2500 -1 2438 2500 2439 -1 2439 2500 2501 -1 2439 2501 2440 -1 2440 2501 2502 -1 2440 2502 2441 -1 2441 2502 2503 -1 2441 2503 2442 -1 2442 2503 2504 -1 2442 2504 2443 -1 2443 2504 2505 -1 2443 2505 2444 -1 2444 2505 2506 -1 2444 2506 2445 -1 2445 2506 2507 -1 2445 2507 2446 -1 2446 2507 2508 -1 2446 2508 2447 -1 2447 2508 2509 -1 2447 2509 2448 -1 2448 2509 2510 -1 2448 2510 2449 -1 2449 2510 2511 -1 2449 2511 2450 -1 2450 2511 2512 -1 2450 2512 2451 -1 2451 2512 2513 -1 2451 2513 2452 -1 2452 2513 2514 -1 2452 2514 2453 -1 2453 2514 2515 -1 2453 2515 2454 -1 2454 2515 2516 -1 2454 2516 2455 -1 2455 2516 2517 -1 2455 2517 2456 -1 2456 2517 2518 -1 2456 2518 2457 -1 2457 2518 2519 -1 2457 2519 2458 -1 2458 2519 2520 -1 2458 2520 2459 -1 2459 2520 2521 -1 2459 2521 2460 -1 2460 2521 2522 -1 2460 2522 2461 -1 2461 2522 2523 -1 2461 2523 2462 -1 2462 2523 2524 -1 2462 2524 2463 -1 2463 2524 2525 -1 2463 2525 2464 -1 2464 2525 2526 -1 2464 2526 2465 -1 2465 2526 2527 -1 2465 2527 2466 -1 2466 2527 2528 -1 2466 2528 2467 -1 2467 2528 2529 -1 2467 2529 2468 -1 2468 2529 2530 -1 2468 2530 2469 -1 2469 2530 2531 -1 2469 2531 2470 -1 2470 2531 2532 -1 2470 2532 2471 -1 2471 2532 2533 -1 2471 2533 2472 -1 2472 2533 2534 -1 2472 2534 2473 -1 2473 2534 2535 -1 2473 2535 2474 -1 2474 2535 2536 -1 2474 2536 2475 -1 2475 2536 2537 -1 2475 2537 2476 -1 2476 2537 2538 -1 2476 2538 2477 -1 2477 2538 2539 -1 2477 2539 2478 -1 2478 2539 2540 -1 2478 2540 2479 -1 2479 2540 2541 -1 2479 2541 2480 -1 2480 2541 2542 -1 2480 2542 2481 -1 2481 2542 2543 -1 2481 2543 63 -1 2482 0 2544 -1 2482 2544 2483 -1 2483 2544 2545 -1 2483 2545 2484 -1 2484 2545 2546 -1 2484 2546 2485 -1 2485 2546 2547 -1 2485 2547 2486 -1 2486 2547 2548 -1 2486 2548 2487 -1 2487 2548 2549 -1 2487 2549 2488 -1 2488 2549 2550 -1 2488 2550 2489 -1 2489 2550 2551 -1 2489 2551 2490 -1 2490 2551 2552 -1 2490 2552 2491 -1 2491 2552 2553 -1 2491 2553 2492 -1 2492 2553 2554 -1 2492 2554 2493 -1 2493 2554 2555 -1 2493 2555 2494 -1 2494 2555 2556 -1 2494 2556 2495 -1 2495 2556 2557 -1 2495 2557 2496 -1 2496 2557 2558 -1 2496 2558 2497 -1 2497 2558 2559 -1 2497 2559 2498 -1 2498 2559 2560 -1 2498 2560 2499 -1 2499 2560 2561 -1 2499 2561 2500 -1 2500 2561 2562 -1 2500 2562 2501 -1 2501 2562 2563 -1 2501 2563 2502 -1 2502 2563 2564 -1 2502 2564 2503 -1 2503 2564 2565 -1 2503 2565 2504 -1 2504 2565 2566 -1 2504 2566 2505 -1 2505 2566 2567 -1 2505 2567 2506 -1 2506 2567 2568 -1 2506 2568 2507 -1 2507 2568 2569 -1 2507 2569 2508 -1 2508 2569 2570 -1 2508 2570 2509 -1 2509 2570 2571 -1 2509 2571 2510 -1 2510 2571 2572 -1 2510 2572 2511 -1 2511 2572 2573 -1 2511 2573 2512 -1 2512 2573 2574 -1 2512 2574 2513 -1 2513 2574 2575 -1 2513 2575 2514 -1 2514 2575 2576 -1 2514 2576 2515 -1 2515 2576 2577 -1 2515 2577 2516 -1 2516 2577 2578 -1 2516 2578 2517 -1 2517 2578 2579 -1 2517 2579 2518 -1 2518 2579 2580 -1 2518 2580 2519 -1 2519 2580 2581 -1 2519 2581 2520 -1 2520 2581 2582 -1 2520 2582 2521 -1 2521 2582 2583 -1 2521 2583 2522 -1 2522 2583 2584 -1 2522 2584 2523 -1 2523 2584 2585 -1 2523 2585 2524 -1 2524 2585 2586 -1 2524 2586 2525 -1 2525 2586 2587 -1 2525 2587 2526 -1 2526 2587 2588 -1 2526 2588 2527 -1 2527 2588 2589 -1 2527 2589 2528 -1 2528 2589 2590 -1 2528 2590 2529 -1 2529 2590 2591 -1 2529 2591 2530 -1 2530 2591 2592 -1 2530 2592 2531 -1 2531 2592 2593 -1 2531 2593 2532 -1 2532 2593 2594 -1 2532 2594 2533 -1 2533 2594 2595 -1 2533 2595 2534 -1 2534 2595 2596 -1 2534 2596 2535 -1 2535 2596 2597 -1 2535 2597 2536 -1 2536 2597 2598 -1 2536 2598 2537 -1 2537 2598 2599 -1 2537 2599 2538 -1 2538 2599 2600 -1 2538 2600 2539 -1 2539 2600 2601 -1 2539 2601 2540 -1 2540 2601 2602 -1 2540 2602 2541 -1 2541 2602 2603 -1 2541 2603 2542 -1 2542 2603 2604 -1 2542 2604 2543 -1 2543 2604 2605 -1 2543 2605 63 -1 2544 0 2606 -1 2544 2606 2545 -1 2545 2606 2607 -1 2545 2607 2546 -1 2546 2607 2608 -1 2546 2608 2547 -1 2547 2608 2609 -1 2547 2609 2548 -1 2548 2609 2610 -1 2548 2610 2549 -1 2549 2610 2611 -1 2549 2611 2550 -1 2550 2611 2612 -1 2550 2612 2551 -1 2551 2612 2613 -1 2551 2613 2552 -1 2552 2613 2614 -1 2552 2614 2553 -1 2553 2614 2615 -1 2553 2615 2554 -1 2554 2615 2616 -1 2554 2616 2555 -1 2555 2616 2617 -1 2555 2617 2556 -1 2556 2617 2618 -1 2556 2618 2557 -1 2557 2618 2619 -1 2557 2619 2558 -1 2558 2619 2620 -1 2558 2620 2559 -1 2559 2620 2621 -1 2559 2621 2560 -1 2560 2621 2622 -1 2560 2622 2561 -1 2561 2622 2623 -1 2561 2623 2562 -1 2562 2623 2624 -1 2562 2624 2563 -1 2563 2624 2625 -1 2563 2625 2564 -1 2564 2625 2626 -1 2564 2626 2565 -1 2565 2626 2627 -1 2565 2627 2566 -1 2566 2627 2628 -1 2566 2628 2567 -1 2567 2628 2629 -1 2567 2629 2568 -1 2568 2629 2630 -1 2568 2630 2569 -1 2569 2630 2631 -1 2569 2631 2570 -1 2570 2631 2632 -1 2570 2632 2571 -1 2571 2632 2633 -1 2571 2633 2572 -1 2572 2633 2634 -1 2572 2634 2573 -1 2573 2634 2635 -1 2573 2635 2574 -1 2574 2635 2636 -1 2574 2636 2575 -1 2575 2636 2637 -1 2575 2637 2576 -1 2576 2637 2638 -1 2576 2638 2577 -1 2577 2638 2639 -1 2577 2639 2578 -1 2578 2639 2640 -1 2578 2640 2579 -1 2579 2640 2641 -1 2579 2641 2580 -1 2580 2641 2642 -1 2580 2642 2581 -1 2581 2642 2643 -1 2581 2643 2582 -1 2582 2643 2644 -1 2582 2644 2583 -1 2583 2644 2645 -1 2583 2645 2584 -1 2584 2645 2646 -1 2584 2646 2585 -1 2585 2646 2647 -1 2585 2647 2586 -1 2586 2647 2648 -1 2586 2648 2587 -1 2587 2648 2649 -1 2587 2649 2588 -1 2588 2649 2650 -1 2588 2650 2589 -1 2589 2650 2651 -1 2589 2651 2590 -1 2590 2651 2652 -1 2590 2652 2591 -1 2591 2652 2653 -1 2591 2653 2592 -1 2592 2653 2654 -1 2592 2654 2593 -1 2593 2654 2655 -1 2593 2655 2594 -1 2594 2655 2656 -1 2594 2656 2595 -1 2595 2656 2657 -1 2595 2657 2596 -1 2596 2657 2658 -1 2596 2658 2597 -1 2597 2658 2659 -1 2597 2659 2598 -1 2598 2659 2660 -1 2598 2660 2599 -1 2599 2660 2661 -1 2599 2661 2600 -1 2600 2661 2662 -1 2600 2662 2601 -1 2601 2662 2663 -1 2601 2663 2602 -1 2602 2663 2664 -1 2602 2664 2603 -1 2603 2664 2665 -1 2603 2665 2604 -1 2604 2665 2666 -1 2604 2666 2605 -1 2605 2666 2667 -1 2605 2667 63 -1 2606 0 2668 -1 2606 2668 2607 -1 2607 2668 2669 -1 2607 2669 2608 -1 2608 2669 2670 -1 2608 2670 2609 -1 2609 2670 2671 -1 2609 2671 2610 -1 2610 2671 2672 -1 2610 2672 2611 -1 2611 2672 2673 -1 2611 2673 2612 -1 2612 2673 2674 -1 2612 2674 2613 -1 2613 2674 2675 -1 2613 2675 2614 -1 2614 2675 2676 -1 2614 2676 2615 -1 2615 2676 2677 -1 2615 2677 2616 -1 2616 2677 2678 -1 2616 2678 2617 -1 2617 2678 2679 -1 2617 2679 2618 -1 2618 2679 2680 -1 2618 2680 2619 -1 2619 2680 2681 -1 2619 2681 2620 -1 2620 2681 2682 -1 2620 2682 2621 -1 2621 2682 2683 -1 2621 2683 2622 -1 2622 2683 2684 -1 2622 2684 2623 -1 2623 2684 2685 -1 2623 2685 2624 -1 2624 2685 2686 -1 2624 2686 2625 -1 2625 2686 2687 -1 2625 2687 2626 -1 2626 2687 2688 -1 2626 2688 2627 -1 2627 2688 2689 -1 2627 2689 2628 -1 2628 2689 2690 -1 2628 2690 2629 -1 2629 2690 2691 -1 2629 2691 2630 -1 2630 2691 2692 -1 2630 2692 2631 -1 2631 2692 2693 -1 2631 2693 2632 -1 2632 2693 2694 -1 2632 2694 2633 -1 2633 2694 2695 -1 2633 2695 2634 -1 2634 2695 2696 -1 2634 2696 2635 -1 2635 2696 2697 -1 2635 2697 2636 -1 2636 2697 2698 -1 2636 2698 2637 -1 2637 2698 2699 -1 2637 2699 2638 -1 2638 2699 2700 -1 2638 2700 2639 -1 2639 2700 2701 -1 2639 2701 2640 -1 2640 2701 2702 -1 2640 2702 2641 -1 2641 2702 2703 -1 2641 2703 2642 -1 2642 2703 2704 -1 2642 2704 2643 -1 2643 2704 2705 -1 2643 2705 2644 -1 2644 2705 2706 -1 2644 2706 2645 -1 2645 2706 2707 -1 2645 2707 2646 -1 2646 2707 2708 -1 2646 2708 2647 -1 2647 2708 2709 -1 2647 2709 2648 -1 2648 2709 2710 -1 2648 2710 2649 -1 2649 2710 2711 -1 2649 2711 2650 -1 2650 2711 2712 -1 2650 2712 2651 -1 2651 2712 2713 -1 2651 2713 2652 -1 2652 2713 2714 -1 2652 2714 2653 -1 2653 2714 2715 -1 2653 2715 2654 -1 2654 2715 2716 -1 2654 2716 2655 -1 2655 2716 2717 -1 2655 2717 2656 -1 2656 2717 2718 -1 2656 2718 2657 -1 2657 2718 2719 -1 2657 2719 2658 -1 2658 2719 2720 -1 2658 2720 2659 -1 2659 2720 2721 -1 2659 2721 2660 -1 2660 2721 2722 -1 2660 2722 2661 -1 2661 2722 2723 -1 2661 2723 2662 -1 2662 2723 2724 -1 2662 2724 2663 -1 2663 2724 2725 -1 2663 2725 2664 -1 2664 2725 2726 -1 2664 2726 2665 -1 2665 2726 2727 -1 2665 2727 2666 -1 2666 2727 2728 -1 2666 2728 2667 -1 2667 2728 2729 -1 2667 2729 63 -1 2668 0 2730 -1 2668 2730 2669 -1 2669 2730 2731 -1 2669 2731 2670 -1 2670 2731 2732 -1 2670 2732 2671 -1 2671 2732 2733 -1 2671 2733 2672 -1 2672 2733 2734 -1 2672 2734 2673 -1 2673 2734 2735 -1 2673 2735 2674 -1 2674 2735 2736 -1 2674 2736 2675 -1 2675 2736 2737 -1 2675 2737 2676 -1 2676 2737 2738 -1 2676 2738 2677 -1 2677 2738 2739 -1 2677 2739 2678 -1 2678 2739 2740 -1 2678 2740 2679 -1 2679 2740 2741 -1 2679 2741 2680 -1 2680 2741 2742 -1 2680 2742 2681 -1 2681 2742 2743 -1 2681 2743 2682 -1 2682 2743 2744 -1 2682 2744 2683 -1 2683 2744 2745 -1 2683 2745 2684 -1 2684 2745 2746 -1 2684 2746 2685 -1 2685 2746 2747 -1 2685 2747 2686 -1 2686 2747 2748 -1 2686 2748 2687 -1 2687 2748 2749 -1 2687 2749 2688 -1 2688 2749 2750 -1 2688 2750 2689 -1 2689 2750 2751 -1 2689 2751 2690 -1 2690 2751 2752 -1 2690 2752 2691 -1 2691 2752 2753 -1 2691 2753 2692 -1 2692 2753 2754 -1 2692 2754 2693 -1 2693 2754 2755 -1 2693 2755 2694 -1 2694 2755 2756 -1 2694 2756 2695 -1 2695 2756 2757 -1 2695 2757 2696 -1 2696 2757 2758 -1 2696 2758 2697 -1 2697 2758 2759 -1 2697 2759 2698 -1 2698 2759 2760 -1 2698 2760 2699 -1 2699 2760 2761 -1 2699 2761 2700 -1 2700 2761 2762 -1 2700 2762 2701 -1 2701 2762 2763 -1 2701 2763 2702 -1 2702 2763 2764 -1 2702 2764 2703 -1 2703 2764 2765 -1 2703 2765 2704 -1 2704 2765 2766 -1 2704 2766 2705 -1 2705 2766 2767 -1 2705 2767 2706 -1 2706 2767 2768 -1 2706 2768 2707 -1 2707 2768 2769 -1 2707 2769 2708 -1 2708 2769 2770 -1 2708 2770 2709 -1 2709 2770 2771 -1 2709 2771 2710 -1 2710 2771 2772 -1 2710 2772 2711 -1 2711 2772 2773 -1 2711 2773 2712 -1 2712 2773 2774 -1 2712 2774 2713 -1 2713 2774 2775 -1 2713 2775 2714 -1 2714 2775 2776 -1 2714 2776 2715 -1 2715 2776 2777 -1 2715 2777 2716 -1 2716 2777 2778 -1 2716 2778 2717 -1 2717 2778 2779 -1 2717 2779 2718 -1 2718 2779 2780 -1 2718 2780 2719 -1 2719 2780 2781 -1 2719 2781 2720 -1 2720 2781 2782 -1 2720 2782 2721 -1 2721 2782 2783 -1 2721 2783 2722 -1 2722 2783 2784 -1 2722 2784 2723 -1 2723 2784 2785 -1 2723 2785 2724 -1 2724 2785 2786 -1 2724 2786 2725 -1 2725 2786 2787 -1 2725 2787 2726 -1 2726 2787 2788 -1 2726 2788 2727 -1 2727 2788 2789 -1 2727 2789 2728 -1 2728 2789 2790 -1 2728 2790 2729 -1 2729 2790 2791 -1 2729 2791 63 -1 2730 0 2792 -1 2730 2792 2731 -1 2731 2792 2793 -1 2731 2793 2732 -1 2732 2793 2794 -1 2732 2794 2733 -1 2733 2794 2795 -1 2733 2795 2734 -1 2734 2795 2796 -1 2734 2796 2735 -1 2735 2796 2797 -1 2735 2797 2736 -1 2736 2797 2798 -1 2736 2798 2737 -1 2737 2798 2799 -1 2737 2799 2738 -1 2738 2799 2800 -1 2738 2800 2739 -1 2739 2800 2801 -1 2739 2801 2740 -1 2740 2801 2802 -1 2740 2802 2741 -1 2741 2802 2803 -1 2741 2803 2742 -1 2742 2803 2804 -1 2742 2804 2743 -1 2743 2804 2805 -1 2743 2805 2744 -1 2744 2805 2806 -1 2744 2806 2745 -1 2745 2806 2807 -1 2745 2807 2746 -1 2746 2807 2808 -1 2746 2808 2747 -1 2747 2808 2809 -1 2747 2809 2748 -1 2748 2809 2810 -1 2748 2810 2749 -1 2749 2810 2811 -1 2749 2811 2750 -1 2750 2811 2812 -1 2750 2812 2751 -1 2751 2812 2813 -1 2751 2813 2752 -1 2752 2813 2814 -1 2752 2814 2753 -1 2753 2814 2815 -1 2753 2815 2754 -1 2754 2815 2816 -1 2754 2816 2755 -1 2755 2816 2817 -1 2755 2817 2756 -1 2756 2817 2818 -1 2756 2818 2757 -1 2757 2818 2819 -1 2757 2819 2758 -1 2758 2819 2820 -1 2758 2820 2759 -1 2759 2820 2821 -1 2759 2821 2760 -1 2760 2821 2822 -1 2760 2822 2761 -1 2761 2822 2823 -1 2761 2823 2762 -1 2762 2823 2824 -1 2762 2824 2763 -1 2763 2824 2825 -1 2763 2825 2764 -1 2764 2825 2826 -1 2764 2826 2765 -1 2765 2826 2827 -1 2765 2827 2766 -1 2766 2827 2828 -1 2766 2828 2767 -1 2767 2828 2829 -1 2767 2829 2768 -1 2768 2829 2830 -1 2768 2830 2769 -1 2769 2830 2831 -1 2769 2831 2770 -1 2770 2831 2832 -1 2770 2832 2771 -1 2771 2832 2833 -1 2771 2833 2772 -1 2772 2833 2834 -1 2772 2834 2773 -1 2773 2834 2835 -1 2773 2835 2774 -1 2774 2835 2836 -1 2774 2836 2775 -1 2775 2836 2837 -1 2775 2837 2776 -1 2776 2837 2838 -1 2776 2838 2777 -1 2777 2838 2839 -1 2777 2839 2778 -1 2778 2839 2840 -1 2778 2840 2779 -1 2779 2840 2841 -1 2779 2841 2780 -1 2780 2841 2842 -1 2780 2842 2781 -1 2781 2842 2843 -1 2781 2843 2782 -1 2782 2843 2844 -1 2782 2844 2783 -1 2783 2844 2845 -1 2783 2845 2784 -1 2784 2845 2846 -1 2784 2846 2785 -1 2785 2846 2847 -1 2785 2847 2786 -1 2786 2847 2848 -1 2786 2848 2787 -1 2787 2848 2849 -1 2787 2849 2788 -1 2788 2849 2850 -1 2788 2850 2789 -1 2789 2850 2851 -1 2789 2851 2790 -1 2790 2851 2852 -1 2790 2852 2791 -1 2791 2852 2853 -1 2791 2853 63 -1 2792 0 2854 -1 2792 2854 2793 -1 2793 2854 2855 -1 2793 2855 2794 -1 2794 2855 2856 -1 2794 2856 2795 -1 2795 2856 2857 -1 2795 2857 2796 -1 2796 2857 2858 -1 2796 2858 2797 -1 2797 2858 2859 -1 2797 2859 2798 -1 2798 2859 2860 -1 2798 2860 2799 -1 2799 2860 2861 -1 2799 2861 2800 -1 2800 2861 2862 -1 2800 2862 2801 -1 2801 2862 2863 -1 2801 2863 2802 -1 2802 2863 2864 -1 2802 2864 2803 -1 2803 2864 2865 -1 2803 2865 2804 -1 2804 2865 2866 -1 2804 2866 2805 -1 2805 2866 2867 -1 2805 2867 2806 -1 2806 2867 2868 -1 2806 2868 2807 -1 2807 2868 2869 -1 2807 2869 2808 -1 2808 2869 2870 -1 2808 2870 2809 -1 2809 2870 2871 -1 2809 2871 2810 -1 2810 2871 2872 -1 2810 2872 2811 -1 2811 2872 2873 -1 2811 2873 2812 -1 2812 2873 2874 -1 2812 2874 2813 -1 2813 2874 2875 -1 2813 2875 2814 -1 2814 2875 2876 -1 2814 2876 2815 -1 2815 2876 2877 -1 2815 2877 2816 -1 2816 2877 2878 -1 2816 2878 2817 -1 2817 2878 2879 -1 2817 2879 2818 -1 2818 2879 2880 -1 2818 2880 2819 -1 2819 2880 2881 -1 2819 2881 2820 -1 2820 2881 2882 -1 2820 2882 2821 -1 2821 2882 2883 -1 2821 2883 2822 -1 2822 2883 2884 -1 2822 2884 2823 -1 2823 2884 2885 -1 2823 2885 2824 -1 2824 2885 2886 -1 2824 2886 2825 -1 2825 2886 2887 -1 2825 2887 2826 -1 2826 2887 2888 -1 2826 2888 2827 -1 2827 2888 2889 -1 2827 2889 2828 -1 2828 2889 2890 -1 2828 2890 2829 -1 2829 2890 2891 -1 2829 2891 2830 -1 2830 2891 2892 -1 2830 2892 2831 -1 2831 2892 2893 -1 2831 2893 2832 -1 2832 2893 2894 -1 2832 2894 2833 -1 2833 2894 2895 -1 2833 2895 2834 -1 2834 2895 2896 -1 2834 2896 2835 -1 2835 2896 2897 -1 2835 2897 2836 -1 2836 2897 2898 -1 2836 2898 2837 -1 2837 2898 2899 -1 2837 2899 2838 -1 2838 2899 2900 -1 2838 2900 2839 -1 2839 2900 2901 -1 2839 2901 2840 -1 2840 2901 2902 -1 2840 2902 2841 -1 2841 2902 2903 -1 2841 2903 2842 -1 2842 2903 2904 -1 2842 2904 2843 -1 2843 2904 2905 -1 2843 2905 2844 -1 2844 2905 2906 -1 2844 2906 2845 -1 2845 2906 2907 -1 2845 2907 2846 -1 2846 2907 2908 -1 2846 2908 2847 -1 2847 2908 2909 -1 2847 2909 2848 -1 2848 2909 2910 -1 2848 2910 2849 -1 2849 2910 2911 -1 2849 2911 2850 -1 2850 2911 2912 -1 2850 2912 2851 -1 2851 2912 2913 -1 2851 2913 2852 -1 2852 2913 2914 -1 2852 2914 2853 -1 2853 2914 2915 -1 2853 2915 63 -1 2854 0 2916 -1 2854 2916 2855 -1 2855 2916 2917 -1 2855 2917 2856 -1 2856 2917 2918 -1 2856 2918 2857 -1 2857 2918 2919 -1 2857 2919 2858 -1 2858 2919 2920 -1 2858 2920 2859 -1 2859 2920 2921 -1 2859 2921 2860 -1 2860 2921 2922 -1 2860 2922 2861 -1 2861 2922 2923 -1 2861 2923 2862 -1 2862 2923 2924 -1 2862 2924 2863 -1 2863 2924 2925 -1 2863 2925 2864 -1 2864 2925 2926 -1 2864 2926 2865 -1 2865 2926 2927 -1 2865 2927 2866 -1 2866 2927 2928 -1 2866 2928 2867 -1 2867 2928 2929 -1 2867 2929 2868 -1 2868 2929 2930 -1 2868 2930 2869 -1 2869 2930 2931 -1 2869 2931 2870 -1 2870 2931 2932 -1 2870 2932 2871 -1 2871 2932 2933 -1 2871 2933 2872 -1 2872 2933 2934 -1 2872 2934 2873 -1 2873 2934 2935 -1 2873 2935 2874 -1 2874 2935 2936 -1 2874 2936 2875 -1 2875 2936 2937 -1 2875 2937 2876 -1 2876 2937 2938 -1 2876 2938 2877 -1 2877 2938 2939 -1 2877 2939 2878 -1 2878 2939 2940 -1 2878 2940 2879 -1 2879 2940 2941 -1 2879 2941 2880 -1 2880 2941 2942 -1 2880 2942 2881 -1 2881 2942 2943 -1 2881 2943 2882 -1 2882 2943 2944 -1 2882 2944 2883 -1 2883 2944 2945 -1 2883 2945 2884 -1 2884 2945 2946 -1 2884 2946 2885 -1 2885 2946 2947 -1 2885 2947 2886 -1 2886 2947 2948 -1 2886 2948 2887 -1 2887 2948 2949 -1 2887 2949 2888 -1 2888 2949 2950 -1 2888 2950 2889 -1 2889 2950 2951 -1 2889 2951 2890 -1 2890 2951 2952 -1 2890 2952 2891 -1 2891 2952 2953 -1 2891 2953 2892 -1 2892 2953 2954 -1 2892 2954 2893 -1 2893 2954 2955 -1 2893 2955 2894 -1 2894 2955 2956 -1 2894 2956 2895 -1 2895 2956 2957 -1 2895 2957 2896 -1 2896 2957 2958 -1 2896 2958 2897 -1 2897 2958 2959 -1 2897 2959 2898 -1 2898 2959 2960 -1 2898 2960 2899 -1 2899 2960 2961 -1 2899 2961 2900 -1 2900 2961 2962 -1 2900 2962 2901 -1 2901 2962 2963 -1 2901 2963 2902 -1 2902 2963 2964 -1 2902 2964 2903 -1 2903 2964 2965 -1 2903 2965 2904 -1 2904 2965 2966 -1 2904 2966 2905 -1 2905 2966 2967 -1 2905 2967 2906 -1 2906 2967 2968 -1 2906 2968 2907 -1 2907 2968 2969 -1 2907 2969 2908 -1 2908 2969 2970 -1 2908 2970 2909 -1 2909 2970 2971 -1 2909 2971 2910 -1 2910 2971 2972 -1 2910 2972 2911 -1 2911 2972 2973 -1 2911 2973 2912 -1 2912 2973 2974 -1 2912 2974 2913 -1 2913 2974 2975 -1 2913 2975 2914 -1 2914 2975 2976 -1 2914 2976 2915 -1 2915 2976 2977 -1 2915 2977 63 -1 2916 0 2978 -1 2916 2978 2917 -1 2917 2978 2979 -1 2917 2979 2918 -1 2918 2979 2980 -1 2918 2980 2919 -1 2919 2980 2981 -1 2919 2981 2920 -1 2920 2981 2982 -1 2920 2982 2921 -1 2921 2982 2983 -1 2921 2983 2922 -1 2922 2983 2984 -1 2922 2984 2923 -1 2923 2984 2985 -1 2923 2985 2924 -1 2924 2985 2986 -1 2924 2986 2925 -1 2925 2986 2987 -1 2925 2987 2926 -1 2926 2987 2988 -1 2926 2988 2927 -1 2927 2988 2989 -1 2927 2989 2928 -1 2928 2989 2990 -1 2928 2990 2929 -1 2929 2990 2991 -1 2929 2991 2930 -1 2930 2991 2992 -1 2930 2992 2931 -1 2931 2992 2993 -1 2931 2993 2932 -1 2932 2993 2994 -1 2932 2994 2933 -1 2933 2994 2995 -1 2933 2995 2934 -1 2934 2995 2996 -1 2934 2996 2935 -1 2935 2996 2997 -1 2935 2997 2936 -1 2936 2997 2998 -1 2936 2998 2937 -1 2937 2998 2999 -1 2937 2999 2938 -1 2938 2999 3000 -1 2938 3000 2939 -1 2939 3000 3001 -1 2939 3001 2940 -1 2940 3001 3002 -1 2940 3002 2941 -1 2941 3002 3003 -1 2941 3003 2942 -1 2942 3003 3004 -1 2942 3004 2943 -1 2943 3004 3005 -1 2943 3005 2944 -1 2944 3005 3006 -1 2944 3006 2945 -1 2945 3006 3007 -1 2945 3007 2946 -1 2946 3007 3008 -1 2946 3008 2947 -1 2947 3008 3009 -1 2947 3009 2948 -1 2948 3009 3010 -1 2948 3010 2949 -1 2949 3010 3011 -1 2949 3011 2950 -1 2950 3011 3012 -1 2950 3012 2951 -1 2951 3012 3013 -1 2951 3013 2952 -1 2952 3013 3014 -1 2952 3014 2953 -1 2953 3014 3015 -1 2953 3015 2954 -1 2954 3015 3016 -1 2954 3016 2955 -1 2955 3016 3017 -1 2955 3017 2956 -1 2956 3017 3018 -1 2956 3018 2957 -1 2957 3018 3019 -1 2957 3019 2958 -1 2958 3019 3020 -1 2958 3020 2959 -1 2959 3020 3021 -1 2959 3021 2960 -1 2960 3021 3022 -1 2960 3022 2961 -1 2961 3022 3023 -1 2961 3023 2962 -1 2962 3023 3024 -1 2962 3024 2963 -1 2963 3024 3025 -1 2963 3025 2964 -1 2964 3025 3026 -1 2964 3026 2965 -1 2965 3026 3027 -1 2965 3027 2966 -1 2966 3027 3028 -1 2966 3028 2967 -1 2967 3028 3029 -1 2967 3029 2968 -1 2968 3029 3030 -1 2968 3030 2969 -1 2969 3030 3031 -1 2969 3031 2970 -1 2970 3031 3032 -1 2970 3032 2971 -1 2971 3032 3033 -1 2971 3033 2972 -1 2972 3033 3034 -1 2972 3034 2973 -1 2973 3034 3035 -1 2973 3035 2974 -1 2974 3035 3036 -1 2974 3036 2975 -1 2975 3036 3037 -1 2975 3037 2976 -1 2976 3037 3038 -1 2976 3038 2977 -1 2977 3038 3039 -1 2977 3039 63 -1 2978 0 3040 -1 2978 3040 2979 -1 2979 3040 3041 -1 2979 3041 2980 -1 2980 3041 3042 -1 2980 3042 2981 -1 2981 3042 3043 -1 2981 3043 2982 -1 2982 3043 3044 -1 2982 3044 2983 -1 2983 3044 3045 -1 2983 3045 2984 -1 2984 3045 3046 -1 2984 3046 2985 -1 2985 3046 3047 -1 2985 3047 2986 -1 2986 3047 3048 -1 2986 3048 2987 -1 2987 3048 3049 -1 2987 3049 2988 -1 2988 3049 3050 -1 2988 3050 2989 -1 2989 3050 3051 -1 2989 3051 2990 -1 2990 3051 3052 -1 2990 3052 2991 -1 2991 3052 3053 -1 2991 3053 2992 -1 2992 3053 3054 -1 2992 3054 2993 -1 2993 3054 3055 -1 2993 3055 2994 -1 2994 3055 3056 -1 2994 3056 2995 -1 2995 3056 3057 -1 2995 3057 2996 -1 2996 3057 3058 -1 2996 3058 2997 -1 2997 3058 3059 -1 2997 3059 2998 -1 2998 3059 3060 -1 2998 3060 2999 -1 2999 3060 3061 -1 2999 3061 3000 -1 3000 3061 3062 -1 3000 3062 3001 -1 3001 3062 3063 -1 3001 3063 3002 -1 3002 3063 3064 -1 3002 3064 3003 -1 3003 3064 3065 -1 3003 3065 3004 -1 3004 3065 3066 -1 3004 3066 3005 -1 3005 3066 3067 -1 3005 3067 3006 -1 3006 3067 3068 -1 3006 3068 3007 -1 3007 3068 3069 -1 3007 3069 3008 -1 3008 3069 3070 -1 3008 3070 3009 -1 3009 3070 3071 -1 3009 3071 3010 -1 3010 3071 3072 -1 3010 3072 3011 -1 3011 3072 3073 -1 3011 3073 3012 -1 3012 3073 3074 -1 3012 3074 3013 -1 3013 3074 3075 -1 3013 3075 3014 -1 3014 3075 3076 -1 3014 3076 3015 -1 3015 3076 3077 -1 3015 3077 3016 -1 3016 3077 3078 -1 3016 3078 3017 -1 3017 3078 3079 -1 3017 3079 3018 -1 3018 3079 3080 -1 3018 3080 3019 -1 3019 3080 3081 -1 3019 3081 3020 -1 3020 3081 3082 -1 3020 3082 3021 -1 3021 3082 3083 -1 3021 3083 3022 -1 3022 3083 3084 -1 3022 3084 3023 -1 3023 3084 3085 -1 3023 3085 3024 -1 3024 3085 3086 -1 3024 3086 3025 -1 3025 3086 3087 -1 3025 3087 3026 -1 3026 3087 3088 -1 3026 3088 3027 -1 3027 3088 3089 -1 3027 3089 3028 -1 3028 3089 3090 -1 3028 3090 3029 -1 3029 3090 3091 -1 3029 3091 3030 -1 3030 3091 3092 -1 3030 3092 3031 -1 3031 3092 3093 -1 3031 3093 3032 -1 3032 3093 3094 -1 3032 3094 3033 -1 3033 3094 3095 -1 3033 3095 3034 -1 3034 3095 3096 -1 3034 3096 3035 -1 3035 3096 3097 -1 3035 3097 3036 -1 3036 3097 3098 -1 3036 3098 3037 -1 3037 3098 3099 -1 3037 3099 3038 -1 3038 3099 3100 -1 3038 3100 3039 -1 3039 3100 3101 -1 3039 3101 63 -1 3040 0 3102 -1 3040 3102 3041 -1 3041 3102 3103 -1 3041 3103 3042 -1 3042 3103 3104 -1 3042 3104 3043 -1 3043 3104 3105 -1 3043 3105 3044 -1 3044 3105 3106 -1 3044 3106 3045 -1 3045 3106 3107 -1 3045 3107 3046 -1 3046 3107 3108 -1 3046 3108 3047 -1 3047 3108 3109 -1 3047 3109 3048 -1 3048 3109 3110 -1 3048 3110 3049 -1 3049 3110 3111 -1 3049 3111 3050 -1 3050 3111 3112 -1 3050 3112 3051 -1 3051 3112 3113 -1 3051 3113 3052 -1 3052 3113 3114 -1 3052 3114 3053 -1 3053 3114 3115 -1 3053 3115 3054 -1 3054 3115 3116 -1 3054 3116 3055 -1 3055 3116 3117 -1 3055 3117 3056 -1 3056 3117 3118 -1 3056 3118 3057 -1 3057 3118 3119 -1 3057 3119 3058 -1 3058 3119 3120 -1 3058 3120 3059 -1 3059 3120 3121 -1 3059 3121 3060 -1 3060 3121 3122 -1 3060 3122 3061 -1 3061 3122 3123 -1 3061 3123 3062 -1 3062 3123 3124 -1 3062 3124 3063 -1 3063 3124 3125 -1 3063 3125 3064 -1 3064 3125 3126 -1 3064 3126 3065 -1 3065 3126 3127 -1 3065 3127 3066 -1 3066 3127 3128 -1 3066 3128 3067 -1 3067 3128 3129 -1 3067 3129 3068 -1 3068 3129 3130 -1 3068 3130 3069 -1 3069 3130 3131 -1 3069 3131 3070 -1 3070 3131 3132 -1 3070 3132 3071 -1 3071 3132 3133 -1 3071 3133 3072 -1 3072 3133 3134 -1 3072 3134 3073 -1 3073 3134 3135 -1 3073 3135 3074 -1 3074 3135 3136 -1 3074 3136 3075 -1 3075 3136 3137 -1 3075 3137 3076 -1 3076 3137 3138 -1 3076 3138 3077 -1 3077 3138 3139 -1 3077 3139 3078 -1 3078 3139 3140 -1 3078 3140 3079 -1 3079 3140 3141 -1 3079 3141 3080 -1 3080 3141 3142 -1 3080 3142 3081 -1 3081 3142 3143 -1 3081 3143 3082 -1 3082 3143 3144 -1 3082 3144 3083 -1 3083 3144 3145 -1 3083 3145 3084 -1 3084 3145 3146 -1 3084 3146 3085 -1 3085 3146 3147 -1 3085 3147 3086 -1 3086 3147 3148 -1 3086 3148 3087 -1 3087 3148 3149 -1 3087 3149 3088 -1 3088 3149 3150 -1 3088 3150 3089 -1 3089 3150 3151 -1 3089 3151 3090 -1 3090 3151 3152 -1 3090 3152 3091 -1 3091 3152 3153 -1 3091 3153 3092 -1 3092 3153 3154 -1 3092 3154 3093 -1 3093 3154 3155 -1 3093 3155 3094 -1 3094 3155 3156 -1 3094 3156 3095 -1 3095 3156 3157 -1 3095 3157 3096 -1 3096 3157 3158 -1 3096 3158 3097 -1 3097 3158 3159 -1 3097 3159 3098 -1 3098 3159 3160 -1 3098 3160 3099 -1 3099 3160 3161 -1 3099 3161 3100 -1 3100 3161 3162 -1 3100 3162 3101 -1 3101 3162 3163 -1 3101 3163 63 -1 3102 0 3164 -1 3102 3164 3103 -1 3103 3164 3165 -1 3103 3165 3104 -1 3104 3165 3166 -1 3104 3166 3105 -1 3105 3166 3167 -1 3105 3167 3106 -1 3106 3167 3168 -1 3106 3168 3107 -1 3107 3168 3169 -1 3107 3169 3108 -1 3108 3169 3170 -1 3108 3170 3109 -1 3109 3170 3171 -1 3109 3171 3110 -1 3110 3171 3172 -1 3110 3172 3111 -1 3111 3172 3173 -1 3111 3173 3112 -1 3112 3173 3174 -1 3112 3174 3113 -1 3113 3174 3175 -1 3113 3175 3114 -1 3114 3175 3176 -1 3114 3176 3115 -1 3115 3176 3177 -1 3115 3177 3116 -1 3116 3177 3178 -1 3116 3178 3117 -1 3117 3178 3179 -1 3117 3179 3118 -1 3118 3179 3180 -1 3118 3180 3119 -1 3119 3180 3181 -1 3119 3181 3120 -1 3120 3181 3182 -1 3120 3182 3121 -1 3121 3182 3183 -1 3121 3183 3122 -1 3122 3183 3184 -1 3122 3184 3123 -1 3123 3184 3185 -1 3123 3185 3124 -1 3124 3185 3186 -1 3124 3186 3125 -1 3125 3186 3187 -1 3125 3187 3126 -1 3126 3187 3188 -1 3126 3188 3127 -1 3127 3188 3189 -1 3127 3189 3128 -1 3128 3189 3190 -1 3128 3190 3129 -1 3129 3190 3191 -1 3129 3191 3130 -1 3130 3191 3192 -1 3130 3192 3131 -1 3131 3192 3193 -1 3131 3193 3132 -1 3132 3193 3194 -1 3132 3194 3133 -1 3133 3194 3195 -1 3133 3195 3134 -1 3134 3195 3196 -1 3134 3196 3135 -1 3135 3196 3197 -1 3135 3197 3136 -1 3136 3197 3198 -1 3136 3198 3137 -1 3137 3198 3199 -1 3137 3199 3138 -1 3138 3199 3200 -1 3138 3200 3139 -1 3139 3200 3201 -1 3139 3201 3140 -1 3140 3201 3202 -1 3140 3202 3141 -1 3141 3202 3203 -1 3141 3203 3142 -1 3142 3203 3204 -1 3142 3204 3143 -1 3143 3204 3205 -1 3143 3205 3144 -1 3144 3205 3206 -1 3144 3206 3145 -1 3145 3206 3207 -1 3145 3207 3146 -1 3146 3207 3208 -1 3146 3208 3147 -1 3147 3208 3209 -1 3147 3209 3148 -1 3148 3209 3210 -1 3148 3210 3149 -1 3149 3210 3211 -1 3149 3211 3150 -1 3150 3211 3212 -1 3150 3212 3151 -1 3151 3212 3213 -1 3151 3213 3152 -1 3152 3213 3214 -1 3152 3214 3153 -1 3153 3214 3215 -1 3153 3215 3154 -1 3154 3215 3216 -1 3154 3216 3155 -1 3155 3216 3217 -1 3155 3217 3156 -1 3156 3217 3218 -1 3156 3218 3157 -1 3157 3218 3219 -1 3157 3219 3158 -1 3158 3219 3220 -1 3158 3220 3159 -1 3159 3220 3221 -1 3159 3221 3160 -1 3160 3221 3222 -1 3160 3222 3161 -1 3161 3222 3223 -1 3161 3223 3162 -1 3162 3223 3224 -1 3162 3224 3163 -1 3163 3224 3225 -1 3163 3225 63 -1 3164 0 3226 -1 3164 3226 3165 -1 3165 3226 3227 -1 3165 3227 3166 -1 3166 3227 3228 -1 3166 3228 3167 -1 3167 3228 3229 -1 3167 3229 3168 -1 3168 3229 3230 -1 3168 3230 3169 -1 3169 3230 3231 -1 3169 3231 3170 -1 3170 3231 3232 -1 3170 3232 3171 -1 3171 3232 3233 -1 3171 3233 3172 -1 3172 3233 3234 -1 3172 3234 3173 -1 3173 3234 3235 -1 3173 3235 3174 -1 3174 3235 3236 -1 3174 3236 3175 -1 3175 3236 3237 -1 3175 3237 3176 -1 3176 3237 3238 -1 3176 3238 3177 -1 3177 3238 3239 -1 3177 3239 3178 -1 3178 3239 3240 -1 3178 3240 3179 -1 3179 3240 3241 -1 3179 3241 3180 -1 3180 3241 3242 -1 3180 3242 3181 -1 3181 3242 3243 -1 3181 3243 3182 -1 3182 3243 3244 -1 3182 3244 3183 -1 3183 3244 3245 -1 3183 3245 3184 -1 3184 3245 3246 -1 3184 3246 3185 -1 3185 3246 3247 -1 3185 3247 3186 -1 3186 3247 3248 -1 3186 3248 3187 -1 3187 3248 3249 -1 3187 3249 3188 -1 3188 3249 3250 -1 3188 3250 3189 -1 3189 3250 3251 -1 3189 3251 3190 -1 3190 3251 3252 -1 3190 3252 3191 -1 3191 3252 3253 -1 3191 3253 3192 -1 3192 3253 3254 -1 3192 3254 3193 -1 3193 3254 3255 -1 3193 3255 3194 -1 3194 3255 3256 -1 3194 3256 3195 -1 3195 3256 3257 -1 3195 3257 3196 -1 3196 3257 3258 -1 3196 3258 3197 -1 3197 3258 3259 -1 3197 3259 3198 -1 3198 3259 3260 -1 3198 3260 3199 -1 3199 3260 3261 -1 3199 3261 3200 -1 3200 3261 3262 -1 3200 3262 3201 -1 3201 3262 3263 -1 3201 3263 3202 -1 3202 3263 3264 -1 3202 3264 3203 -1 3203 3264 3265 -1 3203 3265 3204 -1 3204 3265 3266 -1 3204 3266 3205 -1 3205 3266 3267 -1 3205 3267 3206 -1 3206 3267 3268 -1 3206 3268 3207 -1 3207 3268 3269 -1 3207 3269 3208 -1 3208 3269 3270 -1 3208 3270 3209 -1 3209 3270 3271 -1 3209 3271 3210 -1 3210 3271 3272 -1 3210 3272 3211 -1 3211 3272 3273 -1 3211 3273 3212 -1 3212 3273 3274 -1 3212 3274 3213 -1 3213 3274 3275 -1 3213 3275 3214 -1 3214 3275 3276 -1 3214 3276 3215 -1 3215 3276 3277 -1 3215 3277 3216 -1 3216 3277 3278 -1 3216 3278 3217 -1 3217 3278 3279 -1 3217 3279 3218 -1 3218 3279 3280 -1 3218 3280 3219 -1 3219 3280 3281 -1 3219 3281 3220 -1 3220 3281 3282 -1 3220 3282 3221 -1 3221 3282 3283 -1 3221 3283 3222 -1 3222 3283 3284 -1 3222 3284 3223 -1 3223 3284 3285 -1 3223 3285 3224 -1 3224 3285 3286 -1 3224 3286 3225 -1 3225 3286 3287 -1 3225 3287 63 -1 3226 0 3288 -1 3226 3288 3227 -1 3227 3288 3289 -1 3227 3289 3228 -1 3228 3289 3290 -1 3228 3290 3229 -1 3229 3290 3291 -1 3229 3291 3230 -1 3230 3291 3292 -1 3230 3292 3231 -1 3231 3292 3293 -1 3231 3293 3232 -1 3232 3293 3294 -1 3232 3294 3233 -1 3233 3294 3295 -1 3233 3295 3234 -1 3234 3295 3296 -1 3234 3296 3235 -1 3235 3296 3297 -1 3235 3297 3236 -1 3236 3297 3298 -1 3236 3298 3237 -1 3237 3298 3299 -1 3237 3299 3238 -1 3238 3299 3300 -1 3238 3300 3239 -1 3239 3300 3301 -1 3239 3301 3240 -1 3240 3301 3302 -1 3240 3302 3241 -1 3241 3302 3303 -1 3241 3303 3242 -1 3242 3303 3304 -1 3242 3304 3243 -1 3243 3304 3305 -1 3243 3305 3244 -1 3244 3305 3306 -1 3244 3306 3245 -1 3245 3306 3307 -1 3245 3307 3246 -1 3246 3307 3308 -1 3246 3308 3247 -1 3247 3308 3309 -1 3247 3309 3248 -1 3248 3309 3310 -1 3248 3310 3249 -1 3249 3310 3311 -1 3249 3311 3250 -1 3250 3311 3312 -1 3250 3312 3251 -1 3251 3312 3313 -1 3251 3313 3252 -1 3252 3313 3314 -1 3252 3314 3253 -1 3253 3314 3315 -1 3253 3315 3254 -1 3254 3315 3316 -1 3254 3316 3255 -1 3255 3316 3317 -1 3255 3317 3256 -1 3256 3317 3318 -1 3256 3318 3257 -1 3257 3318 3319 -1 3257 3319 3258 -1 3258 3319 3320 -1 3258 3320 3259 -1 3259 3320 3321 -1 3259 3321 3260 -1 3260 3321 3322 -1 3260 3322 3261 -1 3261 3322 3323 -1 3261 3323 3262 -1 3262 3323 3324 -1 3262 3324 3263 -1 3263 3324 3325 -1 3263 3325 3264 -1 3264 3325 3326 -1 3264 3326 3265 -1 3265 3326 3327 -1 3265 3327 3266 -1 3266 3327 3328 -1 3266 3328 3267 -1 3267 3328 3329 -1 3267 3329 3268 -1 3268 3329 3330 -1 3268 3330 3269 -1 3269 3330 3331 -1 3269 3331 3270 -1 3270 3331 3332 -1 3270 3332 3271 -1 3271 3332 3333 -1 3271 3333 3272 -1 3272 3333 3334 -1 3272 3334 3273 -1 3273 3334 3335 -1 3273 3335 3274 -1 3274 3335 3336 -1 3274 3336 3275 -1 3275 3336 3337 -1 3275 3337 3276 -1 3276 3337 3338 -1 3276 3338 3277 -1 3277 3338 3339 -1 3277 3339 3278 -1 3278 3339 3340 -1 3278 3340 3279 -1 3279 3340 3341 -1 3279 3341 3280 -1 3280 3341 3342 -1 3280 3342 3281 -1 3281 3342 3343 -1 3281 3343 3282 -1 3282 3343 3344 -1 3282 3344 3283 -1 3283 3344 3345 -1 3283 3345 3284 -1 3284 3345 3346 -1 3284 3346 3285 -1 3285 3346 3347 -1 3285 3347 3286 -1 3286 3347 3348 -1 3286 3348 3287 -1 3287 3348 3349 -1 3287 3349 63 -1 3288 0 3350 -1 3288 3350 3289 -1 3289 3350 3351 -1 3289 3351 3290 -1 3290 3351 3352 -1 3290 3352 3291 -1 3291 3352 3353 -1 3291 3353 3292 -1 3292 3353 3354 -1 3292 3354 3293 -1 3293 3354 3355 -1 3293 3355 3294 -1 3294 3355 3356 -1 3294 3356 3295 -1 3295 3356 3357 -1 3295 3357 3296 -1 3296 3357 3358 -1 3296 3358 3297 -1 3297 3358 3359 -1 3297 3359 3298 -1 3298 3359 3360 -1 3298 3360 3299 -1 3299 3360 3361 -1 3299 3361 3300 -1 3300 3361 3362 -1 3300 3362 3301 -1 3301 3362 3363 -1 3301 3363 3302 -1 3302 3363 3364 -1 3302 3364 3303 -1 3303 3364 3365 -1 3303 3365 3304 -1 3304 3365 3366 -1 3304 3366 3305 -1 3305 3366 3367 -1 3305 3367 3306 -1 3306 3367 3368 -1 3306 3368 3307 -1 3307 3368 3369 -1 3307 3369 3308 -1 3308 3369 3370 -1 3308 3370 3309 -1 3309 3370 3371 -1 3309 3371 3310 -1 3310 3371 3372 -1 3310 3372 3311 -1 3311 3372 3373 -1 3311 3373 3312 -1 3312 3373 3374 -1 3312 3374 3313 -1 3313 3374 3375 -1 3313 3375 3314 -1 3314 3375 3376 -1 3314 3376 3315 -1 3315 3376 3377 -1 3315 3377 3316 -1 3316 3377 3378 -1 3316 3378 3317 -1 3317 3378 3379 -1 3317 3379 3318 -1 3318 3379 3380 -1 3318 3380 3319 -1 3319 3380 3381 -1 3319 3381 3320 -1 3320 3381 3382 -1 3320 3382 3321 -1 3321 3382 3383 -1 3321 3383 3322 -1 3322 3383 3384 -1 3322 3384 3323 -1 3323 3384 3385 -1 3323 3385 3324 -1 3324 3385 3386 -1 3324 3386 3325 -1 3325 3386 3387 -1 3325 3387 3326 -1 3326 3387 3388 -1 3326 3388 3327 -1 3327 3388 3389 -1 3327 3389 3328 -1 3328 3389 3390 -1 3328 3390 3329 -1 3329 3390 3391 -1 3329 3391 3330 -1 3330 3391 3392 -1 3330 3392 3331 -1 3331 3392 3393 -1 3331 3393 3332 -1 3332 3393 3394 -1 3332 3394 3333 -1 3333 3394 3395 -1 3333 3395 3334 -1 3334 3395 3396 -1 3334 3396 3335 -1 3335 3396 3397 -1 3335 3397 3336 -1 3336 3397 3398 -1 3336 3398 3337 -1 3337 3398 3399 -1 3337 3399 3338 -1 3338 3399 3400 -1 3338 3400 3339 -1 3339 3400 3401 -1 3339 3401 3340 -1 3340 3401 3402 -1 3340 3402 3341 -1 3341 3402 3403 -1 3341 3403 3342 -1 3342 3403 3404 -1 3342 3404 3343 -1 3343 3404 3405 -1 3343 3405 3344 -1 3344 3405 3406 -1 3344 3406 3345 -1 3345 3406 3407 -1 3345 3407 3346 -1 3346 3407 3408 -1 3346 3408 3347 -1 3347 3408 3409 -1 3347 3409 3348 -1 3348 3409 3410 -1 3348 3410 3349 -1 3349 3410 3411 -1 3349 3411 63 -1 3350 0 3412 -1 3350 3412 3351 -1 3351 3412 3413 -1 3351 3413 3352 -1 3352 3413 3414 -1 3352 3414 3353 -1 3353 3414 3415 -1 3353 3415 3354 -1 3354 3415 3416 -1 3354 3416 3355 -1 3355 3416 3417 -1 3355 3417 3356 -1 3356 3417 3418 -1 3356 3418 3357 -1 3357 3418 3419 -1 3357 3419 3358 -1 3358 3419 3420 -1 3358 3420 3359 -1 3359 3420 3421 -1 3359 3421 3360 -1 3360 3421 3422 -1 3360 3422 3361 -1 3361 3422 3423 -1 3361 3423 3362 -1 3362 3423 3424 -1 3362 3424 3363 -1 3363 3424 3425 -1 3363 3425 3364 -1 3364 3425 3426 -1 3364 3426 3365 -1 3365 3426 3427 -1 3365 3427 3366 -1 3366 3427 3428 -1 3366 3428 3367 -1 3367 3428 3429 -1 3367 3429 3368 -1 3368 3429 3430 -1 3368 3430 3369 -1 3369 3430 3431 -1 3369 3431 3370 -1 3370 3431 3432 -1 3370 3432 3371 -1 3371 3432 3433 -1 3371 3433 3372 -1 3372 3433 3434 -1 3372 3434 3373 -1 3373 3434 3435 -1 3373 3435 3374 -1 3374 3435 3436 -1 3374 3436 3375 -1 3375 3436 3437 -1 3375 3437 3376 -1 3376 3437 3438 -1 3376 3438 3377 -1 3377 3438 3439 -1 3377 3439 3378 -1 3378 3439 3440 -1 3378 3440 3379 -1 3379 3440 3441 -1 3379 3441 3380 -1 3380 3441 3442 -1 3380 3442 3381 -1 3381 3442 3443 -1 3381 3443 3382 -1 3382 3443 3444 -1 3382 3444 3383 -1 3383 3444 3445 -1 3383 3445 3384 -1 3384 3445 3446 -1 3384 3446 3385 -1 3385 3446 3447 -1 3385 3447 3386 -1 3386 3447 3448 -1 3386 3448 3387 -1 3387 3448 3449 -1 3387 3449 3388 -1 3388 3449 3450 -1 3388 3450 3389 -1 3389 3450 3451 -1 3389 3451 3390 -1 3390 3451 3452 -1 3390 3452 3391 -1 3391 3452 3453 -1 3391 3453 3392 -1 3392 3453 3454 -1 3392 3454 3393 -1 3393 3454 3455 -1 3393 3455 3394 -1 3394 3455 3456 -1 3394 3456 3395 -1 3395 3456 3457 -1 3395 3457 3396 -1 3396 3457 3458 -1 3396 3458 3397 -1 3397 3458 3459 -1 3397 3459 3398 -1 3398 3459 3460 -1 3398 3460 3399 -1 3399 3460 3461 -1 3399 3461 3400 -1 3400 3461 3462 -1 3400 3462 3401 -1 3401 3462 3463 -1 3401 3463 3402 -1 3402 3463 3464 -1 3402 3464 3403 -1 3403 3464 3465 -1 3403 3465 3404 -1 3404 3465 3466 -1 3404 3466 3405 -1 3405 3466 3467 -1 3405 3467 3406 -1 3406 3467 3468 -1 3406 3468 3407 -1 3407 3468 3469 -1 3407 3469 3408 -1 3408 3469 3470 -1 3408 3470 3409 -1 3409 3470 3471 -1 3409 3471 3410 -1 3410 3471 3472 -1 3410 3472 3411 -1 3411 3472 3473 -1 3411 3473 63 -1 3412 0 3474 -1 3412 3474 3413 -1 3413 3474 3475 -1 3413 3475 3414 -1 3414 3475 3476 -1 3414 3476 3415 -1 3415 3476 3477 -1 3415 3477 3416 -1 3416 3477 3478 -1 3416 3478 3417 -1 3417 3478 3479 -1 3417 3479 3418 -1 3418 3479 3480 -1 3418 3480 3419 -1 3419 3480 3481 -1 3419 3481 3420 -1 3420 3481 3482 -1 3420 3482 3421 -1 3421 3482 3483 -1 3421 3483 3422 -1 3422 3483 3484 -1 3422 3484 3423 -1 3423 3484 3485 -1 3423 3485 3424 -1 3424 3485 3486 -1 3424 3486 3425 -1 3425 3486 3487 -1 3425 3487 3426 -1 3426 3487 3488 -1 3426 3488 3427 -1 3427 3488 3489 -1 3427 3489 3428 -1 3428 3489 3490 -1 3428 3490 3429 -1 3429 3490 3491 -1 3429 3491 3430 -1 3430 3491 3492 -1 3430 3492 3431 -1 3431 3492 3493 -1 3431 3493 3432 -1 3432 3493 3494 -1 3432 3494 3433 -1 3433 3494 3495 -1 3433 3495 3434 -1 3434 3495 3496 -1 3434 3496 3435 -1 3435 3496 3497 -1 3435 3497 3436 -1 3436 3497 3498 -1 3436 3498 3437 -1 3437 3498 3499 -1 3437 3499 3438 -1 3438 3499 3500 -1 3438 3500 3439 -1 3439 3500 3501 -1 3439 3501 3440 -1 3440 3501 3502 -1 3440 3502 3441 -1 3441 3502 3503 -1 3441 3503 3442 -1 3442 3503 3504 -1 3442 3504 3443 -1 3443 3504 3505 -1 3443 3505 3444 -1 3444 3505 3506 -1 3444 3506 3445 -1 3445 3506 3507 -1 3445 3507 3446 -1 3446 3507 3508 -1 3446 3508 3447 -1 3447 3508 3509 -1 3447 3509 3448 -1 3448 3509 3510 -1 3448 3510 3449 -1 3449 3510 3511 -1 3449 3511 3450 -1 3450 3511 3512 -1 3450 3512 3451 -1 3451 3512 3513 -1 3451 3513 3452 -1 3452 3513 3514 -1 3452 3514 3453 -1 3453 3514 3515 -1 3453 3515 3454 -1 3454 3515 3516 -1 3454 3516 3455 -1 3455 3516 3517 -1 3455 3517 3456 -1 3456 3517 3518 -1 3456 3518 3457 -1 3457 3518 3519 -1 3457 3519 3458 -1 3458 3519 3520 -1 3458 3520 3459 -1 3459 3520 3521 -1 3459 3521 3460 -1 3460 3521 3522 -1 3460 3522 3461 -1 3461 3522 3523 -1 3461 3523 3462 -1 3462 3523 3524 -1 3462 3524 3463 -1 3463 3524 3525 -1 3463 3525 3464 -1 3464 3525 3526 -1 3464 3526 3465 -1 3465 3526 3527 -1 3465 3527 3466 -1 3466 3527 3528 -1 3466 3528 3467 -1 3467 3528 3529 -1 3467 3529 3468 -1 3468 3529 3530 -1 3468 3530 3469 -1 3469 3530 3531 -1 3469 3531 3470 -1 3470 3531 3532 -1 3470 3532 3471 -1 3471 3532 3533 -1 3471 3533 3472 -1 3472 3533 3534 -1 3472 3534 3473 -1 3473 3534 3535 -1 3473 3535 63 -1 3474 0 3536 -1 3474 3536 3475 -1 3475 3536 3537 -1 3475 3537 3476 -1 3476 3537 3538 -1 3476 3538 3477 -1 3477 3538 3539 -1 3477 3539 3478 -1 3478 3539 3540 -1 3478 3540 3479 -1 3479 3540 3541 -1 3479 3541 3480 -1 3480 3541 3542 -1 3480 3542 3481 -1 3481 3542 3543 -1 3481 3543 3482 -1 3482 3543 3544 -1 3482 3544 3483 -1 3483 3544 3545 -1 3483 3545 3484 -1 3484 3545 3546 -1 3484 3546 3485 -1 3485 3546 3547 -1 3485 3547 3486 -1 3486 3547 3548 -1 3486 3548 3487 -1 3487 3548 3549 -1 3487 3549 3488 -1 3488 3549 3550 -1 3488 3550 3489 -1 3489 3550 3551 -1 3489 3551 3490 -1 3490 3551 3552 -1 3490 3552 3491 -1 3491 3552 3553 -1 3491 3553 3492 -1 3492 3553 3554 -1 3492 3554 3493 -1 3493 3554 3555 -1 3493 3555 3494 -1 3494 3555 3556 -1 3494 3556 3495 -1 3495 3556 3557 -1 3495 3557 3496 -1 3496 3557 3558 -1 3496 3558 3497 -1 3497 3558 3559 -1 3497 3559 3498 -1 3498 3559 3560 -1 3498 3560 3499 -1 3499 3560 3561 -1 3499 3561 3500 -1 3500 3561 3562 -1 3500 3562 3501 -1 3501 3562 3563 -1 3501 3563 3502 -1 3502 3563 3564 -1 3502 3564 3503 -1 3503 3564 3565 -1 3503 3565 3504 -1 3504 3565 3566 -1 3504 3566 3505 -1 3505 3566 3567 -1 3505 3567 3506 -1 3506 3567 3568 -1 3506 3568 3507 -1 3507 3568 3569 -1 3507 3569 3508 -1 3508 3569 3570 -1 3508 3570 3509 -1 3509 3570 3571 -1 3509 3571 3510 -1 3510 3571 3572 -1 3510 3572 3511 -1 3511 3572 3573 -1 3511 3573 3512 -1 3512 3573 3574 -1 3512 3574 3513 -1 3513 3574 3575 -1 3513 3575 3514 -1 3514 3575 3576 -1 3514 3576 3515 -1 3515 3576 3577 -1 3515 3577 3516 -1 3516 3577 3578 -1 3516 3578 3517 -1 3517 3578 3579 -1 3517 3579 3518 -1 3518 3579 3580 -1 3518 3580 3519 -1 3519 3580 3581 -1 3519 3581 3520 -1 3520 3581 3582 -1 3520 3582 3521 -1 3521 3582 3583 -1 3521 3583 3522 -1 3522 3583 3584 -1 3522 3584 3523 -1 3523 3584 3585 -1 3523 3585 3524 -1 3524 3585 3586 -1 3524 3586 3525 -1 3525 3586 3587 -1 3525 3587 3526 -1 3526 3587 3588 -1 3526 3588 3527 -1 3527 3588 3589 -1 3527 3589 3528 -1 3528 3589 3590 -1 3528 3590 3529 -1 3529 3590 3591 -1 3529 3591 3530 -1 3530 3591 3592 -1 3530 3592 3531 -1 3531 3592 3593 -1 3531 3593 3532 -1 3532 3593 3594 -1 3532 3594 3533 -1 3533 3594 3595 -1 3533 3595 3534 -1 3534 3595 3596 -1 3534 3596 3535 -1 3535 3596 3597 -1 3535 3597 63 -1 3536 0 3598 -1 3536 3598 3537 -1 3537 3598 3599 -1 3537 3599 3538 -1 3538 3599 3600 -1 3538 3600 3539 -1 3539 3600 3601 -1 3539 3601 3540 -1 3540 3601 3602 -1 3540 3602 3541 -1 3541 3602 3603 -1 3541 3603 3542 -1 3542 3603 3604 -1 3542 3604 3543 -1 3543 3604 3605 -1 3543 3605 3544 -1 3544 3605 3606 -1 3544 3606 3545 -1 3545 3606 3607 -1 3545 3607 3546 -1 3546 3607 3608 -1 3546 3608 3547 -1 3547 3608 3609 -1 3547 3609 3548 -1 3548 3609 3610 -1 3548 3610 3549 -1 3549 3610 3611 -1 3549 3611 3550 -1 3550 3611 3612 -1 3550 3612 3551 -1 3551 3612 3613 -1 3551 3613 3552 -1 3552 3613 3614 -1 3552 3614 3553 -1 3553 3614 3615 -1 3553 3615 3554 -1 3554 3615 3616 -1 3554 3616 3555 -1 3555 3616 3617 -1 3555 3617 3556 -1 3556 3617 3618 -1 3556 3618 3557 -1 3557 3618 3619 -1 3557 3619 3558 -1 3558 3619 3620 -1 3558 3620 3559 -1 3559 3620 3621 -1 3559 3621 3560 -1 3560 3621 3622 -1 3560 3622 3561 -1 3561 3622 3623 -1 3561 3623 3562 -1 3562 3623 3624 -1 3562 3624 3563 -1 3563 3624 3625 -1 3563 3625 3564 -1 3564 3625 3626 -1 3564 3626 3565 -1 3565 3626 3627 -1 3565 3627 3566 -1 3566 3627 3628 -1 3566 3628 3567 -1 3567 3628 3629 -1 3567 3629 3568 -1 3568 3629 3630 -1 3568 3630 3569 -1 3569 3630 3631 -1 3569 3631 3570 -1 3570 3631 3632 -1 3570 3632 3571 -1 3571 3632 3633 -1 3571 3633 3572 -1 3572 3633 3634 -1 3572 3634 3573 -1 3573 3634 3635 -1 3573 3635 3574 -1 3574 3635 3636 -1 3574 3636 3575 -1 3575 3636 3637 -1 3575 3637 3576 -1 3576 3637 3638 -1 3576 3638 3577 -1 3577 3638 3639 -1 3577 3639 3578 -1 3578 3639 3640 -1 3578 3640 3579 -1 3579 3640 3641 -1 3579 3641 3580 -1 3580 3641 3642 -1 3580 3642 3581 -1 3581 3642 3643 -1 3581 3643 3582 -1 3582 3643 3644 -1 3582 3644 3583 -1 3583 3644 3645 -1 3583 3645 3584 -1 3584 3645 3646 -1 3584 3646 3585 -1 3585 3646 3647 -1 3585 3647 3586 -1 3586 3647 3648 -1 3586 3648 3587 -1 3587 3648 3649 -1 3587 3649 3588 -1 3588 3649 3650 -1 3588 3650 3589 -1 3589 3650 3651 -1 3589 3651 3590 -1 3590 3651 3652 -1 3590 3652 3591 -1 3591 3652 3653 -1 3591 3653 3592 -1 3592 3653 3654 -1 3592 3654 3593 -1 3593 3654 3655 -1 3593 3655 3594 -1 3594 3655 3656 -1 3594 3656 3595 -1 3595 3656 3657 -1 3595 3657 3596 -1 3596 3657 3658 -1 3596 3658 3597 -1 3597 3658 3659 -1 3597 3659 63 -1 3598 0 3660 -1 3598 3660 3599 -1 3599 3660 3661 -1 3599 3661 3600 -1 3600 3661 3662 -1 3600 3662 3601 -1 3601 3662 3663 -1 3601 3663 3602 -1 3602 3663 3664 -1 3602 3664 3603 -1 3603 3664 3665 -1 3603 3665 3604 -1 3604 3665 3666 -1 3604 3666 3605 -1 3605 3666 3667 -1 3605 3667 3606 -1 3606 3667 3668 -1 3606 3668 3607 -1 3607 3668 3669 -1 3607 3669 3608 -1 3608 3669 3670 -1 3608 3670 3609 -1 3609 3670 3671 -1 3609 3671 3610 -1 3610 3671 3672 -1 3610 3672 3611 -1 3611 3672 3673 -1 3611 3673 3612 -1 3612 3673 3674 -1 3612 3674 3613 -1 3613 3674 3675 -1 3613 3675 3614 -1 3614 3675 3676 -1 3614 3676 3615 -1 3615 3676 3677 -1 3615 3677 3616 -1 3616 3677 3678 -1 3616 3678 3617 -1 3617 3678 3679 -1 3617 3679 3618 -1 3618 3679 3680 -1 3618 3680 3619 -1 3619 3680 3681 -1 3619 3681 3620 -1 3620 3681 3682 -1 3620 3682 3621 -1 3621 3682 3683 -1 3621 3683 3622 -1 3622 3683 3684 -1 3622 3684 3623 -1 3623 3684 3685 -1 3623 3685 3624 -1 3624 3685 3686 -1 3624 3686 3625 -1 3625 3686 3687 -1 3625 3687 3626 -1 3626 3687 3688 -1 3626 3688 3627 -1 3627 3688 3689 -1 3627 3689 3628 -1 3628 3689 3690 -1 3628 3690 3629 -1 3629 3690 3691 -1 3629 3691 3630 -1 3630 3691 3692 -1 3630 3692 3631 -1 3631 3692 3693 -1 3631 3693 3632 -1 3632 3693 3694 -1 3632 3694 3633 -1 3633 3694 3695 -1 3633 3695 3634 -1 3634 3695 3696 -1 3634 3696 3635 -1 3635 3696 3697 -1 3635 3697 3636 -1 3636 3697 3698 -1 3636 3698 3637 -1 3637 3698 3699 -1 3637 3699 3638 -1 3638 3699 3700 -1 3638 3700 3639 -1 3639 3700 3701 -1 3639 3701 3640 -1 3640 3701 3702 -1 3640 3702 3641 -1 3641 3702 3703 -1 3641 3703 3642 -1 3642 3703 3704 -1 3642 3704 3643 -1 3643 3704 3705 -1 3643 3705 3644 -1 3644 3705 3706 -1 3644 3706 3645 -1 3645 3706 3707 -1 3645 3707 3646 -1 3646 3707 3708 -1 3646 3708 3647 -1 3647 3708 3709 -1 3647 3709 3648 -1 3648 3709 3710 -1 3648 3710 3649 -1 3649 3710 3711 -1 3649 3711 3650 -1 3650 3711 3712 -1 3650 3712 3651 -1 3651 3712 3713 -1 3651 3713 3652 -1 3652 3713 3714 -1 3652 3714 3653 -1 3653 3714 3715 -1 3653 3715 3654 -1 3654 3715 3716 -1 3654 3716 3655 -1 3655 3716 3717 -1 3655 3717 3656 -1 3656 3717 3718 -1 3656 3718 3657 -1 3657 3718 3719 -1 3657 3719 3658 -1 3658 3719 3720 -1 3658 3720 3659 -1 3659 3720 3721 -1 3659 3721 63 -1 3660 0 3722 -1 3660 3722 3661 -1 3661 3722 3723 -1 3661 3723 3662 -1 3662 3723 3724 -1 3662 3724 3663 -1 3663 3724 3725 -1 3663 3725 3664 -1 3664 3725 3726 -1 3664 3726 3665 -1 3665 3726 3727 -1 3665 3727 3666 -1 3666 3727 3728 -1 3666 3728 3667 -1 3667 3728 3729 -1 3667 3729 3668 -1 3668 3729 3730 -1 3668 3730 3669 -1 3669 3730 3731 -1 3669 3731 3670 -1 3670 3731 3732 -1 3670 3732 3671 -1 3671 3732 3733 -1 3671 3733 3672 -1 3672 3733 3734 -1 3672 3734 3673 -1 3673 3734 3735 -1 3673 3735 3674 -1 3674 3735 3736 -1 3674 3736 3675 -1 3675 3736 3737 -1 3675 3737 3676 -1 3676 3737 3738 -1 3676 3738 3677 -1 3677 3738 3739 -1 3677 3739 3678 -1 3678 3739 3740 -1 3678 3740 3679 -1 3679 3740 3741 -1 3679 3741 3680 -1 3680 3741 3742 -1 3680 3742 3681 -1 3681 3742 3743 -1 3681 3743 3682 -1 3682 3743 3744 -1 3682 3744 3683 -1 3683 3744 3745 -1 3683 3745 3684 -1 3684 3745 3746 -1 3684 3746 3685 -1 3685 3746 3747 -1 3685 3747 3686 -1 3686 3747 3748 -1 3686 3748 3687 -1 3687 3748 3749 -1 3687 3749 3688 -1 3688 3749 3750 -1 3688 3750 3689 -1 3689 3750 3751 -1 3689 3751 3690 -1 3690 3751 3752 -1 3690 3752 3691 -1 3691 3752 3753 -1 3691 3753 3692 -1 3692 3753 3754 -1 3692 3754 3693 -1 3693 3754 3755 -1 3693 3755 3694 -1 3694 3755 3756 -1 3694 3756 3695 -1 3695 3756 3757 -1 3695 3757 3696 -1 3696 3757 3758 -1 3696 3758 3697 -1 3697 3758 3759 -1 3697 3759 3698 -1 3698 3759 3760 -1 3698 3760 3699 -1 3699 3760 3761 -1 3699 3761 3700 -1 3700 3761 3762 -1 3700 3762 3701 -1 3701 3762 3763 -1 3701 3763 3702 -1 3702 3763 3764 -1 3702 3764 3703 -1 3703 3764 3765 -1 3703 3765 3704 -1 3704 3765 3766 -1 3704 3766 3705 -1 3705 3766 3767 -1 3705 3767 3706 -1 3706 3767 3768 -1 3706 3768 3707 -1 3707 3768 3769 -1 3707 3769 3708 -1 3708 3769 3770 -1 3708 3770 3709 -1 3709 3770 3771 -1 3709 3771 3710 -1 3710 3771 3772 -1 3710 3772 3711 -1 3711 3772 3773 -1 3711 3773 3712 -1 3712 3773 3774 -1 3712 3774 3713 -1 3713 3774 3775 -1 3713 3775 3714 -1 3714 3775 3776 -1 3714 3776 3715 -1 3715 3776 3777 -1 3715 3777 3716 -1 3716 3777 3778 -1 3716 3778 3717 -1 3717 3778 3779 -1 3717 3779 3718 -1 3718 3779 3780 -1 3718 3780 3719 -1 3719 3780 3781 -1 3719 3781 3720 -1 3720 3781 3782 -1 3720 3782 3721 -1 3721 3782 3783 -1 3721 3783 63 -1 3722 0 3784 -1 3722 3784 3723 -1 3723 3784 3785 -1 3723 3785 3724 -1 3724 3785 3786 -1 3724 3786 3725 -1 3725 3786 3787 -1 3725 3787 3726 -1 3726 3787 3788 -1 3726 3788 3727 -1 3727 3788 3789 -1 3727 3789 3728 -1 3728 3789 3790 -1 3728 3790 3729 -1 3729 3790 3791 -1 3729 3791 3730 -1 3730 3791 3792 -1 3730 3792 3731 -1 3731 3792 3793 -1 3731 3793 3732 -1 3732 3793 3794 -1 3732 3794 3733 -1 3733 3794 3795 -1 3733 3795 3734 -1 3734 3795 3796 -1 3734 3796 3735 -1 3735 3796 3797 -1 3735 3797 3736 -1 3736 3797 3798 -1 3736 3798 3737 -1 3737 3798 3799 -1 3737 3799 3738 -1 3738 3799 3800 -1 3738 3800 3739 -1 3739 3800 3801 -1 3739 3801 3740 -1 3740 3801 3802 -1 3740 3802 3741 -1 3741 3802 3803 -1 3741 3803 3742 -1 3742 3803 3804 -1 3742 3804 3743 -1 3743 3804 3805 -1 3743 3805 3744 -1 3744 3805 3806 -1 3744 3806 3745 -1 3745 3806 3807 -1 3745 3807 3746 -1 3746 3807 3808 -1 3746 3808 3747 -1 3747 3808 3809 -1 3747 3809 3748 -1 3748 3809 3810 -1 3748 3810 3749 -1 3749 3810 3811 -1 3749 3811 3750 -1 3750 3811 3812 -1 3750 3812 3751 -1 3751 3812 3813 -1 3751 3813 3752 -1 3752 3813 3814 -1 3752 3814 3753 -1 3753 3814 3815 -1 3753 3815 3754 -1 3754 3815 3816 -1 3754 3816 3755 -1 3755 3816 3817 -1 3755 3817 3756 -1 3756 3817 3818 -1 3756 3818 3757 -1 3757 3818 3819 -1 3757 3819 3758 -1 3758 3819 3820 -1 3758 3820 3759 -1 3759 3820 3821 -1 3759 3821 3760 -1 3760 3821 3822 -1 3760 3822 3761 -1 3761 3822 3823 -1 3761 3823 3762 -1 3762 3823 3824 -1 3762 3824 3763 -1 3763 3824 3825 -1 3763 3825 3764 -1 3764 3825 3826 -1 3764 3826 3765 -1 3765 3826 3827 -1 3765 3827 3766 -1 3766 3827 3828 -1 3766 3828 3767 -1 3767 3828 3829 -1 3767 3829 3768 -1 3768 3829 3830 -1 3768 3830 3769 -1 3769 3830 3831 -1 3769 3831 3770 -1 3770 3831 3832 -1 3770 3832 3771 -1 3771 3832 3833 -1 3771 3833 3772 -1 3772 3833 3834 -1 3772 3834 3773 -1 3773 3834 3835 -1 3773 3835 3774 -1 3774 3835 3836 -1 3774 3836 3775 -1 3775 3836 3837 -1 3775 3837 3776 -1 3776 3837 3838 -1 3776 3838 3777 -1 3777 3838 3839 -1 3777 3839 3778 -1 3778 3839 3840 -1 3778 3840 3779 -1 3779 3840 3841 -1 3779 3841 3780 -1 3780 3841 3842 -1 3780 3842 3781 -1 3781 3842 3843 -1 3781 3843 3782 -1 3782 3843 3844 -1 3782 3844 3783 -1 3783 3844 3845 -1 3783 3845 63 -1 3784 0 3846 -1 3784 3846 3785 -1 3785 3846 3847 -1 3785 3847 3786 -1 3786 3847 3848 -1 3786 3848 3787 -1 3787 3848 3849 -1 3787 3849 3788 -1 3788 3849 3850 -1 3788 3850 3789 -1 3789 3850 3851 -1 3789 3851 3790 -1 3790 3851 3852 -1 3790 3852 3791 -1 3791 3852 3853 -1 3791 3853 3792 -1 3792 3853 3854 -1 3792 3854 3793 -1 3793 3854 3855 -1 3793 3855 3794 -1 3794 3855 3856 -1 3794 3856 3795 -1 3795 3856 3857 -1 3795 3857 3796 -1 3796 3857 3858 -1 3796 3858 3797 -1 3797 3858 3859 -1 3797 3859 3798 -1 3798 3859 3860 -1 3798 3860 3799 -1 3799 3860 3861 -1 3799 3861 3800 -1 3800 3861 3862 -1 3800 3862 3801 -1 3801 3862 3863 -1 3801 3863 3802 -1 3802 3863 3864 -1 3802 3864 3803 -1 3803 3864 3865 -1 3803 3865 3804 -1 3804 3865 3866 -1 3804 3866 3805 -1 3805 3866 3867 -1 3805 3867 3806 -1 3806 3867 3868 -1 3806 3868 3807 -1 3807 3868 3869 -1 3807 3869 3808 -1 3808 3869 3870 -1 3808 3870 3809 -1 3809 3870 3871 -1 3809 3871 3810 -1 3810 3871 3872 -1 3810 3872 3811 -1 3811 3872 3873 -1 3811 3873 3812 -1 3812 3873 3874 -1 3812 3874 3813 -1 3813 3874 3875 -1 3813 3875 3814 -1 3814 3875 3876 -1 3814 3876 3815 -1 3815 3876 3877 -1 3815 3877 3816 -1 3816 3877 3878 -1 3816 3878 3817 -1 3817 3878 3879 -1 3817 3879 3818 -1 3818 3879 3880 -1 3818 3880 3819 -1 3819 3880 3881 -1 3819 3881 3820 -1 3820 3881 3882 -1 3820 3882 3821 -1 3821 3882 3883 -1 3821 3883 3822 -1 3822 3883 3884 -1 3822 3884 3823 -1 3823 3884 3885 -1 3823 3885 3824 -1 3824 3885 3886 -1 3824 3886 3825 -1 3825 3886 3887 -1 3825 3887 3826 -1 3826 3887 3888 -1 3826 3888 3827 -1 3827 3888 3889 -1 3827 3889 3828 -1 3828 3889 3890 -1 3828 3890 3829 -1 3829 3890 3891 -1 3829 3891 3830 -1 3830 3891 3892 -1 3830 3892 3831 -1 3831 3892 3893 -1 3831 3893 3832 -1 3832 3893 3894 -1 3832 3894 3833 -1 3833 3894 3895 -1 3833 3895 3834 -1 3834 3895 3896 -1 3834 3896 3835 -1 3835 3896 3897 -1 3835 3897 3836 -1 3836 3897 3898 -1 3836 3898 3837 -1 3837 3898 3899 -1 3837 3899 3838 -1 3838 3899 3900 -1 3838 3900 3839 -1 3839 3900 3901 -1 3839 3901 3840 -1 3840 3901 3902 -1 3840 3902 3841 -1 3841 3902 3903 -1 3841 3903 3842 -1 3842 3903 3904 -1 3842 3904 3843 -1 3843 3904 3905 -1 3843 3905 3844 -1 3844 3905 3906 -1 3844 3906 3845 -1 3845 3906 3907 -1 3845 3907 63 -1 3846 0 3908 -1 3846 3908 3847 -1 3847 3908 3909 -1 3847 3909 3848 -1 3848 3909 3910 -1 3848 3910 3849 -1 3849 3910 3911 -1 3849 3911 3850 -1 3850 3911 3912 -1 3850 3912 3851 -1 3851 3912 3913 -1 3851 3913 3852 -1 3852 3913 3914 -1 3852 3914 3853 -1 3853 3914 3915 -1 3853 3915 3854 -1 3854 3915 3916 -1 3854 3916 3855 -1 3855 3916 3917 -1 3855 3917 3856 -1 3856 3917 3918 -1 3856 3918 3857 -1 3857 3918 3919 -1 3857 3919 3858 -1 3858 3919 3920 -1 3858 3920 3859 -1 3859 3920 3921 -1 3859 3921 3860 -1 3860 3921 3922 -1 3860 3922 3861 -1 3861 3922 3923 -1 3861 3923 3862 -1 3862 3923 3924 -1 3862 3924 3863 -1 3863 3924 3925 -1 3863 3925 3864 -1 3864 3925 3926 -1 3864 3926 3865 -1 3865 3926 3927 -1 3865 3927 3866 -1 3866 3927 3928 -1 3866 3928 3867 -1 3867 3928 3929 -1 3867 3929 3868 -1 3868 3929 3930 -1 3868 3930 3869 -1 3869 3930 3931 -1 3869 3931 3870 -1 3870 3931 3932 -1 3870 3932 3871 -1 3871 3932 3933 -1 3871 3933 3872 -1 3872 3933 3934 -1 3872 3934 3873 -1 3873 3934 3935 -1 3873 3935 3874 -1 3874 3935 3936 -1 3874 3936 3875 -1 3875 3936 3937 -1 3875 3937 3876 -1 3876 3937 3938 -1 3876 3938 3877 -1 3877 3938 3939 -1 3877 3939 3878 -1 3878 3939 3940 -1 3878 3940 3879 -1 3879 3940 3941 -1 3879 3941 3880 -1 3880 3941 3942 -1 3880 3942 3881 -1 3881 3942 3943 -1 3881 3943 3882 -1 3882 3943 3944 -1 3882 3944 3883 -1 3883 3944 3945 -1 3883 3945 3884 -1 3884 3945 3946 -1 3884 3946 3885 -1 3885 3946 3947 -1 3885 3947 3886 -1 3886 3947 3948 -1 3886 3948 3887 -1 3887 3948 3949 -1 3887 3949 3888 -1 3888 3949 3950 -1 3888 3950 3889 -1 3889 3950 3951 -1 3889 3951 3890 -1 3890 3951 3952 -1 3890 3952 3891 -1 3891 3952 3953 -1 3891 3953 3892 -1 3892 3953 3954 -1 3892 3954 3893 -1 3893 3954 3955 -1 3893 3955 3894 -1 3894 3955 3956 -1 3894 3956 3895 -1 3895 3956 3957 -1 3895 3957 3896 -1 3896 3957 3958 -1 3896 3958 3897 -1 3897 3958 3959 -1 3897 3959 3898 -1 3898 3959 3960 -1 3898 3960 3899 -1 3899 3960 3961 -1 3899 3961 3900 -1 3900 3961 3962 -1 3900 3962 3901 -1 3901 3962 3963 -1 3901 3963 3902 -1 3902 3963 3964 -1 3902 3964 3903 -1 3903 3964 3965 -1 3903 3965 3904 -1 3904 3965 3966 -1 3904 3966 3905 -1 3905 3966 3967 -1 3905 3967 3906 -1 3906 3967 3968 -1 3906 3968 3907 -1 3907 3968 3969 -1 3907 3969 63 -1 3908 0 3970 -1 3908 3970 3909 -1 3909 3970 3971 -1 3909 3971 3910 -1 3910 3971 3972 -1 3910 3972 3911 -1 3911 3972 3973 -1 3911 3973 3912 -1 3912 3973 3974 -1 3912 3974 3913 -1 3913 3974 3975 -1 3913 3975 3914 -1 3914 3975 3976 -1 3914 3976 3915 -1 3915 3976 3977 -1 3915 3977 3916 -1 3916 3977 3978 -1 3916 3978 3917 -1 3917 3978 3979 -1 3917 3979 3918 -1 3918 3979 3980 -1 3918 3980 3919 -1 3919 3980 3981 -1 3919 3981 3920 -1 3920 3981 3982 -1 3920 3982 3921 -1 3921 3982 3983 -1 3921 3983 3922 -1 3922 3983 3984 -1 3922 3984 3923 -1 3923 3984 3985 -1 3923 3985 3924 -1 3924 3985 3986 -1 3924 3986 3925 -1 3925 3986 3987 -1 3925 3987 3926 -1 3926 3987 3988 -1 3926 3988 3927 -1 3927 3988 3989 -1 3927 3989 3928 -1 3928 3989 3990 -1 3928 3990 3929 -1 3929 3990 3991 -1 3929 3991 3930 -1 3930 3991 3992 -1 3930 3992 3931 -1 3931 3992 3993 -1 3931 3993 3932 -1 3932 3993 3994 -1 3932 3994 3933 -1 3933 3994 3995 -1 3933 3995 3934 -1 3934 3995 3996 -1 3934 3996 3935 -1 3935 3996 3997 -1 3935 3997 3936 -1 3936 3997 3998 -1 3936 3998 3937 -1 3937 3998 3999 -1 3937 3999 3938 -1 3938 3999 4000 -1 3938 4000 3939 -1 3939 4000 4001 -1 3939 4001 3940 -1 3940 4001 4002 -1 3940 4002 3941 -1 3941 4002 4003 -1 3941 4003 3942 -1 3942 4003 4004 -1 3942 4004 3943 -1 3943 4004 4005 -1 3943 4005 3944 -1 3944 4005 4006 -1 3944 4006 3945 -1 3945 4006 4007 -1 3945 4007 3946 -1 3946 4007 4008 -1 3946 4008 3947 -1 3947 4008 4009 -1 3947 4009 3948 -1 3948 4009 4010 -1 3948 4010 3949 -1 3949 4010 4011 -1 3949 4011 3950 -1 3950 4011 4012 -1 3950 4012 3951 -1 3951 4012 4013 -1 3951 4013 3952 -1 3952 4013 4014 -1 3952 4014 3953 -1 3953 4014 4015 -1 3953 4015 3954 -1 3954 4015 4016 -1 3954 4016 3955 -1 3955 4016 4017 -1 3955 4017 3956 -1 3956 4017 4018 -1 3956 4018 3957 -1 3957 4018 4019 -1 3957 4019 3958 -1 3958 4019 4020 -1 3958 4020 3959 -1 3959 4020 4021 -1 3959 4021 3960 -1 3960 4021 4022 -1 3960 4022 3961 -1 3961 4022 4023 -1 3961 4023 3962 -1 3962 4023 4024 -1 3962 4024 3963 -1 3963 4024 4025 -1 3963 4025 3964 -1 3964 4025 4026 -1 3964 4026 3965 -1 3965 4026 4027 -1 3965 4027 3966 -1 3966 4027 4028 -1 3966 4028 3967 -1 3967 4028 4029 -1 3967 4029 3968 -1 3968 4029 4030 -1 3968 4030 3969 -1 3969 4030 4031 -1 3969 4031 63 -1 3970 0 4032 -1 3970 4032 3971 -1 3971 4032 4033 -1 3971 4033 3972 -1 3972 4033 4034 -1 3972 4034 3973 -1 3973 4034 4035 -1 3973 4035 3974 -1 3974 4035 4036 -1 3974 4036 3975 -1 3975 4036 4037 -1 3975 4037 3976 -1 3976 4037 4038 -1 3976 4038 3977 -1 3977 4038 4039 -1 3977 4039 3978 -1 3978 4039 4040 -1 3978 4040 3979 -1 3979 4040 4041 -1 3979 4041 3980 -1 3980 4041 4042 -1 3980 4042 3981 -1 3981 4042 4043 -1 3981 4043 3982 -1 3982 4043 4044 -1 3982 4044 3983 -1 3983 4044 4045 -1 3983 4045 3984 -1 3984 4045 4046 -1 3984 4046 3985 -1 3985 4046 4047 -1 3985 4047 3986 -1 3986 4047 4048 -1 3986 4048 3987 -1 3987 4048 4049 -1 3987 4049 3988 -1 3988 4049 4050 -1 3988 4050 3989 -1 3989 4050 4051 -1 3989 4051 3990 -1 3990 4051 4052 -1 3990 4052 3991 -1 3991 4052 4053 -1 3991 4053 3992 -1 3992 4053 4054 -1 3992 4054 3993 -1 3993 4054 4055 -1 3993 4055 3994 -1 3994 4055 4056 -1 3994 4056 3995 -1 3995 4056 4057 -1 3995 4057 3996 -1 3996 4057 4058 -1 3996 4058 3997 -1 3997 4058 4059 -1 3997 4059 3998 -1 3998 4059 4060 -1 3998 4060 3999 -1 3999 4060 4061 -1 3999 4061 4000 -1 4000 4061 4062 -1 4000 4062 4001 -1 4001 4062 4063 -1 4001 4063 4002 -1 4002 4063 4064 -1 4002 4064 4003 -1 4003 4064 4065 -1 4003 4065 4004 -1 4004 4065 4066 -1 4004 4066 4005 -1 4005 4066 4067 -1 4005 4067 4006 -1 4006 4067 4068 -1 4006 4068 4007 -1 4007 4068 4069 -1 4007 4069 4008 -1 4008 4069 4070 -1 4008 4070 4009 -1 4009 4070 4071 -1 4009 4071 4010 -1 4010 4071 4072 -1 4010 4072 4011 -1 4011 4072 4073 -1 4011 4073 4012 -1 4012 4073 4074 -1 4012 4074 4013 -1 4013 4074 4075 -1 4013 4075 4014 -1 4014 4075 4076 -1 4014 4076 4015 -1 4015 4076 4077 -1 4015 4077 4016 -1 4016 4077 4078 -1 4016 4078 4017 -1 4017 4078 4079 -1 4017 4079 4018 -1 4018 4079 4080 -1 4018 4080 4019 -1 4019 4080 4081 -1 4019 4081 4020 -1 4020 4081 4082 -1 4020 4082 4021 -1 4021 4082 4083 -1 4021 4083 4022 -1 4022 4083 4084 -1 4022 4084 4023 -1 4023 4084 4085 -1 4023 4085 4024 -1 4024 4085 4086 -1 4024 4086 4025 -1 4025 4086 4087 -1 4025 4087 4026 -1 4026 4087 4088 -1 4026 4088 4027 -1 4027 4088 4089 -1 4027 4089 4028 -1 4028 4089 4090 -1 4028 4090 4029 -1 4029 4090 4091 -1 4029 4091 4030 -1 4030 4091 4092 -1 4030 4092 4031 -1 4031 4092 4093 -1 4031 4093 63 -1 4032 0 4094 -1 4032 4094 4033 -1 4033 4094 4095 -1 4033 4095 4034 -1 4034 4095 4096 -1 4034 4096 4035 -1 4035 4096 4097 -1 4035 4097 4036 -1 4036 4097 4098 -1 4036 4098 4037 -1 4037 4098 4099 -1 4037 4099 4038 -1 4038 4099 4100 -1 4038 4100 4039 -1 4039 4100 4101 -1 4039 4101 4040 -1 4040 4101 4102 -1 4040 4102 4041 -1 4041 4102 4103 -1 4041 4103 4042 -1 4042 4103 4104 -1 4042 4104 4043 -1 4043 4104 4105 -1 4043 4105 4044 -1 4044 4105 4106 -1 4044 4106 4045 -1 4045 4106 4107 -1 4045 4107 4046 -1 4046 4107 4108 -1 4046 4108 4047 -1 4047 4108 4109 -1 4047 4109 4048 -1 4048 4109 4110 -1 4048 4110 4049 -1 4049 4110 4111 -1 4049 4111 4050 -1 4050 4111 4112 -1 4050 4112 4051 -1 4051 4112 4113 -1 4051 4113 4052 -1 4052 4113 4114 -1 4052 4114 4053 -1 4053 4114 4115 -1 4053 4115 4054 -1 4054 4115 4116 -1 4054 4116 4055 -1 4055 4116 4117 -1 4055 4117 4056 -1 4056 4117 4118 -1 4056 4118 4057 -1 4057 4118 4119 -1 4057 4119 4058 -1 4058 4119 4120 -1 4058 4120 4059 -1 4059 4120 4121 -1 4059 4121 4060 -1 4060 4121 4122 -1 4060 4122 4061 -1 4061 4122 4123 -1 4061 4123 4062 -1 4062 4123 4124 -1 4062 4124 4063 -1 4063 4124 4125 -1 4063 4125 4064 -1 4064 4125 4126 -1 4064 4126 4065 -1 4065 4126 4127 -1 4065 4127 4066 -1 4066 4127 4128 -1 4066 4128 4067 -1 4067 4128 4129 -1 4067 4129 4068 -1 4068 4129 4130 -1 4068 4130 4069 -1 4069 4130 4131 -1 4069 4131 4070 -1 4070 4131 4132 -1 4070 4132 4071 -1 4071 4132 4133 -1 4071 4133 4072 -1 4072 4133 4134 -1 4072 4134 4073 -1 4073 4134 4135 -1 4073 4135 4074 -1 4074 4135 4136 -1 4074 4136 4075 -1 4075 4136 4137 -1 4075 4137 4076 -1 4076 4137 4138 -1 4076 4138 4077 -1 4077 4138 4139 -1 4077 4139 4078 -1 4078 4139 4140 -1 4078 4140 4079 -1 4079 4140 4141 -1 4079 4141 4080 -1 4080 4141 4142 -1 4080 4142 4081 -1 4081 4142 4143 -1 4081 4143 4082 -1 4082 4143 4144 -1 4082 4144 4083 -1 4083 4144 4145 -1 4083 4145 4084 -1 4084 4145 4146 -1 4084 4146 4085 -1 4085 4146 4147 -1 4085 4147 4086 -1 4086 4147 4148 -1 4086 4148 4087 -1 4087 4148 4149 -1 4087 4149 4088 -1 4088 4149 4150 -1 4088 4150 4089 -1 4089 4150 4151 -1 4089 4151 4090 -1 4090 4151 4152 -1 4090 4152 4091 -1 4091 4152 4153 -1 4091 4153 4092 -1 4092 4153 4154 -1 4092 4154 4093 -1 4093 4154 4155 -1 4093 4155 63 -1 4094 0 4156 -1 4094 4156 4095 -1 4095 4156 4157 -1 4095 4157 4096 -1 4096 4157 4158 -1 4096 4158 4097 -1 4097 4158 4159 -1 4097 4159 4098 -1 4098 4159 4160 -1 4098 4160 4099 -1 4099 4160 4161 -1 4099 4161 4100 -1 4100 4161 4162 -1 4100 4162 4101 -1 4101 4162 4163 -1 4101 4163 4102 -1 4102 4163 4164 -1 4102 4164 4103 -1 4103 4164 4165 -1 4103 4165 4104 -1 4104 4165 4166 -1 4104 4166 4105 -1 4105 4166 4167 -1 4105 4167 4106 -1 4106 4167 4168 -1 4106 4168 4107 -1 4107 4168 4169 -1 4107 4169 4108 -1 4108 4169 4170 -1 4108 4170 4109 -1 4109 4170 4171 -1 4109 4171 4110 -1 4110 4171 4172 -1 4110 4172 4111 -1 4111 4172 4173 -1 4111 4173 4112 -1 4112 4173 4174 -1 4112 4174 4113 -1 4113 4174 4175 -1 4113 4175 4114 -1 4114 4175 4176 -1 4114 4176 4115 -1 4115 4176 4177 -1 4115 4177 4116 -1 4116 4177 4178 -1 4116 4178 4117 -1 4117 4178 4179 -1 4117 4179 4118 -1 4118 4179 4180 -1 4118 4180 4119 -1 4119 4180 4181 -1 4119 4181 4120 -1 4120 4181 4182 -1 4120 4182 4121 -1 4121 4182 4183 -1 4121 4183 4122 -1 4122 4183 4184 -1 4122 4184 4123 -1 4123 4184 4185 -1 4123 4185 4124 -1 4124 4185 4186 -1 4124 4186 4125 -1 4125 4186 4187 -1 4125 4187 4126 -1 4126 4187 4188 -1 4126 4188 4127 -1 4127 4188 4189 -1 4127 4189 4128 -1 4128 4189 4190 -1 4128 4190 4129 -1 4129 4190 4191 -1 4129 4191 4130 -1 4130 4191 4192 -1 4130 4192 4131 -1 4131 4192 4193 -1 4131 4193 4132 -1 4132 4193 4194 -1 4132 4194 4133 -1 4133 4194 4195 -1 4133 4195 4134 -1 4134 4195 4196 -1 4134 4196 4135 -1 4135 4196 4197 -1 4135 4197 4136 -1 4136 4197 4198 -1 4136 4198 4137 -1 4137 4198 4199 -1 4137 4199 4138 -1 4138 4199 4200 -1 4138 4200 4139 -1 4139 4200 4201 -1 4139 4201 4140 -1 4140 4201 4202 -1 4140 4202 4141 -1 4141 4202 4203 -1 4141 4203 4142 -1 4142 4203 4204 -1 4142 4204 4143 -1 4143 4204 4205 -1 4143 4205 4144 -1 4144 4205 4206 -1 4144 4206 4145 -1 4145 4206 4207 -1 4145 4207 4146 -1 4146 4207 4208 -1 4146 4208 4147 -1 4147 4208 4209 -1 4147 4209 4148 -1 4148 4209 4210 -1 4148 4210 4149 -1 4149 4210 4211 -1 4149 4211 4150 -1 4150 4211 4212 -1 4150 4212 4151 -1 4151 4212 4213 -1 4151 4213 4152 -1 4152 4213 4214 -1 4152 4214 4153 -1 4153 4214 4215 -1 4153 4215 4154 -1 4154 4215 4216 -1 4154 4216 4155 -1 4155 4216 4217 -1 4155 4217 63 -1 4156 0 4218 -1 4156 4218 4157 -1 4157 4218 4219 -1 4157 4219 4158 -1 4158 4219 4220 -1 4158 4220 4159 -1 4159 4220 4221 -1 4159 4221 4160 -1 4160 4221 4222 -1 4160 4222 4161 -1 4161 4222 4223 -1 4161 4223 4162 -1 4162 4223 4224 -1 4162 4224 4163 -1 4163 4224 4225 -1 4163 4225 4164 -1 4164 4225 4226 -1 4164 4226 4165 -1 4165 4226 4227 -1 4165 4227 4166 -1 4166 4227 4228 -1 4166 4228 4167 -1 4167 4228 4229 -1 4167 4229 4168 -1 4168 4229 4230 -1 4168 4230 4169 -1 4169 4230 4231 -1 4169 4231 4170 -1 4170 4231 4232 -1 4170 4232 4171 -1 4171 4232 4233 -1 4171 4233 4172 -1 4172 4233 4234 -1 4172 4234 4173 -1 4173 4234 4235 -1 4173 4235 4174 -1 4174 4235 4236 -1 4174 4236 4175 -1 4175 4236 4237 -1 4175 4237 4176 -1 4176 4237 4238 -1 4176 4238 4177 -1 4177 4238 4239 -1 4177 4239 4178 -1 4178 4239 4240 -1 4178 4240 4179 -1 4179 4240 4241 -1 4179 4241 4180 -1 4180 4241 4242 -1 4180 4242 4181 -1 4181 4242 4243 -1 4181 4243 4182 -1 4182 4243 4244 -1 4182 4244 4183 -1 4183 4244 4245 -1 4183 4245 4184 -1 4184 4245 4246 -1 4184 4246 4185 -1 4185 4246 4247 -1 4185 4247 4186 -1 4186 4247 4248 -1 4186 4248 4187 -1 4187 4248 4249 -1 4187 4249 4188 -1 4188 4249 4250 -1 4188 4250 4189 -1 4189 4250 4251 -1 4189 4251 4190 -1 4190 4251 4252 -1 4190 4252 4191 -1 4191 4252 4253 -1 4191 4253 4192 -1 4192 4253 4254 -1 4192 4254 4193 -1 4193 4254 4255 -1 4193 4255 4194 -1 4194 4255 4256 -1 4194 4256 4195 -1 4195 4256 4257 -1 4195 4257 4196 -1 4196 4257 4258 -1 4196 4258 4197 -1 4197 4258 4259 -1 4197 4259 4198 -1 4198 4259 4260 -1 4198 4260 4199 -1 4199 4260 4261 -1 4199 4261 4200 -1 4200 4261 4262 -1 4200 4262 4201 -1 4201 4262 4263 -1 4201 4263 4202 -1 4202 4263 4264 -1 4202 4264 4203 -1 4203 4264 4265 -1 4203 4265 4204 -1 4204 4265 4266 -1 4204 4266 4205 -1 4205 4266 4267 -1 4205 4267 4206 -1 4206 4267 4268 -1 4206 4268 4207 -1 4207 4268 4269 -1 4207 4269 4208 -1 4208 4269 4270 -1 4208 4270 4209 -1 4209 4270 4271 -1 4209 4271 4210 -1 4210 4271 4272 -1 4210 4272 4211 -1 4211 4272 4273 -1 4211 4273 4212 -1 4212 4273 4274 -1 4212 4274 4213 -1 4213 4274 4275 -1 4213 4275 4214 -1 4214 4275 4276 -1 4214 4276 4215 -1 4215 4276 4277 -1 4215 4277 4216 -1 4216 4277 4278 -1 4216 4278 4217 -1 4217 4278 4279 -1 4217 4279 63 -1 4218 0 4280 -1 4218 4280 4219 -1 4219 4280 4281 -1 4219 4281 4220 -1 4220 4281 4282 -1 4220 4282 4221 -1 4221 4282 4283 -1 4221 4283 4222 -1 4222 4283 4284 -1 4222 4284 4223 -1 4223 4284 4285 -1 4223 4285 4224 -1 4224 4285 4286 -1 4224 4286 4225 -1 4225 4286 4287 -1 4225 4287 4226 -1 4226 4287 4288 -1 4226 4288 4227 -1 4227 4288 4289 -1 4227 4289 4228 -1 4228 4289 4290 -1 4228 4290 4229 -1 4229 4290 4291 -1 4229 4291 4230 -1 4230 4291 4292 -1 4230 4292 4231 -1 4231 4292 4293 -1 4231 4293 4232 -1 4232 4293 4294 -1 4232 4294 4233 -1 4233 4294 4295 -1 4233 4295 4234 -1 4234 4295 4296 -1 4234 4296 4235 -1 4235 4296 4297 -1 4235 4297 4236 -1 4236 4297 4298 -1 4236 4298 4237 -1 4237 4298 4299 -1 4237 4299 4238 -1 4238 4299 4300 -1 4238 4300 4239 -1 4239 4300 4301 -1 4239 4301 4240 -1 4240 4301 4302 -1 4240 4302 4241 -1 4241 4302 4303 -1 4241 4303 4242 -1 4242 4303 4304 -1 4242 4304 4243 -1 4243 4304 4305 -1 4243 4305 4244 -1 4244 4305 4306 -1 4244 4306 4245 -1 4245 4306 4307 -1 4245 4307 4246 -1 4246 4307 4308 -1 4246 4308 4247 -1 4247 4308 4309 -1 4247 4309 4248 -1 4248 4309 4310 -1 4248 4310 4249 -1 4249 4310 4311 -1 4249 4311 4250 -1 4250 4311 4312 -1 4250 4312 4251 -1 4251 4312 4313 -1 4251 4313 4252 -1 4252 4313 4314 -1 4252 4314 4253 -1 4253 4314 4315 -1 4253 4315 4254 -1 4254 4315 4316 -1 4254 4316 4255 -1 4255 4316 4317 -1 4255 4317 4256 -1 4256 4317 4318 -1 4256 4318 4257 -1 4257 4318 4319 -1 4257 4319 4258 -1 4258 4319 4320 -1 4258 4320 4259 -1 4259 4320 4321 -1 4259 4321 4260 -1 4260 4321 4322 -1 4260 4322 4261 -1 4261 4322 4323 -1 4261 4323 4262 -1 4262 4323 4324 -1 4262 4324 4263 -1 4263 4324 4325 -1 4263 4325 4264 -1 4264 4325 4326 -1 4264 4326 4265 -1 4265 4326 4327 -1 4265 4327 4266 -1 4266 4327 4328 -1 4266 4328 4267 -1 4267 4328 4329 -1 4267 4329 4268 -1 4268 4329 4330 -1 4268 4330 4269 -1 4269 4330 4331 -1 4269 4331 4270 -1 4270 4331 4332 -1 4270 4332 4271 -1 4271 4332 4333 -1 4271 4333 4272 -1 4272 4333 4334 -1 4272 4334 4273 -1 4273 4334 4335 -1 4273 4335 4274 -1 4274 4335 4336 -1 4274 4336 4275 -1 4275 4336 4337 -1 4275 4337 4276 -1 4276 4337 4338 -1 4276 4338 4277 -1 4277 4338 4339 -1 4277 4339 4278 -1 4278 4339 4340 -1 4278 4340 4279 -1 4279 4340 4341 -1 4279 4341 63 -1 4280 0 4342 -1 4280 4342 4281 -1 4281 4342 4343 -1 4281 4343 4282 -1 4282 4343 4344 -1 4282 4344 4283 -1 4283 4344 4345 -1 4283 4345 4284 -1 4284 4345 4346 -1 4284 4346 4285 -1 4285 4346 4347 -1 4285 4347 4286 -1 4286 4347 4348 -1 4286 4348 4287 -1 4287 4348 4349 -1 4287 4349 4288 -1 4288 4349 4350 -1 4288 4350 4289 -1 4289 4350 4351 -1 4289 4351 4290 -1 4290 4351 4352 -1 4290 4352 4291 -1 4291 4352 4353 -1 4291 4353 4292 -1 4292 4353 4354 -1 4292 4354 4293 -1 4293 4354 4355 -1 4293 4355 4294 -1 4294 4355 4356 -1 4294 4356 4295 -1 4295 4356 4357 -1 4295 4357 4296 -1 4296 4357 4358 -1 4296 4358 4297 -1 4297 4358 4359 -1 4297 4359 4298 -1 4298 4359 4360 -1 4298 4360 4299 -1 4299 4360 4361 -1 4299 4361 4300 -1 4300 4361 4362 -1 4300 4362 4301 -1 4301 4362 4363 -1 4301 4363 4302 -1 4302 4363 4364 -1 4302 4364 4303 -1 4303 4364 4365 -1 4303 4365 4304 -1 4304 4365 4366 -1 4304 4366 4305 -1 4305 4366 4367 -1 4305 4367 4306 -1 4306 4367 4368 -1 4306 4368 4307 -1 4307 4368 4369 -1 4307 4369 4308 -1 4308 4369 4370 -1 4308 4370 4309 -1 4309 4370 4371 -1 4309 4371 4310 -1 4310 4371 4372 -1 4310 4372 4311 -1 4311 4372 4373 -1 4311 4373 4312 -1 4312 4373 4374 -1 4312 4374 4313 -1 4313 4374 4375 -1 4313 4375 4314 -1 4314 4375 4376 -1 4314 4376 4315 -1 4315 4376 4377 -1 4315 4377 4316 -1 4316 4377 4378 -1 4316 4378 4317 -1 4317 4378 4379 -1 4317 4379 4318 -1 4318 4379 4380 -1 4318 4380 4319 -1 4319 4380 4381 -1 4319 4381 4320 -1 4320 4381 4382 -1 4320 4382 4321 -1 4321 4382 4383 -1 4321 4383 4322 -1 4322 4383 4384 -1 4322 4384 4323 -1 4323 4384 4385 -1 4323 4385 4324 -1 4324 4385 4386 -1 4324 4386 4325 -1 4325 4386 4387 -1 4325 4387 4326 -1 4326 4387 4388 -1 4326 4388 4327 -1 4327 4388 4389 -1 4327 4389 4328 -1 4328 4389 4390 -1 4328 4390 4329 -1 4329 4390 4391 -1 4329 4391 4330 -1 4330 4391 4392 -1 4330 4392 4331 -1 4331 4392 4393 -1 4331 4393 4332 -1 4332 4393 4394 -1 4332 4394 4333 -1 4333 4394 4395 -1 4333 4395 4334 -1 4334 4395 4396 -1 4334 4396 4335 -1 4335 4396 4397 -1 4335 4397 4336 -1 4336 4397 4398 -1 4336 4398 4337 -1 4337 4398 4399 -1 4337 4399 4338 -1 4338 4399 4400 -1 4338 4400 4339 -1 4339 4400 4401 -1 4339 4401 4340 -1 4340 4401 4402 -1 4340 4402 4341 -1 4341 4402 4403 -1 4341 4403 63 -1 4342 0 4404 -1 4342 4404 4343 -1 4343 4404 4405 -1 4343 4405 4344 -1 4344 4405 4406 -1 4344 4406 4345 -1 4345 4406 4407 -1 4345 4407 4346 -1 4346 4407 4408 -1 4346 4408 4347 -1 4347 4408 4409 -1 4347 4409 4348 -1 4348 4409 4410 -1 4348 4410 4349 -1 4349 4410 4411 -1 4349 4411 4350 -1 4350 4411 4412 -1 4350 4412 4351 -1 4351 4412 4413 -1 4351 4413 4352 -1 4352 4413 4414 -1 4352 4414 4353 -1 4353 4414 4415 -1 4353 4415 4354 -1 4354 4415 4416 -1 4354 4416 4355 -1 4355 4416 4417 -1 4355 4417 4356 -1 4356 4417 4418 -1 4356 4418 4357 -1 4357 4418 4419 -1 4357 4419 4358 -1 4358 4419 4420 -1 4358 4420 4359 -1 4359 4420 4421 -1 4359 4421 4360 -1 4360 4421 4422 -1 4360 4422 4361 -1 4361 4422 4423 -1 4361 4423 4362 -1 4362 4423 4424 -1 4362 4424 4363 -1 4363 4424 4425 -1 4363 4425 4364 -1 4364 4425 4426 -1 4364 4426 4365 -1 4365 4426 4427 -1 4365 4427 4366 -1 4366 4427 4428 -1 4366 4428 4367 -1 4367 4428 4429 -1 4367 4429 4368 -1 4368 4429 4430 -1 4368 4430 4369 -1 4369 4430 4431 -1 4369 4431 4370 -1 4370 4431 4432 -1 4370 4432 4371 -1 4371 4432 4433 -1 4371 4433 4372 -1 4372 4433 4434 -1 4372 4434 4373 -1 4373 4434 4435 -1 4373 4435 4374 -1 4374 4435 4436 -1 4374 4436 4375 -1 4375 4436 4437 -1 4375 4437 4376 -1 4376 4437 4438 -1 4376 4438 4377 -1 4377 4438 4439 -1 4377 4439 4378 -1 4378 4439 4440 -1 4378 4440 4379 -1 4379 4440 4441 -1 4379 4441 4380 -1 4380 4441 4442 -1 4380 4442 4381 -1 4381 4442 4443 -1 4381 4443 4382 -1 4382 4443 4444 -1 4382 4444 4383 -1 4383 4444 4445 -1 4383 4445 4384 -1 4384 4445 4446 -1 4384 4446 4385 -1 4385 4446 4447 -1 4385 4447 4386 -1 4386 4447 4448 -1 4386 4448 4387 -1 4387 4448 4449 -1 4387 4449 4388 -1 4388 4449 4450 -1 4388 4450 4389 -1 4389 4450 4451 -1 4389 4451 4390 -1 4390 4451 4452 -1 4390 4452 4391 -1 4391 4452 4453 -1 4391 4453 4392 -1 4392 4453 4454 -1 4392 4454 4393 -1 4393 4454 4455 -1 4393 4455 4394 -1 4394 4455 4456 -1 4394 4456 4395 -1 4395 4456 4457 -1 4395 4457 4396 -1 4396 4457 4458 -1 4396 4458 4397 -1 4397 4458 4459 -1 4397 4459 4398 -1 4398 4459 4460 -1 4398 4460 4399 -1 4399 4460 4461 -1 4399 4461 4400 -1 4400 4461 4462 -1 4400 4462 4401 -1 4401 4462 4463 -1 4401 4463 4402 -1 4402 4463 4464 -1 4402 4464 4403 -1 4403 4464 4465 -1 4403 4465 63 -1 4404 0 4466 -1 4404 4466 4405 -1 4405 4466 4467 -1 4405 4467 4406 -1 4406 4467 4468 -1 4406 4468 4407 -1 4407 4468 4469 -1 4407 4469 4408 -1 4408 4469 4470 -1 4408 4470 4409 -1 4409 4470 4471 -1 4409 4471 4410 -1 4410 4471 4472 -1 4410 4472 4411 -1 4411 4472 4473 -1 4411 4473 4412 -1 4412 4473 4474 -1 4412 4474 4413 -1 4413 4474 4475 -1 4413 4475 4414 -1 4414 4475 4476 -1 4414 4476 4415 -1 4415 4476 4477 -1 4415 4477 4416 -1 4416 4477 4478 -1 4416 4478 4417 -1 4417 4478 4479 -1 4417 4479 4418 -1 4418 4479 4480 -1 4418 4480 4419 -1 4419 4480 4481 -1 4419 4481 4420 -1 4420 4481 4482 -1 4420 4482 4421 -1 4421 4482 4483 -1 4421 4483 4422 -1 4422 4483 4484 -1 4422 4484 4423 -1 4423 4484 4485 -1 4423 4485 4424 -1 4424 4485 4486 -1 4424 4486 4425 -1 4425 4486 4487 -1 4425 4487 4426 -1 4426 4487 4488 -1 4426 4488 4427 -1 4427 4488 4489 -1 4427 4489 4428 -1 4428 4489 4490 -1 4428 4490 4429 -1 4429 4490 4491 -1 4429 4491 4430 -1 4430 4491 4492 -1 4430 4492 4431 -1 4431 4492 4493 -1 4431 4493 4432 -1 4432 4493 4494 -1 4432 4494 4433 -1 4433 4494 4495 -1 4433 4495 4434 -1 4434 4495 4496 -1 4434 4496 4435 -1 4435 4496 4497 -1 4435 4497 4436 -1 4436 4497 4498 -1 4436 4498 4437 -1 4437 4498 4499 -1 4437 4499 4438 -1 4438 4499 4500 -1 4438 4500 4439 -1 4439 4500 4501 -1 4439 4501 4440 -1 4440 4501 4502 -1 4440 4502 4441 -1 4441 4502 4503 -1 4441 4503 4442 -1 4442 4503 4504 -1 4442 4504 4443 -1 4443 4504 4505 -1 4443 4505 4444 -1 4444 4505 4506 -1 4444 4506 4445 -1 4445 4506 4507 -1 4445 4507 4446 -1 4446 4507 4508 -1 4446 4508 4447 -1 4447 4508 4509 -1 4447 4509 4448 -1 4448 4509 4510 -1 4448 4510 4449 -1 4449 4510 4511 -1 4449 4511 4450 -1 4450 4511 4512 -1 4450 4512 4451 -1 4451 4512 4513 -1 4451 4513 4452 -1 4452 4513 4514 -1 4452 4514 4453 -1 4453 4514 4515 -1 4453 4515 4454 -1 4454 4515 4516 -1 4454 4516 4455 -1 4455 4516 4517 -1 4455 4517 4456 -1 4456 4517 4518 -1 4456 4518 4457 -1 4457 4518 4519 -1 4457 4519 4458 -1 4458 4519 4520 -1 4458 4520 4459 -1 4459 4520 4521 -1 4459 4521 4460 -1 4460 4521 4522 -1 4460 4522 4461 -1 4461 4522 4523 -1 4461 4523 4462 -1 4462 4523 4524 -1 4462 4524 4463 -1 4463 4524 4525 -1 4463 4525 4464 -1 4464 4525 4526 -1 4464 4526 4465 -1 4465 4526 4527 -1 4465 4527 63 -1 4466 0 4528 -1 4466 4528 4467 -1 4467 4528 4529 -1 4467 4529 4468 -1 4468 4529 4530 -1 4468 4530 4469 -1 4469 4530 4531 -1 4469 4531 4470 -1 4470 4531 4532 -1 4470 4532 4471 -1 4471 4532 4533 -1 4471 4533 4472 -1 4472 4533 4534 -1 4472 4534 4473 -1 4473 4534 4535 -1 4473 4535 4474 -1 4474 4535 4536 -1 4474 4536 4475 -1 4475 4536 4537 -1 4475 4537 4476 -1 4476 4537 4538 -1 4476 4538 4477 -1 4477 4538 4539 -1 4477 4539 4478 -1 4478 4539 4540 -1 4478 4540 4479 -1 4479 4540 4541 -1 4479 4541 4480 -1 4480 4541 4542 -1 4480 4542 4481 -1 4481 4542 4543 -1 4481 4543 4482 -1 4482 4543 4544 -1 4482 4544 4483 -1 4483 4544 4545 -1 4483 4545 4484 -1 4484 4545 4546 -1 4484 4546 4485 -1 4485 4546 4547 -1 4485 4547 4486 -1 4486 4547 4548 -1 4486 4548 4487 -1 4487 4548 4549 -1 4487 4549 4488 -1 4488 4549 4550 -1 4488 4550 4489 -1 4489 4550 4551 -1 4489 4551 4490 -1 4490 4551 4552 -1 4490 4552 4491 -1 4491 4552 4553 -1 4491 4553 4492 -1 4492 4553 4554 -1 4492 4554 4493 -1 4493 4554 4555 -1 4493 4555 4494 -1 4494 4555 4556 -1 4494 4556 4495 -1 4495 4556 4557 -1 4495 4557 4496 -1 4496 4557 4558 -1 4496 4558 4497 -1 4497 4558 4559 -1 4497 4559 4498 -1 4498 4559 4560 -1 4498 4560 4499 -1 4499 4560 4561 -1 4499 4561 4500 -1 4500 4561 4562 -1 4500 4562 4501 -1 4501 4562 4563 -1 4501 4563 4502 -1 4502 4563 4564 -1 4502 4564 4503 -1 4503 4564 4565 -1 4503 4565 4504 -1 4504 4565 4566 -1 4504 4566 4505 -1 4505 4566 4567 -1 4505 4567 4506 -1 4506 4567 4568 -1 4506 4568 4507 -1 4507 4568 4569 -1 4507 4569 4508 -1 4508 4569 4570 -1 4508 4570 4509 -1 4509 4570 4571 -1 4509 4571 4510 -1 4510 4571 4572 -1 4510 4572 4511 -1 4511 4572 4573 -1 4511 4573 4512 -1 4512 4573 4574 -1 4512 4574 4513 -1 4513 4574 4575 -1 4513 4575 4514 -1 4514 4575 4576 -1 4514 4576 4515 -1 4515 4576 4577 -1 4515 4577 4516 -1 4516 4577 4578 -1 4516 4578 4517 -1 4517 4578 4579 -1 4517 4579 4518 -1 4518 4579 4580 -1 4518 4580 4519 -1 4519 4580 4581 -1 4519 4581 4520 -1 4520 4581 4582 -1 4520 4582 4521 -1 4521 4582 4583 -1 4521 4583 4522 -1 4522 4583 4584 -1 4522 4584 4523 -1 4523 4584 4585 -1 4523 4585 4524 -1 4524 4585 4586 -1 4524 4586 4525 -1 4525 4586 4587 -1 4525 4587 4526 -1 4526 4587 4588 -1 4526 4588 4527 -1 4527 4588 4589 -1 4527 4589 63 -1 4528 0 4590 -1 4528 4590 4529 -1 4529 4590 4591 -1 4529 4591 4530 -1 4530 4591 4592 -1 4530 4592 4531 -1 4531 4592 4593 -1 4531 4593 4532 -1 4532 4593 4594 -1 4532 4594 4533 -1 4533 4594 4595 -1 4533 4595 4534 -1 4534 4595 4596 -1 4534 4596 4535 -1 4535 4596 4597 -1 4535 4597 4536 -1 4536 4597 4598 -1 4536 4598 4537 -1 4537 4598 4599 -1 4537 4599 4538 -1 4538 4599 4600 -1 4538 4600 4539 -1 4539 4600 4601 -1 4539 4601 4540 -1 4540 4601 4602 -1 4540 4602 4541 -1 4541 4602 4603 -1 4541 4603 4542 -1 4542 4603 4604 -1 4542 4604 4543 -1 4543 4604 4605 -1 4543 4605 4544 -1 4544 4605 4606 -1 4544 4606 4545 -1 4545 4606 4607 -1 4545 4607 4546 -1 4546 4607 4608 -1 4546 4608 4547 -1 4547 4608 4609 -1 4547 4609 4548 -1 4548 4609 4610 -1 4548 4610 4549 -1 4549 4610 4611 -1 4549 4611 4550 -1 4550 4611 4612 -1 4550 4612 4551 -1 4551 4612 4613 -1 4551 4613 4552 -1 4552 4613 4614 -1 4552 4614 4553 -1 4553 4614 4615 -1 4553 4615 4554 -1 4554 4615 4616 -1 4554 4616 4555 -1 4555 4616 4617 -1 4555 4617 4556 -1 4556 4617 4618 -1 4556 4618 4557 -1 4557 4618 4619 -1 4557 4619 4558 -1 4558 4619 4620 -1 4558 4620 4559 -1 4559 4620 4621 -1 4559 4621 4560 -1 4560 4621 4622 -1 4560 4622 4561 -1 4561 4622 4623 -1 4561 4623 4562 -1 4562 4623 4624 -1 4562 4624 4563 -1 4563 4624 4625 -1 4563 4625 4564 -1 4564 4625 4626 -1 4564 4626 4565 -1 4565 4626 4627 -1 4565 4627 4566 -1 4566 4627 4628 -1 4566 4628 4567 -1 4567 4628 4629 -1 4567 4629 4568 -1 4568 4629 4630 -1 4568 4630 4569 -1 4569 4630 4631 -1 4569 4631 4570 -1 4570 4631 4632 -1 4570 4632 4571 -1 4571 4632 4633 -1 4571 4633 4572 -1 4572 4633 4634 -1 4572 4634 4573 -1 4573 4634 4635 -1 4573 4635 4574 -1 4574 4635 4636 -1 4574 4636 4575 -1 4575 4636 4637 -1 4575 4637 4576 -1 4576 4637 4638 -1 4576 4638 4577 -1 4577 4638 4639 -1 4577 4639 4578 -1 4578 4639 4640 -1 4578 4640 4579 -1 4579 4640 4641 -1 4579 4641 4580 -1 4580 4641 4642 -1 4580 4642 4581 -1 4581 4642 4643 -1 4581 4643 4582 -1 4582 4643 4644 -1 4582 4644 4583 -1 4583 4644 4645 -1 4583 4645 4584 -1 4584 4645 4646 -1 4584 4646 4585 -1 4585 4646 4647 -1 4585 4647 4586 -1 4586 4647 4648 -1 4586 4648 4587 -1 4587 4648 4649 -1 4587 4649 4588 -1 4588 4649 4650 -1 4588 4650 4589 -1 4589 4650 4651 -1 4589 4651 63 -1 4590 0 4652 -1 4590 4652 4591 -1 4591 4652 4653 -1 4591 4653 4592 -1 4592 4653 4654 -1 4592 4654 4593 -1 4593 4654 4655 -1 4593 4655 4594 -1 4594 4655 4656 -1 4594 4656 4595 -1 4595 4656 4657 -1 4595 4657 4596 -1 4596 4657 4658 -1 4596 4658 4597 -1 4597 4658 4659 -1 4597 4659 4598 -1 4598 4659 4660 -1 4598 4660 4599 -1 4599 4660 4661 -1 4599 4661 4600 -1 4600 4661 4662 -1 4600 4662 4601 -1 4601 4662 4663 -1 4601 4663 4602 -1 4602 4663 4664 -1 4602 4664 4603 -1 4603 4664 4665 -1 4603 4665 4604 -1 4604 4665 4666 -1 4604 4666 4605 -1 4605 4666 4667 -1 4605 4667 4606 -1 4606 4667 4668 -1 4606 4668 4607 -1 4607 4668 4669 -1 4607 4669 4608 -1 4608 4669 4670 -1 4608 4670 4609 -1 4609 4670 4671 -1 4609 4671 4610 -1 4610 4671 4672 -1 4610 4672 4611 -1 4611 4672 4673 -1 4611 4673 4612 -1 4612 4673 4674 -1 4612 4674 4613 -1 4613 4674 4675 -1 4613 4675 4614 -1 4614 4675 4676 -1 4614 4676 4615 -1 4615 4676 4677 -1 4615 4677 4616 -1 4616 4677 4678 -1 4616 4678 4617 -1 4617 4678 4679 -1 4617 4679 4618 -1 4618 4679 4680 -1 4618 4680 4619 -1 4619 4680 4681 -1 4619 4681 4620 -1 4620 4681 4682 -1 4620 4682 4621 -1 4621 4682 4683 -1 4621 4683 4622 -1 4622 4683 4684 -1 4622 4684 4623 -1 4623 4684 4685 -1 4623 4685 4624 -1 4624 4685 4686 -1 4624 4686 4625 -1 4625 4686 4687 -1 4625 4687 4626 -1 4626 4687 4688 -1 4626 4688 4627 -1 4627 4688 4689 -1 4627 4689 4628 -1 4628 4689 4690 -1 4628 4690 4629 -1 4629 4690 4691 -1 4629 4691 4630 -1 4630 4691 4692 -1 4630 4692 4631 -1 4631 4692 4693 -1 4631 4693 4632 -1 4632 4693 4694 -1 4632 4694 4633 -1 4633 4694 4695 -1 4633 4695 4634 -1 4634 4695 4696 -1 4634 4696 4635 -1 4635 4696 4697 -1 4635 4697 4636 -1 4636 4697 4698 -1 4636 4698 4637 -1 4637 4698 4699 -1 4637 4699 4638 -1 4638 4699 4700 -1 4638 4700 4639 -1 4639 4700 4701 -1 4639 4701 4640 -1 4640 4701 4702 -1 4640 4702 4641 -1 4641 4702 4703 -1 4641 4703 4642 -1 4642 4703 4704 -1 4642 4704 4643 -1 4643 4704 4705 -1 4643 4705 4644 -1 4644 4705 4706 -1 4644 4706 4645 -1 4645 4706 4707 -1 4645 4707 4646 -1 4646 4707 4708 -1 4646 4708 4647 -1 4647 4708 4709 -1 4647 4709 4648 -1 4648 4709 4710 -1 4648 4710 4649 -1 4649 4710 4711 -1 4649 4711 4650 -1 4650 4711 4712 -1 4650 4712 4651 -1 4651 4712 4713 -1 4651 4713 63 -1 4652 0 4714 -1 4652 4714 4653 -1 4653 4714 4715 -1 4653 4715 4654 -1 4654 4715 4716 -1 4654 4716 4655 -1 4655 4716 4717 -1 4655 4717 4656 -1 4656 4717 4718 -1 4656 4718 4657 -1 4657 4718 4719 -1 4657 4719 4658 -1 4658 4719 4720 -1 4658 4720 4659 -1 4659 4720 4721 -1 4659 4721 4660 -1 4660 4721 4722 -1 4660 4722 4661 -1 4661 4722 4723 -1 4661 4723 4662 -1 4662 4723 4724 -1 4662 4724 4663 -1 4663 4724 4725 -1 4663 4725 4664 -1 4664 4725 4726 -1 4664 4726 4665 -1 4665 4726 4727 -1 4665 4727 4666 -1 4666 4727 4728 -1 4666 4728 4667 -1 4667 4728 4729 -1 4667 4729 4668 -1 4668 4729 4730 -1 4668 4730 4669 -1 4669 4730 4731 -1 4669 4731 4670 -1 4670 4731 4732 -1 4670 4732 4671 -1 4671 4732 4733 -1 4671 4733 4672 -1 4672 4733 4734 -1 4672 4734 4673 -1 4673 4734 4735 -1 4673 4735 4674 -1 4674 4735 4736 -1 4674 4736 4675 -1 4675 4736 4737 -1 4675 4737 4676 -1 4676 4737 4738 -1 4676 4738 4677 -1 4677 4738 4739 -1 4677 4739 4678 -1 4678 4739 4740 -1 4678 4740 4679 -1 4679 4740 4741 -1 4679 4741 4680 -1 4680 4741 4742 -1 4680 4742 4681 -1 4681 4742 4743 -1 4681 4743 4682 -1 4682 4743 4744 -1 4682 4744 4683 -1 4683 4744 4745 -1 4683 4745 4684 -1 4684 4745 4746 -1 4684 4746 4685 -1 4685 4746 4747 -1 4685 4747 4686 -1 4686 4747 4748 -1 4686 4748 4687 -1 4687 4748 4749 -1 4687 4749 4688 -1 4688 4749 4750 -1 4688 4750 4689 -1 4689 4750 4751 -1 4689 4751 4690 -1 4690 4751 4752 -1 4690 4752 4691 -1 4691 4752 4753 -1 4691 4753 4692 -1 4692 4753 4754 -1 4692 4754 4693 -1 4693 4754 4755 -1 4693 4755 4694 -1 4694 4755 4756 -1 4694 4756 4695 -1 4695 4756 4757 -1 4695 4757 4696 -1 4696 4757 4758 -1 4696 4758 4697 -1 4697 4758 4759 -1 4697 4759 4698 -1 4698 4759 4760 -1 4698 4760 4699 -1 4699 4760 4761 -1 4699 4761 4700 -1 4700 4761 4762 -1 4700 4762 4701 -1 4701 4762 4763 -1 4701 4763 4702 -1 4702 4763 4764 -1 4702 4764 4703 -1 4703 4764 4765 -1 4703 4765 4704 -1 4704 4765 4766 -1 4704 4766 4705 -1 4705 4766 4767 -1 4705 4767 4706 -1 4706 4767 4768 -1 4706 4768 4707 -1 4707 4768 4769 -1 4707 4769 4708 -1 4708 4769 4770 -1 4708 4770 4709 -1 4709 4770 4771 -1 4709 4771 4710 -1 4710 4771 4772 -1 4710 4772 4711 -1 4711 4772 4773 -1 4711 4773 4712 -1 4712 4773 4774 -1 4712 4774 4713 -1 4713 4774 4775 -1 4713 4775 63 -1 4714 0 4776 -1 4714 4776 4715 -1 4715 4776 4777 -1 4715 4777 4716 -1 4716 4777 4778 -1 4716 4778 4717 -1 4717 4778 4779 -1 4717 4779 4718 -1 4718 4779 4780 -1 4718 4780 4719 -1 4719 4780 4781 -1 4719 4781 4720 -1 4720 4781 4782 -1 4720 4782 4721 -1 4721 4782 4783 -1 4721 4783 4722 -1 4722 4783 4784 -1 4722 4784 4723 -1 4723 4784 4785 -1 4723 4785 4724 -1 4724 4785 4786 -1 4724 4786 4725 -1 4725 4786 4787 -1 4725 4787 4726 -1 4726 4787 4788 -1 4726 4788 4727 -1 4727 4788 4789 -1 4727 4789 4728 -1 4728 4789 4790 -1 4728 4790 4729 -1 4729 4790 4791 -1 4729 4791 4730 -1 4730 4791 4792 -1 4730 4792 4731 -1 4731 4792 4793 -1 4731 4793 4732 -1 4732 4793 4794 -1 4732 4794 4733 -1 4733 4794 4795 -1 4733 4795 4734 -1 4734 4795 4796 -1 4734 4796 4735 -1 4735 4796 4797 -1 4735 4797 4736 -1 4736 4797 4798 -1 4736 4798 4737 -1 4737 4798 4799 -1 4737 4799 4738 -1 4738 4799 4800 -1 4738 4800 4739 -1 4739 4800 4801 -1 4739 4801 4740 -1 4740 4801 4802 -1 4740 4802 4741 -1 4741 4802 4803 -1 4741 4803 4742 -1 4742 4803 4804 -1 4742 4804 4743 -1 4743 4804 4805 -1 4743 4805 4744 -1 4744 4805 4806 -1 4744 4806 4745 -1 4745 4806 4807 -1 4745 4807 4746 -1 4746 4807 4808 -1 4746 4808 4747 -1 4747 4808 4809 -1 4747 4809 4748 -1 4748 4809 4810 -1 4748 4810 4749 -1 4749 4810 4811 -1 4749 4811 4750 -1 4750 4811 4812 -1 4750 4812 4751 -1 4751 4812 4813 -1 4751 4813 4752 -1 4752 4813 4814 -1 4752 4814 4753 -1 4753 4814 4815 -1 4753 4815 4754 -1 4754 4815 4816 -1 4754 4816 4755 -1 4755 4816 4817 -1 4755 4817 4756 -1 4756 4817 4818 -1 4756 4818 4757 -1 4757 4818 4819 -1 4757 4819 4758 -1 4758 4819 4820 -1 4758 4820 4759 -1 4759 4820 4821 -1 4759 4821 4760 -1 4760 4821 4822 -1 4760 4822 4761 -1 4761 4822 4823 -1 4761 4823 4762 -1 4762 4823 4824 -1 4762 4824 4763 -1 4763 4824 4825 -1 4763 4825 4764 -1 4764 4825 4826 -1 4764 4826 4765 -1 4765 4826 4827 -1 4765 4827 4766 -1 4766 4827 4828 -1 4766 4828 4767 -1 4767 4828 4829 -1 4767 4829 4768 -1 4768 4829 4830 -1 4768 4830 4769 -1 4769 4830 4831 -1 4769 4831 4770 -1 4770 4831 4832 -1 4770 4832 4771 -1 4771 4832 4833 -1 4771 4833 4772 -1 4772 4833 4834 -1 4772 4834 4773 -1 4773 4834 4835 -1 4773 4835 4774 -1 4774 4835 4836 -1 4774 4836 4775 -1 4775 4836 4837 -1 4775 4837 63 -1 4776 0 4838 -1 4776 4838 4777 -1 4777 4838 4839 -1 4777 4839 4778 -1 4778 4839 4840 -1 4778 4840 4779 -1 4779 4840 4841 -1 4779 4841 4780 -1 4780 4841 4842 -1 4780 4842 4781 -1 4781 4842 4843 -1 4781 4843 4782 -1 4782 4843 4844 -1 4782 4844 4783 -1 4783 4844 4845 -1 4783 4845 4784 -1 4784 4845 4846 -1 4784 4846 4785 -1 4785 4846 4847 -1 4785 4847 4786 -1 4786 4847 4848 -1 4786 4848 4787 -1 4787 4848 4849 -1 4787 4849 4788 -1 4788 4849 4850 -1 4788 4850 4789 -1 4789 4850 4851 -1 4789 4851 4790 -1 4790 4851 4852 -1 4790 4852 4791 -1 4791 4852 4853 -1 4791 4853 4792 -1 4792 4853 4854 -1 4792 4854 4793 -1 4793 4854 4855 -1 4793 4855 4794 -1 4794 4855 4856 -1 4794 4856 4795 -1 4795 4856 4857 -1 4795 4857 4796 -1 4796 4857 4858 -1 4796 4858 4797 -1 4797 4858 4859 -1 4797 4859 4798 -1 4798 4859 4860 -1 4798 4860 4799 -1 4799 4860 4861 -1 4799 4861 4800 -1 4800 4861 4862 -1 4800 4862 4801 -1 4801 4862 4863 -1 4801 4863 4802 -1 4802 4863 4864 -1 4802 4864 4803 -1 4803 4864 4865 -1 4803 4865 4804 -1 4804 4865 4866 -1 4804 4866 4805 -1 4805 4866 4867 -1 4805 4867 4806 -1 4806 4867 4868 -1 4806 4868 4807 -1 4807 4868 4869 -1 4807 4869 4808 -1 4808 4869 4870 -1 4808 4870 4809 -1 4809 4870 4871 -1 4809 4871 4810 -1 4810 4871 4872 -1 4810 4872 4811 -1 4811 4872 4873 -1 4811 4873 4812 -1 4812 4873 4874 -1 4812 4874 4813 -1 4813 4874 4875 -1 4813 4875 4814 -1 4814 4875 4876 -1 4814 4876 4815 -1 4815 4876 4877 -1 4815 4877 4816 -1 4816 4877 4878 -1 4816 4878 4817 -1 4817 4878 4879 -1 4817 4879 4818 -1 4818 4879 4880 -1 4818 4880 4819 -1 4819 4880 4881 -1 4819 4881 4820 -1 4820 4881 4882 -1 4820 4882 4821 -1 4821 4882 4883 -1 4821 4883 4822 -1 4822 4883 4884 -1 4822 4884 4823 -1 4823 4884 4885 -1 4823 4885 4824 -1 4824 4885 4886 -1 4824 4886 4825 -1 4825 4886 4887 -1 4825 4887 4826 -1 4826 4887 4888 -1 4826 4888 4827 -1 4827 4888 4889 -1 4827 4889 4828 -1 4828 4889 4890 -1 4828 4890 4829 -1 4829 4890 4891 -1 4829 4891 4830 -1 4830 4891 4892 -1 4830 4892 4831 -1 4831 4892 4893 -1 4831 4893 4832 -1 4832 4893 4894 -1 4832 4894 4833 -1 4833 4894 4895 -1 4833 4895 4834 -1 4834 4895 4896 -1 4834 4896 4835 -1 4835 4896 4897 -1 4835 4897 4836 -1 4836 4897 4898 -1 4836 4898 4837 -1 4837 4898 4899 -1 4837 4899 63 -1 4838 0 4900 -1 4838 4900 4839 -1 4839 4900 4901 -1 4839 4901 4840 -1 4840 4901 4902 -1 4840 4902 4841 -1 4841 4902 4903 -1 4841 4903 4842 -1 4842 4903 4904 -1 4842 4904 4843 -1 4843 4904 4905 -1 4843 4905 4844 -1 4844 4905 4906 -1 4844 4906 4845 -1 4845 4906 4907 -1 4845 4907 4846 -1 4846 4907 4908 -1 4846 4908 4847 -1 4847 4908 4909 -1 4847 4909 4848 -1 4848 4909 4910 -1 4848 4910 4849 -1 4849 4910 4911 -1 4849 4911 4850 -1 4850 4911 4912 -1 4850 4912 4851 -1 4851 4912 4913 -1 4851 4913 4852 -1 4852 4913 4914 -1 4852 4914 4853 -1 4853 4914 4915 -1 4853 4915 4854 -1 4854 4915 4916 -1 4854 4916 4855 -1 4855 4916 4917 -1 4855 4917 4856 -1 4856 4917 4918 -1 4856 4918 4857 -1 4857 4918 4919 -1 4857 4919 4858 -1 4858 4919 4920 -1 4858 4920 4859 -1 4859 4920 4921 -1 4859 4921 4860 -1 4860 4921 4922 -1 4860 4922 4861 -1 4861 4922 4923 -1 4861 4923 4862 -1 4862 4923 4924 -1 4862 4924 4863 -1 4863 4924 4925 -1 4863 4925 4864 -1 4864 4925 4926 -1 4864 4926 4865 -1 4865 4926 4927 -1 4865 4927 4866 -1 4866 4927 4928 -1 4866 4928 4867 -1 4867 4928 4929 -1 4867 4929 4868 -1 4868 4929 4930 -1 4868 4930 4869 -1 4869 4930 4931 -1 4869 4931 4870 -1 4870 4931 4932 -1 4870 4932 4871 -1 4871 4932 4933 -1 4871 4933 4872 -1 4872 4933 4934 -1 4872 4934 4873 -1 4873 4934 4935 -1 4873 4935 4874 -1 4874 4935 4936 -1 4874 4936 4875 -1 4875 4936 4937 -1 4875 4937 4876 -1 4876 4937 4938 -1 4876 4938 4877 -1 4877 4938 4939 -1 4877 4939 4878 -1 4878 4939 4940 -1 4878 4940 4879 -1 4879 4940 4941 -1 4879 4941 4880 -1 4880 4941 4942 -1 4880 4942 4881 -1 4881 4942 4943 -1 4881 4943 4882 -1 4882 4943 4944 -1 4882 4944 4883 -1 4883 4944 4945 -1 4883 4945 4884 -1 4884 4945 4946 -1 4884 4946 4885 -1 4885 4946 4947 -1 4885 4947 4886 -1 4886 4947 4948 -1 4886 4948 4887 -1 4887 4948 4949 -1 4887 4949 4888 -1 4888 4949 4950 -1 4888 4950 4889 -1 4889 4950 4951 -1 4889 4951 4890 -1 4890 4951 4952 -1 4890 4952 4891 -1 4891 4952 4953 -1 4891 4953 4892 -1 4892 4953 4954 -1 4892 4954 4893 -1 4893 4954 4955 -1 4893 4955 4894 -1 4894 4955 4956 -1 4894 4956 4895 -1 4895 4956 4957 -1 4895 4957 4896 -1 4896 4957 4958 -1 4896 4958 4897 -1 4897 4958 4959 -1 4897 4959 4898 -1 4898 4959 4960 -1 4898 4960 4899 -1 4899 4960 4961 -1 4899 4961 63 -1 4900 0 4962 -1 4900 4962 4901 -1 4901 4962 4963 -1 4901 4963 4902 -1 4902 4963 4964 -1 4902 4964 4903 -1 4903 4964 4965 -1 4903 4965 4904 -1 4904 4965 4966 -1 4904 4966 4905 -1 4905 4966 4967 -1 4905 4967 4906 -1 4906 4967 4968 -1 4906 4968 4907 -1 4907 4968 4969 -1 4907 4969 4908 -1 4908 4969 4970 -1 4908 4970 4909 -1 4909 4970 4971 -1 4909 4971 4910 -1 4910 4971 4972 -1 4910 4972 4911 -1 4911 4972 4973 -1 4911 4973 4912 -1 4912 4973 4974 -1 4912 4974 4913 -1 4913 4974 4975 -1 4913 4975 4914 -1 4914 4975 4976 -1 4914 4976 4915 -1 4915 4976 4977 -1 4915 4977 4916 -1 4916 4977 4978 -1 4916 4978 4917 -1 4917 4978 4979 -1 4917 4979 4918 -1 4918 4979 4980 -1 4918 4980 4919 -1 4919 4980 4981 -1 4919 4981 4920 -1 4920 4981 4982 -1 4920 4982 4921 -1 4921 4982 4983 -1 4921 4983 4922 -1 4922 4983 4984 -1 4922 4984 4923 -1 4923 4984 4985 -1 4923 4985 4924 -1 4924 4985 4986 -1 4924 4986 4925 -1 4925 4986 4987 -1 4925 4987 4926 -1 4926 4987 4988 -1 4926 4988 4927 -1 4927 4988 4989 -1 4927 4989 4928 -1 4928 4989 4990 -1 4928 4990 4929 -1 4929 4990 4991 -1 4929 4991 4930 -1 4930 4991 4992 -1 4930 4992 4931 -1 4931 4992 4993 -1 4931 4993 4932 -1 4932 4993 4994 -1 4932 4994 4933 -1 4933 4994 4995 -1 4933 4995 4934 -1 4934 4995 4996 -1 4934 4996 4935 -1 4935 4996 4997 -1 4935 4997 4936 -1 4936 4997 4998 -1 4936 4998 4937 -1 4937 4998 4999 -1 4937 4999 4938 -1 4938 4999 5000 -1 4938 5000 4939 -1 4939 5000 5001 -1 4939 5001 4940 -1 4940 5001 5002 -1 4940 5002 4941 -1 4941 5002 5003 -1 4941 5003 4942 -1 4942 5003 5004 -1 4942 5004 4943 -1 4943 5004 5005 -1 4943 5005 4944 -1 4944 5005 5006 -1 4944 5006 4945 -1 4945 5006 5007 -1 4945 5007 4946 -1 4946 5007 5008 -1 4946 5008 4947 -1 4947 5008 5009 -1 4947 5009 4948 -1 4948 5009 5010 -1 4948 5010 4949 -1 4949 5010 5011 -1 4949 5011 4950 -1 4950 5011 5012 -1 4950 5012 4951 -1 4951 5012 5013 -1 4951 5013 4952 -1 4952 5013 5014 -1 4952 5014 4953 -1 4953 5014 5015 -1 4953 5015 4954 -1 4954 5015 5016 -1 4954 5016 4955 -1 4955 5016 5017 -1 4955 5017 4956 -1 4956 5017 5018 -1 4956 5018 4957 -1 4957 5018 5019 -1 4957 5019 4958 -1 4958 5019 5020 -1 4958 5020 4959 -1 4959 5020 5021 -1 4959 5021 4960 -1 4960 5021 5022 -1 4960 5022 4961 -1 4961 5022 5023 -1 4961 5023 63 -1 4962 0 5024 -1 4962 5024 4963 -1 4963 5024 5025 -1 4963 5025 4964 -1 4964 5025 5026 -1 4964 5026 4965 -1 4965 5026 5027 -1 4965 5027 4966 -1 4966 5027 5028 -1 4966 5028 4967 -1 4967 5028 5029 -1 4967 5029 4968 -1 4968 5029 5030 -1 4968 5030 4969 -1 4969 5030 5031 -1 4969 5031 4970 -1 4970 5031 5032 -1 4970 5032 4971 -1 4971 5032 5033 -1 4971 5033 4972 -1 4972 5033 5034 -1 4972 5034 4973 -1 4973 5034 5035 -1 4973 5035 4974 -1 4974 5035 5036 -1 4974 5036 4975 -1 4975 5036 5037 -1 4975 5037 4976 -1 4976 5037 5038 -1 4976 5038 4977 -1 4977 5038 5039 -1 4977 5039 4978 -1 4978 5039 5040 -1 4978 5040 4979 -1 4979 5040 5041 -1 4979 5041 4980 -1 4980 5041 5042 -1 4980 5042 4981 -1 4981 5042 5043 -1 4981 5043 4982 -1 4982 5043 5044 -1 4982 5044 4983 -1 4983 5044 5045 -1 4983 5045 4984 -1 4984 5045 5046 -1 4984 5046 4985 -1 4985 5046 5047 -1 4985 5047 4986 -1 4986 5047 5048 -1 4986 5048 4987 -1 4987 5048 5049 -1 4987 5049 4988 -1 4988 5049 5050 -1 4988 5050 4989 -1 4989 5050 5051 -1 4989 5051 4990 -1 4990 5051 5052 -1 4990 5052 4991 -1 4991 5052 5053 -1 4991 5053 4992 -1 4992 5053 5054 -1 4992 5054 4993 -1 4993 5054 5055 -1 4993 5055 4994 -1 4994 5055 5056 -1 4994 5056 4995 -1 4995 5056 5057 -1 4995 5057 4996 -1 4996 5057 5058 -1 4996 5058 4997 -1 4997 5058 5059 -1 4997 5059 4998 -1 4998 5059 5060 -1 4998 5060 4999 -1 4999 5060 5061 -1 4999 5061 5000 -1 5000 5061 5062 -1 5000 5062 5001 -1 5001 5062 5063 -1 5001 5063 5002 -1 5002 5063 5064 -1 5002 5064 5003 -1 5003 5064 5065 -1 5003 5065 5004 -1 5004 5065 5066 -1 5004 5066 5005 -1 5005 5066 5067 -1 5005 5067 5006 -1 5006 5067 5068 -1 5006 5068 5007 -1 5007 5068 5069 -1 5007 5069 5008 -1 5008 5069 5070 -1 5008 5070 5009 -1 5009 5070 5071 -1 5009 5071 5010 -1 5010 5071 5072 -1 5010 5072 5011 -1 5011 5072 5073 -1 5011 5073 5012 -1 5012 5073 5074 -1 5012 5074 5013 -1 5013 5074 5075 -1 5013 5075 5014 -1 5014 5075 5076 -1 5014 5076 5015 -1 5015 5076 5077 -1 5015 5077 5016 -1 5016 5077 5078 -1 5016 5078 5017 -1 5017 5078 5079 -1 5017 5079 5018 -1 5018 5079 5080 -1 5018 5080 5019 -1 5019 5080 5081 -1 5019 5081 5020 -1 5020 5081 5082 -1 5020 5082 5021 -1 5021 5082 5083 -1 5021 5083 5022 -1 5022 5083 5084 -1 5022 5084 5023 -1 5023 5084 5085 -1 5023 5085 63 -1 5024 0 5086 -1 5024 5086 5025 -1 5025 5086 5087 -1 5025 5087 5026 -1 5026 5087 5088 -1 5026 5088 5027 -1 5027 5088 5089 -1 5027 5089 5028 -1 5028 5089 5090 -1 5028 5090 5029 -1 5029 5090 5091 -1 5029 5091 5030 -1 5030 5091 5092 -1 5030 5092 5031 -1 5031 5092 5093 -1 5031 5093 5032 -1 5032 5093 5094 -1 5032 5094 5033 -1 5033 5094 5095 -1 5033 5095 5034 -1 5034 5095 5096 -1 5034 5096 5035 -1 5035 5096 5097 -1 5035 5097 5036 -1 5036 5097 5098 -1 5036 5098 5037 -1 5037 5098 5099 -1 5037 5099 5038 -1 5038 5099 5100 -1 5038 5100 5039 -1 5039 5100 5101 -1 5039 5101 5040 -1 5040 5101 5102 -1 5040 5102 5041 -1 5041 5102 5103 -1 5041 5103 5042 -1 5042 5103 5104 -1 5042 5104 5043 -1 5043 5104 5105 -1 5043 5105 5044 -1 5044 5105 5106 -1 5044 5106 5045 -1 5045 5106 5107 -1 5045 5107 5046 -1 5046 5107 5108 -1 5046 5108 5047 -1 5047 5108 5109 -1 5047 5109 5048 -1 5048 5109 5110 -1 5048 5110 5049 -1 5049 5110 5111 -1 5049 5111 5050 -1 5050 5111 5112 -1 5050 5112 5051 -1 5051 5112 5113 -1 5051 5113 5052 -1 5052 5113 5114 -1 5052 5114 5053 -1 5053 5114 5115 -1 5053 5115 5054 -1 5054 5115 5116 -1 5054 5116 5055 -1 5055 5116 5117 -1 5055 5117 5056 -1 5056 5117 5118 -1 5056 5118 5057 -1 5057 5118 5119 -1 5057 5119 5058 -1 5058 5119 5120 -1 5058 5120 5059 -1 5059 5120 5121 -1 5059 5121 5060 -1 5060 5121 5122 -1 5060 5122 5061 -1 5061 5122 5123 -1 5061 5123 5062 -1 5062 5123 5124 -1 5062 5124 5063 -1 5063 5124 5125 -1 5063 5125 5064 -1 5064 5125 5126 -1 5064 5126 5065 -1 5065 5126 5127 -1 5065 5127 5066 -1 5066 5127 5128 -1 5066 5128 5067 -1 5067 5128 5129 -1 5067 5129 5068 -1 5068 5129 5130 -1 5068 5130 5069 -1 5069 5130 5131 -1 5069 5131 5070 -1 5070 5131 5132 -1 5070 5132 5071 -1 5071 5132 5133 -1 5071 5133 5072 -1 5072 5133 5134 -1 5072 5134 5073 -1 5073 5134 5135 -1 5073 5135 5074 -1 5074 5135 5136 -1 5074 5136 5075 -1 5075 5136 5137 -1 5075 5137 5076 -1 5076 5137 5138 -1 5076 5138 5077 -1 5077 5138 5139 -1 5077 5139 5078 -1 5078 5139 5140 -1 5078 5140 5079 -1 5079 5140 5141 -1 5079 5141 5080 -1 5080 5141 5142 -1 5080 5142 5081 -1 5081 5142 5143 -1 5081 5143 5082 -1 5082 5143 5144 -1 5082 5144 5083 -1 5083 5144 5145 -1 5083 5145 5084 -1 5084 5145 5146 -1 5084 5146 5085 -1 5085 5146 5147 -1 5085 5147 63 -1 5086 0 5148 -1 5086 5148 5087 -1 5087 5148 5149 -1 5087 5149 5088 -1 5088 5149 5150 -1 5088 5150 5089 -1 5089 5150 5151 -1 5089 5151 5090 -1 5090 5151 5152 -1 5090 5152 5091 -1 5091 5152 5153 -1 5091 5153 5092 -1 5092 5153 5154 -1 5092 5154 5093 -1 5093 5154 5155 -1 5093 5155 5094 -1 5094 5155 5156 -1 5094 5156 5095 -1 5095 5156 5157 -1 5095 5157 5096 -1 5096 5157 5158 -1 5096 5158 5097 -1 5097 5158 5159 -1 5097 5159 5098 -1 5098 5159 5160 -1 5098 5160 5099 -1 5099 5160 5161 -1 5099 5161 5100 -1 5100 5161 5162 -1 5100 5162 5101 -1 5101 5162 5163 -1 5101 5163 5102 -1 5102 5163 5164 -1 5102 5164 5103 -1 5103 5164 5165 -1 5103 5165 5104 -1 5104 5165 5166 -1 5104 5166 5105 -1 5105 5166 5167 -1 5105 5167 5106 -1 5106 5167 5168 -1 5106 5168 5107 -1 5107 5168 5169 -1 5107 5169 5108 -1 5108 5169 5170 -1 5108 5170 5109 -1 5109 5170 5171 -1 5109 5171 5110 -1 5110 5171 5172 -1 5110 5172 5111 -1 5111 5172 5173 -1 5111 5173 5112 -1 5112 5173 5174 -1 5112 5174 5113 -1 5113 5174 5175 -1 5113 5175 5114 -1 5114 5175 5176 -1 5114 5176 5115 -1 5115 5176 5177 -1 5115 5177 5116 -1 5116 5177 5178 -1 5116 5178 5117 -1 5117 5178 5179 -1 5117 5179 5118 -1 5118 5179 5180 -1 5118 5180 5119 -1 5119 5180 5181 -1 5119 5181 5120 -1 5120 5181 5182 -1 5120 5182 5121 -1 5121 5182 5183 -1 5121 5183 5122 -1 5122 5183 5184 -1 5122 5184 5123 -1 5123 5184 5185 -1 5123 5185 5124 -1 5124 5185 5186 -1 5124 5186 5125 -1 5125 5186 5187 -1 5125 5187 5126 -1 5126 5187 5188 -1 5126 5188 5127 -1 5127 5188 5189 -1 5127 5189 5128 -1 5128 5189 5190 -1 5128 5190 5129 -1 5129 5190 5191 -1 5129 5191 5130 -1 5130 5191 5192 -1 5130 5192 5131 -1 5131 5192 5193 -1 5131 5193 5132 -1 5132 5193 5194 -1 5132 5194 5133 -1 5133 5194 5195 -1 5133 5195 5134 -1 5134 5195 5196 -1 5134 5196 5135 -1 5135 5196 5197 -1 5135 5197 5136 -1 5136 5197 5198 -1 5136 5198 5137 -1 5137 5198 5199 -1 5137 5199 5138 -1 5138 5199 5200 -1 5138 5200 5139 -1 5139 5200 5201 -1 5139 5201 5140 -1 5140 5201 5202 -1 5140 5202 5141 -1 5141 5202 5203 -1 5141 5203 5142 -1 5142 5203 5204 -1 5142 5204 5143 -1 5143 5204 5205 -1 5143 5205 5144 -1 5144 5205 5206 -1 5144 5206 5145 -1 5145 5206 5207 -1 5145 5207 5146 -1 5146 5207 5208 -1 5146 5208 5147 -1 5147 5208 5209 -1 5147 5209 63 -1 5148 0 5210 -1 5148 5210 5149 -1 5149 5210 5211 -1 5149 5211 5150 -1 5150 5211 5212 -1 5150 5212 5151 -1 5151 5212 5213 -1 5151 5213 5152 -1 5152 5213 5214 -1 5152 5214 5153 -1 5153 5214 5215 -1 5153 5215 5154 -1 5154 5215 5216 -1 5154 5216 5155 -1 5155 5216 5217 -1 5155 5217 5156 -1 5156 5217 5218 -1 5156 5218 5157 -1 5157 5218 5219 -1 5157 5219 5158 -1 5158 5219 5220 -1 5158 5220 5159 -1 5159 5220 5221 -1 5159 5221 5160 -1 5160 5221 5222 -1 5160 5222 5161 -1 5161 5222 5223 -1 5161 5223 5162 -1 5162 5223 5224 -1 5162 5224 5163 -1 5163 5224 5225 -1 5163 5225 5164 -1 5164 5225 5226 -1 5164 5226 5165 -1 5165 5226 5227 -1 5165 5227 5166 -1 5166 5227 5228 -1 5166 5228 5167 -1 5167 5228 5229 -1 5167 5229 5168 -1 5168 5229 5230 -1 5168 5230 5169 -1 5169 5230 5231 -1 5169 5231 5170 -1 5170 5231 5232 -1 5170 5232 5171 -1 5171 5232 5233 -1 5171 5233 5172 -1 5172 5233 5234 -1 5172 5234 5173 -1 5173 5234 5235 -1 5173 5235 5174 -1 5174 5235 5236 -1 5174 5236 5175 -1 5175 5236 5237 -1 5175 5237 5176 -1 5176 5237 5238 -1 5176 5238 5177 -1 5177 5238 5239 -1 5177 5239 5178 -1 5178 5239 5240 -1 5178 5240 5179 -1 5179 5240 5241 -1 5179 5241 5180 -1 5180 5241 5242 -1 5180 5242 5181 -1 5181 5242 5243 -1 5181 5243 5182 -1 5182 5243 5244 -1 5182 5244 5183 -1 5183 5244 5245 -1 5183 5245 5184 -1 5184 5245 5246 -1 5184 5246 5185 -1 5185 5246 5247 -1 5185 5247 5186 -1 5186 5247 5248 -1 5186 5248 5187 -1 5187 5248 5249 -1 5187 5249 5188 -1 5188 5249 5250 -1 5188 5250 5189 -1 5189 5250 5251 -1 5189 5251 5190 -1 5190 5251 5252 -1 5190 5252 5191 -1 5191 5252 5253 -1 5191 5253 5192 -1 5192 5253 5254 -1 5192 5254 5193 -1 5193 5254 5255 -1 5193 5255 5194 -1 5194 5255 5256 -1 5194 5256 5195 -1 5195 5256 5257 -1 5195 5257 5196 -1 5196 5257 5258 -1 5196 5258 5197 -1 5197 5258 5259 -1 5197 5259 5198 -1 5198 5259 5260 -1 5198 5260 5199 -1 5199 5260 5261 -1 5199 5261 5200 -1 5200 5261 5262 -1 5200 5262 5201 -1 5201 5262 5263 -1 5201 5263 5202 -1 5202 5263 5264 -1 5202 5264 5203 -1 5203 5264 5265 -1 5203 5265 5204 -1 5204 5265 5266 -1 5204 5266 5205 -1 5205 5266 5267 -1 5205 5267 5206 -1 5206 5267 5268 -1 5206 5268 5207 -1 5207 5268 5269 -1 5207 5269 5208 -1 5208 5269 5270 -1 5208 5270 5209 -1 5209 5270 5271 -1 5209 5271 63 -1 5210 0 5272 -1 5210 5272 5211 -1 5211 5272 5273 -1 5211 5273 5212 -1 5212 5273 5274 -1 5212 5274 5213 -1 5213 5274 5275 -1 5213 5275 5214 -1 5214 5275 5276 -1 5214 5276 5215 -1 5215 5276 5277 -1 5215 5277 5216 -1 5216 5277 5278 -1 5216 5278 5217 -1 5217 5278 5279 -1 5217 5279 5218 -1 5218 5279 5280 -1 5218 5280 5219 -1 5219 5280 5281 -1 5219 5281 5220 -1 5220 5281 5282 -1 5220 5282 5221 -1 5221 5282 5283 -1 5221 5283 5222 -1 5222 5283 5284 -1 5222 5284 5223 -1 5223 5284 5285 -1 5223 5285 5224 -1 5224 5285 5286 -1 5224 5286 5225 -1 5225 5286 5287 -1 5225 5287 5226 -1 5226 5287 5288 -1 5226 5288 5227 -1 5227 5288 5289 -1 5227 5289 5228 -1 5228 5289 5290 -1 5228 5290 5229 -1 5229 5290 5291 -1 5229 5291 5230 -1 5230 5291 5292 -1 5230 5292 5231 -1 5231 5292 5293 -1 5231 5293 5232 -1 5232 5293 5294 -1 5232 5294 5233 -1 5233 5294 5295 -1 5233 5295 5234 -1 5234 5295 5296 -1 5234 5296 5235 -1 5235 5296 5297 -1 5235 5297 5236 -1 5236 5297 5298 -1 5236 5298 5237 -1 5237 5298 5299 -1 5237 5299 5238 -1 5238 5299 5300 -1 5238 5300 5239 -1 5239 5300 5301 -1 5239 5301 5240 -1 5240 5301 5302 -1 5240 5302 5241 -1 5241 5302 5303 -1 5241 5303 5242 -1 5242 5303 5304 -1 5242 5304 5243 -1 5243 5304 5305 -1 5243 5305 5244 -1 5244 5305 5306 -1 5244 5306 5245 -1 5245 5306 5307 -1 5245 5307 5246 -1 5246 5307 5308 -1 5246 5308 5247 -1 5247 5308 5309 -1 5247 5309 5248 -1 5248 5309 5310 -1 5248 5310 5249 -1 5249 5310 5311 -1 5249 5311 5250 -1 5250 5311 5312 -1 5250 5312 5251 -1 5251 5312 5313 -1 5251 5313 5252 -1 5252 5313 5314 -1 5252 5314 5253 -1 5253 5314 5315 -1 5253 5315 5254 -1 5254 5315 5316 -1 5254 5316 5255 -1 5255 5316 5317 -1 5255 5317 5256 -1 5256 5317 5318 -1 5256 5318 5257 -1 5257 5318 5319 -1 5257 5319 5258 -1 5258 5319 5320 -1 5258 5320 5259 -1 5259 5320 5321 -1 5259 5321 5260 -1 5260 5321 5322 -1 5260 5322 5261 -1 5261 5322 5323 -1 5261 5323 5262 -1 5262 5323 5324 -1 5262 5324 5263 -1 5263 5324 5325 -1 5263 5325 5264 -1 5264 5325 5326 -1 5264 5326 5265 -1 5265 5326 5327 -1 5265 5327 5266 -1 5266 5327 5328 -1 5266 5328 5267 -1 5267 5328 5329 -1 5267 5329 5268 -1 5268 5329 5330 -1 5268 5330 5269 -1 5269 5330 5331 -1 5269 5331 5270 -1 5270 5331 5332 -1 5270 5332 5271 -1 5271 5332 5333 -1 5271 5333 63 -1 5272 0 5334 -1 5272 5334 5273 -1 5273 5334 5335 -1 5273 5335 5274 -1 5274 5335 5336 -1 5274 5336 5275 -1 5275 5336 5337 -1 5275 5337 5276 -1 5276 5337 5338 -1 5276 5338 5277 -1 5277 5338 5339 -1 5277 5339 5278 -1 5278 5339 5340 -1 5278 5340 5279 -1 5279 5340 5341 -1 5279 5341 5280 -1 5280 5341 5342 -1 5280 5342 5281 -1 5281 5342 5343 -1 5281 5343 5282 -1 5282 5343 5344 -1 5282 5344 5283 -1 5283 5344 5345 -1 5283 5345 5284 -1 5284 5345 5346 -1 5284 5346 5285 -1 5285 5346 5347 -1 5285 5347 5286 -1 5286 5347 5348 -1 5286 5348 5287 -1 5287 5348 5349 -1 5287 5349 5288 -1 5288 5349 5350 -1 5288 5350 5289 -1 5289 5350 5351 -1 5289 5351 5290 -1 5290 5351 5352 -1 5290 5352 5291 -1 5291 5352 5353 -1 5291 5353 5292 -1 5292 5353 5354 -1 5292 5354 5293 -1 5293 5354 5355 -1 5293 5355 5294 -1 5294 5355 5356 -1 5294 5356 5295 -1 5295 5356 5357 -1 5295 5357 5296 -1 5296 5357 5358 -1 5296 5358 5297 -1 5297 5358 5359 -1 5297 5359 5298 -1 5298 5359 5360 -1 5298 5360 5299 -1 5299 5360 5361 -1 5299 5361 5300 -1 5300 5361 5362 -1 5300 5362 5301 -1 5301 5362 5363 -1 5301 5363 5302 -1 5302 5363 5364 -1 5302 5364 5303 -1 5303 5364 5365 -1 5303 5365 5304 -1 5304 5365 5366 -1 5304 5366 5305 -1 5305 5366 5367 -1 5305 5367 5306 -1 5306 5367 5368 -1 5306 5368 5307 -1 5307 5368 5369 -1 5307 5369 5308 -1 5308 5369 5370 -1 5308 5370 5309 -1 5309 5370 5371 -1 5309 5371 5310 -1 5310 5371 5372 -1 5310 5372 5311 -1 5311 5372 5373 -1 5311 5373 5312 -1 5312 5373 5374 -1 5312 5374 5313 -1 5313 5374 5375 -1 5313 5375 5314 -1 5314 5375 5376 -1 5314 5376 5315 -1 5315 5376 5377 -1 5315 5377 5316 -1 5316 5377 5378 -1 5316 5378 5317 -1 5317 5378 5379 -1 5317 5379 5318 -1 5318 5379 5380 -1 5318 5380 5319 -1 5319 5380 5381 -1 5319 5381 5320 -1 5320 5381 5382 -1 5320 5382 5321 -1 5321 5382 5383 -1 5321 5383 5322 -1 5322 5383 5384 -1 5322 5384 5323 -1 5323 5384 5385 -1 5323 5385 5324 -1 5324 5385 5386 -1 5324 5386 5325 -1 5325 5386 5387 -1 5325 5387 5326 -1 5326 5387 5388 -1 5326 5388 5327 -1 5327 5388 5389 -1 5327 5389 5328 -1 5328 5389 5390 -1 5328 5390 5329 -1 5329 5390 5391 -1 5329 5391 5330 -1 5330 5391 5392 -1 5330 5392 5331 -1 5331 5392 5393 -1 5331 5393 5332 -1 5332 5393 5394 -1 5332 5394 5333 -1 5333 5394 5395 -1 5333 5395 63 -1 5334 0 5396 -1 5334 5396 5335 -1 5335 5396 5397 -1 5335 5397 5336 -1 5336 5397 5398 -1 5336 5398 5337 -1 5337 5398 5399 -1 5337 5399 5338 -1 5338 5399 5400 -1 5338 5400 5339 -1 5339 5400 5401 -1 5339 5401 5340 -1 5340 5401 5402 -1 5340 5402 5341 -1 5341 5402 5403 -1 5341 5403 5342 -1 5342 5403 5404 -1 5342 5404 5343 -1 5343 5404 5405 -1 5343 5405 5344 -1 5344 5405 5406 -1 5344 5406 5345 -1 5345 5406 5407 -1 5345 5407 5346 -1 5346 5407 5408 -1 5346 5408 5347 -1 5347 5408 5409 -1 5347 5409 5348 -1 5348 5409 5410 -1 5348 5410 5349 -1 5349 5410 5411 -1 5349 5411 5350 -1 5350 5411 5412 -1 5350 5412 5351 -1 5351 5412 5413 -1 5351 5413 5352 -1 5352 5413 5414 -1 5352 5414 5353 -1 5353 5414 5415 -1 5353 5415 5354 -1 5354 5415 5416 -1 5354 5416 5355 -1 5355 5416 5417 -1 5355 5417 5356 -1 5356 5417 5418 -1 5356 5418 5357 -1 5357 5418 5419 -1 5357 5419 5358 -1 5358 5419 5420 -1 5358 5420 5359 -1 5359 5420 5421 -1 5359 5421 5360 -1 5360 5421 5422 -1 5360 5422 5361 -1 5361 5422 5423 -1 5361 5423 5362 -1 5362 5423 5424 -1 5362 5424 5363 -1 5363 5424 5425 -1 5363 5425 5364 -1 5364 5425 5426 -1 5364 5426 5365 -1 5365 5426 5427 -1 5365 5427 5366 -1 5366 5427 5428 -1 5366 5428 5367 -1 5367 5428 5429 -1 5367 5429 5368 -1 5368 5429 5430 -1 5368 5430 5369 -1 5369 5430 5431 -1 5369 5431 5370 -1 5370 5431 5432 -1 5370 5432 5371 -1 5371 5432 5433 -1 5371 5433 5372 -1 5372 5433 5434 -1 5372 5434 5373 -1 5373 5434 5435 -1 5373 5435 5374 -1 5374 5435 5436 -1 5374 5436 5375 -1 5375 5436 5437 -1 5375 5437 5376 -1 5376 5437 5438 -1 5376 5438 5377 -1 5377 5438 5439 -1 5377 5439 5378 -1 5378 5439 5440 -1 5378 5440 5379 -1 5379 5440 5441 -1 5379 5441 5380 -1 5380 5441 5442 -1 5380 5442 5381 -1 5381 5442 5443 -1 5381 5443 5382 -1 5382 5443 5444 -1 5382 5444 5383 -1 5383 5444 5445 -1 5383 5445 5384 -1 5384 5445 5446 -1 5384 5446 5385 -1 5385 5446 5447 -1 5385 5447 5386 -1 5386 5447 5448 -1 5386 5448 5387 -1 5387 5448 5449 -1 5387 5449 5388 -1 5388 5449 5450 -1 5388 5450 5389 -1 5389 5450 5451 -1 5389 5451 5390 -1 5390 5451 5452 -1 5390 5452 5391 -1 5391 5452 5453 -1 5391 5453 5392 -1 5392 5453 5454 -1 5392 5454 5393 -1 5393 5454 5455 -1 5393 5455 5394 -1 5394 5455 5456 -1 5394 5456 5395 -1 5395 5456 5457 -1 5395 5457 63 -1 5396 0 5458 -1 5396 5458 5397 -1 5397 5458 5459 -1 5397 5459 5398 -1 5398 5459 5460 -1 5398 5460 5399 -1 5399 5460 5461 -1 5399 5461 5400 -1 5400 5461 5462 -1 5400 5462 5401 -1 5401 5462 5463 -1 5401 5463 5402 -1 5402 5463 5464 -1 5402 5464 5403 -1 5403 5464 5465 -1 5403 5465 5404 -1 5404 5465 5466 -1 5404 5466 5405 -1 5405 5466 5467 -1 5405 5467 5406 -1 5406 5467 5468 -1 5406 5468 5407 -1 5407 5468 5469 -1 5407 5469 5408 -1 5408 5469 5470 -1 5408 5470 5409 -1 5409 5470 5471 -1 5409 5471 5410 -1 5410 5471 5472 -1 5410 5472 5411 -1 5411 5472 5473 -1 5411 5473 5412 -1 5412 5473 5474 -1 5412 5474 5413 -1 5413 5474 5475 -1 5413 5475 5414 -1 5414 5475 5476 -1 5414 5476 5415 -1 5415 5476 5477 -1 5415 5477 5416 -1 5416 5477 5478 -1 5416 5478 5417 -1 5417 5478 5479 -1 5417 5479 5418 -1 5418 5479 5480 -1 5418 5480 5419 -1 5419 5480 5481 -1 5419 5481 5420 -1 5420 5481 5482 -1 5420 5482 5421 -1 5421 5482 5483 -1 5421 5483 5422 -1 5422 5483 5484 -1 5422 5484 5423 -1 5423 5484 5485 -1 5423 5485 5424 -1 5424 5485 5486 -1 5424 5486 5425 -1 5425 5486 5487 -1 5425 5487 5426 -1 5426 5487 5488 -1 5426 5488 5427 -1 5427 5488 5489 -1 5427 5489 5428 -1 5428 5489 5490 -1 5428 5490 5429 -1 5429 5490 5491 -1 5429 5491 5430 -1 5430 5491 5492 -1 5430 5492 5431 -1 5431 5492 5493 -1 5431 5493 5432 -1 5432 5493 5494 -1 5432 5494 5433 -1 5433 5494 5495 -1 5433 5495 5434 -1 5434 5495 5496 -1 5434 5496 5435 -1 5435 5496 5497 -1 5435 5497 5436 -1 5436 5497 5498 -1 5436 5498 5437 -1 5437 5498 5499 -1 5437 5499 5438 -1 5438 5499 5500 -1 5438 5500 5439 -1 5439 5500 5501 -1 5439 5501 5440 -1 5440 5501 5502 -1 5440 5502 5441 -1 5441 5502 5503 -1 5441 5503 5442 -1 5442 5503 5504 -1 5442 5504 5443 -1 5443 5504 5505 -1 5443 5505 5444 -1 5444 5505 5506 -1 5444 5506 5445 -1 5445 5506 5507 -1 5445 5507 5446 -1 5446 5507 5508 -1 5446 5508 5447 -1 5447 5508 5509 -1 5447 5509 5448 -1 5448 5509 5510 -1 5448 5510 5449 -1 5449 5510 5511 -1 5449 5511 5450 -1 5450 5511 5512 -1 5450 5512 5451 -1 5451 5512 5513 -1 5451 5513 5452 -1 5452 5513 5514 -1 5452 5514 5453 -1 5453 5514 5515 -1 5453 5515 5454 -1 5454 5515 5516 -1 5454 5516 5455 -1 5455 5516 5517 -1 5455 5517 5456 -1 5456 5517 5518 -1 5456 5518 5457 -1 5457 5518 5519 -1 5457 5519 63 -1 5458 0 5520 -1 5458 5520 5459 -1 5459 5520 5521 -1 5459 5521 5460 -1 5460 5521 5522 -1 5460 5522 5461 -1 5461 5522 5523 -1 5461 5523 5462 -1 5462 5523 5524 -1 5462 5524 5463 -1 5463 5524 5525 -1 5463 5525 5464 -1 5464 5525 5526 -1 5464 5526 5465 -1 5465 5526 5527 -1 5465 5527 5466 -1 5466 5527 5528 -1 5466 5528 5467 -1 5467 5528 5529 -1 5467 5529 5468 -1 5468 5529 5530 -1 5468 5530 5469 -1 5469 5530 5531 -1 5469 5531 5470 -1 5470 5531 5532 -1 5470 5532 5471 -1 5471 5532 5533 -1 5471 5533 5472 -1 5472 5533 5534 -1 5472 5534 5473 -1 5473 5534 5535 -1 5473 5535 5474 -1 5474 5535 5536 -1 5474 5536 5475 -1 5475 5536 5537 -1 5475 5537 5476 -1 5476 5537 5538 -1 5476 5538 5477 -1 5477 5538 5539 -1 5477 5539 5478 -1 5478 5539 5540 -1 5478 5540 5479 -1 5479 5540 5541 -1 5479 5541 5480 -1 5480 5541 5542 -1 5480 5542 5481 -1 5481 5542 5543 -1 5481 5543 5482 -1 5482 5543 5544 -1 5482 5544 5483 -1 5483 5544 5545 -1 5483 5545 5484 -1 5484 5545 5546 -1 5484 5546 5485 -1 5485 5546 5547 -1 5485 5547 5486 -1 5486 5547 5548 -1 5486 5548 5487 -1 5487 5548 5549 -1 5487 5549 5488 -1 5488 5549 5550 -1 5488 5550 5489 -1 5489 5550 5551 -1 5489 5551 5490 -1 5490 5551 5552 -1 5490 5552 5491 -1 5491 5552 5553 -1 5491 5553 5492 -1 5492 5553 5554 -1 5492 5554 5493 -1 5493 5554 5555 -1 5493 5555 5494 -1 5494 5555 5556 -1 5494 5556 5495 -1 5495 5556 5557 -1 5495 5557 5496 -1 5496 5557 5558 -1 5496 5558 5497 -1 5497 5558 5559 -1 5497 5559 5498 -1 5498 5559 5560 -1 5498 5560 5499 -1 5499 5560 5561 -1 5499 5561 5500 -1 5500 5561 5562 -1 5500 5562 5501 -1 5501 5562 5563 -1 5501 5563 5502 -1 5502 5563 5564 -1 5502 5564 5503 -1 5503 5564 5565 -1 5503 5565 5504 -1 5504 5565 5566 -1 5504 5566 5505 -1 5505 5566 5567 -1 5505 5567 5506 -1 5506 5567 5568 -1 5506 5568 5507 -1 5507 5568 5569 -1 5507 5569 5508 -1 5508 5569 5570 -1 5508 5570 5509 -1 5509 5570 5571 -1 5509 5571 5510 -1 5510 5571 5572 -1 5510 5572 5511 -1 5511 5572 5573 -1 5511 5573 5512 -1 5512 5573 5574 -1 5512 5574 5513 -1 5513 5574 5575 -1 5513 5575 5514 -1 5514 5575 5576 -1 5514 5576 5515 -1 5515 5576 5577 -1 5515 5577 5516 -1 5516 5577 5578 -1 5516 5578 5517 -1 5517 5578 5579 -1 5517 5579 5518 -1 5518 5579 5580 -1 5518 5580 5519 -1 5519 5580 5581 -1 5519 5581 63 -1 5520 0 5582 -1 5520 5582 5521 -1 5521 5582 5583 -1 5521 5583 5522 -1 5522 5583 5584 -1 5522 5584 5523 -1 5523 5584 5585 -1 5523 5585 5524 -1 5524 5585 5586 -1 5524 5586 5525 -1 5525 5586 5587 -1 5525 5587 5526 -1 5526 5587 5588 -1 5526 5588 5527 -1 5527 5588 5589 -1 5527 5589 5528 -1 5528 5589 5590 -1 5528 5590 5529 -1 5529 5590 5591 -1 5529 5591 5530 -1 5530 5591 5592 -1 5530 5592 5531 -1 5531 5592 5593 -1 5531 5593 5532 -1 5532 5593 5594 -1 5532 5594 5533 -1 5533 5594 5595 -1 5533 5595 5534 -1 5534 5595 5596 -1 5534 5596 5535 -1 5535 5596 5597 -1 5535 5597 5536 -1 5536 5597 5598 -1 5536 5598 5537 -1 5537 5598 5599 -1 5537 5599 5538 -1 5538 5599 5600 -1 5538 5600 5539 -1 5539 5600 5601 -1 5539 5601 5540 -1 5540 5601 5602 -1 5540 5602 5541 -1 5541 5602 5603 -1 5541 5603 5542 -1 5542 5603 5604 -1 5542 5604 5543 -1 5543 5604 5605 -1 5543 5605 5544 -1 5544 5605 5606 -1 5544 5606 5545 -1 5545 5606 5607 -1 5545 5607 5546 -1 5546 5607 5608 -1 5546 5608 5547 -1 5547 5608 5609 -1 5547 5609 5548 -1 5548 5609 5610 -1 5548 5610 5549 -1 5549 5610 5611 -1 5549 5611 5550 -1 5550 5611 5612 -1 5550 5612 5551 -1 5551 5612 5613 -1 5551 5613 5552 -1 5552 5613 5614 -1 5552 5614 5553 -1 5553 5614 5615 -1 5553 5615 5554 -1 5554 5615 5616 -1 5554 5616 5555 -1 5555 5616 5617 -1 5555 5617 5556 -1 5556 5617 5618 -1 5556 5618 5557 -1 5557 5618 5619 -1 5557 5619 5558 -1 5558 5619 5620 -1 5558 5620 5559 -1 5559 5620 5621 -1 5559 5621 5560 -1 5560 5621 5622 -1 5560 5622 5561 -1 5561 5622 5623 -1 5561 5623 5562 -1 5562 5623 5624 -1 5562 5624 5563 -1 5563 5624 5625 -1 5563 5625 5564 -1 5564 5625 5626 -1 5564 5626 5565 -1 5565 5626 5627 -1 5565 5627 5566 -1 5566 5627 5628 -1 5566 5628 5567 -1 5567 5628 5629 -1 5567 5629 5568 -1 5568 5629 5630 -1 5568 5630 5569 -1 5569 5630 5631 -1 5569 5631 5570 -1 5570 5631 5632 -1 5570 5632 5571 -1 5571 5632 5633 -1 5571 5633 5572 -1 5572 5633 5634 -1 5572 5634 5573 -1 5573 5634 5635 -1 5573 5635 5574 -1 5574 5635 5636 -1 5574 5636 5575 -1 5575 5636 5637 -1 5575 5637 5576 -1 5576 5637 5638 -1 5576 5638 5577 -1 5577 5638 5639 -1 5577 5639 5578 -1 5578 5639 5640 -1 5578 5640 5579 -1 5579 5640 5641 -1 5579 5641 5580 -1 5580 5641 5642 -1 5580 5642 5581 -1 5581 5642 5643 -1 5581 5643 63 -1 5582 0 5644 -1 5582 5644 5583 -1 5583 5644 5645 -1 5583 5645 5584 -1 5584 5645 5646 -1 5584 5646 5585 -1 5585 5646 5647 -1 5585 5647 5586 -1 5586 5647 5648 -1 5586 5648 5587 -1 5587 5648 5649 -1 5587 5649 5588 -1 5588 5649 5650 -1 5588 5650 5589 -1 5589 5650 5651 -1 5589 5651 5590 -1 5590 5651 5652 -1 5590 5652 5591 -1 5591 5652 5653 -1 5591 5653 5592 -1 5592 5653 5654 -1 5592 5654 5593 -1 5593 5654 5655 -1 5593 5655 5594 -1 5594 5655 5656 -1 5594 5656 5595 -1 5595 5656 5657 -1 5595 5657 5596 -1 5596 5657 5658 -1 5596 5658 5597 -1 5597 5658 5659 -1 5597 5659 5598 -1 5598 5659 5660 -1 5598 5660 5599 -1 5599 5660 5661 -1 5599 5661 5600 -1 5600 5661 5662 -1 5600 5662 5601 -1 5601 5662 5663 -1 5601 5663 5602 -1 5602 5663 5664 -1 5602 5664 5603 -1 5603 5664 5665 -1 5603 5665 5604 -1 5604 5665 5666 -1 5604 5666 5605 -1 5605 5666 5667 -1 5605 5667 5606 -1 5606 5667 5668 -1 5606 5668 5607 -1 5607 5668 5669 -1 5607 5669 5608 -1 5608 5669 5670 -1 5608 5670 5609 -1 5609 5670 5671 -1 5609 5671 5610 -1 5610 5671 5672 -1 5610 5672 5611 -1 5611 5672 5673 -1 5611 5673 5612 -1 5612 5673 5674 -1 5612 5674 5613 -1 5613 5674 5675 -1 5613 5675 5614 -1 5614 5675 5676 -1 5614 5676 5615 -1 5615 5676 5677 -1 5615 5677 5616 -1 5616 5677 5678 -1 5616 5678 5617 -1 5617 5678 5679 -1 5617 5679 5618 -1 5618 5679 5680 -1 5618 5680 5619 -1 5619 5680 5681 -1 5619 5681 5620 -1 5620 5681 5682 -1 5620 5682 5621 -1 5621 5682 5683 -1 5621 5683 5622 -1 5622 5683 5684 -1 5622 5684 5623 -1 5623 5684 5685 -1 5623 5685 5624 -1 5624 5685 5686 -1 5624 5686 5625 -1 5625 5686 5687 -1 5625 5687 5626 -1 5626 5687 5688 -1 5626 5688 5627 -1 5627 5688 5689 -1 5627 5689 5628 -1 5628 5689 5690 -1 5628 5690 5629 -1 5629 5690 5691 -1 5629 5691 5630 -1 5630 5691 5692 -1 5630 5692 5631 -1 5631 5692 5693 -1 5631 5693 5632 -1 5632 5693 5694 -1 5632 5694 5633 -1 5633 5694 5695 -1 5633 5695 5634 -1 5634 5695 5696 -1 5634 5696 5635 -1 5635 5696 5697 -1 5635 5697 5636 -1 5636 5697 5698 -1 5636 5698 5637 -1 5637 5698 5699 -1 5637 5699 5638 -1 5638 5699 5700 -1 5638 5700 5639 -1 5639 5700 5701 -1 5639 5701 5640 -1 5640 5701 5702 -1 5640 5702 5641 -1 5641 5702 5703 -1 5641 5703 5642 -1 5642 5703 5704 -1 5642 5704 5643 -1 5643 5704 5705 -1 5643 5705 63 -1 5644 0 5706 -1 5644 5706 5645 -1 5645 5706 5707 -1 5645 5707 5646 -1 5646 5707 5708 -1 5646 5708 5647 -1 5647 5708 5709 -1 5647 5709 5648 -1 5648 5709 5710 -1 5648 5710 5649 -1 5649 5710 5711 -1 5649 5711 5650 -1 5650 5711 5712 -1 5650 5712 5651 -1 5651 5712 5713 -1 5651 5713 5652 -1 5652 5713 5714 -1 5652 5714 5653 -1 5653 5714 5715 -1 5653 5715 5654 -1 5654 5715 5716 -1 5654 5716 5655 -1 5655 5716 5717 -1 5655 5717 5656 -1 5656 5717 5718 -1 5656 5718 5657 -1 5657 5718 5719 -1 5657 5719 5658 -1 5658 5719 5720 -1 5658 5720 5659 -1 5659 5720 5721 -1 5659 5721 5660 -1 5660 5721 5722 -1 5660 5722 5661 -1 5661 5722 5723 -1 5661 5723 5662 -1 5662 5723 5724 -1 5662 5724 5663 -1 5663 5724 5725 -1 5663 5725 5664 -1 5664 5725 5726 -1 5664 5726 5665 -1 5665 5726 5727 -1 5665 5727 5666 -1 5666 5727 5728 -1 5666 5728 5667 -1 5667 5728 5729 -1 5667 5729 5668 -1 5668 5729 5730 -1 5668 5730 5669 -1 5669 5730 5731 -1 5669 5731 5670 -1 5670 5731 5732 -1 5670 5732 5671 -1 5671 5732 5733 -1 5671 5733 5672 -1 5672 5733 5734 -1 5672 5734 5673 -1 5673 5734 5735 -1 5673 5735 5674 -1 5674 5735 5736 -1 5674 5736 5675 -1 5675 5736 5737 -1 5675 5737 5676 -1 5676 5737 5738 -1 5676 5738 5677 -1 5677 5738 5739 -1 5677 5739 5678 -1 5678 5739 5740 -1 5678 5740 5679 -1 5679 5740 5741 -1 5679 5741 5680 -1 5680 5741 5742 -1 5680 5742 5681 -1 5681 5742 5743 -1 5681 5743 5682 -1 5682 5743 5744 -1 5682 5744 5683 -1 5683 5744 5745 -1 5683 5745 5684 -1 5684 5745 5746 -1 5684 5746 5685 -1 5685 5746 5747 -1 5685 5747 5686 -1 5686 5747 5748 -1 5686 5748 5687 -1 5687 5748 5749 -1 5687 5749 5688 -1 5688 5749 5750 -1 5688 5750 5689 -1 5689 5750 5751 -1 5689 5751 5690 -1 5690 5751 5752 -1 5690 5752 5691 -1 5691 5752 5753 -1 5691 5753 5692 -1 5692 5753 5754 -1 5692 5754 5693 -1 5693 5754 5755 -1 5693 5755 5694 -1 5694 5755 5756 -1 5694 5756 5695 -1 5695 5756 5757 -1 5695 5757 5696 -1 5696 5757 5758 -1 5696 5758 5697 -1 5697 5758 5759 -1 5697 5759 5698 -1 5698 5759 5760 -1 5698 5760 5699 -1 5699 5760 5761 -1 5699 5761 5700 -1 5700 5761 5762 -1 5700 5762 5701 -1 5701 5762 5763 -1 5701 5763 5702 -1 5702 5763 5764 -1 5702 5764 5703 -1 5703 5764 5765 -1 5703 5765 5704 -1 5704 5765 5766 -1 5704 5766 5705 -1 5705 5766 5767 -1 5705 5767 63 -1 5706 0 5768 -1 5706 5768 5707 -1 5707 5768 5769 -1 5707 5769 5708 -1 5708 5769 5770 -1 5708 5770 5709 -1 5709 5770 5771 -1 5709 5771 5710 -1 5710 5771 5772 -1 5710 5772 5711 -1 5711 5772 5773 -1 5711 5773 5712 -1 5712 5773 5774 -1 5712 5774 5713 -1 5713 5774 5775 -1 5713 5775 5714 -1 5714 5775 5776 -1 5714 5776 5715 -1 5715 5776 5777 -1 5715 5777 5716 -1 5716 5777 5778 -1 5716 5778 5717 -1 5717 5778 5779 -1 5717 5779 5718 -1 5718 5779 5780 -1 5718 5780 5719 -1 5719 5780 5781 -1 5719 5781 5720 -1 5720 5781 5782 -1 5720 5782 5721 -1 5721 5782 5783 -1 5721 5783 5722 -1 5722 5783 5784 -1 5722 5784 5723 -1 5723 5784 5785 -1 5723 5785 5724 -1 5724 5785 5786 -1 5724 5786 5725 -1 5725 5786 5787 -1 5725 5787 5726 -1 5726 5787 5788 -1 5726 5788 5727 -1 5727 5788 5789 -1 5727 5789 5728 -1 5728 5789 5790 -1 5728 5790 5729 -1 5729 5790 5791 -1 5729 5791 5730 -1 5730 5791 5792 -1 5730 5792 5731 -1 5731 5792 5793 -1 5731 5793 5732 -1 5732 5793 5794 -1 5732 5794 5733 -1 5733 5794 5795 -1 5733 5795 5734 -1 5734 5795 5796 -1 5734 5796 5735 -1 5735 5796 5797 -1 5735 5797 5736 -1 5736 5797 5798 -1 5736 5798 5737 -1 5737 5798 5799 -1 5737 5799 5738 -1 5738 5799 5800 -1 5738 5800 5739 -1 5739 5800 5801 -1 5739 5801 5740 -1 5740 5801 5802 -1 5740 5802 5741 -1 5741 5802 5803 -1 5741 5803 5742 -1 5742 5803 5804 -1 5742 5804 5743 -1 5743 5804 5805 -1 5743 5805 5744 -1 5744 5805 5806 -1 5744 5806 5745 -1 5745 5806 5807 -1 5745 5807 5746 -1 5746 5807 5808 -1 5746 5808 5747 -1 5747 5808 5809 -1 5747 5809 5748 -1 5748 5809 5810 -1 5748 5810 5749 -1 5749 5810 5811 -1 5749 5811 5750 -1 5750 5811 5812 -1 5750 5812 5751 -1 5751 5812 5813 -1 5751 5813 5752 -1 5752 5813 5814 -1 5752 5814 5753 -1 5753 5814 5815 -1 5753 5815 5754 -1 5754 5815 5816 -1 5754 5816 5755 -1 5755 5816 5817 -1 5755 5817 5756 -1 5756 5817 5818 -1 5756 5818 5757 -1 5757 5818 5819 -1 5757 5819 5758 -1 5758 5819 5820 -1 5758 5820 5759 -1 5759 5820 5821 -1 5759 5821 5760 -1 5760 5821 5822 -1 5760 5822 5761 -1 5761 5822 5823 -1 5761 5823 5762 -1 5762 5823 5824 -1 5762 5824 5763 -1 5763 5824 5825 -1 5763 5825 5764 -1 5764 5825 5826 -1 5764 5826 5765 -1 5765 5826 5827 -1 5765 5827 5766 -1 5766 5827 5828 -1 5766 5828 5767 -1 5767 5828 5829 -1 5767 5829 63 -1 5768 0 5830 -1 5768 5830 5769 -1 5769 5830 5831 -1 5769 5831 5770 -1 5770 5831 5832 -1 5770 5832 5771 -1 5771 5832 5833 -1 5771 5833 5772 -1 5772 5833 5834 -1 5772 5834 5773 -1 5773 5834 5835 -1 5773 5835 5774 -1 5774 5835 5836 -1 5774 5836 5775 -1 5775 5836 5837 -1 5775 5837 5776 -1 5776 5837 5838 -1 5776 5838 5777 -1 5777 5838 5839 -1 5777 5839 5778 -1 5778 5839 5840 -1 5778 5840 5779 -1 5779 5840 5841 -1 5779 5841 5780 -1 5780 5841 5842 -1 5780 5842 5781 -1 5781 5842 5843 -1 5781 5843 5782 -1 5782 5843 5844 -1 5782 5844 5783 -1 5783 5844 5845 -1 5783 5845 5784 -1 5784 5845 5846 -1 5784 5846 5785 -1 5785 5846 5847 -1 5785 5847 5786 -1 5786 5847 5848 -1 5786 5848 5787 -1 5787 5848 5849 -1 5787 5849 5788 -1 5788 5849 5850 -1 5788 5850 5789 -1 5789 5850 5851 -1 5789 5851 5790 -1 5790 5851 5852 -1 5790 5852 5791 -1 5791 5852 5853 -1 5791 5853 5792 -1 5792 5853 5854 -1 5792 5854 5793 -1 5793 5854 5855 -1 5793 5855 5794 -1 5794 5855 5856 -1 5794 5856 5795 -1 5795 5856 5857 -1 5795 5857 5796 -1 5796 5857 5858 -1 5796 5858 5797 -1 5797 5858 5859 -1 5797 5859 5798 -1 5798 5859 5860 -1 5798 5860 5799 -1 5799 5860 5861 -1 5799 5861 5800 -1 5800 5861 5862 -1 5800 5862 5801 -1 5801 5862 5863 -1 5801 5863 5802 -1 5802 5863 5864 -1 5802 5864 5803 -1 5803 5864 5865 -1 5803 5865 5804 -1 5804 5865 5866 -1 5804 5866 5805 -1 5805 5866 5867 -1 5805 5867 5806 -1 5806 5867 5868 -1 5806 5868 5807 -1 5807 5868 5869 -1 5807 5869 5808 -1 5808 5869 5870 -1 5808 5870 5809 -1 5809 5870 5871 -1 5809 5871 5810 -1 5810 5871 5872 -1 5810 5872 5811 -1 5811 5872 5873 -1 5811 5873 5812 -1 5812 5873 5874 -1 5812 5874 5813 -1 5813 5874 5875 -1 5813 5875 5814 -1 5814 5875 5876 -1 5814 5876 5815 -1 5815 5876 5877 -1 5815 5877 5816 -1 5816 5877 5878 -1 5816 5878 5817 -1 5817 5878 5879 -1 5817 5879 5818 -1 5818 5879 5880 -1 5818 5880 5819 -1 5819 5880 5881 -1 5819 5881 5820 -1 5820 5881 5882 -1 5820 5882 5821 -1 5821 5882 5883 -1 5821 5883 5822 -1 5822 5883 5884 -1 5822 5884 5823 -1 5823 5884 5885 -1 5823 5885 5824 -1 5824 5885 5886 -1 5824 5886 5825 -1 5825 5886 5887 -1 5825 5887 5826 -1 5826 5887 5888 -1 5826 5888 5827 -1 5827 5888 5889 -1 5827 5889 5828 -1 5828 5889 5890 -1 5828 5890 5829 -1 5829 5890 5891 -1 5829 5891 63 -1 5830 0 5892 -1 5830 5892 5831 -1 5831 5892 5893 -1 5831 5893 5832 -1 5832 5893 5894 -1 5832 5894 5833 -1 5833 5894 5895 -1 5833 5895 5834 -1 5834 5895 5896 -1 5834 5896 5835 -1 5835 5896 5897 -1 5835 5897 5836 -1 5836 5897 5898 -1 5836 5898 5837 -1 5837 5898 5899 -1 5837 5899 5838 -1 5838 5899 5900 -1 5838 5900 5839 -1 5839 5900 5901 -1 5839 5901 5840 -1 5840 5901 5902 -1 5840 5902 5841 -1 5841 5902 5903 -1 5841 5903 5842 -1 5842 5903 5904 -1 5842 5904 5843 -1 5843 5904 5905 -1 5843 5905 5844 -1 5844 5905 5906 -1 5844 5906 5845 -1 5845 5906 5907 -1 5845 5907 5846 -1 5846 5907 5908 -1 5846 5908 5847 -1 5847 5908 5909 -1 5847 5909 5848 -1 5848 5909 5910 -1 5848 5910 5849 -1 5849 5910 5911 -1 5849 5911 5850 -1 5850 5911 5912 -1 5850 5912 5851 -1 5851 5912 5913 -1 5851 5913 5852 -1 5852 5913 5914 -1 5852 5914 5853 -1 5853 5914 5915 -1 5853 5915 5854 -1 5854 5915 5916 -1 5854 5916 5855 -1 5855 5916 5917 -1 5855 5917 5856 -1 5856 5917 5918 -1 5856 5918 5857 -1 5857 5918 5919 -1 5857 5919 5858 -1 5858 5919 5920 -1 5858 5920 5859 -1 5859 5920 5921 -1 5859 5921 5860 -1 5860 5921 5922 -1 5860 5922 5861 -1 5861 5922 5923 -1 5861 5923 5862 -1 5862 5923 5924 -1 5862 5924 5863 -1 5863 5924 5925 -1 5863 5925 5864 -1 5864 5925 5926 -1 5864 5926 5865 -1 5865 5926 5927 -1 5865 5927 5866 -1 5866 5927 5928 -1 5866 5928 5867 -1 5867 5928 5929 -1 5867 5929 5868 -1 5868 5929 5930 -1 5868 5930 5869 -1 5869 5930 5931 -1 5869 5931 5870 -1 5870 5931 5932 -1 5870 5932 5871 -1 5871 5932 5933 -1 5871 5933 5872 -1 5872 5933 5934 -1 5872 5934 5873 -1 5873 5934 5935 -1 5873 5935 5874 -1 5874 5935 5936 -1 5874 5936 5875 -1 5875 5936 5937 -1 5875 5937 5876 -1 5876 5937 5938 -1 5876 5938 5877 -1 5877 5938 5939 -1 5877 5939 5878 -1 5878 5939 5940 -1 5878 5940 5879 -1 5879 5940 5941 -1 5879 5941 5880 -1 5880 5941 5942 -1 5880 5942 5881 -1 5881 5942 5943 -1 5881 5943 5882 -1 5882 5943 5944 -1 5882 5944 5883 -1 5883 5944 5945 -1 5883 5945 5884 -1 5884 5945 5946 -1 5884 5946 5885 -1 5885 5946 5947 -1 5885 5947 5886 -1 5886 5947 5948 -1 5886 5948 5887 -1 5887 5948 5949 -1 5887 5949 5888 -1 5888 5949 5950 -1 5888 5950 5889 -1 5889 5950 5951 -1 5889 5951 5890 -1 5890 5951 5952 -1 5890 5952 5891 -1 5891 5952 5953 -1 5891 5953 63 -1 5892 0 5954 -1 5892 5954 5893 -1 5893 5954 5955 -1 5893 5955 5894 -1 5894 5955 5956 -1 5894 5956 5895 -1 5895 5956 5957 -1 5895 5957 5896 -1 5896 5957 5958 -1 5896 5958 5897 -1 5897 5958 5959 -1 5897 5959 5898 -1 5898 5959 5960 -1 5898 5960 5899 -1 5899 5960 5961 -1 5899 5961 5900 -1 5900 5961 5962 -1 5900 5962 5901 -1 5901 5962 5963 -1 5901 5963 5902 -1 5902 5963 5964 -1 5902 5964 5903 -1 5903 5964 5965 -1 5903 5965 5904 -1 5904 5965 5966 -1 5904 5966 5905 -1 5905 5966 5967 -1 5905 5967 5906 -1 5906 5967 5968 -1 5906 5968 5907 -1 5907 5968 5969 -1 5907 5969 5908 -1 5908 5969 5970 -1 5908 5970 5909 -1 5909 5970 5971 -1 5909 5971 5910 -1 5910 5971 5972 -1 5910 5972 5911 -1 5911 5972 5973 -1 5911 5973 5912 -1 5912 5973 5974 -1 5912 5974 5913 -1 5913 5974 5975 -1 5913 5975 5914 -1 5914 5975 5976 -1 5914 5976 5915 -1 5915 5976 5977 -1 5915 5977 5916 -1 5916 5977 5978 -1 5916 5978 5917 -1 5917 5978 5979 -1 5917 5979 5918 -1 5918 5979 5980 -1 5918 5980 5919 -1 5919 5980 5981 -1 5919 5981 5920 -1 5920 5981 5982 -1 5920 5982 5921 -1 5921 5982 5983 -1 5921 5983 5922 -1 5922 5983 5984 -1 5922 5984 5923 -1 5923 5984 5985 -1 5923 5985 5924 -1 5924 5985 5986 -1 5924 5986 5925 -1 5925 5986 5987 -1 5925 5987 5926 -1 5926 5987 5988 -1 5926 5988 5927 -1 5927 5988 5989 -1 5927 5989 5928 -1 5928 5989 5990 -1 5928 5990 5929 -1 5929 5990 5991 -1 5929 5991 5930 -1 5930 5991 5992 -1 5930 5992 5931 -1 5931 5992 5993 -1 5931 5993 5932 -1 5932 5993 5994 -1 5932 5994 5933 -1 5933 5994 5995 -1 5933 5995 5934 -1 5934 5995 5996 -1 5934 5996 5935 -1 5935 5996 5997 -1 5935 5997 5936 -1 5936 5997 5998 -1 5936 5998 5937 -1 5937 5998 5999 -1 5937 5999 5938 -1 5938 5999 6000 -1 5938 6000 5939 -1 5939 6000 6001 -1 5939 6001 5940 -1 5940 6001 6002 -1 5940 6002 5941 -1 5941 6002 6003 -1 5941 6003 5942 -1 5942 6003 6004 -1 5942 6004 5943 -1 5943 6004 6005 -1 5943 6005 5944 -1 5944 6005 6006 -1 5944 6006 5945 -1 5945 6006 6007 -1 5945 6007 5946 -1 5946 6007 6008 -1 5946 6008 5947 -1 5947 6008 6009 -1 5947 6009 5948 -1 5948 6009 6010 -1 5948 6010 5949 -1 5949 6010 6011 -1 5949 6011 5950 -1 5950 6011 6012 -1 5950 6012 5951 -1 5951 6012 6013 -1 5951 6013 5952 -1 5952 6013 6014 -1 5952 6014 5953 -1 5953 6014 6015 -1 5953 6015 63 -1 5954 0 6016 -1 5954 6016 5955 -1 5955 6016 6017 -1 5955 6017 5956 -1 5956 6017 6018 -1 5956 6018 5957 -1 5957 6018 6019 -1 5957 6019 5958 -1 5958 6019 6020 -1 5958 6020 5959 -1 5959 6020 6021 -1 5959 6021 5960 -1 5960 6021 6022 -1 5960 6022 5961 -1 5961 6022 6023 -1 5961 6023 5962 -1 5962 6023 6024 -1 5962 6024 5963 -1 5963 6024 6025 -1 5963 6025 5964 -1 5964 6025 6026 -1 5964 6026 5965 -1 5965 6026 6027 -1 5965 6027 5966 -1 5966 6027 6028 -1 5966 6028 5967 -1 5967 6028 6029 -1 5967 6029 5968 -1 5968 6029 6030 -1 5968 6030 5969 -1 5969 6030 6031 -1 5969 6031 5970 -1 5970 6031 6032 -1 5970 6032 5971 -1 5971 6032 6033 -1 5971 6033 5972 -1 5972 6033 6034 -1 5972 6034 5973 -1 5973 6034 6035 -1 5973 6035 5974 -1 5974 6035 6036 -1 5974 6036 5975 -1 5975 6036 6037 -1 5975 6037 5976 -1 5976 6037 6038 -1 5976 6038 5977 -1 5977 6038 6039 -1 5977 6039 5978 -1 5978 6039 6040 -1 5978 6040 5979 -1 5979 6040 6041 -1 5979 6041 5980 -1 5980 6041 6042 -1 5980 6042 5981 -1 5981 6042 6043 -1 5981 6043 5982 -1 5982 6043 6044 -1 5982 6044 5983 -1 5983 6044 6045 -1 5983 6045 5984 -1 5984 6045 6046 -1 5984 6046 5985 -1 5985 6046 6047 -1 5985 6047 5986 -1 5986 6047 6048 -1 5986 6048 5987 -1 5987 6048 6049 -1 5987 6049 5988 -1 5988 6049 6050 -1 5988 6050 5989 -1 5989 6050 6051 -1 5989 6051 5990 -1 5990 6051 6052 -1 5990 6052 5991 -1 5991 6052 6053 -1 5991 6053 5992 -1 5992 6053 6054 -1 5992 6054 5993 -1 5993 6054 6055 -1 5993 6055 5994 -1 5994 6055 6056 -1 5994 6056 5995 -1 5995 6056 6057 -1 5995 6057 5996 -1 5996 6057 6058 -1 5996 6058 5997 -1 5997 6058 6059 -1 5997 6059 5998 -1 5998 6059 6060 -1 5998 6060 5999 -1 5999 6060 6061 -1 5999 6061 6000 -1 6000 6061 6062 -1 6000 6062 6001 -1 6001 6062 6063 -1 6001 6063 6002 -1 6002 6063 6064 -1 6002 6064 6003 -1 6003 6064 6065 -1 6003 6065 6004 -1 6004 6065 6066 -1 6004 6066 6005 -1 6005 6066 6067 -1 6005 6067 6006 -1 6006 6067 6068 -1 6006 6068 6007 -1 6007 6068 6069 -1 6007 6069 6008 -1 6008 6069 6070 -1 6008 6070 6009 -1 6009 6070 6071 -1 6009 6071 6010 -1 6010 6071 6072 -1 6010 6072 6011 -1 6011 6072 6073 -1 6011 6073 6012 -1 6012 6073 6074 -1 6012 6074 6013 -1 6013 6074 6075 -1 6013 6075 6014 -1 6014 6075 6076 -1 6014 6076 6015 -1 6015 6076 6077 -1 6015 6077 63 -1 6016 0 6078 -1 6016 6078 6017 -1 6017 6078 6079 -1 6017 6079 6018 -1 6018 6079 6080 -1 6018 6080 6019 -1 6019 6080 6081 -1 6019 6081 6020 -1 6020 6081 6082 -1 6020 6082 6021 -1 6021 6082 6083 -1 6021 6083 6022 -1 6022 6083 6084 -1 6022 6084 6023 -1 6023 6084 6085 -1 6023 6085 6024 -1 6024 6085 6086 -1 6024 6086 6025 -1 6025 6086 6087 -1 6025 6087 6026 -1 6026 6087 6088 -1 6026 6088 6027 -1 6027 6088 6089 -1 6027 6089 6028 -1 6028 6089 6090 -1 6028 6090 6029 -1 6029 6090 6091 -1 6029 6091 6030 -1 6030 6091 6092 -1 6030 6092 6031 -1 6031 6092 6093 -1 6031 6093 6032 -1 6032 6093 6094 -1 6032 6094 6033 -1 6033 6094 6095 -1 6033 6095 6034 -1 6034 6095 6096 -1 6034 6096 6035 -1 6035 6096 6097 -1 6035 6097 6036 -1 6036 6097 6098 -1 6036 6098 6037 -1 6037 6098 6099 -1 6037 6099 6038 -1 6038 6099 6100 -1 6038 6100 6039 -1 6039 6100 6101 -1 6039 6101 6040 -1 6040 6101 6102 -1 6040 6102 6041 -1 6041 6102 6103 -1 6041 6103 6042 -1 6042 6103 6104 -1 6042 6104 6043 -1 6043 6104 6105 -1 6043 6105 6044 -1 6044 6105 6106 -1 6044 6106 6045 -1 6045 6106 6107 -1 6045 6107 6046 -1 6046 6107 6108 -1 6046 6108 6047 -1 6047 6108 6109 -1 6047 6109 6048 -1 6048 6109 6110 -1 6048 6110 6049 -1 6049 6110 6111 -1 6049 6111 6050 -1 6050 6111 6112 -1 6050 6112 6051 -1 6051 6112 6113 -1 6051 6113 6052 -1 6052 6113 6114 -1 6052 6114 6053 -1 6053 6114 6115 -1 6053 6115 6054 -1 6054 6115 6116 -1 6054 6116 6055 -1 6055 6116 6117 -1 6055 6117 6056 -1 6056 6117 6118 -1 6056 6118 6057 -1 6057 6118 6119 -1 6057 6119 6058 -1 6058 6119 6120 -1 6058 6120 6059 -1 6059 6120 6121 -1 6059 6121 6060 -1 6060 6121 6122 -1 6060 6122 6061 -1 6061 6122 6123 -1 6061 6123 6062 -1 6062 6123 6124 -1 6062 6124 6063 -1 6063 6124 6125 -1 6063 6125 6064 -1 6064 6125 6126 -1 6064 6126 6065 -1 6065 6126 6127 -1 6065 6127 6066 -1 6066 6127 6128 -1 6066 6128 6067 -1 6067 6128 6129 -1 6067 6129 6068 -1 6068 6129 6130 -1 6068 6130 6069 -1 6069 6130 6131 -1 6069 6131 6070 -1 6070 6131 6132 -1 6070 6132 6071 -1 6071 6132 6133 -1 6071 6133 6072 -1 6072 6133 6134 -1 6072 6134 6073 -1 6073 6134 6135 -1 6073 6135 6074 -1 6074 6135 6136 -1 6074 6136 6075 -1 6075 6136 6137 -1 6075 6137 6076 -1 6076 6137 6138 -1 6076 6138 6077 -1 6077 6138 6139 -1 6077 6139 63 -1 6078 0 6140 -1 6078 6140 6079 -1 6079 6140 6141 -1 6079 6141 6080 -1 6080 6141 6142 -1 6080 6142 6081 -1 6081 6142 6143 -1 6081 6143 6082 -1 6082 6143 6144 -1 6082 6144 6083 -1 6083 6144 6145 -1 6083 6145 6084 -1 6084 6145 6146 -1 6084 6146 6085 -1 6085 6146 6147 -1 6085 6147 6086 -1 6086 6147 6148 -1 6086 6148 6087 -1 6087 6148 6149 -1 6087 6149 6088 -1 6088 6149 6150 -1 6088 6150 6089 -1 6089 6150 6151 -1 6089 6151 6090 -1 6090 6151 6152 -1 6090 6152 6091 -1 6091 6152 6153 -1 6091 6153 6092 -1 6092 6153 6154 -1 6092 6154 6093 -1 6093 6154 6155 -1 6093 6155 6094 -1 6094 6155 6156 -1 6094 6156 6095 -1 6095 6156 6157 -1 6095 6157 6096 -1 6096 6157 6158 -1 6096 6158 6097 -1 6097 6158 6159 -1 6097 6159 6098 -1 6098 6159 6160 -1 6098 6160 6099 -1 6099 6160 6161 -1 6099 6161 6100 -1 6100 6161 6162 -1 6100 6162 6101 -1 6101 6162 6163 -1 6101 6163 6102 -1 6102 6163 6164 -1 6102 6164 6103 -1 6103 6164 6165 -1 6103 6165 6104 -1 6104 6165 6166 -1 6104 6166 6105 -1 6105 6166 6167 -1 6105 6167 6106 -1 6106 6167 6168 -1 6106 6168 6107 -1 6107 6168 6169 -1 6107 6169 6108 -1 6108 6169 6170 -1 6108 6170 6109 -1 6109 6170 6171 -1 6109 6171 6110 -1 6110 6171 6172 -1 6110 6172 6111 -1 6111 6172 6173 -1 6111 6173 6112 -1 6112 6173 6174 -1 6112 6174 6113 -1 6113 6174 6175 -1 6113 6175 6114 -1 6114 6175 6176 -1 6114 6176 6115 -1 6115 6176 6177 -1 6115 6177 6116 -1 6116 6177 6178 -1 6116 6178 6117 -1 6117 6178 6179 -1 6117 6179 6118 -1 6118 6179 6180 -1 6118 6180 6119 -1 6119 6180 6181 -1 6119 6181 6120 -1 6120 6181 6182 -1 6120 6182 6121 -1 6121 6182 6183 -1 6121 6183 6122 -1 6122 6183 6184 -1 6122 6184 6123 -1 6123 6184 6185 -1 6123 6185 6124 -1 6124 6185 6186 -1 6124 6186 6125 -1 6125 6186 6187 -1 6125 6187 6126 -1 6126 6187 6188 -1 6126 6188 6127 -1 6127 6188 6189 -1 6127 6189 6128 -1 6128 6189 6190 -1 6128 6190 6129 -1 6129 6190 6191 -1 6129 6191 6130 -1 6130 6191 6192 -1 6130 6192 6131 -1 6131 6192 6193 -1 6131 6193 6132 -1 6132 6193 6194 -1 6132 6194 6133 -1 6133 6194 6195 -1 6133 6195 6134 -1 6134 6195 6196 -1 6134 6196 6135 -1 6135 6196 6197 -1 6135 6197 6136 -1 6136 6197 6198 -1 6136 6198 6137 -1 6137 6198 6199 -1 6137 6199 6138 -1 6138 6199 6200 -1 6138 6200 6139 -1 6139 6200 6201 -1 6139 6201 63 -1 6140 0 6202 -1 6140 6202 6141 -1 6141 6202 6203 -1 6141 6203 6142 -1 6142 6203 6204 -1 6142 6204 6143 -1 6143 6204 6205 -1 6143 6205 6144 -1 6144 6205 6206 -1 6144 6206 6145 -1 6145 6206 6207 -1 6145 6207 6146 -1 6146 6207 6208 -1 6146 6208 6147 -1 6147 6208 6209 -1 6147 6209 6148 -1 6148 6209 6210 -1 6148 6210 6149 -1 6149 6210 6211 -1 6149 6211 6150 -1 6150 6211 6212 -1 6150 6212 6151 -1 6151 6212 6213 -1 6151 6213 6152 -1 6152 6213 6214 -1 6152 6214 6153 -1 6153 6214 6215 -1 6153 6215 6154 -1 6154 6215 6216 -1 6154 6216 6155 -1 6155 6216 6217 -1 6155 6217 6156 -1 6156 6217 6218 -1 6156 6218 6157 -1 6157 6218 6219 -1 6157 6219 6158 -1 6158 6219 6220 -1 6158 6220 6159 -1 6159 6220 6221 -1 6159 6221 6160 -1 6160 6221 6222 -1 6160 6222 6161 -1 6161 6222 6223 -1 6161 6223 6162 -1 6162 6223 6224 -1 6162 6224 6163 -1 6163 6224 6225 -1 6163 6225 6164 -1 6164 6225 6226 -1 6164 6226 6165 -1 6165 6226 6227 -1 6165 6227 6166 -1 6166 6227 6228 -1 6166 6228 6167 -1 6167 6228 6229 -1 6167 6229 6168 -1 6168 6229 6230 -1 6168 6230 6169 -1 6169 6230 6231 -1 6169 6231 6170 -1 6170 6231 6232 -1 6170 6232 6171 -1 6171 6232 6233 -1 6171 6233 6172 -1 6172 6233 6234 -1 6172 6234 6173 -1 6173 6234 6235 -1 6173 6235 6174 -1 6174 6235 6236 -1 6174 6236 6175 -1 6175 6236 6237 -1 6175 6237 6176 -1 6176 6237 6238 -1 6176 6238 6177 -1 6177 6238 6239 -1 6177 6239 6178 -1 6178 6239 6240 -1 6178 6240 6179 -1 6179 6240 6241 -1 6179 6241 6180 -1 6180 6241 6242 -1 6180 6242 6181 -1 6181 6242 6243 -1 6181 6243 6182 -1 6182 6243 6244 -1 6182 6244 6183 -1 6183 6244 6245 -1 6183 6245 6184 -1 6184 6245 6246 -1 6184 6246 6185 -1 6185 6246 6247 -1 6185 6247 6186 -1 6186 6247 6248 -1 6186 6248 6187 -1 6187 6248 6249 -1 6187 6249 6188 -1 6188 6249 6250 -1 6188 6250 6189 -1 6189 6250 6251 -1 6189 6251 6190 -1 6190 6251 6252 -1 6190 6252 6191 -1 6191 6252 6253 -1 6191 6253 6192 -1 6192 6253 6254 -1 6192 6254 6193 -1 6193 6254 6255 -1 6193 6255 6194 -1 6194 6255 6256 -1 6194 6256 6195 -1 6195 6256 6257 -1 6195 6257 6196 -1 6196 6257 6258 -1 6196 6258 6197 -1 6197 6258 6259 -1 6197 6259 6198 -1 6198 6259 6260 -1 6198 6260 6199 -1 6199 6260 6261 -1 6199 6261 6200 -1 6200 6261 6262 -1 6200 6262 6201 -1 6201 6262 6263 -1 6201 6263 63 -1 6202 0 6264 -1 6202 6264 6203 -1 6203 6264 6265 -1 6203 6265 6204 -1 6204 6265 6266 -1 6204 6266 6205 -1 6205 6266 6267 -1 6205 6267 6206 -1 6206 6267 6268 -1 6206 6268 6207 -1 6207 6268 6269 -1 6207 6269 6208 -1 6208 6269 6270 -1 6208 6270 6209 -1 6209 6270 6271 -1 6209 6271 6210 -1 6210 6271 6272 -1 6210 6272 6211 -1 6211 6272 6273 -1 6211 6273 6212 -1 6212 6273 6274 -1 6212 6274 6213 -1 6213 6274 6275 -1 6213 6275 6214 -1 6214 6275 6276 -1 6214 6276 6215 -1 6215 6276 6277 -1 6215 6277 6216 -1 6216 6277 6278 -1 6216 6278 6217 -1 6217 6278 6279 -1 6217 6279 6218 -1 6218 6279 6280 -1 6218 6280 6219 -1 6219 6280 6281 -1 6219 6281 6220 -1 6220 6281 6282 -1 6220 6282 6221 -1 6221 6282 6283 -1 6221 6283 6222 -1 6222 6283 6284 -1 6222 6284 6223 -1 6223 6284 6285 -1 6223 6285 6224 -1 6224 6285 6286 -1 6224 6286 6225 -1 6225 6286 6287 -1 6225 6287 6226 -1 6226 6287 6288 -1 6226 6288 6227 -1 6227 6288 6289 -1 6227 6289 6228 -1 6228 6289 6290 -1 6228 6290 6229 -1 6229 6290 6291 -1 6229 6291 6230 -1 6230 6291 6292 -1 6230 6292 6231 -1 6231 6292 6293 -1 6231 6293 6232 -1 6232 6293 6294 -1 6232 6294 6233 -1 6233 6294 6295 -1 6233 6295 6234 -1 6234 6295 6296 -1 6234 6296 6235 -1 6235 6296 6297 -1 6235 6297 6236 -1 6236 6297 6298 -1 6236 6298 6237 -1 6237 6298 6299 -1 6237 6299 6238 -1 6238 6299 6300 -1 6238 6300 6239 -1 6239 6300 6301 -1 6239 6301 6240 -1 6240 6301 6302 -1 6240 6302 6241 -1 6241 6302 6303 -1 6241 6303 6242 -1 6242 6303 6304 -1 6242 6304 6243 -1 6243 6304 6305 -1 6243 6305 6244 -1 6244 6305 6306 -1 6244 6306 6245 -1 6245 6306 6307 -1 6245 6307 6246 -1 6246 6307 6308 -1 6246 6308 6247 -1 6247 6308 6309 -1 6247 6309 6248 -1 6248 6309 6310 -1 6248 6310 6249 -1 6249 6310 6311 -1 6249 6311 6250 -1 6250 6311 6312 -1 6250 6312 6251 -1 6251 6312 6313 -1 6251 6313 6252 -1 6252 6313 6314 -1 6252 6314 6253 -1 6253 6314 6315 -1 6253 6315 6254 -1 6254 6315 6316 -1 6254 6316 6255 -1 6255 6316 6317 -1 6255 6317 6256 -1 6256 6317 6318 -1 6256 6318 6257 -1 6257 6318 6319 -1 6257 6319 6258 -1 6258 6319 6320 -1 6258 6320 6259 -1 6259 6320 6321 -1 6259 6321 6260 -1 6260 6321 6322 -1 6260 6322 6261 -1 6261 6322 6323 -1 6261 6323 6262 -1 6262 6323 6324 -1 6262 6324 6263 -1 6263 6324 6325 -1 6263 6325 63 -1 6264 0 6326 -1 6264 6326 6265 -1 6265 6326 6327 -1 6265 6327 6266 -1 6266 6327 6328 -1 6266 6328 6267 -1 6267 6328 6329 -1 6267 6329 6268 -1 6268 6329 6330 -1 6268 6330 6269 -1 6269 6330 6331 -1 6269 6331 6270 -1 6270 6331 6332 -1 6270 6332 6271 -1 6271 6332 6333 -1 6271 6333 6272 -1 6272 6333 6334 -1 6272 6334 6273 -1 6273 6334 6335 -1 6273 6335 6274 -1 6274 6335 6336 -1 6274 6336 6275 -1 6275 6336 6337 -1 6275 6337 6276 -1 6276 6337 6338 -1 6276 6338 6277 -1 6277 6338 6339 -1 6277 6339 6278 -1 6278 6339 6340 -1 6278 6340 6279 -1 6279 6340 6341 -1 6279 6341 6280 -1 6280 6341 6342 -1 6280 6342 6281 -1 6281 6342 6343 -1 6281 6343 6282 -1 6282 6343 6344 -1 6282 6344 6283 -1 6283 6344 6345 -1 6283 6345 6284 -1 6284 6345 6346 -1 6284 6346 6285 -1 6285 6346 6347 -1 6285 6347 6286 -1 6286 6347 6348 -1 6286 6348 6287 -1 6287 6348 6349 -1 6287 6349 6288 -1 6288 6349 6350 -1 6288 6350 6289 -1 6289 6350 6351 -1 6289 6351 6290 -1 6290 6351 6352 -1 6290 6352 6291 -1 6291 6352 6353 -1 6291 6353 6292 -1 6292 6353 6354 -1 6292 6354 6293 -1 6293 6354 6355 -1 6293 6355 6294 -1 6294 6355 6356 -1 6294 6356 6295 -1 6295 6356 6357 -1 6295 6357 6296 -1 6296 6357 6358 -1 6296 6358 6297 -1 6297 6358 6359 -1 6297 6359 6298 -1 6298 6359 6360 -1 6298 6360 6299 -1 6299 6360 6361 -1 6299 6361 6300 -1 6300 6361 6362 -1 6300 6362 6301 -1 6301 6362 6363 -1 6301 6363 6302 -1 6302 6363 6364 -1 6302 6364 6303 -1 6303 6364 6365 -1 6303 6365 6304 -1 6304 6365 6366 -1 6304 6366 6305 -1 6305 6366 6367 -1 6305 6367 6306 -1 6306 6367 6368 -1 6306 6368 6307 -1 6307 6368 6369 -1 6307 6369 6308 -1 6308 6369 6370 -1 6308 6370 6309 -1 6309 6370 6371 -1 6309 6371 6310 -1 6310 6371 6372 -1 6310 6372 6311 -1 6311 6372 6373 -1 6311 6373 6312 -1 6312 6373 6374 -1 6312 6374 6313 -1 6313 6374 6375 -1 6313 6375 6314 -1 6314 6375 6376 -1 6314 6376 6315 -1 6315 6376 6377 -1 6315 6377 6316 -1 6316 6377 6378 -1 6316 6378 6317 -1 6317 6378 6379 -1 6317 6379 6318 -1 6318 6379 6380 -1 6318 6380 6319 -1 6319 6380 6381 -1 6319 6381 6320 -1 6320 6381 6382 -1 6320 6382 6321 -1 6321 6382 6383 -1 6321 6383 6322 -1 6322 6383 6384 -1 6322 6384 6323 -1 6323 6384 6385 -1 6323 6385 6324 -1 6324 6385 6386 -1 6324 6386 6325 -1 6325 6386 6387 -1 6325 6387 63 -1 6326 0 6388 -1 6326 6388 6327 -1 6327 6388 6389 -1 6327 6389 6328 -1 6328 6389 6390 -1 6328 6390 6329 -1 6329 6390 6391 -1 6329 6391 6330 -1 6330 6391 6392 -1 6330 6392 6331 -1 6331 6392 6393 -1 6331 6393 6332 -1 6332 6393 6394 -1 6332 6394 6333 -1 6333 6394 6395 -1 6333 6395 6334 -1 6334 6395 6396 -1 6334 6396 6335 -1 6335 6396 6397 -1 6335 6397 6336 -1 6336 6397 6398 -1 6336 6398 6337 -1 6337 6398 6399 -1 6337 6399 6338 -1 6338 6399 6400 -1 6338 6400 6339 -1 6339 6400 6401 -1 6339 6401 6340 -1 6340 6401 6402 -1 6340 6402 6341 -1 6341 6402 6403 -1 6341 6403 6342 -1 6342 6403 6404 -1 6342 6404 6343 -1 6343 6404 6405 -1 6343 6405 6344 -1 6344 6405 6406 -1 6344 6406 6345 -1 6345 6406 6407 -1 6345 6407 6346 -1 6346 6407 6408 -1 6346 6408 6347 -1 6347 6408 6409 -1 6347 6409 6348 -1 6348 6409 6410 -1 6348 6410 6349 -1 6349 6410 6411 -1 6349 6411 6350 -1 6350 6411 6412 -1 6350 6412 6351 -1 6351 6412 6413 -1 6351 6413 6352 -1 6352 6413 6414 -1 6352 6414 6353 -1 6353 6414 6415 -1 6353 6415 6354 -1 6354 6415 6416 -1 6354 6416 6355 -1 6355 6416 6417 -1 6355 6417 6356 -1 6356 6417 6418 -1 6356 6418 6357 -1 6357 6418 6419 -1 6357 6419 6358 -1 6358 6419 6420 -1 6358 6420 6359 -1 6359 6420 6421 -1 6359 6421 6360 -1 6360 6421 6422 -1 6360 6422 6361 -1 6361 6422 6423 -1 6361 6423 6362 -1 6362 6423 6424 -1 6362 6424 6363 -1 6363 6424 6425 -1 6363 6425 6364 -1 6364 6425 6426 -1 6364 6426 6365 -1 6365 6426 6427 -1 6365 6427 6366 -1 6366 6427 6428 -1 6366 6428 6367 -1 6367 6428 6429 -1 6367 6429 6368 -1 6368 6429 6430 -1 6368 6430 6369 -1 6369 6430 6431 -1 6369 6431 6370 -1 6370 6431 6432 -1 6370 6432 6371 -1 6371 6432 6433 -1 6371 6433 6372 -1 6372 6433 6434 -1 6372 6434 6373 -1 6373 6434 6435 -1 6373 6435 6374 -1 6374 6435 6436 -1 6374 6436 6375 -1 6375 6436 6437 -1 6375 6437 6376 -1 6376 6437 6438 -1 6376 6438 6377 -1 6377 6438 6439 -1 6377 6439 6378 -1 6378 6439 6440 -1 6378 6440 6379 -1 6379 6440 6441 -1 6379 6441 6380 -1 6380 6441 6442 -1 6380 6442 6381 -1 6381 6442 6443 -1 6381 6443 6382 -1 6382 6443 6444 -1 6382 6444 6383 -1 6383 6444 6445 -1 6383 6445 6384 -1 6384 6445 6446 -1 6384 6446 6385 -1 6385 6446 6447 -1 6385 6447 6386 -1 6386 6447 6448 -1 6386 6448 6387 -1 6387 6448 6449 -1 6387 6449 63 -1 6388 0 6450 -1 6388 6450 6389 -1 6389 6450 6451 -1 6389 6451 6390 -1 6390 6451 6452 -1 6390 6452 6391 -1 6391 6452 6453 -1 6391 6453 6392 -1 6392 6453 6454 -1 6392 6454 6393 -1 6393 6454 6455 -1 6393 6455 6394 -1 6394 6455 6456 -1 6394 6456 6395 -1 6395 6456 6457 -1 6395 6457 6396 -1 6396 6457 6458 -1 6396 6458 6397 -1 6397 6458 6459 -1 6397 6459 6398 -1 6398 6459 6460 -1 6398 6460 6399 -1 6399 6460 6461 -1 6399 6461 6400 -1 6400 6461 6462 -1 6400 6462 6401 -1 6401 6462 6463 -1 6401 6463 6402 -1 6402 6463 6464 -1 6402 6464 6403 -1 6403 6464 6465 -1 6403 6465 6404 -1 6404 6465 6466 -1 6404 6466 6405 -1 6405 6466 6467 -1 6405 6467 6406 -1 6406 6467 6468 -1 6406 6468 6407 -1 6407 6468 6469 -1 6407 6469 6408 -1 6408 6469 6470 -1 6408 6470 6409 -1 6409 6470 6471 -1 6409 6471 6410 -1 6410 6471 6472 -1 6410 6472 6411 -1 6411 6472 6473 -1 6411 6473 6412 -1 6412 6473 6474 -1 6412 6474 6413 -1 6413 6474 6475 -1 6413 6475 6414 -1 6414 6475 6476 -1 6414 6476 6415 -1 6415 6476 6477 -1 6415 6477 6416 -1 6416 6477 6478 -1 6416 6478 6417 -1 6417 6478 6479 -1 6417 6479 6418 -1 6418 6479 6480 -1 6418 6480 6419 -1 6419 6480 6481 -1 6419 6481 6420 -1 6420 6481 6482 -1 6420 6482 6421 -1 6421 6482 6483 -1 6421 6483 6422 -1 6422 6483 6484 -1 6422 6484 6423 -1 6423 6484 6485 -1 6423 6485 6424 -1 6424 6485 6486 -1 6424 6486 6425 -1 6425 6486 6487 -1 6425 6487 6426 -1 6426 6487 6488 -1 6426 6488 6427 -1 6427 6488 6489 -1 6427 6489 6428 -1 6428 6489 6490 -1 6428 6490 6429 -1 6429 6490 6491 -1 6429 6491 6430 -1 6430 6491 6492 -1 6430 6492 6431 -1 6431 6492 6493 -1 6431 6493 6432 -1 6432 6493 6494 -1 6432 6494 6433 -1 6433 6494 6495 -1 6433 6495 6434 -1 6434 6495 6496 -1 6434 6496 6435 -1 6435 6496 6497 -1 6435 6497 6436 -1 6436 6497 6498 -1 6436 6498 6437 -1 6437 6498 6499 -1 6437 6499 6438 -1 6438 6499 6500 -1 6438 6500 6439 -1 6439 6500 6501 -1 6439 6501 6440 -1 6440 6501 6502 -1 6440 6502 6441 -1 6441 6502 6503 -1 6441 6503 6442 -1 6442 6503 6504 -1 6442 6504 6443 -1 6443 6504 6505 -1 6443 6505 6444 -1 6444 6505 6506 -1 6444 6506 6445 -1 6445 6506 6507 -1 6445 6507 6446 -1 6446 6507 6508 -1 6446 6508 6447 -1 6447 6508 6509 -1 6447 6509 6448 -1 6448 6509 6510 -1 6448 6510 6449 -1 6449 6510 6511 -1 6449 6511 63 -1 6450 0 6512 -1 6450 6512 6451 -1 6451 6512 6513 -1 6451 6513 6452 -1 6452 6513 6514 -1 6452 6514 6453 -1 6453 6514 6515 -1 6453 6515 6454 -1 6454 6515 6516 -1 6454 6516 6455 -1 6455 6516 6517 -1 6455 6517 6456 -1 6456 6517 6518 -1 6456 6518 6457 -1 6457 6518 6519 -1 6457 6519 6458 -1 6458 6519 6520 -1 6458 6520 6459 -1 6459 6520 6521 -1 6459 6521 6460 -1 6460 6521 6522 -1 6460 6522 6461 -1 6461 6522 6523 -1 6461 6523 6462 -1 6462 6523 6524 -1 6462 6524 6463 -1 6463 6524 6525 -1 6463 6525 6464 -1 6464 6525 6526 -1 6464 6526 6465 -1 6465 6526 6527 -1 6465 6527 6466 -1 6466 6527 6528 -1 6466 6528 6467 -1 6467 6528 6529 -1 6467 6529 6468 -1 6468 6529 6530 -1 6468 6530 6469 -1 6469 6530 6531 -1 6469 6531 6470 -1 6470 6531 6532 -1 6470 6532 6471 -1 6471 6532 6533 -1 6471 6533 6472 -1 6472 6533 6534 -1 6472 6534 6473 -1 6473 6534 6535 -1 6473 6535 6474 -1 6474 6535 6536 -1 6474 6536 6475 -1 6475 6536 6537 -1 6475 6537 6476 -1 6476 6537 6538 -1 6476 6538 6477 -1 6477 6538 6539 -1 6477 6539 6478 -1 6478 6539 6540 -1 6478 6540 6479 -1 6479 6540 6541 -1 6479 6541 6480 -1 6480 6541 6542 -1 6480 6542 6481 -1 6481 6542 6543 -1 6481 6543 6482 -1 6482 6543 6544 -1 6482 6544 6483 -1 6483 6544 6545 -1 6483 6545 6484 -1 6484 6545 6546 -1 6484 6546 6485 -1 6485 6546 6547 -1 6485 6547 6486 -1 6486 6547 6548 -1 6486 6548 6487 -1 6487 6548 6549 -1 6487 6549 6488 -1 6488 6549 6550 -1 6488 6550 6489 -1 6489 6550 6551 -1 6489 6551 6490 -1 6490 6551 6552 -1 6490 6552 6491 -1 6491 6552 6553 -1 6491 6553 6492 -1 6492 6553 6554 -1 6492 6554 6493 -1 6493 6554 6555 -1 6493 6555 6494 -1 6494 6555 6556 -1 6494 6556 6495 -1 6495 6556 6557 -1 6495 6557 6496 -1 6496 6557 6558 -1 6496 6558 6497 -1 6497 6558 6559 -1 6497 6559 6498 -1 6498 6559 6560 -1 6498 6560 6499 -1 6499 6560 6561 -1 6499 6561 6500 -1 6500 6561 6562 -1 6500 6562 6501 -1 6501 6562 6563 -1 6501 6563 6502 -1 6502 6563 6564 -1 6502 6564 6503 -1 6503 6564 6565 -1 6503 6565 6504 -1 6504 6565 6566 -1 6504 6566 6505 -1 6505 6566 6567 -1 6505 6567 6506 -1 6506 6567 6568 -1 6506 6568 6507 -1 6507 6568 6569 -1 6507 6569 6508 -1 6508 6569 6570 -1 6508 6570 6509 -1 6509 6570 6571 -1 6509 6571 6510 -1 6510 6571 6572 -1 6510 6572 6511 -1 6511 6572 6573 -1 6511 6573 63 -1 6512 0 6574 -1 6512 6574 6513 -1 6513 6574 6575 -1 6513 6575 6514 -1 6514 6575 6576 -1 6514 6576 6515 -1 6515 6576 6577 -1 6515 6577 6516 -1 6516 6577 6578 -1 6516 6578 6517 -1 6517 6578 6579 -1 6517 6579 6518 -1 6518 6579 6580 -1 6518 6580 6519 -1 6519 6580 6581 -1 6519 6581 6520 -1 6520 6581 6582 -1 6520 6582 6521 -1 6521 6582 6583 -1 6521 6583 6522 -1 6522 6583 6584 -1 6522 6584 6523 -1 6523 6584 6585 -1 6523 6585 6524 -1 6524 6585 6586 -1 6524 6586 6525 -1 6525 6586 6587 -1 6525 6587 6526 -1 6526 6587 6588 -1 6526 6588 6527 -1 6527 6588 6589 -1 6527 6589 6528 -1 6528 6589 6590 -1 6528 6590 6529 -1 6529 6590 6591 -1 6529 6591 6530 -1 6530 6591 6592 -1 6530 6592 6531 -1 6531 6592 6593 -1 6531 6593 6532 -1 6532 6593 6594 -1 6532 6594 6533 -1 6533 6594 6595 -1 6533 6595 6534 -1 6534 6595 6596 -1 6534 6596 6535 -1 6535 6596 6597 -1 6535 6597 6536 -1 6536 6597 6598 -1 6536 6598 6537 -1 6537 6598 6599 -1 6537 6599 6538 -1 6538 6599 6600 -1 6538 6600 6539 -1 6539 6600 6601 -1 6539 6601 6540 -1 6540 6601 6602 -1 6540 6602 6541 -1 6541 6602 6603 -1 6541 6603 6542 -1 6542 6603 6604 -1 6542 6604 6543 -1 6543 6604 6605 -1 6543 6605 6544 -1 6544 6605 6606 -1 6544 6606 6545 -1 6545 6606 6607 -1 6545 6607 6546 -1 6546 6607 6608 -1 6546 6608 6547 -1 6547 6608 6609 -1 6547 6609 6548 -1 6548 6609 6610 -1 6548 6610 6549 -1 6549 6610 6611 -1 6549 6611 6550 -1 6550 6611 6612 -1 6550 6612 6551 -1 6551 6612 6613 -1 6551 6613 6552 -1 6552 6613 6614 -1 6552 6614 6553 -1 6553 6614 6615 -1 6553 6615 6554 -1 6554 6615 6616 -1 6554 6616 6555 -1 6555 6616 6617 -1 6555 6617 6556 -1 6556 6617 6618 -1 6556 6618 6557 -1 6557 6618 6619 -1 6557 6619 6558 -1 6558 6619 6620 -1 6558 6620 6559 -1 6559 6620 6621 -1 6559 6621 6560 -1 6560 6621 6622 -1 6560 6622 6561 -1 6561 6622 6623 -1 6561 6623 6562 -1 6562 6623 6624 -1 6562 6624 6563 -1 6563 6624 6625 -1 6563 6625 6564 -1 6564 6625 6626 -1 6564 6626 6565 -1 6565 6626 6627 -1 6565 6627 6566 -1 6566 6627 6628 -1 6566 6628 6567 -1 6567 6628 6629 -1 6567 6629 6568 -1 6568 6629 6630 -1 6568 6630 6569 -1 6569 6630 6631 -1 6569 6631 6570 -1 6570 6631 6632 -1 6570 6632 6571 -1 6571 6632 6633 -1 6571 6633 6572 -1 6572 6633 6634 -1 6572 6634 6573 -1 6573 6634 6635 -1 6573 6635 63 -1 6574 0 6636 -1 6574 6636 6575 -1 6575 6636 6637 -1 6575 6637 6576 -1 6576 6637 6638 -1 6576 6638 6577 -1 6577 6638 6639 -1 6577 6639 6578 -1 6578 6639 6640 -1 6578 6640 6579 -1 6579 6640 6641 -1 6579 6641 6580 -1 6580 6641 6642 -1 6580 6642 6581 -1 6581 6642 6643 -1 6581 6643 6582 -1 6582 6643 6644 -1 6582 6644 6583 -1 6583 6644 6645 -1 6583 6645 6584 -1 6584 6645 6646 -1 6584 6646 6585 -1 6585 6646 6647 -1 6585 6647 6586 -1 6586 6647 6648 -1 6586 6648 6587 -1 6587 6648 6649 -1 6587 6649 6588 -1 6588 6649 6650 -1 6588 6650 6589 -1 6589 6650 6651 -1 6589 6651 6590 -1 6590 6651 6652 -1 6590 6652 6591 -1 6591 6652 6653 -1 6591 6653 6592 -1 6592 6653 6654 -1 6592 6654 6593 -1 6593 6654 6655 -1 6593 6655 6594 -1 6594 6655 6656 -1 6594 6656 6595 -1 6595 6656 6657 -1 6595 6657 6596 -1 6596 6657 6658 -1 6596 6658 6597 -1 6597 6658 6659 -1 6597 6659 6598 -1 6598 6659 6660 -1 6598 6660 6599 -1 6599 6660 6661 -1 6599 6661 6600 -1 6600 6661 6662 -1 6600 6662 6601 -1 6601 6662 6663 -1 6601 6663 6602 -1 6602 6663 6664 -1 6602 6664 6603 -1 6603 6664 6665 -1 6603 6665 6604 -1 6604 6665 6666 -1 6604 6666 6605 -1 6605 6666 6667 -1 6605 6667 6606 -1 6606 6667 6668 -1 6606 6668 6607 -1 6607 6668 6669 -1 6607 6669 6608 -1 6608 6669 6670 -1 6608 6670 6609 -1 6609 6670 6671 -1 6609 6671 6610 -1 6610 6671 6672 -1 6610 6672 6611 -1 6611 6672 6673 -1 6611 6673 6612 -1 6612 6673 6674 -1 6612 6674 6613 -1 6613 6674 6675 -1 6613 6675 6614 -1 6614 6675 6676 -1 6614 6676 6615 -1 6615 6676 6677 -1 6615 6677 6616 -1 6616 6677 6678 -1 6616 6678 6617 -1 6617 6678 6679 -1 6617 6679 6618 -1 6618 6679 6680 -1 6618 6680 6619 -1 6619 6680 6681 -1 6619 6681 6620 -1 6620 6681 6682 -1 6620 6682 6621 -1 6621 6682 6683 -1 6621 6683 6622 -1 6622 6683 6684 -1 6622 6684 6623 -1 6623 6684 6685 -1 6623 6685 6624 -1 6624 6685 6686 -1 6624 6686 6625 -1 6625 6686 6687 -1 6625 6687 6626 -1 6626 6687 6688 -1 6626 6688 6627 -1 6627 6688 6689 -1 6627 6689 6628 -1 6628 6689 6690 -1 6628 6690 6629 -1 6629 6690 6691 -1 6629 6691 6630 -1 6630 6691 6692 -1 6630 6692 6631 -1 6631 6692 6693 -1 6631 6693 6632 -1 6632 6693 6694 -1 6632 6694 6633 -1 6633 6694 6695 -1 6633 6695 6634 -1 6634 6695 6696 -1 6634 6696 6635 -1 6635 6696 6697 -1 6635 6697 63 -1 6636 0 6698 -1 6636 6698 6637 -1 6637 6698 6699 -1 6637 6699 6638 -1 6638 6699 6700 -1 6638 6700 6639 -1 6639 6700 6701 -1 6639 6701 6640 -1 6640 6701 6702 -1 6640 6702 6641 -1 6641 6702 6703 -1 6641 6703 6642 -1 6642 6703 6704 -1 6642 6704 6643 -1 6643 6704 6705 -1 6643 6705 6644 -1 6644 6705 6706 -1 6644 6706 6645 -1 6645 6706 6707 -1 6645 6707 6646 -1 6646 6707 6708 -1 6646 6708 6647 -1 6647 6708 6709 -1 6647 6709 6648 -1 6648 6709 6710 -1 6648 6710 6649 -1 6649 6710 6711 -1 6649 6711 6650 -1 6650 6711 6712 -1 6650 6712 6651 -1 6651 6712 6713 -1 6651 6713 6652 -1 6652 6713 6714 -1 6652 6714 6653 -1 6653 6714 6715 -1 6653 6715 6654 -1 6654 6715 6716 -1 6654 6716 6655 -1 6655 6716 6717 -1 6655 6717 6656 -1 6656 6717 6718 -1 6656 6718 6657 -1 6657 6718 6719 -1 6657 6719 6658 -1 6658 6719 6720 -1 6658 6720 6659 -1 6659 6720 6721 -1 6659 6721 6660 -1 6660 6721 6722 -1 6660 6722 6661 -1 6661 6722 6723 -1 6661 6723 6662 -1 6662 6723 6724 -1 6662 6724 6663 -1 6663 6724 6725 -1 6663 6725 6664 -1 6664 6725 6726 -1 6664 6726 6665 -1 6665 6726 6727 -1 6665 6727 6666 -1 6666 6727 6728 -1 6666 6728 6667 -1 6667 6728 6729 -1 6667 6729 6668 -1 6668 6729 6730 -1 6668 6730 6669 -1 6669 6730 6731 -1 6669 6731 6670 -1 6670 6731 6732 -1 6670 6732 6671 -1 6671 6732 6733 -1 6671 6733 6672 -1 6672 6733 6734 -1 6672 6734 6673 -1 6673 6734 6735 -1 6673 6735 6674 -1 6674 6735 6736 -1 6674 6736 6675 -1 6675 6736 6737 -1 6675 6737 6676 -1 6676 6737 6738 -1 6676 6738 6677 -1 6677 6738 6739 -1 6677 6739 6678 -1 6678 6739 6740 -1 6678 6740 6679 -1 6679 6740 6741 -1 6679 6741 6680 -1 6680 6741 6742 -1 6680 6742 6681 -1 6681 6742 6743 -1 6681 6743 6682 -1 6682 6743 6744 -1 6682 6744 6683 -1 6683 6744 6745 -1 6683 6745 6684 -1 6684 6745 6746 -1 6684 6746 6685 -1 6685 6746 6747 -1 6685 6747 6686 -1 6686 6747 6748 -1 6686 6748 6687 -1 6687 6748 6749 -1 6687 6749 6688 -1 6688 6749 6750 -1 6688 6750 6689 -1 6689 6750 6751 -1 6689 6751 6690 -1 6690 6751 6752 -1 6690 6752 6691 -1 6691 6752 6753 -1 6691 6753 6692 -1 6692 6753 6754 -1 6692 6754 6693 -1 6693 6754 6755 -1 6693 6755 6694 -1 6694 6755 6756 -1 6694 6756 6695 -1 6695 6756 6757 -1 6695 6757 6696 -1 6696 6757 6758 -1 6696 6758 6697 -1 6697 6758 6759 -1 6697 6759 63 -1 6698 0 6760 -1 6698 6760 6699 -1 6699 6760 6761 -1 6699 6761 6700 -1 6700 6761 6762 -1 6700 6762 6701 -1 6701 6762 6763 -1 6701 6763 6702 -1 6702 6763 6764 -1 6702 6764 6703 -1 6703 6764 6765 -1 6703 6765 6704 -1 6704 6765 6766 -1 6704 6766 6705 -1 6705 6766 6767 -1 6705 6767 6706 -1 6706 6767 6768 -1 6706 6768 6707 -1 6707 6768 6769 -1 6707 6769 6708 -1 6708 6769 6770 -1 6708 6770 6709 -1 6709 6770 6771 -1 6709 6771 6710 -1 6710 6771 6772 -1 6710 6772 6711 -1 6711 6772 6773 -1 6711 6773 6712 -1 6712 6773 6774 -1 6712 6774 6713 -1 6713 6774 6775 -1 6713 6775 6714 -1 6714 6775 6776 -1 6714 6776 6715 -1 6715 6776 6777 -1 6715 6777 6716 -1 6716 6777 6778 -1 6716 6778 6717 -1 6717 6778 6779 -1 6717 6779 6718 -1 6718 6779 6780 -1 6718 6780 6719 -1 6719 6780 6781 -1 6719 6781 6720 -1 6720 6781 6782 -1 6720 6782 6721 -1 6721 6782 6783 -1 6721 6783 6722 -1 6722 6783 6784 -1 6722 6784 6723 -1 6723 6784 6785 -1 6723 6785 6724 -1 6724 6785 6786 -1 6724 6786 6725 -1 6725 6786 6787 -1 6725 6787 6726 -1 6726 6787 6788 -1 6726 6788 6727 -1 6727 6788 6789 -1 6727 6789 6728 -1 6728 6789 6790 -1 6728 6790 6729 -1 6729 6790 6791 -1 6729 6791 6730 -1 6730 6791 6792 -1 6730 6792 6731 -1 6731 6792 6793 -1 6731 6793 6732 -1 6732 6793 6794 -1 6732 6794 6733 -1 6733 6794 6795 -1 6733 6795 6734 -1 6734 6795 6796 -1 6734 6796 6735 -1 6735 6796 6797 -1 6735 6797 6736 -1 6736 6797 6798 -1 6736 6798 6737 -1 6737 6798 6799 -1 6737 6799 6738 -1 6738 6799 6800 -1 6738 6800 6739 -1 6739 6800 6801 -1 6739 6801 6740 -1 6740 6801 6802 -1 6740 6802 6741 -1 6741 6802 6803 -1 6741 6803 6742 -1 6742 6803 6804 -1 6742 6804 6743 -1 6743 6804 6805 -1 6743 6805 6744 -1 6744 6805 6806 -1 6744 6806 6745 -1 6745 6806 6807 -1 6745 6807 6746 -1 6746 6807 6808 -1 6746 6808 6747 -1 6747 6808 6809 -1 6747 6809 6748 -1 6748 6809 6810 -1 6748 6810 6749 -1 6749 6810 6811 -1 6749 6811 6750 -1 6750 6811 6812 -1 6750 6812 6751 -1 6751 6812 6813 -1 6751 6813 6752 -1 6752 6813 6814 -1 6752 6814 6753 -1 6753 6814 6815 -1 6753 6815 6754 -1 6754 6815 6816 -1 6754 6816 6755 -1 6755 6816 6817 -1 6755 6817 6756 -1 6756 6817 6818 -1 6756 6818 6757 -1 6757 6818 6819 -1 6757 6819 6758 -1 6758 6819 6820 -1 6758 6820 6759 -1 6759 6820 6821 -1 6759 6821 63 -1 6760 0 6822 -1 6760 6822 6761 -1 6761 6822 6823 -1 6761 6823 6762 -1 6762 6823 6824 -1 6762 6824 6763 -1 6763 6824 6825 -1 6763 6825 6764 -1 6764 6825 6826 -1 6764 6826 6765 -1 6765 6826 6827 -1 6765 6827 6766 -1 6766 6827 6828 -1 6766 6828 6767 -1 6767 6828 6829 -1 6767 6829 6768 -1 6768 6829 6830 -1 6768 6830 6769 -1 6769 6830 6831 -1 6769 6831 6770 -1 6770 6831 6832 -1 6770 6832 6771 -1 6771 6832 6833 -1 6771 6833 6772 -1 6772 6833 6834 -1 6772 6834 6773 -1 6773 6834 6835 -1 6773 6835 6774 -1 6774 6835 6836 -1 6774 6836 6775 -1 6775 6836 6837 -1 6775 6837 6776 -1 6776 6837 6838 -1 6776 6838 6777 -1 6777 6838 6839 -1 6777 6839 6778 -1 6778 6839 6840 -1 6778 6840 6779 -1 6779 6840 6841 -1 6779 6841 6780 -1 6780 6841 6842 -1 6780 6842 6781 -1 6781 6842 6843 -1 6781 6843 6782 -1 6782 6843 6844 -1 6782 6844 6783 -1 6783 6844 6845 -1 6783 6845 6784 -1 6784 6845 6846 -1 6784 6846 6785 -1 6785 6846 6847 -1 6785 6847 6786 -1 6786 6847 6848 -1 6786 6848 6787 -1 6787 6848 6849 -1 6787 6849 6788 -1 6788 6849 6850 -1 6788 6850 6789 -1 6789 6850 6851 -1 6789 6851 6790 -1 6790 6851 6852 -1 6790 6852 6791 -1 6791 6852 6853 -1 6791 6853 6792 -1 6792 6853 6854 -1 6792 6854 6793 -1 6793 6854 6855 -1 6793 6855 6794 -1 6794 6855 6856 -1 6794 6856 6795 -1 6795 6856 6857 -1 6795 6857 6796 -1 6796 6857 6858 -1 6796 6858 6797 -1 6797 6858 6859 -1 6797 6859 6798 -1 6798 6859 6860 -1 6798 6860 6799 -1 6799 6860 6861 -1 6799 6861 6800 -1 6800 6861 6862 -1 6800 6862 6801 -1 6801 6862 6863 -1 6801 6863 6802 -1 6802 6863 6864 -1 6802 6864 6803 -1 6803 6864 6865 -1 6803 6865 6804 -1 6804 6865 6866 -1 6804 6866 6805 -1 6805 6866 6867 -1 6805 6867 6806 -1 6806 6867 6868 -1 6806 6868 6807 -1 6807 6868 6869 -1 6807 6869 6808 -1 6808 6869 6870 -1 6808 6870 6809 -1 6809 6870 6871 -1 6809 6871 6810 -1 6810 6871 6872 -1 6810 6872 6811 -1 6811 6872 6873 -1 6811 6873 6812 -1 6812 6873 6874 -1 6812 6874 6813 -1 6813 6874 6875 -1 6813 6875 6814 -1 6814 6875 6876 -1 6814 6876 6815 -1 6815 6876 6877 -1 6815 6877 6816 -1 6816 6877 6878 -1 6816 6878 6817 -1 6817 6878 6879 -1 6817 6879 6818 -1 6818 6879 6880 -1 6818 6880 6819 -1 6819 6880 6881 -1 6819 6881 6820 -1 6820 6881 6882 -1 6820 6882 6821 -1 6821 6882 6883 -1 6821 6883 63 -1 6822 0 6884 -1 6822 6884 6823 -1 6823 6884 6885 -1 6823 6885 6824 -1 6824 6885 6886 -1 6824 6886 6825 -1 6825 6886 6887 -1 6825 6887 6826 -1 6826 6887 6888 -1 6826 6888 6827 -1 6827 6888 6889 -1 6827 6889 6828 -1 6828 6889 6890 -1 6828 6890 6829 -1 6829 6890 6891 -1 6829 6891 6830 -1 6830 6891 6892 -1 6830 6892 6831 -1 6831 6892 6893 -1 6831 6893 6832 -1 6832 6893 6894 -1 6832 6894 6833 -1 6833 6894 6895 -1 6833 6895 6834 -1 6834 6895 6896 -1 6834 6896 6835 -1 6835 6896 6897 -1 6835 6897 6836 -1 6836 6897 6898 -1 6836 6898 6837 -1 6837 6898 6899 -1 6837 6899 6838 -1 6838 6899 6900 -1 6838 6900 6839 -1 6839 6900 6901 -1 6839 6901 6840 -1 6840 6901 6902 -1 6840 6902 6841 -1 6841 6902 6903 -1 6841 6903 6842 -1 6842 6903 6904 -1 6842 6904 6843 -1 6843 6904 6905 -1 6843 6905 6844 -1 6844 6905 6906 -1 6844 6906 6845 -1 6845 6906 6907 -1 6845 6907 6846 -1 6846 6907 6908 -1 6846 6908 6847 -1 6847 6908 6909 -1 6847 6909 6848 -1 6848 6909 6910 -1 6848 6910 6849 -1 6849 6910 6911 -1 6849 6911 6850 -1 6850 6911 6912 -1 6850 6912 6851 -1 6851 6912 6913 -1 6851 6913 6852 -1 6852 6913 6914 -1 6852 6914 6853 -1 6853 6914 6915 -1 6853 6915 6854 -1 6854 6915 6916 -1 6854 6916 6855 -1 6855 6916 6917 -1 6855 6917 6856 -1 6856 6917 6918 -1 6856 6918 6857 -1 6857 6918 6919 -1 6857 6919 6858 -1 6858 6919 6920 -1 6858 6920 6859 -1 6859 6920 6921 -1 6859 6921 6860 -1 6860 6921 6922 -1 6860 6922 6861 -1 6861 6922 6923 -1 6861 6923 6862 -1 6862 6923 6924 -1 6862 6924 6863 -1 6863 6924 6925 -1 6863 6925 6864 -1 6864 6925 6926 -1 6864 6926 6865 -1 6865 6926 6927 -1 6865 6927 6866 -1 6866 6927 6928 -1 6866 6928 6867 -1 6867 6928 6929 -1 6867 6929 6868 -1 6868 6929 6930 -1 6868 6930 6869 -1 6869 6930 6931 -1 6869 6931 6870 -1 6870 6931 6932 -1 6870 6932 6871 -1 6871 6932 6933 -1 6871 6933 6872 -1 6872 6933 6934 -1 6872 6934 6873 -1 6873 6934 6935 -1 6873 6935 6874 -1 6874 6935 6936 -1 6874 6936 6875 -1 6875 6936 6937 -1 6875 6937 6876 -1 6876 6937 6938 -1 6876 6938 6877 -1 6877 6938 6939 -1 6877 6939 6878 -1 6878 6939 6940 -1 6878 6940 6879 -1 6879 6940 6941 -1 6879 6941 6880 -1 6880 6941 6942 -1 6880 6942 6881 -1 6881 6942 6943 -1 6881 6943 6882 -1 6882 6943 6944 -1 6882 6944 6883 -1 6883 6944 6945 -1 6883 6945 63 -1 6884 0 6946 -1 6884 6946 6885 -1 6885 6946 6947 -1 6885 6947 6886 -1 6886 6947 6948 -1 6886 6948 6887 -1 6887 6948 6949 -1 6887 6949 6888 -1 6888 6949 6950 -1 6888 6950 6889 -1 6889 6950 6951 -1 6889 6951 6890 -1 6890 6951 6952 -1 6890 6952 6891 -1 6891 6952 6953 -1 6891 6953 6892 -1 6892 6953 6954 -1 6892 6954 6893 -1 6893 6954 6955 -1 6893 6955 6894 -1 6894 6955 6956 -1 6894 6956 6895 -1 6895 6956 6957 -1 6895 6957 6896 -1 6896 6957 6958 -1 6896 6958 6897 -1 6897 6958 6959 -1 6897 6959 6898 -1 6898 6959 6960 -1 6898 6960 6899 -1 6899 6960 6961 -1 6899 6961 6900 -1 6900 6961 6962 -1 6900 6962 6901 -1 6901 6962 6963 -1 6901 6963 6902 -1 6902 6963 6964 -1 6902 6964 6903 -1 6903 6964 6965 -1 6903 6965 6904 -1 6904 6965 6966 -1 6904 6966 6905 -1 6905 6966 6967 -1 6905 6967 6906 -1 6906 6967 6968 -1 6906 6968 6907 -1 6907 6968 6969 -1 6907 6969 6908 -1 6908 6969 6970 -1 6908 6970 6909 -1 6909 6970 6971 -1 6909 6971 6910 -1 6910 6971 6972 -1 6910 6972 6911 -1 6911 6972 6973 -1 6911 6973 6912 -1 6912 6973 6974 -1 6912 6974 6913 -1 6913 6974 6975 -1 6913 6975 6914 -1 6914 6975 6976 -1 6914 6976 6915 -1 6915 6976 6977 -1 6915 6977 6916 -1 6916 6977 6978 -1 6916 6978 6917 -1 6917 6978 6979 -1 6917 6979 6918 -1 6918 6979 6980 -1 6918 6980 6919 -1 6919 6980 6981 -1 6919 6981 6920 -1 6920 6981 6982 -1 6920 6982 6921 -1 6921 6982 6983 -1 6921 6983 6922 -1 6922 6983 6984 -1 6922 6984 6923 -1 6923 6984 6985 -1 6923 6985 6924 -1 6924 6985 6986 -1 6924 6986 6925 -1 6925 6986 6987 -1 6925 6987 6926 -1 6926 6987 6988 -1 6926 6988 6927 -1 6927 6988 6989 -1 6927 6989 6928 -1 6928 6989 6990 -1 6928 6990 6929 -1 6929 6990 6991 -1 6929 6991 6930 -1 6930 6991 6992 -1 6930 6992 6931 -1 6931 6992 6993 -1 6931 6993 6932 -1 6932 6993 6994 -1 6932 6994 6933 -1 6933 6994 6995 -1 6933 6995 6934 -1 6934 6995 6996 -1 6934 6996 6935 -1 6935 6996 6997 -1 6935 6997 6936 -1 6936 6997 6998 -1 6936 6998 6937 -1 6937 6998 6999 -1 6937 6999 6938 -1 6938 6999 7000 -1 6938 7000 6939 -1 6939 7000 7001 -1 6939 7001 6940 -1 6940 7001 7002 -1 6940 7002 6941 -1 6941 7002 7003 -1 6941 7003 6942 -1 6942 7003 7004 -1 6942 7004 6943 -1 6943 7004 7005 -1 6943 7005 6944 -1 6944 7005 7006 -1 6944 7006 6945 -1 6945 7006 7007 -1 6945 7007 63 -1 6946 0 7008 -1 6946 7008 6947 -1 6947 7008 7009 -1 6947 7009 6948 -1 6948 7009 7010 -1 6948 7010 6949 -1 6949 7010 7011 -1 6949 7011 6950 -1 6950 7011 7012 -1 6950 7012 6951 -1 6951 7012 7013 -1 6951 7013 6952 -1 6952 7013 7014 -1 6952 7014 6953 -1 6953 7014 7015 -1 6953 7015 6954 -1 6954 7015 7016 -1 6954 7016 6955 -1 6955 7016 7017 -1 6955 7017 6956 -1 6956 7017 7018 -1 6956 7018 6957 -1 6957 7018 7019 -1 6957 7019 6958 -1 6958 7019 7020 -1 6958 7020 6959 -1 6959 7020 7021 -1 6959 7021 6960 -1 6960 7021 7022 -1 6960 7022 6961 -1 6961 7022 7023 -1 6961 7023 6962 -1 6962 7023 7024 -1 6962 7024 6963 -1 6963 7024 7025 -1 6963 7025 6964 -1 6964 7025 7026 -1 6964 7026 6965 -1 6965 7026 7027 -1 6965 7027 6966 -1 6966 7027 7028 -1 6966 7028 6967 -1 6967 7028 7029 -1 6967 7029 6968 -1 6968 7029 7030 -1 6968 7030 6969 -1 6969 7030 7031 -1 6969 7031 6970 -1 6970 7031 7032 -1 6970 7032 6971 -1 6971 7032 7033 -1 6971 7033 6972 -1 6972 7033 7034 -1 6972 7034 6973 -1 6973 7034 7035 -1 6973 7035 6974 -1 6974 7035 7036 -1 6974 7036 6975 -1 6975 7036 7037 -1 6975 7037 6976 -1 6976 7037 7038 -1 6976 7038 6977 -1 6977 7038 7039 -1 6977 7039 6978 -1 6978 7039 7040 -1 6978 7040 6979 -1 6979 7040 7041 -1 6979 7041 6980 -1 6980 7041 7042 -1 6980 7042 6981 -1 6981 7042 7043 -1 6981 7043 6982 -1 6982 7043 7044 -1 6982 7044 6983 -1 6983 7044 7045 -1 6983 7045 6984 -1 6984 7045 7046 -1 6984 7046 6985 -1 6985 7046 7047 -1 6985 7047 6986 -1 6986 7047 7048 -1 6986 7048 6987 -1 6987 7048 7049 -1 6987 7049 6988 -1 6988 7049 7050 -1 6988 7050 6989 -1 6989 7050 7051 -1 6989 7051 6990 -1 6990 7051 7052 -1 6990 7052 6991 -1 6991 7052 7053 -1 6991 7053 6992 -1 6992 7053 7054 -1 6992 7054 6993 -1 6993 7054 7055 -1 6993 7055 6994 -1 6994 7055 7056 -1 6994 7056 6995 -1 6995 7056 7057 -1 6995 7057 6996 -1 6996 7057 7058 -1 6996 7058 6997 -1 6997 7058 7059 -1 6997 7059 6998 -1 6998 7059 7060 -1 6998 7060 6999 -1 6999 7060 7061 -1 6999 7061 7000 -1 7000 7061 7062 -1 7000 7062 7001 -1 7001 7062 7063 -1 7001 7063 7002 -1 7002 7063 7064 -1 7002 7064 7003 -1 7003 7064 7065 -1 7003 7065 7004 -1 7004 7065 7066 -1 7004 7066 7005 -1 7005 7066 7067 -1 7005 7067 7006 -1 7006 7067 7068 -1 7006 7068 7007 -1 7007 7068 7069 -1 7007 7069 63 -1 7008 0 7070 -1 7008 7070 7009 -1 7009 7070 7071 -1 7009 7071 7010 -1 7010 7071 7072 -1 7010 7072 7011 -1 7011 7072 7073 -1 7011 7073 7012 -1 7012 7073 7074 -1 7012 7074 7013 -1 7013 7074 7075 -1 7013 7075 7014 -1 7014 7075 7076 -1 7014 7076 7015 -1 7015 7076 7077 -1 7015 7077 7016 -1 7016 7077 7078 -1 7016 7078 7017 -1 7017 7078 7079 -1 7017 7079 7018 -1 7018 7079 7080 -1 7018 7080 7019 -1 7019 7080 7081 -1 7019 7081 7020 -1 7020 7081 7082 -1 7020 7082 7021 -1 7021 7082 7083 -1 7021 7083 7022 -1 7022 7083 7084 -1 7022 7084 7023 -1 7023 7084 7085 -1 7023 7085 7024 -1 7024 7085 7086 -1 7024 7086 7025 -1 7025 7086 7087 -1 7025 7087 7026 -1 7026 7087 7088 -1 7026 7088 7027 -1 7027 7088 7089 -1 7027 7089 7028 -1 7028 7089 7090 -1 7028 7090 7029 -1 7029 7090 7091 -1 7029 7091 7030 -1 7030 7091 7092 -1 7030 7092 7031 -1 7031 7092 7093 -1 7031 7093 7032 -1 7032 7093 7094 -1 7032 7094 7033 -1 7033 7094 7095 -1 7033 7095 7034 -1 7034 7095 7096 -1 7034 7096 7035 -1 7035 7096 7097 -1 7035 7097 7036 -1 7036 7097 7098 -1 7036 7098 7037 -1 7037 7098 7099 -1 7037 7099 7038 -1 7038 7099 7100 -1 7038 7100 7039 -1 7039 7100 7101 -1 7039 7101 7040 -1 7040 7101 7102 -1 7040 7102 7041 -1 7041 7102 7103 -1 7041 7103 7042 -1 7042 7103 7104 -1 7042 7104 7043 -1 7043 7104 7105 -1 7043 7105 7044 -1 7044 7105 7106 -1 7044 7106 7045 -1 7045 7106 7107 -1 7045 7107 7046 -1 7046 7107 7108 -1 7046 7108 7047 -1 7047 7108 7109 -1 7047 7109 7048 -1 7048 7109 7110 -1 7048 7110 7049 -1 7049 7110 7111 -1 7049 7111 7050 -1 7050 7111 7112 -1 7050 7112 7051 -1 7051 7112 7113 -1 7051 7113 7052 -1 7052 7113 7114 -1 7052 7114 7053 -1 7053 7114 7115 -1 7053 7115 7054 -1 7054 7115 7116 -1 7054 7116 7055 -1 7055 7116 7117 -1 7055 7117 7056 -1 7056 7117 7118 -1 7056 7118 7057 -1 7057 7118 7119 -1 7057 7119 7058 -1 7058 7119 7120 -1 7058 7120 7059 -1 7059 7120 7121 -1 7059 7121 7060 -1 7060 7121 7122 -1 7060 7122 7061 -1 7061 7122 7123 -1 7061 7123 7062 -1 7062 7123 7124 -1 7062 7124 7063 -1 7063 7124 7125 -1 7063 7125 7064 -1 7064 7125 7126 -1 7064 7126 7065 -1 7065 7126 7127 -1 7065 7127 7066 -1 7066 7127 7128 -1 7066 7128 7067 -1 7067 7128 7129 -1 7067 7129 7068 -1 7068 7129 7130 -1 7068 7130 7069 -1 7069 7130 7131 -1 7069 7131 63 -1 7070 0 7132 -1 7070 7132 7071 -1 7071 7132 7133 -1 7071 7133 7072 -1 7072 7133 7134 -1 7072 7134 7073 -1 7073 7134 7135 -1 7073 7135 7074 -1 7074 7135 7136 -1 7074 7136 7075 -1 7075 7136 7137 -1 7075 7137 7076 -1 7076 7137 7138 -1 7076 7138 7077 -1 7077 7138 7139 -1 7077 7139 7078 -1 7078 7139 7140 -1 7078 7140 7079 -1 7079 7140 7141 -1 7079 7141 7080 -1 7080 7141 7142 -1 7080 7142 7081 -1 7081 7142 7143 -1 7081 7143 7082 -1 7082 7143 7144 -1 7082 7144 7083 -1 7083 7144 7145 -1 7083 7145 7084 -1 7084 7145 7146 -1 7084 7146 7085 -1 7085 7146 7147 -1 7085 7147 7086 -1 7086 7147 7148 -1 7086 7148 7087 -1 7087 7148 7149 -1 7087 7149 7088 -1 7088 7149 7150 -1 7088 7150 7089 -1 7089 7150 7151 -1 7089 7151 7090 -1 7090 7151 7152 -1 7090 7152 7091 -1 7091 7152 7153 -1 7091 7153 7092 -1 7092 7153 7154 -1 7092 7154 7093 -1 7093 7154 7155 -1 7093 7155 7094 -1 7094 7155 7156 -1 7094 7156 7095 -1 7095 7156 7157 -1 7095 7157 7096 -1 7096 7157 7158 -1 7096 7158 7097 -1 7097 7158 7159 -1 7097 7159 7098 -1 7098 7159 7160 -1 7098 7160 7099 -1 7099 7160 7161 -1 7099 7161 7100 -1 7100 7161 7162 -1 7100 7162 7101 -1 7101 7162 7163 -1 7101 7163 7102 -1 7102 7163 7164 -1 7102 7164 7103 -1 7103 7164 7165 -1 7103 7165 7104 -1 7104 7165 7166 -1 7104 7166 7105 -1 7105 7166 7167 -1 7105 7167 7106 -1 7106 7167 7168 -1 7106 7168 7107 -1 7107 7168 7169 -1 7107 7169 7108 -1 7108 7169 7170 -1 7108 7170 7109 -1 7109 7170 7171 -1 7109 7171 7110 -1 7110 7171 7172 -1 7110 7172 7111 -1 7111 7172 7173 -1 7111 7173 7112 -1 7112 7173 7174 -1 7112 7174 7113 -1 7113 7174 7175 -1 7113 7175 7114 -1 7114 7175 7176 -1 7114 7176 7115 -1 7115 7176 7177 -1 7115 7177 7116 -1 7116 7177 7178 -1 7116 7178 7117 -1 7117 7178 7179 -1 7117 7179 7118 -1 7118 7179 7180 -1 7118 7180 7119 -1 7119 7180 7181 -1 7119 7181 7120 -1 7120 7181 7182 -1 7120 7182 7121 -1 7121 7182 7183 -1 7121 7183 7122 -1 7122 7183 7184 -1 7122 7184 7123 -1 7123 7184 7185 -1 7123 7185 7124 -1 7124 7185 7186 -1 7124 7186 7125 -1 7125 7186 7187 -1 7125 7187 7126 -1 7126 7187 7188 -1 7126 7188 7127 -1 7127 7188 7189 -1 7127 7189 7128 -1 7128 7189 7190 -1 7128 7190 7129 -1 7129 7190 7191 -1 7129 7191 7130 -1 7130 7191 7192 -1 7130 7192 7131 -1 7131 7192 7193 -1 7131 7193 63 -1 7132 0 7194 -1 7132 7194 7133 -1 7133 7194 7195 -1 7133 7195 7134 -1 7134 7195 7196 -1 7134 7196 7135 -1 7135 7196 7197 -1 7135 7197 7136 -1 7136 7197 7198 -1 7136 7198 7137 -1 7137 7198 7199 -1 7137 7199 7138 -1 7138 7199 7200 -1 7138 7200 7139 -1 7139 7200 7201 -1 7139 7201 7140 -1 7140 7201 7202 -1 7140 7202 7141 -1 7141 7202 7203 -1 7141 7203 7142 -1 7142 7203 7204 -1 7142 7204 7143 -1 7143 7204 7205 -1 7143 7205 7144 -1 7144 7205 7206 -1 7144 7206 7145 -1 7145 7206 7207 -1 7145 7207 7146 -1 7146 7207 7208 -1 7146 7208 7147 -1 7147 7208 7209 -1 7147 7209 7148 -1 7148 7209 7210 -1 7148 7210 7149 -1 7149 7210 7211 -1 7149 7211 7150 -1 7150 7211 7212 -1 7150 7212 7151 -1 7151 7212 7213 -1 7151 7213 7152 -1 7152 7213 7214 -1 7152 7214 7153 -1 7153 7214 7215 -1 7153 7215 7154 -1 7154 7215 7216 -1 7154 7216 7155 -1 7155 7216 7217 -1 7155 7217 7156 -1 7156 7217 7218 -1 7156 7218 7157 -1 7157 7218 7219 -1 7157 7219 7158 -1 7158 7219 7220 -1 7158 7220 7159 -1 7159 7220 7221 -1 7159 7221 7160 -1 7160 7221 7222 -1 7160 7222 7161 -1 7161 7222 7223 -1 7161 7223 7162 -1 7162 7223 7224 -1 7162 7224 7163 -1 7163 7224 7225 -1 7163 7225 7164 -1 7164 7225 7226 -1 7164 7226 7165 -1 7165 7226 7227 -1 7165 7227 7166 -1 7166 7227 7228 -1 7166 7228 7167 -1 7167 7228 7229 -1 7167 7229 7168 -1 7168 7229 7230 -1 7168 7230 7169 -1 7169 7230 7231 -1 7169 7231 7170 -1 7170 7231 7232 -1 7170 7232 7171 -1 7171 7232 7233 -1 7171 7233 7172 -1 7172 7233 7234 -1 7172 7234 7173 -1 7173 7234 7235 -1 7173 7235 7174 -1 7174 7235 7236 -1 7174 7236 7175 -1 7175 7236 7237 -1 7175 7237 7176 -1 7176 7237 7238 -1 7176 7238 7177 -1 7177 7238 7239 -1 7177 7239 7178 -1 7178 7239 7240 -1 7178 7240 7179 -1 7179 7240 7241 -1 7179 7241 7180 -1 7180 7241 7242 -1 7180 7242 7181 -1 7181 7242 7243 -1 7181 7243 7182 -1 7182 7243 7244 -1 7182 7244 7183 -1 7183 7244 7245 -1 7183 7245 7184 -1 7184 7245 7246 -1 7184 7246 7185 -1 7185 7246 7247 -1 7185 7247 7186 -1 7186 7247 7248 -1 7186 7248 7187 -1 7187 7248 7249 -1 7187 7249 7188 -1 7188 7249 7250 -1 7188 7250 7189 -1 7189 7250 7251 -1 7189 7251 7190 -1 7190 7251 7252 -1 7190 7252 7191 -1 7191 7252 7253 -1 7191 7253 7192 -1 7192 7253 7254 -1 7192 7254 7193 -1 7193 7254 7255 -1 7193 7255 63 -1 7194 0 7256 -1 7194 7256 7195 -1 7195 7256 7257 -1 7195 7257 7196 -1 7196 7257 7258 -1 7196 7258 7197 -1 7197 7258 7259 -1 7197 7259 7198 -1 7198 7259 7260 -1 7198 7260 7199 -1 7199 7260 7261 -1 7199 7261 7200 -1 7200 7261 7262 -1 7200 7262 7201 -1 7201 7262 7263 -1 7201 7263 7202 -1 7202 7263 7264 -1 7202 7264 7203 -1 7203 7264 7265 -1 7203 7265 7204 -1 7204 7265 7266 -1 7204 7266 7205 -1 7205 7266 7267 -1 7205 7267 7206 -1 7206 7267 7268 -1 7206 7268 7207 -1 7207 7268 7269 -1 7207 7269 7208 -1 7208 7269 7270 -1 7208 7270 7209 -1 7209 7270 7271 -1 7209 7271 7210 -1 7210 7271 7272 -1 7210 7272 7211 -1 7211 7272 7273 -1 7211 7273 7212 -1 7212 7273 7274 -1 7212 7274 7213 -1 7213 7274 7275 -1 7213 7275 7214 -1 7214 7275 7276 -1 7214 7276 7215 -1 7215 7276 7277 -1 7215 7277 7216 -1 7216 7277 7278 -1 7216 7278 7217 -1 7217 7278 7279 -1 7217 7279 7218 -1 7218 7279 7280 -1 7218 7280 7219 -1 7219 7280 7281 -1 7219 7281 7220 -1 7220 7281 7282 -1 7220 7282 7221 -1 7221 7282 7283 -1 7221 7283 7222 -1 7222 7283 7284 -1 7222 7284 7223 -1 7223 7284 7285 -1 7223 7285 7224 -1 7224 7285 7286 -1 7224 7286 7225 -1 7225 7286 7287 -1 7225 7287 7226 -1 7226 7287 7288 -1 7226 7288 7227 -1 7227 7288 7289 -1 7227 7289 7228 -1 7228 7289 7290 -1 7228 7290 7229 -1 7229 7290 7291 -1 7229 7291 7230 -1 7230 7291 7292 -1 7230 7292 7231 -1 7231 7292 7293 -1 7231 7293 7232 -1 7232 7293 7294 -1 7232 7294 7233 -1 7233 7294 7295 -1 7233 7295 7234 -1 7234 7295 7296 -1 7234 7296 7235 -1 7235 7296 7297 -1 7235 7297 7236 -1 7236 7297 7298 -1 7236 7298 7237 -1 7237 7298 7299 -1 7237 7299 7238 -1 7238 7299 7300 -1 7238 7300 7239 -1 7239 7300 7301 -1 7239 7301 7240 -1 7240 7301 7302 -1 7240 7302 7241 -1 7241 7302 7303 -1 7241 7303 7242 -1 7242 7303 7304 -1 7242 7304 7243 -1 7243 7304 7305 -1 7243 7305 7244 -1 7244 7305 7306 -1 7244 7306 7245 -1 7245 7306 7307 -1 7245 7307 7246 -1 7246 7307 7308 -1 7246 7308 7247 -1 7247 7308 7309 -1 7247 7309 7248 -1 7248 7309 7310 -1 7248 7310 7249 -1 7249 7310 7311 -1 7249 7311 7250 -1 7250 7311 7312 -1 7250 7312 7251 -1 7251 7312 7313 -1 7251 7313 7252 -1 7252 7313 7314 -1 7252 7314 7253 -1 7253 7314 7315 -1 7253 7315 7254 -1 7254 7315 7316 -1 7254 7316 7255 -1 7255 7316 7317 -1 7255 7317 63 -1 7256 0 7318 -1 7256 7318 7257 -1 7257 7318 7319 -1 7257 7319 7258 -1 7258 7319 7320 -1 7258 7320 7259 -1 7259 7320 7321 -1 7259 7321 7260 -1 7260 7321 7322 -1 7260 7322 7261 -1 7261 7322 7323 -1 7261 7323 7262 -1 7262 7323 7324 -1 7262 7324 7263 -1 7263 7324 7325 -1 7263 7325 7264 -1 7264 7325 7326 -1 7264 7326 7265 -1 7265 7326 7327 -1 7265 7327 7266 -1 7266 7327 7328 -1 7266 7328 7267 -1 7267 7328 7329 -1 7267 7329 7268 -1 7268 7329 7330 -1 7268 7330 7269 -1 7269 7330 7331 -1 7269 7331 7270 -1 7270 7331 7332 -1 7270 7332 7271 -1 7271 7332 7333 -1 7271 7333 7272 -1 7272 7333 7334 -1 7272 7334 7273 -1 7273 7334 7335 -1 7273 7335 7274 -1 7274 7335 7336 -1 7274 7336 7275 -1 7275 7336 7337 -1 7275 7337 7276 -1 7276 7337 7338 -1 7276 7338 7277 -1 7277 7338 7339 -1 7277 7339 7278 -1 7278 7339 7340 -1 7278 7340 7279 -1 7279 7340 7341 -1 7279 7341 7280 -1 7280 7341 7342 -1 7280 7342 7281 -1 7281 7342 7343 -1 7281 7343 7282 -1 7282 7343 7344 -1 7282 7344 7283 -1 7283 7344 7345 -1 7283 7345 7284 -1 7284 7345 7346 -1 7284 7346 7285 -1 7285 7346 7347 -1 7285 7347 7286 -1 7286 7347 7348 -1 7286 7348 7287 -1 7287 7348 7349 -1 7287 7349 7288 -1 7288 7349 7350 -1 7288 7350 7289 -1 7289 7350 7351 -1 7289 7351 7290 -1 7290 7351 7352 -1 7290 7352 7291 -1 7291 7352 7353 -1 7291 7353 7292 -1 7292 7353 7354 -1 7292 7354 7293 -1 7293 7354 7355 -1 7293 7355 7294 -1 7294 7355 7356 -1 7294 7356 7295 -1 7295 7356 7357 -1 7295 7357 7296 -1 7296 7357 7358 -1 7296 7358 7297 -1 7297 7358 7359 -1 7297 7359 7298 -1 7298 7359 7360 -1 7298 7360 7299 -1 7299 7360 7361 -1 7299 7361 7300 -1 7300 7361 7362 -1 7300 7362 7301 -1 7301 7362 7363 -1 7301 7363 7302 -1 7302 7363 7364 -1 7302 7364 7303 -1 7303 7364 7365 -1 7303 7365 7304 -1 7304 7365 7366 -1 7304 7366 7305 -1 7305 7366 7367 -1 7305 7367 7306 -1 7306 7367 7368 -1 7306 7368 7307 -1 7307 7368 7369 -1 7307 7369 7308 -1 7308 7369 7370 -1 7308 7370 7309 -1 7309 7370 7371 -1 7309 7371 7310 -1 7310 7371 7372 -1 7310 7372 7311 -1 7311 7372 7373 -1 7311 7373 7312 -1 7312 7373 7374 -1 7312 7374 7313 -1 7313 7374 7375 -1 7313 7375 7314 -1 7314 7375 7376 -1 7314 7376 7315 -1 7315 7376 7377 -1 7315 7377 7316 -1 7316 7377 7378 -1 7316 7378 7317 -1 7317 7378 7379 -1 7317 7379 63 -1 7318 0 7380 -1 7318 7380 7319 -1 7319 7380 7381 -1 7319 7381 7320 -1 7320 7381 7382 -1 7320 7382 7321 -1 7321 7382 7383 -1 7321 7383 7322 -1 7322 7383 7384 -1 7322 7384 7323 -1 7323 7384 7385 -1 7323 7385 7324 -1 7324 7385 7386 -1 7324 7386 7325 -1 7325 7386 7387 -1 7325 7387 7326 -1 7326 7387 7388 -1 7326 7388 7327 -1 7327 7388 7389 -1 7327 7389 7328 -1 7328 7389 7390 -1 7328 7390 7329 -1 7329 7390 7391 -1 7329 7391 7330 -1 7330 7391 7392 -1 7330 7392 7331 -1 7331 7392 7393 -1 7331 7393 7332 -1 7332 7393 7394 -1 7332 7394 7333 -1 7333 7394 7395 -1 7333 7395 7334 -1 7334 7395 7396 -1 7334 7396 7335 -1 7335 7396 7397 -1 7335 7397 7336 -1 7336 7397 7398 -1 7336 7398 7337 -1 7337 7398 7399 -1 7337 7399 7338 -1 7338 7399 7400 -1 7338 7400 7339 -1 7339 7400 7401 -1 7339 7401 7340 -1 7340 7401 7402 -1 7340 7402 7341 -1 7341 7402 7403 -1 7341 7403 7342 -1 7342 7403 7404 -1 7342 7404 7343 -1 7343 7404 7405 -1 7343 7405 7344 -1 7344 7405 7406 -1 7344 7406 7345 -1 7345 7406 7407 -1 7345 7407 7346 -1 7346 7407 7408 -1 7346 7408 7347 -1 7347 7408 7409 -1 7347 7409 7348 -1 7348 7409 7410 -1 7348 7410 7349 -1 7349 7410 7411 -1 7349 7411 7350 -1 7350 7411 7412 -1 7350 7412 7351 -1 7351 7412 7413 -1 7351 7413 7352 -1 7352 7413 7414 -1 7352 7414 7353 -1 7353 7414 7415 -1 7353 7415 7354 -1 7354 7415 7416 -1 7354 7416 7355 -1 7355 7416 7417 -1 7355 7417 7356 -1 7356 7417 7418 -1 7356 7418 7357 -1 7357 7418 7419 -1 7357 7419 7358 -1 7358 7419 7420 -1 7358 7420 7359 -1 7359 7420 7421 -1 7359 7421 7360 -1 7360 7421 7422 -1 7360 7422 7361 -1 7361 7422 7423 -1 7361 7423 7362 -1 7362 7423 7424 -1 7362 7424 7363 -1 7363 7424 7425 -1 7363 7425 7364 -1 7364 7425 7426 -1 7364 7426 7365 -1 7365 7426 7427 -1 7365 7427 7366 -1 7366 7427 7428 -1 7366 7428 7367 -1 7367 7428 7429 -1 7367 7429 7368 -1 7368 7429 7430 -1 7368 7430 7369 -1 7369 7430 7431 -1 7369 7431 7370 -1 7370 7431 7432 -1 7370 7432 7371 -1 7371 7432 7433 -1 7371 7433 7372 -1 7372 7433 7434 -1 7372 7434 7373 -1 7373 7434 7435 -1 7373 7435 7374 -1 7374 7435 7436 -1 7374 7436 7375 -1 7375 7436 7437 -1 7375 7437 7376 -1 7376 7437 7438 -1 7376 7438 7377 -1 7377 7438 7439 -1 7377 7439 7378 -1 7378 7439 7440 -1 7378 7440 7379 -1 7379 7440 7441 -1 7379 7441 63 -1 7380 0 7442 -1 7380 7442 7381 -1 7381 7442 7443 -1 7381 7443 7382 -1 7382 7443 7444 -1 7382 7444 7383 -1 7383 7444 7445 -1 7383 7445 7384 -1 7384 7445 7446 -1 7384 7446 7385 -1 7385 7446 7447 -1 7385 7447 7386 -1 7386 7447 7448 -1 7386 7448 7387 -1 7387 7448 7449 -1 7387 7449 7388 -1 7388 7449 7450 -1 7388 7450 7389 -1 7389 7450 7451 -1 7389 7451 7390 -1 7390 7451 7452 -1 7390 7452 7391 -1 7391 7452 7453 -1 7391 7453 7392 -1 7392 7453 7454 -1 7392 7454 7393 -1 7393 7454 7455 -1 7393 7455 7394 -1 7394 7455 7456 -1 7394 7456 7395 -1 7395 7456 7457 -1 7395 7457 7396 -1 7396 7457 7458 -1 7396 7458 7397 -1 7397 7458 7459 -1 7397 7459 7398 -1 7398 7459 7460 -1 7398 7460 7399 -1 7399 7460 7461 -1 7399 7461 7400 -1 7400 7461 7462 -1 7400 7462 7401 -1 7401 7462 7463 -1 7401 7463 7402 -1 7402 7463 7464 -1 7402 7464 7403 -1 7403 7464 7465 -1 7403 7465 7404 -1 7404 7465 7466 -1 7404 7466 7405 -1 7405 7466 7467 -1 7405 7467 7406 -1 7406 7467 7468 -1 7406 7468 7407 -1 7407 7468 7469 -1 7407 7469 7408 -1 7408 7469 7470 -1 7408 7470 7409 -1 7409 7470 7471 -1 7409 7471 7410 -1 7410 7471 7472 -1 7410 7472 7411 -1 7411 7472 7473 -1 7411 7473 7412 -1 7412 7473 7474 -1 7412 7474 7413 -1 7413 7474 7475 -1 7413 7475 7414 -1 7414 7475 7476 -1 7414 7476 7415 -1 7415 7476 7477 -1 7415 7477 7416 -1 7416 7477 7478 -1 7416 7478 7417 -1 7417 7478 7479 -1 7417 7479 7418 -1 7418 7479 7480 -1 7418 7480 7419 -1 7419 7480 7481 -1 7419 7481 7420 -1 7420 7481 7482 -1 7420 7482 7421 -1 7421 7482 7483 -1 7421 7483 7422 -1 7422 7483 7484 -1 7422 7484 7423 -1 7423 7484 7485 -1 7423 7485 7424 -1 7424 7485 7486 -1 7424 7486 7425 -1 7425 7486 7487 -1 7425 7487 7426 -1 7426 7487 7488 -1 7426 7488 7427 -1 7427 7488 7489 -1 7427 7489 7428 -1 7428 7489 7490 -1 7428 7490 7429 -1 7429 7490 7491 -1 7429 7491 7430 -1 7430 7491 7492 -1 7430 7492 7431 -1 7431 7492 7493 -1 7431 7493 7432 -1 7432 7493 7494 -1 7432 7494 7433 -1 7433 7494 7495 -1 7433 7495 7434 -1 7434 7495 7496 -1 7434 7496 7435 -1 7435 7496 7497 -1 7435 7497 7436 -1 7436 7497 7498 -1 7436 7498 7437 -1 7437 7498 7499 -1 7437 7499 7438 -1 7438 7499 7500 -1 7438 7500 7439 -1 7439 7500 7501 -1 7439 7501 7440 -1 7440 7501 7502 -1 7440 7502 7441 -1 7441 7502 7503 -1 7441 7503 63 -1 7442 0 7504 -1 7442 7504 7443 -1 7443 7504 7505 -1 7443 7505 7444 -1 7444 7505 7506 -1 7444 7506 7445 -1 7445 7506 7507 -1 7445 7507 7446 -1 7446 7507 7508 -1 7446 7508 7447 -1 7447 7508 7509 -1 7447 7509 7448 -1 7448 7509 7510 -1 7448 7510 7449 -1 7449 7510 7511 -1 7449 7511 7450 -1 7450 7511 7512 -1 7450 7512 7451 -1 7451 7512 7513 -1 7451 7513 7452 -1 7452 7513 7514 -1 7452 7514 7453 -1 7453 7514 7515 -1 7453 7515 7454 -1 7454 7515 7516 -1 7454 7516 7455 -1 7455 7516 7517 -1 7455 7517 7456 -1 7456 7517 7518 -1 7456 7518 7457 -1 7457 7518 7519 -1 7457 7519 7458 -1 7458 7519 7520 -1 7458 7520 7459 -1 7459 7520 7521 -1 7459 7521 7460 -1 7460 7521 7522 -1 7460 7522 7461 -1 7461 7522 7523 -1 7461 7523 7462 -1 7462 7523 7524 -1 7462 7524 7463 -1 7463 7524 7525 -1 7463 7525 7464 -1 7464 7525 7526 -1 7464 7526 7465 -1 7465 7526 7527 -1 7465 7527 7466 -1 7466 7527 7528 -1 7466 7528 7467 -1 7467 7528 7529 -1 7467 7529 7468 -1 7468 7529 7530 -1 7468 7530 7469 -1 7469 7530 7531 -1 7469 7531 7470 -1 7470 7531 7532 -1 7470 7532 7471 -1 7471 7532 7533 -1 7471 7533 7472 -1 7472 7533 7534 -1 7472 7534 7473 -1 7473 7534 7535 -1 7473 7535 7474 -1 7474 7535 7536 -1 7474 7536 7475 -1 7475 7536 7537 -1 7475 7537 7476 -1 7476 7537 7538 -1 7476 7538 7477 -1 7477 7538 7539 -1 7477 7539 7478 -1 7478 7539 7540 -1 7478 7540 7479 -1 7479 7540 7541 -1 7479 7541 7480 -1 7480 7541 7542 -1 7480 7542 7481 -1 7481 7542 7543 -1 7481 7543 7482 -1 7482 7543 7544 -1 7482 7544 7483 -1 7483 7544 7545 -1 7483 7545 7484 -1 7484 7545 7546 -1 7484 7546 7485 -1 7485 7546 7547 -1 7485 7547 7486 -1 7486 7547 7548 -1 7486 7548 7487 -1 7487 7548 7549 -1 7487 7549 7488 -1 7488 7549 7550 -1 7488 7550 7489 -1 7489 7550 7551 -1 7489 7551 7490 -1 7490 7551 7552 -1 7490 7552 7491 -1 7491 7552 7553 -1 7491 7553 7492 -1 7492 7553 7554 -1 7492 7554 7493 -1 7493 7554 7555 -1 7493 7555 7494 -1 7494 7555 7556 -1 7494 7556 7495 -1 7495 7556 7557 -1 7495 7557 7496 -1 7496 7557 7558 -1 7496 7558 7497 -1 7497 7558 7559 -1 7497 7559 7498 -1 7498 7559 7560 -1 7498 7560 7499 -1 7499 7560 7561 -1 7499 7561 7500 -1 7500 7561 7562 -1 7500 7562 7501 -1 7501 7562 7563 -1 7501 7563 7502 -1 7502 7563 7564 -1 7502 7564 7503 -1 7503 7564 7565 -1 7503 7565 63 -1 7504 0 7566 -1 7504 7566 7505 -1 7505 7566 7567 -1 7505 7567 7506 -1 7506 7567 7568 -1 7506 7568 7507 -1 7507 7568 7569 -1 7507 7569 7508 -1 7508 7569 7570 -1 7508 7570 7509 -1 7509 7570 7571 -1 7509 7571 7510 -1 7510 7571 7572 -1 7510 7572 7511 -1 7511 7572 7573 -1 7511 7573 7512 -1 7512 7573 7574 -1 7512 7574 7513 -1 7513 7574 7575 -1 7513 7575 7514 -1 7514 7575 7576 -1 7514 7576 7515 -1 7515 7576 7577 -1 7515 7577 7516 -1 7516 7577 7578 -1 7516 7578 7517 -1 7517 7578 7579 -1 7517 7579 7518 -1 7518 7579 7580 -1 7518 7580 7519 -1 7519 7580 7581 -1 7519 7581 7520 -1 7520 7581 7582 -1 7520 7582 7521 -1 7521 7582 7583 -1 7521 7583 7522 -1 7522 7583 7584 -1 7522 7584 7523 -1 7523 7584 7585 -1 7523 7585 7524 -1 7524 7585 7586 -1 7524 7586 7525 -1 7525 7586 7587 -1 7525 7587 7526 -1 7526 7587 7588 -1 7526 7588 7527 -1 7527 7588 7589 -1 7527 7589 7528 -1 7528 7589 7590 -1 7528 7590 7529 -1 7529 7590 7591 -1 7529 7591 7530 -1 7530 7591 7592 -1 7530 7592 7531 -1 7531 7592 7593 -1 7531 7593 7532 -1 7532 7593 7594 -1 7532 7594 7533 -1 7533 7594 7595 -1 7533 7595 7534 -1 7534 7595 7596 -1 7534 7596 7535 -1 7535 7596 7597 -1 7535 7597 7536 -1 7536 7597 7598 -1 7536 7598 7537 -1 7537 7598 7599 -1 7537 7599 7538 -1 7538 7599 7600 -1 7538 7600 7539 -1 7539 7600 7601 -1 7539 7601 7540 -1 7540 7601 7602 -1 7540 7602 7541 -1 7541 7602 7603 -1 7541 7603 7542 -1 7542 7603 7604 -1 7542 7604 7543 -1 7543 7604 7605 -1 7543 7605 7544 -1 7544 7605 7606 -1 7544 7606 7545 -1 7545 7606 7607 -1 7545 7607 7546 -1 7546 7607 7608 -1 7546 7608 7547 -1 7547 7608 7609 -1 7547 7609 7548 -1 7548 7609 7610 -1 7548 7610 7549 -1 7549 7610 7611 -1 7549 7611 7550 -1 7550 7611 7612 -1 7550 7612 7551 -1 7551 7612 7613 -1 7551 7613 7552 -1 7552 7613 7614 -1 7552 7614 7553 -1 7553 7614 7615 -1 7553 7615 7554 -1 7554 7615 7616 -1 7554 7616 7555 -1 7555 7616 7617 -1 7555 7617 7556 -1 7556 7617 7618 -1 7556 7618 7557 -1 7557 7618 7619 -1 7557 7619 7558 -1 7558 7619 7620 -1 7558 7620 7559 -1 7559 7620 7621 -1 7559 7621 7560 -1 7560 7621 7622 -1 7560 7622 7561 -1 7561 7622 7623 -1 7561 7623 7562 -1 7562 7623 7624 -1 7562 7624 7563 -1 7563 7624 7625 -1 7563 7625 7564 -1 7564 7625 7626 -1 7564 7626 7565 -1 7565 7626 7627 -1 7565 7627 63 -1 7566 0 7628 -1 7566 7628 7567 -1 7567 7628 7629 -1 7567 7629 7568 -1 7568 7629 7630 -1 7568 7630 7569 -1 7569 7630 7631 -1 7569 7631 7570 -1 7570 7631 7632 -1 7570 7632 7571 -1 7571 7632 7633 -1 7571 7633 7572 -1 7572 7633 7634 -1 7572 7634 7573 -1 7573 7634 7635 -1 7573 7635 7574 -1 7574 7635 7636 -1 7574 7636 7575 -1 7575 7636 7637 -1 7575 7637 7576 -1 7576 7637 7638 -1 7576 7638 7577 -1 7577 7638 7639 -1 7577 7639 7578 -1 7578 7639 7640 -1 7578 7640 7579 -1 7579 7640 7641 -1 7579 7641 7580 -1 7580 7641 7642 -1 7580 7642 7581 -1 7581 7642 7643 -1 7581 7643 7582 -1 7582 7643 7644 -1 7582 7644 7583 -1 7583 7644 7645 -1 7583 7645 7584 -1 7584 7645 7646 -1 7584 7646 7585 -1 7585 7646 7647 -1 7585 7647 7586 -1 7586 7647 7648 -1 7586 7648 7587 -1 7587 7648 7649 -1 7587 7649 7588 -1 7588 7649 7650 -1 7588 7650 7589 -1 7589 7650 7651 -1 7589 7651 7590 -1 7590 7651 7652 -1 7590 7652 7591 -1 7591 7652 7653 -1 7591 7653 7592 -1 7592 7653 7654 -1 7592 7654 7593 -1 7593 7654 7655 -1 7593 7655 7594 -1 7594 7655 7656 -1 7594 7656 7595 -1 7595 7656 7657 -1 7595 7657 7596 -1 7596 7657 7658 -1 7596 7658 7597 -1 7597 7658 7659 -1 7597 7659 7598 -1 7598 7659 7660 -1 7598 7660 7599 -1 7599 7660 7661 -1 7599 7661 7600 -1 7600 7661 7662 -1 7600 7662 7601 -1 7601 7662 7663 -1 7601 7663 7602 -1 7602 7663 7664 -1 7602 7664 7603 -1 7603 7664 7665 -1 7603 7665 7604 -1 7604 7665 7666 -1 7604 7666 7605 -1 7605 7666 7667 -1 7605 7667 7606 -1 7606 7667 7668 -1 7606 7668 7607 -1 7607 7668 7669 -1 7607 7669 7608 -1 7608 7669 7670 -1 7608 7670 7609 -1 7609 7670 7671 -1 7609 7671 7610 -1 7610 7671 7672 -1 7610 7672 7611 -1 7611 7672 7673 -1 7611 7673 7612 -1 7612 7673 7674 -1 7612 7674 7613 -1 7613 7674 7675 -1 7613 7675 7614 -1 7614 7675 7676 -1 7614 7676 7615 -1 7615 7676 7677 -1 7615 7677 7616 -1 7616 7677 7678 -1 7616 7678 7617 -1 7617 7678 7679 -1 7617 7679 7618 -1 7618 7679 7680 -1 7618 7680 7619 -1 7619 7680 7681 -1 7619 7681 7620 -1 7620 7681 7682 -1 7620 7682 7621 -1 7621 7682 7683 -1 7621 7683 7622 -1 7622 7683 7684 -1 7622 7684 7623 -1 7623 7684 7685 -1 7623 7685 7624 -1 7624 7685 7686 -1 7624 7686 7625 -1 7625 7686 7687 -1 7625 7687 7626 -1 7626 7687 7688 -1 7626 7688 7627 -1 7627 7688 7689 -1 7627 7689 63 -1 7628 0 7690 -1 7628 7690 7629 -1 7629 7690 7691 -1 7629 7691 7630 -1 7630 7691 7692 -1 7630 7692 7631 -1 7631 7692 7693 -1 7631 7693 7632 -1 7632 7693 7694 -1 7632 7694 7633 -1 7633 7694 7695 -1 7633 7695 7634 -1 7634 7695 7696 -1 7634 7696 7635 -1 7635 7696 7697 -1 7635 7697 7636 -1 7636 7697 7698 -1 7636 7698 7637 -1 7637 7698 7699 -1 7637 7699 7638 -1 7638 7699 7700 -1 7638 7700 7639 -1 7639 7700 7701 -1 7639 7701 7640 -1 7640 7701 7702 -1 7640 7702 7641 -1 7641 7702 7703 -1 7641 7703 7642 -1 7642 7703 7704 -1 7642 7704 7643 -1 7643 7704 7705 -1 7643 7705 7644 -1 7644 7705 7706 -1 7644 7706 7645 -1 7645 7706 7707 -1 7645 7707 7646 -1 7646 7707 7708 -1 7646 7708 7647 -1 7647 7708 7709 -1 7647 7709 7648 -1 7648 7709 7710 -1 7648 7710 7649 -1 7649 7710 7711 -1 7649 7711 7650 -1 7650 7711 7712 -1 7650 7712 7651 -1 7651 7712 7713 -1 7651 7713 7652 -1 7652 7713 7714 -1 7652 7714 7653 -1 7653 7714 7715 -1 7653 7715 7654 -1 7654 7715 7716 -1 7654 7716 7655 -1 7655 7716 7717 -1 7655 7717 7656 -1 7656 7717 7718 -1 7656 7718 7657 -1 7657 7718 7719 -1 7657 7719 7658 -1 7658 7719 7720 -1 7658 7720 7659 -1 7659 7720 7721 -1 7659 7721 7660 -1 7660 7721 7722 -1 7660 7722 7661 -1 7661 7722 7723 -1 7661 7723 7662 -1 7662 7723 7724 -1 7662 7724 7663 -1 7663 7724 7725 -1 7663 7725 7664 -1 7664 7725 7726 -1 7664 7726 7665 -1 7665 7726 7727 -1 7665 7727 7666 -1 7666 7727 7728 -1 7666 7728 7667 -1 7667 7728 7729 -1 7667 7729 7668 -1 7668 7729 7730 -1 7668 7730 7669 -1 7669 7730 7731 -1 7669 7731 7670 -1 7670 7731 7732 -1 7670 7732 7671 -1 7671 7732 7733 -1 7671 7733 7672 -1 7672 7733 7734 -1 7672 7734 7673 -1 7673 7734 7735 -1 7673 7735 7674 -1 7674 7735 7736 -1 7674 7736 7675 -1 7675 7736 7737 -1 7675 7737 7676 -1 7676 7737 7738 -1 7676 7738 7677 -1 7677 7738 7739 -1 7677 7739 7678 -1 7678 7739 7740 -1 7678 7740 7679 -1 7679 7740 7741 -1 7679 7741 7680 -1 7680 7741 7742 -1 7680 7742 7681 -1 7681 7742 7743 -1 7681 7743 7682 -1 7682 7743 7744 -1 7682 7744 7683 -1 7683 7744 7745 -1 7683 7745 7684 -1 7684 7745 7746 -1 7684 7746 7685 -1 7685 7746 7747 -1 7685 7747 7686 -1 7686 7747 7748 -1 7686 7748 7687 -1 7687 7748 7749 -1 7687 7749 7688 -1 7688 7749 7750 -1 7688 7750 7689 -1 7689 7750 7751 -1 7689 7751 63 -1 7690 0 7752 -1 7690 7752 7691 -1 7691 7752 7753 -1 7691 7753 7692 -1 7692 7753 7754 -1 7692 7754 7693 -1 7693 7754 7755 -1 7693 7755 7694 -1 7694 7755 7756 -1 7694 7756 7695 -1 7695 7756 7757 -1 7695 7757 7696 -1 7696 7757 7758 -1 7696 7758 7697 -1 7697 7758 7759 -1 7697 7759 7698 -1 7698 7759 7760 -1 7698 7760 7699 -1 7699 7760 7761 -1 7699 7761 7700 -1 7700 7761 7762 -1 7700 7762 7701 -1 7701 7762 7763 -1 7701 7763 7702 -1 7702 7763 7764 -1 7702 7764 7703 -1 7703 7764 7765 -1 7703 7765 7704 -1 7704 7765 7766 -1 7704 7766 7705 -1 7705 7766 7767 -1 7705 7767 7706 -1 7706 7767 7768 -1 7706 7768 7707 -1 7707 7768 7769 -1 7707 7769 7708 -1 7708 7769 7770 -1 7708 7770 7709 -1 7709 7770 7771 -1 7709 7771 7710 -1 7710 7771 7772 -1 7710 7772 7711 -1 7711 7772 7773 -1 7711 7773 7712 -1 7712 7773 7774 -1 7712 7774 7713 -1 7713 7774 7775 -1 7713 7775 7714 -1 7714 7775 7776 -1 7714 7776 7715 -1 7715 7776 7777 -1 7715 7777 7716 -1 7716 7777 7778 -1 7716 7778 7717 -1 7717 7778 7779 -1 7717 7779 7718 -1 7718 7779 7780 -1 7718 7780 7719 -1 7719 7780 7781 -1 7719 7781 7720 -1 7720 7781 7782 -1 7720 7782 7721 -1 7721 7782 7783 -1 7721 7783 7722 -1 7722 7783 7784 -1 7722 7784 7723 -1 7723 7784 7785 -1 7723 7785 7724 -1 7724 7785 7786 -1 7724 7786 7725 -1 7725 7786 7787 -1 7725 7787 7726 -1 7726 7787 7788 -1 7726 7788 7727 -1 7727 7788 7789 -1 7727 7789 7728 -1 7728 7789 7790 -1 7728 7790 7729 -1 7729 7790 7791 -1 7729 7791 7730 -1 7730 7791 7792 -1 7730 7792 7731 -1 7731 7792 7793 -1 7731 7793 7732 -1 7732 7793 7794 -1 7732 7794 7733 -1 7733 7794 7795 -1 7733 7795 7734 -1 7734 7795 7796 -1 7734 7796 7735 -1 7735 7796 7797 -1 7735 7797 7736 -1 7736 7797 7798 -1 7736 7798 7737 -1 7737 7798 7799 -1 7737 7799 7738 -1 7738 7799 7800 -1 7738 7800 7739 -1 7739 7800 7801 -1 7739 7801 7740 -1 7740 7801 7802 -1 7740 7802 7741 -1 7741 7802 7803 -1 7741 7803 7742 -1 7742 7803 7804 -1 7742 7804 7743 -1 7743 7804 7805 -1 7743 7805 7744 -1 7744 7805 7806 -1 7744 7806 7745 -1 7745 7806 7807 -1 7745 7807 7746 -1 7746 7807 7808 -1 7746 7808 7747 -1 7747 7808 7809 -1 7747 7809 7748 -1 7748 7809 7810 -1 7748 7810 7749 -1 7749 7810 7811 -1 7749 7811 7750 -1 7750 7811 7812 -1 7750 7812 7751 -1 7751 7812 7813 -1 7751 7813 63 -1 7752 0 7814 -1 7752 7814 7753 -1 7753 7814 7815 -1 7753 7815 7754 -1 7754 7815 7816 -1 7754 7816 7755 -1 7755 7816 7817 -1 7755 7817 7756 -1 7756 7817 7818 -1 7756 7818 7757 -1 7757 7818 7819 -1 7757 7819 7758 -1 7758 7819 7820 -1 7758 7820 7759 -1 7759 7820 7821 -1 7759 7821 7760 -1 7760 7821 7822 -1 7760 7822 7761 -1 7761 7822 7823 -1 7761 7823 7762 -1 7762 7823 7824 -1 7762 7824 7763 -1 7763 7824 7825 -1 7763 7825 7764 -1 7764 7825 7826 -1 7764 7826 7765 -1 7765 7826 7827 -1 7765 7827 7766 -1 7766 7827 7828 -1 7766 7828 7767 -1 7767 7828 7829 -1 7767 7829 7768 -1 7768 7829 7830 -1 7768 7830 7769 -1 7769 7830 7831 -1 7769 7831 7770 -1 7770 7831 7832 -1 7770 7832 7771 -1 7771 7832 7833 -1 7771 7833 7772 -1 7772 7833 7834 -1 7772 7834 7773 -1 7773 7834 7835 -1 7773 7835 7774 -1 7774 7835 7836 -1 7774 7836 7775 -1 7775 7836 7837 -1 7775 7837 7776 -1 7776 7837 7838 -1 7776 7838 7777 -1 7777 7838 7839 -1 7777 7839 7778 -1 7778 7839 7840 -1 7778 7840 7779 -1 7779 7840 7841 -1 7779 7841 7780 -1 7780 7841 7842 -1 7780 7842 7781 -1 7781 7842 7843 -1 7781 7843 7782 -1 7782 7843 7844 -1 7782 7844 7783 -1 7783 7844 7845 -1 7783 7845 7784 -1 7784 7845 7846 -1 7784 7846 7785 -1 7785 7846 7847 -1 7785 7847 7786 -1 7786 7847 7848 -1 7786 7848 7787 -1 7787 7848 7849 -1 7787 7849 7788 -1 7788 7849 7850 -1 7788 7850 7789 -1 7789 7850 7851 -1 7789 7851 7790 -1 7790 7851 7852 -1 7790 7852 7791 -1 7791 7852 7853 -1 7791 7853 7792 -1 7792 7853 7854 -1 7792 7854 7793 -1 7793 7854 7855 -1 7793 7855 7794 -1 7794 7855 7856 -1 7794 7856 7795 -1 7795 7856 7857 -1 7795 7857 7796 -1 7796 7857 7858 -1 7796 7858 7797 -1 7797 7858 7859 -1 7797 7859 7798 -1 7798 7859 7860 -1 7798 7860 7799 -1 7799 7860 7861 -1 7799 7861 7800 -1 7800 7861 7862 -1 7800 7862 7801 -1 7801 7862 7863 -1 7801 7863 7802 -1 7802 7863 7864 -1 7802 7864 7803 -1 7803 7864 7865 -1 7803 7865 7804 -1 7804 7865 7866 -1 7804 7866 7805 -1 7805 7866 7867 -1 7805 7867 7806 -1 7806 7867 7868 -1 7806 7868 7807 -1 7807 7868 7869 -1 7807 7869 7808 -1 7808 7869 7870 -1 7808 7870 7809 -1 7809 7870 7871 -1 7809 7871 7810 -1 7810 7871 7872 -1 7810 7872 7811 -1 7811 7872 7873 -1 7811 7873 7812 -1 7812 7873 7874 -1 7812 7874 7813 -1 7813 7874 7875 -1 7813 7875 63 -1 7814 0 7876 -1 7814 7876 7815 -1 7815 7876 7877 -1 7815 7877 7816 -1 7816 7877 7878 -1 7816 7878 7817 -1 7817 7878 7879 -1 7817 7879 7818 -1 7818 7879 7880 -1 7818 7880 7819 -1 7819 7880 7881 -1 7819 7881 7820 -1 7820 7881 7882 -1 7820 7882 7821 -1 7821 7882 7883 -1 7821 7883 7822 -1 7822 7883 7884 -1 7822 7884 7823 -1 7823 7884 7885 -1 7823 7885 7824 -1 7824 7885 7886 -1 7824 7886 7825 -1 7825 7886 7887 -1 7825 7887 7826 -1 7826 7887 7888 -1 7826 7888 7827 -1 7827 7888 7889 -1 7827 7889 7828 -1 7828 7889 7890 -1 7828 7890 7829 -1 7829 7890 7891 -1 7829 7891 7830 -1 7830 7891 7892 -1 7830 7892 7831 -1 7831 7892 7893 -1 7831 7893 7832 -1 7832 7893 7894 -1 7832 7894 7833 -1 7833 7894 7895 -1 7833 7895 7834 -1 7834 7895 7896 -1 7834 7896 7835 -1 7835 7896 7897 -1 7835 7897 7836 -1 7836 7897 7898 -1 7836 7898 7837 -1 7837 7898 7899 -1 7837 7899 7838 -1 7838 7899 7900 -1 7838 7900 7839 -1 7839 7900 7901 -1 7839 7901 7840 -1 7840 7901 7902 -1 7840 7902 7841 -1 7841 7902 7903 -1 7841 7903 7842 -1 7842 7903 7904 -1 7842 7904 7843 -1 7843 7904 7905 -1 7843 7905 7844 -1 7844 7905 7906 -1 7844 7906 7845 -1 7845 7906 7907 -1 7845 7907 7846 -1 7846 7907 7908 -1 7846 7908 7847 -1 7847 7908 7909 -1 7847 7909 7848 -1 7848 7909 7910 -1 7848 7910 7849 -1 7849 7910 7911 -1 7849 7911 7850 -1 7850 7911 7912 -1 7850 7912 7851 -1 7851 7912 7913 -1 7851 7913 7852 -1 7852 7913 7914 -1 7852 7914 7853 -1 7853 7914 7915 -1 7853 7915 7854 -1 7854 7915 7916 -1 7854 7916 7855 -1 7855 7916 7917 -1 7855 7917 7856 -1 7856 7917 7918 -1 7856 7918 7857 -1 7857 7918 7919 -1 7857 7919 7858 -1 7858 7919 7920 -1 7858 7920 7859 -1 7859 7920 7921 -1 7859 7921 7860 -1 7860 7921 7922 -1 7860 7922 7861 -1 7861 7922 7923 -1 7861 7923 7862 -1 7862 7923 7924 -1 7862 7924 7863 -1 7863 7924 7925 -1 7863 7925 7864 -1 7864 7925 7926 -1 7864 7926 7865 -1 7865 7926 7927 -1 7865 7927 7866 -1 7866 7927 7928 -1 7866 7928 7867 -1 7867 7928 7929 -1 7867 7929 7868 -1 7868 7929 7930 -1 7868 7930 7869 -1 7869 7930 7931 -1 7869 7931 7870 -1 7870 7931 7932 -1 7870 7932 7871 -1 7871 7932 7933 -1 7871 7933 7872 -1 7872 7933 7934 -1 7872 7934 7873 -1 7873 7934 7935 -1 7873 7935 7874 -1 7874 7935 7936 -1 7874 7936 7875 -1 7875 7936 7937 -1 7875 7937 63 -1 7876 0 1 -1 7876 1 7877 -1 7877 1 2 -1 7877 2 7878 -1 7878 2 3 -1 7878 3 7879 -1 7879 3 4 -1 7879 4 7880 -1 7880 4 5 -1 7880 5 7881 -1 7881 5 6 -1 7881 6 7882 -1 7882 6 7 -1 7882 7 7883 -1 7883 7 8 -1 7883 8 7884 -1 7884 8 9 -1 7884 9 7885 -1 7885 9 10 -1 7885 10 7886 -1 7886 10 11 -1 7886 11 7887 -1 7887 11 12 -1 7887 12 7888 -1 7888 12 13 -1 7888 13 7889 -1 7889 13 14 -1 7889 14 7890 -1 7890 14 15 -1 7890 15 7891 -1 7891 15 16 -1 7891 16 7892 -1 7892 16 17 -1 7892 17 7893 -1 7893 17 18 -1 7893 18 7894 -1 7894 18 19 -1 7894 19 7895 -1 7895 19 20 -1 7895 20 7896 -1 7896 20 21 -1 7896 21 7897 -1 7897 21 22 -1 7897 22 7898 -1 7898 22 23 -1 7898 23 7899 -1 7899 23 24 -1 7899 24 7900 -1 7900 24 25 -1 7900 25 7901 -1 7901 25 26 -1 7901 26 7902 -1 7902 26 27 -1 7902 27 7903 -1 7903 27 28 -1 7903 28 7904 -1 7904 28 29 -1 7904 29 7905 -1 7905 29 30 -1 7905 30 7906 -1 7906 30 31 -1 7906 31 7907 -1 7907 31 32 -1 7907 32 7908 -1 7908 32 33 -1 7908 33 7909 -1 7909 33 34 -1 7909 34 7910 -1 7910 34 35 -1 7910 35 7911 -1 7911 35 36 -1 7911 36 7912 -1 7912 36 37 -1 7912 37 7913 -1 7913 37 38 -1 7913 38 7914 -1 7914 38 39 -1 7914 39 7915 -1 7915 39 40 -1 7915 40 7916 -1 7916 40 41 -1 7916 41 7917 -1 7917 41 42 -1 7917 42 7918 -1 7918 42 43 -1 7918 43 7919 -1 7919 43 44 -1 7919 44 7920 -1 7920 44 45 -1 7920 45 7921 -1 7921 45 46 -1 7921 46 7922 -1 7922 46 47 -1 7922 47 7923 -1 7923 47 48 -1 7923 48 7924 -1 7924 48 49 -1 7924 49 7925 -1 7925 49 50 -1 7925 50 7926 -1 7926 50 51 -1 7926 51 7927 -1 7927 51 52 -1 7927 52 7928 -1 7928 52 53 -1 7928 53 7929 -1 7929 53 54 -1 7929 54 7930 -1 7930 54 55 -1 7930 55 7931 -1 7931 55 56 -1 7931 56 7932 -1 7932 56 57 -1 7932 57 7933 -1 7933 57 58 -1 7933 58 7934 -1 7934 58 59 -1 7934 59 7935 -1 7935 59 60 -1 7935 60 7936 -1 7936 60 61 -1 7936 61 7937 -1 7937 61 62 -1 7937 62 63 -1">
        <Coordinate point="0.0000 0.0000 -1.0000 0.0498 0.0000 -0.9988 0.0996 0.0000 -0.9950 0.1490 0.0000 -0.9888 0.1981 0.0000 -0.9802 0.2468 0.0000 -0.9691 0.2948 0.0000 -0.9556 0.3420 0.0000 -0.9397 0.3884 0.0000 -0.9215 0.4339 0.0000 -0.9010 0.4783 0.0000 -0.8782 0.5214 0.0000 -0.8533 0.5633 0.0000 -0.8262 0.6038 0.0000 -0.7971 0.6428 0.0000 -0.7660 0.6802 0.0000 -0.7331 0.7159 0.0000 -0.6982 0.7498 0.0000 -0.6617 0.7818 0.0000 -0.6235 0.8119 0.0000 -0.5837 0.8400 0.0000 -0.5425 0.8660 0.0000 -0.5000 0.8899 0.0000 -0.4562 0.9115 0.0000 -0.4113 0.9309 0.0000 -0.3653 0.9479 0.0000 -0.3185 0.9626 0.0000 -0.2708 0.9749 0.0000 -0.2225 0.9848 0.0000 -0.1736 0.9922 0.0000 -0.1243 0.9972 0.0000 -0.0747 0.9997 0.0000 -0.0249 0.9997 0.0000 0.0249 0.9972 0.0000 0.0747 0.9922 0.0000 0.1243 0.9848 0.0000 0.1736 0.9749 0.0000 0.2225 0.9626 0.0000 0.2708 0.9479 0.0000 0.3185 0.9309 0.0000 0.3653 0.9115 0.0000 0.4113 0.8899 0.0000 0.4562 0.8660 0.0000 0.5000 0.8400 0.0000 0.5425 0.8119 0.0000 0.5837 0.7818 0.0000 0.6235 0.7498 0.0000 0.6617 0.7159 0.0000 0.6982 0.6802 0.0000 0.7331 0.6428 0.0000 0.7660 0.6038 0.0000 0.7971 0.5633 0.0000 0.8262 0.5214 0.0000 0.8533 0.4783 0.0000 0.8782 0.4339 0.0000 0.9010 0.3884 0.0000 0.9215 0.3420 0.0000 0.9397 0.2948 0.0000 0.9556 0.2468 0.0000 0.9691 0.1981 0.0000 0.9802 0.1490 0.0000 0.9888 0.0996 0.0000 0.9950 0.0498 0.0000 0.9988 0.0000 0.0000 1.0000 0.0498 0.0024 -0.9988 0.0994 0.0049 -0.9950 0.1489 0.0073 -0.9888 0.1979 0.0097 -0.9802 0.2465 0.0121 -0.9691 0.2944 0.0145 -0.9556 0.3416 0.0168 -0.9397 0.3880 0.0191 -0.9215 0.4334 0.0213 -0.9010 0.4777 0.0235 -0.8782 0.5208 0.0256 -0.8533 0.5626 0.0276 -0.8262 0.6031 0.0296 -0.7971 0.6420 0.0315 -0.7660 0.6794 0.0334 -0.7331 0.7150 0.0351 -0.6982 0.7489 0.0368 -0.6617 0.7809 0.0384 -0.6235 0.8110 0.0398 -0.5837 0.8390 0.0412 -0.5425 0.8650 0.0425 -0.5000 0.8888 0.0437 -0.4562 0.9104 0.0447 -0.4113 0.9298 0.0457 -0.3653 0.9468 0.0465 -0.3185 0.9615 0.0472 -0.2708 0.9738 0.0478 -0.2225 0.9836 0.0483 -0.1736 0.9910 0.0487 -0.1243 0.9960 0.0489 -0.0747 0.9985 0.0491 -0.0249 0.9985 0.0491 0.0249 0.9960 0.0489 0.0747 0.9910 0.0487 0.1243 0.9836 0.0483 0.1736 0.9738 0.0478 0.2225 0.9615 0.0472 0.2708 0.9468 0.0465 0.3185 0.9298 0.0457 0.3653 0.9104 0.0447 0.4113 0.8888 0.0437 0.4562 0.8650 0.0425 0.5000 0.8390 0.0412 0.5425 0.8110 0.0398 0.5837 0.7809 0.0384 0.6235 0.7489 0.0368 0.6617 0.7150 0.0351 0.6982 0.6794 0.0334 0.7331 0.6420 0.0315 0.7660 0.6031 0.0296 0.7971 0.5626 0.0276 0.8262 0.5208 0.0256 0.8533 0.4777 0.0235 0.8782 0.4334 0.0213 0.9010 0.3880 0.0191 0.9215 0.3416 0.0168 0.9397 0.2944 0.0145 0.9556 0.2465 0.0121 0.9691 0.1979 0.0097 0.9802 0.1489 0.0073 0.9888 0.0994 0.0049 0.9950 0.0498 0.0024 0.9988 0.0496 0.0049 -0.9988 0.0991 0.0098 -0.9950 0.1483 0.0146 -0.9888 0.1972 0.0194 -0.9802 0.2456 0.0242 -0.9691 0.2933 0.0289 -0.9556 0.3404 0.0335 -0.9397 0.3866 0.0381 -0.9215 0.4318 0.0425 -0.9010 0.4760 0.0469 -0.8782 0.5189 0.0511 -0.8533 0.5606 0.0552 -0.8262 0.6009 0.0592 -0.7971 0.6397 0.0630 -0.7660 0.6769 0.0667 -0.7331 0.7124 0.0702 -0.6982 0.7462 0.0735 -0.6617 0.7781 0.0766 -0.6235 0.8080 0.0796 -0.5837 0.8360 0.0823 -0.5425 0.8619 0.0849 -0.5000 0.8856 0.0872 -0.4562 0.9071 0.0893 -0.4113 0.9264 0.0912 -0.3653 0.9434 0.0929 -0.3185 0.9580 0.0944 -0.2708 0.9702 0.0956 -0.2225 0.9801 0.0965 -0.1736 0.9875 0.0973 -0.1243 0.9924 0.0977 -0.0747 0.9949 0.0980 -0.0249 0.9949 0.0980 0.0249 0.9924 0.0977 0.0747 0.9875 0.0973 0.1243 0.9801 0.0965 0.1736 0.9702 0.0956 0.2225 0.9580 0.0944 0.2708 0.9434 0.0929 0.3185 0.9264 0.0912 0.3653 0.9071 0.0893 0.4113 0.8856 0.0872 0.4562 0.8619 0.0849 0.5000 0.8360 0.0823 0.5425 0.8080 0.0796 0.5837 0.7781 0.0766 0.6235 0.7462 0.0735 0.6617 0.7124 0.0702 0.6982 0.6769 0.0667 0.7331 0.6397 0.0630 0.7660 0.6009 0.0592 0.7971 0.5606 0.0552 0.8262 0.5189 0.0511 0.8533 0.4760 0.0469 0.8782 0.4318 0.0425 0.9010 0.3866 0.0381 0.9215 0.3404 0.0335 0.9397 0.2933 0.0289 0.9556 0.2456 0.0242 0.9691 0.1972 0.0194 0.9802 0.1483 0.0146 0.9888 0.0991 0.0098 0.9950 0.0496 0.0049 0.9988 0.0493 0.0073 -0.9988 0.0985 0.0146 -0.9950 0.1474 0.0219 -0.9888 0.1960 0.0291 -0.9802 0.2441 0.0362 -0.9691 0.2916 0.0432 -0.9556 0.3383 0.0502 -0.9397 0.3842 0.0570 -0.9215 0.4292 0.0637 -0.9010 0.4731 0.0702 -0.8782 0.5158 0.0765 -0.8533 0.5572 0.0827 -0.8262 0.5973 0.0886 -0.7971 0.6358 0.0943 -0.7660 0.6728 0.0998 -0.7331 0.7081 0.1050 -0.6982 0.7417 0.1100 -0.6617 0.7734 0.1147 -0.6235 0.8032 0.1191 -0.5837 0.8309 0.1233 -0.5425 0.8567 0.1271 -0.5000 0.8802 0.1306 -0.4562 0.9016 0.1337 -0.4113 0.9208 0.1366 -0.3653 0.9377 0.1391 -0.3185 0.9522 0.1412 -0.2708 0.9644 0.1431 -0.2225 0.9741 0.1445 -0.1736 0.9815 0.1456 -0.1243 0.9864 0.1463 -0.0747 0.9889 0.1467 -0.0249 0.9889 0.1467 0.0249 0.9864 0.1463 0.0747 0.9815 0.1456 0.1243 0.9741 0.1445 0.1736 0.9644 0.1431 0.2225 0.9522 0.1412 0.2708 0.9377 0.1391 0.3185 0.9208 0.1366 0.3653 0.9016 0.1337 0.4113 0.8802 0.1306 0.4562 0.8567 0.1271 0.5000 0.8309 0.1233 0.5425 0.8032 0.1191 0.5837 0.7734 0.1147 0.6235 0.7417 0.1100 0.6617 0.7081 0.1050 0.6982 0.6728 0.0998 0.7331 0.6358 0.0943 0.7660 0.5973 0.0886 0.7971 0.5572 0.0827 0.8262 0.5158 0.0765 0.8533 0.4731 0.0702 0.8782 0.4292 0.0637 0.9010 0.3842 0.0570 0.9215 0.3383 0.0502 0.9397 0.2916 0.0432 0.9556 0.2441 0.0362 0.9691 0.1960 0.0291 0.9802 0.1474 0.0219 0.9888 0.0985 0.0146 0.9950 0.0493 0.0073 0.9988 0.0489 0.0097 -0.9988 0.0977 0.0194 -0.9950 0.1462 0.0291 -0.9888 0.1943 0.0387 -0.9802 0.2420 0.0481 -0.9691 0.2891 0.0575 -0.9556 0.3354 0.0667 -0.9397 0.3810 0.0758 -0.9215 0.4255 0.0846 -0.9010 0.4691 0.0933 -0.8782 0.5114 0.1017 -0.8533 0.5525 0.1099 -0.8262 0.5922 0.1178 -0.7971 0.6304 0.1254 -0.7660 0.6671 0.1327 -0.7331 0.7021 0.1397 -0.6982 0.7354 0.1463 -0.6617 0.7668 0.1525 -0.6235 0.7963 0.1584 -0.5837 0.8239 0.1639 -0.5425 0.8494 0.1690 -0.5000 0.8728 0.1736 -0.4562 0.8940 0.1778 -0.4113 0.9130 0.1816 -0.3653 0.9297 0.1849 -0.3185 0.9441 0.1878 -0.2708 0.9562 0.1902 -0.2225 0.9659 0.1921 -0.1736 0.9732 0.1936 -0.1243 0.9780 0.1945 -0.0747 0.9805 0.1950 -0.0249 0.9805 0.1950 0.0249 0.9780 0.1945 0.0747 0.9732 0.1936 0.1243 0.9659 0.1921 0.1736 0.9562 0.1902 0.2225 0.9441 0.1878 0.2708 0.9297 0.1849 0.3185 0.9130 0.1816 0.3653 0.8940 0.1778 0.4113 0.8728 0.1736 0.4562 0.8494 0.1690 0.5000 0.8239 0.1639 0.5425 0.7963 0.1584 0.5837 0.7668 0.1525 0.6235 0.7354 0.1463 0.6617 0.7021 0.1397 0.6982 0.6671 0.1327 0.7331 0.6304 0.1254 0.7660 0.5922 0.1178 0.7971 0.5525 0.1099 0.8262 0.5114 0.1017 0.8533 0.4691 0.0933 0.8782 0.4255 0.0846 0.9010 0.3810 0.0758 0.9215 0.3354 0.0667 0.9397 0.2891 0.0575 0.9556 0.2420 0.0481 0.9691 0.1943 0.0387 0.9802 0.1462 0.0291 0.9888 0.0977 0.0194 0.9950 0.0489 0.0097 0.9988 0.0484 0.0121 -0.9988 0.0966 0.0242 -0.9950 0.1446 0.0362 -0.9888 0.1922 0.0481 -0.9802 0.2394 0.0600 -0.9691 0.2859 0.0716 -0.9556 0.3318 0.0831 -0.9397 0.3768 0.0944 -0.9215 0.4209 0.1054 -0.9010 0.4639 0.1162 -0.8782 0.5058 0.1267 -0.8533 0.5464 0.1369 -0.8262 0.5857 0.1467 -0.7971 0.6235 0.1562 -0.7660 0.6598 0.1653 -0.7331 0.6944 0.1739 -0.6982 0.7273 0.1822 -0.6617 0.7584 0.1900 -0.6235 0.7876 0.1973 -0.5837 0.8149 0.2041 -0.5425 0.8401 0.2104 -0.5000 0.8632 0.2162 -0.4562 0.8842 0.2215 -0.4113 0.9030 0.2262 -0.3653 0.9195 0.2303 -0.3185 0.9338 0.2339 -0.2708 0.9457 0.2369 -0.2225 0.9553 0.2393 -0.1736 0.9625 0.2411 -0.1243 0.9673 0.2423 -0.0747 0.9697 0.2429 -0.0249 0.9697 0.2429 0.0249 0.9673 0.2423 0.0747 0.9625 0.2411 0.1243 0.9553 0.2393 0.1736 0.9457 0.2369 0.2225 0.9338 0.2339 0.2708 0.9195 0.2303 0.3185 0.9030 0.2262 0.3653 0.8842 0.2215 0.4113 0.8632 0.2162 0.4562 0.8401 0.2104 0.5000 0.8149 0.2041 0.5425 0.7876 0.1973 0.5837 0.7584 0.1900 0.6235 0.7273 0.1822 0.6617 0.6944 0.1739 0.6982 0.6598 0.1653 0.7331 0.6235 0.1562 0.7660 0.5857 0.1467 0.7971 0.5464 0.1369 0.8262 0.5058 0.1267 0.8533 0.4639 0.1162 0.8782 0.4209 0.1054 0.9010 0.3768 0.0944 0.9215 0.3318 0.0831 0.9397 0.2859 0.0716 0.9556 0.2394 0.0600 0.9691 0.1922 0.0481 0.9802 0.1446 0.0362 0.9888 0.0966 0.0242 0.9950 0.0484 0.0121 0.9988 0.0477 0.0145 -0.9988 0.0953 0.0289 -0.9950 0.1426 0.0433 -0.9888 0.1896 0.0575 -0.9802 0.2361 0.0716 -0.9691 0.2821 0.0856 -0.9556 0.3273 0.0993 -0.9397 0.3717 0.1128 -0.9215 0.4152 0.1259 -0.9010 0.4577 0.1388 -0.8782 0.4990 0.1514 -0.8533 0.5391 0.1635 -0.8262 0.5778 0.1753 -0.7971 0.6151 0.1866 -0.7660 0.6509 0.1974 -0.7331 0.6850 0.2078 -0.6982 0.7175 0.2176 -0.6617 0.7482 0.2270 -0.6235 0.7770 0.2357 -0.5837 0.8039 0.2438 -0.5425 0.8287 0.2514 -0.5000 0.8516 0.2583 -0.4562 0.8723 0.2646 -0.4113 0.8908 0.2702 -0.3653 0.9071 0.2752 -0.3185 0.9212 0.2794 -0.2708 0.9329 0.2830 -0.2225 0.9424 0.2859 -0.1736 0.9495 0.2880 -0.1243 0.9543 0.2895 -0.0747 0.9566 0.2902 -0.0249 0.9566 0.2902 0.0249 0.9543 0.2895 0.0747 0.9495 0.2880 0.1243 0.9424 0.2859 0.1736 0.9329 0.2830 0.2225 0.9212 0.2794 0.2708 0.9071 0.2752 0.3185 0.8908 0.2702 0.3653 0.8723 0.2646 0.4113 0.8516 0.2583 0.4562 0.8287 0.2514 0.5000 0.8039 0.2438 0.5425 0.7770 0.2357 0.5837 0.7482 0.2270 0.6235 0.7175 0.2176 0.6617 0.6850 0.2078 0.6982 0.6509 0.1974 0.7331 0.6151 0.1866 0.7660 0.5778 0.1753 0.7971 0.5391 0.1635 0.8262 0.4990 0.1514 0.8533 0.4577 0.1388 0.8782 0.4152 0.1259 0.9010 0.3717 0.1128 0.9215 0.3273 0.0993 0.9397 0.2821 0.0856 0.9556 0.2361 0.0716 0.9691 0.1896 0.0575 0.9802 0.1426 0.0433 0.9888 0.0953 0.0289 0.9950 0.0477 0.0145 0.9988 0.0469 0.0168 -0.9988 0.0937 0.0335 -0.9950 0.1403 0.0502 -0.9888 0.1866 0.0668 -0.9802 0.2323 0.0831 -0.9691 0.2775 0.0993 -0.9556 0.3220 0.1152 -0.9397 0.3657 0.1309 -0.9215 0.4085 0.1462 -0.9010 0.4503 0.1611 -0.8782 0.4910 0.1757 -0.8533 0.5304 0.1898 -0.8262 0.5685 0.2034 -0.7971 0.6052 0.2165 -0.7660 0.6404 0.2291 -0.7331 0.6740 0.2412 -0.6982 0.7060 0.2526 -0.6617 0.7361 0.2634 -0.6235 0.7645 0.2735 -0.5837 0.7909 0.2830 -0.5425 0.8154 0.2918 -0.5000 0.8379 0.2998 -0.4562 0.8582 0.3071 -0.4113 0.8765 0.3136 -0.3653 0.8925 0.3193 -0.3185 0.9064 0.3243 -0.2708 0.9179 0.3284 -0.2225 0.9272 0.3318 -0.1736 0.9342 0.3343 -0.1243 0.9389 0.3359 -0.0747 0.9413 0.3368 -0.0249 0.9413 0.3368 0.0249 0.9389 0.3359 0.0747 0.9342 0.3343 0.1243 0.9272 0.3318 0.1736 0.9179 0.3284 0.2225 0.9064 0.3243 0.2708 0.8925 0.3193 0.3185 0.8765 0.3136 0.3653 0.8582 0.3071 0.4113 0.8379 0.2998 0.4562 0.8154 0.2918 0.5000 0.7909 0.2830 0.5425 0.7645 0.2735 0.5837 0.7361 0.2634 0.6235 0.7060 0.2526 0.6617 0.6740 0.2412 0.6982 0.6404 0.2291 0.7331 0.6052 0.2165 0.7660 0.5685 0.2034 0.7971 0.5304 0.1898 0.8262 0.4910 0.1757 0.8533 0.4503 0.1611 0.8782 0.4085 0.1462 0.9010 0.3657 0.1309 0.9215 0.3220 0.1152 0.9397 0.2775 0.0993 0.9556 0.2323 0.0831 0.9691 0.1866 0.0668 0.9802 0.1403 0.0502 0.9888 0.0937 0.0335 0.9950 0.0469 0.0168 0.9988 0.0461 0.0191 -0.9988 0.0920 0.0381 -0.9950 0.1377 0.0570 -0.9888 0.1831 0.0758 -0.9802 0.2280 0.0944 -0.9691 0.2723 0.1128 -0.9556 0.3160 0.1309 -0.9397 0.3589 0.1486 -0.9215 0.4009 0.1660 -0.9010 0.4418 0.1830 -0.8782 0.4817 0.1995 -0.8533 0.5204 0.2156 -0.8262 0.5578 0.2311 -0.7971 0.5939 0.2460 -0.7660 0.6284 0.2603 -0.7331 0.6614 0.2740 -0.6982 0.6927 0.2869 -0.6617 0.7223 0.2992 -0.6235 0.7501 0.3107 -0.5837 0.7761 0.3215 -0.5425 0.8001 0.3314 -0.5000 0.8221 0.3405 -0.4562 0.8421 0.3488 -0.4113 0.8600 0.3562 -0.3653 0.8758 0.3628 -0.3185 0.8893 0.3684 -0.2708 0.9007 0.3731 -0.2225 0.9098 0.3769 -0.1736 0.9167 0.3797 -0.1243 0.9213 0.3816 -0.0747 0.9236 0.3826 -0.0249 0.9236 0.3826 0.0249 0.9213 0.3816 0.0747 0.9167 0.3797 0.1243 0.9098 0.3769 0.1736 0.9007 0.3731 0.2225 0.8893 0.3684 0.2708 0.8758 0.3628 0.3185 0.8600 0.3562 0.3653 0.8421 0.3488 0.4113 0.8221 0.3405 0.4562 0.8001 0.3314 0.5000 0.7761 0.3215 0.5425 0.7501 0.3107 0.5837 0.7223 0.2992 0.6235 0.6927 0.2869 0.6617 0.6614 0.2740 0.6982 0.6284 0.2603 0.7331 0.5939 0.2460 0.7660 0.5578 0.2311 0.7971 0.5204 0.2156 0.8262 0.4817 0.1995 0.8533 0.4418 0.1830 0.8782 0.4009 0.1660 0.9010 0.3589 0.1486 0.9215 0.3160 0.1309 0.9397 0.2723 0.1128 0.9556 0.2280 0.0944 0.9691 0.1831 0.0758 0.9802 0.1377 0.0570 0.9888 0.0920 0.0381 0.9950 0.0461 0.0191 0.9988 0.0451 0.0213 -0.9988 0.0900 0.0426 -0.9950 0.1347 0.0637 -0.9888 0.1791 0.0847 -0.9802 0.2231 0.1055 -0.9691 0.2665 0.1260 -0.9556 0.3092 0.1462 -0.9397 0.3511 0.1661 -0.9215 0.3922 0.1855 -0.9010 0.4323 0.2045 -0.8782 0.4714 0.2229 -0.8533 0.5092 0.2409 -0.8262 0.5458 0.2582 -0.7971 0.5811 0.2748 -0.7660 0.6149 0.2908 -0.7331 0.6471 0.3061 -0.6982 0.6778 0.3206 -0.6617 0.7068 0.3343 -0.6235 0.7340 0.3471 -0.5837 0.7594 0.3592 -0.5425 0.7829 0.3703 -0.5000 0.8044 0.3805 -0.4562 0.8240 0.3897 -0.4113 0.8415 0.3980 -0.3653 0.8569 0.4053 -0.3185 0.8702 0.4116 -0.2708 0.8813 0.4168 -0.2225 0.8903 0.4211 -0.1736 0.8970 0.4242 -0.1243 0.9015 0.4264 -0.0747 0.9037 0.4274 -0.0249 0.9037 0.4274 0.0249 0.9015 0.4264 0.0747 0.8970 0.4242 0.1243 0.8903 0.4211 0.1736 0.8813 0.4168 0.2225 0.8702 0.4116 0.2708 0.8569 0.4053 0.3185 0.8415 0.3980 0.3653 0.8240 0.3897 0.4113 0.8044 0.3805 0.4562 0.7829 0.3703 0.5000 0.7594 0.3592 0.5425 0.7340 0.3471 0.5837 0.7068 0.3343 0.6235 0.6778 0.3206 0.6617 0.6471 0.3061 0.6982 0.6149 0.2908 0.7331 0.5811 0.2748 0.7660 0.5458 0.2582 0.7971 0.5092 0.2409 0.8262 0.4714 0.2229 0.8533 0.4323 0.2045 0.8782 0.3922 0.1855 0.9010 0.3511 0.1661 0.9215 0.3092 0.1462 0.9397 0.2665 0.1260 0.9556 0.2231 0.1055 0.9691 0.1791 0.0847 0.9802 0.1347 0.0637 0.9888 0.0900 0.0426 0.9950 0.0451 0.0213 0.9988 0.0440 0.0235 -0.9988 0.0878 0.0469 -0.9950 0.1314 0.0703 -0.9888 0.1747 0.0934 -0.9802 0.2176 0.1163 -0.9691 0.2600 0.1389 -0.9556 0.3016 0.1612 -0.9397 0.3426 0.1831 -0.9215 0.3827 0.2045 -0.9010 0.4218 0.2254 -0.8782 0.4599 0.2458 -0.8533 0.4968 0.2655 -0.8262 0.5325 0.2846 -0.7971 0.5669 0.3030 -0.7660 0.5999 0.3206 -0.7331 0.6313 0.3375 -0.6982 0.6612 0.3534 -0.6617 0.6895 0.3686 -0.6235 0.7161 0.3827 -0.5837 0.7408 0.3960 -0.5425 0.7638 0.4082 -0.5000 0.7848 0.4195 -0.4562 0.8039 0.4297 -0.4113 0.8210 0.4388 -0.3653 0.8360 0.4468 -0.3185 0.8490 0.4538 -0.2708 0.8598 0.4596 -0.2225 0.8685 0.4642 -0.1736 0.8751 0.4677 -0.1243 0.8795 0.4701 -0.0747 0.8816 0.4713 -0.0249 0.8816 0.4713 0.0249 0.8795 0.4701 0.0747 0.8751 0.4677 0.1243 0.8685 0.4642 0.1736 0.8598 0.4596 0.2225 0.8490 0.4538 0.2708 0.8360 0.4468 0.3185 0.8210 0.4388 0.3653 0.8039 0.4297 0.4113 0.7848 0.4195 0.4562 0.7638 0.4082 0.5000 0.7408 0.3960 0.5425 0.7161 0.3827 0.5837 0.6895 0.3686 0.6235 0.6612 0.3534 0.6617 0.6313 0.3375 0.6982 0.5999 0.3206 0.7331 0.5669 0.3030 0.7660 0.5325 0.2846 0.7971 0.4968 0.2655 0.8262 0.4599 0.2458 0.8533 0.4218 0.2254 0.8782 0.3827 0.2045 0.9010 0.3426 0.1831 0.9215 0.3016 0.1612 0.9397 0.2600 0.1389 0.9556 0.2176 0.1163 0.9691 0.1747 0.0934 0.9802 0.1314 0.0703 0.9888 0.0878 0.0469 0.9950 0.0440 0.0235 0.9988 0.0428 0.0256 -0.9988 0.0854 0.0512 -0.9950 0.1278 0.0766 -0.9888 0.1700 0.1019 -0.9802 0.2117 0.1269 -0.9691 0.2528 0.1515 -0.9556 0.2934 0.1758 -0.9397 0.3332 0.1997 -0.9215 0.3722 0.2231 -0.9010 0.4102 0.2459 -0.8782 0.4472 0.2681 -0.8533 0.4832 0.2896 -0.8262 0.5179 0.3104 -0.7971 0.5513 0.3305 -0.7660 0.5834 0.3497 -0.7331 0.6140 0.3680 -0.6982 0.6431 0.3855 -0.6617 0.6706 0.4019 -0.6235 0.6964 0.4174 -0.5837 0.7205 0.4319 -0.5425 0.7428 0.4452 -0.5000 0.7633 0.4575 -0.4562 0.7818 0.4686 -0.4113 0.7984 0.4786 -0.3653 0.8131 0.4873 -0.3185 0.8257 0.4949 -0.2708 0.8362 0.5012 -0.2225 0.8447 0.5063 -0.1736 0.8511 0.5101 -0.1243 0.8553 0.5127 -0.0747 0.8575 0.5139 -0.0249 0.8575 0.5139 0.0249 0.8553 0.5127 0.0747 0.8511 0.5101 0.1243 0.8447 0.5063 0.1736 0.8362 0.5012 0.2225 0.8257 0.4949 0.2708 0.8131 0.4873 0.3185 0.7984 0.4786 0.3653 0.7818 0.4686 0.4113 0.7633 0.4575 0.4562 0.7428 0.4452 0.5000 0.7205 0.4319 0.5425 0.6964 0.4174 0.5837 0.6706 0.4019 0.6235 0.6431 0.3855 0.6617 0.6140 0.3680 0.6982 0.5834 0.3497 0.7331 0.5513 0.3305 0.7660 0.5179 0.3104 0.7971 0.4832 0.2896 0.8262 0.4472 0.2681 0.8533 0.4102 0.2459 0.8782 0.3722 0.2231 0.9010 0.3332 0.1997 0.9215 0.2934 0.1758 0.9397 0.2528 0.1515 0.9556 0.2117 0.1269 0.9691 0.1700 0.1019 0.9802 0.1278 0.0766 0.9888 0.0854 0.0512 0.9950 0.0428 0.0256 0.9988 0.0414 0.0277 -0.9988 0.0828 0.0553 -0.9950 0.1239 0.0828 -0.9888 0.1648 0.1101 -0.9802 0.2052 0.1371 -0.9691 0.2451 0.1638 -0.9556 0.2844 0.1900 -0.9397 0.3230 0.2158 -0.9215 0.3608 0.2411 -0.9010 0.3977 0.2657 -0.8782 0.4336 0.2897 -0.8533 0.4684 0.3130 -0.8262 0.5020 0.3355 -0.7971 0.5345 0.3571 -0.7660 0.5655 0.3779 -0.7331 0.5952 0.3977 -0.6982 0.6234 0.4166 -0.6617 0.6501 0.4344 -0.6235 0.6751 0.4511 -0.5837 0.6985 0.4667 -0.5425 0.7201 0.4811 -0.5000 0.7399 0.4944 -0.4562 0.7579 0.5064 -0.4113 0.7740 0.5172 -0.3653 0.7882 0.5266 -0.3185 0.8004 0.5348 -0.2708 0.8106 0.5416 -0.2225 0.8188 0.5471 -0.1736 0.8250 0.5513 -0.1243 0.8291 0.5540 -0.0747 0.8312 0.5554 -0.0249 0.8312 0.5554 0.0249 0.8291 0.5540 0.0747 0.8250 0.5513 0.1243 0.8188 0.5471 0.1736 0.8106 0.5416 0.2225 0.8004 0.5348 0.2708 0.7882 0.5266 0.3185 0.7740 0.5172 0.3653 0.7579 0.5064 0.4113 0.7399 0.4944 0.4562 0.7201 0.4811 0.5000 0.6985 0.4667 0.5425 0.6751 0.4511 0.5837 0.6501 0.4344 0.6235 0.6234 0.4166 0.6617 0.5952 0.3977 0.6982 0.5655 0.3779 0.7331 0.5345 0.3571 0.7660 0.5020 0.3355 0.7971 0.4684 0.3130 0.8262 0.4336 0.2897 0.8533 0.3977 0.2657 0.8782 0.3608 0.2411 0.9010 0.3230 0.2158 0.9215 0.2844 0.1900 0.9397 0.2451 0.1638 0.9556 0.2052 0.1371 0.9691 0.1648 0.1101 0.9802 0.1239 0.0828 0.9888 0.0828 0.0553 0.9950 0.0414 0.0277 0.9988 0.0400 0.0297 -0.9988 0.0800 0.0593 -0.9950 0.1197 0.0888 -0.9888 0.1592 0.1180 -0.9802 0.1982 0.1470 -0.9691 0.2367 0.1756 -0.9556 0.2747 0.2037 -0.9397 0.3120 0.2314 -0.9215 0.3485 0.2585 -0.9010 0.3841 0.2849 -0.8782 0.4188 0.3106 -0.8533 0.4525 0.3356 -0.8262 0.4850 0.3597 -0.7971 0.5163 0.3829 -0.7660 0.5463 0.4052 -0.7331 0.5750 0.4264 -0.6982 0.6022 0.4466 -0.6617 0.6280 0.4657 -0.6235 0.6522 0.4837 -0.5837 0.6747 0.5004 -0.5425 0.6956 0.5159 -0.5000 0.7148 0.5301 -0.4562 0.7321 0.5430 -0.4113 0.7477 0.5545 -0.3653 0.7614 0.5647 -0.3185 0.7732 0.5734 -0.2708 0.7831 0.5808 -0.2225 0.7910 0.5866 -0.1736 0.7970 0.5911 -0.1243 0.8010 0.5940 -0.0747 0.8030 0.5955 -0.0249 0.8030 0.5955 0.0249 0.8010 0.5940 0.0747 0.7970 0.5911 0.1243 0.7910 0.5866 0.1736 0.7831 0.5808 0.2225 0.7732 0.5734 0.2708 0.7614 0.5647 0.3185 0.7477 0.5545 0.3653 0.7321 0.5430 0.4113 0.7148 0.5301 0.4562 0.6956 0.5159 0.5000 0.6747 0.5004 0.5425 0.6522 0.4837 0.5837 0.6280 0.4657 0.6235 0.6022 0.4466 0.6617 0.5750 0.4264 0.6982 0.5463 0.4052 0.7331 0.5163 0.3829 0.7660 0.4850 0.3597 0.7971 0.4525 0.3356 0.8262 0.4188 0.3106 0.8533 0.3841 0.2849 0.8782 0.3485 0.2585 0.9010 0.3120 0.2314 0.9215 0.2747 0.2037 0.9397 0.2367 0.1756 0.9556 0.1982 0.1470 0.9691 0.1592 0.1180 0.9802 0.1197 0.0888 0.9888 0.0800 0.0593 0.9950 0.0400 0.0297 0.9988 0.0385 0.0316 -0.9988 0.0770 0.0632 -0.9950 0.1152 0.0946 -0.9888 0.1532 0.1257 -0.9802 0.1907 0.1565 -0.9691 0.2278 0.1870 -0.9556 0.2644 0.2170 -0.9397 0.3003 0.2464 -0.9215 0.3354 0.2753 -0.9010 0.3697 0.3034 -0.8782 0.4031 0.3308 -0.8533 0.4355 0.3574 -0.8262 0.4667 0.3830 -0.7971 0.4969 0.4078 -0.7660 0.5258 0.4315 -0.7331 0.5534 0.4541 -0.6982 0.5796 0.4757 -0.6617 0.6044 0.4960 -0.6235 0.6276 0.5151 -0.5837 0.6493 0.5329 -0.5425 0.6694 0.5494 -0.5000 0.6879 0.5645 -0.4562 0.7046 0.5783 -0.4113 0.7196 0.5905 -0.3653 0.7328 0.6014 -0.3185 0.7441 0.6107 -0.2708 0.7536 0.6185 -0.2225 0.7613 0.6248 -0.1736 0.7670 0.6295 -0.1243 0.7708 0.6326 -0.0747 0.7728 0.6342 -0.0249 0.7728 0.6342 0.0249 0.7708 0.6326 0.0747 0.7670 0.6295 0.1243 0.7613 0.6248 0.1736 0.7536 0.6185 0.2225 0.7441 0.6107 0.2708 0.7328 0.6014 0.3185 0.7196 0.5905 0.3653 0.7046 0.5783 0.4113 0.6879 0.5645 0.4562 0.6694 0.5494 0.5000 0.6493 0.5329 0.5425 0.6276 0.5151 0.5837 0.6044 0.4960 0.6235 0.5796 0.4757 0.6617 0.5534 0.4541 0.6982 0.5258 0.4315 0.7331 0.4969 0.4078 0.7660 0.4667 0.3830 0.7971 0.4355 0.3574 0.8262 0.4031 0.3308 0.8533 0.3697 0.3034 0.8782 0.3354 0.2753 0.9010 0.3003 0.2464 0.9215 0.2644 0.2170 0.9397 0.2278 0.1870 0.9556 0.1907 0.1565 0.9691 0.1532 0.1257 0.9802 0.1152 0.0946 0.9888 0.0770 0.0632 0.9950 0.0385 0.0316 0.9988 0.0369 0.0335 -0.9988 0.0738 0.0669 -0.9950 0.1104 0.1001 -0.9888 0.1468 0.1331 -0.9802 0.1828 0.1657 -0.9691 0.2184 0.1979 -0.9556 0.2534 0.2297 -0.9397 0.2878 0.2609 -0.9215 0.3215 0.2914 -0.9010 0.3544 0.3212 -0.8782 0.3864 0.3502 -0.8533 0.4174 0.3783 -0.8262 0.4474 0.4055 -0.7971 0.4763 0.4317 -0.7660 0.5040 0.4568 -0.7331 0.5304 0.4807 -0.6982 0.5556 0.5035 -0.6617 0.5793 0.5250 -0.6235 0.6016 0.5453 -0.5837 0.6224 0.5641 -0.5425 0.6417 0.5816 -0.5000 0.6594 0.5976 -0.4562 0.6754 0.6121 -0.4113 0.6897 0.6251 -0.3653 0.7024 0.6366 -0.3185 0.7133 0.6465 -0.2708 0.7224 0.6547 -0.2225 0.7297 0.6614 -0.1736 0.7352 0.6663 -0.1243 0.7389 0.6697 -0.0747 0.7407 0.6714 -0.0249 0.7407 0.6714 0.0249 0.7389 0.6697 0.0747 0.7352 0.6663 0.1243 0.7297 0.6614 0.1736 0.7224 0.6547 0.2225 0.7133 0.6465 0.2708 0.7024 0.6366 0.3185 0.6897 0.6251 0.3653 0.6754 0.6121 0.4113 0.6594 0.5976 0.4562 0.6417 0.5816 0.5000 0.6224 0.5641 0.5425 0.6016 0.5453 0.5837 0.5793 0.5250 0.6235 0.5556 0.5035 0.6617 0.5304 0.4807 0.6982 0.5040 0.4568 0.7331 0.4763 0.4317 0.7660 0.4474 0.4055 0.7971 0.4174 0.3783 0.8262 0.3864 0.3502 0.8533 0.3544 0.3212 0.8782 0.3215 0.2914 0.9010 0.2878 0.2609 0.9215 0.2534 0.2297 0.9397 0.2184 0.1979 0.9556 0.1828 0.1657 0.9691 0.1468 0.1331 0.9802 0.1104 0.1001 0.9888 0.0738 0.0669 0.9950 0.0369 0.0335 0.9988 0.0352 0.0352 -0.9988 0.0704 0.0704 -0.9950 0.1054 0.1054 -0.9888 0.1401 0.1401 -0.9802 0.1745 0.1745 -0.9691 0.2084 0.2084 -0.9556 0.2418 0.2418 -0.9397 0.2747 0.2747 -0.9215 0.3068 0.3068 -0.9010 0.3382 0.3382 -0.8782 0.3687 0.3687 -0.8533 0.3983 0.3983 -0.8262 0.4270 0.4270 -0.7971 0.4545 0.4545 -0.7660 0.4810 0.4810 -0.7331 0.5062 0.5062 -0.6982 0.5302 0.5302 -0.6617 0.5528 0.5528 -0.6235 0.5741 0.5741 -0.5837 0.5940 0.5940 -0.5425 0.6124 0.6124 -0.5000 0.6292 0.6292 -0.4562 0.6445 0.6445 -0.4113 0.6582 0.6582 -0.3653 0.6703 0.6703 -0.3185 0.6807 0.6807 -0.2708 0.6894 0.6894 -0.2225 0.6964 0.6964 -0.1736 0.7016 0.7016 -0.1243 0.7051 0.7051 -0.0747 0.7069 0.7069 -0.0249 0.7069 0.7069 0.0249 0.7051 0.7051 0.0747 0.7016 0.7016 0.1243 0.6964 0.6964 0.1736 0.6894 0.6894 0.2225 0.6807 0.6807 0.2708 0.6703 0.6703 0.3185 0.6582 0.6582 0.3653 0.6445 0.6445 0.4113 0.6292 0.6292 0.4562 0.6124 0.6124 0.5000 0.5940 0.5940 0.5425 0.5741 0.5741 0.5837 0.5528 0.5528 0.6235 0.5302 0.5302 0.6617 0.5062 0.5062 0.6982 0.4810 0.4810 0.7331 0.4545 0.4545 0.7660 0.4270 0.4270 0.7971 0.3983 0.3983 0.8262 0.3687 0.3687 0.8533 0.3382 0.3382 0.8782 0.3068 0.3068 0.9010 0.2747 0.2747 0.9215 0.2418 0.2418 0.9397 0.2084 0.2084 0.9556 0.1745 0.1745 0.9691 0.1401 0.1401 0.9802 0.1054 0.1054 0.9888 0.0704 0.0704 0.9950 0.0352 0.0352 0.9988 0.0335 0.0369 -0.9988 0.0669 0.0738 -0.9950 0.1001 0.1104 -0.9888 0.1331 0.1468 -0.9802 0.1657 0.1828 -0.9691 0.1979 0.2184 -0.9556 0.2297 0.2534 -0.9397 0.2609 0.2878 -0.9215 0.2914 0.3215 -0.9010 0.3212 0.3544 -0.8782 0.3502 0.3864 -0.8533 0.3783 0.4174 -0.8262 0.4055 0.4474 -0.7971 0.4317 0.4763 -0.7660 0.4568 0.5040 -0.7331 0.4807 0.5304 -0.6982 0.5035 0.5556 -0.6617 0.5250 0.5793 -0.6235 0.5453 0.6016 -0.5837 0.5641 0.6224 -0.5425 0.5816 0.6417 -0.5000 0.5976 0.6594 -0.4562 0.6121 0.6754 -0.4113 0.6251 0.6897 -0.3653 0.6366 0.7024 -0.3185 0.6465 0.7133 -0.2708 0.6547 0.7224 -0.2225 0.6614 0.7297 -0.1736 0.6663 0.7352 -0.1243 0.6697 0.7389 -0.0747 0.6714 0.7407 -0.0249 0.6714 0.7407 0.0249 0.6697 0.7389 0.0747 0.6663 0.7352 0.1243 0.6614 0.7297 0.1736 0.6547 0.7224 0.2225 0.6465 0.7133 0.2708 0.6366 0.7024 0.3185 0.6251 0.6897 0.3653 0.6121 0.6754 0.4113 0.5976 0.6594 0.4562 0.5816 0.6417 0.5000 0.5641 0.6224 0.5425 0.5453 0.6016 0.5837 0.5250 0.5793 0.6235 0.5035 0.5556 0.6617 0.4807 0.5304 0.6982 0.4568 0.5040 0.7331 0.4317 0.4763 0.7660 0.4055 0.4474 0.7971 0.3783 0.4174 0.8262 0.3502 0.3864 0.8533 0.3212 0.3544 0.8782 0.2914 0.3215 0.9010 0.2609 0.2878 0.9215 0.2297 0.2534 0.9397 0.1979 0.2184 0.9556 0.1657 0.1828 0.9691 0.1331 0.1468 0.9802 0.1001 0.1104 0.9888 0.0669 0.0738 0.9950 0.0335 0.0369 0.9988 0.0316 0.0385 -0.9988 0.0632 0.0770 -0.9950 0.0946 0.1152 -0.9888 0.1257 0.1532 -0.9802 0.1565 0.1907 -0.9691 0.1870 0.2278 -0.9556 0.2170 0.2644 -0.9397 0.2464 0.3003 -0.9215 0.2753 0.3354 -0.9010 0.3034 0.3697 -0.8782 0.3308 0.4031 -0.8533 0.3574 0.4355 -0.8262 0.3830 0.4667 -0.7971 0.4078 0.4969 -0.7660 0.4315 0.5258 -0.7331 0.4541 0.5534 -0.6982 0.4757 0.5796 -0.6617 0.4960 0.6044 -0.6235 0.5151 0.6276 -0.5837 0.5329 0.6493 -0.5425 0.5494 0.6694 -0.5000 0.5645 0.6879 -0.4562 0.5783 0.7046 -0.4113 0.5905 0.7196 -0.3653 0.6014 0.7328 -0.3185 0.6107 0.7441 -0.2708 0.6185 0.7536 -0.2225 0.6248 0.7613 -0.1736 0.6295 0.7670 -0.1243 0.6326 0.7708 -0.0747 0.6342 0.7728 -0.0249 0.6342 0.7728 0.0249 0.6326 0.7708 0.0747 0.6295 0.7670 0.1243 0.6248 0.7613 0.1736 0.6185 0.7536 0.2225 0.6107 0.7441 0.2708 0.6014 0.7328 0.3185 0.5905 0.7196 0.3653 0.5783 0.7046 0.4113 0.5645 0.6879 0.4562 0.5494 0.6694 0.5000 0.5329 0.6493 0.5425 0.5151 0.6276 0.5837 0.4960 0.6044 0.6235 0.4757 0.5796 0.6617 0.4541 0.5534 0.6982 0.4315 0.5258 0.7331 0.4078 0.4969 0.7660 0.3830 0.4667 0.7971 0.3574 0.4355 0.8262 0.3308 0.4031 0.8533 0.3034 0.3697 0.8782 0.2753 0.3354 0.9010 0.2464 0.3003 0.9215 0.2170 0.2644 0.9397 0.1870 0.2278 0.9556 0.1565 0.1907 0.9691 0.1257 0.1532 0.9802 0.0946 0.1152 0.9888 0.0632 0.0770 0.9950 0.0316 0.0385 0.9988 0.0297 0.0400 -0.9988 0.0593 0.0800 -0.9950 0.0888 0.1197 -0.9888 0.1180 0.1592 -0.9802 0.1470 0.1982 -0.9691 0.1756 0.2367 -0.9556 0.2037 0.2747 -0.9397 0.2314 0.3120 -0.9215 0.2585 0.3485 -0.9010 0.2849 0.3841 -0.8782 0.3106 0.4188 -0.8533 0.3356 0.4525 -0.8262 0.3597 0.4850 -0.7971 0.3829 0.5163 -0.7660 0.4052 0.5463 -0.7331 0.4264 0.5750 -0.6982 0.4466 0.6022 -0.6617 0.4657 0.6280 -0.6235 0.4837 0.6522 -0.5837 0.5004 0.6747 -0.5425 0.5159 0.6956 -0.5000 0.5301 0.7148 -0.4562 0.5430 0.7321 -0.4113 0.5545 0.7477 -0.3653 0.5647 0.7614 -0.3185 0.5734 0.7732 -0.2708 0.5808 0.7831 -0.2225 0.5866 0.7910 -0.1736 0.5911 0.7970 -0.1243 0.5940 0.8010 -0.0747 0.5955 0.8030 -0.0249 0.5955 0.8030 0.0249 0.5940 0.8010 0.0747 0.5911 0.7970 0.1243 0.5866 0.7910 0.1736 0.5808 0.7831 0.2225 0.5734 0.7732 0.2708 0.5647 0.7614 0.3185 0.5545 0.7477 0.3653 0.5430 0.7321 0.4113 0.5301 0.7148 0.4562 0.5159 0.6956 0.5000 0.5004 0.6747 0.5425 0.4837 0.6522 0.5837 0.4657 0.6280 0.6235 0.4466 0.6022 0.6617 0.4264 0.5750 0.6982 0.4052 0.5463 0.7331 0.3829 0.5163 0.7660 0.3597 0.4850 0.7971 0.3356 0.4525 0.8262 0.3106 0.4188 0.8533 0.2849 0.3841 0.8782 0.2585 0.3485 0.9010 0.2314 0.3120 0.9215 0.2037 0.2747 0.9397 0.1756 0.2367 0.9556 0.1470 0.1982 0.9691 0.1180 0.1592 0.9802 0.0888 0.1197 0.9888 0.0593 0.0800 0.9950 0.0297 0.0400 0.9988 0.0277 0.0414 -0.9988 0.0553 0.0828 -0.9950 0.0828 0.1239 -0.9888 0.1101 0.1648 -0.9802 0.1371 0.2052 -0.9691 0.1638 0.2451 -0.9556 0.1900 0.2844 -0.9397 0.2158 0.3230 -0.9215 0.2411 0.3608 -0.9010 0.2657 0.3977 -0.8782 0.2897 0.4336 -0.8533 0.3130 0.4684 -0.8262 0.3355 0.5020 -0.7971 0.3571 0.5345 -0.7660 0.3779 0.5655 -0.7331 0.3977 0.5952 -0.6982 0.4166 0.6234 -0.6617 0.4344 0.6501 -0.6235 0.4511 0.6751 -0.5837 0.4667 0.6985 -0.5425 0.4811 0.7201 -0.5000 0.4944 0.7399 -0.4562 0.5064 0.7579 -0.4113 0.5172 0.7740 -0.3653 0.5266 0.7882 -0.3185 0.5348 0.8004 -0.2708 0.5416 0.8106 -0.2225 0.5471 0.8188 -0.1736 0.5513 0.8250 -0.1243 0.5540 0.8291 -0.0747 0.5554 0.8312 -0.0249 0.5554 0.8312 0.0249 0.5540 0.8291 0.0747 0.5513 0.8250 0.1243 0.5471 0.8188 0.1736 0.5416 0.8106 0.2225 0.5348 0.8004 0.2708 0.5266 0.7882 0.3185 0.5172 0.7740 0.3653 0.5064 0.7579 0.4113 0.4944 0.7399 0.4562 0.4811 0.7201 0.5000 0.4667 0.6985 0.5425 0.4511 0.6751 0.5837 0.4344 0.6501 0.6235 0.4166 0.6234 0.6617 0.3977 0.5952 0.6982 0.3779 0.5655 0.7331 0.3571 0.5345 0.7660 0.3355 0.5020 0.7971 0.3130 0.4684 0.8262 0.2897 0.4336 0.8533 0.2657 0.3977 0.8782 0.2411 0.3608 0.9010 0.2158 0.3230 0.9215 0.1900 0.2844 0.9397 0.1638 0.2451 0.9556 0.1371 0.2052 0.9691 0.1101 0.1648 0.9802 0.0828 0.1239 0.9888 0.0553 0.0828 0.9950 0.0277 0.0414 0.9988 0.0256 0.0428 -0.9988 0.0512 0.0854 -0.9950 0.0766 0.1278 -0.9888 0.1019 0.1700 -0.9802 0.1269 0.2117 -0.9691 0.1515 0.2528 -0.9556 0.1758 0.2934 -0.9397 0.1997 0.3332 -0.9215 0.2231 0.3722 -0.9010 0.2459 0.4102 -0.8782 0.2681 0.4472 -0.8533 0.2896 0.4832 -0.8262 0.3104 0.5179 -0.7971 0.3305 0.5513 -0.7660 0.3497 0.5834 -0.7331 0.3680 0.6140 -0.6982 0.3855 0.6431 -0.6617 0.4019 0.6706 -0.6235 0.4174 0.6964 -0.5837 0.4319 0.7205 -0.5425 0.4452 0.7428 -0.5000 0.4575 0.7633 -0.4562 0.4686 0.7818 -0.4113 0.4786 0.7984 -0.3653 0.4873 0.8131 -0.3185 0.4949 0.8257 -0.2708 0.5012 0.8362 -0.2225 0.5063 0.8447 -0.1736 0.5101 0.8511 -0.1243 0.5127 0.8553 -0.0747 0.5139 0.8575 -0.0249 0.5139 0.8575 0.0249 0.5127 0.8553 0.0747 0.5101 0.8511 0.1243 0.5063 0.8447 0.1736 0.5012 0.8362 0.2225 0.4949 0.8257 0.2708 0.4873 0.8131 0.3185 0.4786 0.7984 0.3653 0.4686 0.7818 0.4113 0.4575 0.7633 0.4562 0.4452 0.7428 0.5000 0.4319 0.7205 0.5425 0.4174 0.6964 0.5837 0.4019 0.6706 0.6235 0.3855 0.6431 0.6617 0.3680 0.6140 0.6982 0.3497 0.5834 0.7331 0.3305 0.5513 0.7660 0.3104 0.5179 0.7971 0.2896 0.4832 0.8262 0.2681 0.4472 0.8533 0.2459 0.4102 0.8782 0.2231 0.3722 0.9010 0.1997 0.3332 0.9215 0.1758 0.2934 0.9397 0.1515 0.2528 0.9556 0.1269 0.2117 0.9691 0.1019 0.1700 0.9802 0.0766 0.1278 0.9888 0.0512 0.0854 0.9950 0.0256 0.0428 0.9988 0.0235 0.0440 -0.9988 0.0469 0.0878 -0.9950 0.0703 0.1314 -0.9888 0.0934 0.1747 -0.9802 0.1163 0.2176 -0.9691 0.1389 0.2600 -0.9556 0.1612 0.3016 -0.9397 0.1831 0.3426 -0.9215 0.2045 0.3827 -0.9010 0.2254 0.4218 -0.8782 0.2458 0.4599 -0.8533 0.2655 0.4968 -0.8262 0.2846 0.5325 -0.7971 0.3030 0.5669 -0.7660 0.3206 0.5999 -0.7331 0.3375 0.6313 -0.6982 0.3534 0.6612 -0.6617 0.3686 0.6895 -0.6235 0.3827 0.7161 -0.5837 0.3960 0.7408 -0.5425 0.4082 0.7638 -0.5000 0.4195 0.7848 -0.4562 0.4297 0.8039 -0.4113 0.4388 0.8210 -0.3653 0.4468 0.8360 -0.3185 0.4538 0.8490 -0.2708 0.4596 0.8598 -0.2225 0.4642 0.8685 -0.1736 0.4677 0.8751 -0.1243 0.4701 0.8795 -0.0747 0.4713 0.8816 -0.0249 0.4713 0.8816 0.0249 0.4701 0.8795 0.0747 0.4677 0.8751 0.1243 0.4642 0.8685 0.1736 0.4596 0.8598 0.2225 0.4538 0.8490 0.2708 0.4468 0.8360 0.3185 0.4388 0.8210 0.3653 0.4297 0.8039 0.4113 0.4195 0.7848 0.4562 0.4082 0.7638 0.5000 0.3960 0.7408 0.5425 0.3827 0.7161 0.5837 0.3686 0.6895 0.6235 0.3534 0.6612 0.6617 0.3375 0.6313 0.6982 0.3206 0.5999 0.7331 0.3030 0.5669 0.7660 0.2846 0.5325 0.7971 0.2655 0.4968 0.8262 0.2458 0.4599 0.8533 0.2254 0.4218 0.8782 0.2045 0.3827 0.9010 0.1831 0.3426 0.9215 0.1612 0.3016 0.9397 0.1389 0.2600 0.9556 0.1163 0.2176 0.9691 0.0934 0.1747 0.9802 0.0703 0.1314 0.9888 0.0469 0.0878 0.9950 0.0235 0.0440 0.9988 0.0213 0.0451 -0.9988 0.0426 0.0900 -0.9950 0.0637 0.1347 -0.9888 0.0847 0.1791 -0.9802 0.1055 0.2231 -0.9691 0.1260 0.2665 -0.9556 0.1462 0.3092 -0.9397 0.1661 0.3511 -0.9215 0.1855 0.3922 -0.9010 0.2045 0.4323 -0.8782 0.2229 0.4714 -0.8533 0.2409 0.5092 -0.8262 0.2582 0.5458 -0.7971 0.2748 0.5811 -0.7660 0.2908 0.6149 -0.7331 0.3061 0.6471 -0.6982 0.3206 0.6778 -0.6617 0.3343 0.7068 -0.6235 0.3471 0.7340 -0.5837 0.3592 0.7594 -0.5425 0.3703 0.7829 -0.5000 0.3805 0.8044 -0.4562 0.3897 0.8240 -0.4113 0.3980 0.8415 -0.3653 0.4053 0.8569 -0.3185 0.4116 0.8702 -0.2708 0.4168 0.8813 -0.2225 0.4211 0.8903 -0.1736 0.4242 0.8970 -0.1243 0.4264 0.9015 -0.0747 0.4274 0.9037 -0.0249 0.4274 0.9037 0.0249 0.4264 0.9015 0.0747 0.4242 0.8970 0.1243 0.4211 0.8903 0.1736 0.4168 0.8813 0.2225 0.4116 0.8702 0.2708 0.4053 0.8569 0.3185 0.3980 0.8415 0.3653 0.3897 0.8240 0.4113 0.3805 0.8044 0.4562 0.3703 0.7829 0.5000 0.3592 0.7594 0.5425 0.3471 0.7340 0.5837 0.3343 0.7068 0.6235 0.3206 0.6778 0.6617 0.3061 0.6471 0.6982 0.2908 0.6149 0.7331 0.2748 0.5811 0.7660 0.2582 0.5458 0.7971 0.2409 0.5092 0.8262 0.2229 0.4714 0.8533 0.2045 0.4323 0.8782 0.1855 0.3922 0.9010 0.1661 0.3511 0.9215 0.1462 0.3092 0.9397 0.1260 0.2665 0.9556 0.1055 0.2231 0.9691 0.0847 0.1791 0.9802 0.0637 0.1347 0.9888 0.0426 0.0900 0.9950 0.0213 0.0451 0.9988 0.0191 0.0461 -0.9988 0.0381 0.0920 -0.9950 0.0570 0.1377 -0.9888 0.0758 0.1831 -0.9802 0.0944 0.2280 -0.9691 0.1128 0.2723 -0.9556 0.1309 0.3160 -0.9397 0.1486 0.3589 -0.9215 0.1660 0.4009 -0.9010 0.1830 0.4418 -0.8782 0.1995 0.4817 -0.8533 0.2156 0.5204 -0.8262 0.2311 0.5578 -0.7971 0.2460 0.5939 -0.7660 0.2603 0.6284 -0.7331 0.2740 0.6614 -0.6982 0.2869 0.6927 -0.6617 0.2992 0.7223 -0.6235 0.3107 0.7501 -0.5837 0.3215 0.7761 -0.5425 0.3314 0.8001 -0.5000 0.3405 0.8221 -0.4562 0.3488 0.8421 -0.4113 0.3562 0.8600 -0.3653 0.3628 0.8758 -0.3185 0.3684 0.8893 -0.2708 0.3731 0.9007 -0.2225 0.3769 0.9098 -0.1736 0.3797 0.9167 -0.1243 0.3816 0.9213 -0.0747 0.3826 0.9236 -0.0249 0.3826 0.9236 0.0249 0.3816 0.9213 0.0747 0.3797 0.9167 0.1243 0.3769 0.9098 0.1736 0.3731 0.9007 0.2225 0.3684 0.8893 0.2708 0.3628 0.8758 0.3185 0.3562 0.8600 0.3653 0.3488 0.8421 0.4113 0.3405 0.8221 0.4562 0.3314 0.8001 0.5000 0.3215 0.7761 0.5425 0.3107 0.7501 0.5837 0.2992 0.7223 0.6235 0.2869 0.6927 0.6617 0.2740 0.6614 0.6982 0.2603 0.6284 0.7331 0.2460 0.5939 0.7660 0.2311 0.5578 0.7971 0.2156 0.5204 0.8262 0.1995 0.4817 0.8533 0.1830 0.4418 0.8782 0.1660 0.4009 0.9010 0.1486 0.3589 0.9215 0.1309 0.3160 0.9397 0.1128 0.2723 0.9556 0.0944 0.2280 0.9691 0.0758 0.1831 0.9802 0.0570 0.1377 0.9888 0.0381 0.0920 0.9950 0.0191 0.0461 0.9988 0.0168 0.0469 -0.9988 0.0335 0.0937 -0.9950 0.0502 0.1403 -0.9888 0.0668 0.1866 -0.9802 0.0831 0.2323 -0.9691 0.0993 0.2775 -0.9556 0.1152 0.3220 -0.9397 0.1309 0.3657 -0.9215 0.1462 0.4085 -0.9010 0.1611 0.4503 -0.8782 0.1757 0.4910 -0.8533 0.1898 0.5304 -0.8262 0.2034 0.5685 -0.7971 0.2165 0.6052 -0.7660 0.2291 0.6404 -0.7331 0.2412 0.6740 -0.6982 0.2526 0.7060 -0.6617 0.2634 0.7361 -0.6235 0.2735 0.7645 -0.5837 0.2830 0.7909 -0.5425 0.2918 0.8154 -0.5000 0.2998 0.8379 -0.4562 0.3071 0.8582 -0.4113 0.3136 0.8765 -0.3653 0.3193 0.8925 -0.3185 0.3243 0.9064 -0.2708 0.3284 0.9179 -0.2225 0.3318 0.9272 -0.1736 0.3343 0.9342 -0.1243 0.3359 0.9389 -0.0747 0.3368 0.9413 -0.0249 0.3368 0.9413 0.0249 0.3359 0.9389 0.0747 0.3343 0.9342 0.1243 0.3318 0.9272 0.1736 0.3284 0.9179 0.2225 0.3243 0.9064 0.2708 0.3193 0.8925 0.3185 0.3136 0.8765 0.3653 0.3071 0.8582 0.4113 0.2998 0.8379 0.4562 0.2918 0.8154 0.5000 0.2830 0.7909 0.5425 0.2735 0.7645 0.5837 0.2634 0.7361 0.6235 0.2526 0.7060 0.6617 0.2412 0.6740 0.6982 0.2291 0.6404 0.7331 0.2165 0.6052 0.7660 0.2034 0.5685 0.7971 0.1898 0.5304 0.8262 0.1757 0.4910 0.8533 0.1611 0.4503 0.8782 0.1462 0.4085 0.9010 0.1309 0.3657 0.9215 0.1152 0.3220 0.9397 0.0993 0.2775 0.9556 0.0831 0.2323 0.9691 0.0668 0.1866 0.9802 0.0502 0.1403 0.9888 0.0335 0.0937 0.9950 0.0168 0.0469 0.9988 0.0145 0.0477 -0.9988 0.0289 0.0953 -0.9950 0.0433 0.1426 -0.9888 0.0575 0.1896 -0.9802 0.0716 0.2361 -0.9691 0.0856 0.2821 -0.9556 0.0993 0.3273 -0.9397 0.1128 0.3717 -0.9215 0.1259 0.4152 -0.9010 0.1388 0.4577 -0.8782 0.1514 0.4990 -0.8533 0.1635 0.5391 -0.8262 0.1753 0.5778 -0.7971 0.1866 0.6151 -0.7660 0.1974 0.6509 -0.7331 0.2078 0.6850 -0.6982 0.2176 0.7175 -0.6617 0.2270 0.7482 -0.6235 0.2357 0.7770 -0.5837 0.2438 0.8039 -0.5425 0.2514 0.8287 -0.5000 0.2583 0.8516 -0.4562 0.2646 0.8723 -0.4113 0.2702 0.8908 -0.3653 0.2752 0.9071 -0.3185 0.2794 0.9212 -0.2708 0.2830 0.9329 -0.2225 0.2859 0.9424 -0.1736 0.2880 0.9495 -0.1243 0.2895 0.9543 -0.0747 0.2902 0.9566 -0.0249 0.2902 0.9566 0.0249 0.2895 0.9543 0.0747 0.2880 0.9495 0.1243 0.2859 0.9424 0.1736 0.2830 0.9329 0.2225 0.2794 0.9212 0.2708 0.2752 0.9071 0.3185 0.2702 0.8908 0.3653 0.2646 0.8723 0.4113 0.2583 0.8516 0.4562 0.2514 0.8287 0.5000 0.2438 0.8039 0.5425 0.2357 0.7770 0.5837 0.2270 0.7482 0.6235 0.2176 0.7175 0.6617 0.2078 0.6850 0.6982 0.1974 0.6509 0.7331 0.1866 0.6151 0.7660 0.1753 0.5778 0.7971 0.1635 0.5391 0.8262 0.1514 0.4990 0.8533 0.1388 0.4577 0.8782 0.1259 0.4152 0.9010 0.1128 0.3717 0.9215 0.0993 0.3273 0.9397 0.0856 0.2821 0.9556 0.0716 0.2361 0.9691 0.0575 0.1896 0.9802 0.0433 0.1426 0.9888 0.0289 0.0953 0.9950 0.0145 0.0477 0.9988 0.0121 0.0484 -0.9988 0.0242 0.0966 -0.9950 0.0362 0.1446 -0.9888 0.0481 0.1922 -0.9802 0.0600 0.2394 -0.9691 0.0716 0.2859 -0.9556 0.0831 0.3318 -0.9397 0.0944 0.3768 -0.9215 0.1054 0.4209 -0.9010 0.1162 0.4639 -0.8782 0.1267 0.5058 -0.8533 0.1369 0.5464 -0.8262 0.1467 0.5857 -0.7971 0.1562 0.6235 -0.7660 0.1653 0.6598 -0.7331 0.1739 0.6944 -0.6982 0.1822 0.7273 -0.6617 0.1900 0.7584 -0.6235 0.1973 0.7876 -0.5837 0.2041 0.8149 -0.5425 0.2104 0.8401 -0.5000 0.2162 0.8632 -0.4562 0.2215 0.8842 -0.4113 0.2262 0.9030 -0.3653 0.2303 0.9195 -0.3185 0.2339 0.9338 -0.2708 0.2369 0.9457 -0.2225 0.2393 0.9553 -0.1736 0.2411 0.9625 -0.1243 0.2423 0.9673 -0.0747 0.2429 0.9697 -0.0249 0.2429 0.9697 0.0249 0.2423 0.9673 0.0747 0.2411 0.9625 0.1243 0.2393 0.9553 0.1736 0.2369 0.9457 0.2225 0.2339 0.9338 0.2708 0.2303 0.9195 0.3185 0.2262 0.9030 0.3653 0.2215 0.8842 0.4113 0.2162 0.8632 0.4562 0.2104 0.8401 0.5000 0.2041 0.8149 0.5425 0.1973 0.7876 0.5837 0.1900 0.7584 0.6235 0.1822 0.7273 0.6617 0.1739 0.6944 0.6982 0.1653 0.6598 0.7331 0.1562 0.6235 0.7660 0.1467 0.5857 0.7971 0.1369 0.5464 0.8262 0.1267 0.5058 0.8533 0.1162 0.4639 0.8782 0.1054 0.4209 0.9010 0.0944 0.3768 0.9215 0.0831 0.3318 0.9397 0.0716 0.2859 0.9556 0.0600 0.2394 0.9691 0.0481 0.1922 0.9802 0.0362 0.1446 0.9888 0.0242 0.0966 0.9950 0.0121 0.0484 0.9988 0.0097 0.0489 -0.9988 0.0194 0.0977 -0.9950 0.0291 0.1462 -0.9888 0.0387 0.1943 -0.9802 0.0481 0.2420 -0.9691 0.0575 0.2891 -0.9556 0.0667 0.3354 -0.9397 0.0758 0.3810 -0.9215 0.0846 0.4255 -0.9010 0.0933 0.4691 -0.8782 0.1017 0.5114 -0.8533 0.1099 0.5525 -0.8262 0.1178 0.5922 -0.7971 0.1254 0.6304 -0.7660 0.1327 0.6671 -0.7331 0.1397 0.7021 -0.6982 0.1463 0.7354 -0.6617 0.1525 0.7668 -0.6235 0.1584 0.7963 -0.5837 0.1639 0.8239 -0.5425 0.1690 0.8494 -0.5000 0.1736 0.8728 -0.4562 0.1778 0.8940 -0.4113 0.1816 0.9130 -0.3653 0.1849 0.9297 -0.3185 0.1878 0.9441 -0.2708 0.1902 0.9562 -0.2225 0.1921 0.9659 -0.1736 0.1936 0.9732 -0.1243 0.1945 0.9780 -0.0747 0.1950 0.9805 -0.0249 0.1950 0.9805 0.0249 0.1945 0.9780 0.0747 0.1936 0.9732 0.1243 0.1921 0.9659 0.1736 0.1902 0.9562 0.2225 0.1878 0.9441 0.2708 0.1849 0.9297 0.3185 0.1816 0.9130 0.3653 0.1778 0.8940 0.4113 0.1736 0.8728 0.4562 0.1690 0.8494 0.5000 0.1639 0.8239 0.5425 0.1584 0.7963 0.5837 0.1525 0.7668 0.6235 0.1463 0.7354 0.6617 0.1397 0.7021 0.6982 0.1327 0.6671 0.7331 0.1254 0.6304 0.7660 0.1178 0.5922 0.7971 0.1099 0.5525 0.8262 0.1017 0.5114 0.8533 0.0933 0.4691 0.8782 0.0846 0.4255 0.9010 0.0758 0.3810 0.9215 0.0667 0.3354 0.9397 0.0575 0.2891 0.9556 0.0481 0.2420 0.9691 0.0387 0.1943 0.9802 0.0291 0.1462 0.9888 0.0194 0.0977 0.9950 0.0097 0.0489 0.9988 0.0073 0.0493 -0.9988 0.0146 0.0985 -0.9950 0.0219 0.1474 -0.9888 0.0291 0.1960 -0.9802 0.0362 0.2441 -0.9691 0.0432 0.2916 -0.9556 0.0502 0.3383 -0.9397 0.0570 0.3842 -0.9215 0.0637 0.4292 -0.9010 0.0702 0.4731 -0.8782 0.0765 0.5158 -0.8533 0.0827 0.5572 -0.8262 0.0886 0.5973 -0.7971 0.0943 0.6358 -0.7660 0.0998 0.6728 -0.7331 0.1050 0.7081 -0.6982 0.1100 0.7417 -0.6617 0.1147 0.7734 -0.6235 0.1191 0.8032 -0.5837 0.1233 0.8309 -0.5425 0.1271 0.8567 -0.5000 0.1306 0.8802 -0.4562 0.1337 0.9016 -0.4113 0.1366 0.9208 -0.3653 0.1391 0.9377 -0.3185 0.1412 0.9522 -0.2708 0.1431 0.9644 -0.2225 0.1445 0.9741 -0.1736 0.1456 0.9815 -0.1243 0.1463 0.9864 -0.0747 0.1467 0.9889 -0.0249 0.1467 0.9889 0.0249 0.1463 0.9864 0.0747 0.1456 0.9815 0.1243 0.1445 0.9741 0.1736 0.1431 0.9644 0.2225 0.1412 0.9522 0.2708 0.1391 0.9377 0.3185 0.1366 0.9208 0.3653 0.1337 0.9016 0.4113 0.1306 0.8802 0.4562 0.1271 0.8567 0.5000 0.1233 0.8309 0.5425 0.1191 0.8032 0.5837 0.1147 0.7734 0.6235 0.1100 0.7417 0.6617 0.1050 0.7081 0.6982 0.0998 0.6728 0.7331 0.0943 0.6358 0.7660 0.0886 0.5973 0.7971 0.0827 0.5572 0.8262 0.0765 0.5158 0.8533 0.0702 0.4731 0.8782 0.0637 0.4292 0.9010 0.0570 0.3842 0.9215 0.0502 0.3383 0.9397 0.0432 0.2916 0.9556 0.0362 0.2441 0.9691 0.0291 0.1960 0.9802 0.0219 0.1474 0.9888 0.0146 0.0985 0.9950 0.0073 0.0493 0.9988 0.0049 0.0496 -0.9988 0.0098 0.0991 -0.9950 0.0146 0.1483 -0.9888 0.0194 0.1972 -0.9802 0.0242 0.2456 -0.9691 0.0289 0.2933 -0.9556 0.0335 0.3404 -0.9397 0.0381 0.3866 -0.9215 0.0425 0.4318 -0.9010 0.0469 0.4760 -0.8782 0.0511 0.5189 -0.8533 0.0552 0.5606 -0.8262 0.0592 0.6009 -0.7971 0.0630 0.6397 -0.7660 0.0667 0.6769 -0.7331 0.0702 0.7124 -0.6982 0.0735 0.7462 -0.6617 0.0766 0.7781 -0.6235 0.0796 0.8080 -0.5837 0.0823 0.8360 -0.5425 0.0849 0.8619 -0.5000 0.0872 0.8856 -0.4562 0.0893 0.9071 -0.4113 0.0912 0.9264 -0.3653 0.0929 0.9434 -0.3185 0.0944 0.9580 -0.2708 0.0956 0.9702 -0.2225 0.0965 0.9801 -0.1736 0.0973 0.9875 -0.1243 0.0977 0.9924 -0.0747 0.0980 0.9949 -0.0249 0.0980 0.9949 0.0249 0.0977 0.9924 0.0747 0.0973 0.9875 0.1243 0.0965 0.9801 0.1736 0.0956 0.9702 0.2225 0.0944 0.9580 0.2708 0.0929 0.9434 0.3185 0.0912 0.9264 0.3653 0.0893 0.9071 0.4113 0.0872 0.8856 0.4562 0.0849 0.8619 0.5000 0.0823 0.8360 0.5425 0.0796 0.8080 0.5837 0.0766 0.7781 0.6235 0.0735 0.7462 0.6617 0.0702 0.7124 0.6982 0.0667 0.6769 0.7331 0.0630 0.6397 0.7660 0.0592 0.6009 0.7971 0.0552 0.5606 0.8262 0.0511 0.5189 0.8533 0.0469 0.4760 0.8782 0.0425 0.4318 0.9010 0.0381 0.3866 0.9215 0.0335 0.3404 0.9397 0.0289 0.2933 0.9556 0.0242 0.2456 0.9691 0.0194 0.1972 0.9802 0.0146 0.1483 0.9888 0.0098 0.0991 0.9950 0.0049 0.0496 0.9988 0.0024 0.0498 -0.9988 0.0049 0.0994 -0.9950 0.0073 0.1489 -0.9888 0.0097 0.1979 -0.9802 0.0121 0.2465 -0.9691 0.0145 0.2944 -0.9556 0.0168 0.3416 -0.9397 0.0191 0.3880 -0.9215 0.0213 0.4334 -0.9010 0.0235 0.4777 -0.8782 0.0256 0.5208 -0.8533 0.0276 0.5626 -0.8262 0.0296 0.6031 -0.7971 0.0315 0.6420 -0.7660 0.0334 0.6794 -0.7331 0.0351 0.7150 -0.6982 0.0368 0.7489 -0.6617 0.0384 0.7809 -0.6235 0.0398 0.8110 -0.5837 0.0412 0.8390 -0.5425 0.0425 0.8650 -0.5000 0.0437 0.8888 -0.4562 0.0447 0.9104 -0.4113 0.0457 0.9298 -0.3653 0.0465 0.9468 -0.3185 0.0472 0.9615 -0.2708 0.0478 0.9738 -0.2225 0.0483 0.9836 -0.1736 0.0487 0.9910 -0.1243 0.0489 0.9960 -0.0747 0.0491 0.9985 -0.0249 0.0491 0.9985 0.0249 0.0489 0.9960 0.0747 0.0487 0.9910 0.1243 0.0483 0.9836 0.1736 0.0478 0.9738 0.2225 0.0472 0.9615 0.2708 0.0465 0.9468 0.3185 0.0457 0.9298 0.3653 0.0447 0.9104 0.4113 0.0437 0.8888 0.4562 0.0425 0.8650 0.5000 0.0412 0.8390 0.5425 0.0398 0.8110 0.5837 0.0384 0.7809 0.6235 0.0368 0.7489 0.6617 0.0351 0.7150 0.6982 0.0334 0.6794 0.7331 0.0315 0.6420 0.7660 0.0296 0.6031 0.7971 0.0276 0.5626 0.8262 0.0256 0.5208 0.8533 0.0235 0.4777 0.8782 0.0213 0.4334 0.9010 0.0191 0.3880 0.9215 0.0168 0.3416 0.9397 0.0145 0.2944 0.9556 0.0121 0.2465 0.9691 0.0097 0.1979 0.9802 0.0073 0.1489 0.9888 0.0049 0.0994 0.9950 0.0024 0.0498 0.9988 0.0000 0.0498 -0.9988 0.0000 0.0996 -0.9950 0.0000 0.1490 -0.9888 0.0000 0.1981 -0.9802 0.0000 0.2468 -0.9691 0.0000 0.2948 -0.9556 0.0000 0.3420 -0.9397 0.0000 0.3884 -0.9215 0.0000 0.4339 -0.9010 0.0000 0.4783 -0.8782 0.0000 0.5214 -0.8533 0.0000 0.5633 -0.8262 0.0000 0.6038 -0.7971 0.0000 0.6428 -0.7660 0.0000 0.6802 -0.7331 0.0000 0.7159 -0.6982 0.0000 0.7498 -0.6617 0.0000 0.7818 -0.6235 0.0000 0.8119 -0.5837 0.0000 0.8400 -0.5425 0.0000 0.8660 -0.5000 0.0000 0.8899 -0.4562 0.0000 0.9115 -0.4113 0.0000 0.9309 -0.3653 0.0000 0.9479 -0.3185 0.0000 0.9626 -0.2708 0.0000 0.9749 -0.2225 0.0000 0.9848 -0.1736 0.0000 0.9922 -0.1243 0.0000 0.9972 -0.0747 0.0000 0.9997 -0.0249 0.0000 0.9997 0.0249 0.0000 0.9972 0.0747 0.0000 0.9922 0.1243 0.0000 0.9848 0.1736 0.0000 0.9749 0.2225 0.0000 0.9626 0.2708 0.0000 0.9479 0.3185 0.0000 0.9309 0.3653 0.0000 0.9115 0.4113 0.0000 0.8899 0.4562 0.0000 0.8660 0.5000 0.0000 0.8400 0.5425 0.0000 0.8119 0.5837 0.0000 0.7818 0.6235 0.0000 0.7498 0.6617 0.0000 0.7159 0.6982 0.0000 0.6802 0.7331 0.0000 0.6428 0.7660 0.0000 0.6038 0.7971 0.0000 0.5633 0.8262 0.0000 0.5214 0.8533 0.0000 0.4783 0.8782 0.0000 0.4339 0.9010 0.0000 0.3884 0.9215 0.0000 0.3420 0.9397 0.0000 0.2948 0.9556 0.0000 0.2468 0.9691 0.0000 0.1981 0.9802 0.0000 0.1490 0.9888 0.0000 0.0996 0.9950 0.0000 0.0498 0.9988 -0.0024 0.0498 -0.9988 -0.0049 0.0994 -0.9950 -0.0073 0.1489 -0.9888 -0.0097 0.1979 -0.9802 -0.0121 0.2465 -0.9691 -0.0145 0.2944 -0.9556 -0.0168 0.3416 -0.9397 -0.0191 0.3880 -0.9215 -0.0213 0.4334 -0.9010 -0.0235 0.4777 -0.8782 -0.0256 0.5208 -0.8533 -0.0276 0.5626 -0.8262 -0.0296 0.6031 -0.7971 -0.0315 0.6420 -0.7660 -0.0334 0.6794 -0.7331 -0.0351 0.7150 -0.6982 -0.0368 0.7489 -0.6617 -0.0384 0.7809 -0.6235 -0.0398 0.8110 -0.5837 -0.0412 0.8390 -0.5425 -0.0425 0.8650 -0.5000 -0.0437 0.8888 -0.4562 -0.0447 0.9104 -0.4113 -0.0457 0.9298 -0.3653 -0.0465 0.9468 -0.3185 -0.0472 0.9615 -0.2708 -0.0478 0.9738 -0.2225 -0.0483 0.9836 -0.1736 -0.0487 0.9910 -0.1243 -0.0489 0.9960 -0.0747 -0.0491 0.9985 -0.0249 -0.0491 0.9985 0.0249 -0.0489 0.9960 0.0747 -0.0487 0.9910 0.1243 -0.0483 0.9836 0.1736 -0.0478 0.9738 0.2225 -0.0472 0.9615 0.2708 -0.0465 0.9468 0.3185 -0.0457 0.9298 0.3653 -0.0447 0.9104 0.4113 -0.0437 0.8888 0.4562 -0.0425 0.8650 0.5000 -0.0412 0.8390 0.5425 -0.0398 0.8110 0.5837 -0.0384 0.7809 0.6235 -0.0368 0.7489 0.6617 -0.0351 0.7150 0.6982 -0.0334 0.6794 0.7331 -0.0315 0.6420 0.7660 -0.0296 0.6031 0.7971 -0.0276 0.5626 0.8262 -0.0256 0.5208 0.8533 -0.0235 0.4777 0.8782 -0.0213 0.4334 0.9010 -0.0191 0.3880 0.9215 -0.0168 0.3416 0.9397 -0.0145 0.2944 0.9556 -0.0121 0.2465 0.9691 -0.0097 0.1979 0.9802 -0.0073 0.1489 0.9888 -0.0049 0.0994 0.9950 -0.0024 0.0498 0.9988 -0.0049 0.0496 -0.9988 -0.0098 0.0991 -0.9950 -0.0146 0.1483 -0.9888 -0.0194 0.1972 -0.9802 -0.0242 0.2456 -0.9691 -0.0289 0.2933 -0.9556 -0.0335 0.3404 -0.9397 -0.0381 0.3866 -0.9215 -0.0425 0.4318 -0.9010 -0.0469 0.4760 -0.8782 -0.0511 0.5189 -0.8533 -0.0552 0.5606 -0.8262 -0.0592 0.6009 -0.7971 -0.0630 0.6397 -0.7660 -0.0667 0.6769 -0.7331 -0.0702 0.7124 -0.6982 -0.0735 0.7462 -0.6617 -0.0766 0.7781 -0.6235 -0.0796 0.8080 -0.5837 -0.0823 0.8360 -0.5425 -0.0849 0.8619 -0.5000 -0.0872 0.8856 -0.4562 -0.0893 0.9071 -0.4113 -0.0912 0.9264 -0.3653 -0.0929 0.9434 -0.3185 -0.0944 0.9580 -0.2708 -0.0956 0.9702 -0.2225 -0.0965 0.9801 -0.1736 -0.0973 0.9875 -0.1243 -0.0977 0.9924 -0.0747 -0.0980 0.9949 -0.0249 -0.0980 0.9949 0.0249 -0.0977 0.9924 0.0747 -0.0973 0.9875 0.1243 -0.0965 0.9801 0.1736 -0.0956 0.9702 0.2225 -0.0944 0.9580 0.2708 -0.0929 0.9434 0.3185 -0.0912 0.9264 0.3653 -0.0893 0.9071 0.4113 -0.0872 0.8856 0.4562 -0.0849 0.8619 0.5000 -0.0823 0.8360 0.5425 -0.0796 0.8080 0.5837 -0.0766 0.7781 0.6235 -0.0735 0.7462 0.6617 -0.0702 0.7124 0.6982 -0.0667 0.6769 0.7331 -0.0630 0.6397 0.7660 -0.0592 0.6009 0.7971 -0.0552 0.5606 0.8262 -0.0511 0.5189 0.8533 -0.0469 0.4760 0.8782 -0.0425 0.4318 0.9010 -0.0381 0.3866 0.9215 -0.0335 0.3404 0.9397 -0.0289 0.2933 0.9556 -0.0242 0.2456 0.9691 -0.0194 0.1972 0.9802 -0.0146 0.1483 0.9888 -0.0098 0.0991 0.9950 -0.0049 0.0496 0.9988 -0.0073 0.0493 -0.9988 -0.0146 0.0985 -0.9950 -0.0219 0.1474 -0.9888 -0.0291 0.1960 -0.9802 -0.0362 0.2441 -0.9691 -0.0432 0.2916 -0.9556 -0.0502 0.3383 -0.9397 -0.0570 0.3842 -0.9215 -0.0637 0.4292 -0.9010 -0.0702 0.4731 -0.8782 -0.0765 0.5158 -0.8533 -0.0827 0.5572 -0.8262 -0.0886 0.5973 -0.7971 -0.0943 0.6358 -0.7660 -0.0998 0.6728 -0.7331 -0.1050 0.7081 -0.6982 -0.1100 0.7417 -0.6617 -0.1147 0.7734 -0.6235 -0.1191 0.8032 -0.5837 -0.1233 0.8309 -0.5425 -0.1271 0.8567 -0.5000 -0.1306 0.8802 -0.4562 -0.1337 0.9016 -0.4113 -0.1366 0.9208 -0.3653 -0.1391 0.9377 -0.3185 -0.1412 0.9522 -0.2708 -0.1431 0.9644 -0.2225 -0.1445 0.9741 -0.1736 -0.1456 0.9815 -0.1243 -0.1463 0.9864 -0.0747 -0.1467 0.9889 -0.0249 -0.1467 0.9889 0.0249 -0.1463 0.9864 0.0747 -0.1456 0.9815 0.1243 -0.1445 0.9741 0.1736 -0.1431 0.9644 0.2225 -0.1412 0.9522 0.2708 -0.1391 0.9377 0.3185 -0.1366 0.9208 0.3653 -0.1337 0.9016 0.4113 -0.1306 0.8802 0.4562 -0.1271 0.8567 0.5000 -0.1233 0.8309 0.5425 -0.1191 0.8032 0.5837 -0.1147 0.7734 0.6235 -0.1100 0.7417 0.6617 -0.1050 0.7081 0.6982 -0.0998 0.6728 0.7331 -0.0943 0.6358 0.7660 -0.0886 0.5973 0.7971 -0.0827 0.5572 0.8262 -0.0765 0.5158 0.8533 -0.0702 0.4731 0.8782 -0.0637 0.4292 0.9010 -0.0570 0.3842 0.9215 -0.0502 0.3383 0.9397 -0.0432 0.2916 0.9556 -0.0362 0.2441 0.9691 -0.0291 0.1960 0.9802 -0.0219 0.1474 0.9888 -0.0146 0.0985 0.9950 -0.0073 0.0493 0.9988 -0.0097 0.0489 -0.9988 -0.0194 0.0977 -0.9950 -0.0291 0.1462 -0.9888 -0.0387 0.1943 -0.9802 -0.0481 0.2420 -0.9691 -0.0575 0.2891 -0.9556 -0.0667 0.3354 -0.9397 -0.0758 0.3810 -0.9215 -0.0846 0.4255 -0.9010 -0.0933 0.4691 -0.8782 -0.1017 0.5114 -0.8533 -0.1099 0.5525 -0.8262 -0.1178 0.5922 -0.7971 -0.1254 0.6304 -0.7660 -0.1327 0.6671 -0.7331 -0.1397 0.7021 -0.6982 -0.1463 0.7354 -0.6617 -0.1525 0.7668 -0.6235 -0.1584 0.7963 -0.5837 -0.1639 0.8239 -0.5425 -0.1690 0.8494 -0.5000 -0.1736 0.8728 -0.4562 -0.1778 0.8940 -0.4113 -0.1816 0.9130 -0.3653 -0.1849 0.9297 -0.3185 -0.1878 0.9441 -0.2708 -0.1902 0.9562 -0.2225 -0.1921 0.9659 -0.1736 -0.1936 0.9732 -0.1243 -0.1945 0.9780 -0.0747 -0.1950 0.9805 -0.0249 -0.1950 0.9805 0.0249 -0.1945 0.9780 0.0747 -0.1936 0.9732 0.1243 -0.1921 0.9659 0.1736 -0.1902 0.9562 0.2225 -0.1878 0.9441 0.2708 -0.1849 0.9297 0.3185 -0.1816 0.9130 0.3653 -0.1778 0.8940 0.4113 -0.1736 0.8728 0.4562 -0.1690 0.8494 0.5000 -0.1639 0.8239 0.5425 -0.1584 0.7963 0.5837 -0.1525 0.7668 0.6235 -0.1463 0.7354 0.6617 -0.1397 0.7021 0.6982 -0.1327 0.6671 0.7331 -0.1254 0.6304 0.7660 -0.1178 0.5922 0.7971 -0.1099 0.5525 0.8262 -0.1017 0.5114 0.8533 -0.0933 0.4691 0.8782 -0.0846 0.4255 0.9010 -0.0758 0.3810 0.9215 -0.0667 0.3354 0.9397 -0.0575 0.2891 0.9556 -0.0481 0.2420 0.9691 -0.0387 0.1943 0.9802 -0.0291 0.1462 0.9888 -0.0194 0.0977 0.9950 -0.0097 0.0489 0.9988 -0.0121 0.0484 -0.9988 -0.0242 0.0966 -0.9950 -0.0362 0.1446 -0.9888 -0.0481 0.1922 -0.9802 -0.0600 0.2394 -0.9691 -0.0716 0.2859 -0.9556 -0.0831 0.3318 -0.9397 -0.0944 0.3768 -0.9215 -0.1054 0.4209 -0.9010 -0.1162 0.4639 -0.8782 -0.1267 0.5058 -0.8533 -0.1369 0.5464 -0.8262 -0.1467 0.5857 -0.7971 -0.1562 0.6235 -0.7660 -0.1653 0.6598 -0.7331 -0.1739 0.6944 -0.6982 -0.1822 0.7273 -0.6617 -0.1900 0.7584 -0.6235 -0.1973 0.7876 -0.5837 -0.2041 0.8149 -0.5425 -0.2104 0.8401 -0.5000 -0.2162 0.8632 -0.4562 -0.2215 0.8842 -0.4113 -0.2262 0.9030 -0.3653 -0.2303 0.9195 -0.3185 -0.2339 0.9338 -0.2708 -0.2369 0.9457 -0.2225 -0.2393 0.9553 -0.1736 -0.2411 0.9625 -0.1243 -0.2423 0.9673 -0.0747 -0.2429 0.9697 -0.0249 -0.2429 0.9697 0.0249 -0.2423 0.9673 0.0747 -0.2411 0.9625 0.1243 -0.2393 0.9553 0.1736 -0.2369 0.9457 0.2225 -0.2339 0.9338 0.2708 -0.2303 0.9195 0.3185 -0.2262 0.9030 0.3653 -0.2215 0.8842 0.4113 -0.2162 0.8632 0.4562 -0.2104 0.8401 0.5000 -0.2041 0.8149 0.5425 -0.1973 0.7876 0.5837 -0.1900 0.7584 0.6235 -0.1822 0.7273 0.6617 -0.1739 0.6944 0.6982 -0.1653 0.6598 0.7331 -0.1562 0.6235 0.7660 -0.1467 0.5857 0.7971 -0.1369 0.5464 0.8262 -0.1267 0.5058 0.8533 -0.1162 0.4639 0.8782 -0.1054 0.4209 0.9010 -0.0944 0.3768 0.9215 -0.0831 0.3318 0.9397 -0.0716 0.2859 0.9556 -0.0600 0.2394 0.9691 -0.0481 0.1922 0.9802 -0.0362 0.1446 0.9888 -0.0242 0.0966 0.9950 -0.0121 0.0484 0.9988 -0.0145 0.0477 -0.9988 -0.0289 0.0953 -0.9950 -0.0433 0.1426 -0.9888 -0.0575 0.1896 -0.9802 -0.0716 0.2361 -0.9691 -0.0856 0.2821 -0.9556 -0.0993 0.3273 -0.9397 -0.1128 0.3717 -0.9215 -0.1259 0.4152 -0.9010 -0.1388 0.4577 -0.8782 -0.1514 0.4990 -0.8533 -0.1635 0.5391 -0.8262 -0.1753 0.5778 -0.7971 -0.1866 0.6151 -0.7660 -0.1974 0.6509 -0.7331 -0.2078 0.6850 -0.6982 -0.2176 0.7175 -0.6617 -0.2270 0.7482 -0.6235 -0.2357 0.7770 -0.5837 -0.2438 0.8039 -0.5425 -0.2514 0.8287 -0.5000 -0.2583 0.8516 -0.4562 -0.2646 0.8723 -0.4113 -0.2702 0.8908 -0.3653 -0.2752 0.9071 -0.3185 -0.2794 0.9212 -0.2708 -0.2830 0.9329 -0.2225 -0.2859 0.9424 -0.1736 -0.2880 0.9495 -0.1243 -0.2895 0.9543 -0.0747 -0.2902 0.9566 -0.0249 -0.2902 0.9566 0.0249 -0.2895 0.9543 0.0747 -0.2880 0.9495 0.1243 -0.2859 0.9424 0.1736 -0.2830 0.9329 0.2225 -0.2794 0.9212 0.2708 -0.2752 0.9071 0.3185 -0.2702 0.8908 0.3653 -0.2646 0.8723 0.4113 -0.2583 0.8516 0.4562 -0.2514 0.8287 0.5000 -0.2438 0.8039 0.5425 -0.2357 0.7770 0.5837 -0.2270 0.7482 0.6235 -0.2176 0.7175 0.6617 -0.2078 0.6850 0.6982 -0.1974 0.6509 0.7331 -0.1866 0.6151 0.7660 -0.1753 0.5778 0.7971 -0.1635 0.5391 0.8262 -0.1514 0.4990 0.8533 -0.1388 0.4577 0.8782 -0.1259 0.4152 0.9010 -0.1128 0.3717 0.9215 -0.0993 0.3273 0.9397 -0.0856 0.2821 0.9556 -0.0716 0.2361 0.9691 -0.0575 0.1896 0.9802 -0.0433 0.1426 0.9888 -0.0289 0.0953 0.9950 -0.0145 0.0477 0.9988 -0.0168 0.0469 -0.9988 -0.0335 0.0937 -0.9950 -0.0502 0.1403 -0.9888 -0.0668 0.1866 -0.9802 -0.0831 0.2323 -0.9691 -0.0993 0.2775 -0.9556 -0.1152 0.3220 -0.9397 -0.1309 0.3657 -0.9215 -0.1462 0.4085 -0.9010 -0.1611 0.4503 -0.8782 -0.1757 0.4910 -0.8533 -0.1898 0.5304 -0.8262 -0.2034 0.5685 -0.7971 -0.2165 0.6052 -0.7660 -0.2291 0.6404 -0.7331 -0.2412 0.6740 -0.6982 -0.2526 0.7060 -0.6617 -0.2634 0.7361 -0.6235 -0.2735 0.7645 -0.5837 -0.2830 0.7909 -0.5425 -0.2918 0.8154 -0.5000 -0.2998 0.8379 -0.4562 -0.3071 0.8582 -0.4113 -0.3136 0.8765 -0.3653 -0.3193 0.8925 -0.3185 -0.3243 0.9064 -0.2708 -0.3284 0.9179 -0.2225 -0.3318 0.9272 -0.1736 -0.3343 0.9342 -0.1243 -0.3359 0.9389 -0.0747 -0.3368 0.9413 -0.0249 -0.3368 0.9413 0.0249 -0.3359 0.9389 0.0747 -0.3343 0.9342 0.1243 -0.3318 0.9272 0.1736 -0.3284 0.9179 0.2225 -0.3243 0.9064 0.2708 -0.3193 0.8925 0.3185 -0.3136 0.8765 0.3653 -0.3071 0.8582 0.4113 -0.2998 0.8379 0.4562 -0.2918 0.8154 0.5000 -0.2830 0.7909 0.5425 -0.2735 0.7645 0.5837 -0.2634 0.7361 0.6235 -0.2526 0.7060 0.6617 -0.2412 0.6740 0.6982 -0.2291 0.6404 0.7331 -0.2165 0.6052 0.7660 -0.2034 0.5685 0.7971 -0.1898 0.5304 0.8262 -0.1757 0.4910 0.8533 -0.1611 0.4503 0.8782 -0.1462 0.4085 0.9010 -0.1309 0.3657 0.9215 -0.1152 0.3220 0.9397 -0.0993 0.2775 0.9556 -0.0831 0.2323 0.9691 -0.0668 0.1866 0.9802 -0.0502 0.1403 0.9888 -0.0335 0.0937 0.9950 -0.0168 0.0469 0.9988 -0.0191 0.0461 -0.9988 -0.0381 0.0920 -0.9950 -0.0570 0.1377 -0.9888 -0.0758 0.1831 -0.9802 -0.0944 0.2280 -0.9691 -0.1128 0.2723 -0.9556 -0.1309 0.3160 -0.9397 -0.1486 0.3589 -0.9215 -0.1660 0.4009 -0.9010 -0.1830 0.4418 -0.8782 -0.1995 0.4817 -0.8533 -0.2156 0.5204 -0.8262 -0.2311 0.5578 -0.7971 -0.2460 0.5939 -0.7660 -0.2603 0.6284 -0.7331 -0.2740 0.6614 -0.6982 -0.2869 0.6927 -0.6617 -0.2992 0.7223 -0.6235 -0.3107 0.7501 -0.5837 -0.3215 0.7761 -0.5425 -0.3314 0.8001 -0.5000 -0.3405 0.8221 -0.4562 -0.3488 0.8421 -0.4113 -0.3562 0.8600 -0.3653 -0.3628 0.8758 -0.3185 -0.3684 0.8893 -0.2708 -0.3731 0.9007 -0.2225 -0.3769 0.9098 -0.1736 -0.3797 0.9167 -0.1243 -0.3816 0.9213 -0.0747 -0.3826 0.9236 -0.0249 -0.3826 0.9236 0.0249 -0.3816 0.9213 0.0747 -0.3797 0.9167 0.1243 -0.3769 0.9098 0.1736 -0.3731 0.9007 0.2225 -0.3684 0.8893 0.2708 -0.3628 0.8758 0.3185 -0.3562 0.8600 0.3653 -0.3488 0.8421 0.4113 -0.3405 0.8221 0.4562 -0.3314 0.8001 0.5000 -0.3215 0.7761 0.5425 -0.3107 0.7501 0.5837 -0.2992 0.7223 0.6235 -0.2869 0.6927 0.6617 -0.2740 0.6614 0.6982 -0.2603 0.6284 0.7331 -0.2460 0.5939 0.7660 -0.2311 0.5578 0.7971 -0.2156 0.5204 0.8262 -0.1995 0.4817 0.8533 -0.1830 0.4418 0.8782 -0.1660 0.4009 0.9010 -0.1486 0.3589 0.9215 -0.1309 0.3160 0.9397 -0.1128 0.2723 0.9556 -0.0944 0.2280 0.9691 -0.0758 0.1831 0.9802 -0.0570 0.1377 0.9888 -0.0381 0.0920 0.9950 -0.0191 0.0461 0.9988 -0.0213 0.0451 -0.9988 -0.0426 0.0900 -0.9950 -0.0637 0.1347 -0.9888 -0.0847 0.1791 -0.9802 -0.1055 0.2231 -0.9691 -0.1260 0.2665 -0.9556 -0.1462 0.3092 -0.9397 -0.1661 0.3511 -0.9215 -0.1855 0.3922 -0.9010 -0.2045 0.4323 -0.8782 -0.2229 0.4714 -0.8533 -0.2409 0.5092 -0.8262 -0.2582 0.5458 -0.7971 -0.2748 0.5811 -0.7660 -0.2908 0.6149 -0.7331 -0.3061 0.6471 -0.6982 -0.3206 0.6778 -0.6617 -0.3343 0.7068 -0.6235 -0.3471 0.7340 -0.5837 -0.3592 0.7594 -0.5425 -0.3703 0.7829 -0.5000 -0.3805 0.8044 -0.4562 -0.3897 0.8240 -0.4113 -0.3980 0.8415 -0.3653 -0.4053 0.8569 -0.3185 -0.4116 0.8702 -0.2708 -0.4168 0.8813 -0.2225 -0.4211 0.8903 -0.1736 -0.4242 0.8970 -0.1243 -0.4264 0.9015 -0.0747 -0.4274 0.9037 -0.0249 -0.4274 0.9037 0.0249 -0.4264 0.9015 0.0747 -0.4242 0.8970 0.1243 -0.4211 0.8903 0.1736 -0.4168 0.8813 0.2225 -0.4116 0.8702 0.2708 -0.4053 0.8569 0.3185 -0.3980 0.8415 0.3653 -0.3897 0.8240 0.4113 -0.3805 0.8044 0.4562 -0.3703 0.7829 0.5000 -0.3592 0.7594 0.5425 -0.3471 0.7340 0.5837 -0.3343 0.7068 0.6235 -0.3206 0.6778 0.6617 -0.3061 0.6471 0.6982 -0.2908 0.6149 0.7331 -0.2748 0.5811 0.7660 -0.2582 0.5458 0.7971 -0.2409 0.5092 0.8262 -0.2229 0.4714 0.8533 -0.2045 0.4323 0.8782 -0.1855 0.3922 0.9010 -0.1661 0.3511 0.9215 -0.1462 0.3092 0.9397 -0.1260 0.2665 0.9556 -0.1055 0.2231 0.9691 -0.0847 0.1791 0.9802 -0.0637 0.1347 0.9888 -0.0426 0.0900 0.9950 -0.0213 0.0451 0.9988 -0.0235 0.0440 -0.9988 -0.0469 0.0878 -0.9950 -0.0703 0.1314 -0.9888 -0.0934 0.1747 -0.9802 -0.1163 0.2176 -0.9691 -0.1389 0.2600 -0.9556 -0.1612 0.3016 -0.9397 -0.1831 0.3426 -0.9215 -0.2045 0.3827 -0.9010 -0.2254 0.4218 -0.8782 -0.2458 0.4599 -0.8533 -0.2655 0.4968 -0.8262 -0.2846 0.5325 -0.7971 -0.3030 0.5669 -0.7660 -0.3206 0.5999 -0.7331 -0.3375 0.6313 -0.6982 -0.3534 0.6612 -0.6617 -0.3686 0.6895 -0.6235 -0.3827 0.7161 -0.5837 -0.3960 0.7408 -0.5425 -0.4082 0.7638 -0.5000 -0.4195 0.7848 -0.4562 -0.4297 0.8039 -0.4113 -0.4388 0.8210 -0.3653 -0.4468 0.8360 -0.3185 -0.4538 0.8490 -0.2708 -0.4596 0.8598 -0.2225 -0.4642 0.8685 -0.1736 -0.4677 0.8751 -0.1243 -0.4701 0.8795 -0.0747 -0.4713 0.8816 -0.0249 -0.4713 0.8816 0.0249 -0.4701 0.8795 0.0747 -0.4677 0.8751 0.1243 -0.4642 0.8685 0.1736 -0.4596 0.8598 0.2225 -0.4538 0.8490 0.2708 -0.4468 0.8360 0.3185 -0.4388 0.8210 0.3653 -0.4297 0.8039 0.4113 -0.4195 0.7848 0.4562 -0.4082 0.7638 0.5000 -0.3960 0.7408 0.5425 -0.3827 0.7161 0.5837 -0.3686 0.6895 0.6235 -0.3534 0.6612 0.6617 -0.3375 0.6313 0.6982 -0.3206 0.5999 0.7331 -0.3030 0.5669 0.7660 -0.2846 0.5325 0.7971 -0.2655 0.4968 0.8262 -0.2458 0.4599 0.8533 -0.2254 0.4218 0.8782 -0.2045 0.3827 0.9010 -0.1831 0.3426 0.9215 -0.1612 0.3016 0.9397 -0.1389 0.2600 0.9556 -0.1163 0.2176 0.9691 -0.0934 0.1747 0.9802 -0.0703 0.1314 0.9888 -0.0469 0.0878 0.9950 -0.0235 0.0440 0.9988 -0.0256 0.0428 -0.9988 -0.0512 0.0854 -0.9950 -0.0766 0.1278 -0.9888 -0.1019 0.1700 -0.9802 -0.1269 0.2117 -0.9691 -0.1515 0.2528 -0.9556 -0.1758 0.2934 -0.9397 -0.1997 0.3332 -0.9215 -0.2231 0.3722 -0.9010 -0.2459 0.4102 -0.8782 -0.2681 0.4472 -0.8533 -0.2896 0.4832 -0.8262 -0.3104 0.5179 -0.7971 -0.3305 0.5513 -0.7660 -0.3497 0.5834 -0.7331 -0.3680 0.6140 -0.6982 -0.3855 0.6431 -0.6617 -0.4019 0.6706 -0.6235 -0.4174 0.6964 -0.5837 -0.4319 0.7205 -0.5425 -0.4452 0.7428 -0.5000 -0.4575 0.7633 -0.4562 -0.4686 0.7818 -0.4113 -0.4786 0.7984 -0.3653 -0.4873 0.8131 -0.3185 -0.4949 0.8257 -0.2708 -0.5012 0.8362 -0.2225 -0.5063 0.8447 -0.1736 -0.5101 0.8511 -0.1243 -0.5127 0.8553 -0.0747 -0.5139 0.8575 -0.0249 -0.5139 0.8575 0.0249 -0.5127 0.8553 0.0747 -0.5101 0.8511 0.1243 -0.5063 0.8447 0.1736 -0.5012 0.8362 0.2225 -0.4949 0.8257 0.2708 -0.4873 0.8131 0.3185 -0.4786 0.7984 0.3653 -0.4686 0.7818 0.4113 -0.4575 0.7633 0.4562 -0.4452 0.7428 0.5000 -0.4319 0.7205 0.5425 -0.4174 0.6964 0.5837 -0.4019 0.6706 0.6235 -0.3855 0.6431 0.6617 -0.3680 0.6140 0.6982 -0.3497 0.5834 0.7331 -0.3305 0.5513 0.7660 -0.3104 0.5179 0.7971 -0.2896 0.4832 0.8262 -0.2681 0.4472 0.8533 -0.2459 0.4102 0.8782 -0.2231 0.3722 0.9010 -0.1997 0.3332 0.9215 -0.1758 0.2934 0.9397 -0.1515 0.2528 0.9556 -0.1269 0.2117 0.9691 -0.1019 0.1700 0.9802 -0.0766 0.1278 0.9888 -0.0512 0.0854 0.9950 -0.0256 0.0428 0.9988 -0.0277 0.0414 -0.9988 -0.0553 0.0828 -0.9950 -0.0828 0.1239 -0.9888 -0.1101 0.1648 -0.9802 -0.1371 0.2052 -0.9691 -0.1638 0.2451 -0.9556 -0.1900 0.2844 -0.9397 -0.2158 0.3230 -0.9215 -0.2411 0.3608 -0.9010 -0.2657 0.3977 -0.8782 -0.2897 0.4336 -0.8533 -0.3130 0.4684 -0.8262 -0.3355 0.5020 -0.7971 -0.3571 0.5345 -0.7660 -0.3779 0.5655 -0.7331 -0.3977 0.5952 -0.6982 -0.4166 0.6234 -0.6617 -0.4344 0.6501 -0.6235 -0.4511 0.6751 -0.5837 -0.4667 0.6985 -0.5425 -0.4811 0.7201 -0.5000 -0.4944 0.7399 -0.4562 -0.5064 0.7579 -0.4113 -0.5172 0.7740 -0.3653 -0.5266 0.7882 -0.3185 -0.5348 0.8004 -0.2708 -0.5416 0.8106 -0.2225 -0.5471 0.8188 -0.1736 -0.5513 0.8250 -0.1243 -0.5540 0.8291 -0.0747 -0.5554 0.8312 -0.0249 -0.5554 0.8312 0.0249 -0.5540 0.8291 0.0747 -0.5513 0.8250 0.1243 -0.5471 0.8188 0.1736 -0.5416 0.8106 0.2225 -0.5348 0.8004 0.2708 -0.5266 0.7882 0.3185 -0.5172 0.7740 0.3653 -0.5064 0.7579 0.4113 -0.4944 0.7399 0.4562 -0.4811 0.7201 0.5000 -0.4667 0.6985 0.5425 -0.4511 0.6751 0.5837 -0.4344 0.6501 0.6235 -0.4166 0.6234 0.6617 -0.3977 0.5952 0.6982 -0.3779 0.5655 0.7331 -0.3571 0.5345 0.7660 -0.3355 0.5020 0.7971 -0.3130 0.4684 0.8262 -0.2897 0.4336 0.8533 -0.2657 0.3977 0.8782 -0.2411 0.3608 0.9010 -0.2158 0.3230 0.9215 -0.1900 0.2844 0.9397 -0.1638 0.2451 0.9556 -0.1371 0.2052 0.9691 -0.1101 0.1648 0.9802 -0.0828 0.1239 0.9888 -0.0553 0.0828 0.9950 -0.0277 0.0414 0.9988 -0.0297 0.0400 -0.9988 -0.0593 0.0800 -0.9950 -0.0888 0.1197 -0.9888 -0.1180 0.1592 -0.9802 -0.1470 0.1982 -0.9691 -0.1756 0.2367 -0.9556 -0.2037 0.2747 -0.9397 -0.2314 0.3120 -0.9215 -0.2585 0.3485 -0.9010 -0.2849 0.3841 -0.8782 -0.3106 0.4188 -0.8533 -0.3356 0.4525 -0.8262 -0.3597 0.4850 -0.7971 -0.3829 0.5163 -0.7660 -0.4052 0.5463 -0.7331 -0.4264 0.5750 -0.6982 -0.4466 0.6022 -0.6617 -0.4657 0.6280 -0.6235 -0.4837 0.6522 -0.5837 -0.5004 0.6747 -0.5425 -0.5159 0.6956 -0.5000 -0.5301 0.7148 -0.4562 -0.5430 0.7321 -0.4113 -0.5545 0.7477 -0.3653 -0.5647 0.7614 -0.3185 -0.5734 0.7732 -0.2708 -0.5808 0.7831 -0.2225 -0.5866 0.7910 -0.1736 -0.5911 0.7970 -0.1243 -0.5940 0.8010 -0.0747 -0.5955 0.8030 -0.0249 -0.5955 0.8030 0.0249 -0.5940 0.8010 0.0747 -0.5911 0.7970 0.1243 -0.5866 0.7910 0.1736 -0.5808 0.7831 0.2225 -0.5734 0.7732 0.2708 -0.5647 0.7614 0.3185 -0.5545 0.7477 0.3653 -0.5430 0.7321 0.4113 -0.5301 0.7148 0.4562 -0.5159 0.6956 0.5000 -0.5004 0.6747 0.5425 -0.4837 0.6522 0.5837 -0.4657 0.6280 0.6235 -0.4466 0.6022 0.6617 -0.4264 0.5750 0.6982 -0.4052 0.5463 0.7331 -0.3829 0.5163 0.7660 -0.3597 0.4850 0.7971 -0.3356 0.4525 0.8262 -0.3106 0.4188 0.8533 -0.2849 0.3841 0.8782 -0.2585 0.3485 0.9010 -0.2314 0.3120 0.9215 -0.2037 0.2747 0.9397 -0.1756 0.2367 0.9556 -0.1470 0.1982 0.9691 -0.1180 0.1592 0.9802 -0.0888 0.1197 0.9888 -0.0593 0.0800 0.9950 -0.0297 0.0400 0.9988 -0.0316 0.0385 -0.9988 -0.0632 0.0770 -0.9950 -0.0946 0.1152 -0.9888 -0.1257 0.1532 -0.9802 -0.1565 0.1907 -0.9691 -0.1870 0.2278 -0.9556 -0.2170 0.2644 -0.9397 -0.2464 0.3003 -0.9215 -0.2753 0.3354 -0.9010 -0.3034 0.3697 -0.8782 -0.3308 0.4031 -0.8533 -0.3574 0.4355 -0.8262 -0.3830 0.4667 -0.7971 -0.4078 0.4969 -0.7660 -0.4315 0.5258 -0.7331 -0.4541 0.5534 -0.6982 -0.4757 0.5796 -0.6617 -0.4960 0.6044 -0.6235 -0.5151 0.6276 -0.5837 -0.5329 0.6493 -0.5425 -0.5494 0.6694 -0.5000 -0.5645 0.6879 -0.4562 -0.5783 0.7046 -0.4113 -0.5905 0.7196 -0.3653 -0.6014 0.7328 -0.3185 -0.6107 0.7441 -0.2708 -0.6185 0.7536 -0.2225 -0.6248 0.7613 -0.1736 -0.6295 0.7670 -0.1243 -0.6326 0.7708 -0.0747 -0.6342 0.7728 -0.0249 -0.6342 0.7728 0.0249 -0.6326 0.7708 0.0747 -0.6295 0.7670 0.1243 -0.6248 0.7613 0.1736 -0.6185 0.7536 0.2225 -0.6107 0.7441 0.2708 -0.6014 0.7328 0.3185 -0.5905 0.7196 0.3653 -0.5783 0.7046 0.4113 -0.5645 0.6879 0.4562 -0.5494 0.6694 0.5000 -0.5329 0.6493 0.5425 -0.5151 0.6276 0.5837 -0.4960 0.6044 0.6235 -0.4757 0.5796 0.6617 -0.4541 0.5534 0.6982 -0.4315 0.5258 0.7331 -0.4078 0.4969 0.7660 -0.3830 0.4667 0.7971 -0.3574 0.4355 0.8262 -0.3308 0.4031 0.8533 -0.3034 0.3697 0.8782 -0.2753 0.3354 0.9010 -0.2464 0.3003 0.9215 -0.2170 0.2644 0.9397 -0.1870 0.2278 0.9556 -0.1565 0.1907 0.9691 -0.1257 0.1532 0.9802 -0.0946 0.1152 0.9888 -0.0632 0.0770 0.9950 -0.0316 0.0385 0.9988 -0.0335 0.0369 -0.9988 -0.0669 0.0738 -0.9950 -0.1001 0.1104 -0.9888 -0.1331 0.1468 -0.9802 -0.1657 0.1828 -0.9691 -0.1979 0.2184 -0.9556 -0.2297 0.2534 -0.9397 -0.2609 0.2878 -0.9215 -0.2914 0.3215 -0.9010 -0.3212 0.3544 -0.8782 -0.3502 0.3864 -0.8533 -0.3783 0.4174 -0.8262 -0.4055 0.4474 -0.7971 -0.4317 0.4763 -0.7660 -0.4568 0.5040 -0.7331 -0.4807 0.5304 -0.6982 -0.5035 0.5556 -0.6617 -0.5250 0.5793 -0.6235 -0.5453 0.6016 -0.5837 -0.5641 0.6224 -0.5425 -0.5816 0.6417 -0.5000 -0.5976 0.6594 -0.4562 -0.6121 0.6754 -0.4113 -0.6251 0.6897 -0.3653 -0.6366 0.7024 -0.3185 -0.6465 0.7133 -0.2708 -0.6547 0.7224 -0.2225 -0.6614 0.7297 -0.1736 -0.6663 0.7352 -0.1243 -0.6697 0.7389 -0.0747 -0.6714 0.7407 -0.0249 -0.6714 0.7407 0.0249 -0.6697 0.7389 0.0747 -0.6663 0.7352 0.1243 -0.6614 0.7297 0.1736 -0.6547 0.7224 0.2225 -0.6465 0.7133 0.2708 -0.6366 0.7024 0.3185 -0.6251 0.6897 0.3653 -0.6121 0.6754 0.4113 -0.5976 0.6594 0.4562 -0.5816 0.6417 0.5000 -0.5641 0.6224 0.5425 -0.5453 0.6016 0.5837 -0.5250 0.5793 0.6235 -0.5035 0.5556 0.6617 -0.4807 0.5304 0.6982 -0.4568 0.5040 0.7331 -0.4317 0.4763 0.7660 -0.4055 0.4474 0.7971 -0.3783 0.4174 0.8262 -0.3502 0.3864 0.8533 -0.3212 0.3544 0.8782 -0.2914 0.3215 0.9010 -0.2609 0.2878 0.9215 -0.2297 0.2534 0.9397 -0.1979 0.2184 0.9556 -0.1657 0.1828 0.9691 -0.1331 0.1468 0.9802 -0.1001 0.1104 0.9888 -0.0669 0.0738 0.9950 -0.0335 0.0369 0.9988 -0.0352 0.0352 -0.9988 -0.0704 0.0704 -0.9950 -0.1054 0.1054 -0.9888 -0.1401 0.1401 -0.9802 -0.1745 0.1745 -0.9691 -0.2084 0.2084 -0.9556 -0.2418 0.2418 -0.9397 -0.2747 0.2747 -0.9215 -0.3068 0.3068 -0.9010 -0.3382 0.3382 -0.8782 -0.3687 0.3687 -0.8533 -0.3983 0.3983 -0.8262 -0.4270 0.4270 -0.7971 -0.4545 0.4545 -0.7660 -0.4810 0.4810 -0.7331 -0.5062 0.5062 -0.6982 -0.5302 0.5302 -0.6617 -0.5528 0.5528 -0.6235 -0.5741 0.5741 -0.5837 -0.5940 0.5940 -0.5425 -0.6124 0.6124 -0.5000 -0.6292 0.6292 -0.4562 -0.6445 0.6445 -0.4113 -0.6582 0.6582 -0.3653 -0.6703 0.6703 -0.3185 -0.6807 0.6807 -0.2708 -0.6894 0.6894 -0.2225 -0.6964 0.6964 -0.1736 -0.7016 0.7016 -0.1243 -0.7051 0.7051 -0.0747 -0.7069 0.7069 -0.0249 -0.7069 0.7069 0.0249 -0.7051 0.7051 0.0747 -0.7016 0.7016 0.1243 -0.6964 0.6964 0.1736 -0.6894 0.6894 0.2225 -0.6807 0.6807 0.2708 -0.6703 0.6703 0.3185 -0.6582 0.6582 0.3653 -0.6445 0.6445 0.4113 -0.6292 0.6292 0.4562 -0.6124 0.6124 0.5000 -0.5940 0.5940 0.5425 -0.5741 0.5741 0.5837 -0.5528 0.5528 0.6235 -0.5302 0.5302 0.6617 -0.5062 0.5062 0.6982 -0.4810 0.4810 0.7331 -0.4545 0.4545 0.7660 -0.4270 0.4270 0.7971 -0.3983 0.3983 0.8262 -0.3687 0.3687 0.8533 -0.3382 0.3382 0.8782 -0.3068 0.3068 0.9010 -0.2747 0.2747 0.9215 -0.2418 0.2418 0.9397 -0.2084 0.2084 0.9556 -0.1745 0.1745 0.9691 -0.1401 0.1401 0.9802 -0.1054 0.1054 0.9888 -0.0704 0.0704 0.9950 -0.0352 0.0352 0.9988 -0.0369 0.0335 -0.9988 -0.0738 0.0669 -0.9950 -0.1104 0.1001 -0.9888 -0.1468 0.1331 -0.9802 -0.1828 0.1657 -0.9691 -0.2184 0.1979 -0.9556 -0.2534 0.2297 -0.9397 -0.2878 0.2609 -0.9215 -0.3215 0.2914 -0.9010 -0.3544 0.3212 -0.8782 -0.3864 0.3502 -0.8533 -0.4174 0.3783 -0.8262 -0.4474 0.4055 -0.7971 -0.4763 0.4317 -0.7660 -0.5040 0.4568 -0.7331 -0.5304 0.4807 -0.6982 -0.5556 0.5035 -0.6617 -0.5793 0.5250 -0.6235 -0.6016 0.5453 -0.5837 -0.6224 0.5641 -0.5425 -0.6417 0.5816 -0.5000 -0.6594 0.5976 -0.4562 -0.6754 0.6121 -0.4113 -0.6897 0.6251 -0.3653 -0.7024 0.6366 -0.3185 -0.7133 0.6465 -0.2708 -0.7224 0.6547 -0.2225 -0.7297 0.6614 -0.1736 -0.7352 0.6663 -0.1243 -0.7389 0.6697 -0.0747 -0.7407 0.6714 -0.0249 -0.7407 0.6714 0.0249 -0.7389 0.6697 0.0747 -0.7352 0.6663 0.1243 -0.7297 0.6614 0.1736 -0.7224 0.6547 0.2225 -0.7133 0.6465 0.2708 -0.7024 0.6366 0.3185 -0.6897 0.6251 0.3653 -0.6754 0.6121 0.4113 -0.6594 0.5976 0.4562 -0.6417 0.5816 0.5000 -0.6224 0.5641 0.5425 -0.6016 0.5453 0.5837 -0.5793 0.5250 0.6235 -0.5556 0.5035 0.6617 -0.5304 0.4807 0.6982 -0.5040 0.4568 0.7331 -0.4763 0.4317 0.7660 -0.4474 0.4055 0.7971 -0.4174 0.3783 0.8262 -0.3864 0.3502 0.8533 -0.3544 0.3212 0.8782 -0.3215 0.2914 0.9010 -0.2878 0.2609 0.9215 -0.2534 0.2297 0.9397 -0.2184 0.1979 0.9556 -0.1828 0.1657 0.9691 -0.1468 0.1331 0.9802 -0.1104 0.1001 0.9888 -0.0738 0.0669 0.9950 -0.0369 0.0335 0.9988 -0.0385 0.0316 -0.9988 -0.0770 0.0632 -0.9950 -0.1152 0.0946 -0.9888 -0.1532 0.1257 -0.9802 -0.1907 0.1565 -0.9691 -0.2278 0.1870 -0.9556 -0.2644 0.2170 -0.9397 -0.3003 0.2464 -0.9215 -0.3354 0.2753 -0.9010 -0.3697 0.3034 -0.8782 -0.4031 0.3308 -0.8533 -0.4355 0.3574 -0.8262 -0.4667 0.3830 -0.7971 -0.4969 0.4078 -0.7660 -0.5258 0.4315 -0.7331 -0.5534 0.4541 -0.6982 -0.5796 0.4757 -0.6617 -0.6044 0.4960 -0.6235 -0.6276 0.5151 -0.5837 -0.6493 0.5329 -0.5425 -0.6694 0.5494 -0.5000 -0.6879 0.5645 -0.4562 -0.7046 0.5783 -0.4113 -0.7196 0.5905 -0.3653 -0.7328 0.6014 -0.3185 -0.7441 0.6107 -0.2708 -0.7536 0.6185 -0.2225 -0.7613 0.6248 -0.1736 -0.7670 0.6295 -0.1243 -0.7708 0.6326 -0.0747 -0.7728 0.6342 -0.0249 -0.7728 0.6342 0.0249 -0.7708 0.6326 0.0747 -0.7670 0.6295 0.1243 -0.7613 0.6248 0.1736 -0.7536 0.6185 0.2225 -0.7441 0.6107 0.2708 -0.7328 0.6014 0.3185 -0.7196 0.5905 0.3653 -0.7046 0.5783 0.4113 -0.6879 0.5645 0.4562 -0.6694 0.5494 0.5000 -0.6493 0.5329 0.5425 -0.6276 0.5151 0.5837 -0.6044 0.4960 0.6235 -0.5796 0.4757 0.6617 -0.5534 0.4541 0.6982 -0.5258 0.4315 0.7331 -0.4969 0.4078 0.7660 -0.4667 0.3830 0.7971 -0.4355 0.3574 0.8262 -0.4031 0.3308 0.8533 -0.3697 0.3034 0.8782 -0.3354 0.2753 0.9010 -0.3003 0.2464 0.9215 -0.2644 0.2170 0.9397 -0.2278 0.1870 0.9556 -0.1907 0.1565 0.9691 -0.1532 0.1257 0.9802 -0.1152 0.0946 0.9888 -0.0770 0.0632 0.9950 -0.0385 0.0316 0.9988 -0.0400 0.0297 -0.9988 -0.0800 0.0593 -0.9950 -0.1197 0.0888 -0.9888 -0.1592 0.1180 -0.9802 -0.1982 0.1470 -0.9691 -0.2367 0.1756 -0.9556 -0.2747 0.2037 -0.9397 -0.3120 0.2314 -0.9215 -0.3485 0.2585 -0.9010 -0.3841 0.2849 -0.8782 -0.4188 0.3106 -0.8533 -0.4525 0.3356 -0.8262 -0.4850 0.3597 -0.7971 -0.5163 0.3829 -0.7660 -0.5463 0.4052 -0.7331 -0.5750 0.4264 -0.6982 -0.6022 0.4466 -0.6617 -0.6280 0.4657 -0.6235 -0.6522 0.4837 -0.5837 -0.6747 0.5004 -0.5425 -0.6956 0.5159 -0.5000 -0.7148 0.5301 -0.4562 -0.7321 0.5430 -0.4113 -0.7477 0.5545 -0.3653 -0.7614 0.5647 -0.3185 -0.7732 0.5734 -0.2708 -0.7831 0.5808 -0.2225 -0.7910 0.5866 -0.1736 -0.7970 0.5911 -0.1243 -0.8010 0.5940 -0.0747 -0.8030 0.5955 -0.0249 -0.8030 0.5955 0.0249 -0.8010 0.5940 0.0747 -0.7970 0.5911 0.1243 -0.7910 0.5866 0.1736 -0.7831 0.5808 0.2225 -0.7732 0.5734 0.2708 -0.7614 0.5647 0.3185 -0.7477 0.5545 0.3653 -0.7321 0.5430 0.4113 -0.7148 0.5301 0.4562 -0.6956 0.5159 0.5000 -0.6747 0.5004 0.5425 -0.6522 0.4837 0.5837 -0.6280 0.4657 0.6235 -0.6022 0.4466 0.6617 -0.5750 0.4264 0.6982 -0.5463 0.4052 0.7331 -0.5163 0.3829 0.7660 -0.4850 0.3597 0.7971 -0.4525 0.3356 0.8262 -0.4188 0.3106 0.8533 -0.3841 0.2849 0.8782 -0.3485 0.2585 0.9010 -0.3120 0.2314 0.9215 -0.2747 0.2037 0.9397 -0.2367 0.1756 0.9556 -0.1982 0.1470 0.9691 -0.1592 0.1180 0.9802 -0.1197 0.0888 0.9888 -0.0800 0.0593 0.9950 -0.0400 0.0297 0.9988 -0.0414 0.0277 -0.9988 -0.0828 0.0553 -0.9950 -0.1239 0.0828 -0.9888 -0.1648 0.1101 -0.9802 -0.2052 0.1371 -0.9691 -0.2451 0.1638 -0.9556 -0.2844 0.1900 -0.9397 -0.3230 0.2158 -0.9215 -0.3608 0.2411 -0.9010 -0.3977 0.2657 -0.8782 -0.4336 0.2897 -0.8533 -0.4684 0.3130 -0.8262 -0.5020 0.3355 -0.7971 -0.5345 0.3571 -0.7660 -0.5655 0.3779 -0.7331 -0.5952 0.3977 -0.6982 -0.6234 0.4166 -0.6617 -0.6501 0.4344 -0.6235 -0.6751 0.4511 -0.5837 -0.6985 0.4667 -0.5425 -0.7201 0.4811 -0.5000 -0.7399 0.4944 -0.4562 -0.7579 0.5064 -0.4113 -0.7740 0.5172 -0.3653 -0.7882 0.5266 -0.3185 -0.8004 0.5348 -0.2708 -0.8106 0.5416 -0.2225 -0.8188 0.5471 -0.1736 -0.8250 0.5513 -0.1243 -0.8291 0.5540 -0.0747 -0.8312 0.5554 -0.0249 -0.8312 0.5554 0.0249 -0.8291 0.5540 0.0747 -0.8250 0.5513 0.1243 -0.8188 0.5471 0.1736 -0.8106 0.5416 0.2225 -0.8004 0.5348 0.2708 -0.7882 0.5266 0.3185 -0.7740 0.5172 0.3653 -0.7579 0.5064 0.4113 -0.7399 0.4944 0.4562 -0.7201 0.4811 0.5000 -0.6985 0.4667 0.5425 -0.6751 0.4511 0.5837 -0.6501 0.4344 0.6235 -0.6234 0.4166 0.6617 -0.5952 0.3977 0.6982 -0.5655 0.3779 0.7331 -0.5345 0.3571 0.7660 -0.5020 0.3355 0.7971 -0.4684 0.3130 0.8262 -0.4336 0.2897 0.8533 -0.3977 0.2657 0.8782 -0.3608 0.2411 0.9010 -0.3230 0.2158 0.9215 -0.2844 0.1900 0.9397 -0.2451 0.1638 0.9556 -0.2052 0.1371 0.9691 -0.1648 0.1101 0.9802 -0.1239 0.0828 0.9888 -0.0828 0.0553 0.9950 -0.0414 0.0277 0.9988 -0.0428 0.0256 -0.9988 -0.0854 0.0512 -0.9950 -0.1278 0.0766 -0.9888 -0.1700 0.1019 -0.9802 -0.2117 0.1269 -0.9691 -0.2528 0.1515 -0.9556 -0.2934 0.1758 -0.9397 -0.3332 0.1997 -0.9215 -0.3722 0.2231 -0.9010 -0.4102 0.2459 -0.8782 -0.4472 0.2681 -0.8533 -0.4832 0.2896 -0.8262 -0.5179 0.3104 -0.7971 -0.5513 0.3305 -0.7660 -0.5834 0.3497 -0.7331 -0.6140 0.3680 -0.6982 -0.6431 0.3855 -0.6617 -0.6706 0.4019 -0.6235 -0.6964 0.4174 -0.5837 -0.7205 0.4319 -0.5425 -0.7428 0.4452 -0.5000 -0.7633 0.4575 -0.4562 -0.7818 0.4686 -0.4113 -0.7984 0.4786 -0.3653 -0.8131 0.4873 -0.3185 -0.8257 0.4949 -0.2708 -0.8362 0.5012 -0.2225 -0.8447 0.5063 -0.1736 -0.8511 0.5101 -0.1243 -0.8553 0.5127 -0.0747 -0.8575 0.5139 -0.0249 -0.8575 0.5139 0.0249 -0.8553 0.5127 0.0747 -0.8511 0.5101 0.1243 -0.8447 0.5063 0.1736 -0.8362 0.5012 0.2225 -0.8257 0.4949 0.2708 -0.8131 0.4873 0.3185 -0.7984 0.4786 0.3653 -0.7818 0.4686 0.4113 -0.7633 0.4575 0.4562 -0.7428 0.4452 0.5000 -0.7205 0.4319 0.5425 -0.6964 0.4174 0.5837 -0.6706 0.4019 0.6235 -0.6431 0.3855 0.6617 -0.6140 0.3680 0.6982 -0.5834 0.3497 0.7331 -0.5513 0.3305 0.7660 -0.5179 0.3104 0.7971 -0.4832 0.2896 0.8262 -0.4472 0.2681 0.8533 -0.4102 0.2459 0.8782 -0.3722 0.2231 0.9010 -0.3332 0.1997 0.9215 -0.2934 0.1758 0.9397 -0.2528 0.1515 0.9556 -0.2117 0.1269 0.9691 -0.1700 0.1019 0.9802 -0.1278 0.0766 0.9888 -0.0854 0.0512 0.9950 -0.0428 0.0256 0.9988 -0.0440 0.0235 -0.9988 -0.0878 0.0469 -0.9950 -0.1314 0.0703 -0.9888 -0.1747 0.0934 -0.9802 -0.2176 0.1163 -0.9691 -0.2600 0.1389 -0.9556 -0.3016 0.1612 -0.9397 -0.3426 0.1831 -0.9215 -0.3827 0.2045 -0.9010 -0.4218 0.2254 -0.8782 -0.4599 0.2458 -0.8533 -0.4968 0.2655 -0.8262 -0.5325 0.2846 -0.7971 -0.5669 0.3030 -0.7660 -0.5999 0.3206 -0.7331 -0.6313 0.3375 -0.6982 -0.6612 0.3534 -0.6617 -0.6895 0.3686 -0.6235 -0.7161 0.3827 -0.5837 -0.7408 0.3960 -0.5425 -0.7638 0.4082 -0.5000 -0.7848 0.4195 -0.4562 -0.8039 0.4297 -0.4113 -0.8210 0.4388 -0.3653 -0.8360 0.4468 -0.3185 -0.8490 0.4538 -0.2708 -0.8598 0.4596 -0.2225 -0.8685 0.4642 -0.1736 -0.8751 0.4677 -0.1243 -0.8795 0.4701 -0.0747 -0.8816 0.4713 -0.0249 -0.8816 0.4713 0.0249 -0.8795 0.4701 0.0747 -0.8751 0.4677 0.1243 -0.8685 0.4642 0.1736 -0.8598 0.4596 0.2225 -0.8490 0.4538 0.2708 -0.8360 0.4468 0.3185 -0.8210 0.4388 0.3653 -0.8039 0.4297 0.4113 -0.7848 0.4195 0.4562 -0.7638 0.4082 0.5000 -0.7408 0.3960 0.5425 -0.7161 0.3827 0.5837 -0.6895 0.3686 0.6235 -0.6612 0.3534 0.6617 -0.6313 0.3375 0.6982 -0.5999 0.3206 0.7331 -0.5669 0.3030 0.7660 -0.5325 0.2846 0.7971 -0.4968 0.2655 0.8262 -0.4599 0.2458 0.8533 -0.4218 0.2254 0.8782 -0.3827 0.2045 0.9010 -0.3426 0.1831 0.9215 -0.3016 0.1612 0.9397 -0.2600 0.1389 0.9556 -0.2176 0.1163 0.9691 -0.1747 0.0934 0.9802 -0.1314 0.0703 0.9888 -0.0878 0.0469 0.9950 -0.0440 0.0235 0.9988 -0.0451 0.0213 -0.9988 -0.0900 0.0426 -0.9950 -0.1347 0.0637 -0.9888 -0.1791 0.0847 -0.9802 -0.2231 0.1055 -0.9691 -0.2665 0.1260 -0.9556 -0.3092 0.1462 -0.9397 -0.3511 0.1661 -0.9215 -0.3922 0.1855 -0.9010 -0.4323 0.2045 -0.8782 -0.4714 0.2229 -0.8533 -0.5092 0.2409 -0.8262 -0.5458 0.2582 -0.7971 -0.5811 0.2748 -0.7660 -0.6149 0.2908 -0.7331 -0.6471 0.3061 -0.6982 -0.6778 0.3206 -0.6617 -0.7068 0.3343 -0.6235 -0.7340 0.3471 -0.5837 -0.7594 0.3592 -0.5425 -0.7829 0.3703 -0.5000 -0.8044 0.3805 -0.4562 -0.8240 0.3897 -0.4113 -0.8415 0.3980 -0.3653 -0.8569 0.4053 -0.3185 -0.8702 0.4116 -0.2708 -0.8813 0.4168 -0.2225 -0.8903 0.4211 -0.1736 -0.8970 0.4242 -0.1243 -0.9015 0.4264 -0.0747 -0.9037 0.4274 -0.0249 -0.9037 0.4274 0.0249 -0.9015 0.4264 0.0747 -0.8970 0.4242 0.1243 -0.8903 0.4211 0.1736 -0.8813 0.4168 0.2225 -0.8702 0.4116 0.2708 -0.8569 0.4053 0.3185 -0.8415 0.3980 0.3653 -0.8240 0.3897 0.4113 -0.8044 0.3805 0.4562 -0.7829 0.3703 0.5000 -0.7594 0.3592 0.5425 -0.7340 0.3471 0.5837 -0.7068 0.3343 0.6235 -0.6778 0.3206 0.6617 -0.6471 0.3061 0.6982 -0.6149 0.2908 0.7331 -0.5811 0.2748 0.7660 -0.5458 0.2582 0.7971 -0.5092 0.2409 0.8262 -0.4714 0.2229 0.8533 -0.4323 0.2045 0.8782 -0.3922 0.1855 0.9010 -0.3511 0.1661 0.9215 -0.3092 0.1462 0.9397 -0.2665 0.1260 0.9556 -0.2231 0.1055 0.9691 -0.1791 0.0847 0.9802 -0.1347 0.0637 0.9888 -0.0900 0.0426 0.9950 -0.0451 0.0213 0.9988 -0.0461 0.0191 -0.9988 -0.0920 0.0381 -0.9950 -0.1377 0.0570 -0.9888 -0.1831 0.0758 -0.9802 -0.2280 0.0944 -0.9691 -0.2723 0.1128 -0.9556 -0.3160 0.1309 -0.9397 -0.3589 0.1486 -0.9215 -0.4009 0.1660 -0.9010 -0.4418 0.1830 -0.8782 -0.4817 0.1995 -0.8533 -0.5204 0.2156 -0.8262 -0.5578 0.2311 -0.7971 -0.5939 0.2460 -0.7660 -0.6284 0.2603 -0.7331 -0.6614 0.2740 -0.6982 -0.6927 0.2869 -0.6617 -0.7223 0.2992 -0.6235 -0.7501 0.3107 -0.5837 -0.7761 0.3215 -0.5425 -0.8001 0.3314 -0.5000 -0.8221 0.3405 -0.4562 -0.8421 0.3488 -0.4113 -0.8600 0.3562 -0.3653 -0.8758 0.3628 -0.3185 -0.8893 0.3684 -0.2708 -0.9007 0.3731 -0.2225 -0.9098 0.3769 -0.1736 -0.9167 0.3797 -0.1243 -0.9213 0.3816 -0.0747 -0.9236 0.3826 -0.0249 -0.9236 0.3826 0.0249 -0.9213 0.3816 0.0747 -0.9167 0.3797 0.1243 -0.9098 0.3769 0.1736 -0.9007 0.3731 0.2225 -0.8893 0.3684 0.2708 -0.8758 0.3628 0.3185 -0.8600 0.3562 0.3653 -0.8421 0.3488 0.4113 -0.8221 0.3405 0.4562 -0.8001 0.3314 0.5000 -0.7761 0.3215 0.5425 -0.7501 0.3107 0.5837 -0.7223 0.2992 0.6235 -0.6927 0.2869 0.6617 -0.6614 0.2740 0.6982 -0.6284 0.2603 0.7331 -0.5939 0.2460 0.7660 -0.5578 0.2311 0.7971 -0.5204 0.2156 0.8262 -0.4817 0.1995 0.8533 -0.4418 0.1830 0.8782 -0.4009 0.1660 0.9010 -0.3589 0.1486 0.9215 -0.3160 0.1309 0.9397 -0.2723 0.1128 0.9556 -0.2280 0.0944 0.9691 -0.1831 0.0758 0.9802 -0.1377 0.0570 0.9888 -0.0920 0.0381 0.9950 -0.0461 0.0191 0.9988 -0.0469 0.0168 -0.9988 -0.0937 0.0335 -0.9950 -0.1403 0.0502 -0.9888 -0.1866 0.0668 -0.9802 -0.2323 0.0831 -0.9691 -0.2775 0.0993 -0.9556 -0.3220 0.1152 -0.9397 -0.3657 0.1309 -0.9215 -0.4085 0.1462 -0.9010 -0.4503 0.1611 -0.8782 -0.4910 0.1757 -0.8533 -0.5304 0.1898 -0.8262 -0.5685 0.2034 -0.7971 -0.6052 0.2165 -0.7660 -0.6404 0.2291 -0.7331 -0.6740 0.2412 -0.6982 -0.7060 0.2526 -0.6617 -0.7361 0.2634 -0.6235 -0.7645 0.2735 -0.5837 -0.7909 0.2830 -0.5425 -0.8154 0.2918 -0.5000 -0.8379 0.2998 -0.4562 -0.8582 0.3071 -0.4113 -0.8765 0.3136 -0.3653 -0.8925 0.3193 -0.3185 -0.9064 0.3243 -0.2708 -0.9179 0.3284 -0.2225 -0.9272 0.3318 -0.1736 -0.9342 0.3343 -0.1243 -0.9389 0.3359 -0.0747 -0.9413 0.3368 -0.0249 -0.9413 0.3368 0.0249 -0.9389 0.3359 0.0747 -0.9342 0.3343 0.1243 -0.9272 0.3318 0.1736 -0.9179 0.3284 0.2225 -0.9064 0.3243 0.2708 -0.8925 0.3193 0.3185 -0.8765 0.3136 0.3653 -0.8582 0.3071 0.4113 -0.8379 0.2998 0.4562 -0.8154 0.2918 0.5000 -0.7909 0.2830 0.5425 -0.7645 0.2735 0.5837 -0.7361 0.2634 0.6235 -0.7060 0.2526 0.6617 -0.6740 0.2412 0.6982 -0.6404 0.2291 0.7331 -0.6052 0.2165 0.7660 -0.5685 0.2034 0.7971 -0.5304 0.1898 0.8262 -0.4910 0.1757 0.8533 -0.4503 0.1611 0.8782 -0.4085 0.1462 0.9010 -0.3657 0.1309 0.9215 -0.3220 0.1152 0.9397 -0.2775 0.0993 0.9556 -0.2323 0.0831 0.9691 -0.1866 0.0668 0.9802 -0.1403 0.0502 0.9888 -0.0937 0.0335 0.9950 -0.0469 0.0168 0.9988 -0.0477 0.0145 -0.9988 -0.0953 0.0289 -0.9950 -0.1426 0.0433 -0.9888 -0.1896 0.0575 -0.9802 -0.2361 0.0716 -0.9691 -0.2821 0.0856 -0.9556 -0.3273 0.0993 -0.9397 -0.3717 0.1128 -0.9215 -0.4152 0.1259 -0.9010 -0.4577 0.1388 -0.8782 -0.4990 0.1514 -0.8533 -0.5391 0.1635 -0.8262 -0.5778 0.1753 -0.7971 -0.6151 0.1866 -0.7660 -0.6509 0.1974 -0.7331 -0.6850 0.2078 -0.6982 -0.7175 0.2176 -0.6617 -0.7482 0.2270 -0.6235 -0.7770 0.2357 -0.5837 -0.8039 0.2438 -0.5425 -0.8287 0.2514 -0.5000 -0.8516 0.2583 -0.4562 -0.8723 0.2646 -0.4113 -0.8908 0.2702 -0.3653 -0.9071 0.2752 -0.3185 -0.9212 0.2794 -0.2708 -0.9329 0.2830 -0.2225 -0.9424 0.2859 -0.1736 -0.9495 0.2880 -0.1243 -0.9543 0.2895 -0.0747 -0.9566 0.2902 -0.0249 -0.9566 0.2902 0.0249 -0.9543 0.2895 0.0747 -0.9495 0.2880 0.1243 -0.9424 0.2859 0.1736 -0.9329 0.2830 0.2225 -0.9212 0.2794 0.2708 -0.9071 0.2752 0.3185 -0.8908 0.2702 0.3653 -0.8723 0.2646 0.4113 -0.8516 0.2583 0.4562 -0.8287 0.2514 0.5000 -0.8039 0.2438 0.5425 -0.7770 0.2357 0.5837 -0.7482 0.2270 0.6235 -0.7175 0.2176 0.6617 -0.6850 0.2078 0.6982 -0.6509 0.1974 0.7331 -0.6151 0.1866 0.7660 -0.5778 0.1753 0.7971 -0.5391 0.1635 0.8262 -0.4990 0.1514 0.8533 -0.4577 0.1388 0.8782 -0.4152 0.1259 0.9010 -0.3717 0.1128 0.9215 -0.3273 0.0993 0.9397 -0.2821 0.0856 0.9556 -0.2361 0.0716 0.9691 -0.1896 0.0575 0.9802 -0.1426 0.0433 0.9888 -0.0953 0.0289 0.9950 -0.0477 0.0145 0.9988 -0.0484 0.0121 -0.9988 -0.0966 0.0242 -0.9950 -0.1446 0.0362 -0.9888 -0.1922 0.0481 -0.9802 -0.2394 0.0600 -0.9691 -0.2859 0.0716 -0.9556 -0.3318 0.0831 -0.9397 -0.3768 0.0944 -0.9215 -0.4209 0.1054 -0.9010 -0.4639 0.1162 -0.8782 -0.5058 0.1267 -0.8533 -0.5464 0.1369 -0.8262 -0.5857 0.1467 -0.7971 -0.6235 0.1562 -0.7660 -0.6598 0.1653 -0.7331 -0.6944 0.1739 -0.6982 -0.7273 0.1822 -0.6617 -0.7584 0.1900 -0.6235 -0.7876 0.1973 -0.5837 -0.8149 0.2041 -0.5425 -0.8401 0.2104 -0.5000 -0.8632 0.2162 -0.4562 -0.8842 0.2215 -0.4113 -0.9030 0.2262 -0.3653 -0.9195 0.2303 -0.3185 -0.9338 0.2339 -0.2708 -0.9457 0.2369 -0.2225 -0.9553 0.2393 -0.1736 -0.9625 0.2411 -0.1243 -0.9673 0.2423 -0.0747 -0.9697 0.2429 -0.0249 -0.9697 0.2429 0.0249 -0.9673 0.2423 0.0747 -0.9625 0.2411 0.1243 -0.9553 0.2393 0.1736 -0.9457 0.2369 0.2225 -0.9338 0.2339 0.2708 -0.9195 0.2303 0.3185 -0.9030 0.2262 0.3653 -0.8842 0.2215 0.4113 -0.8632 0.2162 0.4562 -0.8401 0.2104 0.5000 -0.8149 0.2041 0.5425 -0.7876 0.1973 0.5837 -0.7584 0.1900 0.6235 -0.7273 0.1822 0.6617 -0.6944 0.1739 0.6982 -0.6598 0.1653 0.7331 -0.6235 0.1562 0.7660 -0.5857 0.1467 0.7971 -0.5464 0.1369 0.8262 -0.5058 0.1267 0.8533 -0.4639 0.1162 0.8782 -0.4209 0.1054 0.9010 -0.3768 0.0944 0.9215 -0.3318 0.0831 0.9397 -0.2859 0.0716 0.9556 -0.2394 0.0600 0.9691 -0.1922 0.0481 0.9802 -0.1446 0.0362 0.9888 -0.0966 0.0242 0.9950 -0.0484 0.0121 0.9988 -0.0489 0.0097 -0.9988 -0.0977 0.0194 -0.9950 -0.1462 0.0291 -0.9888 -0.1943 0.0387 -0.9802 -0.2420 0.0481 -0.9691 -0.2891 0.0575 -0.9556 -0.3354 0.0667 -0.9397 -0.3810 0.0758 -0.9215 -0.4255 0.0846 -0.9010 -0.4691 0.0933 -0.8782 -0.5114 0.1017 -0.8533 -0.5525 0.1099 -0.8262 -0.5922 0.1178 -0.7971 -0.6304 0.1254 -0.7660 -0.6671 0.1327 -0.7331 -0.7021 0.1397 -0.6982 -0.7354 0.1463 -0.6617 -0.7668 0.1525 -0.6235 -0.7963 0.1584 -0.5837 -0.8239 0.1639 -0.5425 -0.8494 0.1690 -0.5000 -0.8728 0.1736 -0.4562 -0.8940 0.1778 -0.4113 -0.9130 0.1816 -0.3653 -0.9297 0.1849 -0.3185 -0.9441 0.1878 -0.2708 -0.9562 0.1902 -0.2225 -0.9659 0.1921 -0.1736 -0.9732 0.1936 -0.1243 -0.9780 0.1945 -0.0747 -0.9805 0.1950 -0.0249 -0.9805 0.1950 0.0249 -0.9780 0.1945 0.0747 -0.9732 0.1936 0.1243 -0.9659 0.1921 0.1736 -0.9562 0.1902 0.2225 -0.9441 0.1878 0.2708 -0.9297 0.1849 0.3185 -0.9130 0.1816 0.3653 -0.8940 0.1778 0.4113 -0.8728 0.1736 0.4562 -0.8494 0.1690 0.5000 -0.8239 0.1639 0.5425 -0.7963 0.1584 0.5837 -0.7668 0.1525 0.6235 -0.7354 0.1463 0.6617 -0.7021 0.1397 0.6982 -0.6671 0.1327 0.7331 -0.6304 0.1254 0.7660 -0.5922 0.1178 0.7971 -0.5525 0.1099 0.8262 -0.5114 0.1017 0.8533 -0.4691 0.0933 0.8782 -0.4255 0.0846 0.9010 -0.3810 0.0758 0.9215 -0.3354 0.0667 0.9397 -0.2891 0.0575 0.9556 -0.2420 0.0481 0.9691 -0.1943 0.0387 0.9802 -0.1462 0.0291 0.9888 -0.0977 0.0194 0.9950 -0.0489 0.0097 0.9988 -0.0493 0.0073 -0.9988 -0.0985 0.0146 -0.9950 -0.1474 0.0219 -0.9888 -0.1960 0.0291 -0.9802 -0.2441 0.0362 -0.9691 -0.2916 0.0432 -0.9556 -0.3383 0.0502 -0.9397 -0.3842 0.0570 -0.9215 -0.4292 0.0637 -0.9010 -0.4731 0.0702 -0.8782 -0.5158 0.0765 -0.8533 -0.5572 0.0827 -0.8262 -0.5973 0.0886 -0.7971 -0.6358 0.0943 -0.7660 -0.6728 0.0998 -0.7331 -0.7081 0.1050 -0.6982 -0.7417 0.1100 -0.6617 -0.7734 0.1147 -0.6235 -0.8032 0.1191 -0.5837 -0.8309 0.1233 -0.5425 -0.8567 0.1271 -0.5000 -0.8802 0.1306 -0.4562 -0.9016 0.1337 -0.4113 -0.9208 0.1366 -0.3653 -0.9377 0.1391 -0.3185 -0.9522 0.1412 -0.2708 -0.9644 0.1431 -0.2225 -0.9741 0.1445 -0.1736 -0.9815 0.1456 -0.1243 -0.9864 0.1463 -0.0747 -0.9889 0.1467 -0.0249 -0.9889 0.1467 0.0249 -0.9864 0.1463 0.0747 -0.9815 0.1456 0.1243 -0.9741 0.1445 0.1736 -0.9644 0.1431 0.2225 -0.9522 0.1412 0.2708 -0.9377 0.1391 0.3185 -0.9208 0.1366 0.3653 -0.9016 0.1337 0.4113 -0.8802 0.1306 0.4562 -0.8567 0.1271 0.5000 -0.8309 0.1233 0.5425 -0.8032 0.1191 0.5837 -0.7734 0.1147 0.6235 -0.7417 0.1100 0.6617 -0.7081 0.1050 0.6982 -0.6728 0.0998 0.7331 -0.6358 0.0943 0.7660 -0.5973 0.0886 0.7971 -0.5572 0.0827 0.8262 -0.5158 0.0765 0.8533 -0.4731 0.0702 0.8782 -0.4292 0.0637 0.9010 -0.3842 0.0570 0.9215 -0.3383 0.0502 0.9397 -0.2916 0.0432 0.9556 -0.2441 0.0362 0.9691 -0.1960 0.0291 0.9802 -0.1474 0.0219 0.9888 -0.0985 0.0146 0.9950 -0.0493 0.0073 0.9988 -0.0496 0.0049 -0.9988 -0.0991 0.0098 -0.9950 -0.1483 0.0146 -0.9888 -0.1972 0.0194 -0.9802 -0.2456 0.0242 -0.9691 -0.2933 0.0289 -0.9556 -0.3404 0.0335 -0.9397 -0.3866 0.0381 -0.9215 -0.4318 0.0425 -0.9010 -0.4760 0.0469 -0.8782 -0.5189 0.0511 -0.8533 -0.5606 0.0552 -0.8262 -0.6009 0.0592 -0.7971 -0.6397 0.0630 -0.7660 -0.6769 0.0667 -0.7331 -0.7124 0.0702 -0.6982 -0.7462 0.0735 -0.6617 -0.7781 0.0766 -0.6235 -0.8080 0.0796 -0.5837 -0.8360 0.0823 -0.5425 -0.8619 0.0849 -0.5000 -0.8856 0.0872 -0.4562 -0.9071 0.0893 -0.4113 -0.9264 0.0912 -0.3653 -0.9434 0.0929 -0.3185 -0.9580 0.0944 -0.2708 -0.9702 0.0956 -0.2225 -0.9801 0.0965 -0.1736 -0.9875 0.0973 -0.1243 -0.9924 0.0977 -0.0747 -0.9949 0.0980 -0.0249 -0.9949 0.0980 0.0249 -0.9924 0.0977 0.0747 -0.9875 0.0973 0.1243 -0.9801 0.0965 0.1736 -0.9702 0.0956 0.2225 -0.9580 0.0944 0.2708 -0.9434 0.0929 0.3185 -0.9264 0.0912 0.3653 -0.9071 0.0893 0.4113 -0.8856 0.0872 0.4562 -0.8619 0.0849 0.5000 -0.8360 0.0823 0.5425 -0.8080 0.0796 0.5837 -0.7781 0.0766 0.6235 -0.7462 0.0735 0.6617 -0.7124 0.0702 0.6982 -0.6769 0.0667 0.7331 -0.6397 0.0630 0.7660 -0.6009 0.0592 0.7971 -0.5606 0.0552 0.8262 -0.5189 0.0511 0.8533 -0.4760 0.0469 0.8782 -0.4318 0.0425 0.9010 -0.3866 0.0381 0.9215 -0.3404 0.0335 0.9397 -0.2933 0.0289 0.9556 -0.2456 0.0242 0.9691 -0.1972 0.0194 0.9802 -0.1483 0.0146 0.9888 -0.0991 0.0098 0.9950 -0.0496 0.0049 0.9988 -0.0498 0.0024 -0.9988 -0.0994 0.0049 -0.9950 -0.1489 0.0073 -0.9888 -0.1979 0.0097 -0.9802 -0.2465 0.0121 -0.9691 -0.2944 0.0145 -0.9556 -0.3416 0.0168 -0.9397 -0.3880 0.0191 -0.9215 -0.4334 0.0213 -0.9010 -0.4777 0.0235 -0.8782 -0.5208 0.0256 -0.8533 -0.5626 0.0276 -0.8262 -0.6031 0.0296 -0.7971 -0.6420 0.0315 -0.7660 -0.6794 0.0334 -0.7331 -0.7150 0.0351 -0.6982 -0.7489 0.0368 -0.6617 -0.7809 0.0384 -0.6235 -0.8110 0.0398 -0.5837 -0.8390 0.0412 -0.5425 -0.8650 0.0425 -0.5000 -0.8888 0.0437 -0.4562 -0.9104 0.0447 -0.4113 -0.9298 0.0457 -0.3653 -0.9468 0.0465 -0.3185 -0.9615 0.0472 -0.2708 -0.9738 0.0478 -0.2225 -0.9836 0.0483 -0.1736 -0.9910 0.0487 -0.1243 -0.9960 0.0489 -0.0747 -0.9985 0.0491 -0.0249 -0.9985 0.0491 0.0249 -0.9960 0.0489 0.0747 -0.9910 0.0487 0.1243 -0.9836 0.0483 0.1736 -0.9738 0.0478 0.2225 -0.9615 0.0472 0.2708 -0.9468 0.0465 0.3185 -0.9298 0.0457 0.3653 -0.9104 0.0447 0.4113 -0.8888 0.0437 0.4562 -0.8650 0.0425 0.5000 -0.8390 0.0412 0.5425 -0.8110 0.0398 0.5837 -0.7809 0.0384 0.6235 -0.7489 0.0368 0.6617 -0.7150 0.0351 0.6982 -0.6794 0.0334 0.7331 -0.6420 0.0315 0.7660 -0.6031 0.0296 0.7971 -0.5626 0.0276 0.8262 -0.5208 0.0256 0.8533 -0.4777 0.0235 0.8782 -0.4334 0.0213 0.9010 -0.3880 0.0191 0.9215 -0.3416 0.0168 0.9397 -0.2944 0.0145 0.9556 -0.2465 0.0121 0.9691 -0.1979 0.0097 0.9802 -0.1489 0.0073 0.9888 -0.0994 0.0049 0.9950 -0.0498 0.0024 0.9988 -0.0498 0.0000 -0.9988 -0.0996 0.0000 -0.9950 -0.1490 0.0000 -0.9888 -0.1981 0.0000 -0.9802 -0.2468 0.0000 -0.9691 -0.2948 0.0000 -0.9556 -0.3420 0.0000 -0.9397 -0.3884 0.0000 -0.9215 -0.4339 0.0000 -0.9010 -0.4783 0.0000 -0.8782 -0.5214 0.0000 -0.8533 -0.5633 0.0000 -0.8262 -0.6038 0.0000 -0.7971 -0.6428 0.0000 -0.7660 -0.6802 0.0000 -0.7331 -0.7159 0.0000 -0.6982 -0.7498 0.0000 -0.6617 -0.7818 0.0000 -0.6235 -0.8119 0.0000 -0.5837 -0.8400 0.0000 -0.5425 -0.8660 0.0000 -0.5000 -0.8899 0.0000 -0.4562 -0.9115 0.0000 -0.4113 -0.9309 0.0000 -0.3653 -0.9479 0.0000 -0.3185 -0.9626 0.0000 -0.2708 -0.9749 0.0000 -0.2225 -0.9848 0.0000 -0.1736 -0.9922 0.0000 -0.1243 -0.9972 0.0000 -0.0747 -0.9997 0.0000 -0.0249 -0.9997 0.0000 0.0249 -0.9972 0.0000 0.0747 -0.9922 0.0000 0.1243 -0.9848 0.0000 0.1736 -0.9749 0.0000 0.2225 -0.9626 0.0000 0.2708 -0.9479 0.0000 0.3185 -0.9309 0.0000 0.3653 -0.9115 0.0000 0.4113 -0.8899 0.0000 0.4562 -0.8660 0.0000 0.5000 -0.8400 0.0000 0.5425 -0.8119 0.0000 0.5837 -0.7818 0.0000 0.6235 -0.7498 0.0000 0.6617 -0.7159 0.0000 0.6982 -0.6802 0.0000 0.7331 -0.6428 0.0000 0.7660 -0.6038 0.0000 0.7971 -0.5633 0.0000 0.8262 -0.5214 0.0000 0.8533 -0.4783 0.0000 0.8782 -0.4339 0.0000 0.9010 -0.3884 0.0000 0.9215 -0.3420 0.0000 0.9397 -0.2948 0.0000 0.9556 -0.2468 0.0000 0.9691 -0.1981 0.0000 0.9802 -0.1490 0.0000 0.9888 -0.0996 0.0000 0.9950 -0.0498 0.0000 0.9988 -0.0498 -0.0024 -0.9988 -0.0994 -0.0049 -0.9950 -0.1489 -0.0073 -0.9888 -0.1979 -0.0097 -0.9802 -0.2465 -0.0121 -0.9691 -0.2944 -0.0145 -0.9556 -0.3416 -0.0168 -0.9397 -0.3880 -0.0191 -0.9215 -0.4334 -0.0213 -0.9010 -0.4777 -0.0235 -0.8782 -0.5208 -0.0256 -0.8533 -0.5626 -0.0276 -0.8262 -0.6031 -0.0296 -0.7971 -0.6420 -0.0315 -0.7660 -0.6794 -0.0334 -0.7331 -0.7150 -0.0351 -0.6982 -0.7489 -0.0368 -0.6617 -0.7809 -0.0384 -0.6235 -0.8110 -0.0398 -0.5837 -0.8390 -0.0412 -0.5425 -0.8650 -0.0425 -0.5000 -0.8888 -0.0437 -0.4562 -0.9104 -0.0447 -0.4113 -0.9298 -0.0457 -0.3653 -0.9468 -0.0465 -0.3185 -0.9615 -0.0472 -0.2708 -0.9738 -0.0478 -0.2225 -0.9836 -0.0483 -0.1736 -0.9910 -0.0487 -0.1243 -0.9960 -0.0489 -0.0747 -0.9985 -0.0491 -0.0249 -0.9985 -0.0491 0.0249 -0.9960 -0.0489 0.0747 -0.9910 -0.0487 0.1243 -0.9836 -0.0483 0.1736 -0.9738 -0.0478 0.2225 -0.9615 -0.0472 0.2708 -0.9468 -0.0465 0.3185 -0.9298 -0.0457 0.3653 -0.9104 -0.0447 0.4113 -0.8888 -0.0437 0.4562 -0.8650 -0.0425 0.5000 -0.8390 -0.0412 0.5425 -0.8110 -0.0398 0.5837 -0.7809 -0.0384 0.6235 -0.7489 -0.0368 0.6617 -0.7150 -0.0351 0.6982 -0.6794 -0.0334 0.7331 -0.6420 -0.0315 0.7660 -0.6031 -0.0296 0.7971 -0.5626 -0.0276 0.8262 -0.5208 -0.0256 0.8533 -0.4777 -0.0235 0.8782 -0.4334 -0.0213 0.9010 -0.3880 -0.0191 0.9215 -0.3416 -0.0168 0.9397 -0.2944 -0.0145 0.9556 -0.2465 -0.0121 0.9691 -0.1979 -0.0097 0.9802 -0.1489 -0.0073 0.9888 -0.0994 -0.0049 0.9950 -0.0498 -0.0024 0.9988 -0.0496 -0.0049 -0.9988 -0.0991 -0.0098 -0.9950 -0.1483 -0.0146 -0.9888 -0.1972 -0.0194 -0.9802 -0.2456 -0.0242 -0.9691 -0.2933 -0.0289 -0.9556 -0.3404 -0.0335 -0.9397 -0.3866 -0.0381 -0.9215 -0.4318 -0.0425 -0.9010 -0.4760 -0.0469 -0.8782 -0.5189 -0.0511 -0.8533 -0.5606 -0.0552 -0.8262 -0.6009 -0.0592 -0.7971 -0.6397 -0.0630 -0.7660 -0.6769 -0.0667 -0.7331 -0.7124 -0.0702 -0.6982 -0.7462 -0.0735 -0.6617 -0.7781 -0.0766 -0.6235 -0.8080 -0.0796 -0.5837 -0.8360 -0.0823 -0.5425 -0.8619 -0.0849 -0.5000 -0.8856 -0.0872 -0.4562 -0.9071 -0.0893 -0.4113 -0.9264 -0.0912 -0.3653 -0.9434 -0.0929 -0.3185 -0.9580 -0.0944 -0.2708 -0.9702 -0.0956 -0.2225 -0.9801 -0.0965 -0.1736 -0.9875 -0.0973 -0.1243 -0.9924 -0.0977 -0.0747 -0.9949 -0.0980 -0.0249 -0.9949 -0.0980 0.0249 -0.9924 -0.0977 0.0747 -0.9875 -0.0973 0.1243 -0.9801 -0.0965 0.1736 -0.9702 -0.0956 0.2225 -0.9580 -0.0944 0.2708 -0.9434 -0.0929 0.3185 -0.9264 -0.0912 0.3653 -0.9071 -0.0893 0.4113 -0.8856 -0.0872 0.4562 -0.8619 -0.0849 0.5000 -0.8360 -0.0823 0.5425 -0.8080 -0.0796 0.5837 -0.7781 -0.0766 0.6235 -0.7462 -0.0735 0.6617 -0.7124 -0.0702 0.6982 -0.6769 -0.0667 0.7331 -0.6397 -0.0630 0.7660 -0.6009 -0.0592 0.7971 -0.5606 -0.0552 0.8262 -0.5189 -0.0511 0.8533 -0.4760 -0.0469 0.8782 -0.4318 -0.0425 0.9010 -0.3866 -0.0381 0.9215 -0.3404 -0.0335 0.9397 -0.2933 -0.0289 0.9556 -0.2456 -0.0242 0.9691 -0.1972 -0.0194 0.9802 -0.1483 -0.0146 0.9888 -0.0991 -0.0098 0.9950 -0.0496 -0.0049 0.9988 -0.0493 -0.0073 -0.9988 -0.0985 -0.0146 -0.9950 -0.1474 -0.0219 -0.9888 -0.1960 -0.0291 -0.9802 -0.2441 -0.0362 -0.9691 -0.2916 -0.0432 -0.9556 -0.3383 -0.0502 -0.9397 -0.3842 -0.0570 -0.9215 -0.4292 -0.0637 -0.9010 -0.4731 -0.0702 -0.8782 -0.5158 -0.0765 -0.8533 -0.5572 -0.0827 -0.8262 -0.5973 -0.0886 -0.7971 -0.6358 -0.0943 -0.7660 -0.6728 -0.0998 -0.7331 -0.7081 -0.1050 -0.6982 -0.7417 -0.1100 -0.6617 -0.7734 -0.1147 -0.6235 -0.8032 -0.1191 -0.5837 -0.8309 -0.1233 -0.5425 -0.8567 -0.1271 -0.5000 -0.8802 -0.1306 -0.4562 -0.9016 -0.1337 -0.4113 -0.9208 -0.1366 -0.3653 -0.9377 -0.1391 -0.3185 -0.9522 -0.1412 -0.2708 -0.9644 -0.1431 -0.2225 -0.9741 -0.1445 -0.1736 -0.9815 -0.1456 -0.1243 -0.9864 -0.1463 -0.0747 -0.9889 -0.1467 -0.0249 -0.9889 -0.1467 0.0249 -0.9864 -0.1463 0.0747 -0.9815 -0.1456 0.1243 -0.9741 -0.1445 0.1736 -0.9644 -0.1431 0.2225 -0.9522 -0.1412 0.2708 -0.9377 -0.1391 0.3185 -0.9208 -0.1366 0.3653 -0.9016 -0.1337 0.4113 -0.8802 -0.1306 0.4562 -0.8567 -0.1271 0.5000 -0.8309 -0.1233 0.5425 -0.8032 -0.1191 0.5837 -0.7734 -0.1147 0.6235 -0.7417 -0.1100 0.6617 -0.7081 -0.1050 0.6982 -0.6728 -0.0998 0.7331 -0.6358 -0.0943 0.7660 -0.5973 -0.0886 0.7971 -0.5572 -0.0827 0.8262 -0.5158 -0.0765 0.8533 -0.4731 -0.0702 0.8782 -0.4292 -0.0637 0.9010 -0.3842 -0.0570 0.9215 -0.3383 -0.0502 0.9397 -0.2916 -0.0432 0.9556 -0.2441 -0.0362 0.9691 -0.1960 -0.0291 0.9802 -0.1474 -0.0219 0.9888 -0.0985 -0.0146 0.9950 -0.0493 -0.0073 0.9988 -0.0489 -0.0097 -0.9988 -0.0977 -0.0194 -0.9950 -0.1462 -0.0291 -0.9888 -0.1943 -0.0387 -0.9802 -0.2420 -0.0481 -0.9691 -0.2891 -0.0575 -0.9556 -0.3354 -0.0667 -0.9397 -0.3810 -0.0758 -0.9215 -0.4255 -0.0846 -0.9010 -0.4691 -0.0933 -0.8782 -0.5114 -0.1017 -0.8533 -0.5525 -0.1099 -0.8262 -0.5922 -0.1178 -0.7971 -0.6304 -0.1254 -0.7660 -0.6671 -0.1327 -0.7331 -0.7021 -0.1397 -0.6982 -0.7354 -0.1463 -0.6617 -0.7668 -0.1525 -0.6235 -0.7963 -0.1584 -0.5837 -0.8239 -0.1639 -0.5425 -0.8494 -0.1690 -0.5000 -0.8728 -0.1736 -0.4562 -0.8940 -0.1778 -0.4113 -0.9130 -0.1816 -0.3653 -0.9297 -0.1849 -0.3185 -0.9441 -0.1878 -0.2708 -0.9562 -0.1902 -0.2225 -0.9659 -0.1921 -0.1736 -0.9732 -0.1936 -0.1243 -0.9780 -0.1945 -0.0747 -0.9805 -0.1950 -0.0249 -0.9805 -0.1950 0.0249 -0.9780 -0.1945 0.0747 -0.9732 -0.1936 0.1243 -0.9659 -0.1921 0.1736 -0.9562 -0.1902 0.2225 -0.9441 -0.1878 0.2708 -0.9297 -0.1849 0.3185 -0.9130 -0.1816 0.3653 -0.8940 -0.1778 0.4113 -0.8728 -0.1736 0.4562 -0.8494 -0.1690 0.5000 -0.8239 -0.1639 0.5425 -0.7963 -0.1584 0.5837 -0.7668 -0.1525 0.6235 -0.7354 -0.1463 0.6617 -0.7021 -0.1397 0.6982 -0.6671 -0.1327 0.7331 -0.6304 -0.1254 0.7660 -0.5922 -0.1178 0.7971 -0.5525 -0.1099 0.8262 -0.5114 -0.1017 0.8533 -0.4691 -0.0933 0.8782 -0.4255 -0.0846 0.9010 -0.3810 -0.0758 0.9215 -0.3354 -0.0667 0.9397 -0.2891 -0.0575 0.9556 -0.2420 -0.0481 0.9691 -0.1943 -0.0387 0.9802 -0.1462 -0.0291 0.9888 -0.0977 -0.0194 0.9950 -0.0489 -0.0097 0.9988 -0.0484 -0.0121 -0.9988 -0.0966 -0.0242 -0.9950 -0.1446 -0.0362 -0.9888 -0.1922 -0.0481 -0.9802 -0.2394 -0.0600 -0.9691 -0.2859 -0.0716 -0.9556 -0.3318 -0.0831 -0.9397 -0.3768 -0.0944 -0.9215 -0.4209 -0.1054 -0.9010 -0.4639 -0.1162 -0.8782 -0.5058 -0.1267 -0.8533 -0.5464 -0.1369 -0.8262 -0.5857 -0.1467 -0.7971 -0.6235 -0.1562 -0.7660 -0.6598 -0.1653 -0.7331 -0.6944 -0.1739 -0.6982 -0.7273 -0.1822 -0.6617 -0.7584 -0.1900 -0.6235 -0.7876 -0.1973 -0.5837 -0.8149 -0.2041 -0.5425 -0.8401 -0.2104 -0.5000 -0.8632 -0.2162 -0.4562 -0.8842 -0.2215 -0.4113 -0.9030 -0.2262 -0.3653 -0.9195 -0.2303 -0.3185 -0.9338 -0.2339 -0.2708 -0.9457 -0.2369 -0.2225 -0.9553 -0.2393 -0.1736 -0.9625 -0.2411 -0.1243 -0.9673 -0.2423 -0.0747 -0.9697 -0.2429 -0.0249 -0.9697 -0.2429 0.0249 -0.9673 -0.2423 0.0747 -0.9625 -0.2411 0.1243 -0.9553 -0.2393 0.1736 -0.9457 -0.2369 0.2225 -0.9338 -0.2339 0.2708 -0.9195 -0.2303 0.3185 -0.9030 -0.2262 0.3653 -0.8842 -0.2215 0.4113 -0.8632 -0.2162 0.4562 -0.8401 -0.2104 0.5000 -0.8149 -0.2041 0.5425 -0.7876 -0.1973 0.5837 -0.7584 -0.1900 0.6235 -0.7273 -0.1822 0.6617 -0.6944 -0.1739 0.6982 -0.6598 -0.1653 0.7331 -0.6235 -0.1562 0.7660 -0.5857 -0.1467 0.7971 -0.5464 -0.1369 0.8262 -0.5058 -0.1267 0.8533 -0.4639 -0.1162 0.8782 -0.4209 -0.1054 0.9010 -0.3768 -0.0944 0.9215 -0.3318 -0.0831 0.9397 -0.2859 -0.0716 0.9556 -0.2394 -0.0600 0.9691 -0.1922 -0.0481 0.9802 -0.1446 -0.0362 0.9888 -0.0966 -0.0242 0.9950 -0.0484 -0.0121 0.9988 -0.0477 -0.0145 -0.9988 -0.0953 -0.0289 -0.9950 -0.1426 -0.0433 -0.9888 -0.1896 -0.0575 -0.9802 -0.2361 -0.0716 -0.9691 -0.2821 -0.0856 -0.9556 -0.3273 -0.0993 -0.9397 -0.3717 -0.1128 -0.9215 -0.4152 -0.1259 -0.9010 -0.4577 -0.1388 -0.8782 -0.4990 -0.1514 -0.8533 -0.5391 -0.1635 -0.8262 -0.5778 -0.1753 -0.7971 -0.6151 -0.1866 -0.7660 -0.6509 -0.1974 -0.7331 -0.6850 -0.2078 -0.6982 -0.7175 -0.2176 -0.6617 -0.7482 -0.2270 -0.6235 -0.7770 -0.2357 -0.5837 -0.8039 -0.2438 -0.5425 -0.8287 -0.2514 -0.5000 -0.8516 -0.2583 -0.4562 -0.8723 -0.2646 -0.4113 -0.8908 -0.2702 -0.3653 -0.9071 -0.2752 -0.3185 -0.9212 -0.2794 -0.2708 -0.9329 -0.2830 -0.2225 -0.9424 -0.2859 -0.1736 -0.9495 -0.2880 -0.1243 -0.9543 -0.2895 -0.0747 -0.9566 -0.2902 -0.0249 -0.9566 -0.2902 0.0249 -0.9543 -0.2895 0.0747 -0.9495 -0.2880 0.1243 -0.9424 -0.2859 0.1736 -0.9329 -0.2830 0.2225 -0.9212 -0.2794 0.2708 -0.9071 -0.2752 0.3185 -0.8908 -0.2702 0.3653 -0.8723 -0.2646 0.4113 -0.8516 -0.2583 0.4562 -0.8287 -0.2514 0.5000 -0.8039 -0.2438 0.5425 -0.7770 -0.2357 0.5837 -0.7482 -0.2270 0.6235 -0.7175 -0.2176 0.6617 -0.6850 -0.2078 0.6982 -0.6509 -0.1974 0.7331 -0.6151 -0.1866 0.7660 -0.5778 -0.1753 0.7971 -0.5391 -0.1635 0.8262 -0.4990 -0.1514 0.8533 -0.4577 -0.1388 0.8782 -0.4152 -0.1259 0.9010 -0.3717 -0.1128 0.9215 -0.3273 -0.0993 0.9397 -0.2821 -0.0856 0.9556 -0.2361 -0.0716 0.9691 -0.1896 -0.0575 0.9802 -0.1426 -0.0433 0.9888 -0.0953 -0.0289 0.9950 -0.0477 -0.0145 0.9988 -0.0469 -0.0168 -0.9988 -0.0937 -0.0335 -0.9950 -0.1403 -0.0502 -0.9888 -0.1866 -0.0668 -0.9802 -0.2323 -0.0831 -0.9691 -0.2775 -0.0993 -0.9556 -0.3220 -0.1152 -0.9397 -0.3657 -0.1309 -0.9215 -0.4085 -0.1462 -0.9010 -0.4503 -0.1611 -0.8782 -0.4910 -0.1757 -0.8533 -0.5304 -0.1898 -0.8262 -0.5685 -0.2034 -0.7971 -0.6052 -0.2165 -0.7660 -0.6404 -0.2291 -0.7331 -0.6740 -0.2412 -0.6982 -0.7060 -0.2526 -0.6617 -0.7361 -0.2634 -0.6235 -0.7645 -0.2735 -0.5837 -0.7909 -0.2830 -0.5425 -0.8154 -0.2918 -0.5000 -0.8379 -0.2998 -0.4562 -0.8582 -0.3071 -0.4113 -0.8765 -0.3136 -0.3653 -0.8925 -0.3193 -0.3185 -0.9064 -0.3243 -0.2708 -0.9179 -0.3284 -0.2225 -0.9272 -0.3318 -0.1736 -0.9342 -0.3343 -0.1243 -0.9389 -0.3359 -0.0747 -0.9413 -0.3368 -0.0249 -0.9413 -0.3368 0.0249 -0.9389 -0.3359 0.0747 -0.9342 -0.3343 0.1243 -0.9272 -0.3318 0.1736 -0.9179 -0.3284 0.2225 -0.9064 -0.3243 0.2708 -0.8925 -0.3193 0.3185 -0.8765 -0.3136 0.3653 -0.8582 -0.3071 0.4113 -0.8379 -0.2998 0.4562 -0.8154 -0.2918 0.5000 -0.7909 -0.2830 0.5425 -0.7645 -0.2735 0.5837 -0.7361 -0.2634 0.6235 -0.7060 -0.2526 0.6617 -0.6740 -0.2412 0.6982 -0.6404 -0.2291 0.7331 -0.6052 -0.2165 0.7660 -0.5685 -0.2034 0.7971 -0.5304 -0.1898 0.8262 -0.4910 -0.1757 0.8533 -0.4503 -0.1611 0.8782 -0.4085 -0.1462 0.9010 -0.3657 -0.1309 0.9215 -0.3220 -0.1152 0.9397 -0.2775 -0.0993 0.9556 -0.2323 -0.0831 0.9691 -0.1866 -0.0668 0.9802 -0.1403 -0.0502 0.9888 -0.0937 -0.0335 0.9950 -0.0469 -0.0168 0.9988 -0.0461 -0.0191 -0.9988 -0.0920 -0.0381 -0.9950 -0.1377 -0.0570 -0.9888 -0.1831 -0.0758 -0.9802 -0.2280 -0.0944 -0.9691 -0.2723 -0.1128 -0.9556 -0.3160 -0.1309 -0.9397 -0.3589 -0.1486 -0.9215 -0.4009 -0.1660 -0.9010 -0.4418 -0.1830 -0.8782 -0.4817 -0.1995 -0.8533 -0.5204 -0.2156 -0.8262 -0.5578 -0.2311 -0.7971 -0.5939 -0.2460 -0.7660 -0.6284 -0.2603 -0.7331 -0.6614 -0.2740 -0.6982 -0.6927 -0.2869 -0.6617 -0.7223 -0.2992 -0.6235 -0.7501 -0.3107 -0.5837 -0.7761 -0.3215 -0.5425 -0.8001 -0.3314 -0.5000 -0.8221 -0.3405 -0.4562 -0.8421 -0.3488 -0.4113 -0.8600 -0.3562 -0.3653 -0.8758 -0.3628 -0.3185 -0.8893 -0.3684 -0.2708 -0.9007 -0.3731 -0.2225 -0.9098 -0.3769 -0.1736 -0.9167 -0.3797 -0.1243 -0.9213 -0.3816 -0.0747 -0.9236 -0.3826 -0.0249 -0.9236 -0.3826 0.0249 -0.9213 -0.3816 0.0747 -0.9167 -0.3797 0.1243 -0.9098 -0.3769 0.1736 -0.9007 -0.3731 0.2225 -0.8893 -0.3684 0.2708 -0.8758 -0.3628 0.3185 -0.8600 -0.3562 0.3653 -0.8421 -0.3488 0.4113 -0.8221 -0.3405 0.4562 -0.8001 -0.3314 0.5000 -0.7761 -0.3215 0.5425 -0.7501 -0.3107 0.5837 -0.7223 -0.2992 0.6235 -0.6927 -0.2869 0.6617 -0.6614 -0.2740 0.6982 -0.6284 -0.2603 0.7331 -0.5939 -0.2460 0.7660 -0.5578 -0.2311 0.7971 -0.5204 -0.2156 0.8262 -0.4817 -0.1995 0.8533 -0.4418 -0.1830 0.8782 -0.4009 -0.1660 0.9010 -0.3589 -0.1486 0.9215 -0.3160 -0.1309 0.9397 -0.2723 -0.1128 0.9556 -0.2280 -0.0944 0.9691 -0.1831 -0.0758 0.9802 -0.1377 -0.0570 0.9888 -0.0920 -0.0381 0.9950 -0.0461 -0.0191 0.9988 -0.0451 -0.0213 -0.9988 -0.0900 -0.0426 -0.9950 -0.1347 -0.0637 -0.9888 -0.1791 -0.0847 -0.9802 -0.2231 -0.1055 -0.9691 -0.2665 -0.1260 -0.9556 -0.3092 -0.1462 -0.9397 -0.3511 -0.1661 -0.9215 -0.3922 -0.1855 -0.9010 -0.4323 -0.2045 -0.8782 -0.4714 -0.2229 -0.8533 -0.5092 -0.2409 -0.8262 -0.5458 -0.2582 -0.7971 -0.5811 -0.2748 -0.7660 -0.6149 -0.2908 -0.7331 -0.6471 -0.3061 -0.6982 -0.6778 -0.3206 -0.6617 -0.7068 -0.3343 -0.6235 -0.7340 -0.3471 -0.5837 -0.7594 -0.3592 -0.5425 -0.7829 -0.3703 -0.5000 -0.8044 -0.3805 -0.4562 -0.8240 -0.3897 -0.4113 -0.8415 -0.3980 -0.3653 -0.8569 -0.4053 -0.3185 -0.8702 -0.4116 -0.2708 -0.8813 -0.4168 -0.2225 -0.8903 -0.4211 -0.1736 -0.8970 -0.4242 -0.1243 -0.9015 -0.4264 -0.0747 -0.9037 -0.4274 -0.0249 -0.9037 -0.4274 0.0249 -0.9015 -0.4264 0.0747 -0.8970 -0.4242 0.1243 -0.8903 -0.4211 0.1736 -0.8813 -0.4168 0.2225 -0.8702 -0.4116 0.2708 -0.8569 -0.4053 0.3185 -0.8415 -0.3980 0.3653 -0.8240 -0.3897 0.4113 -0.8044 -0.3805 0.4562 -0.7829 -0.3703 0.5000 -0.7594 -0.3592 0.5425 -0.7340 -0.3471 0.5837 -0.7068 -0.3343 0.6235 -0.6778 -0.3206 0.6617 -0.6471 -0.3061 0.6982 -0.6149 -0.2908 0.7331 -0.5811 -0.2748 0.7660 -0.5458 -0.2582 0.7971 -0.5092 -0.2409 0.8262 -0.4714 -0.2229 0.8533 -0.4323 -0.2045 0.8782 -0.3922 -0.1855 0.9010 -0.3511 -0.1661 0.9215 -0.3092 -0.1462 0.9397 -0.2665 -0.1260 0.9556 -0.2231 -0.1055 0.9691 -0.1791 -0.0847 0.9802 -0.1347 -0.0637 0.9888 -0.0900 -0.0426 0.9950 -0.0451 -0.0213 0.9988 -0.0440 -0.0235 -0.9988 -0.0878 -0.0469 -0.9950 -0.1314 -0.0703 -0.9888 -0.1747 -0.0934 -0.9802 -0.2176 -0.1163 -0.9691 -0.2600 -0.1389 -0.9556 -0.3016 -0.1612 -0.9397 -0.3426 -0.1831 -0.9215 -0.3827 -0.2045 -0.9010 -0.4218 -0.2254 -0.8782 -0.4599 -0.2458 -0.8533 -0.4968 -0.2655 -0.8262 -0.5325 -0.2846 -0.7971 -0.5669 -0.3030 -0.7660 -0.5999 -0.3206 -0.7331 -0.6313 -0.3375 -0.6982 -0.6612 -0.3534 -0.6617 -0.6895 -0.3686 -0.6235 -0.7161 -0.3827 -0.5837 -0.7408 -0.3960 -0.5425 -0.7638 -0.4082 -0.5000 -0.7848 -0.4195 -0.4562 -0.8039 -0.4297 -0.4113 -0.8210 -0.4388 -0.3653 -0.8360 -0.4468 -0.3185 -0.8490 -0.4538 -0.2708 -0.8598 -0.4596 -0.2225 -0.8685 -0.4642 -0.1736 -0.8751 -0.4677 -0.1243 -0.8795 -0.4701 -0.0747 -0.8816 -0.4713 -0.0249 -0.8816 -0.4713 0.0249 -0.8795 -0.4701 0.0747 -0.8751 -0.4677 0.1243 -0.8685 -0.4642 0.1736 -0.8598 -0.4596 0.2225 -0.8490 -0.4538 0.2708 -0.8360 -0.4468 0.3185 -0.8210 -0.4388 0.3653 -0.8039 -0.4297 0.4113 -0.7848 -0.4195 0.4562 -0.7638 -0.4082 0.5000 -0.7408 -0.3960 0.5425 -0.7161 -0.3827 0.5837 -0.6895 -0.3686 0.6235 -0.6612 -0.3534 0.6617 -0.6313 -0.3375 0.6982 -0.5999 -0.3206 0.7331 -0.5669 -0.3030 0.7660 -0.5325 -0.2846 0.7971 -0.4968 -0.2655 0.8262 -0.4599 -0.2458 0.8533 -0.4218 -0.2254 0.8782 -0.3827 -0.2045 0.9010 -0.3426 -0.1831 0.9215 -0.3016 -0.1612 0.9397 -0.2600 -0.1389 0.9556 -0.2176 -0.1163 0.9691 -0.1747 -0.0934 0.9802 -0.1314 -0.0703 0.9888 -0.0878 -0.0469 0.9950 -0.0440 -0.0235 0.9988 -0.0428 -0.0256 -0.9988 -0.0854 -0.0512 -0.9950 -0.1278 -0.0766 -0.9888 -0.1700 -0.1019 -0.9802 -0.2117 -0.1269 -0.9691 -0.2528 -0.1515 -0.9556 -0.2934 -0.1758 -0.9397 -0.3332 -0.1997 -0.9215 -0.3722 -0.2231 -0.9010 -0.4102 -0.2459 -0.8782 -0.4472 -0.2681 -0.8533 -0.4832 -0.2896 -0.8262 -0.5179 -0.3104 -0.7971 -0.5513 -0.3305 -0.7660 -0.5834 -0.3497 -0.7331 -0.6140 -0.3680 -0.6982 -0.6431 -0.3855 -0.6617 -0.6706 -0.4019 -0.6235 -0.6964 -0.4174 -0.5837 -0.7205 -0.4319 -0.5425 -0.7428 -0.4452 -0.5000 -0.7633 -0.4575 -0.4562 -0.7818 -0.4686 -0.4113 -0.7984 -0.4786 -0.3653 -0.8131 -0.4873 -0.3185 -0.8257 -0.4949 -0.2708 -0.8362 -0.5012 -0.2225 -0.8447 -0.5063 -0.1736 -0.8511 -0.5101 -0.1243 -0.8553 -0.5127 -0.0747 -0.8575 -0.5139 -0.0249 -0.8575 -0.5139 0.0249 -0.8553 -0.5127 0.0747 -0.8511 -0.5101 0.1243 -0.8447 -0.5063 0.1736 -0.8362 -0.5012 0.2225 -0.8257 -0.4949 0.2708 -0.8131 -0.4873 0.3185 -0.7984 -0.4786 0.3653 -0.7818 -0.4686 0.4113 -0.7633 -0.4575 0.4562 -0.7428 -0.4452 0.5000 -0.7205 -0.4319 0.5425 -0.6964 -0.4174 0.5837 -0.6706 -0.4019 0.6235 -0.6431 -0.3855 0.6617 -0.6140 -0.3680 0.6982 -0.5834 -0.3497 0.7331 -0.5513 -0.3305 0.7660 -0.5179 -0.3104 0.7971 -0.4832 -0.2896 0.8262 -0.4472 -0.2681 0.8533 -0.4102 -0.2459 0.8782 -0.3722 -0.2231 0.9010 -0.3332 -0.1997 0.9215 -0.2934 -0.1758 0.9397 -0.2528 -0.1515 0.9556 -0.2117 -0.1269 0.9691 -0.1700 -0.1019 0.9802 -0.1278 -0.0766 0.9888 -0.0854 -0.0512 0.9950 -0.0428 -0.0256 0.9988 -0.0414 -0.0277 -0.9988 -0.0828 -0.0553 -0.9950 -0.1239 -0.0828 -0.9888 -0.1648 -0.1101 -0.9802 -0.2052 -0.1371 -0.9691 -0.2451 -0.1638 -0.9556 -0.2844 -0.1900 -0.9397 -0.3230 -0.2158 -0.9215 -0.3608 -0.2411 -0.9010 -0.3977 -0.2657 -0.8782 -0.4336 -0.2897 -0.8533 -0.4684 -0.3130 -0.8262 -0.5020 -0.3355 -0.7971 -0.5345 -0.3571 -0.7660 -0.5655 -0.3779 -0.7331 -0.5952 -0.3977 -0.6982 -0.6234 -0.4166 -0.6617 -0.6501 -0.4344 -0.6235 -0.6751 -0.4511 -0.5837 -0.6985 -0.4667 -0.5425 -0.7201 -0.4811 -0.5000 -0.7399 -0.4944 -0.4562 -0.7579 -0.5064 -0.4113 -0.7740 -0.5172 -0.3653 -0.7882 -0.5266 -0.3185 -0.8004 -0.5348 -0.2708 -0.8106 -0.5416 -0.2225 -0.8188 -0.5471 -0.1736 -0.8250 -0.5513 -0.1243 -0.8291 -0.5540 -0.0747 -0.8312 -0.5554 -0.0249 -0.8312 -0.5554 0.0249 -0.8291 -0.5540 0.0747 -0.8250 -0.5513 0.1243 -0.8188 -0.5471 0.1736 -0.8106 -0.5416 0.2225 -0.8004 -0.5348 0.2708 -0.7882 -0.5266 0.3185 -0.7740 -0.5172 0.3653 -0.7579 -0.5064 0.4113 -0.7399 -0.4944 0.4562 -0.7201 -0.4811 0.5000 -0.6985 -0.4667 0.5425 -0.6751 -0.4511 0.5837 -0.6501 -0.4344 0.6235 -0.6234 -0.4166 0.6617 -0.5952 -0.3977 0.6982 -0.5655 -0.3779 0.7331 -0.5345 -0.3571 0.7660 -0.5020 -0.3355 0.7971 -0.4684 -0.3130 0.8262 -0.4336 -0.2897 0.8533 -0.3977 -0.2657 0.8782 -0.3608 -0.2411 0.9010 -0.3230 -0.2158 0.9215 -0.2844 -0.1900 0.9397 -0.2451 -0.1638 0.9556 -0.2052 -0.1371 0.9691 -0.1648 -0.1101 0.9802 -0.1239 -0.0828 0.9888 -0.0828 -0.0553 0.9950 -0.0414 -0.0277 0.9988 -0.0400 -0.0297 -0.9988 -0.0800 -0.0593 -0.9950 -0.1197 -0.0888 -0.9888 -0.1592 -0.1180 -0.9802 -0.1982 -0.1470 -0.9691 -0.2367 -0.1756 -0.9556 -0.2747 -0.2037 -0.9397 -0.3120 -0.2314 -0.9215 -0.3485 -0.2585 -0.9010 -0.3841 -0.2849 -0.8782 -0.4188 -0.3106 -0.8533 -0.4525 -0.3356 -0.8262 -0.4850 -0.3597 -0.7971 -0.5163 -0.3829 -0.7660 -0.5463 -0.4052 -0.7331 -0.5750 -0.4264 -0.6982 -0.6022 -0.4466 -0.6617 -0.6280 -0.4657 -0.6235 -0.6522 -0.4837 -0.5837 -0.6747 -0.5004 -0.5425 -0.6956 -0.5159 -0.5000 -0.7148 -0.5301 -0.4562 -0.7321 -0.5430 -0.4113 -0.7477 -0.5545 -0.3653 -0.7614 -0.5647 -0.3185 -0.7732 -0.5734 -0.2708 -0.7831 -0.5808 -0.2225 -0.7910 -0.5866 -0.1736 -0.7970 -0.5911 -0.1243 -0.8010 -0.5940 -0.0747 -0.8030 -0.5955 -0.0249 -0.8030 -0.5955 0.0249 -0.8010 -0.5940 0.0747 -0.7970 -0.5911 0.1243 -0.7910 -0.5866 0.1736 -0.7831 -0.5808 0.2225 -0.7732 -0.5734 0.2708 -0.7614 -0.5647 0.3185 -0.7477 -0.5545 0.3653 -0.7321 -0.5430 0.4113 -0.7148 -0.5301 0.4562 -0.6956 -0.5159 0.5000 -0.6747 -0.5004 0.5425 -0.6522 -0.4837 0.5837 -0.6280 -0.4657 0.6235 -0.6022 -0.4466 0.6617 -0.5750 -0.4264 0.6982 -0.5463 -0.4052 0.7331 -0.5163 -0.3829 0.7660 -0.4850 -0.3597 0.7971 -0.4525 -0.3356 0.8262 -0.4188 -0.3106 0.8533 -0.3841 -0.2849 0.8782 -0.3485 -0.2585 0.9010 -0.3120 -0.2314 0.9215 -0.2747 -0.2037 0.9397 -0.2367 -0.1756 0.9556 -0.1982 -0.1470 0.9691 -0.1592 -0.1180 0.9802 -0.1197 -0.0888 0.9888 -0.0800 -0.0593 0.9950 -0.0400 -0.0297 0.9988 -0.0385 -0.0316 -0.9988 -0.0770 -0.0632 -0.9950 -0.1152 -0.0946 -0.9888 -0.1532 -0.1257 -0.9802 -0.1907 -0.1565 -0.9691 -0.2278 -0.1870 -0.9556 -0.2644 -0.2170 -0.9397 -0.3003 -0.2464 -0.9215 -0.3354 -0.2753 -0.9010 -0.3697 -0.3034 -0.8782 -0.4031 -0.3308 -0.8533 -0.4355 -0.3574 -0.8262 -0.4667 -0.3830 -0.7971 -0.4969 -0.4078 -0.7660 -0.5258 -0.4315 -0.7331 -0.5534 -0.4541 -0.6982 -0.5796 -0.4757 -0.6617 -0.6044 -0.4960 -0.6235 -0.6276 -0.5151 -0.5837 -0.6493 -0.5329 -0.5425 -0.6694 -0.5494 -0.5000 -0.6879 -0.5645 -0.4562 -0.7046 -0.5783 -0.4113 -0.7196 -0.5905 -0.3653 -0.7328 -0.6014 -0.3185 -0.7441 -0.6107 -0.2708 -0.7536 -0.6185 -0.2225 -0.7613 -0.6248 -0.1736 -0.7670 -0.6295 -0.1243 -0.7708 -0.6326 -0.0747 -0.7728 -0.6342 -0.0249 -0.7728 -0.6342 0.0249 -0.7708 -0.6326 0.0747 -0.7670 -0.6295 0.1243 -0.7613 -0.6248 0.1736 -0.7536 -0.6185 0.2225 -0.7441 -0.6107 0.2708 -0.7328 -0.6014 0.3185 -0.7196 -0.5905 0.3653 -0.7046 -0.5783 0.4113 -0.6879 -0.5645 0.4562 -0.6694 -0.5494 0.5000 -0.6493 -0.5329 0.5425 -0.6276 -0.5151 0.5837 -0.6044 -0.4960 0.6235 -0.5796 -0.4757 0.6617 -0.5534 -0.4541 0.6982 -0.5258 -0.4315 0.7331 -0.4969 -0.4078 0.7660 -0.4667 -0.3830 0.7971 -0.4355 -0.3574 0.8262 -0.4031 -0.3308 0.8533 -0.3697 -0.3034 0.8782 -0.3354 -0.2753 0.9010 -0.3003 -0.2464 0.9215 -0.2644 -0.2170 0.9397 -0.2278 -0.1870 0.9556 -0.1907 -0.1565 0.9691 -0.1532 -0.1257 0.9802 -0.1152 -0.0946 0.9888 -0.0770 -0.0632 0.9950 -0.0385 -0.0316 0.9988 -0.0369 -0.0335 -0.9988 -0.0738 -0.0669 -0.9950 -0.1104 -0.1001 -0.9888 -0.1468 -0.1331 -0.9802 -0.1828 -0.1657 -0.9691 -0.2184 -0.1979 -0.9556 -0.2534 -0.2297 -0.9397 -0.2878 -0.2609 -0.9215 -0.3215 -0.2914 -0.9010 -0.3544 -0.3212 -0.8782 -0.3864 -0.3502 -0.8533 -0.4174 -0.3783 -0.8262 -0.4474 -0.4055 -0.7971 -0.4763 -0.4317 -0.7660 -0.5040 -0.4568 -0.7331 -0.5304 -0.4807 -0.6982 -0.5556 -0.5035 -0.6617 -0.5793 -0.5250 -0.6235 -0.6016 -0.5453 -0.5837 -0.6224 -0.5641 -0.5425 -0.6417 -0.5816 -0.5000 -0.6594 -0.5976 -0.4562 -0.6754 -0.6121 -0.4113 -0.6897 -0.6251 -0.3653 -0.7024 -0.6366 -0.3185 -0.7133 -0.6465 -0.2708 -0.7224 -0.6547 -0.2225 -0.7297 -0.6614 -0.1736 -0.7352 -0.6663 -0.1243 -0.7389 -0.6697 -0.0747 -0.7407 -0.6714 -0.0249 -0.7407 -0.6714 0.0249 -0.7389 -0.6697 0.0747 -0.7352 -0.6663 0.1243 -0.7297 -0.6614 0.1736 -0.7224 -0.6547 0.2225 -0.7133 -0.6465 0.2708 -0.7024 -0.6366 0.3185 -0.6897 -0.6251 0.3653 -0.6754 -0.6121 0.4113 -0.6594 -0.5976 0.4562 -0.6417 -0.5816 0.5000 -0.6224 -0.5641 0.5425 -0.6016 -0.5453 0.5837 -0.5793 -0.5250 0.6235 -0.5556 -0.5035 0.6617 -0.5304 -0.4807 0.6982 -0.5040 -0.4568 0.7331 -0.4763 -0.4317 0.7660 -0.4474 -0.4055 0.7971 -0.4174 -0.3783 0.8262 -0.3864 -0.3502 0.8533 -0.3544 -0.3212 0.8782 -0.3215 -0.2914 0.9010 -0.2878 -0.2609 0.9215 -0.2534 -0.2297 0.9397 -0.2184 -0.1979 0.9556 -0.1828 -0.1657 0.9691 -0.1468 -0.1331 0.9802 -0.1104 -0.1001 0.9888 -0.0738 -0.0669 0.9950 -0.0369 -0.0335 0.9988 -0.0352 -0.0352 -0.9988 -0.0704 -0.0704 -0.9950 -0.1054 -0.1054 -0.9888 -0.1401 -0.1401 -0.9802 -0.1745 -0.1745 -0.9691 -0.2084 -0.2084 -0.9556 -0.2418 -0.2418 -0.9397 -0.2747 -0.2747 -0.9215 -0.3068 -0.3068 -0.9010 -0.3382 -0.3382 -0.8782 -0.3687 -0.3687 -0.8533 -0.3983 -0.3983 -0.8262 -0.4270 -0.4270 -0.7971 -0.4545 -0.4545 -0.7660 -0.4810 -0.4810 -0.7331 -0.5062 -0.5062 -0.6982 -0.5302 -0.5302 -0.6617 -0.5528 -0.5528 -0.6235 -0.5741 -0.5741 -0.5837 -0.5940 -0.5940 -0.5425 -0.6124 -0.6124 -0.5000 -0.6292 -0.6292 -0.4562 -0.6445 -0.6445 -0.4113 -0.6582 -0.6582 -0.3653 -0.6703 -0.6703 -0.3185 -0.6807 -0.6807 -0.2708 -0.6894 -0.6894 -0.2225 -0.6964 -0.6964 -0.1736 -0.7016 -0.7016 -0.1243 -0.7051 -0.7051 -0.0747 -0.7069 -0.7069 -0.0249 -0.7069 -0.7069 0.0249 -0.7051 -0.7051 0.0747 -0.7016 -0.7016 0.1243 -0.6964 -0.6964 0.1736 -0.6894 -0.6894 0.2225 -0.6807 -0.6807 0.2708 -0.6703 -0.6703 0.3185 -0.6582 -0.6582 0.3653 -0.6445 -0.6445 0.4113 -0.6292 -0.6292 0.4562 -0.6124 -0.6124 0.5000 -0.5940 -0.5940 0.5425 -0.5741 -0.5741 0.5837 -0.5528 -0.5528 0.6235 -0.5302 -0.5302 0.6617 -0.5062 -0.5062 0.6982 -0.4810 -0.4810 0.7331 -0.4545 -0.4545 0.7660 -0.4270 -0.4270 0.7971 -0.3983 -0.3983 0.8262 -0.3687 -0.3687 0.8533 -0.3382 -0.3382 0.8782 -0.3068 -0.3068 0.9010 -0.2747 -0.2747 0.9215 -0.2418 -0.2418 0.9397 -0.2084 -0.2084 0.9556 -0.1745 -0.1745 0.9691 -0.1401 -0.1401 0.9802 -0.1054 -0.1054 0.9888 -0.0704 -0.0704 0.9950 -0.0352 -0.0352 0.9988 -0.0335 -0.0369 -0.9988 -0.0669 -0.0738 -0.9950 -0.1001 -0.1104 -0.9888 -0.1331 -0.1468 -0.9802 -0.1657 -0.1828 -0.9691 -0.1979 -0.2184 -0.9556 -0.2297 -0.2534 -0.9397 -0.2609 -0.2878 -0.9215 -0.2914 -0.3215 -0.9010 -0.3212 -0.3544 -0.8782 -0.3502 -0.3864 -0.8533 -0.3783 -0.4174 -0.8262 -0.4055 -0.4474 -0.7971 -0.4317 -0.4763 -0.7660 -0.4568 -0.5040 -0.7331 -0.4807 -0.5304 -0.6982 -0.5035 -0.5556 -0.6617 -0.5250 -0.5793 -0.6235 -0.5453 -0.6016 -0.5837 -0.5641 -0.6224 -0.5425 -0.5816 -0.6417 -0.5000 -0.5976 -0.6594 -0.4562 -0.6121 -0.6754 -0.4113 -0.6251 -0.6897 -0.3653 -0.6366 -0.7024 -0.3185 -0.6465 -0.7133 -0.2708 -0.6547 -0.7224 -0.2225 -0.6614 -0.7297 -0.1736 -0.6663 -0.7352 -0.1243 -0.6697 -0.7389 -0.0747 -0.6714 -0.7407 -0.0249 -0.6714 -0.7407 0.0249 -0.6697 -0.7389 0.0747 -0.6663 -0.7352 0.1243 -0.6614 -0.7297 0.1736 -0.6547 -0.7224 0.2225 -0.6465 -0.7133 0.2708 -0.6366 -0.7024 0.3185 -0.6251 -0.6897 0.3653 -0.6121 -0.6754 0.4113 -0.5976 -0.6594 0.4562 -0.5816 -0.6417 0.5000 -0.5641 -0.6224 0.5425 -0.5453 -0.6016 0.5837 -0.5250 -0.5793 0.6235 -0.5035 -0.5556 0.6617 -0.4807 -0.5304 0.6982 -0.4568 -0.5040 0.7331 -0.4317 -0.4763 0.7660 -0.4055 -0.4474 0.7971 -0.3783 -0.4174 0.8262 -0.3502 -0.3864 0.8533 -0.3212 -0.3544 0.8782 -0.2914 -0.3215 0.9010 -0.2609 -0.2878 0.9215 -0.2297 -0.2534 0.9397 -0.1979 -0.2184 0.9556 -0.1657 -0.1828 0.9691 -0.1331 -0.1468 0.9802 -0.1001 -0.1104 0.9888 -0.0669 -0.0738 0.9950 -0.0335 -0.0369 0.9988 -0.0316 -0.0385 -0.9988 -0.0632 -0.0770 -0.9950 -0.0946 -0.1152 -0.9888 -0.1257 -0.1532 -0.9802 -0.1565 -0.1907 -0.9691 -0.1870 -0.2278 -0.9556 -0.2170 -0.2644 -0.9397 -0.2464 -0.3003 -0.9215 -0.2753 -0.3354 -0.9010 -0.3034 -0.3697 -0.8782 -0.3308 -0.4031 -0.8533 -0.3574 -0.4355 -0.8262 -0.3830 -0.4667 -0.7971 -0.4078 -0.4969 -0.7660 -0.4315 -0.5258 -0.7331 -0.4541 -0.5534 -0.6982 -0.4757 -0.5796 -0.6617 -0.4960 -0.6044 -0.6235 -0.5151 -0.6276 -0.5837 -0.5329 -0.6493 -0.5425 -0.5494 -0.6694 -0.5000 -0.5645 -0.6879 -0.4562 -0.5783 -0.7046 -0.4113 -0.5905 -0.7196 -0.3653 -0.6014 -0.7328 -0.3185 -0.6107 -0.7441 -0.2708 -0.6185 -0.7536 -0.2225 -0.6248 -0.7613 -0.1736 -0.6295 -0.7670 -0.1243 -0.6326 -0.7708 -0.0747 -0.6342 -0.7728 -0.0249 -0.6342 -0.7728 0.0249 -0.6326 -0.7708 0.0747 -0.6295 -0.7670 0.1243 -0.6248 -0.7613 0.1736 -0.6185 -0.7536 0.2225 -0.6107 -0.7441 0.2708 -0.6014 -0.7328 0.3185 -0.5905 -0.7196 0.3653 -0.5783 -0.7046 0.4113 -0.5645 -0.6879 0.4562 -0.5494 -0.6694 0.5000 -0.5329 -0.6493 0.5425 -0.5151 -0.6276 0.5837 -0.4960 -0.6044 0.6235 -0.4757 -0.5796 0.6617 -0.4541 -0.5534 0.6982 -0.4315 -0.5258 0.7331 -0.4078 -0.4969 0.7660 -0.3830 -0.4667 0.7971 -0.3574 -0.4355 0.8262 -0.3308 -0.4031 0.8533 -0.3034 -0.3697 0.8782 -0.2753 -0.3354 0.9010 -0.2464 -0.3003 0.9215 -0.2170 -0.2644 0.9397 -0.1870 -0.2278 0.9556 -0.1565 -0.1907 0.9691 -0.1257 -0.1532 0.9802 -0.0946 -0.1152 0.9888 -0.0632 -0.0770 0.9950 -0.0316 -0.0385 0.9988 -0.0297 -0.0400 -0.9988 -0.0593 -0.0800 -0.9950 -0.0888 -0.1197 -0.9888 -0.1180 -0.1592 -0.9802 -0.1470 -0.1982 -0.9691 -0.1756 -0.2367 -0.9556 -0.2037 -0.2747 -0.9397 -0.2314 -0.3120 -0.9215 -0.2585 -0.3485 -0.9010 -0.2849 -0.3841 -0.8782 -0.3106 -0.4188 -0.8533 -0.3356 -0.4525 -0.8262 -0.3597 -0.4850 -0.7971 -0.3829 -0.5163 -0.7660 -0.4052 -0.5463 -0.7331 -0.4264 -0.5750 -0.6982 -0.4466 -0.6022 -0.6617 -0.4657 -0.6280 -0.6235 -0.4837 -0.6522 -0.5837 -0.5004 -0.6747 -0.5425 -0.5159 -0.6956 -0.5000 -0.5301 -0.7148 -0.4562 -0.5430 -0.7321 -0.4113 -0.5545 -0.7477 -0.3653 -0.5647 -0.7614 -0.3185 -0.5734 -0.7732 -0.2708 -0.5808 -0.7831 -0.2225 -0.5866 -0.7910 -0.1736 -0.5911 -0.7970 -0.1243 -0.5940 -0.8010 -0.0747 -0.5955 -0.8030 -0.0249 -0.5955 -0.8030 0.0249 -0.5940 -0.8010 0.0747 -0.5911 -0.7970 0.1243 -0.5866 -0.7910 0.1736 -0.5808 -0.7831 0.2225 -0.5734 -0.7732 0.2708 -0.5647 -0.7614 0.3185 -0.5545 -0.7477 0.3653 -0.5430 -0.7321 0.4113 -0.5301 -0.7148 0.4562 -0.5159 -0.6956 0.5000 -0.5004 -0.6747 0.5425 -0.4837 -0.6522 0.5837 -0.4657 -0.6280 0.6235 -0.4466 -0.6022 0.6617 -0.4264 -0.5750 0.6982 -0.4052 -0.5463 0.7331 -0.3829 -0.5163 0.7660 -0.3597 -0.4850 0.7971 -0.3356 -0.4525 0.8262 -0.3106 -0.4188 0.8533 -0.2849 -0.3841 0.8782 -0.2585 -0.3485 0.9010 -0.2314 -0.3120 0.9215 -0.2037 -0.2747 0.9397 -0.1756 -0.2367 0.9556 -0.1470 -0.1982 0.9691 -0.1180 -0.1592 0.9802 -0.0888 -0.1197 0.9888 -0.0593 -0.0800 0.9950 -0.0297 -0.0400 0.9988 -0.0277 -0.0414 -0.9988 -0.0553 -0.0828 -0.9950 -0.0828 -0.1239 -0.9888 -0.1101 -0.1648 -0.9802 -0.1371 -0.2052 -0.9691 -0.1638 -0.2451 -0.9556 -0.1900 -0.2844 -0.9397 -0.2158 -0.3230 -0.9215 -0.2411 -0.3608 -0.9010 -0.2657 -0.3977 -0.8782 -0.2897 -0.4336 -0.8533 -0.3130 -0.4684 -0.8262 -0.3355 -0.5020 -0.7971 -0.3571 -0.5345 -0.7660 -0.3779 -0.5655 -0.7331 -0.3977 -0.5952 -0.6982 -0.4166 -0.6234 -0.6617 -0.4344 -0.6501 -0.6235 -0.4511 -0.6751 -0.5837 -0.4667 -0.6985 -0.5425 -0.4811 -0.7201 -0.5000 -0.4944 -0.7399 -0.4562 -0.5064 -0.7579 -0.4113 -0.5172 -0.7740 -0.3653 -0.5266 -0.7882 -0.3185 -0.5348 -0.8004 -0.2708 -0.5416 -0.8106 -0.2225 -0.5471 -0.8188 -0.1736 -0.5513 -0.8250 -0.1243 -0.5540 -0.8291 -0.0747 -0.5554 -0.8312 -0.0249 -0.5554 -0.8312 0.0249 -0.5540 -0.8291 0.0747 -0.5513 -0.8250 0.1243 -0.5471 -0.8188 0.1736 -0.5416 -0.8106 0.2225 -0.5348 -0.8004 0.2708 -0.5266 -0.7882 0.3185 -0.5172 -0.7740 0.3653 -0.5064 -0.7579 0.4113 -0.4944 -0.7399 0.4562 -0.4811 -0.7201 0.5000 -0.4667 -0.6985 0.5425 -0.4511 -0.6751 0.5837 -0.4344 -0.6501 0.6235 -0.4166 -0.6234 0.6617 -0.3977 -0.5952 0.6982 -0.3779 -0.5655 0.7331 -0.3571 -0.5345 0.7660 -0.3355 -0.5020 0.7971 -0.3130 -0.4684 0.8262 -0.2897 -0.4336 0.8533 -0.2657 -0.3977 0.8782 -0.2411 -0.3608 0.9010 -0.2158 -0.3230 0.9215 -0.1900 -0.2844 0.9397 -0.1638 -0.2451 0.9556 -0.1371 -0.2052 0.9691 -0.1101 -0.1648 0.9802 -0.0828 -0.1239 0.9888 -0.0553 -0.0828 0.9950 -0.0277 -0.0414 0.9988 -0.0256 -0.0428 -0.9988 -0.0512 -0.0854 -0.9950 -0.0766 -0.1278 -0.9888 -0.1019 -0.1700 -0.9802 -0.1269 -0.2117 -0.9691 -0.1515 -0.2528 -0.9556 -0.1758 -0.2934 -0.9397 -0.1997 -0.3332 -0.9215 -0.2231 -0.3722 -0.9010 -0.2459 -0.4102 -0.8782 -0.2681 -0.4472 -0.8533 -0.2896 -0.4832 -0.8262 -0.3104 -0.5179 -0.7971 -0.3305 -0.5513 -0.7660 -0.3497 -0.5834 -0.7331 -0.3680 -0.6140 -0.6982 -0.3855 -0.6431 -0.6617 -0.4019 -0.6706 -0.6235 -0.4174 -0.6964 -0.5837 -0.4319 -0.7205 -0.5425 -0.4452 -0.7428 -0.5000 -0.4575 -0.7633 -0.4562 -0.4686 -0.7818 -0.4113 -0.4786 -0.7984 -0.3653 -0.4873 -0.8131 -0.3185 -0.4949 -0.8257 -0.2708 -0.5012 -0.8362 -0.2225 -0.5063 -0.8447 -0.1736 -0.5101 -0.8511 -0.1243 -0.5127 -0.8553 -0.0747 -0.5139 -0.8575 -0.0249 -0.5139 -0.8575 0.0249 -0.5127 -0.8553 0.0747 -0.5101 -0.8511 0.1243 -0.5063 -0.8447 0.1736 -0.5012 -0.8362 0.2225 -0.4949 -0.8257 0.2708 -0.4873 -0.8131 0.3185 -0.4786 -0.7984 0.3653 -0.4686 -0.7818 0.4113 -0.4575 -0.7633 0.4562 -0.4452 -0.7428 0.5000 -0.4319 -0.7205 0.5425 -0.4174 -0.6964 0.5837 -0.4019 -0.6706 0.6235 -0.3855 -0.6431 0.6617 -0.3680 -0.6140 0.6982 -0.3497 -0.5834 0.7331 -0.3305 -0.5513 0.7660 -0.3104 -0.5179 0.7971 -0.2896 -0.4832 0.8262 -0.2681 -0.4472 0.8533 -0.2459 -0.4102 0.8782 -0.2231 -0.3722 0.9010 -0.1997 -0.3332 0.9215 -0.1758 -0.2934 0.9397 -0.1515 -0.2528 0.9556 -0.1269 -0.2117 0.9691 -0.1019 -0.1700 0.9802 -0.0766 -0.1278 0.9888 -0.0512 -0.0854 0.9950 -0.0256 -0.0428 0.9988 -0.0235 -0.0440 -0.9988 -0.0469 -0.0878 -0.9950 -0.0703 -0.1314 -0.9888 -0.0934 -0.1747 -0.9802 -0.1163 -0.2176 -0.9691 -0.1389 -0.2600 -0.9556 -0.1612 -0.3016 -0.9397 -0.1831 -0.3426 -0.9215 -0.2045 -0.3827 -0.9010 -0.2254 -0.4218 -0.8782 -0.2458 -0.4599 -0.8533 -0.2655 -0.4968 -0.8262 -0.2846 -0.5325 -0.7971 -0.3030 -0.5669 -0.7660 -0.3206 -0.5999 -0.7331 -0.3375 -0.6313 -0.6982 -0.3534 -0.6612 -0.6617 -0.3686 -0.6895 -0.6235 -0.3827 -0.7161 -0.5837 -0.3960 -0.7408 -0.5425 -0.4082 -0.7638 -0.5000 -0.4195 -0.7848 -0.4562 -0.4297 -0.8039 -0.4113 -0.4388 -0.8210 -0.3653 -0.4468 -0.8360 -0.3185 -0.4538 -0.8490 -0.2708 -0.4596 -0.8598 -0.2225 -0.4642 -0.8685 -0.1736 -0.4677 -0.8751 -0.1243 -0.4701 -0.8795 -0.0747 -0.4713 -0.8816 -0.0249 -0.4713 -0.8816 0.0249 -0.4701 -0.8795 0.0747 -0.4677 -0.8751 0.1243 -0.4642 -0.8685 0.1736 -0.4596 -0.8598 0.2225 -0.4538 -0.8490 0.2708 -0.4468 -0.8360 0.3185 -0.4388 -0.8210 0.3653 -0.4297 -0.8039 0.4113 -0.4195 -0.7848 0.4562 -0.4082 -0.7638 0.5000 -0.3960 -0.7408 0.5425 -0.3827 -0.7161 0.5837 -0.3686 -0.6895 0.6235 -0.3534 -0.6612 0.6617 -0.3375 -0.6313 0.6982 -0.3206 -0.5999 0.7331 -0.3030 -0.5669 0.7660 -0.2846 -0.5325 0.7971 -0.2655 -0.4968 0.8262 -0.2458 -0.4599 0.8533 -0.2254 -0.4218 0.8782 -0.2045 -0.3827 0.9010 -0.1831 -0.3426 0.9215 -0.1612 -0.3016 0.9397 -0.1389 -0.2600 0.9556 -0.1163 -0.2176 0.9691 -0.0934 -0.1747 0.9802 -0.0703 -0.1314 0.9888 -0.0469 -0.0878 0.9950 -0.0235 -0.0440 0.9988 -0.0213 -0.0451 -0.9988 -0.0426 -0.0900 -0.9950 -0.0637 -0.1347 -0.9888 -0.0847 -0.1791 -0.9802 -0.1055 -0.2231 -0.9691 -0.1260 -0.2665 -0.9556 -0.1462 -0.3092 -0.9397 -0.1661 -0.3511 -0.9215 -0.1855 -0.3922 -0.9010 -0.2045 -0.4323 -0.8782 -0.2229 -0.4714 -0.8533 -0.2409 -0.5092 -0.8262 -0.2582 -0.5458 -0.7971 -0.2748 -0.5811 -0.7660 -0.2908 -0.6149 -0.7331 -0.3061 -0.6471 -0.6982 -0.3206 -0.6778 -0.6617 -0.3343 -0.7068 -0.6235 -0.3471 -0.7340 -0.5837 -0.3592 -0.7594 -0.5425 -0.3703 -0.7829 -0.5000 -0.3805 -0.8044 -0.4562 -0.3897 -0.8240 -0.4113 -0.3980 -0.8415 -0.3653 -0.4053 -0.8569 -0.3185 -0.4116 -0.8702 -0.2708 -0.4168 -0.8813 -0.2225 -0.4211 -0.8903 -0.1736 -0.4242 -0.8970 -0.1243 -0.4264 -0.9015 -0.0747 -0.4274 -0.9037 -0.0249 -0.4274 -0.9037 0.0249 -0.4264 -0.9015 0.0747 -0.4242 -0.8970 0.1243 -0.4211 -0.8903 0.1736 -0.4168 -0.8813 0.2225 -0.4116 -0.8702 0.2708 -0.4053 -0.8569 0.3185 -0.3980 -0.8415 0.3653 -0.3897 -0.8240 0.4113 -0.3805 -0.8044 0.4562 -0.3703 -0.7829 0.5000 -0.3592 -0.7594 0.5425 -0.3471 -0.7340 0.5837 -0.3343 -0.7068 0.6235 -0.3206 -0.6778 0.6617 -0.3061 -0.6471 0.6982 -0.2908 -0.6149 0.7331 -0.2748 -0.5811 0.7660 -0.2582 -0.5458 0.7971 -0.2409 -0.5092 0.8262 -0.2229 -0.4714 0.8533 -0.2045 -0.4323 0.8782 -0.1855 -0.3922 0.9010 -0.1661 -0.3511 0.9215 -0.1462 -0.3092 0.9397 -0.1260 -0.2665 0.9556 -0.1055 -0.2231 0.9691 -0.0847 -0.1791 0.9802 -0.0637 -0.1347 0.9888 -0.0426 -0.0900 0.9950 -0.0213 -0.0451 0.9988 -0.0191 -0.0461 -0.9988 -0.0381 -0.0920 -0.9950 -0.0570 -0.1377 -0.9888 -0.0758 -0.1831 -0.9802 -0.0944 -0.2280 -0.9691 -0.1128 -0.2723 -0.9556 -0.1309 -0.3160 -0.9397 -0.1486 -0.3589 -0.9215 -0.1660 -0.4009 -0.9010 -0.1830 -0.4418 -0.8782 -0.1995 -0.4817 -0.8533 -0.2156 -0.5204 -0.8262 -0.2311 -0.5578 -0.7971 -0.2460 -0.5939 -0.7660 -0.2603 -0.6284 -0.7331 -0.2740 -0.6614 -0.6982 -0.2869 -0.6927 -0.6617 -0.2992 -0.7223 -0.6235 -0.3107 -0.7501 -0.5837 -0.3215 -0.7761 -0.5425 -0.3314 -0.8001 -0.5000 -0.3405 -0.8221 -0.4562 -0.3488 -0.8421 -0.4113 -0.3562 -0.8600 -0.3653 -0.3628 -0.8758 -0.3185 -0.3684 -0.8893 -0.2708 -0.3731 -0.9007 -0.2225 -0.3769 -0.9098 -0.1736 -0.3797 -0.9167 -0.1243 -0.3816 -0.9213 -0.0747 -0.3826 -0.9236 -0.0249 -0.3826 -0.9236 0.0249 -0.3816 -0.9213 0.0747 -0.3797 -0.9167 0.1243 -0.3769 -0.9098 0.1736 -0.3731 -0.9007 0.2225 -0.3684 -0.8893 0.2708 -0.3628 -0.8758 0.3185 -0.3562 -0.8600 0.3653 -0.3488 -0.8421 0.4113 -0.3405 -0.8221 0.4562 -0.3314 -0.8001 0.5000 -0.3215 -0.7761 0.5425 -0.3107 -0.7501 0.5837 -0.2992 -0.7223 0.6235 -0.2869 -0.6927 0.6617 -0.2740 -0.6614 0.6982 -0.2603 -0.6284 0.7331 -0.2460 -0.5939 0.7660 -0.2311 -0.5578 0.7971 -0.2156 -0.5204 0.8262 -0.1995 -0.4817 0.8533 -0.1830 -0.4418 0.8782 -0.1660 -0.4009 0.9010 -0.1486 -0.3589 0.9215 -0.1309 -0.3160 0.9397 -0.1128 -0.2723 0.9556 -0.0944 -0.2280 0.9691 -0.0758 -0.1831 0.9802 -0.0570 -0.1377 0.9888 -0.0381 -0.0920 0.9950 -0.0191 -0.0461 0.9988 -0.0168 -0.0469 -0.9988 -0.0335 -0.0937 -0.9950 -0.0502 -0.1403 -0.9888 -0.0668 -0.1866 -0.9802 -0.0831 -0.2323 -0.9691 -0.0993 -0.2775 -0.9556 -0.1152 -0.3220 -0.9397 -0.1309 -0.3657 -0.9215 -0.1462 -0.4085 -0.9010 -0.1611 -0.4503 -0.8782 -0.1757 -0.4910 -0.8533 -0.1898 -0.5304 -0.8262 -0.2034 -0.5685 -0.7971 -0.2165 -0.6052 -0.7660 -0.2291 -0.6404 -0.7331 -0.2412 -0.6740 -0.6982 -0.2526 -0.7060 -0.6617 -0.2634 -0.7361 -0.6235 -0.2735 -0.7645 -0.5837 -0.2830 -0.7909 -0.5425 -0.2918 -0.8154 -0.5000 -0.2998 -0.8379 -0.4562 -0.3071 -0.8582 -0.4113 -0.3136 -0.8765 -0.3653 -0.3193 -0.8925 -0.3185 -0.3243 -0.9064 -0.2708 -0.3284 -0.9179 -0.2225 -0.3318 -0.9272 -0.1736 -0.3343 -0.9342 -0.1243 -0.3359 -0.9389 -0.0747 -0.3368 -0.9413 -0.0249 -0.3368 -0.9413 0.0249 -0.3359 -0.9389 0.0747 -0.3343 -0.9342 0.1243 -0.3318 -0.9272 0.1736 -0.3284 -0.9179 0.2225 -0.3243 -0.9064 0.2708 -0.3193 -0.8925 0.3185 -0.3136 -0.8765 0.3653 -0.3071 -0.8582 0.4113 -0.2998 -0.8379 0.4562 -0.2918 -0.8154 0.5000 -0.2830 -0.7909 0.5425 -0.2735 -0.7645 0.5837 -0.2634 -0.7361 0.6235 -0.2526 -0.7060 0.6617 -0.2412 -0.6740 0.6982 -0.2291 -0.6404 0.7331 -0.2165 -0.6052 0.7660 -0.2034 -0.5685 0.7971 -0.1898 -0.5304 0.8262 -0.1757 -0.4910 0.8533 -0.1611 -0.4503 0.8782 -0.1462 -0.4085 0.9010 -0.1309 -0.3657 0.9215 -0.1152 -0.3220 0.9397 -0.0993 -0.2775 0.9556 -0.0831 -0.2323 0.9691 -0.0668 -0.1866 0.9802 -0.0502 -0.1403 0.9888 -0.0335 -0.0937 0.9950 -0.0168 -0.0469 0.9988 -0.0145 -0.0477 -0.9988 -0.0289 -0.0953 -0.9950 -0.0433 -0.1426 -0.9888 -0.0575 -0.1896 -0.9802 -0.0716 -0.2361 -0.9691 -0.0856 -0.2821 -0.9556 -0.0993 -0.3273 -0.9397 -0.1128 -0.3717 -0.9215 -0.1259 -0.4152 -0.9010 -0.1388 -0.4577 -0.8782 -0.1514 -0.4990 -0.8533 -0.1635 -0.5391 -0.8262 -0.1753 -0.5778 -0.7971 -0.1866 -0.6151 -0.7660 -0.1974 -0.6509 -0.7331 -0.2078 -0.6850 -0.6982 -0.2176 -0.7175 -0.6617 -0.2270 -0.7482 -0.6235 -0.2357 -0.7770 -0.5837 -0.2438 -0.8039 -0.5425 -0.2514 -0.8287 -0.5000 -0.2583 -0.8516 -0.4562 -0.2646 -0.8723 -0.4113 -0.2702 -0.8908 -0.3653 -0.2752 -0.9071 -0.3185 -0.2794 -0.9212 -0.2708 -0.2830 -0.9329 -0.2225 -0.2859 -0.9424 -0.1736 -0.2880 -0.9495 -0.1243 -0.2895 -0.9543 -0.0747 -0.2902 -0.9566 -0.0249 -0.2902 -0.9566 0.0249 -0.2895 -0.9543 0.0747 -0.2880 -0.9495 0.1243 -0.2859 -0.9424 0.1736 -0.2830 -0.9329 0.2225 -0.2794 -0.9212 0.2708 -0.2752 -0.9071 0.3185 -0.2702 -0.8908 0.3653 -0.2646 -0.8723 0.4113 -0.2583 -0.8516 0.4562 -0.2514 -0.8287 0.5000 -0.2438 -0.8039 0.5425 -0.2357 -0.7770 0.5837 -0.2270 -0.7482 0.6235 -0.2176 -0.7175 0.6617 -0.2078 -0.6850 0.6982 -0.1974 -0.6509 0.7331 -0.1866 -0.6151 0.7660 -0.1753 -0.5778 0.7971 -0.1635 -0.5391 0.8262 -0.1514 -0.4990 0.8533 -0.1388 -0.4577 0.8782 -0.1259 -0.4152 0.9010 -0.1128 -0.3717 0.9215 -0.0993 -0.3273 0.9397 -0.0856 -0.2821 0.9556 -0.0716 -0.2361 0.9691 -0.0575 -0.1896 0.9802 -0.0433 -0.1426 0.9888 -0.0289 -0.0953 0.9950 -0.0145 -0.0477 0.9988 -0.0121 -0.0484 -0.9988 -0.0242 -0.0966 -0.9950 -0.0362 -0.1446 -0.9888 -0.0481 -0.1922 -0.9802 -0.0600 -0.2394 -0.9691 -0.0716 -0.2859 -0.9556 -0.0831 -0.3318 -0.9397 -0.0944 -0.3768 -0.9215 -0.1054 -0.4209 -0.9010 -0.1162 -0.4639 -0.8782 -0.1267 -0.5058 -0.8533 -0.1369 -0.5464 -0.8262 -0.1467 -0.5857 -0.7971 -0.1562 -0.6235 -0.7660 -0.1653 -0.6598 -0.7331 -0.1739 -0.6944 -0.6982 -0.1822 -0.7273 -0.6617 -0.1900 -0.7584 -0.6235 -0.1973 -0.7876 -0.5837 -0.2041 -0.8149 -0.5425 -0.2104 -0.8401 -0.5000 -0.2162 -0.8632 -0.4562 -0.2215 -0.8842 -0.4113 -0.2262 -0.9030 -0.3653 -0.2303 -0.9195 -0.3185 -0.2339 -0.9338 -0.2708 -0.2369 -0.9457 -0.2225 -0.2393 -0.9553 -0.1736 -0.2411 -0.9625 -0.1243 -0.2423 -0.9673 -0.0747 -0.2429 -0.9697 -0.0249 -0.2429 -0.9697 0.0249 -0.2423 -0.9673 0.0747 -0.2411 -0.9625 0.1243 -0.2393 -0.9553 0.1736 -0.2369 -0.9457 0.2225 -0.2339 -0.9338 0.2708 -0.2303 -0.9195 0.3185 -0.2262 -0.9030 0.3653 -0.2215 -0.8842 0.4113 -0.2162 -0.8632 0.4562 -0.2104 -0.8401 0.5000 -0.2041 -0.8149 0.5425 -0.1973 -0.7876 0.5837 -0.1900 -0.7584 0.6235 -0.1822 -0.7273 0.6617 -0.1739 -0.6944 0.6982 -0.1653 -0.6598 0.7331 -0.1562 -0.6235 0.7660 -0.1467 -0.5857 0.7971 -0.1369 -0.5464 0.8262 -0.1267 -0.5058 0.8533 -0.1162 -0.4639 0.8782 -0.1054 -0.4209 0.9010 -0.0944 -0.3768 0.9215 -0.0831 -0.3318 0.9397 -0.0716 -0.2859 0.9556 -0.0600 -0.2394 0.9691 -0.0481 -0.1922 0.9802 -0.0362 -0.1446 0.9888 -0.0242 -0.0966 0.9950 -0.0121 -0.0484 0.9988 -0.0097 -0.0489 -0.9988 -0.0194 -0.0977 -0.9950 -0.0291 -0.1462 -0.9888 -0.0387 -0.1943 -0.9802 -0.0481 -0.2420 -0.9691 -0.0575 -0.2891 -0.9556 -0.0667 -0.3354 -0.9397 -0.0758 -0.3810 -0.9215 -0.0846 -0.4255 -0.9010 -0.0933 -0.4691 -0.8782 -0.1017 -0.5114 -0.8533 -0.1099 -0.5525 -0.8262 -0.1178 -0.5922 -0.7971 -0.1254 -0.6304 -0.7660 -0.1327 -0.6671 -0.7331 -0.1397 -0.7021 -0.6982 -0.1463 -0.7354 -0.6617 -0.1525 -0.7668 -0.6235 -0.1584 -0.7963 -0.5837 -0.1639 -0.8239 -0.5425 -0.1690 -0.8494 -0.5000 -0.1736 -0.8728 -0.4562 -0.1778 -0.8940 -0.4113 -0.1816 -0.9130 -0.3653 -0.1849 -0.9297 -0.3185 -0.1878 -0.9441 -0.2708 -0.1902 -0.9562 -0.2225 -0.1921 -0.9659 -0.1736 -0.1936 -0.9732 -0.1243 -0.1945 -0.9780 -0.0747 -0.1950 -0.9805 -0.0249 -0.1950 -0.9805 0.0249 -0.1945 -0.9780 0.0747 -0.1936 -0.9732 0.1243 -0.1921 -0.9659 0.1736 -0.1902 -0.9562 0.2225 -0.1878 -0.9441 0.2708 -0.1849 -0.9297 0.3185 -0.1816 -0.9130 0.3653 -0.1778 -0.8940 0.4113 -0.1736 -0.8728 0.4562 -0.1690 -0.8494 0.5000 -0.1639 -0.8239 0.5425 -0.1584 -0.7963 0.5837 -0.1525 -0.7668 0.6235 -0.1463 -0.7354 0.6617 -0.1397 -0.7021 0.6982 -0.1327 -0.6671 0.7331 -0.1254 -0.6304 0.7660 -0.1178 -0.5922 0.7971 -0.1099 -0.5525 0.8262 -0.1017 -0.5114 0.8533 -0.0933 -0.4691 0.8782 -0.0846 -0.4255 0.9010 -0.0758 -0.3810 0.9215 -0.0667 -0.3354 0.9397 -0.0575 -0.2891 0.9556 -0.0481 -0.2420 0.9691 -0.0387 -0.1943 0.9802 -0.0291 -0.1462 0.9888 -0.0194 -0.0977 0.9950 -0.0097 -0.0489 0.9988 -0.0073 -0.0493 -0.9988 -0.0146 -0.0985 -0.9950 -0.0219 -0.1474 -0.9888 -0.0291 -0.1960 -0.9802 -0.0362 -0.2441 -0.9691 -0.0432 -0.2916 -0.9556 -0.0502 -0.3383 -0.9397 -0.0570 -0.3842 -0.9215 -0.0637 -0.4292 -0.9010 -0.0702 -0.4731 -0.8782 -0.0765 -0.5158 -0.8533 -0.0827 -0.5572 -0.8262 -0.0886 -0.5973 -0.7971 -0.0943 -0.6358 -0.7660 -0.0998 -0.6728 -0.7331 -0.1050 -0.7081 -0.6982 -0.1100 -0.7417 -0.6617 -0.1147 -0.7734 -0.6235 -0.1191 -0.8032 -0.5837 -0.1233 -0.8309 -0.5425 -0.1271 -0.8567 -0.5000 -0.1306 -0.8802 -0.4562 -0.1337 -0.9016 -0.4113 -0.1366 -0.9208 -0.3653 -0.1391 -0.9377 -0.3185 -0.1412 -0.9522 -0.2708 -0.1431 -0.9644 -0.2225 -0.1445 -0.9741 -0.1736 -0.1456 -0.9815 -0.1243 -0.1463 -0.9864 -0.0747 -0.1467 -0.9889 -0.0249 -0.1467 -0.9889 0.0249 -0.1463 -0.9864 0.0747 -0.1456 -0.9815 0.1243 -0.1445 -0.9741 0.1736 -0.1431 -0.9644 0.2225 -0.1412 -0.9522 0.2708 -0.1391 -0.9377 0.3185 -0.1366 -0.9208 0.3653 -0.1337 -0.9016 0.4113 -0.1306 -0.8802 0.4562 -0.1271 -0.8567 0.5000 -0.1233 -0.8309 0.5425 -0.1191 -0.8032 0.5837 -0.1147 -0.7734 0.6235 -0.1100 -0.7417 0.6617 -0.1050 -0.7081 0.6982 -0.0998 -0.6728 0.7331 -0.0943 -0.6358 0.7660 -0.0886 -0.5973 0.7971 -0.0827 -0.5572 0.8262 -0.0765 -0.5158 0.8533 -0.0702 -0.4731 0.8782 -0.0637 -0.4292 0.9010 -0.0570 -0.3842 0.9215 -0.0502 -0.3383 0.9397 -0.0432 -0.2916 0.9556 -0.0362 -0.2441 0.9691 -0.0291 -0.1960 0.9802 -0.0219 -0.1474 0.9888 -0.0146 -0.0985 0.9950 -0.0073 -0.0493 0.9988 -0.0049 -0.0496 -0.9988 -0.0098 -0.0991 -0.9950 -0.0146 -0.1483 -0.9888 -0.0194 -0.1972 -0.9802 -0.0242 -0.2456 -0.9691 -0.0289 -0.2933 -0.9556 -0.0335 -0.3404 -0.9397 -0.0381 -0.3866 -0.9215 -0.0425 -0.4318 -0.9010 -0.0469 -0.4760 -0.8782 -0.0511 -0.5189 -0.8533 -0.0552 -0.5606 -0.8262 -0.0592 -0.6009 -0.7971 -0.0630 -0.6397 -0.7660 -0.0667 -0.6769 -0.7331 -0.0702 -0.7124 -0.6982 -0.0735 -0.7462 -0.6617 -0.0766 -0.7781 -0.6235 -0.0796 -0.8080 -0.5837 -0.0823 -0.8360 -0.5425 -0.0849 -0.8619 -0.5000 -0.0872 -0.8856 -0.4562 -0.0893 -0.9071 -0.4113 -0.0912 -0.9264 -0.3653 -0.0929 -0.9434 -0.3185 -0.0944 -0.9580 -0.2708 -0.0956 -0.9702 -0.2225 -0.0965 -0.9801 -0.1736 -0.0973 -0.9875 -0.1243 -0.0977 -0.9924 -0.0747 -0.0980 -0.9949 -0.0249 -0.0980 -0.9949 0.0249 -0.0977 -0.9924 0.0747 -0.0973 -0.9875 0.1243 -0.0965 -0.9801 0.1736 -0.0956 -0.9702 0.2225 -0.0944 -0.9580 0.2708 -0.0929 -0.9434 0.3185 -0.0912 -0.9264 0.3653 -0.0893 -0.9071 0.4113 -0.0872 -0.8856 0.4562 -0.0849 -0.8619 0.5000 -0.0823 -0.8360 0.5425 -0.0796 -0.8080 0.5837 -0.0766 -0.7781 0.6235 -0.0735 -0.7462 0.6617 -0.0702 -0.7124 0.6982 -0.0667 -0.6769 0.7331 -0.0630 -0.6397 0.7660 -0.0592 -0.6009 0.7971 -0.0552 -0.5606 0.8262 -0.0511 -0.5189 0.8533 -0.0469 -0.4760 0.8782 -0.0425 -0.4318 0.9010 -0.0381 -0.3866 0.9215 -0.0335 -0.3404 0.9397 -0.0289 -0.2933 0.9556 -0.0242 -0.2456 0.9691 -0.0194 -0.1972 0.9802 -0.0146 -0.1483 0.9888 -0.0098 -0.0991 0.9950 -0.0049 -0.0496 0.9988 -0.0024 -0.0498 -0.9988 -0.0049 -0.0994 -0.9950 -0.0073 -0.1489 -0.9888 -0.0097 -0.1979 -0.9802 -0.0121 -0.2465 -0.9691 -0.0145 -0.2944 -0.9556 -0.0168 -0.3416 -0.9397 -0.0191 -0.3880 -0.9215 -0.0213 -0.4334 -0.9010 -0.0235 -0.4777 -0.8782 -0.0256 -0.5208 -0.8533 -0.0276 -0.5626 -0.8262 -0.0296 -0.6031 -0.7971 -0.0315 -0.6420 -0.7660 -0.0334 -0.6794 -0.7331 -0.0351 -0.7150 -0.6982 -0.0368 -0.7489 -0.6617 -0.0384 -0.7809 -0.6235 -0.0398 -0.8110 -0.5837 -0.0412 -0.8390 -0.5425 -0.0425 -0.8650 -0.5000 -0.0437 -0.8888 -0.4562 -0.0447 -0.9104 -0.4113 -0.0457 -0.9298 -0.3653 -0.0465 -0.9468 -0.3185 -0.0472 -0.9615 -0.2708 -0.0478 -0.9738 -0.2225 -0.0483 -0.9836 -0.1736 -0.0487 -0.9910 -0.1243 -0.0489 -0.9960 -0.0747 -0.0491 -0.9985 -0.0249 -0.0491 -0.9985 0.0249 -0.0489 -0.9960 0.0747 -0.0487 -0.9910 0.1243 -0.0483 -0.9836 0.1736 -0.0478 -0.9738 0.2225 -0.0472 -0.9615 0.2708 -0.0465 -0.9468 0.3185 -0.0457 -0.9298 0.3653 -0.0447 -0.9104 0.4113 -0.0437 -0.8888 0.4562 -0.0425 -0.8650 0.5000 -0.0412 -0.8390 0.5425 -0.0398 -0.8110 0.5837 -0.0384 -0.7809 0.6235 -0.0368 -0.7489 0.6617 -0.0351 -0.7150 0.6982 -0.0334 -0.6794 0.7331 -0.0315 -0.6420 0.7660 -0.0296 -0.6031 0.7971 -0.0276 -0.5626 0.8262 -0.0256 -0.5208 0.8533 -0.0235 -0.4777 0.8782 -0.0213 -0.4334 0.9010 -0.0191 -0.3880 0.9215 -0.0168 -0.3416 0.9397 -0.0145 -0.2944 0.9556 -0.0121 -0.2465 0.9691 -0.0097 -0.1979 0.9802 -0.0073 -0.1489 0.9888 -0.0049 -0.0994 0.9950 -0.0024 -0.0498 0.9988 -0.0000 -0.0498 -0.9988 -0.0000 -0.0996 -0.9950 -0.0000 -0.1490 -0.9888 -0.0000 -0.1981 -0.9802 -0.0000 -0.2468 -0.9691 -0.0000 -0.2948 -0.9556 -0.0000 -0.3420 -0.9397 -0.0000 -0.3884 -0.9215 -0.0000 -0.4339 -0.9010 -0.0000 -0.4783 -0.8782 -0.0000 -0.5214 -0.8533 -0.0000 -0.5633 -0.8262 -0.0000 -0.6038 -0.7971 -0.0000 -0.6428 -0.7660 -0.0000 -0.6802 -0.7331 -0.0000 -0.7159 -0.6982 -0.0000 -0.7498 -0.6617 -0.0000 -0.7818 -0.6235 -0.0000 -0.8119 -0.5837 -0.0000 -0.8400 -0.5425 -0.0000 -0.8660 -0.5000 -0.0000 -0.8899 -0.4562 -0.0000 -0.9115 -0.4113 -0.0000 -0.9309 -0.3653 -0.0000 -0.9479 -0.3185 -0.0000 -0.9626 -0.2708 -0.0000 -0.9749 -0.2225 -0.0000 -0.9848 -0.1736 -0.0000 -0.9922 -0.1243 -0.0000 -0.9972 -0.0747 -0.0000 -0.9997 -0.0249 -0.0000 -0.9997 0.0249 -0.0000 -0.9972 0.0747 -0.0000 -0.9922 0.1243 -0.0000 -0.9848 0.1736 -0.0000 -0.9749 0.2225 -0.0000 -0.9626 0.2708 -0.0000 -0.9479 0.3185 -0.0000 -0.9309 0.3653 -0.0000 -0.9115 0.4113 -0.0000 -0.8899 0.4562 -0.0000 -0.8660 0.5000 -0.0000 -0.8400 0.5425 -0.0000 -0.8119 0.5837 -0.0000 -0.7818 0.6235 -0.0000 -0.7498 0.6617 -0.0000 -0.7159 0.6982 -0.0000 -0.6802 0.7331 -0.0000 -0.6428 0.7660 -0.0000 -0.6038 0.7971 -0.0000 -0.5633 0.8262 -0.0000 -0.5214 0.8533 -0.0000 -0.4783 0.8782 -0.0000 -0.4339 0.9010 -0.0000 -0.3884 0.9215 -0.0000 -0.3420 0.9397 -0.0000 -0.2948 0.9556 -0.0000 -0.2468 0.9691 -0.0000 -0.1981 0.9802 -0.0000 -0.1490 0.9888 -0.0000 -0.0996 0.9950 -0.0000 -0.0498 0.9988 0.0024 -0.0498 -0.9988 0.0049 -0.0994 -0.9950 0.0073 -0.1489 -0.9888 0.0097 -0.1979 -0.9802 0.0121 -0.2465 -0.9691 0.0145 -0.2944 -0.9556 0.0168 -0.3416 -0.9397 0.0191 -0.3880 -0.9215 0.0213 -0.4334 -0.9010 0.0235 -0.4777 -0.8782 0.0256 -0.5208 -0.8533 0.0276 -0.5626 -0.8262 0.0296 -0.6031 -0.7971 0.0315 -0.6420 -0.7660 0.0334 -0.6794 -0.7331 0.0351 -0.7150 -0.6982 0.0368 -0.7489 -0.6617 0.0384 -0.7809 -0.6235 0.0398 -0.8110 -0.5837 0.0412 -0.8390 -0.5425 0.0425 -0.8650 -0.5000 0.0437 -0.8888 -0.4562 0.0447 -0.9104 -0.4113 0.0457 -0.9298 -0.3653 0.0465 -0.9468 -0.3185 0.0472 -0.9615 -0.2708 0.0478 -0.9738 -0.2225 0.0483 -0.9836 -0.1736 0.0487 -0.9910 -0.1243 0.0489 -0.9960 -0.0747 0.0491 -0.9985 -0.0249 0.0491 -0.9985 0.0249 0.0489 -0.9960 0.0747 0.0487 -0.9910 0.1243 0.0483 -0.9836 0.1736 0.0478 -0.9738 0.2225 0.0472 -0.9615 0.2708 0.0465 -0.9468 0.3185 0.0457 -0.9298 0.3653 0.0447 -0.9104 0.4113 0.0437 -0.8888 0.4562 0.0425 -0.8650 0.5000 0.0412 -0.8390 0.5425 0.0398 -0.8110 0.5837 0.0384 -0.7809 0.6235 0.0368 -0.7489 0.6617 0.0351 -0.7150 0.6982 0.0334 -0.6794 0.7331 0.0315 -0.6420 0.7660 0.0296 -0.6031 0.7971 0.0276 -0.5626 0.8262 0.0256 -0.5208 0.8533 0.0235 -0.4777 0.8782 0.0213 -0.4334 0.9010 0.0191 -0.3880 0.9215 0.0168 -0.3416 0.9397 0.0145 -0.2944 0.9556 0.0121 -0.2465 0.9691 0.0097 -0.1979 0.9802 0.0073 -0.1489 0.9888 0.0049 -0.0994 0.9950 0.0024 -0.0498 0.9988 0.0049 -0.0496 -0.9988 0.0098 -0.0991 -0.9950 0.0146 -0.1483 -0.9888 0.0194 -0.1972 -0.9802 0.0242 -0.2456 -0.9691 0.0289 -0.2933 -0.9556 0.0335 -0.3404 -0.9397 0.0381 -0.3866 -0.9215 0.0425 -0.4318 -0.9010 0.0469 -0.4760 -0.8782 0.0511 -0.5189 -0.8533 0.0552 -0.5606 -0.8262 0.0592 -0.6009 -0.7971 0.0630 -0.6397 -0.7660 0.0667 -0.6769 -0.7331 0.0702 -0.7124 -0.6982 0.0735 -0.7462 -0.6617 0.0766 -0.7781 -0.6235 0.0796 -0.8080 -0.5837 0.0823 -0.8360 -0.5425 0.0849 -0.8619 -0.5000 0.0872 -0.8856 -0.4562 0.0893 -0.9071 -0.4113 0.0912 -0.9264 -0.3653 0.0929 -0.9434 -0.3185 0.0944 -0.9580 -0.2708 0.0956 -0.9702 -0.2225 0.0965 -0.9801 -0.1736 0.0973 -0.9875 -0.1243 0.0977 -0.9924 -0.0747 0.0980 -0.9949 -0.0249 0.0980 -0.9949 0.0249 0.0977 -0.9924 0.0747 0.0973 -0.9875 0.1243 0.0965 -0.9801 0.1736 0.0956 -0.9702 0.2225 0.0944 -0.9580 0.2708 0.0929 -0.9434 0.3185 0.0912 -0.9264 0.3653 0.0893 -0.9071 0.4113 0.0872 -0.8856 0.4562 0.0849 -0.8619 0.5000 0.0823 -0.8360 0.5425 0.0796 -0.8080 0.5837 0.0766 -0.7781 0.6235 0.0735 -0.7462 0.6617 0.0702 -0.7124 0.6982 0.0667 -0.6769 0.7331 0.0630 -0.6397 0.7660 0.0592 -0.6009 0.7971 0.0552 -0.5606 0.8262 0.0511 -0.5189 0.8533 0.0469 -0.4760 0.8782 0.0425 -0.4318 0.9010 0.0381 -0.3866 0.9215 0.0335 -0.3404 0.9397 0.0289 -0.2933 0.9556 0.0242 -0.2456 0.9691 0.0194 -0.1972 0.9802 0.0146 -0.1483 0.9888 0.0098 -0.0991 0.9950 0.0049 -0.0496 0.9988 0.0073 -0.0493 -0.9988 0.0146 -0.0985 -0.9950 0.0219 -0.1474 -0.9888 0.0291 -0.1960 -0.9802 0.0362 -0.2441 -0.9691 0.0432 -0.2916 -0.9556 0.0502 -0.3383 -0.9397 0.0570 -0.3842 -0.9215 0.0637 -0.4292 -0.9010 0.0702 -0.4731 -0.8782 0.0765 -0.5158 -0.8533 0.0827 -0.5572 -0.8262 0.0886 -0.5973 -0.7971 0.0943 -0.6358 -0.7660 0.0998 -0.6728 -0.7331 0.1050 -0.7081 -0.6982 0.1100 -0.7417 -0.6617 0.1147 -0.7734 -0.6235 0.1191 -0.8032 -0.5837 0.1233 -0.8309 -0.5425 0.1271 -0.8567 -0.5000 0.1306 -0.8802 -0.4562 0.1337 -0.9016 -0.4113 0.1366 -0.9208 -0.3653 0.1391 -0.9377 -0.3185 0.1412 -0.9522 -0.2708 0.1431 -0.9644 -0.2225 0.1445 -0.9741 -0.1736 0.1456 -0.9815 -0.1243 0.1463 -0.9864 -0.0747 0.1467 -0.9889 -0.0249 0.1467 -0.9889 0.0249 0.1463 -0.9864 0.0747 0.1456 -0.9815 0.1243 0.1445 -0.9741 0.1736 0.1431 -0.9644 0.2225 0.1412 -0.9522 0.2708 0.1391 -0.9377 0.3185 0.1366 -0.9208 0.3653 0.1337 -0.9016 0.4113 0.1306 -0.8802 0.4562 0.1271 -0.8567 0.5000 0.1233 -0.8309 0.5425 0.1191 -0.8032 0.5837 0.1147 -0.7734 0.6235 0.1100 -0.7417 0.6617 0.1050 -0.7081 0.6982 0.0998 -0.6728 0.7331 0.0943 -0.6358 0.7660 0.0886 -0.5973 0.7971 0.0827 -0.5572 0.8262 0.0765 -0.5158 0.8533 0.0702 -0.4731 0.8782 0.0637 -0.4292 0.9010 0.0570 -0.3842 0.9215 0.0502 -0.3383 0.9397 0.0432 -0.2916 0.9556 0.0362 -0.2441 0.9691 0.0291 -0.1960 0.9802 0.0219 -0.1474 0.9888 0.0146 -0.0985 0.9950 0.0073 -0.0493 0.9988 0.0097 -0.0489 -0.9988 0.0194 -0.0977 -0.9950 0.0291 -0.1462 -0.9888 0.0387 -0.1943 -0.9802 0.0481 -0.2420 -0.9691 0.0575 -0.2891 -0.9556 0.0667 -0.3354 -0.9397 0.0758 -0.3810 -0.9215 0.0846 -0.4255 -0.9010 0.0933 -0.4691 -0.8782 0.1017 -0.5114 -0.8533 0.1099 -0.5525 -0.8262 0.1178 -0.5922 -0.7971 0.1254 -0.6304 -0.7660 0.1327 -0.6671 -0.7331 0.1397 -0.7021 -0.6982 0.1463 -0.7354 -0.6617 0.1525 -0.7668 -0.6235 0.1584 -0.7963 -0.5837 0.1639 -0.8239 -0.5425 0.1690 -0.8494 -0.5000 0.1736 -0.8728 -0.4562 0.1778 -0.8940 -0.4113 0.1816 -0.9130 -0.3653 0.1849 -0.9297 -0.3185 0.1878 -0.9441 -0.2708 0.1902 -0.9562 -0.2225 0.1921 -0.9659 -0.1736 0.1936 -0.9732 -0.1243 0.1945 -0.9780 -0.0747 0.1950 -0.9805 -0.0249 0.1950 -0.9805 0.0249 0.1945 -0.9780 0.0747 0.1936 -0.9732 0.1243 0.1921 -0.9659 0.1736 0.1902 -0.9562 0.2225 0.1878 -0.9441 0.2708 0.1849 -0.9297 0.3185 0.1816 -0.9130 0.3653 0.1778 -0.8940 0.4113 0.1736 -0.8728 0.4562 0.1690 -0.8494 0.5000 0.1639 -0.8239 0.5425 0.1584 -0.7963 0.5837 0.1525 -0.7668 0.6235 0.1463 -0.7354 0.6617 0.1397 -0.7021 0.6982 0.1327 -0.6671 0.7331 0.1254 -0.6304 0.7660 0.1178 -0.5922 0.7971 0.1099 -0.5525 0.8262 0.1017 -0.5114 0.8533 0.0933 -0.4691 0.8782 0.0846 -0.4255 0.9010 0.0758 -0.3810 0.9215 0.0667 -0.3354 0.9397 0.0575 -0.2891 0.9556 0.0481 -0.2420 0.9691 0.0387 -0.1943 0.9802 0.0291 -0.1462 0.9888 0.0194 -0.0977 0.9950 0.0097 -0.0489 0.9988 0.0121 -0.0484 -0.9988 0.0242 -0.0966 -0.9950 0.0362 -0.1446 -0.9888 0.0481 -0.1922 -0.9802 0.0600 -0.2394 -0.9691 0.0716 -0.2859 -0.9556 0.0831 -0.3318 -0.9397 0.0944 -0.3768 -0.9215 0.1054 -0.4209 -0.9010 0.1162 -0.4639 -0.8782 0.1267 -0.5058 -0.8533 0.1369 -0.5464 -0.8262 0.1467 -0.5857 -0.7971 0.1562 -0.6235 -0.7660 0.1653 -0.6598 -0.7331 0.1739 -0.6944 -0.6982 0.1822 -0.7273 -0.6617 0.1900 -0.7584 -0.6235 0.1973 -0.7876 -0.5837 0.2041 -0.8149 -0.5425 0.2104 -0.8401 -0.5000 0.2162 -0.8632 -0.4562 0.2215 -0.8842 -0.4113 0.2262 -0.9030 -0.3653 0.2303 -0.9195 -0.3185 0.2339 -0.9338 -0.2708 0.2369 -0.9457 -0.2225 0.2393 -0.9553 -0.1736 0.2411 -0.9625 -0.1243 0.2423 -0.9673 -0.0747 0.2429 -0.9697 -0.0249 0.2429 -0.9697 0.0249 0.2423 -0.9673 0.0747 0.2411 -0.9625 0.1243 0.2393 -0.9553 0.1736 0.2369 -0.9457 0.2225 0.2339 -0.9338 0.2708 0.2303 -0.9195 0.3185 0.2262 -0.9030 0.3653 0.2215 -0.8842 0.4113 0.2162 -0.8632 0.4562 0.2104 -0.8401 0.5000 0.2041 -0.8149 0.5425 0.1973 -0.7876 0.5837 0.1900 -0.7584 0.6235 0.1822 -0.7273 0.6617 0.1739 -0.6944 0.6982 0.1653 -0.6598 0.7331 0.1562 -0.6235 0.7660 0.1467 -0.5857 0.7971 0.1369 -0.5464 0.8262 0.1267 -0.5058 0.8533 0.1162 -0.4639 0.8782 0.1054 -0.4209 0.9010 0.0944 -0.3768 0.9215 0.0831 -0.3318 0.9397 0.0716 -0.2859 0.9556 0.0600 -0.2394 0.9691 0.0481 -0.1922 0.9802 0.0362 -0.1446 0.9888 0.0242 -0.0966 0.9950 0.0121 -0.0484 0.9988 0.0145 -0.0477 -0.9988 0.0289 -0.0953 -0.9950 0.0433 -0.1426 -0.9888 0.0575 -0.1896 -0.9802 0.0716 -0.2361 -0.9691 0.0856 -0.2821 -0.9556 0.0993 -0.3273 -0.9397 0.1128 -0.3717 -0.9215 0.1259 -0.4152 -0.9010 0.1388 -0.4577 -0.8782 0.1514 -0.4990 -0.8533 0.1635 -0.5391 -0.8262 0.1753 -0.5778 -0.7971 0.1866 -0.6151 -0.7660 0.1974 -0.6509 -0.7331 0.2078 -0.6850 -0.6982 0.2176 -0.7175 -0.6617 0.2270 -0.7482 -0.6235 0.2357 -0.7770 -0.5837 0.2438 -0.8039 -0.5425 0.2514 -0.8287 -0.5000 0.2583 -0.8516 -0.4562 0.2646 -0.8723 -0.4113 0.2702 -0.8908 -0.3653 0.2752 -0.9071 -0.3185 0.2794 -0.9212 -0.2708 0.2830 -0.9329 -0.2225 0.2859 -0.9424 -0.1736 0.2880 -0.9495 -0.1243 0.2895 -0.9543 -0.0747 0.2902 -0.9566 -0.0249 0.2902 -0.9566 0.0249 0.2895 -0.9543 0.0747 0.2880 -0.9495 0.1243 0.2859 -0.9424 0.1736 0.2830 -0.9329 0.2225 0.2794 -0.9212 0.2708 0.2752 -0.9071 0.3185 0.2702 -0.8908 0.3653 0.2646 -0.8723 0.4113 0.2583 -0.8516 0.4562 0.2514 -0.8287 0.5000 0.2438 -0.8039 0.5425 0.2357 -0.7770 0.5837 0.2270 -0.7482 0.6235 0.2176 -0.7175 0.6617 0.2078 -0.6850 0.6982 0.1974 -0.6509 0.7331 0.1866 -0.6151 0.7660 0.1753 -0.5778 0.7971 0.1635 -0.5391 0.8262 0.1514 -0.4990 0.8533 0.1388 -0.4577 0.8782 0.1259 -0.4152 0.9010 0.1128 -0.3717 0.9215 0.0993 -0.3273 0.9397 0.0856 -0.2821 0.9556 0.0716 -0.2361 0.9691 0.0575 -0.1896 0.9802 0.0433 -0.1426 0.9888 0.0289 -0.0953 0.9950 0.0145 -0.0477 0.9988 0.0168 -0.0469 -0.9988 0.0335 -0.0937 -0.9950 0.0502 -0.1403 -0.9888 0.0668 -0.1866 -0.9802 0.0831 -0.2323 -0.9691 0.0993 -0.2775 -0.9556 0.1152 -0.3220 -0.9397 0.1309 -0.3657 -0.9215 0.1462 -0.4085 -0.9010 0.1611 -0.4503 -0.8782 0.1757 -0.4910 -0.8533 0.1898 -0.5304 -0.8262 0.2034 -0.5685 -0.7971 0.2165 -0.6052 -0.7660 0.2291 -0.6404 -0.7331 0.2412 -0.6740 -0.6982 0.2526 -0.7060 -0.6617 0.2634 -0.7361 -0.6235 0.2735 -0.7645 -0.5837 0.2830 -0.7909 -0.5425 0.2918 -0.8154 -0.5000 0.2998 -0.8379 -0.4562 0.3071 -0.8582 -0.4113 0.3136 -0.8765 -0.3653 0.3193 -0.8925 -0.3185 0.3243 -0.9064 -0.2708 0.3284 -0.9179 -0.2225 0.3318 -0.9272 -0.1736 0.3343 -0.9342 -0.1243 0.3359 -0.9389 -0.0747 0.3368 -0.9413 -0.0249 0.3368 -0.9413 0.0249 0.3359 -0.9389 0.0747 0.3343 -0.9342 0.1243 0.3318 -0.9272 0.1736 0.3284 -0.9179 0.2225 0.3243 -0.9064 0.2708 0.3193 -0.8925 0.3185 0.3136 -0.8765 0.3653 0.3071 -0.8582 0.4113 0.2998 -0.8379 0.4562 0.2918 -0.8154 0.5000 0.2830 -0.7909 0.5425 0.2735 -0.7645 0.5837 0.2634 -0.7361 0.6235 0.2526 -0.7060 0.6617 0.2412 -0.6740 0.6982 0.2291 -0.6404 0.7331 0.2165 -0.6052 0.7660 0.2034 -0.5685 0.7971 0.1898 -0.5304 0.8262 0.1757 -0.4910 0.8533 0.1611 -0.4503 0.8782 0.1462 -0.4085 0.9010 0.1309 -0.3657 0.9215 0.1152 -0.3220 0.9397 0.0993 -0.2775 0.9556 0.0831 -0.2323 0.9691 0.0668 -0.1866 0.9802 0.0502 -0.1403 0.9888 0.0335 -0.0937 0.9950 0.0168 -0.0469 0.9988 0.0191 -0.0461 -0.9988 0.0381 -0.0920 -0.9950 0.0570 -0.1377 -0.9888 0.0758 -0.1831 -0.9802 0.0944 -0.2280 -0.9691 0.1128 -0.2723 -0.9556 0.1309 -0.3160 -0.9397 0.1486 -0.3589 -0.9215 0.1660 -0.4009 -0.9010 0.1830 -0.4418 -0.8782 0.1995 -0.4817 -0.8533 0.2156 -0.5204 -0.8262 0.2311 -0.5578 -0.7971 0.2460 -0.5939 -0.7660 0.2603 -0.6284 -0.7331 0.2740 -0.6614 -0.6982 0.2869 -0.6927 -0.6617 0.2992 -0.7223 -0.6235 0.3107 -0.7501 -0.5837 0.3215 -0.7761 -0.5425 0.3314 -0.8001 -0.5000 0.3405 -0.8221 -0.4562 0.3488 -0.8421 -0.4113 0.3562 -0.8600 -0.3653 0.3628 -0.8758 -0.3185 0.3684 -0.8893 -0.2708 0.3731 -0.9007 -0.2225 0.3769 -0.9098 -0.1736 0.3797 -0.9167 -0.1243 0.3816 -0.9213 -0.0747 0.3826 -0.9236 -0.0249 0.3826 -0.9236 0.0249 0.3816 -0.9213 0.0747 0.3797 -0.9167 0.1243 0.3769 -0.9098 0.1736 0.3731 -0.9007 0.2225 0.3684 -0.8893 0.2708 0.3628 -0.8758 0.3185 0.3562 -0.8600 0.3653 0.3488 -0.8421 0.4113 0.3405 -0.8221 0.4562 0.3314 -0.8001 0.5000 0.3215 -0.7761 0.5425 0.3107 -0.7501 0.5837 0.2992 -0.7223 0.6235 0.2869 -0.6927 0.6617 0.2740 -0.6614 0.6982 0.2603 -0.6284 0.7331 0.2460 -0.5939 0.7660 0.2311 -0.5578 0.7971 0.2156 -0.5204 0.8262 0.1995 -0.4817 0.8533 0.1830 -0.4418 0.8782 0.1660 -0.4009 0.9010 0.1486 -0.3589 0.9215 0.1309 -0.3160 0.9397 0.1128 -0.2723 0.9556 0.0944 -0.2280 0.9691 0.0758 -0.1831 0.9802 0.0570 -0.1377 0.9888 0.0381 -0.0920 0.9950 0.0191 -0.0461 0.9988 0.0213 -0.0451 -0.9988 0.0426 -0.0900 -0.9950 0.0637 -0.1347 -0.9888 0.0847 -0.1791 -0.9802 0.1055 -0.2231 -0.9691 0.1260 -0.2665 -0.9556 0.1462 -0.3092 -0.9397 0.1661 -0.3511 -0.9215 0.1855 -0.3922 -0.9010 0.2045 -0.4323 -0.8782 0.2229 -0.4714 -0.8533 0.2409 -0.5092 -0.8262 0.2582 -0.5458 -0.7971 0.2748 -0.5811 -0.7660 0.2908 -0.6149 -0.7331 0.3061 -0.6471 -0.6982 0.3206 -0.6778 -0.6617 0.3343 -0.7068 -0.6235 0.3471 -0.7340 -0.5837 0.3592 -0.7594 -0.5425 0.3703 -0.7829 -0.5000 0.3805 -0.8044 -0.4562 0.3897 -0.8240 -0.4113 0.3980 -0.8415 -0.3653 0.4053 -0.8569 -0.3185 0.4116 -0.8702 -0.2708 0.4168 -0.8813 -0.2225 0.4211 -0.8903 -0.1736 0.4242 -0.8970 -0.1243 0.4264 -0.9015 -0.0747 0.4274 -0.9037 -0.0249 0.4274 -0.9037 0.0249 0.4264 -0.9015 0.0747 0.4242 -0.8970 0.1243 0.4211 -0.8903 0.1736 0.4168 -0.8813 0.2225 0.4116 -0.8702 0.2708 0.4053 -0.8569 0.3185 0.3980 -0.8415 0.3653 0.3897 -0.8240 0.4113 0.3805 -0.8044 0.4562 0.3703 -0.7829 0.5000 0.3592 -0.7594 0.5425 0.3471 -0.7340 0.5837 0.3343 -0.7068 0.6235 0.3206 -0.6778 0.6617 0.3061 -0.6471 0.6982 0.2908 -0.6149 0.7331 0.2748 -0.5811 0.7660 0.2582 -0.5458 0.7971 0.2409 -0.5092 0.8262 0.2229 -0.4714 0.8533 0.2045 -0.4323 0.8782 0.1855 -0.3922 0.9010 0.1661 -0.3511 0.9215 0.1462 -0.3092 0.9397 0.1260 -0.2665 0.9556 0.1055 -0.2231 0.9691 0.0847 -0.1791 0.9802 0.0637 -0.1347 0.9888 0.0426 -0.0900 0.9950 0.0213 -0.0451 0.9988 0.0235 -0.0440 -0.9988 0.0469 -0.0878 -0.9950 0.0703 -0.1314 -0.9888 0.0934 -0.1747 -0.9802 0.1163 -0.2176 -0.9691 0.1389 -0.2600 -0.9556 0.1612 -0.3016 -0.9397 0.1831 -0.3426 -0.9215 0.2045 -0.3827 -0.9010 0.2254 -0.4218 -0.8782 0.2458 -0.4599 -0.8533 0.2655 -0.4968 -0.8262 0.2846 -0.5325 -0.7971 0.3030 -0.5669 -0.7660 0.3206 -0.5999 -0.7331 0.3375 -0.6313 -0.6982 0.3534 -0.6612 -0.6617 0.3686 -0.6895 -0.6235 0.3827 -0.7161 -0.5837 0.3960 -0.7408 -0.5425 0.4082 -0.7638 -0.5000 0.4195 -0.7848 -0.4562 0.4297 -0.8039 -0.4113 0.4388 -0.8210 -0.3653 0.4468 -0.8360 -0.3185 0.4538 -0.8490 -0.2708 0.4596 -0.8598 -0.2225 0.4642 -0.8685 -0.1736 0.4677 -0.8751 -0.1243 0.4701 -0.8795 -0.0747 0.4713 -0.8816 -0.0249 0.4713 -0.8816 0.0249 0.4701 -0.8795 0.0747 0.4677 -0.8751 0.1243 0.4642 -0.8685 0.1736 0.4596 -0.8598 0.2225 0.4538 -0.8490 0.2708 0.4468 -0.8360 0.3185 0.4388 -0.8210 0.3653 0.4297 -0.8039 0.4113 0.4195 -0.7848 0.4562 0.4082 -0.7638 0.5000 0.3960 -0.7408 0.5425 0.3827 -0.7161 0.5837 0.3686 -0.6895 0.6235 0.3534 -0.6612 0.6617 0.3375 -0.6313 0.6982 0.3206 -0.5999 0.7331 0.3030 -0.5669 0.7660 0.2846 -0.5325 0.7971 0.2655 -0.4968 0.8262 0.2458 -0.4599 0.8533 0.2254 -0.4218 0.8782 0.2045 -0.3827 0.9010 0.1831 -0.3426 0.9215 0.1612 -0.3016 0.9397 0.1389 -0.2600 0.9556 0.1163 -0.2176 0.9691 0.0934 -0.1747 0.9802 0.0703 -0.1314 0.9888 0.0469 -0.0878 0.9950 0.0235 -0.0440 0.9988 0.0256 -0.0428 -0.9988 0.0512 -0.0854 -0.9950 0.0766 -0.1278 -0.9888 0.1019 -0.1700 -0.9802 0.1269 -0.2117 -0.9691 0.1515 -0.2528 -0.9556 0.1758 -0.2934 -0.9397 0.1997 -0.3332 -0.9215 0.2231 -0.3722 -0.9010 0.2459 -0.4102 -0.8782 0.2681 -0.4472 -0.8533 0.2896 -0.4832 -0.8262 0.3104 -0.5179 -0.7971 0.3305 -0.5513 -0.7660 0.3497 -0.5834 -0.7331 0.3680 -0.6140 -0.6982 0.3855 -0.6431 -0.6617 0.4019 -0.6706 -0.6235 0.4174 -0.6964 -0.5837 0.4319 -0.7205 -0.5425 0.4452 -0.7428 -0.5000 0.4575 -0.7633 -0.4562 0.4686 -0.7818 -0.4113 0.4786 -0.7984 -0.3653 0.4873 -0.8131 -0.3185 0.4949 -0.8257 -0.2708 0.5012 -0.8362 -0.2225 0.5063 -0.8447 -0.1736 0.5101 -0.8511 -0.1243 0.5127 -0.8553 -0.0747 0.5139 -0.8575 -0.0249 0.5139 -0.8575 0.0249 0.5127 -0.8553 0.0747 0.5101 -0.8511 0.1243 0.5063 -0.8447 0.1736 0.5012 -0.8362 0.2225 0.4949 -0.8257 0.2708 0.4873 -0.8131 0.3185 0.4786 -0.7984 0.3653 0.4686 -0.7818 0.4113 0.4575 -0.7633 0.4562 0.4452 -0.7428 0.5000 0.4319 -0.7205 0.5425 0.4174 -0.6964 0.5837 0.4019 -0.6706 0.6235 0.3855 -0.6431 0.6617 0.3680 -0.6140 0.6982 0.3497 -0.5834 0.7331 0.3305 -0.5513 0.7660 0.3104 -0.5179 0.7971 0.2896 -0.4832 0.8262 0.2681 -0.4472 0.8533 0.2459 -0.4102 0.8782 0.2231 -0.3722 0.9010 0.1997 -0.3332 0.9215 0.1758 -0.2934 0.9397 0.1515 -0.2528 0.9556 0.1269 -0.2117 0.9691 0.1019 -0.1700 0.9802 0.0766 -0.1278 0.9888 0.0512 -0.0854 0.9950 0.0256 -0.0428 0.9988 0.0277 -0.0414 -0.9988 0.0553 -0.0828 -0.9950 0.0828 -0.1239 -0.9888 0.1101 -0.1648 -0.9802 0.1371 -0.2052 -0.9691 0.1638 -0.2451 -0.9556 0.1900 -0.2844 -0.9397 0.2158 -0.3230 -0.9215 0.2411 -0.3608 -0.9010 0.2657 -0.3977 -0.8782 0.2897 -0.4336 -0.8533 0.3130 -0.4684 -0.8262 0.3355 -0.5020 -0.7971 0.3571 -0.5345 -0.7660 0.3779 -0.5655 -0.7331 0.3977 -0.5952 -0.6982 0.4166 -0.6234 -0.6617 0.4344 -0.6501 -0.6235 0.4511 -0.6751 -0.5837 0.4667 -0.6985 -0.5425 0.4811 -0.7201 -0.5000 0.4944 -0.7399 -0.4562 0.5064 -0.7579 -0.4113 0.5172 -0.7740 -0.3653 0.5266 -0.7882 -0.3185 0.5348 -0.8004 -0.2708 0.5416 -0.8106 -0.2225 0.5471 -0.8188 -0.1736 0.5513 -0.8250 -0.1243 0.5540 -0.8291 -0.0747 0.5554 -0.8312 -0.0249 0.5554 -0.8312 0.0249 0.5540 -0.8291 0.0747 0.5513 -0.8250 0.1243 0.5471 -0.8188 0.1736 0.5416 -0.8106 0.2225 0.5348 -0.8004 0.2708 0.5266 -0.7882 0.3185 0.5172 -0.7740 0.3653 0.5064 -0.7579 0.4113 0.4944 -0.7399 0.4562 0.4811 -0.7201 0.5000 0.4667 -0.6985 0.5425 0.4511 -0.6751 0.5837 0.4344 -0.6501 0.6235 0.4166 -0.6234 0.6617 0.3977 -0.5952 0.6982 0.3779 -0.5655 0.7331 0.3571 -0.5345 0.7660 0.3355 -0.5020 0.7971 0.3130 -0.4684 0.8262 0.2897 -0.4336 0.8533 0.2657 -0.3977 0.8782 0.2411 -0.3608 0.9010 0.2158 -0.3230 0.9215 0.1900 -0.2844 0.9397 0.1638 -0.2451 0.9556 0.1371 -0.2052 0.9691 0.1101 -0.1648 0.9802 0.0828 -0.1239 0.9888 0.0553 -0.0828 0.9950 0.0277 -0.0414 0.9988 0.0297 -0.0400 -0.9988 0.0593 -0.0800 -0.9950 0.0888 -0.1197 -0.9888 0.1180 -0.1592 -0.9802 0.1470 -0.1982 -0.9691 0.1756 -0.2367 -0.9556 0.2037 -0.2747 -0.9397 0.2314 -0.3120 -0.9215 0.2585 -0.3485 -0.9010 0.2849 -0.3841 -0.8782 0.3106 -0.4188 -0.8533 0.3356 -0.4525 -0.8262 0.3597 -0.4850 -0.7971 0.3829 -0.5163 -0.7660 0.4052 -0.5463 -0.7331 0.4264 -0.5750 -0.6982 0.4466 -0.6022 -0.6617 0.4657 -0.6280 -0.6235 0.4837 -0.6522 -0.5837 0.5004 -0.6747 -0.5425 0.5159 -0.6956 -0.5000 0.5301 -0.7148 -0.4562 0.5430 -0.7321 -0.4113 0.5545 -0.7477 -0.3653 0.5647 -0.7614 -0.3185 0.5734 -0.7732 -0.2708 0.5808 -0.7831 -0.2225 0.5866 -0.7910 -0.1736 0.5911 -0.7970 -0.1243 0.5940 -0.8010 -0.0747 0.5955 -0.8030 -0.0249 0.5955 -0.8030 0.0249 0.5940 -0.8010 0.0747 0.5911 -0.7970 0.1243 0.5866 -0.7910 0.1736 0.5808 -0.7831 0.2225 0.5734 -0.7732 0.2708 0.5647 -0.7614 0.3185 0.5545 -0.7477 0.3653 0.5430 -0.7321 0.4113 0.5301 -0.7148 0.4562 0.5159 -0.6956 0.5000 0.5004 -0.6747 0.5425 0.4837 -0.6522 0.5837 0.4657 -0.6280 0.6235 0.4466 -0.6022 0.6617 0.4264 -0.5750 0.6982 0.4052 -0.5463 0.7331 0.3829 -0.5163 0.7660 0.3597 -0.4850 0.7971 0.3356 -0.4525 0.8262 0.3106 -0.4188 0.8533 0.2849 -0.3841 0.8782 0.2585 -0.3485 0.9010 0.2314 -0.3120 0.9215 0.2037 -0.2747 0.9397 0.1756 -0.2367 0.9556 0.1470 -0.1982 0.9691 0.1180 -0.1592 0.9802 0.0888 -0.1197 0.9888 0.0593 -0.0800 0.9950 0.0297 -0.0400 0.9988 0.0316 -0.0385 -0.9988 0.0632 -0.0770 -0.9950 0.0946 -0.1152 -0.9888 0.1257 -0.1532 -0.9802 0.1565 -0.1907 -0.9691 0.1870 -0.2278 -0.9556 0.2170 -0.2644 -0.9397 0.2464 -0.3003 -0.9215 0.2753 -0.3354 -0.9010 0.3034 -0.3697 -0.8782 0.3308 -0.4031 -0.8533 0.3574 -0.4355 -0.8262 0.3830 -0.4667 -0.7971 0.4078 -0.4969 -0.7660 0.4315 -0.5258 -0.7331 0.4541 -0.5534 -0.6982 0.4757 -0.5796 -0.6617 0.4960 -0.6044 -0.6235 0.5151 -0.6276 -0.5837 0.5329 -0.6493 -0.5425 0.5494 -0.6694 -0.5000 0.5645 -0.6879 -0.4562 0.5783 -0.7046 -0.4113 0.5905 -0.7196 -0.3653 0.6014 -0.7328 -0.3185 0.6107 -0.7441 -0.2708 0.6185 -0.7536 -0.2225 0.6248 -0.7613 -0.1736 0.6295 -0.7670 -0.1243 0.6326 -0.7708 -0.0747 0.6342 -0.7728 -0.0249 0.6342 -0.7728 0.0249 0.6326 -0.7708 0.0747 0.6295 -0.7670 0.1243 0.6248 -0.7613 0.1736 0.6185 -0.7536 0.2225 0.6107 -0.7441 0.2708 0.6014 -0.7328 0.3185 0.5905 -0.7196 0.3653 0.5783 -0.7046 0.4113 0.5645 -0.6879 0.4562 0.5494 -0.6694 0.5000 0.5329 -0.6493 0.5425 0.5151 -0.6276 0.5837 0.4960 -0.6044 0.6235 0.4757 -0.5796 0.6617 0.4541 -0.5534 0.6982 0.4315 -0.5258 0.7331 0.4078 -0.4969 0.7660 0.3830 -0.4667 0.7971 0.3574 -0.4355 0.8262 0.3308 -0.4031 0.8533 0.3034 -0.3697 0.8782 0.2753 -0.3354 0.9010 0.2464 -0.3003 0.9215 0.2170 -0.2644 0.9397 0.1870 -0.2278 0.9556 0.1565 -0.1907 0.9691 0.1257 -0.1532 0.9802 0.0946 -0.1152 0.9888 0.0632 -0.0770 0.9950 0.0316 -0.0385 0.9988 0.0335 -0.0369 -0.9988 0.0669 -0.0738 -0.9950 0.1001 -0.1104 -0.9888 0.1331 -0.1468 -0.9802 0.1657 -0.1828 -0.9691 0.1979 -0.2184 -0.9556 0.2297 -0.2534 -0.9397 0.2609 -0.2878 -0.9215 0.2914 -0.3215 -0.9010 0.3212 -0.3544 -0.8782 0.3502 -0.3864 -0.8533 0.3783 -0.4174 -0.8262 0.4055 -0.4474 -0.7971 0.4317 -0.4763 -0.7660 0.4568 -0.5040 -0.7331 0.4807 -0.5304 -0.6982 0.5035 -0.5556 -0.6617 0.5250 -0.5793 -0.6235 0.5453 -0.6016 -0.5837 0.5641 -0.6224 -0.5425 0.5816 -0.6417 -0.5000 0.5976 -0.6594 -0.4562 0.6121 -0.6754 -0.4113 0.6251 -0.6897 -0.3653 0.6366 -0.7024 -0.3185 0.6465 -0.7133 -0.2708 0.6547 -0.7224 -0.2225 0.6614 -0.7297 -0.1736 0.6663 -0.7352 -0.1243 0.6697 -0.7389 -0.0747 0.6714 -0.7407 -0.0249 0.6714 -0.7407 0.0249 0.6697 -0.7389 0.0747 0.6663 -0.7352 0.1243 0.6614 -0.7297 0.1736 0.6547 -0.7224 0.2225 0.6465 -0.7133 0.2708 0.6366 -0.7024 0.3185 0.6251 -0.6897 0.3653 0.6121 -0.6754 0.4113 0.5976 -0.6594 0.4562 0.5816 -0.6417 0.5000 0.5641 -0.6224 0.5425 0.5453 -0.6016 0.5837 0.5250 -0.5793 0.6235 0.5035 -0.5556 0.6617 0.4807 -0.5304 0.6982 0.4568 -0.5040 0.7331 0.4317 -0.4763 0.7660 0.4055 -0.4474 0.7971 0.3783 -0.4174 0.8262 0.3502 -0.3864 0.8533 0.3212 -0.3544 0.8782 0.2914 -0.3215 0.9010 0.2609 -0.2878 0.9215 0.2297 -0.2534 0.9397 0.1979 -0.2184 0.9556 0.1657 -0.1828 0.9691 0.1331 -0.1468 0.9802 0.1001 -0.1104 0.9888 0.0669 -0.0738 0.9950 0.0335 -0.0369 0.9988 0.0352 -0.0352 -0.9988 0.0704 -0.0704 -0.9950 0.1054 -0.1054 -0.9888 0.1401 -0.1401 -0.9802 0.1745 -0.1745 -0.9691 0.2084 -0.2084 -0.9556 0.2418 -0.2418 -0.9397 0.2747 -0.2747 -0.9215 0.3068 -0.3068 -0.9010 0.3382 -0.3382 -0.8782 0.3687 -0.3687 -0.8533 0.3983 -0.3983 -0.8262 0.4270 -0.4270 -0.7971 0.4545 -0.4545 -0.7660 0.4810 -0.4810 -0.7331 0.5062 -0.5062 -0.6982 0.5302 -0.5302 -0.6617 0.5528 -0.5528 -0.6235 0.5741 -0.5741 -0.5837 0.5940 -0.5940 -0.5425 0.6124 -0.6124 -0.5000 0.6292 -0.6292 -0.4562 0.6445 -0.6445 -0.4113 0.6582 -0.6582 -0.3653 0.6703 -0.6703 -0.3185 0.6807 -0.6807 -0.2708 0.6894 -0.6894 -0.2225 0.6964 -0.6964 -0.1736 0.7016 -0.7016 -0.1243 0.7051 -0.7051 -0.0747 0.7069 -0.7069 -0.0249 0.7069 -0.7069 0.0249 0.7051 -0.7051 0.0747 0.7016 -0.7016 0.1243 0.6964 -0.6964 0.1736 0.6894 -0.6894 0.2225 0.6807 -0.6807 0.2708 0.6703 -0.6703 0.3185 0.6582 -0.6582 0.3653 0.6445 -0.6445 0.4113 0.6292 -0.6292 0.4562 0.6124 -0.6124 0.5000 0.5940 -0.5940 0.5425 0.5741 -0.5741 0.5837 0.5528 -0.5528 0.6235 0.5302 -0.5302 0.6617 0.5062 -0.5062 0.6982 0.4810 -0.4810 0.7331 0.4545 -0.4545 0.7660 0.4270 -0.4270 0.7971 0.3983 -0.3983 0.8262 0.3687 -0.3687 0.8533 0.3382 -0.3382 0.8782 0.3068 -0.3068 0.9010 0.2747 -0.2747 0.9215 0.2418 -0.2418 0.9397 0.2084 -0.2084 0.9556 0.1745 -0.1745 0.9691 0.1401 -0.1401 0.9802 0.1054 -0.1054 0.9888 0.0704 -0.0704 0.9950 0.0352 -0.0352 0.9988 0.0369 -0.0335 -0.9988 0.0738 -0.0669 -0.9950 0.1104 -0.1001 -0.9888 0.1468 -0.1331 -0.9802 0.1828 -0.1657 -0.9691 0.2184 -0.1979 -0.9556 0.2534 -0.2297 -0.9397 0.2878 -0.2609 -0.9215 0.3215 -0.2914 -0.9010 0.3544 -0.3212 -0.8782 0.3864 -0.3502 -0.8533 0.4174 -0.3783 -0.8262 0.4474 -0.4055 -0.7971 0.4763 -0.4317 -0.7660 0.5040 -0.4568 -0.7331 0.5304 -0.4807 -0.6982 0.5556 -0.5035 -0.6617 0.5793 -0.5250 -0.6235 0.6016 -0.5453 -0.5837 0.6224 -0.5641 -0.5425 0.6417 -0.5816 -0.5000 0.6594 -0.5976 -0.4562 0.6754 -0.6121 -0.4113 0.6897 -0.6251 -0.3653 0.7024 -0.6366 -0.3185 0.7133 -0.6465 -0.2708 0.7224 -0.6547 -0.2225 0.7297 -0.6614 -0.1736 0.7352 -0.6663 -0.1243 0.7389 -0.6697 -0.0747 0.7407 -0.6714 -0.0249 0.7407 -0.6714 0.0249 0.7389 -0.6697 0.0747 0.7352 -0.6663 0.1243 0.7297 -0.6614 0.1736 0.7224 -0.6547 0.2225 0.7133 -0.6465 0.2708 0.7024 -0.6366 0.3185 0.6897 -0.6251 0.3653 0.6754 -0.6121 0.4113 0.6594 -0.5976 0.4562 0.6417 -0.5816 0.5000 0.6224 -0.5641 0.5425 0.6016 -0.5453 0.5837 0.5793 -0.5250 0.6235 0.5556 -0.5035 0.6617 0.5304 -0.4807 0.6982 0.5040 -0.4568 0.7331 0.4763 -0.4317 0.7660 0.4474 -0.4055 0.7971 0.4174 -0.3783 0.8262 0.3864 -0.3502 0.8533 0.3544 -0.3212 0.8782 0.3215 -0.2914 0.9010 0.2878 -0.2609 0.9215 0.2534 -0.2297 0.9397 0.2184 -0.1979 0.9556 0.1828 -0.1657 0.9691 0.1468 -0.1331 0.9802 0.1104 -0.1001 0.9888 0.0738 -0.0669 0.9950 0.0369 -0.0335 0.9988 0.0385 -0.0316 -0.9988 0.0770 -0.0632 -0.9950 0.1152 -0.0946 -0.9888 0.1532 -0.1257 -0.9802 0.1907 -0.1565 -0.9691 0.2278 -0.1870 -0.9556 0.2644 -0.2170 -0.9397 0.3003 -0.2464 -0.9215 0.3354 -0.2753 -0.9010 0.3697 -0.3034 -0.8782 0.4031 -0.3308 -0.8533 0.4355 -0.3574 -0.8262 0.4667 -0.3830 -0.7971 0.4969 -0.4078 -0.7660 0.5258 -0.4315 -0.7331 0.5534 -0.4541 -0.6982 0.5796 -0.4757 -0.6617 0.6044 -0.4960 -0.6235 0.6276 -0.5151 -0.5837 0.6493 -0.5329 -0.5425 0.6694 -0.5494 -0.5000 0.6879 -0.5645 -0.4562 0.7046 -0.5783 -0.4113 0.7196 -0.5905 -0.3653 0.7328 -0.6014 -0.3185 0.7441 -0.6107 -0.2708 0.7536 -0.6185 -0.2225 0.7613 -0.6248 -0.1736 0.7670 -0.6295 -0.1243 0.7708 -0.6326 -0.0747 0.7728 -0.6342 -0.0249 0.7728 -0.6342 0.0249 0.7708 -0.6326 0.0747 0.7670 -0.6295 0.1243 0.7613 -0.6248 0.1736 0.7536 -0.6185 0.2225 0.7441 -0.6107 0.2708 0.7328 -0.6014 0.3185 0.7196 -0.5905 0.3653 0.7046 -0.5783 0.4113 0.6879 -0.5645 0.4562 0.6694 -0.5494 0.5000 0.6493 -0.5329 0.5425 0.6276 -0.5151 0.5837 0.6044 -0.4960 0.6235 0.5796 -0.4757 0.6617 0.5534 -0.4541 0.6982 0.5258 -0.4315 0.7331 0.4969 -0.4078 0.7660 0.4667 -0.3830 0.7971 0.4355 -0.3574 0.8262 0.4031 -0.3308 0.8533 0.3697 -0.3034 0.8782 0.3354 -0.2753 0.9010 0.3003 -0.2464 0.9215 0.2644 -0.2170 0.9397 0.2278 -0.1870 0.9556 0.1907 -0.1565 0.9691 0.1532 -0.1257 0.9802 0.1152 -0.0946 0.9888 0.0770 -0.0632 0.9950 0.0385 -0.0316 0.9988 0.0400 -0.0297 -0.9988 0.0800 -0.0593 -0.9950 0.1197 -0.0888 -0.9888 0.1592 -0.1180 -0.9802 0.1982 -0.1470 -0.9691 0.2367 -0.1756 -0.9556 0.2747 -0.2037 -0.9397 0.3120 -0.2314 -0.9215 0.3485 -0.2585 -0.9010 0.3841 -0.2849 -0.8782 0.4188 -0.3106 -0.8533 0.4525 -0.3356 -0.8262 0.4850 -0.3597 -0.7971 0.5163 -0.3829 -0.7660 0.5463 -0.4052 -0.7331 0.5750 -0.4264 -0.6982 0.6022 -0.4466 -0.6617 0.6280 -0.4657 -0.6235 0.6522 -0.4837 -0.5837 0.6747 -0.5004 -0.5425 0.6956 -0.5159 -0.5000 0.7148 -0.5301 -0.4562 0.7321 -0.5430 -0.4113 0.7477 -0.5545 -0.3653 0.7614 -0.5647 -0.3185 0.7732 -0.5734 -0.2708 0.7831 -0.5808 -0.2225 0.7910 -0.5866 -0.1736 0.7970 -0.5911 -0.1243 0.8010 -0.5940 -0.0747 0.8030 -0.5955 -0.0249 0.8030 -0.5955 0.0249 0.8010 -0.5940 0.0747 0.7970 -0.5911 0.1243 0.7910 -0.5866 0.1736 0.7831 -0.5808 0.2225 0.7732 -0.5734 0.2708 0.7614 -0.5647 0.3185 0.7477 -0.5545 0.3653 0.7321 -0.5430 0.4113 0.7148 -0.5301 0.4562 0.6956 -0.5159 0.5000 0.6747 -0.5004 0.5425 0.6522 -0.4837 0.5837 0.6280 -0.4657 0.6235 0.6022 -0.4466 0.6617 0.5750 -0.4264 0.6982 0.5463 -0.4052 0.7331 0.5163 -0.3829 0.7660 0.4850 -0.3597 0.7971 0.4525 -0.3356 0.8262 0.4188 -0.3106 0.8533 0.3841 -0.2849 0.8782 0.3485 -0.2585 0.9010 0.3120 -0.2314 0.9215 0.2747 -0.2037 0.9397 0.2367 -0.1756 0.9556 0.1982 -0.1470 0.9691 0.1592 -0.1180 0.9802 0.1197 -0.0888 0.9888 0.0800 -0.0593 0.9950 0.0400 -0.0297 0.9988 0.0414 -0.0277 -0.9988 0.0828 -0.0553 -0.9950 0.1239 -0.0828 -0.9888 0.1648 -0.1101 -0.9802 0.2052 -0.1371 -0.9691 0.2451 -0.1638 -0.9556 0.2844 -0.1900 -0.9397 0.3230 -0.2158 -0.9215 0.3608 -0.2411 -0.9010 0.3977 -0.2657 -0.8782 0.4336 -0.2897 -0.8533 0.4684 -0.3130 -0.8262 0.5020 -0.3355 -0.7971 0.5345 -0.3571 -0.7660 0.5655 -0.3779 -0.7331 0.5952 -0.3977 -0.6982 0.6234 -0.4166 -0.6617 0.6501 -0.4344 -0.6235 0.6751 -0.4511 -0.5837 0.6985 -0.4667 -0.5425 0.7201 -0.4811 -0.5000 0.7399 -0.4944 -0.4562 0.7579 -0.5064 -0.4113 0.7740 -0.5172 -0.3653 0.7882 -0.5266 -0.3185 0.8004 -0.5348 -0.2708 0.8106 -0.5416 -0.2225 0.8188 -0.5471 -0.1736 0.8250 -0.5513 -0.1243 0.8291 -0.5540 -0.0747 0.8312 -0.5554 -0.0249 0.8312 -0.5554 0.0249 0.8291 -0.5540 0.0747 0.8250 -0.5513 0.1243 0.8188 -0.5471 0.1736 0.8106 -0.5416 0.2225 0.8004 -0.5348 0.2708 0.7882 -0.5266 0.3185 0.7740 -0.5172 0.3653 0.7579 -0.5064 0.4113 0.7399 -0.4944 0.4562 0.7201 -0.4811 0.5000 0.6985 -0.4667 0.5425 0.6751 -0.4511 0.5837 0.6501 -0.4344 0.6235 0.6234 -0.4166 0.6617 0.5952 -0.3977 0.6982 0.5655 -0.3779 0.7331 0.5345 -0.3571 0.7660 0.5020 -0.3355 0.7971 0.4684 -0.3130 0.8262 0.4336 -0.2897 0.8533 0.3977 -0.2657 0.8782 0.3608 -0.2411 0.9010 0.3230 -0.2158 0.9215 0.2844 -0.1900 0.9397 0.2451 -0.1638 0.9556 0.2052 -0.1371 0.9691 0.1648 -0.1101 0.9802 0.1239 -0.0828 0.9888 0.0828 -0.0553 0.9950 0.0414 -0.0277 0.9988 0.0428 -0.0256 -0.9988 0.0854 -0.0512 -0.9950 0.1278 -0.0766 -0.9888 0.1700 -0.1019 -0.9802 0.2117 -0.1269 -0.9691 0.2528 -0.1515 -0.9556 0.2934 -0.1758 -0.9397 0.3332 -0.1997 -0.9215 0.3722 -0.2231 -0.9010 0.4102 -0.2459 -0.8782 0.4472 -0.2681 -0.8533 0.4832 -0.2896 -0.8262 0.5179 -0.3104 -0.7971 0.5513 -0.3305 -0.7660 0.5834 -0.3497 -0.7331 0.6140 -0.3680 -0.6982 0.6431 -0.3855 -0.6617 0.6706 -0.4019 -0.6235 0.6964 -0.4174 -0.5837 0.7205 -0.4319 -0.5425 0.7428 -0.4452 -0.5000 0.7633 -0.4575 -0.4562 0.7818 -0.4686 -0.4113 0.7984 -0.4786 -0.3653 0.8131 -0.4873 -0.3185 0.8257 -0.4949 -0.2708 0.8362 -0.5012 -0.2225 0.8447 -0.5063 -0.1736 0.8511 -0.5101 -0.1243 0.8553 -0.5127 -0.0747 0.8575 -0.5139 -0.0249 0.8575 -0.5139 0.0249 0.8553 -0.5127 0.0747 0.8511 -0.5101 0.1243 0.8447 -0.5063 0.1736 0.8362 -0.5012 0.2225 0.8257 -0.4949 0.2708 0.8131 -0.4873 0.3185 0.7984 -0.4786 0.3653 0.7818 -0.4686 0.4113 0.7633 -0.4575 0.4562 0.7428 -0.4452 0.5000 0.7205 -0.4319 0.5425 0.6964 -0.4174 0.5837 0.6706 -0.4019 0.6235 0.6431 -0.3855 0.6617 0.6140 -0.3680 0.6982 0.5834 -0.3497 0.7331 0.5513 -0.3305 0.7660 0.5179 -0.3104 0.7971 0.4832 -0.2896 0.8262 0.4472 -0.2681 0.8533 0.4102 -0.2459 0.8782 0.3722 -0.2231 0.9010 0.3332 -0.1997 0.9215 0.2934 -0.1758 0.9397 0.2528 -0.1515 0.9556 0.2117 -0.1269 0.9691 0.1700 -0.1019 0.9802 0.1278 -0.0766 0.9888 0.0854 -0.0512 0.9950 0.0428 -0.0256 0.9988 0.0440 -0.0235 -0.9988 0.0878 -0.0469 -0.9950 0.1314 -0.0703 -0.9888 0.1747 -0.0934 -0.9802 0.2176 -0.1163 -0.9691 0.2600 -0.1389 -0.9556 0.3016 -0.1612 -0.9397 0.3426 -0.1831 -0.9215 0.3827 -0.2045 -0.9010 0.4218 -0.2254 -0.8782 0.4599 -0.2458 -0.8533 0.4968 -0.2655 -0.8262 0.5325 -0.2846 -0.7971 0.5669 -0.3030 -0.7660 0.5999 -0.3206 -0.7331 0.6313 -0.3375 -0.6982 0.6612 -0.3534 -0.6617 0.6895 -0.3686 -0.6235 0.7161 -0.3827 -0.5837 0.7408 -0.3960 -0.5425 0.7638 -0.4082 -0.5000 0.7848 -0.4195 -0.4562 0.8039 -0.4297 -0.4113 0.8210 -0.4388 -0.3653 0.8360 -0.4468 -0.3185 0.8490 -0.4538 -0.2708 0.8598 -0.4596 -0.2225 0.8685 -0.4642 -0.1736 0.8751 -0.4677 -0.1243 0.8795 -0.4701 -0.0747 0.8816 -0.4713 -0.0249 0.8816 -0.4713 0.0249 0.8795 -0.4701 0.0747 0.8751 -0.4677 0.1243 0.8685 -0.4642 0.1736 0.8598 -0.4596 0.2225 0.8490 -0.4538 0.2708 0.8360 -0.4468 0.3185 0.8210 -0.4388 0.3653 0.8039 -0.4297 0.4113 0.7848 -0.4195 0.4562 0.7638 -0.4082 0.5000 0.7408 -0.3960 0.5425 0.7161 -0.3827 0.5837 0.6895 -0.3686 0.6235 0.6612 -0.3534 0.6617 0.6313 -0.3375 0.6982 0.5999 -0.3206 0.7331 0.5669 -0.3030 0.7660 0.5325 -0.2846 0.7971 0.4968 -0.2655 0.8262 0.4599 -0.2458 0.8533 0.4218 -0.2254 0.8782 0.3827 -0.2045 0.9010 0.3426 -0.1831 0.9215 0.3016 -0.1612 0.9397 0.2600 -0.1389 0.9556 0.2176 -0.1163 0.9691 0.1747 -0.0934 0.9802 0.1314 -0.0703 0.9888 0.0878 -0.0469 0.9950 0.0440 -0.0235 0.9988 0.0451 -0.0213 -0.9988 0.0900 -0.0426 -0.9950 0.1347 -0.0637 -0.9888 0.1791 -0.0847 -0.9802 0.2231 -0.1055 -0.9691 0.2665 -0.1260 -0.9556 0.3092 -0.1462 -0.9397 0.3511 -0.1661 -0.9215 0.3922 -0.1855 -0.9010 0.4323 -0.2045 -0.8782 0.4714 -0.2229 -0.8533 0.5092 -0.2409 -0.8262 0.5458 -0.2582 -0.7971 0.5811 -0.2748 -0.7660 0.6149 -0.2908 -0.7331 0.6471 -0.3061 -0.6982 0.6778 -0.3206 -0.6617 0.7068 -0.3343 -0.6235 0.7340 -0.3471 -0.5837 0.7594 -0.3592 -0.5425 0.7829 -0.3703 -0.5000 0.8044 -0.3805 -0.4562 0.8240 -0.3897 -0.4113 0.8415 -0.3980 -0.3653 0.8569 -0.4053 -0.3185 0.8702 -0.4116 -0.2708 0.8813 -0.4168 -0.2225 0.8903 -0.4211 -0.1736 0.8970 -0.4242 -0.1243 0.9015 -0.4264 -0.0747 0.9037 -0.4274 -0.0249 0.9037 -0.4274 0.0249 0.9015 -0.4264 0.0747 0.8970 -0.4242 0.1243 0.8903 -0.4211 0.1736 0.8813 -0.4168 0.2225 0.8702 -0.4116 0.2708 0.8569 -0.4053 0.3185 0.8415 -0.3980 0.3653 0.8240 -0.3897 0.4113 0.8044 -0.3805 0.4562 0.7829 -0.3703 0.5000 0.7594 -0.3592 0.5425 0.7340 -0.3471 0.5837 0.7068 -0.3343 0.6235 0.6778 -0.3206 0.6617 0.6471 -0.3061 0.6982 0.6149 -0.2908 0.7331 0.5811 -0.2748 0.7660 0.5458 -0.2582 0.7971 0.5092 -0.2409 0.8262 0.4714 -0.2229 0.8533 0.4323 -0.2045 0.8782 0.3922 -0.1855 0.9010 0.3511 -0.1661 0.9215 0.3092 -0.1462 0.9397 0.2665 -0.1260 0.9556 0.2231 -0.1055 0.9691 0.1791 -0.0847 0.9802 0.1347 -0.0637 0.9888 0.0900 -0.0426 0.9950 0.0451 -0.0213 0.9988 0.0461 -0.0191 -0.9988 0.0920 -0.0381 -0.9950 0.1377 -0.0570 -0.9888 0.1831 -0.0758 -0.9802 0.2280 -0.0944 -0.9691 0.2723 -0.1128 -0.9556 0.3160 -0.1309 -0.9397 0.3589 -0.1486 -0.9215 0.4009 -0.1660 -0.9010 0.4418 -0.1830 -0.8782 0.4817 -0.1995 -0.8533 0.5204 -0.2156 -0.8262 0.5578 -0.2311 -0.7971 0.5939 -0.2460 -0.7660 0.6284 -0.2603 -0.7331 0.6614 -0.2740 -0.6982 0.6927 -0.2869 -0.6617 0.7223 -0.2992 -0.6235 0.7501 -0.3107 -0.5837 0.7761 -0.3215 -0.5425 0.8001 -0.3314 -0.5000 0.8221 -0.3405 -0.4562 0.8421 -0.3488 -0.4113 0.8600 -0.3562 -0.3653 0.8758 -0.3628 -0.3185 0.8893 -0.3684 -0.2708 0.9007 -0.3731 -0.2225 0.9098 -0.3769 -0.1736 0.9167 -0.3797 -0.1243 0.9213 -0.3816 -0.0747 0.9236 -0.3826 -0.0249 0.9236 -0.3826 0.0249 0.9213 -0.3816 0.0747 0.9167 -0.3797 0.1243 0.9098 -0.3769 0.1736 0.9007 -0.3731 0.2225 0.8893 -0.3684 0.2708 0.8758 -0.3628 0.3185 0.8600 -0.3562 0.3653 0.8421 -0.3488 0.4113 0.8221 -0.3405 0.4562 0.8001 -0.3314 0.5000 0.7761 -0.3215 0.5425 0.7501 -0.3107 0.5837 0.7223 -0.2992 0.6235 0.6927 -0.2869 0.6617 0.6614 -0.2740 0.6982 0.6284 -0.2603 0.7331 0.5939 -0.2460 0.7660 0.5578 -0.2311 0.7971 0.5204 -0.2156 0.8262 0.4817 -0.1995 0.8533 0.4418 -0.1830 0.8782 0.4009 -0.1660 0.9010 0.3589 -0.1486 0.9215 0.3160 -0.1309 0.9397 0.2723 -0.1128 0.9556 0.2280 -0.0944 0.9691 0.1831 -0.0758 0.9802 0.1377 -0.0570 0.9888 0.0920 -0.0381 0.9950 0.0461 -0.0191 0.9988 0.0469 -0.0168 -0.9988 0.0937 -0.0335 -0.9950 0.1403 -0.0502 -0.9888 0.1866 -0.0668 -0.9802 0.2323 -0.0831 -0.9691 0.2775 -0.0993 -0.9556 0.3220 -0.1152 -0.9397 0.3657 -0.1309 -0.9215 0.4085 -0.1462 -0.9010 0.4503 -0.1611 -0.8782 0.4910 -0.1757 -0.8533 0.5304 -0.1898 -0.8262 0.5685 -0.2034 -0.7971 0.6052 -0.2165 -0.7660 0.6404 -0.2291 -0.7331 0.6740 -0.2412 -0.6982 0.7060 -0.2526 -0.6617 0.7361 -0.2634 -0.6235 0.7645 -0.2735 -0.5837 0.7909 -0.2830 -0.5425 0.8154 -0.2918 -0.5000 0.8379 -0.2998 -0.4562 0.8582 -0.3071 -0.4113 0.8765 -0.3136 -0.3653 0.8925 -0.3193 -0.3185 0.9064 -0.3243 -0.2708 0.9179 -0.3284 -0.2225 0.9272 -0.3318 -0.1736 0.9342 -0.3343 -0.1243 0.9389 -0.3359 -0.0747 0.9413 -0.3368 -0.0249 0.9413 -0.3368 0.0249 0.9389 -0.3359 0.0747 0.9342 -0.3343 0.1243 0.9272 -0.3318 0.1736 0.9179 -0.3284 0.2225 0.9064 -0.3243 0.2708 0.8925 -0.3193 0.3185 0.8765 -0.3136 0.3653 0.8582 -0.3071 0.4113 0.8379 -0.2998 0.4562 0.8154 -0.2918 0.5000 0.7909 -0.2830 0.5425 0.7645 -0.2735 0.5837 0.7361 -0.2634 0.6235 0.7060 -0.2526 0.6617 0.6740 -0.2412 0.6982 0.6404 -0.2291 0.7331 0.6052 -0.2165 0.7660 0.5685 -0.2034 0.7971 0.5304 -0.1898 0.8262 0.4910 -0.1757 0.8533 0.4503 -0.1611 0.8782 0.4085 -0.1462 0.9010 0.3657 -0.1309 0.9215 0.3220 -0.1152 0.9397 0.2775 -0.0993 0.9556 0.2323 -0.0831 0.9691 0.1866 -0.0668 0.9802 0.1403 -0.0502 0.9888 0.0937 -0.0335 0.9950 0.0469 -0.0168 0.9988 0.0477 -0.0145 -0.9988 0.0953 -0.0289 -0.9950 0.1426 -0.0433 -0.9888 0.1896 -0.0575 -0.9802 0.2361 -0.0716 -0.9691 0.2821 -0.0856 -0.9556 0.3273 -0.0993 -0.9397 0.3717 -0.1128 -0.9215 0.4152 -0.1259 -0.9010 0.4577 -0.1388 -0.8782 0.4990 -0.1514 -0.8533 0.5391 -0.1635 -0.8262 0.5778 -0.1753 -0.7971 0.6151 -0.1866 -0.7660 0.6509 -0.1974 -0.7331 0.6850 -0.2078 -0.6982 0.7175 -0.2176 -0.6617 0.7482 -0.2270 -0.6235 0.7770 -0.2357 -0.5837 0.8039 -0.2438 -0.5425 0.8287 -0.2514 -0.5000 0.8516 -0.2583 -0.4562 0.8723 -0.2646 -0.4113 0.8908 -0.2702 -0.3653 0.9071 -0.2752 -0.3185 0.9212 -0.2794 -0.2708 0.9329 -0.2830 -0.2225 0.9424 -0.2859 -0.1736 0.9495 -0.2880 -0.1243 0.9543 -0.2895 -0.0747 0.9566 -0.2902 -0.0249 0.9566 -0.2902 0.0249 0.9543 -0.2895 0.0747 0.9495 -0.2880 0.1243 0.9424 -0.2859 0.1736 0.9329 -0.2830 0.2225 0.9212 -0.2794 0.2708 0.9071 -0.2752 0.3185 0.8908 -0.2702 0.3653 0.8723 -0.2646 0.4113 0.8516 -0.2583 0.4562 0.8287 -0.2514 0.5000 0.8039 -0.2438 0.5425 0.7770 -0.2357 0.5837 0.7482 -0.2270 0.6235 0.7175 -0.2176 0.6617 0.6850 -0.2078 0.6982 0.6509 -0.1974 0.7331 0.6151 -0.1866 0.7660 0.5778 -0.1753 0.7971 0.5391 -0.1635 0.8262 0.4990 -0.1514 0.8533 0.4577 -0.1388 0.8782 0.4152 -0.1259 0.9010 0.3717 -0.1128 0.9215 0.3273 -0.0993 0.9397 0.2821 -0.0856 0.9556 0.2361 -0.0716 0.9691 0.1896 -0.0575 0.9802 0.1426 -0.0433 0.9888 0.0953 -0.0289 0.9950 0.0477 -0.0145 0.9988 0.0484 -0.0121 -0.9988 0.0966 -0.0242 -0.9950 0.1446 -0.0362 -0.9888 0.1922 -0.0481 -0.9802 0.2394 -0.0600 -0.9691 0.2859 -0.0716 -0.9556 0.3318 -0.0831 -0.9397 0.3768 -0.0944 -0.9215 0.4209 -0.1054 -0.9010 0.4639 -0.1162 -0.8782 0.5058 -0.1267 -0.8533 0.5464 -0.1369 -0.8262 0.5857 -0.1467 -0.7971 0.6235 -0.1562 -0.7660 0.6598 -0.1653 -0.7331 0.6944 -0.1739 -0.6982 0.7273 -0.1822 -0.6617 0.7584 -0.1900 -0.6235 0.7876 -0.1973 -0.5837 0.8149 -0.2041 -0.5425 0.8401 -0.2104 -0.5000 0.8632 -0.2162 -0.4562 0.8842 -0.2215 -0.4113 0.9030 -0.2262 -0.3653 0.9195 -0.2303 -0.3185 0.9338 -0.2339 -0.2708 0.9457 -0.2369 -0.2225 0.9553 -0.2393 -0.1736 0.9625 -0.2411 -0.1243 0.9673 -0.2423 -0.0747 0.9697 -0.2429 -0.0249 0.9697 -0.2429 0.0249 0.9673 -0.2423 0.0747 0.9625 -0.2411 0.1243 0.9553 -0.2393 0.1736 0.9457 -0.2369 0.2225 0.9338 -0.2339 0.2708 0.9195 -0.2303 0.3185 0.9030 -0.2262 0.3653 0.8842 -0.2215 0.4113 0.8632 -0.2162 0.4562 0.8401 -0.2104 0.5000 0.8149 -0.2041 0.5425 0.7876 -0.1973 0.5837 0.7584 -0.1900 0.6235 0.7273 -0.1822 0.6617 0.6944 -0.1739 0.6982 0.6598 -0.1653 0.7331 0.6235 -0.1562 0.7660 0.5857 -0.1467 0.7971 0.5464 -0.1369 0.8262 0.5058 -0.1267 0.8533 0.4639 -0.1162 0.8782 0.4209 -0.1054 0.9010 0.3768 -0.0944 0.9215 0.3318 -0.0831 0.9397 0.2859 -0.0716 0.9556 0.2394 -0.0600 0.9691 0.1922 -0.0481 0.9802 0.1446 -0.0362 0.9888 0.0966 -0.0242 0.9950 0.0484 -0.0121 0.9988 0.0489 -0.0097 -0.9988 0.0977 -0.0194 -0.9950 0.1462 -0.0291 -0.9888 0.1943 -0.0387 -0.9802 0.2420 -0.0481 -0.9691 0.2891 -0.0575 -0.9556 0.3354 -0.0667 -0.9397 0.3810 -0.0758 -0.9215 0.4255 -0.0846 -0.9010 0.4691 -0.0933 -0.8782 0.5114 -0.1017 -0.8533 0.5525 -0.1099 -0.8262 0.5922 -0.1178 -0.7971 0.6304 -0.1254 -0.7660 0.6671 -0.1327 -0.7331 0.7021 -0.1397 -0.6982 0.7354 -0.1463 -0.6617 0.7668 -0.1525 -0.6235 0.7963 -0.1584 -0.5837 0.8239 -0.1639 -0.5425 0.8494 -0.1690 -0.5000 0.8728 -0.1736 -0.4562 0.8940 -0.1778 -0.4113 0.9130 -0.1816 -0.3653 0.9297 -0.1849 -0.3185 0.9441 -0.1878 -0.2708 0.9562 -0.1902 -0.2225 0.9659 -0.1921 -0.1736 0.9732 -0.1936 -0.1243 0.9780 -0.1945 -0.0747 0.9805 -0.1950 -0.0249 0.9805 -0.1950 0.0249 0.9780 -0.1945 0.0747 0.9732 -0.1936 0.1243 0.9659 -0.1921 0.1736 0.9562 -0.1902 0.2225 0.9441 -0.1878 0.2708 0.9297 -0.1849 0.3185 0.9130 -0.1816 0.3653 0.8940 -0.1778 0.4113 0.8728 -0.1736 0.4562 0.8494 -0.1690 0.5000 0.8239 -0.1639 0.5425 0.7963 -0.1584 0.5837 0.7668 -0.1525 0.6235 0.7354 -0.1463 0.6617 0.7021 -0.1397 0.6982 0.6671 -0.1327 0.7331 0.6304 -0.1254 0.7660 0.5922 -0.1178 0.7971 0.5525 -0.1099 0.8262 0.5114 -0.1017 0.8533 0.4691 -0.0933 0.8782 0.4255 -0.0846 0.9010 0.3810 -0.0758 0.9215 0.3354 -0.0667 0.9397 0.2891 -0.0575 0.9556 0.2420 -0.0481 0.9691 0.1943 -0.0387 0.9802 0.1462 -0.0291 0.9888 0.0977 -0.0194 0.9950 0.0489 -0.0097 0.9988 0.0493 -0.0073 -0.9988 0.0985 -0.0146 -0.9950 0.1474 -0.0219 -0.9888 0.1960 -0.0291 -0.9802 0.2441 -0.0362 -0.9691 0.2916 -0.0432 -0.9556 0.3383 -0.0502 -0.9397 0.3842 -0.0570 -0.9215 0.4292 -0.0637 -0.9010 0.4731 -0.0702 -0.8782 0.5158 -0.0765 -0.8533 0.5572 -0.0827 -0.8262 0.5973 -0.0886 -0.7971 0.6358 -0.0943 -0.7660 0.6728 -0.0998 -0.7331 0.7081 -0.1050 -0.6982 0.7417 -0.1100 -0.6617 0.7734 -0.1147 -0.6235 0.8032 -0.1191 -0.5837 0.8309 -0.1233 -0.5425 0.8567 -0.1271 -0.5000 0.8802 -0.1306 -0.4562 0.9016 -0.1337 -0.4113 0.9208 -0.1366 -0.3653 0.9377 -0.1391 -0.3185 0.9522 -0.1412 -0.2708 0.9644 -0.1431 -0.2225 0.9741 -0.1445 -0.1736 0.9815 -0.1456 -0.1243 0.9864 -0.1463 -0.0747 0.9889 -0.1467 -0.0249 0.9889 -0.1467 0.0249 0.9864 -0.1463 0.0747 0.9815 -0.1456 0.1243 0.9741 -0.1445 0.1736 0.9644 -0.1431 0.2225 0.9522 -0.1412 0.2708 0.9377 -0.1391 0.3185 0.9208 -0.1366 0.3653 0.9016 -0.1337 0.4113 0.8802 -0.1306 0.4562 0.8567 -0.1271 0.5000 0.8309 -0.1233 0.5425 0.8032 -0.1191 0.5837 0.7734 -0.1147 0.6235 0.7417 -0.1100 0.6617 0.7081 -0.1050 0.6982 0.6728 -0.0998 0.7331 0.6358 -0.0943 0.7660 0.5973 -0.0886 0.7971 0.5572 -0.0827 0.8262 0.5158 -0.0765 0.8533 0.4731 -0.0702 0.8782 0.4292 -0.0637 0.9010 0.3842 -0.0570 0.9215 0.3383 -0.0502 0.9397 0.2916 -0.0432 0.9556 0.2441 -0.0362 0.9691 0.1960 -0.0291 0.9802 0.1474 -0.0219 0.9888 0.0985 -0.0146 0.9950 0.0493 -0.0073 0.9988 0.0496 -0.0049 -0.9988 0.0991 -0.0098 -0.9950 0.1483 -0.0146 -0.9888 0.1972 -0.0194 -0.9802 0.2456 -0.0242 -0.9691 0.2933 -0.0289 -0.9556 0.3404 -0.0335 -0.9397 0.3866 -0.0381 -0.9215 0.4318 -0.0425 -0.9010 0.4760 -0.0469 -0.8782 0.5189 -0.0511 -0.8533 0.5606 -0.0552 -0.8262 0.6009 -0.0592 -0.7971 0.6397 -0.0630 -0.7660 0.6769 -0.0667 -0.7331 0.7124 -0.0702 -0.6982 0.7462 -0.0735 -0.6617 0.7781 -0.0766 -0.6235 0.8080 -0.0796 -0.5837 0.8360 -0.0823 -0.5425 0.8619 -0.0849 -0.5000 0.8856 -0.0872 -0.4562 0.9071 -0.0893 -0.4113 0.9264 -0.0912 -0.3653 0.9434 -0.0929 -0.3185 0.9580 -0.0944 -0.2708 0.9702 -0.0956 -0.2225 0.9801 -0.0965 -0.1736 0.9875 -0.0973 -0.1243 0.9924 -0.0977 -0.0747 0.9949 -0.0980 -0.0249 0.9949 -0.0980 0.0249 0.9924 -0.0977 0.0747 0.9875 -0.0973 0.1243 0.9801 -0.0965 0.1736 0.9702 -0.0956 0.2225 0.9580 -0.0944 0.2708 0.9434 -0.0929 0.3185 0.9264 -0.0912 0.3653 0.9071 -0.0893 0.4113 0.8856 -0.0872 0.4562 0.8619 -0.0849 0.5000 0.8360 -0.0823 0.5425 0.8080 -0.0796 0.5837 0.7781 -0.0766 0.6235 0.7462 -0.0735 0.6617 0.7124 -0.0702 0.6982 0.6769 -0.0667 0.7331 0.6397 -0.0630 0.7660 0.6009 -0.0592 0.7971 0.5606 -0.0552 0.8262 0.5189 -0.0511 0.8533 0.4760 -0.0469 0.8782 0.4318 -0.0425 0.9010 0.3866 -0.0381 0.9215 0.3404 -0.0335 0.9397 0.2933 -0.0289 0.9556 0.2456 -0.0242 0.9691 0.1972 -0.0194 0.9802 0.1483 -0.0146 0.9888 0.0991 -0.0098 0.9950 0.0496 -0.0049 0.9988 0.0498 -0.0024 -0.9988 0.0994 -0.0049 -0.9950 0.1489 -0.0073 -0.9888 0.1979 -0.0097 -0.9802 0.2465 -0.0121 -0.9691 0.2944 -0.0145 -0.9556 0.3416 -0.0168 -0.9397 0.3880 -0.0191 -0.9215 0.4334 -0.0213 -0.9010 0.4777 -0.0235 -0.8782 0.5208 -0.0256 -0.8533 0.5626 -0.0276 -0.8262 0.6031 -0.0296 -0.7971 0.6420 -0.0315 -0.7660 0.6794 -0.0334 -0.7331 0.7150 -0.0351 -0.6982 0.7489 -0.0368 -0.6617 0.7809 -0.0384 -0.6235 0.8110 -0.0398 -0.5837 0.8390 -0.0412 -0.5425 0.8650 -0.0425 -0.5000 0.8888 -0.0437 -0.4562 0.9104 -0.0447 -0.4113 0.9298 -0.0457 -0.3653 0.9468 -0.0465 -0.3185 0.9615 -0.0472 -0.2708 0.9738 -0.0478 -0.2225 0.9836 -0.0483 -0.1736 0.9910 -0.0487 -0.1243 0.9960 -0.0489 -0.0747 0.9985 -0.0491 -0.0249 0.9985 -0.0491 0.0249 0.9960 -0.0489 0.0747 0.9910 -0.0487 0.1243 0.9836 -0.0483 0.1736 0.9738 -0.0478 0.2225 0.9615 -0.0472 0.2708 0.9468 -0.0465 0.3185 0.9298 -0.0457 0.3653 0.9104 -0.0447 0.4113 0.8888 -0.0437 0.4562 0.8650 -0.0425 0.5000 0.8390 -0.0412 0.5425 0.8110 -0.0398 0.5837 0.7809 -0.0384 0.6235 0.7489 -0.0368 0.6617 0.7150 -0.0351 0.6982 0.6794 -0.0334 0.7331 0.6420 -0.0315 0.7660 0.6031 -0.0296 0.7971 0.5626 -0.0276 0.8262 0.5208 -0.0256 0.8533 0.4777 -0.0235 0.8782 0.4334 -0.0213 0.9010 0.3880 -0.0191 0.9215 0.3416 -0.0168 0.9397 0.2944 -0.0145 0.9556 0.2465 -0.0121 0.9691 0.1979 -0.0097 0.9802 0.1489 -0.0073 0.9888 0.0994 -0.0049 0.9950 0.0498 -0.0024 0.9988"/>
      </IndexedFaceSet>
    </Shape>
  </Scene>
</X3D>
