# https://github.com/mikedh/trimesh
v 0.00000000 0.00000000 -1.00000000
v 0.06679263 0.00000000 -0.99776688
v 0.13328696 0.00000000 -0.99107749
v 0.19918599 0.00000000 -0.97996171
v 0.26419540 0.00000000 -0.96446918
v 0.32802486 0.00000000 -0.94466909
v 0.39038928 0.00000000 -0.92064989
v 0.45101012 0.00000000 -0.89251884
v 0.50961664 0.00000000 -0.86040158
v 0.56594709 0.00000000 -0.82444156
v 0.61974989 0.00000000 -0.78479939
v 0.67078473 0.00000000 -0.74165211
v 0.71882368 0.00000000 -0.69519243
v 0.76365220 0.00000000 -0.64562785
v 0.80507005 0.00000000 -0.59317974
v 0.84289227 0.00000000 -0.53808235
v 0.87694993 0.00000000 -0.48058176
v 0.90709091 0.00000000 -0.42093476
v 0.93318061 0.00000000 -0.35940777
v 0.95510250 0.00000000 -0.29627558
v 0.97275866 0.00000000 -0.23182015
v 0.98607025 0.00000000 -0.16632935
v 0.99497782 0.00000000 -0.10009569
v 0.99944156 0.00000000 -0.03341498
v 0.99944156 0.00000000 0.03341498
v 0.99497782 0.00000000 0.10009569
v 0.98607025 0.00000000 0.16632935
v 0.97275866 0.00000000 0.23182015
v 0.95510250 0.00000000 0.29627558
v 0.93318061 0.00000000 0.35940777
v 0.90709091 0.00000000 0.42093476
v 0.87694993 0.00000000 0.48058176
v 0.84289227 0.00000000 0.53808235
v 0.80507005 0.00000000 0.59317974
v 0.76365220 0.00000000 0.64562785
v 0.71882368 0.00000000 0.69519243
v 0.67078473 0.00000000 0.74165211
v 0.61974989 0.00000000 0.78479939
v 0.56594709 0.00000000 0.82444156
v 0.50961664 0.00000000 0.86040158
v 0.45101012 0.00000000 0.89251884
v 0.39038928 0.00000000 0.92064989
v 0.32802486 0.00000000 0.94466909
v 0.26419540 0.00000000 0.96446918
v 0.19918599 0.00000000 0.97996171
v 0.13328696 0.00000000 0.99107749
v 0.06679263 0.00000000 0.99776688
v 0.00000000 0.00000000 1.00000000
v 0.06664963 0.00436845 -0.99776688
v 0.13300158 0.00871738 -0.99107749
v 0.19875951 0.01302739 -0.97996171
v 0.26362974 0.01727921 -0.96446918
v 0.32732253 0.02145385 -0.94466909
v 0.38955342 0.02553268 -0.92064989
v 0.45004447 0.02949747 -0.89251884
v 0.50852551 0.03333052 -0.86040158
v 0.56473536 0.03701471 -0.82444156
v 0.61842296 0.04053358 -0.78479939
v 0.66934853 0.04387142 -0.74165211
v 0.71728463 0.04701332 -0.69519243
v 0.76201716 0.04994524 -0.64562785
v 0.80334634 0.05265410 -0.59317974
v 0.84108757 0.05512779 -0.53808235
v 0.87507231 0.05735527 -0.48058176
v 0.90514876 0.05932658 -0.42093476
v 0.93118260 0.06103293 -0.35940777
v 0.95305755 0.06246669 -0.29627558
v 0.97067591 0.06362146 -0.23182015
v 0.98395900 0.06449208 -0.16632935
v 0.99284749 0.06507466 -0.10009569
v 0.99730168 0.06536661 -0.03341498
v 0.99730168 0.06536661 0.03341498
v 0.99284749 0.06507466 0.10009569
v 0.98395900 0.06449208 0.16632935
v 0.97067591 0.06362146 0.23182015
v 0.95305755 0.06246669 0.29627558
v 0.93118260 0.06103293 0.35940777
v 0.90514876 0.05932658 0.42093476
v 0.87507231 0.05735527 0.48058176
v 0.84108757 0.05512779 0.53808235
v 0.80334634 0.05265410 0.59317974
v 0.76201716 0.04994524 0.64562785
v 0.71728463 0.04701332 0.69519243
v 0.66934853 0.04387142 0.74165211
v 0.61842296 0.04053358 0.78479939
v 0.56473536 0.03701471 0.82444156
v 0.50852551 0.03333052 0.86040158
v 0.45004447 0.02949747 0.89251884
v 0.38955342 0.02553268 0.92064989
v 0.32732253 0.02145385 0.94466909
v 0.26362974 0.01727921 0.96446918
v 0.19875951 0.01302739 0.97996171
v 0.13300158 0.00871738 0.99107749
v 0.06664963 0.00436845 0.99776688
v 0.06622121 0.00871819 -0.99776688
v 0.13214667 0.01739744 -0.99107749
v 0.19748192 0.02599899 -0.97996171
v 0.26193517 0.03448442 -0.96446918
v 0.32521856 0.04281584 -0.94466909
v 0.38704944 0.05095603 -0.92064989
v 0.44715167 0.05886863 -0.89251884
v 0.50525680 0.06651832 -0.86040158
v 0.56110534 0.07387092 -0.82444156
v 0.61444784 0.08089359 -0.78479939
v 0.66504607 0.08755498 -0.74165211
v 0.71267405 0.09382532 -0.69519243
v 0.75711905 0.09967661 -0.64562785
v 0.79818257 0.10508273 -0.59317974
v 0.83568121 0.11001952 -0.53808235
v 0.86944750 0.11446493 -0.48058176
v 0.89933063 0.11839912 -0.42093476
v 0.92519712 0.12180451 -0.35940777
v 0.94693146 0.12466589 -0.29627558
v 0.96443658 0.12697048 -0.23182015
v 0.97763429 0.12870800 -0.16632935
v 0.98646564 0.12987067 -0.10009569
v 0.99089120 0.13045330 -0.03341498
v 0.99089120 0.13045330 0.03341498
v 0.98646564 0.12987067 0.10009569
v 0.97763429 0.12870800 0.16632935
v 0.96443658 0.12697048 0.23182015
v 0.94693146 0.12466589 0.29627558
v 0.92519712 0.12180451 0.35940777
v 0.89933063 0.11839912 0.42093476
v 0.86944750 0.11446493 0.48058176
v 0.83568121 0.11001952 0.53808235
v 0.79818257 0.10508273 0.59317974
v 0.75711905 0.09967661 0.64562785
v 0.71267405 0.09382532 0.69519243
v 0.66504607 0.08755498 0.74165211
v 0.61444784 0.08089359 0.78479939
v 0.56110534 0.07387092 0.82444156
v 0.50525680 0.06651832 0.86040158
v 0.44715167 0.05886863 0.89251884
v 0.38704944 0.05095603 0.92064989
v 0.32521856 0.04281584 0.94466909
v 0.26193517 0.03448442 0.96446918
v 0.19748192 0.02599899 0.97996171
v 0.13214667 0.01739744 0.99107749
v 0.06622121 0.00871819 0.99776688
v 0.06550923 0.01303060 -0.99776688
v 0.13072588 0.02600300 -0.99107749
v 0.19535868 0.03885926 -0.97996171
v 0.25911896 0.05154197 -0.96446918
v 0.32172195 0.06399448 -0.94466909
v 0.38288805 0.07616117 -0.92064989
v 0.44234409 0.08798771 -0.89251884
v 0.49982450 0.09942127 -0.86040158
v 0.55507258 0.11041080 -0.82444156
v 0.60784157 0.12090721 -0.78479939
v 0.65789579 0.13086361 -0.74165211
v 0.70501169 0.14023554 -0.69519243
v 0.74897883 0.14898115 -0.64562785
v 0.78960086 0.15706138 -0.59317974
v 0.82669633 0.16444012 -0.53808235
v 0.86009958 0.17108444 -0.48058176
v 0.88966142 0.17696466 -0.42093476
v 0.91524981 0.18205451 -0.35940777
v 0.93675047 0.18633125 -0.29627558
v 0.95406738 0.18977580 -0.23182015
v 0.96712319 0.19237276 -0.16632935
v 0.97585960 0.19411054 -0.10009569
v 0.98023757 0.19498138 -0.03341498
v 0.98023757 0.19498138 0.03341498
v 0.97585960 0.19411054 0.10009569
v 0.96712319 0.19237276 0.16632935
v 0.95406738 0.18977580 0.23182015
v 0.93675047 0.18633125 0.29627558
v 0.91524981 0.18205451 0.35940777
v 0.88966142 0.17696466 0.42093476
v 0.86009958 0.17108444 0.48058176
v 0.82669633 0.16444012 0.53808235
v 0.78960086 0.15706138 0.59317974
v 0.74897883 0.14898115 0.64562785
v 0.70501169 0.14023554 0.69519243
v 0.65789579 0.13086361 0.74165211
v 0.60784157 0.12090721 0.78479939
v 0.55507258 0.11041080 0.82444156
v 0.49982450 0.09942127 0.86040158
v 0.44234409 0.08798771 0.89251884
v 0.38288805 0.07616117 0.92064989
v 0.32172195 0.06399448 0.94466909
v 0.25911896 0.05154197 0.96446918
v 0.19535868 0.03885926 0.97996171
v 0.13072588 0.02600300 0.99107749
v 0.06550923 0.01303060 0.99776688
v 0.06451673 0.01728721 -0.99776688
v 0.12874531 0.03449720 -0.99107749
v 0.19239889 0.05155313 -0.97996171
v 0.25519316 0.06837880 -0.96446918
v 0.31684768 0.08489908 -0.94466909
v 0.37708708 0.10104018 -0.92064989
v 0.43564232 0.11673001 -0.89251884
v 0.49225188 0.13189849 -0.86040158
v 0.54666291 0.14647789 -0.82444156
v 0.59863242 0.16040307 -0.78479939
v 0.64792829 0.17361186 -0.74165211
v 0.69433036 0.18604526 -0.69519243
v 0.73763138 0.19764773 -0.64562785
v 0.77763796 0.20836746 -0.59317974
v 0.81417141 0.21815657 -0.53808235
v 0.84706858 0.22697134 -0.48058176
v 0.87618254 0.23477240 -0.42093476
v 0.90138325 0.24152491 -0.35940777
v 0.92255817 0.24719872 -0.29627558
v 0.93961272 0.25176847 -0.23182015
v 0.95247072 0.25521376 -0.16632935
v 0.96107477 0.25751921 -0.10009569
v 0.96538642 0.25867451 -0.03341498
v 0.96538642 0.25867451 0.03341498
v 0.96107477 0.25751921 0.10009569
v 0.95247072 0.25521376 0.16632935
v 0.93961272 0.25176847 0.23182015
v 0.92255817 0.24719872 0.29627558
v 0.90138325 0.24152491 0.35940777
v 0.87618254 0.23477240 0.42093476
v 0.84706858 0.22697134 0.48058176
v 0.81417141 0.21815657 0.53808235
v 0.77763796 0.20836746 0.59317974
v 0.73763138 0.19764773 0.64562785
v 0.69433036 0.18604526 0.69519243
v 0.64792829 0.17361186 0.74165211
v 0.59863242 0.16040307 0.78479939
v 0.54666291 0.14647789 0.82444156
v 0.49225188 0.13189849 0.86040158
v 0.43564232 0.11673001 0.89251884
v 0.37708708 0.10104018 0.92064989
v 0.31684768 0.08489908 0.94466909
v 0.25519316 0.06837880 0.96446918
v 0.19239889 0.05155313 0.97996171
v 0.12874531 0.03449720 0.99107749
v 0.06451673 0.01728721 0.99776688
v 0.06324796 0.02146979 -0.99776688
v 0.12621343 0.04284369 -0.99107749
v 0.18861521 0.06402624 -0.97996171
v 0.25017459 0.08492283 -0.96446918
v 0.31061662 0.10544013 -0.94466909
v 0.36967137 0.12548652 -0.92064989
v 0.42707507 0.14497245 -0.89251884
v 0.48257135 0.16381090 -0.86040158
v 0.53591236 0.18191773 -0.82444156
v 0.58685984 0.19921207 -0.78479939
v 0.63518627 0.21561668 -0.74165211
v 0.68067580 0.23105830 -0.69519243
v 0.72312527 0.24546795 -0.64562785
v 0.76234509 0.25878129 -0.59317974
v 0.79816009 0.27093884 -0.53808235
v 0.83041031 0.28188632 -0.48058176
v 0.85895172 0.29157482 -0.42093476
v 0.88365684 0.29996108 -0.35940777
v 0.90441533 0.30700764 -0.29627558
v 0.92113449 0.31268302 -0.23182015
v 0.93373963 0.31696190 -0.16632935
v 0.94217447 0.31982514 -0.10009569
v 0.94640133 0.32125996 -0.03341498
v 0.94640133 0.32125996 0.03341498
v 0.94217447 0.31982514 0.10009569
v 0.93373963 0.31696190 0.16632935
v 0.92113449 0.31268302 0.23182015
v 0.90441533 0.30700764 0.29627558
v 0.88365684 0.29996108 0.35940777
v 0.85895172 0.29157482 0.42093476
v 0.83041031 0.28188632 0.48058176
v 0.79816009 0.27093884 0.53808235
v 0.76234509 0.25878129 0.59317974
v 0.72312527 0.24546795 0.64562785
v 0.68067580 0.23105830 0.69519243
v 0.63518627 0.21561668 0.74165211
v 0.58685984 0.19921207 0.78479939
v 0.53591236 0.18191773 0.82444156
v 0.48257135 0.16381090 0.86040158
v 0.42707507 0.14497245 0.89251884
v 0.36967137 0.12548652 0.92064989
v 0.31061662 0.10544013 0.94466909
v 0.25017459 0.08492283 0.96446918
v 0.18861521 0.06402624 0.97996171
v 0.12621343 0.04284369 0.99107749
v 0.06324796 0.02146979 0.99776688
v 0.06170835 0.02556043 -0.99776688
v 0.12314109 0.05100671 -0.99107749
v 0.18402385 0.07622518 -0.97996171
v 0.24408472 0.10110320 -0.96446918
v 0.30305545 0.12552968 -0.94466909
v 0.36067266 0.14939551 -0.92064989
v 0.41667902 0.17259410 -0.89251884
v 0.47082439 0.19502185 -0.86040158
v 0.52286694 0.21657858 -0.82444156
v 0.57257424 0.23716801 -0.78479939
v 0.61972428 0.25669820 -0.74165211
v 0.66410649 0.27508191 -0.69519243
v 0.70552263 0.29223704 -0.64562785
v 0.74378774 0.30808697 -0.59317974
v 0.77873092 0.32256091 -0.53808235
v 0.81019609 0.33559421 -0.48058176
v 0.83804273 0.34712866 -0.42093476
v 0.86214647 0.35711276 -0.35940777
v 0.88239965 0.36550190 -0.29627558
v 0.89871182 0.37225862 -0.23182015
v 0.91101013 0.37735275 -0.16632935
v 0.91923964 0.38076153 -0.10009569
v 0.92336360 0.38246973 -0.03341498
v 0.92336360 0.38246973 0.03341498
v 0.91923964 0.38076153 0.10009569
v 0.91101013 0.37735275 0.16632935
v 0.89871182 0.37225862 0.23182015
v 0.88239965 0.36550190 0.29627558
v 0.86214647 0.35711276 0.35940777
v 0.83804273 0.34712866 0.42093476
v 0.81019609 0.33559421 0.48058176
v 0.77873092 0.32256091 0.53808235
v 0.74378774 0.30808697 0.59317974
v 0.70552263 0.29223704 0.64562785
v 0.66410649 0.27508191 0.69519243
v 0.61972428 0.25669820 0.74165211
v 0.57257424 0.23716801 0.78479939
v 0.52286694 0.21657858 0.82444156
v 0.47082439 0.19502185 0.86040158
v 0.41667902 0.17259410 0.89251884
v 0.36067266 0.14939551 0.92064989
v 0.30305545 0.12552968 0.94466909
v 0.24408472 0.10110320 0.96446918
v 0.18402385 0.07622518 0.97996171
v 0.12314109 0.05100671 0.99107749
v 0.06170835 0.02556043 0.99776688
v 0.05990449 0.02954163 -0.99776688
v 0.11954144 0.05895131 -0.99107749
v 0.17864448 0.08809771 -0.97996171
v 0.23694965 0.11685064 -0.96446918
v 0.29419655 0.14508168 -0.94466909
v 0.35012950 0.17266476 -0.92064989
v 0.40449868 0.19947667 -0.89251884
v 0.45706128 0.22539768 -0.86040158
v 0.50758252 0.25031200 -0.82444156
v 0.55583678 0.27410837 -0.78479939
v 0.60160854 0.29668050 -0.74165211
v 0.64469337 0.31792759 -0.69519243
v 0.68489884 0.33775473 -0.64562785
v 0.72204539 0.35607338 -0.59317974
v 0.75596710 0.37280172 -0.53808235
v 0.78651249 0.38786504 -0.48058176
v 0.81354511 0.40119605 -0.42093476
v 0.83694425 0.41273523 -0.35940777
v 0.85660540 0.42243103 -0.29627558
v 0.87244073 0.43024016 -0.23182015
v 0.88437953 0.43612772 -0.16632935
v 0.89236848 0.44006743 -0.10009569
v 0.89637190 0.44204170 -0.03341498
v 0.89637190 0.44204170 0.03341498
v 0.89236848 0.44006743 0.10009569
v 0.88437953 0.43612772 0.16632935
v 0.87244073 0.43024016 0.23182015
v 0.85660540 0.42243103 0.29627558
v 0.83694425 0.41273523 0.35940777
v 0.81354511 0.40119605 0.42093476
v 0.78651249 0.38786504 0.48058176
v 0.75596710 0.37280172 0.53808235
v 0.72204539 0.35607338 0.59317974
v 0.68489884 0.33775473 0.64562785
v 0.64469337 0.31792759 0.69519243
v 0.60160854 0.29668050 0.74165211
v 0.55583678 0.27410837 0.78479939
v 0.50758252 0.25031200 0.82444156
v 0.45706128 0.22539768 0.86040158
v 0.40449868 0.19947667 0.89251884
v 0.35012950 0.17266476 0.92064989
v 0.29419655 0.14508168 0.94466909
v 0.23694965 0.11685064 0.96446918
v 0.17864448 0.08809771 0.97996171
v 0.11954144 0.05895131 0.99107749
v 0.05990449 0.02954163 0.99776688
v 0.05784412 0.03339632 -0.99776688
v 0.11542989 0.06664348 -0.99107749
v 0.17250012 0.09959299 -0.97996171
v 0.22879993 0.13209770 -0.96446918
v 0.28407786 0.16401243 -0.94466909
v 0.33808703 0.19519464 -0.92064989
v 0.39058622 0.22550506 -0.89251884
v 0.44134096 0.25480832 -0.86040158
v 0.49012456 0.28297355 -0.82444156
v 0.53671915 0.30987494 -0.78479939
v 0.58091662 0.33539237 -0.74165211
v 0.62251957 0.35941184 -0.69519243
v 0.66134220 0.38182610 -0.64562785
v 0.69721112 0.40253503 -0.59317974
v 0.72996612 0.42144614 -0.53808235
v 0.75946092 0.43847496 -0.48058176
v 0.78556377 0.45354546 -0.42093476
v 0.80815812 0.46659031 -0.35940777
v 0.82714303 0.47755125 -0.29627558
v 0.84243371 0.48637933 -0.23182015
v 0.85396189 0.49303513 -0.16632935
v 0.86167606 0.49748891 -0.10009569
v 0.86554178 0.49972078 -0.03341498
v 0.86554178 0.49972078 0.03341498
v 0.86167606 0.49748891 0.10009569
v 0.85396189 0.49303513 0.16632935
v 0.84243371 0.48637933 0.23182015
v 0.82714303 0.47755125 0.29627558
v 0.80815812 0.46659031 0.35940777
v 0.78556377 0.45354546 0.42093476
v 0.75946092 0.43847496 0.48058176
v 0.72996612 0.42144614 0.53808235
v 0.69721112 0.40253503 0.59317974
v 0.66134220 0.38182610 0.64562785
v 0.62251957 0.35941184 0.69519243
v 0.58091662 0.33539237 0.74165211
v 0.53671915 0.30987494 0.78479939
v 0.49012456 0.28297355 0.82444156
v 0.44134096 0.25480832 0.86040158
v 0.39058622 0.22550506 0.89251884
v 0.33808703 0.19519464 0.92064989
v 0.28407786 0.16401243 0.94466909
v 0.22879993 0.13209770 0.96446918
v 0.17250012 0.09959299 0.97996171
v 0.11542989 0.06664348 0.99107749
v 0.05784412 0.03339632 0.99776688
v 0.05553605 0.03710800 -0.99776688
v 0.11082405 0.07405026 -0.99107749
v 0.16561709 0.11066180 -0.97996171
v 0.21967045 0.14677910 -0.96446918
v 0.27274270 0.18224085 -0.94466909
v 0.32459682 0.21688866 -0.92064989
v 0.37500121 0.25056780 -0.89251884
v 0.42373075 0.28312784 -0.86040158
v 0.47056781 0.31442336 -0.82444156
v 0.51530320 0.34431459 -0.78479939
v 0.55773712 0.37266803 -0.74165211
v 0.59768005 0.39935704 -0.69519243
v 0.63495360 0.42426243 -0.64562785
v 0.66939128 0.44727296 -0.59317974
v 0.70083931 0.46828586 -0.53808235
v 0.72915722 0.48720728 -0.48058176
v 0.75421853 0.50395271 -0.42093476
v 0.77591132 0.51844737 -0.35940777
v 0.79413870 0.53062652 -0.29627558
v 0.80881927 0.54043576 -0.23182015
v 0.81988745 0.54783128 -0.16632935
v 0.82729382 0.55278006 -0.10009569
v 0.83100529 0.55525998 -0.03341498
v 0.83100529 0.55525998 0.03341498
v 0.82729382 0.55278006 0.10009569
v 0.81988745 0.54783128 0.16632935
v 0.80881927 0.54043576 0.23182015
v 0.79413870 0.53062652 0.29627558
v 0.77591132 0.51844737 0.35940777
v 0.75421853 0.50395271 0.42093476
v 0.72915722 0.48720728 0.48058176
v 0.70083931 0.46828586 0.53808235
v 0.66939128 0.44727296 0.59317974
v 0.63495360 0.42426243 0.64562785
v 0.59768005 0.39935704 0.69519243
v 0.55773712 0.37266803 0.74165211
v 0.51530320 0.34431459 0.78479939
v 0.47056781 0.31442336 0.82444156
v 0.42373075 0.28312784 0.86040158
v 0.37500121 0.25056780 0.89251884
v 0.32459682 0.21688866 0.92064989
v 0.27274270 0.18224085 0.94466909
v 0.21967045 0.14677910 0.96446918
v 0.16561709 0.11066180 0.97996171
v 0.11082405 0.07405026 0.99107749
v 0.05553605 0.03710800 0.99776688
v 0.05299016 0.04066078 -0.99776688
v 0.10574365 0.08113996 -0.99107749
v 0.15802487 0.12125674 -0.97996171
v 0.20960030 0.16083197 -0.96446918
v 0.26023962 0.19968888 -0.94466909
v 0.30971664 0.23765393 -0.92064989
v 0.35781038 0.27455756 -0.89251884
v 0.40430607 0.31023496 -0.86040158
v 0.44899602 0.34452676 -0.82444156
v 0.49168064 0.37727983 -0.78479939
v 0.53216931 0.40834787 -0.74165211
v 0.57028117 0.43759213 -0.69519243
v 0.60584602 0.46488200 -0.64562785
v 0.63870502 0.49009560 -0.59317974
v 0.66871140 0.51312030 -0.53808235
v 0.69573115 0.53385329 -0.48058176
v 0.71964361 0.55220196 -0.42093476
v 0.74034195 0.56808436 -0.35940777
v 0.75773376 0.58142956 -0.29627558
v 0.77174134 0.59217795 -0.23182015
v 0.78230213 0.60028154 -0.16632935
v 0.78936897 0.60570412 -0.10009569
v 0.79291030 0.60842147 -0.03341498
v 0.79291030 0.60842147 0.03341498
v 0.78936897 0.60570412 0.10009569
v 0.78230213 0.60028154 0.16632935
v 0.77174134 0.59217795 0.23182015
v 0.75773376 0.58142956 0.29627558
v 0.74034195 0.56808436 0.35940777
v 0.71964361 0.55220196 0.42093476
v 0.69573115 0.53385329 0.48058176
v 0.66871140 0.51312030 0.53808235
v 0.63870502 0.49009560 0.59317974
v 0.60584602 0.46488200 0.64562785
v 0.57028117 0.43759213 0.69519243
v 0.53216931 0.40834787 0.74165211
v 0.49168064 0.37727983 0.78479939
v 0.44899602 0.34452676 0.82444156
v 0.40430607 0.31023496 0.86040158
v 0.35781038 0.27455756 0.89251884
v 0.30971664 0.23765393 0.92064989
v 0.26023962 0.19968888 0.94466909
v 0.20960030 0.16083197 0.96446918
v 0.15802487 0.12125674 0.97996171
v 0.10574365 0.08113996 0.99107749
v 0.05299016 0.04066078 0.99776688
v 0.05021736 0.04403944 -0.99776688
v 0.10021044 0.08788220 -0.99107749
v 0.14975595 0.13133245 -0.97996171
v 0.19863262 0.17419613 -0.96446918
v 0.24662215 0.21628182 -0.94466909
v 0.29351020 0.25740153 -0.92064989
v 0.33908736 0.29737163 -0.89251884
v 0.38315008 0.33601360 -0.86040158
v 0.42550155 0.37315485 -0.82444156
v 0.46595264 0.40862950 -0.78479939
v 0.50432266 0.44227910 -0.74165211
v 0.54044026 0.47395339 -0.69519243
v 0.57414412 0.50351088 -0.64562785
v 0.60528371 0.53081957 -0.59317974
v 0.63371996 0.55575749 -0.53808235
v 0.65932587 0.57821327 -0.48058176
v 0.68198706 0.59808660 -0.42093476
v 0.70160233 0.61528873 -0.35940777
v 0.71808408 0.62974283 -0.29627558
v 0.73135869 0.64138435 -0.23182015
v 0.74136687 0.65016130 -0.16632935
v 0.74806393 0.65603446 -0.10009569
v 0.75141995 0.65897761 -0.03341498
v 0.75141995 0.65897761 0.03341498
v 0.74806393 0.65603446 0.10009569
v 0.74136687 0.65016130 0.16632935
v 0.73135869 0.64138435 0.23182015
v 0.71808408 0.62974283 0.29627558
v 0.70160233 0.61528873 0.35940777
v 0.68198706 0.59808660 0.42093476
v 0.65932587 0.57821327 0.48058176
v 0.63371996 0.55575749 0.53808235
v 0.60528371 0.53081957 0.59317974
v 0.57414412 0.50351088 0.64562785
v 0.54044026 0.47395339 0.69519243
v 0.50432266 0.44227910 0.74165211
v 0.46595264 0.40862950 0.78479939
v 0.42550155 0.37315485 0.82444156
v 0.38315008 0.33601360 0.86040158
v 0.33908736 0.29737163 0.89251884
v 0.29351020 0.25740153 0.92064989
v 0.24662215 0.21628182 0.94466909
v 0.19863262 0.17419613 0.96446918
v 0.14975595 0.13133245 0.97996171
v 0.10021044 0.08788220 0.99107749
v 0.05021736 0.04403944 0.99776688
v 0.04722952 0.04722952 -0.99776688
v 0.09424811 0.09424811 -0.99107749
v 0.14084576 0.14084576 -0.97996171
v 0.18681436 0.18681436 -0.96446918
v 0.23194860 0.23194860 -0.94466909
v 0.27604690 0.27604690 -0.92064989
v 0.31891231 0.31891231 -0.89251884
v 0.36035338 0.36035338 -0.86040158
v 0.40018503 0.40018503 -0.82444156
v 0.43822935 0.43822935 -0.78479939
v 0.47431643 0.47431643 -0.74165211
v 0.50828510 0.50828510 -0.69519243
v 0.53998365 0.53998365 -0.64562785
v 0.56927049 0.56927049 -0.59317974
v 0.59601484 0.59601484 -0.53808235
v 0.62009724 0.62009724 -0.48058176
v 0.64141014 0.64141014 -0.42093476
v 0.65985834 0.65985834 -0.35940777
v 0.67535945 0.67535945 -0.29627558
v 0.68784425 0.68784425 -0.23182015
v 0.69725696 0.69725696 -0.16632935
v 0.70355556 0.70355556 -0.10009569
v 0.70671191 0.70671191 -0.03341498
v 0.70671191 0.70671191 0.03341498
v 0.70355556 0.70355556 0.10009569
v 0.69725696 0.69725696 0.16632935
v 0.68784425 0.68784425 0.23182015
v 0.67535945 0.67535945 0.29627558
v 0.65985834 0.65985834 0.35940777
v 0.64141014 0.64141014 0.42093476
v 0.62009724 0.62009724 0.48058176
v 0.59601484 0.59601484 0.53808235
v 0.56927049 0.56927049 0.59317974
v 0.53998365 0.53998365 0.64562785
v 0.50828510 0.50828510 0.69519243
v 0.47431643 0.47431643 0.74165211
v 0.43822935 0.43822935 0.78479939
v 0.40018503 0.40018503 0.82444156
v 0.36035338 0.36035338 0.86040158
v 0.31891231 0.31891231 0.89251884
v 0.27604690 0.27604690 0.92064989
v 0.23194860 0.23194860 0.94466909
v 0.18681436 0.18681436 0.96446918
v 0.14084576 0.14084576 0.97996171
v 0.09424811 0.09424811 0.99107749
v 0.04722952 0.04722952 0.99776688
v 0.04403944 0.05021736 -0.99776688
v 0.08788220 0.10021044 -0.99107749
v 0.13133245 0.14975595 -0.97996171
v 0.17419613 0.19863262 -0.96446918
v 0.21628182 0.24662215 -0.94466909
v 0.25740153 0.29351020 -0.92064989
v 0.29737163 0.33908736 -0.89251884
v 0.33601360 0.38315008 -0.86040158
v 0.37315485 0.42550155 -0.82444156
v 0.40862950 0.46595264 -0.78479939
v 0.44227910 0.50432266 -0.74165211
v 0.47395339 0.54044026 -0.69519243
v 0.50351088 0.57414412 -0.64562785
v 0.53081957 0.60528371 -0.59317974
v 0.55575749 0.63371996 -0.53808235
v 0.57821327 0.65932587 -0.48058176
v 0.59808660 0.68198706 -0.42093476
v 0.61528873 0.70160233 -0.35940777
v 0.62974283 0.71808408 -0.29627558
v 0.64138435 0.73135869 -0.23182015
v 0.65016130 0.74136687 -0.16632935
v 0.65603446 0.74806393 -0.10009569
v 0.65897761 0.75141995 -0.03341498
v 0.65897761 0.75141995 0.03341498
v 0.65603446 0.74806393 0.10009569
v 0.65016130 0.74136687 0.16632935
v 0.64138435 0.73135869 0.23182015
v 0.62974283 0.71808408 0.29627558
v 0.61528873 0.70160233 0.35940777
v 0.59808660 0.68198706 0.42093476
v 0.57821327 0.65932587 0.48058176
v 0.55575749 0.63371996 0.53808235
v 0.53081957 0.60528371 0.59317974
v 0.50351088 0.57414412 0.64562785
v 0.47395339 0.54044026 0.69519243
v 0.44227910 0.50432266 0.74165211
v 0.40862950 0.46595264 0.78479939
v 0.37315485 0.42550155 0.82444156
v 0.33601360 0.38315008 0.86040158
v 0.29737163 0.33908736 0.89251884
v 0.25740153 0.29351020 0.92064989
v 0.21628182 0.24662215 0.94466909
v 0.17419613 0.19863262 0.96446918
v 0.13133245 0.14975595 0.97996171
v 0.08788220 0.10021044 0.99107749
v 0.04403944 0.05021736 0.99776688
v 0.04066078 0.05299016 -0.99776688
v 0.08113996 0.10574365 -0.99107749
v 0.12125674 0.15802487 -0.97996171
v 0.16083197 0.20960030 -0.96446918
v 0.19968888 0.26023962 -0.94466909
v 0.23765393 0.30971664 -0.92064989
v 0.27455756 0.35781038 -0.89251884
v 0.31023496 0.40430607 -0.86040158
v 0.34452676 0.44899602 -0.82444156
v 0.37727983 0.49168064 -0.78479939
v 0.40834787 0.53216931 -0.74165211
v 0.43759213 0.57028117 -0.69519243
v 0.46488200 0.60584602 -0.64562785
v 0.49009560 0.63870502 -0.59317974
v 0.51312030 0.66871140 -0.53808235
v 0.53385329 0.69573115 -0.48058176
v 0.55220196 0.71964361 -0.42093476
v 0.56808436 0.74034195 -0.35940777
v 0.58142956 0.75773376 -0.29627558
v 0.59217795 0.77174134 -0.23182015
v 0.60028154 0.78230213 -0.16632935
v 0.60570412 0.78936897 -0.10009569
v 0.60842147 0.79291030 -0.03341498
v 0.60842147 0.79291030 0.03341498
v 0.60570412 0.78936897 0.10009569
v 0.60028154 0.78230213 0.16632935
v 0.59217795 0.77174134 0.23182015
v 0.58142956 0.75773376 0.29627558
v 0.56808436 0.74034195 0.35940777
v 0.55220196 0.71964361 0.42093476
v 0.53385329 0.69573115 0.48058176
v 0.51312030 0.66871140 0.53808235
v 0.49009560 0.63870502 0.59317974
v 0.46488200 0.60584602 0.64562785
v 0.43759213 0.57028117 0.69519243
v 0.40834787 0.53216931 0.74165211
v 0.37727983 0.49168064 0.78479939
v 0.34452676 0.44899602 0.82444156
v 0.31023496 0.40430607 0.86040158
v 0.27455756 0.35781038 0.89251884
v 0.23765393 0.30971664 0.92064989
v 0.19968888 0.26023962 0.94466909
v 0.16083197 0.20960030 0.96446918
v 0.12125674 0.15802487 0.97996171
v 0.08113996 0.10574365 0.99107749
v 0.04066078 0.05299016 0.99776688
v 0.03710800 0.05553605 -0.99776688
v 0.07405026 0.11082405 -0.99107749
v 0.11066180 0.16561709 -0.97996171
v 0.14677910 0.21967045 -0.96446918
v 0.18224085 0.27274270 -0.94466909
v 0.21688866 0.32459682 -0.92064989
v 0.25056780 0.37500121 -0.89251884
v 0.28312784 0.42373075 -0.86040158
v 0.31442336 0.47056781 -0.82444156
v 0.34431459 0.51530320 -0.78479939
v 0.37266803 0.55773712 -0.74165211
v 0.39935704 0.59768005 -0.69519243
v 0.42426243 0.63495360 -0.64562785
v 0.44727296 0.66939128 -0.59317974
v 0.46828586 0.70083931 -0.53808235
v 0.48720728 0.72915722 -0.48058176
v 0.50395271 0.75421853 -0.42093476
v 0.51844737 0.77591132 -0.35940777
v 0.53062652 0.79413870 -0.29627558
v 0.54043576 0.80881927 -0.23182015
v 0.54783128 0.81988745 -0.16632935
v 0.55278006 0.82729382 -0.10009569
v 0.55525998 0.83100529 -0.03341498
v 0.55525998 0.83100529 0.03341498
v 0.55278006 0.82729382 0.10009569
v 0.54783128 0.81988745 0.16632935
v 0.54043576 0.80881927 0.23182015
v 0.53062652 0.79413870 0.29627558
v 0.51844737 0.77591132 0.35940777
v 0.50395271 0.75421853 0.42093476
v 0.48720728 0.72915722 0.48058176
v 0.46828586 0.70083931 0.53808235
v 0.44727296 0.66939128 0.59317974
v 0.42426243 0.63495360 0.64562785
v 0.39935704 0.59768005 0.69519243
v 0.37266803 0.55773712 0.74165211
v 0.34431459 0.51530320 0.78479939
v 0.31442336 0.47056781 0.82444156
v 0.28312784 0.42373075 0.86040158
v 0.25056780 0.37500121 0.89251884
v 0.21688866 0.32459682 0.92064989
v 0.18224085 0.27274270 0.94466909
v 0.14677910 0.21967045 0.96446918
v 0.11066180 0.16561709 0.97996171
v 0.07405026 0.11082405 0.99107749
v 0.03710800 0.05553605 0.99776688
v 0.03339632 0.05784412 -0.99776688
v 0.06664348 0.11542989 -0.99107749
v 0.09959299 0.17250012 -0.97996171
v 0.13209770 0.22879993 -0.96446918
v 0.16401243 0.28407786 -0.94466909
v 0.19519464 0.33808703 -0.92064989
v 0.22550506 0.39058622 -0.89251884
v 0.25480832 0.44134096 -0.86040158
v 0.28297355 0.49012456 -0.82444156
v 0.30987494 0.53671915 -0.78479939
v 0.33539237 0.58091662 -0.74165211
v 0.35941184 0.62251957 -0.69519243
v 0.38182610 0.66134220 -0.64562785
v 0.40253503 0.69721112 -0.59317974
v 0.42144614 0.72996612 -0.53808235
v 0.43847496 0.75946092 -0.48058176
v 0.45354546 0.78556377 -0.42093476
v 0.46659031 0.80815812 -0.35940777
v 0.47755125 0.82714303 -0.29627558
v 0.48637933 0.84243371 -0.23182015
v 0.49303513 0.85396189 -0.16632935
v 0.49748891 0.86167606 -0.10009569
v 0.49972078 0.86554178 -0.03341498
v 0.49972078 0.86554178 0.03341498
v 0.49748891 0.86167606 0.10009569
v 0.49303513 0.85396189 0.16632935
v 0.48637933 0.84243371 0.23182015
v 0.47755125 0.82714303 0.29627558
v 0.46659031 0.80815812 0.35940777
v 0.45354546 0.78556377 0.42093476
v 0.43847496 0.75946092 0.48058176
v 0.42144614 0.72996612 0.53808235
v 0.40253503 0.69721112 0.59317974
v 0.38182610 0.66134220 0.64562785
v 0.35941184 0.62251957 0.69519243
v 0.33539237 0.58091662 0.74165211
v 0.30987494 0.53671915 0.78479939
v 0.28297355 0.49012456 0.82444156
v 0.25480832 0.44134096 0.86040158
v 0.22550506 0.39058622 0.89251884
v 0.19519464 0.33808703 0.92064989
v 0.16401243 0.28407786 0.94466909
v 0.13209770 0.22879993 0.96446918
v 0.09959299 0.17250012 0.97996171
v 0.06664348 0.11542989 0.99107749
v 0.03339632 0.05784412 0.99776688
v 0.02954163 0.05990449 -0.99776688
v 0.05895131 0.11954144 -0.99107749
v 0.08809771 0.17864448 -0.97996171
v 0.11685064 0.23694965 -0.96446918
v 0.14508168 0.29419655 -0.94466909
v 0.17266476 0.35012950 -0.92064989
v 0.19947667 0.40449868 -0.89251884
v 0.22539768 0.45706128 -0.86040158
v 0.25031200 0.50758252 -0.82444156
v 0.27410837 0.55583678 -0.78479939
v 0.29668050 0.60160854 -0.74165211
v 0.31792759 0.64469337 -0.69519243
v 0.33775473 0.68489884 -0.64562785
v 0.35607338 0.72204539 -0.59317974
v 0.37280172 0.75596710 -0.53808235
v 0.38786504 0.78651249 -0.48058176
v 0.40119605 0.81354511 -0.42093476
v 0.41273523 0.83694425 -0.35940777
v 0.42243103 0.85660540 -0.29627558
v 0.43024016 0.87244073 -0.23182015
v 0.43612772 0.88437953 -0.16632935
v 0.44006743 0.89236848 -0.10009569
v 0.44204170 0.89637190 -0.03341498
v 0.44204170 0.89637190 0.03341498
v 0.44006743 0.89236848 0.10009569
v 0.43612772 0.88437953 0.16632935
v 0.43024016 0.87244073 0.23182015
v 0.42243103 0.85660540 0.29627558
v 0.41273523 0.83694425 0.35940777
v 0.40119605 0.81354511 0.42093476
v 0.38786504 0.78651249 0.48058176
v 0.37280172 0.75596710 0.53808235
v 0.35607338 0.72204539 0.59317974
v 0.33775473 0.68489884 0.64562785
v 0.31792759 0.64469337 0.69519243
v 0.29668050 0.60160854 0.74165211
v 0.27410837 0.55583678 0.78479939
v 0.25031200 0.50758252 0.82444156
v 0.22539768 0.45706128 0.86040158
v 0.19947667 0.40449868 0.89251884
v 0.17266476 0.35012950 0.92064989
v 0.14508168 0.29419655 0.94466909
v 0.11685064 0.23694965 0.96446918
v 0.08809771 0.17864448 0.97996171
v 0.05895131 0.11954144 0.99107749
v 0.02954163 0.05990449 0.99776688
v 0.02556043 0.06170835 -0.99776688
v 0.05100671 0.12314109 -0.99107749
v 0.07622518 0.18402385 -0.97996171
v 0.10110320 0.24408472 -0.96446918
v 0.12552968 0.30305545 -0.94466909
v 0.14939551 0.36067266 -0.92064989
v 0.17259410 0.41667902 -0.89251884
v 0.19502185 0.47082439 -0.86040158
v 0.21657858 0.52286694 -0.82444156
v 0.23716801 0.57257424 -0.78479939
v 0.25669820 0.61972428 -0.74165211
v 0.27508191 0.66410649 -0.69519243
v 0.29223704 0.70552263 -0.64562785
v 0.30808697 0.74378774 -0.59317974
v 0.32256091 0.77873092 -0.53808235
v 0.33559421 0.81019609 -0.48058176
v 0.34712866 0.83804273 -0.42093476
v 0.35711276 0.86214647 -0.35940777
v 0.36550190 0.88239965 -0.29627558
v 0.37225862 0.89871182 -0.23182015
v 0.37735275 0.91101013 -0.16632935
v 0.38076153 0.91923964 -0.10009569
v 0.38246973 0.92336360 -0.03341498
v 0.38246973 0.92336360 0.03341498
v 0.38076153 0.91923964 0.10009569
v 0.37735275 0.91101013 0.16632935
v 0.37225862 0.89871182 0.23182015
v 0.36550190 0.88239965 0.29627558
v 0.35711276 0.86214647 0.35940777
v 0.34712866 0.83804273 0.42093476
v 0.33559421 0.81019609 0.48058176
v 0.32256091 0.77873092 0.53808235
v 0.30808697 0.74378774 0.59317974
v 0.29223704 0.70552263 0.64562785
v 0.27508191 0.66410649 0.69519243
v 0.25669820 0.61972428 0.74165211
v 0.23716801 0.57257424 0.78479939
v 0.21657858 0.52286694 0.82444156
v 0.19502185 0.47082439 0.86040158
v 0.17259410 0.41667902 0.89251884
v 0.14939551 0.36067266 0.92064989
v 0.12552968 0.30305545 0.94466909
v 0.10110320 0.24408472 0.96446918
v 0.07622518 0.18402385 0.97996171
v 0.05100671 0.12314109 0.99107749
v 0.02556043 0.06170835 0.99776688
v 0.02146979 0.06324796 -0.99776688
v 0.04284369 0.12621343 -0.99107749
v 0.06402624 0.18861521 -0.97996171
v 0.08492283 0.25017459 -0.96446918
v 0.10544013 0.31061662 -0.94466909
v 0.12548652 0.36967137 -0.92064989
v 0.14497245 0.42707507 -0.89251884
v 0.16381090 0.48257135 -0.86040158
v 0.18191773 0.53591236 -0.82444156
v 0.19921207 0.58685984 -0.78479939
v 0.21561668 0.63518627 -0.74165211
v 0.23105830 0.68067580 -0.69519243
v 0.24546795 0.72312527 -0.64562785
v 0.25878129 0.76234509 -0.59317974
v 0.27093884 0.79816009 -0.53808235
v 0.28188632 0.83041031 -0.48058176
v 0.29157482 0.85895172 -0.42093476
v 0.29996108 0.88365684 -0.35940777
v 0.30700764 0.90441533 -0.29627558
v 0.31268302 0.92113449 -0.23182015
v 0.31696190 0.93373963 -0.16632935
v 0.31982514 0.94217447 -0.10009569
v 0.32125996 0.94640133 -0.03341498
v 0.32125996 0.94640133 0.03341498
v 0.31982514 0.94217447 0.10009569
v 0.31696190 0.93373963 0.16632935
v 0.31268302 0.92113449 0.23182015
v 0.30700764 0.90441533 0.29627558
v 0.29996108 0.88365684 0.35940777
v 0.29157482 0.85895172 0.42093476
v 0.28188632 0.83041031 0.48058176
v 0.27093884 0.79816009 0.53808235
v 0.25878129 0.76234509 0.59317974
v 0.24546795 0.72312527 0.64562785
v 0.23105830 0.68067580 0.69519243
v 0.21561668 0.63518627 0.74165211
v 0.19921207 0.58685984 0.78479939
v 0.18191773 0.53591236 0.82444156
v 0.16381090 0.48257135 0.86040158
v 0.14497245 0.42707507 0.89251884
v 0.12548652 0.36967137 0.92064989
v 0.10544013 0.31061662 0.94466909
v 0.08492283 0.25017459 0.96446918
v 0.06402624 0.18861521 0.97996171
v 0.04284369 0.12621343 0.99107749
v 0.02146979 0.06324796 0.99776688
v 0.01728721 0.06451673 -0.99776688
v 0.03449720 0.12874531 -0.99107749
v 0.05155313 0.19239889 -0.97996171
v 0.06837880 0.25519316 -0.96446918
v 0.08489908 0.31684768 -0.94466909
v 0.10104018 0.37708708 -0.92064989
v 0.11673001 0.43564232 -0.89251884
v 0.13189849 0.49225188 -0.86040158
v 0.14647789 0.54666291 -0.82444156
v 0.16040307 0.59863242 -0.78479939
v 0.17361186 0.64792829 -0.74165211
v 0.18604526 0.69433036 -0.69519243
v 0.19764773 0.73763138 -0.64562785
v 0.20836746 0.77763796 -0.59317974
v 0.21815657 0.81417141 -0.53808235
v 0.22697134 0.84706858 -0.48058176
v 0.23477240 0.87618254 -0.42093476
v 0.24152491 0.90138325 -0.35940777
v 0.24719872 0.92255817 -0.29627558
v 0.25176847 0.93961272 -0.23182015
v 0.25521376 0.95247072 -0.16632935
v 0.25751921 0.96107477 -0.10009569
v 0.25867451 0.96538642 -0.03341498
v 0.25867451 0.96538642 0.03341498
v 0.25751921 0.96107477 0.10009569
v 0.25521376 0.95247072 0.16632935
v 0.25176847 0.93961272 0.23182015
v 0.24719872 0.92255817 0.29627558
v 0.24152491 0.90138325 0.35940777
v 0.23477240 0.87618254 0.42093476
v 0.22697134 0.84706858 0.48058176
v 0.21815657 0.81417141 0.53808235
v 0.20836746 0.77763796 0.59317974
v 0.19764773 0.73763138 0.64562785
v 0.18604526 0.69433036 0.69519243
v 0.17361186 0.64792829 0.74165211
v 0.16040307 0.59863242 0.78479939
v 0.14647789 0.54666291 0.82444156
v 0.13189849 0.49225188 0.86040158
v 0.11673001 0.43564232 0.89251884
v 0.10104018 0.37708708 0.92064989
v 0.08489908 0.31684768 0.94466909
v 0.06837880 0.25519316 0.96446918
v 0.05155313 0.19239889 0.97996171
v 0.03449720 0.12874531 0.99107749
v 0.01728721 0.06451673 0.99776688
v 0.01303060 0.06550923 -0.99776688
v 0.02600300 0.13072588 -0.99107749
v 0.03885926 0.19535868 -0.97996171
v 0.05154197 0.25911896 -0.96446918
v 0.06399448 0.32172195 -0.94466909
v 0.07616117 0.38288805 -0.92064989
v 0.08798771 0.44234409 -0.89251884
v 0.09942127 0.49982450 -0.86040158
v 0.11041080 0.55507258 -0.82444156
v 0.12090721 0.60784157 -0.78479939
v 0.13086361 0.65789579 -0.74165211
v 0.14023554 0.70501169 -0.69519243
v 0.14898115 0.74897883 -0.64562785
v 0.15706138 0.78960086 -0.59317974
v 0.16444012 0.82669633 -0.53808235
v 0.17108444 0.86009958 -0.48058176
v 0.17696466 0.88966142 -0.42093476
v 0.18205451 0.91524981 -0.35940777
v 0.18633125 0.93675047 -0.29627558
v 0.18977580 0.95406738 -0.23182015
v 0.19237276 0.96712319 -0.16632935
v 0.19411054 0.97585960 -0.10009569
v 0.19498138 0.98023757 -0.03341498
v 0.19498138 0.98023757 0.03341498
v 0.19411054 0.97585960 0.10009569
v 0.19237276 0.96712319 0.16632935
v 0.18977580 0.95406738 0.23182015
v 0.18633125 0.93675047 0.29627558
v 0.18205451 0.91524981 0.35940777
v 0.17696466 0.88966142 0.42093476
v 0.17108444 0.86009958 0.48058176
v 0.16444012 0.82669633 0.53808235
v 0.15706138 0.78960086 0.59317974
v 0.14898115 0.74897883 0.64562785
v 0.14023554 0.70501169 0.69519243
v 0.13086361 0.65789579 0.74165211
v 0.12090721 0.60784157 0.78479939
v 0.11041080 0.55507258 0.82444156
v 0.09942127 0.49982450 0.86040158
v 0.08798771 0.44234409 0.89251884
v 0.07616117 0.38288805 0.92064989
v 0.06399448 0.32172195 0.94466909
v 0.05154197 0.25911896 0.96446918
v 0.03885926 0.19535868 0.97996171
v 0.02600300 0.13072588 0.99107749
v 0.01303060 0.06550923 0.99776688
v 0.00871819 0.06622121 -0.99776688
v 0.01739744 0.13214667 -0.99107749
v 0.02599899 0.19748192 -0.97996171
v 0.03448442 0.26193517 -0.96446918
v 0.04281584 0.32521856 -0.94466909
v 0.05095603 0.38704944 -0.92064989
v 0.05886863 0.44715167 -0.89251884
v 0.06651832 0.50525680 -0.86040158
v 0.07387092 0.56110534 -0.82444156
v 0.08089359 0.61444784 -0.78479939
v 0.08755498 0.66504607 -0.74165211
v 0.09382532 0.71267405 -0.69519243
v 0.09967661 0.75711905 -0.64562785
v 0.10508273 0.79818257 -0.59317974
v 0.11001952 0.83568121 -0.53808235
v 0.11446493 0.86944750 -0.48058176
v 0.11839912 0.89933063 -0.42093476
v 0.12180451 0.92519712 -0.35940777
v 0.12466589 0.94693146 -0.29627558
v 0.12697048 0.96443658 -0.23182015
v 0.12870800 0.97763429 -0.16632935
v 0.12987067 0.98646564 -0.10009569
v 0.13045330 0.99089120 -0.03341498
v 0.13045330 0.99089120 0.03341498
v 0.12987067 0.98646564 0.10009569
v 0.12870800 0.97763429 0.16632935
v 0.12697048 0.96443658 0.23182015
v 0.12466589 0.94693146 0.29627558
v 0.12180451 0.92519712 0.35940777
v 0.11839912 0.89933063 0.42093476
v 0.11446493 0.86944750 0.48058176
v 0.11001952 0.83568121 0.53808235
v 0.10508273 0.79818257 0.59317974
v 0.09967661 0.75711905 0.64562785
v 0.09382532 0.71267405 0.69519243
v 0.08755498 0.66504607 0.74165211
v 0.08089359 0.61444784 0.78479939
v 0.07387092 0.56110534 0.82444156
v 0.06651832 0.50525680 0.86040158
v 0.05886863 0.44715167 0.89251884
v 0.05095603 0.38704944 0.92064989
v 0.04281584 0.32521856 0.94466909
v 0.03448442 0.26193517 0.96446918
v 0.02599899 0.19748192 0.97996171
v 0.01739744 0.13214667 0.99107749
v 0.00871819 0.06622121 0.99776688
v 0.00436845 0.06664963 -0.99776688
v 0.00871738 0.13300158 -0.99107749
v 0.01302739 0.19875951 -0.97996171
v 0.01727921 0.26362974 -0.96446918
v 0.02145385 0.32732253 -0.94466909
v 0.02553268 0.38955342 -0.92064989
v 0.02949747 0.45004447 -0.89251884
v 0.03333052 0.50852551 -0.86040158
v 0.03701471 0.56473536 -0.82444156
v 0.04053358 0.61842296 -0.78479939
v 0.04387142 0.66934853 -0.74165211
v 0.04701332 0.71728463 -0.69519243
v 0.04994524 0.76201716 -0.64562785
v 0.05265410 0.80334634 -0.59317974
v 0.05512779 0.84108757 -0.53808235
v 0.05735527 0.87507231 -0.48058176
v 0.05932658 0.90514876 -0.42093476
v 0.06103293 0.93118260 -0.35940777
v 0.06246669 0.95305755 -0.29627558
v 0.06362146 0.97067591 -0.23182015
v 0.06449208 0.98395900 -0.16632935
v 0.06507466 0.99284749 -0.10009569
v 0.06536661 0.99730168 -0.03341498
v 0.06536661 0.99730168 0.03341498
v 0.06507466 0.99284749 0.10009569
v 0.06449208 0.98395900 0.16632935
v 0.06362146 0.97067591 0.23182015
v 0.06246669 0.95305755 0.29627558
v 0.06103293 0.93118260 0.35940777
v 0.05932658 0.90514876 0.42093476
v 0.05735527 0.87507231 0.48058176
v 0.05512779 0.84108757 0.53808235
v 0.05265410 0.80334634 0.59317974
v 0.04994524 0.76201716 0.64562785
v 0.04701332 0.71728463 0.69519243
v 0.04387142 0.66934853 0.74165211
v 0.04053358 0.61842296 0.78479939
v 0.03701471 0.56473536 0.82444156
v 0.03333052 0.50852551 0.86040158
v 0.02949747 0.45004447 0.89251884
v 0.02553268 0.38955342 0.92064989
v 0.02145385 0.32732253 0.94466909
v 0.01727921 0.26362974 0.96446918
v 0.01302739 0.19875951 0.97996171
v 0.00871738 0.13300158 0.99107749
v 0.00436845 0.06664963 0.99776688
v 0.00000000 0.06679263 -0.99776688
v 0.00000000 0.13328696 -0.99107749
v 0.00000000 0.19918599 -0.97996171
v 0.00000000 0.26419540 -0.96446918
v 0.00000000 0.32802486 -0.94466909
v 0.00000000 0.39038928 -0.92064989
v 0.00000000 0.45101012 -0.89251884
v 0.00000000 0.50961664 -0.86040158
v 0.00000000 0.56594709 -0.82444156
v 0.00000000 0.61974989 -0.78479939
v 0.00000000 0.67078473 -0.74165211
v 0.00000000 0.71882368 -0.69519243
v 0.00000000 0.76365220 -0.64562785
v 0.00000000 0.80507005 -0.59317974
v 0.00000000 0.84289227 -0.53808235
v 0.00000000 0.87694993 -0.48058176
v 0.00000000 0.90709091 -0.42093476
v 0.00000000 0.93318061 -0.35940777
v 0.00000000 0.95510250 -0.29627558
v 0.00000000 0.97275866 -0.23182015
v 0.00000000 0.98607025 -0.16632935
v 0.00000000 0.99497782 -0.10009569
v 0.00000000 0.99944156 -0.03341498
v 0.00000000 0.99944156 0.03341498
v 0.00000000 0.99497782 0.10009569
v 0.00000000 0.98607025 0.16632935
v 0.00000000 0.97275866 0.23182015
v 0.00000000 0.95510250 0.29627558
v 0.00000000 0.93318061 0.35940777
v 0.00000000 0.90709091 0.42093476
v 0.00000000 0.87694993 0.48058176
v 0.00000000 0.84289227 0.53808235
v 0.00000000 0.80507005 0.59317974
v 0.00000000 0.76365220 0.64562785
v 0.00000000 0.71882368 0.69519243
v 0.00000000 0.67078473 0.74165211
v 0.00000000 0.61974989 0.78479939
v 0.00000000 0.56594709 0.82444156
v 0.00000000 0.50961664 0.86040158
v 0.00000000 0.45101012 0.89251884
v 0.00000000 0.39038928 0.92064989
v 0.00000000 0.32802486 0.94466909
v 0.00000000 0.26419540 0.96446918
v 0.00000000 0.19918599 0.97996171
v 0.00000000 0.13328696 0.99107749
v 0.00000000 0.06679263 0.99776688
v -0.00436845 0.06664963 -0.99776688
v -0.00871738 0.13300158 -0.99107749
v -0.01302739 0.19875951 -0.97996171
v -0.01727921 0.26362974 -0.96446918
v -0.02145385 0.32732253 -0.94466909
v -0.02553268 0.38955342 -0.92064989
v -0.02949747 0.45004447 -0.89251884
v -0.03333052 0.50852551 -0.86040158
v -0.03701471 0.56473536 -0.82444156
v -0.04053358 0.61842296 -0.78479939
v -0.04387142 0.66934853 -0.74165211
v -0.04701332 0.71728463 -0.69519243
v -0.04994524 0.76201716 -0.64562785
v -0.05265410 0.80334634 -0.59317974
v -0.05512779 0.84108757 -0.53808235
v -0.05735527 0.87507231 -0.48058176
v -0.05932658 0.90514876 -0.42093476
v -0.06103293 0.93118260 -0.35940777
v -0.06246669 0.95305755 -0.29627558
v -0.06362146 0.97067591 -0.23182015
v -0.06449208 0.98395900 -0.16632935
v -0.06507466 0.99284749 -0.10009569
v -0.06536661 0.99730168 -0.03341498
v -0.06536661 0.99730168 0.03341498
v -0.06507466 0.99284749 0.10009569
v -0.06449208 0.98395900 0.16632935
v -0.06362146 0.97067591 0.23182015
v -0.06246669 0.95305755 0.29627558
v -0.06103293 0.93118260 0.35940777
v -0.05932658 0.90514876 0.42093476
v -0.05735527 0.87507231 0.48058176
v -0.05512779 0.84108757 0.53808235
v -0.05265410 0.80334634 0.59317974
v -0.04994524 0.76201716 0.64562785
v -0.04701332 0.71728463 0.69519243
v -0.04387142 0.66934853 0.74165211
v -0.04053358 0.61842296 0.78479939
v -0.03701471 0.56473536 0.82444156
v -0.03333052 0.50852551 0.86040158
v -0.02949747 0.45004447 0.89251884
v -0.02553268 0.38955342 0.92064989
v -0.02145385 0.32732253 0.94466909
v -0.01727921 0.26362974 0.96446918
v -0.01302739 0.19875951 0.97996171
v -0.00871738 0.13300158 0.99107749
v -0.00436845 0.06664963 0.99776688
v -0.00871819 0.06622121 -0.99776688
v -0.01739744 0.13214667 -0.99107749
v -0.02599899 0.19748192 -0.97996171
v -0.03448442 0.26193517 -0.96446918
v -0.04281584 0.32521856 -0.94466909
v -0.05095603 0.38704944 -0.92064989
v -0.05886863 0.44715167 -0.89251884
v -0.06651832 0.50525680 -0.86040158
v -0.07387092 0.56110534 -0.82444156
v -0.08089359 0.61444784 -0.78479939
v -0.08755498 0.66504607 -0.74165211
v -0.09382532 0.71267405 -0.69519243
v -0.09967661 0.75711905 -0.64562785
v -0.10508273 0.79818257 -0.59317974
v -0.11001952 0.83568121 -0.53808235
v -0.11446493 0.86944750 -0.48058176
v -0.11839912 0.89933063 -0.42093476
v -0.12180451 0.92519712 -0.35940777
v -0.12466589 0.94693146 -0.29627558
v -0.12697048 0.96443658 -0.23182015
v -0.12870800 0.97763429 -0.16632935
v -0.12987067 0.98646564 -0.10009569
v -0.13045330 0.99089120 -0.03341498
v -0.13045330 0.99089120 0.03341498
v -0.12987067 0.98646564 0.10009569
v -0.12870800 0.97763429 0.16632935
v -0.12697048 0.96443658 0.23182015
v -0.12466589 0.94693146 0.29627558
v -0.12180451 0.92519712 0.35940777
v -0.11839912 0.89933063 0.42093476
v -0.11446493 0.86944750 0.48058176
v -0.11001952 0.83568121 0.53808235
v -0.10508273 0.79818257 0.59317974
v -0.09967661 0.75711905 0.64562785
v -0.09382532 0.71267405 0.69519243
v -0.08755498 0.66504607 0.74165211
v -0.08089359 0.61444784 0.78479939
v -0.07387092 0.56110534 0.82444156
v -0.06651832 0.50525680 0.86040158
v -0.05886863 0.44715167 0.89251884
v -0.05095603 0.38704944 0.92064989
v -0.04281584 0.32521856 0.94466909
v -0.03448442 0.26193517 0.96446918
v -0.02599899 0.19748192 0.97996171
v -0.01739744 0.13214667 0.99107749
v -0.00871819 0.06622121 0.99776688
v -0.01303060 0.06550923 -0.99776688
v -0.02600300 0.13072588 -0.99107749
v -0.03885926 0.19535868 -0.97996171
v -0.05154197 0.25911896 -0.96446918
v -0.06399448 0.32172195 -0.94466909
v -0.07616117 0.38288805 -0.92064989
v -0.08798771 0.44234409 -0.89251884
v -0.09942127 0.49982450 -0.86040158
v -0.11041080 0.55507258 -0.82444156
v -0.12090721 0.60784157 -0.78479939
v -0.13086361 0.65789579 -0.74165211
v -0.14023554 0.70501169 -0.69519243
v -0.14898115 0.74897883 -0.64562785
v -0.15706138 0.78960086 -0.59317974
v -0.16444012 0.82669633 -0.53808235
v -0.17108444 0.86009958 -0.48058176
v -0.17696466 0.88966142 -0.42093476
v -0.18205451 0.91524981 -0.35940777
v -0.18633125 0.93675047 -0.29627558
v -0.18977580 0.95406738 -0.23182015
v -0.19237276 0.96712319 -0.16632935
v -0.19411054 0.97585960 -0.10009569
v -0.19498138 0.98023757 -0.03341498
v -0.19498138 0.98023757 0.03341498
v -0.19411054 0.97585960 0.10009569
v -0.19237276 0.96712319 0.16632935
v -0.18977580 0.95406738 0.23182015
v -0.18633125 0.93675047 0.29627558
v -0.18205451 0.91524981 0.35940777
v -0.17696466 0.88966142 0.42093476
v -0.17108444 0.86009958 0.48058176
v -0.16444012 0.82669633 0.53808235
v -0.15706138 0.78960086 0.59317974
v -0.14898115 0.74897883 0.64562785
v -0.14023554 0.70501169 0.69519243
v -0.13086361 0.65789579 0.74165211
v -0.12090721 0.60784157 0.78479939
v -0.11041080 0.55507258 0.82444156
v -0.09942127 0.49982450 0.86040158
v -0.08798771 0.44234409 0.89251884
v -0.07616117 0.38288805 0.92064989
v -0.06399448 0.32172195 0.94466909
v -0.05154197 0.25911896 0.96446918
v -0.03885926 0.19535868 0.97996171
v -0.02600300 0.13072588 0.99107749
v -0.01303060 0.06550923 0.99776688
v -0.01728721 0.06451673 -0.99776688
v -0.03449720 0.12874531 -0.99107749
v -0.05155313 0.19239889 -0.97996171
v -0.06837880 0.25519316 -0.96446918
v -0.08489908 0.31684768 -0.94466909
v -0.10104018 0.37708708 -0.92064989
v -0.11673001 0.43564232 -0.89251884
v -0.13189849 0.49225188 -0.86040158
v -0.14647789 0.54666291 -0.82444156
v -0.16040307 0.59863242 -0.78479939
v -0.17361186 0.64792829 -0.74165211
v -0.18604526 0.69433036 -0.69519243
v -0.19764773 0.73763138 -0.64562785
v -0.20836746 0.77763796 -0.59317974
v -0.21815657 0.81417141 -0.53808235
v -0.22697134 0.84706858 -0.48058176
v -0.23477240 0.87618254 -0.42093476
v -0.24152491 0.90138325 -0.35940777
v -0.24719872 0.92255817 -0.29627558
v -0.25176847 0.93961272 -0.23182015
v -0.25521376 0.95247072 -0.16632935
v -0.25751921 0.96107477 -0.10009569
v -0.25867451 0.96538642 -0.03341498
v -0.25867451 0.96538642 0.03341498
v -0.25751921 0.96107477 0.10009569
v -0.25521376 0.95247072 0.16632935
v -0.25176847 0.93961272 0.23182015
v -0.24719872 0.92255817 0.29627558
v -0.24152491 0.90138325 0.35940777
v -0.23477240 0.87618254 0.42093476
v -0.22697134 0.84706858 0.48058176
v -0.21815657 0.81417141 0.53808235
v -0.20836746 0.77763796 0.59317974
v -0.19764773 0.73763138 0.64562785
v -0.18604526 0.69433036 0.69519243
v -0.17361186 0.64792829 0.74165211
v -0.16040307 0.59863242 0.78479939
v -0.14647789 0.54666291 0.82444156
v -0.13189849 0.49225188 0.86040158
v -0.11673001 0.43564232 0.89251884
v -0.10104018 0.37708708 0.92064989
v -0.08489908 0.31684768 0.94466909
v -0.06837880 0.25519316 0.96446918
v -0.05155313 0.19239889 0.97996171
v -0.03449720 0.12874531 0.99107749
v -0.01728721 0.06451673 0.99776688
v -0.02146979 0.06324796 -0.99776688
v -0.04284369 0.12621343 -0.99107749
v -0.06402624 0.18861521 -0.97996171
v -0.08492283 0.25017459 -0.96446918
v -0.10544013 0.31061662 -0.94466909
v -0.12548652 0.36967137 -0.92064989
v -0.14497245 0.42707507 -0.89251884
v -0.16381090 0.48257135 -0.86040158
v -0.18191773 0.53591236 -0.82444156
v -0.19921207 0.58685984 -0.78479939
v -0.21561668 0.63518627 -0.74165211
v -0.23105830 0.68067580 -0.69519243
v -0.24546795 0.72312527 -0.64562785
v -0.25878129 0.76234509 -0.59317974
v -0.27093884 0.79816009 -0.53808235
v -0.28188632 0.83041031 -0.48058176
v -0.29157482 0.85895172 -0.42093476
v -0.29996108 0.88365684 -0.35940777
v -0.30700764 0.90441533 -0.29627558
v -0.31268302 0.92113449 -0.23182015
v -0.31696190 0.93373963 -0.16632935
v -0.31982514 0.94217447 -0.10009569
v -0.32125996 0.94640133 -0.03341498
v -0.32125996 0.94640133 0.03341498
v -0.31982514 0.94217447 0.10009569
v -0.31696190 0.93373963 0.16632935
v -0.31268302 0.92113449 0.23182015
v -0.30700764 0.90441533 0.29627558
v -0.29996108 0.88365684 0.35940777
v -0.29157482 0.85895172 0.42093476
v -0.28188632 0.83041031 0.48058176
v -0.27093884 0.79816009 0.53808235
v -0.25878129 0.76234509 0.59317974
v -0.24546795 0.72312527 0.64562785
v -0.23105830 0.68067580 0.69519243
v -0.21561668 0.63518627 0.74165211
v -0.19921207 0.58685984 0.78479939
v -0.18191773 0.53591236 0.82444156
v -0.16381090 0.48257135 0.86040158
v -0.14497245 0.42707507 0.89251884
v -0.12548652 0.36967137 0.92064989
v -0.10544013 0.31061662 0.94466909
v -0.08492283 0.25017459 0.96446918
v -0.06402624 0.18861521 0.97996171
v -0.04284369 0.12621343 0.99107749
v -0.02146979 0.06324796 0.99776688
v -0.02556043 0.06170835 -0.99776688
v -0.05100671 0.12314109 -0.99107749
v -0.07622518 0.18402385 -0.97996171
v -0.10110320 0.24408472 -0.96446918
v -0.12552968 0.30305545 -0.94466909
v -0.14939551 0.36067266 -0.92064989
v -0.17259410 0.41667902 -0.89251884
v -0.19502185 0.47082439 -0.86040158
v -0.21657858 0.52286694 -0.82444156
v -0.23716801 0.57257424 -0.78479939
v -0.25669820 0.61972428 -0.74165211
v -0.27508191 0.66410649 -0.69519243
v -0.29223704 0.70552263 -0.64562785
v -0.30808697 0.74378774 -0.59317974
v -0.32256091 0.77873092 -0.53808235
v -0.33559421 0.81019609 -0.48058176
v -0.34712866 0.83804273 -0.42093476
v -0.35711276 0.86214647 -0.35940777
v -0.36550190 0.88239965 -0.29627558
v -0.37225862 0.89871182 -0.23182015
v -0.37735275 0.91101013 -0.16632935
v -0.38076153 0.91923964 -0.10009569
v -0.38246973 0.92336360 -0.03341498
v -0.38246973 0.92336360 0.03341498
v -0.38076153 0.91923964 0.10009569
v -0.37735275 0.91101013 0.16632935
v -0.37225862 0.89871182 0.23182015
v -0.36550190 0.88239965 0.29627558
v -0.35711276 0.86214647 0.35940777
v -0.34712866 0.83804273 0.42093476
v -0.33559421 0.81019609 0.48058176
v -0.32256091 0.77873092 0.53808235
v -0.30808697 0.74378774 0.59317974
v -0.29223704 0.70552263 0.64562785
v -0.27508191 0.66410649 0.69519243
v -0.25669820 0.61972428 0.74165211
v -0.23716801 0.57257424 0.78479939
v -0.21657858 0.52286694 0.82444156
v -0.19502185 0.47082439 0.86040158
v -0.17259410 0.41667902 0.89251884
v -0.14939551 0.36067266 0.92064989
v -0.12552968 0.30305545 0.94466909
v -0.10110320 0.24408472 0.96446918
v -0.07622518 0.18402385 0.97996171
v -0.05100671 0.12314109 0.99107749
v -0.02556043 0.06170835 0.99776688
v -0.02954163 0.05990449 -0.99776688
v -0.05895131 0.11954144 -0.99107749
v -0.08809771 0.17864448 -0.97996171
v -0.11685064 0.23694965 -0.96446918
v -0.14508168 0.29419655 -0.94466909
v -0.17266476 0.35012950 -0.92064989
v -0.19947667 0.40449868 -0.89251884
v -0.22539768 0.45706128 -0.86040158
v -0.25031200 0.50758252 -0.82444156
v -0.27410837 0.55583678 -0.78479939
v -0.29668050 0.60160854 -0.74165211
v -0.31792759 0.64469337 -0.69519243
v -0.33775473 0.68489884 -0.64562785
v -0.35607338 0.72204539 -0.59317974
v -0.37280172 0.75596710 -0.53808235
v -0.38786504 0.78651249 -0.48058176
v -0.40119605 0.81354511 -0.42093476
v -0.41273523 0.83694425 -0.35940777
v -0.42243103 0.85660540 -0.29627558
v -0.43024016 0.87244073 -0.23182015
v -0.43612772 0.88437953 -0.16632935
v -0.44006743 0.89236848 -0.10009569
v -0.44204170 0.89637190 -0.03341498
v -0.44204170 0.89637190 0.03341498
v -0.44006743 0.89236848 0.10009569
v -0.43612772 0.88437953 0.16632935
v -0.43024016 0.87244073 0.23182015
v -0.42243103 0.85660540 0.29627558
v -0.41273523 0.83694425 0.35940777
v -0.40119605 0.81354511 0.42093476
v -0.38786504 0.78651249 0.48058176
v -0.37280172 0.75596710 0.53808235
v -0.35607338 0.72204539 0.59317974
v -0.33775473 0.68489884 0.64562785
v -0.31792759 0.64469337 0.69519243
v -0.29668050 0.60160854 0.74165211
v -0.27410837 0.55583678 0.78479939
v -0.25031200 0.50758252 0.82444156
v -0.22539768 0.45706128 0.86040158
v -0.19947667 0.40449868 0.89251884
v -0.17266476 0.35012950 0.92064989
v -0.14508168 0.29419655 0.94466909
v -0.11685064 0.23694965 0.96446918
v -0.08809771 0.17864448 0.97996171
v -0.05895131 0.11954144 0.99107749
v -0.02954163 0.05990449 0.99776688
v -0.03339632 0.05784412 -0.99776688
v -0.06664348 0.11542989 -0.99107749
v -0.09959299 0.17250012 -0.97996171
v -0.13209770 0.22879993 -0.96446918
v -0.16401243 0.28407786 -0.94466909
v -0.19519464 0.33808703 -0.92064989
v -0.22550506 0.39058622 -0.89251884
v -0.25480832 0.44134096 -0.86040158
v -0.28297355 0.49012456 -0.82444156
v -0.30987494 0.53671915 -0.78479939
v -0.33539237 0.58091662 -0.74165211
v -0.35941184 0.62251957 -0.69519243
v -0.38182610 0.66134220 -0.64562785
v -0.40253503 0.69721112 -0.59317974
v -0.42144614 0.72996612 -0.53808235
v -0.43847496 0.75946092 -0.48058176
v -0.45354546 0.78556377 -0.42093476
v -0.46659031 0.80815812 -0.35940777
v -0.47755125 0.82714303 -0.29627558
v -0.48637933 0.84243371 -0.23182015
v -0.49303513 0.85396189 -0.16632935
v -0.49748891 0.86167606 -0.10009569
v -0.49972078 0.86554178 -0.03341498
v -0.49972078 0.86554178 0.03341498
v -0.49748891 0.86167606 0.10009569
v -0.49303513 0.85396189 0.16632935
v -0.48637933 0.84243371 0.23182015
v -0.47755125 0.82714303 0.29627558
v -0.46659031 0.80815812 0.35940777
v -0.45354546 0.78556377 0.42093476
v -0.43847496 0.75946092 0.48058176
v -0.42144614 0.72996612 0.53808235
v -0.40253503 0.69721112 0.59317974
v -0.38182610 0.66134220 0.64562785
v -0.35941184 0.62251957 0.69519243
v -0.33539237 0.58091662 0.74165211
v -0.30987494 0.53671915 0.78479939
v -0.28297355 0.49012456 0.82444156
v -0.25480832 0.44134096 0.86040158
v -0.22550506 0.39058622 0.89251884
v -0.19519464 0.33808703 0.92064989
v -0.16401243 0.28407786 0.94466909
v -0.13209770 0.22879993 0.96446918
v -0.09959299 0.17250012 0.97996171
v -0.06664348 0.11542989 0.99107749
v -0.03339632 0.05784412 0.99776688
v -0.03710800 0.05553605 -0.99776688
v -0.07405026 0.11082405 -0.99107749
v -0.11066180 0.16561709 -0.97996171
v -0.14677910 0.21967045 -0.96446918
v -0.18224085 0.27274270 -0.94466909
v -0.21688866 0.32459682 -0.92064989
v -0.25056780 0.37500121 -0.89251884
v -0.28312784 0.42373075 -0.86040158
v -0.31442336 0.47056781 -0.82444156
v -0.34431459 0.51530320 -0.78479939
v -0.37266803 0.55773712 -0.74165211
v -0.39935704 0.59768005 -0.69519243
v -0.42426243 0.63495360 -0.64562785
v -0.44727296 0.66939128 -0.59317974
v -0.46828586 0.70083931 -0.53808235
v -0.48720728 0.72915722 -0.48058176
v -0.50395271 0.75421853 -0.42093476
v -0.51844737 0.77591132 -0.35940777
v -0.53062652 0.79413870 -0.29627558
v -0.54043576 0.80881927 -0.23182015
v -0.54783128 0.81988745 -0.16632935
v -0.55278006 0.82729382 -0.10009569
v -0.55525998 0.83100529 -0.03341498
v -0.55525998 0.83100529 0.03341498
v -0.55278006 0.82729382 0.10009569
v -0.54783128 0.81988745 0.16632935
v -0.54043576 0.80881927 0.23182015
v -0.53062652 0.79413870 0.29627558
v -0.51844737 0.77591132 0.35940777
v -0.50395271 0.75421853 0.42093476
v -0.48720728 0.72915722 0.48058176
v -0.46828586 0.70083931 0.53808235
v -0.44727296 0.66939128 0.59317974
v -0.42426243 0.63495360 0.64562785
v -0.39935704 0.59768005 0.69519243
v -0.37266803 0.55773712 0.74165211
v -0.34431459 0.51530320 0.78479939
v -0.31442336 0.47056781 0.82444156
v -0.28312784 0.42373075 0.86040158
v -0.25056780 0.37500121 0.89251884
v -0.21688866 0.32459682 0.92064989
v -0.18224085 0.27274270 0.94466909
v -0.14677910 0.21967045 0.96446918
v -0.11066180 0.16561709 0.97996171
v -0.07405026 0.11082405 0.99107749
v -0.03710800 0.05553605 0.99776688
v -0.04066078 0.05299016 -0.99776688
v -0.08113996 0.10574365 -0.99107749
v -0.12125674 0.15802487 -0.97996171
v -0.16083197 0.20960030 -0.96446918
v -0.19968888 0.26023962 -0.94466909
v -0.23765393 0.30971664 -0.92064989
v -0.27455756 0.35781038 -0.89251884
v -0.31023496 0.40430607 -0.86040158
v -0.34452676 0.44899602 -0.82444156
v -0.37727983 0.49168064 -0.78479939
v -0.40834787 0.53216931 -0.74165211
v -0.43759213 0.57028117 -0.69519243
v -0.46488200 0.60584602 -0.64562785
v -0.49009560 0.63870502 -0.59317974
v -0.51312030 0.66871140 -0.53808235
v -0.53385329 0.69573115 -0.48058176
v -0.55220196 0.71964361 -0.42093476
v -0.56808436 0.74034195 -0.35940777
v -0.58142956 0.75773376 -0.29627558
v -0.59217795 0.77174134 -0.23182015
v -0.60028154 0.78230213 -0.16632935
v -0.60570412 0.78936897 -0.10009569
v -0.60842147 0.79291030 -0.03341498
v -0.60842147 0.79291030 0.03341498
v -0.60570412 0.78936897 0.10009569
v -0.60028154 0.78230213 0.16632935
v -0.59217795 0.77174134 0.23182015
v -0.58142956 0.75773376 0.29627558
v -0.56808436 0.74034195 0.35940777
v -0.55220196 0.71964361 0.42093476
v -0.53385329 0.69573115 0.48058176
v -0.51312030 0.66871140 0.53808235
v -0.49009560 0.63870502 0.59317974
v -0.46488200 0.60584602 0.64562785
v -0.43759213 0.57028117 0.69519243
v -0.40834787 0.53216931 0.74165211
v -0.37727983 0.49168064 0.78479939
v -0.34452676 0.44899602 0.82444156
v -0.31023496 0.40430607 0.86040158
v -0.27455756 0.35781038 0.89251884
v -0.23765393 0.30971664 0.92064989
v -0.19968888 0.26023962 0.94466909
v -0.16083197 0.20960030 0.96446918
v -0.12125674 0.15802487 0.97996171
v -0.08113996 0.10574365 0.99107749
v -0.04066078 0.05299016 0.99776688
v -0.04403944 0.05021736 -0.99776688
v -0.08788220 0.10021044 -0.99107749
v -0.13133245 0.14975595 -0.97996171
v -0.17419613 0.19863262 -0.96446918
v -0.21628182 0.24662215 -0.94466909
v -0.25740153 0.29351020 -0.92064989
v -0.29737163 0.33908736 -0.89251884
v -0.33601360 0.38315008 -0.86040158
v -0.37315485 0.42550155 -0.82444156
v -0.40862950 0.46595264 -0.78479939
v -0.44227910 0.50432266 -0.74165211
v -0.47395339 0.54044026 -0.69519243
v -0.50351088 0.57414412 -0.64562785
v -0.53081957 0.60528371 -0.59317974
v -0.55575749 0.63371996 -0.53808235
v -0.57821327 0.65932587 -0.48058176
v -0.59808660 0.68198706 -0.42093476
v -0.61528873 0.70160233 -0.35940777
v -0.62974283 0.71808408 -0.29627558
v -0.64138435 0.73135869 -0.23182015
v -0.65016130 0.74136687 -0.16632935
v -0.65603446 0.74806393 -0.10009569
v -0.65897761 0.75141995 -0.03341498
v -0.65897761 0.75141995 0.03341498
v -0.65603446 0.74806393 0.10009569
v -0.65016130 0.74136687 0.16632935
v -0.64138435 0.73135869 0.23182015
v -0.62974283 0.71808408 0.29627558
v -0.61528873 0.70160233 0.35940777
v -0.59808660 0.68198706 0.42093476
v -0.57821327 0.65932587 0.48058176
v -0.55575749 0.63371996 0.53808235
v -0.53081957 0.60528371 0.59317974
v -0.50351088 0.57414412 0.64562785
v -0.47395339 0.54044026 0.69519243
v -0.44227910 0.50432266 0.74165211
v -0.40862950 0.46595264 0.78479939
v -0.37315485 0.42550155 0.82444156
v -0.33601360 0.38315008 0.86040158
v -0.29737163 0.33908736 0.89251884
v -0.25740153 0.29351020 0.92064989
v -0.21628182 0.24662215 0.94466909
v -0.17419613 0.19863262 0.96446918
v -0.13133245 0.14975595 0.97996171
v -0.08788220 0.10021044 0.99107749
v -0.04403944 0.05021736 0.99776688
v -0.04722952 0.04722952 -0.99776688
v -0.09424811 0.09424811 -0.99107749
v -0.14084576 0.14084576 -0.97996171
v -0.18681436 0.18681436 -0.96446918
v -0.23194860 0.23194860 -0.94466909
v -0.27604690 0.27604690 -0.92064989
v -0.31891231 0.31891231 -0.89251884
v -0.36035338 0.36035338 -0.86040158
v -0.40018503 0.40018503 -0.82444156
v -0.43822935 0.43822935 -0.78479939
v -0.47431643 0.47431643 -0.74165211
v -0.50828510 0.50828510 -0.69519243
v -0.53998365 0.53998365 -0.64562785
v -0.56927049 0.56927049 -0.59317974
v -0.59601484 0.59601484 -0.53808235
v -0.62009724 0.62009724 -0.48058176
v -0.64141014 0.64141014 -0.42093476
v -0.65985834 0.65985834 -0.35940777
v -0.67535945 0.67535945 -0.29627558
v -0.68784425 0.68784425 -0.23182015
v -0.69725696 0.69725696 -0.16632935
v -0.70355556 0.70355556 -0.10009569
v -0.70671191 0.70671191 -0.03341498
v -0.70671191 0.70671191 0.03341498
v -0.70355556 0.70355556 0.10009569
v -0.69725696 0.69725696 0.16632935
v -0.68784425 0.68784425 0.23182015
v -0.67535945 0.67535945 0.29627558
v -0.65985834 0.65985834 0.35940777
v -0.64141014 0.64141014 0.42093476
v -0.62009724 0.62009724 0.48058176
v -0.59601484 0.59601484 0.53808235
v -0.56927049 0.56927049 0.59317974
v -0.53998365 0.53998365 0.64562785
v -0.50828510 0.50828510 0.69519243
v -0.47431643 0.47431643 0.74165211
v -0.43822935 0.43822935 0.78479939
v -0.40018503 0.40018503 0.82444156
v -0.36035338 0.36035338 0.86040158
v -0.31891231 0.31891231 0.89251884
v -0.27604690 0.27604690 0.92064989
v -0.23194860 0.23194860 0.94466909
v -0.18681436 0.18681436 0.96446918
v -0.14084576 0.14084576 0.97996171
v -0.09424811 0.09424811 0.99107749
v -0.04722952 0.04722952 0.99776688
v -0.05021736 0.04403944 -0.99776688
v -0.10021044 0.08788220 -0.99107749
v -0.14975595 0.13133245 -0.97996171
v -0.19863262 0.17419613 -0.96446918
v -0.24662215 0.21628182 -0.94466909
v -0.29351020 0.25740153 -0.92064989
v -0.33908736 0.29737163 -0.89251884
v -0.38315008 0.33601360 -0.86040158
v -0.42550155 0.37315485 -0.82444156
v -0.46595264 0.40862950 -0.78479939
v -0.50432266 0.44227910 -0.74165211
v -0.54044026 0.47395339 -0.69519243
v -0.57414412 0.50351088 -0.64562785
v -0.60528371 0.53081957 -0.59317974
v -0.63371996 0.55575749 -0.53808235
v -0.65932587 0.57821327 -0.48058176
v -0.68198706 0.59808660 -0.42093476
v -0.70160233 0.61528873 -0.35940777
v -0.71808408 0.62974283 -0.29627558
v -0.73135869 0.64138435 -0.23182015
v -0.74136687 0.65016130 -0.16632935
v -0.74806393 0.65603446 -0.10009569
v -0.75141995 0.65897761 -0.03341498
v -0.75141995 0.65897761 0.03341498
v -0.74806393 0.65603446 0.10009569
v -0.74136687 0.65016130 0.16632935
v -0.73135869 0.64138435 0.23182015
v -0.71808408 0.62974283 0.29627558
v -0.70160233 0.61528873 0.35940777
v -0.68198706 0.59808660 0.42093476
v -0.65932587 0.57821327 0.48058176
v -0.63371996 0.55575749 0.53808235
v -0.60528371 0.53081957 0.59317974
v -0.57414412 0.50351088 0.64562785
v -0.54044026 0.47395339 0.69519243
v -0.50432266 0.44227910 0.74165211
v -0.46595264 0.40862950 0.78479939
v -0.42550155 0.37315485 0.82444156
v -0.38315008 0.33601360 0.86040158
v -0.33908736 0.29737163 0.89251884
v -0.29351020 0.25740153 0.92064989
v -0.24662215 0.21628182 0.94466909
v -0.19863262 0.17419613 0.96446918
v -0.14975595 0.13133245 0.97996171
v -0.10021044 0.08788220 0.99107749
v -0.05021736 0.04403944 0.99776688
v -0.05299016 0.04066078 -0.99776688
v -0.10574365 0.08113996 -0.99107749
v -0.15802487 0.12125674 -0.97996171
v -0.20960030 0.16083197 -0.96446918
v -0.26023962 0.19968888 -0.94466909
v -0.30971664 0.23765393 -0.92064989
v -0.35781038 0.27455756 -0.89251884
v -0.40430607 0.31023496 -0.86040158
v -0.44899602 0.34452676 -0.82444156
v -0.49168064 0.37727983 -0.78479939
v -0.53216931 0.40834787 -0.74165211
v -0.57028117 0.43759213 -0.69519243
v -0.60584602 0.46488200 -0.64562785
v -0.63870502 0.49009560 -0.59317974
v -0.66871140 0.51312030 -0.53808235
v -0.69573115 0.53385329 -0.48058176
v -0.71964361 0.55220196 -0.42093476
v -0.74034195 0.56808436 -0.35940777
v -0.75773376 0.58142956 -0.29627558
v -0.77174134 0.59217795 -0.23182015
v -0.78230213 0.60028154 -0.16632935
v -0.78936897 0.60570412 -0.10009569
v -0.79291030 0.60842147 -0.03341498
v -0.79291030 0.60842147 0.03341498
v -0.78936897 0.60570412 0.10009569
v -0.78230213 0.60028154 0.16632935
v -0.77174134 0.59217795 0.23182015
v -0.75773376 0.58142956 0.29627558
v -0.74034195 0.56808436 0.35940777
v -0.71964361 0.55220196 0.42093476
v -0.69573115 0.53385329 0.48058176
v -0.66871140 0.51312030 0.53808235
v -0.63870502 0.49009560 0.59317974
v -0.60584602 0.46488200 0.64562785
v -0.57028117 0.43759213 0.69519243
v -0.53216931 0.40834787 0.74165211
v -0.49168064 0.37727983 0.78479939
v -0.44899602 0.34452676 0.82444156
v -0.40430607 0.31023496 0.86040158
v -0.35781038 0.27455756 0.89251884
v -0.30971664 0.23765393 0.92064989
v -0.26023962 0.19968888 0.94466909
v -0.20960030 0.16083197 0.96446918
v -0.15802487 0.12125674 0.97996171
v -0.10574365 0.08113996 0.99107749
v -0.05299016 0.04066078 0.99776688
v -0.05553605 0.03710800 -0.99776688
v -0.11082405 0.07405026 -0.99107749
v -0.16561709 0.11066180 -0.97996171
v -0.21967045 0.14677910 -0.96446918
v -0.27274270 0.18224085 -0.94466909
v -0.32459682 0.21688866 -0.92064989
v -0.37500121 0.25056780 -0.89251884
v -0.42373075 0.28312784 -0.86040158
v -0.47056781 0.31442336 -0.82444156
v -0.51530320 0.34431459 -0.78479939
v -0.55773712 0.37266803 -0.74165211
v -0.59768005 0.39935704 -0.69519243
v -0.63495360 0.42426243 -0.64562785
v -0.66939128 0.44727296 -0.59317974
v -0.70083931 0.46828586 -0.53808235
v -0.72915722 0.48720728 -0.48058176
v -0.75421853 0.50395271 -0.42093476
v -0.77591132 0.51844737 -0.35940777
v -0.79413870 0.53062652 -0.29627558
v -0.80881927 0.54043576 -0.23182015
v -0.81988745 0.54783128 -0.16632935
v -0.82729382 0.55278006 -0.10009569
v -0.83100529 0.55525998 -0.03341498
v -0.83100529 0.55525998 0.03341498
v -0.82729382 0.55278006 0.10009569
v -0.81988745 0.54783128 0.16632935
v -0.80881927 0.54043576 0.23182015
v -0.79413870 0.53062652 0.29627558
v -0.77591132 0.51844737 0.35940777
v -0.75421853 0.50395271 0.42093476
v -0.72915722 0.48720728 0.48058176
v -0.70083931 0.46828586 0.53808235
v -0.66939128 0.44727296 0.59317974
v -0.63495360 0.42426243 0.64562785
v -0.59768005 0.39935704 0.69519243
v -0.55773712 0.37266803 0.74165211
v -0.51530320 0.34431459 0.78479939
v -0.47056781 0.31442336 0.82444156
v -0.42373075 0.28312784 0.86040158
v -0.37500121 0.25056780 0.89251884
v -0.32459682 0.21688866 0.92064989
v -0.27274270 0.18224085 0.94466909
v -0.21967045 0.14677910 0.96446918
v -0.16561709 0.11066180 0.97996171
v -0.11082405 0.07405026 0.99107749
v -0.05553605 0.03710800 0.99776688
v -0.05784412 0.03339632 -0.99776688
v -0.11542989 0.06664348 -0.99107749
v -0.17250012 0.09959299 -0.97996171
v -0.22879993 0.13209770 -0.96446918
v -0.28407786 0.16401243 -0.94466909
v -0.33808703 0.19519464 -0.92064989
v -0.39058622 0.22550506 -0.89251884
v -0.44134096 0.25480832 -0.86040158
v -0.49012456 0.28297355 -0.82444156
v -0.53671915 0.30987494 -0.78479939
v -0.58091662 0.33539237 -0.74165211
v -0.62251957 0.35941184 -0.69519243
v -0.66134220 0.38182610 -0.64562785
v -0.69721112 0.40253503 -0.59317974
v -0.72996612 0.42144614 -0.53808235
v -0.75946092 0.43847496 -0.48058176
v -0.78556377 0.45354546 -0.42093476
v -0.80815812 0.46659031 -0.35940777
v -0.82714303 0.47755125 -0.29627558
v -0.84243371 0.48637933 -0.23182015
v -0.85396189 0.49303513 -0.16632935
v -0.86167606 0.49748891 -0.10009569
v -0.86554178 0.49972078 -0.03341498
v -0.86554178 0.49972078 0.03341498
v -0.86167606 0.49748891 0.10009569
v -0.85396189 0.49303513 0.16632935
v -0.84243371 0.48637933 0.23182015
v -0.82714303 0.47755125 0.29627558
v -0.80815812 0.46659031 0.35940777
v -0.78556377 0.45354546 0.42093476
v -0.75946092 0.43847496 0.48058176
v -0.72996612 0.42144614 0.53808235
v -0.69721112 0.40253503 0.59317974
v -0.66134220 0.38182610 0.64562785
v -0.62251957 0.35941184 0.69519243
v -0.58091662 0.33539237 0.74165211
v -0.53671915 0.30987494 0.78479939
v -0.49012456 0.28297355 0.82444156
v -0.44134096 0.25480832 0.86040158
v -0.39058622 0.22550506 0.89251884
v -0.33808703 0.19519464 0.92064989
v -0.28407786 0.16401243 0.94466909
v -0.22879993 0.13209770 0.96446918
v -0.17250012 0.09959299 0.97996171
v -0.11542989 0.06664348 0.99107749
v -0.05784412 0.03339632 0.99776688
v -0.05990449 0.02954163 -0.99776688
v -0.11954144 0.05895131 -0.99107749
v -0.17864448 0.08809771 -0.97996171
v -0.23694965 0.11685064 -0.96446918
v -0.29419655 0.14508168 -0.94466909
v -0.35012950 0.17266476 -0.92064989
v -0.40449868 0.19947667 -0.89251884
v -0.45706128 0.22539768 -0.86040158
v -0.50758252 0.25031200 -0.82444156
v -0.55583678 0.27410837 -0.78479939
v -0.60160854 0.29668050 -0.74165211
v -0.64469337 0.31792759 -0.69519243
v -0.68489884 0.33775473 -0.64562785
v -0.72204539 0.35607338 -0.59317974
v -0.75596710 0.37280172 -0.53808235
v -0.78651249 0.38786504 -0.48058176
v -0.81354511 0.40119605 -0.42093476
v -0.83694425 0.41273523 -0.35940777
v -0.85660540 0.42243103 -0.29627558
v -0.87244073 0.43024016 -0.23182015
v -0.88437953 0.43612772 -0.16632935
v -0.89236848 0.44006743 -0.10009569
v -0.89637190 0.44204170 -0.03341498
v -0.89637190 0.44204170 0.03341498
v -0.89236848 0.44006743 0.10009569
v -0.88437953 0.43612772 0.16632935
v -0.87244073 0.43024016 0.23182015
v -0.85660540 0.42243103 0.29627558
v -0.83694425 0.41273523 0.35940777
v -0.81354511 0.40119605 0.42093476
v -0.78651249 0.38786504 0.48058176
v -0.75596710 0.37280172 0.53808235
v -0.72204539 0.35607338 0.59317974
v -0.68489884 0.33775473 0.64562785
v -0.64469337 0.31792759 0.69519243
v -0.60160854 0.29668050 0.74165211
v -0.55583678 0.27410837 0.78479939
v -0.50758252 0.25031200 0.82444156
v -0.45706128 0.22539768 0.86040158
v -0.40449868 0.19947667 0.89251884
v -0.35012950 0.17266476 0.92064989
v -0.29419655 0.14508168 0.94466909
v -0.23694965 0.11685064 0.96446918
v -0.17864448 0.08809771 0.97996171
v -0.11954144 0.05895131 0.99107749
v -0.05990449 0.02954163 0.99776688
v -0.06170835 0.02556043 -0.99776688
v -0.12314109 0.05100671 -0.99107749
v -0.18402385 0.07622518 -0.97996171
v -0.24408472 0.10110320 -0.96446918
v -0.30305545 0.12552968 -0.94466909
v -0.36067266 0.14939551 -0.92064989
v -0.41667902 0.17259410 -0.89251884
v -0.47082439 0.19502185 -0.86040158
v -0.52286694 0.21657858 -0.82444156
v -0.57257424 0.23716801 -0.78479939
v -0.61972428 0.25669820 -0.74165211
v -0.66410649 0.27508191 -0.69519243
v -0.70552263 0.29223704 -0.64562785
v -0.74378774 0.30808697 -0.59317974
v -0.77873092 0.32256091 -0.53808235
v -0.81019609 0.33559421 -0.48058176
v -0.83804273 0.34712866 -0.42093476
v -0.86214647 0.35711276 -0.35940777
v -0.88239965 0.36550190 -0.29627558
v -0.89871182 0.37225862 -0.23182015
v -0.91101013 0.37735275 -0.16632935
v -0.91923964 0.38076153 -0.10009569
v -0.92336360 0.38246973 -0.03341498
v -0.92336360 0.38246973 0.03341498
v -0.91923964 0.38076153 0.10009569
v -0.91101013 0.37735275 0.16632935
v -0.89871182 0.37225862 0.23182015
v -0.88239965 0.36550190 0.29627558
v -0.86214647 0.35711276 0.35940777
v -0.83804273 0.34712866 0.42093476
v -0.81019609 0.33559421 0.48058176
v -0.77873092 0.32256091 0.53808235
v -0.74378774 0.30808697 0.59317974
v -0.70552263 0.29223704 0.64562785
v -0.66410649 0.27508191 0.69519243
v -0.61972428 0.25669820 0.74165211
v -0.57257424 0.23716801 0.78479939
v -0.52286694 0.21657858 0.82444156
v -0.47082439 0.19502185 0.86040158
v -0.41667902 0.17259410 0.89251884
v -0.36067266 0.14939551 0.92064989
v -0.30305545 0.12552968 0.94466909
v -0.24408472 0.10110320 0.96446918
v -0.18402385 0.07622518 0.97996171
v -0.12314109 0.05100671 0.99107749
v -0.06170835 0.02556043 0.99776688
v -0.06324796 0.02146979 -0.99776688
v -0.12621343 0.04284369 -0.99107749
v -0.18861521 0.06402624 -0.97996171
v -0.25017459 0.08492283 -0.96446918
v -0.31061662 0.10544013 -0.94466909
v -0.36967137 0.12548652 -0.92064989
v -0.42707507 0.14497245 -0.89251884
v -0.48257135 0.16381090 -0.86040158
v -0.53591236 0.18191773 -0.82444156
v -0.58685984 0.19921207 -0.78479939
v -0.63518627 0.21561668 -0.74165211
v -0.68067580 0.23105830 -0.69519243
v -0.72312527 0.24546795 -0.64562785
v -0.76234509 0.25878129 -0.59317974
v -0.79816009 0.27093884 -0.53808235
v -0.83041031 0.28188632 -0.48058176
v -0.85895172 0.29157482 -0.42093476
v -0.88365684 0.29996108 -0.35940777
v -0.90441533 0.30700764 -0.29627558
v -0.92113449 0.31268302 -0.23182015
v -0.93373963 0.31696190 -0.16632935
v -0.94217447 0.31982514 -0.10009569
v -0.94640133 0.32125996 -0.03341498
v -0.94640133 0.32125996 0.03341498
v -0.94217447 0.31982514 0.10009569
v -0.93373963 0.31696190 0.16632935
v -0.92113449 0.31268302 0.23182015
v -0.90441533 0.30700764 0.29627558
v -0.88365684 0.29996108 0.35940777
v -0.85895172 0.29157482 0.42093476
v -0.83041031 0.28188632 0.48058176
v -0.79816009 0.27093884 0.53808235
v -0.76234509 0.25878129 0.59317974
v -0.72312527 0.24546795 0.64562785
v -0.68067580 0.23105830 0.69519243
v -0.63518627 0.21561668 0.74165211
v -0.58685984 0.19921207 0.78479939
v -0.53591236 0.18191773 0.82444156
v -0.48257135 0.16381090 0.86040158
v -0.42707507 0.14497245 0.89251884
v -0.36967137 0.12548652 0.92064989
v -0.31061662 0.10544013 0.94466909
v -0.25017459 0.08492283 0.96446918
v -0.18861521 0.06402624 0.97996171
v -0.12621343 0.04284369 0.99107749
v -0.06324796 0.02146979 0.99776688
v -0.06451673 0.01728721 -0.99776688
v -0.12874531 0.03449720 -0.99107749
v -0.19239889 0.05155313 -0.97996171
v -0.25519316 0.06837880 -0.96446918
v -0.31684768 0.08489908 -0.94466909
v -0.37708708 0.10104018 -0.92064989
v -0.43564232 0.11673001 -0.89251884
v -0.49225188 0.13189849 -0.86040158
v -0.54666291 0.14647789 -0.82444156
v -0.59863242 0.16040307 -0.78479939
v -0.64792829 0.17361186 -0.74165211
v -0.69433036 0.18604526 -0.69519243
v -0.73763138 0.19764773 -0.64562785
v -0.77763796 0.20836746 -0.59317974
v -0.81417141 0.21815657 -0.53808235
v -0.84706858 0.22697134 -0.48058176
v -0.87618254 0.23477240 -0.42093476
v -0.90138325 0.24152491 -0.35940777
v -0.92255817 0.24719872 -0.29627558
v -0.93961272 0.25176847 -0.23182015
v -0.95247072 0.25521376 -0.16632935
v -0.96107477 0.25751921 -0.10009569
v -0.96538642 0.25867451 -0.03341498
v -0.96538642 0.25867451 0.03341498
v -0.96107477 0.25751921 0.10009569
v -0.95247072 0.25521376 0.16632935
v -0.93961272 0.25176847 0.23182015
v -0.92255817 0.24719872 0.29627558
v -0.90138325 0.24152491 0.35940777
v -0.87618254 0.23477240 0.42093476
v -0.84706858 0.22697134 0.48058176
v -0.81417141 0.21815657 0.53808235
v -0.77763796 0.20836746 0.59317974
v -0.73763138 0.19764773 0.64562785
v -0.69433036 0.18604526 0.69519243
v -0.64792829 0.17361186 0.74165211
v -0.59863242 0.16040307 0.78479939
v -0.54666291 0.14647789 0.82444156
v -0.49225188 0.13189849 0.86040158
v -0.43564232 0.11673001 0.89251884
v -0.37708708 0.10104018 0.92064989
v -0.31684768 0.08489908 0.94466909
v -0.25519316 0.06837880 0.96446918
v -0.19239889 0.05155313 0.97996171
v -0.12874531 0.03449720 0.99107749
v -0.06451673 0.01728721 0.99776688
v -0.06550923 0.01303060 -0.99776688
v -0.13072588 0.02600300 -0.99107749
v -0.19535868 0.03885926 -0.97996171
v -0.25911896 0.05154197 -0.96446918
v -0.32172195 0.06399448 -0.94466909
v -0.38288805 0.07616117 -0.92064989
v -0.44234409 0.08798771 -0.89251884
v -0.49982450 0.09942127 -0.86040158
v -0.55507258 0.11041080 -0.82444156
v -0.60784157 0.12090721 -0.78479939
v -0.65789579 0.13086361 -0.74165211
v -0.70501169 0.14023554 -0.69519243
v -0.74897883 0.14898115 -0.64562785
v -0.78960086 0.15706138 -0.59317974
v -0.82669633 0.16444012 -0.53808235
v -0.86009958 0.17108444 -0.48058176
v -0.88966142 0.17696466 -0.42093476
v -0.91524981 0.18205451 -0.35940777
v -0.93675047 0.18633125 -0.29627558
v -0.95406738 0.18977580 -0.23182015
v -0.96712319 0.19237276 -0.16632935
v -0.97585960 0.19411054 -0.10009569
v -0.98023757 0.19498138 -0.03341498
v -0.98023757 0.19498138 0.03341498
v -0.97585960 0.19411054 0.10009569
v -0.96712319 0.19237276 0.16632935
v -0.95406738 0.18977580 0.23182015
v -0.93675047 0.18633125 0.29627558
v -0.91524981 0.18205451 0.35940777
v -0.88966142 0.17696466 0.42093476
v -0.86009958 0.17108444 0.48058176
v -0.82669633 0.16444012 0.53808235
v -0.78960086 0.15706138 0.59317974
v -0.74897883 0.14898115 0.64562785
v -0.70501169 0.14023554 0.69519243
v -0.65789579 0.13086361 0.74165211
v -0.60784157 0.12090721 0.78479939
v -0.55507258 0.11041080 0.82444156
v -0.49982450 0.09942127 0.86040158
v -0.44234409 0.08798771 0.89251884
v -0.38288805 0.07616117 0.92064989
v -0.32172195 0.06399448 0.94466909
v -0.25911896 0.05154197 0.96446918
v -0.19535868 0.03885926 0.97996171
v -0.13072588 0.02600300 0.99107749
v -0.06550923 0.01303060 0.99776688
v -0.06622121 0.00871819 -0.99776688
v -0.13214667 0.01739744 -0.99107749
v -0.19748192 0.02599899 -0.97996171
v -0.26193517 0.03448442 -0.96446918
v -0.32521856 0.04281584 -0.94466909
v -0.38704944 0.05095603 -0.92064989
v -0.44715167 0.05886863 -0.89251884
v -0.50525680 0.06651832 -0.86040158
v -0.56110534 0.07387092 -0.82444156
v -0.61444784 0.08089359 -0.78479939
v -0.66504607 0.08755498 -0.74165211
v -0.71267405 0.09382532 -0.69519243
v -0.75711905 0.09967661 -0.64562785
v -0.79818257 0.10508273 -0.59317974
v -0.83568121 0.11001952 -0.53808235
v -0.86944750 0.11446493 -0.48058176
v -0.89933063 0.11839912 -0.42093476
v -0.92519712 0.12180451 -0.35940777
v -0.94693146 0.12466589 -0.29627558
v -0.96443658 0.12697048 -0.23182015
v -0.97763429 0.12870800 -0.16632935
v -0.98646564 0.12987067 -0.10009569
v -0.99089120 0.13045330 -0.03341498
v -0.99089120 0.13045330 0.03341498
v -0.98646564 0.12987067 0.10009569
v -0.97763429 0.12870800 0.16632935
v -0.96443658 0.12697048 0.23182015
v -0.94693146 0.12466589 0.29627558
v -0.92519712 0.12180451 0.35940777
v -0.89933063 0.11839912 0.42093476
v -0.86944750 0.11446493 0.48058176
v -0.83568121 0.11001952 0.53808235
v -0.79818257 0.10508273 0.59317974
v -0.75711905 0.09967661 0.64562785
v -0.71267405 0.09382532 0.69519243
v -0.66504607 0.08755498 0.74165211
v -0.61444784 0.08089359 0.78479939
v -0.56110534 0.07387092 0.82444156
v -0.50525680 0.06651832 0.86040158
v -0.44715167 0.05886863 0.89251884
v -0.38704944 0.05095603 0.92064989
v -0.32521856 0.04281584 0.94466909
v -0.26193517 0.03448442 0.96446918
v -0.19748192 0.02599899 0.97996171
v -0.13214667 0.01739744 0.99107749
v -0.06622121 0.00871819 0.99776688
v -0.06664963 0.00436845 -0.99776688
v -0.13300158 0.00871738 -0.99107749
v -0.19875951 0.01302739 -0.97996171
v -0.26362974 0.01727921 -0.96446918
v -0.32732253 0.02145385 -0.94466909
v -0.38955342 0.02553268 -0.92064989
v -0.45004447 0.02949747 -0.89251884
v -0.50852551 0.03333052 -0.86040158
v -0.56473536 0.03701471 -0.82444156
v -0.61842296 0.04053358 -0.78479939
v -0.66934853 0.04387142 -0.74165211
v -0.71728463 0.04701332 -0.69519243
v -0.76201716 0.04994524 -0.64562785
v -0.80334634 0.05265410 -0.59317974
v -0.84108757 0.05512779 -0.53808235
v -0.87507231 0.05735527 -0.48058176
v -0.90514876 0.05932658 -0.42093476
v -0.93118260 0.06103293 -0.35940777
v -0.95305755 0.06246669 -0.29627558
v -0.97067591 0.06362146 -0.23182015
v -0.98395900 0.06449208 -0.16632935
v -0.99284749 0.06507466 -0.10009569
v -0.99730168 0.06536661 -0.03341498
v -0.99730168 0.06536661 0.03341498
v -0.99284749 0.06507466 0.10009569
v -0.98395900 0.06449208 0.16632935
v -0.97067591 0.06362146 0.23182015
v -0.95305755 0.06246669 0.29627558
v -0.93118260 0.06103293 0.35940777
v -0.90514876 0.05932658 0.42093476
v -0.87507231 0.05735527 0.48058176
v -0.84108757 0.05512779 0.53808235
v -0.80334634 0.05265410 0.59317974
v -0.76201716 0.04994524 0.64562785
v -0.71728463 0.04701332 0.69519243
v -0.66934853 0.04387142 0.74165211
v -0.61842296 0.04053358 0.78479939
v -0.56473536 0.03701471 0.82444156
v -0.50852551 0.03333052 0.86040158
v -0.45004447 0.02949747 0.89251884
v -0.38955342 0.02553268 0.92064989
v -0.32732253 0.02145385 0.94466909
v -0.26362974 0.01727921 0.96446918
v -0.19875951 0.01302739 0.97996171
v -0.13300158 0.00871738 0.99107749
v -0.06664963 0.00436845 0.99776688
v -0.06679263 0.00000000 -0.99776688
v -0.13328696 0.00000000 -0.99107749
v -0.19918599 0.00000000 -0.97996171
v -0.26419540 0.00000000 -0.96446918
v -0.32802486 0.00000000 -0.94466909
v -0.39038928 0.00000000 -0.92064989
v -0.45101012 0.00000000 -0.89251884
v -0.50961664 0.00000000 -0.86040158
v -0.56594709 0.00000000 -0.82444156
v -0.61974989 0.00000000 -0.78479939
v -0.67078473 0.00000000 -0.74165211
v -0.71882368 0.00000000 -0.69519243
v -0.76365220 0.00000000 -0.64562785
v -0.80507005 0.00000000 -0.59317974
v -0.84289227 0.00000000 -0.53808235
v -0.87694993 0.00000000 -0.48058176
v -0.90709091 0.00000000 -0.42093476
v -0.93318061 0.00000000 -0.35940777
v -0.95510250 0.00000000 -0.29627558
v -0.97275866 0.00000000 -0.23182015
v -0.98607025 0.00000000 -0.16632935
v -0.99497782 0.00000000 -0.10009569
v -0.99944156 0.00000000 -0.03341498
v -0.99944156 0.00000000 0.03341498
v -0.99497782 0.00000000 0.10009569
v -0.98607025 0.00000000 0.16632935
v -0.97275866 0.00000000 0.23182015
v -0.95510250 0.00000000 0.29627558
v -0.93318061 0.00000000 0.35940777
v -0.90709091 0.00000000 0.42093476
v -0.87694993 0.00000000 0.48058176
v -0.84289227 0.00000000 0.53808235
v -0.80507005 0.00000000 0.59317974
v -0.76365220 0.00000000 0.64562785
v -0.71882368 0.00000000 0.69519243
v -0.67078473 0.00000000 0.74165211
v -0.61974989 0.00000000 0.78479939
v -0.56594709 0.00000000 0.82444156
v -0.50961664 0.00000000 0.86040158
v -0.45101012 0.00000000 0.89251884
v -0.39038928 0.00000000 0.92064989
v -0.32802486 0.00000000 0.94466909
v -0.26419540 0.00000000 0.96446918
v -0.19918599 0.00000000 0.97996171
v -0.13328696 0.00000000 0.99107749
v -0.06679263 0.00000000 0.99776688
v -0.06664963 -0.00436845 -0.99776688
v -0.13300158 -0.00871738 -0.99107749
v -0.19875951 -0.01302739 -0.97996171
v -0.26362974 -0.01727921 -0.96446918
v -0.32732253 -0.02145385 -0.94466909
v -0.38955342 -0.02553268 -0.92064989
v -0.45004447 -0.02949747 -0.89251884
v -0.50852551 -0.03333052 -0.86040158
v -0.56473536 -0.03701471 -0.82444156
v -0.61842296 -0.04053358 -0.78479939
v -0.66934853 -0.04387142 -0.74165211
v -0.71728463 -0.04701332 -0.69519243
v -0.76201716 -0.04994524 -0.64562785
v -0.80334634 -0.05265410 -0.59317974
v -0.84108757 -0.05512779 -0.53808235
v -0.87507231 -0.05735527 -0.48058176
v -0.90514876 -0.05932658 -0.42093476
v -0.93118260 -0.06103293 -0.35940777
v -0.95305755 -0.06246669 -0.29627558
v -0.97067591 -0.06362146 -0.23182015
v -0.98395900 -0.06449208 -0.16632935
v -0.99284749 -0.06507466 -0.10009569
v -0.99730168 -0.06536661 -0.03341498
v -0.99730168 -0.06536661 0.03341498
v -0.99284749 -0.06507466 0.10009569
v -0.98395900 -0.06449208 0.16632935
v -0.97067591 -0.06362146 0.23182015
v -0.95305755 -0.06246669 0.29627558
v -0.93118260 -0.06103293 0.35940777
v -0.90514876 -0.05932658 0.42093476
v -0.87507231 -0.05735527 0.48058176
v -0.84108757 -0.05512779 0.53808235
v -0.80334634 -0.05265410 0.59317974
v -0.76201716 -0.04994524 0.64562785
v -0.71728463 -0.04701332 0.69519243
v -0.66934853 -0.04387142 0.74165211
v -0.61842296 -0.04053358 0.78479939
v -0.56473536 -0.03701471 0.82444156
v -0.50852551 -0.03333052 0.86040158
v -0.45004447 -0.02949747 0.89251884
v -0.38955342 -0.02553268 0.92064989
v -0.32732253 -0.02145385 0.94466909
v -0.26362974 -0.01727921 0.96446918
v -0.19875951 -0.01302739 0.97996171
v -0.13300158 -0.00871738 0.99107749
v -0.06664963 -0.00436845 0.99776688
v -0.06622121 -0.00871819 -0.99776688
v -0.13214667 -0.01739744 -0.99107749
v -0.19748192 -0.02599899 -0.97996171
v -0.26193517 -0.03448442 -0.96446918
v -0.32521856 -0.04281584 -0.94466909
v -0.38704944 -0.05095603 -0.92064989
v -0.44715167 -0.05886863 -0.89251884
v -0.50525680 -0.06651832 -0.86040158
v -0.56110534 -0.07387092 -0.82444156
v -0.61444784 -0.08089359 -0.78479939
v -0.66504607 -0.08755498 -0.74165211
v -0.71267405 -0.09382532 -0.69519243
v -0.75711905 -0.09967661 -0.64562785
v -0.79818257 -0.10508273 -0.59317974
v -0.83568121 -0.11001952 -0.53808235
v -0.86944750 -0.11446493 -0.48058176
v -0.89933063 -0.11839912 -0.42093476
v -0.92519712 -0.12180451 -0.35940777
v -0.94693146 -0.12466589 -0.29627558
v -0.96443658 -0.12697048 -0.23182015
v -0.97763429 -0.12870800 -0.16632935
v -0.98646564 -0.12987067 -0.10009569
v -0.99089120 -0.13045330 -0.03341498
v -0.99089120 -0.13045330 0.03341498
v -0.98646564 -0.12987067 0.10009569
v -0.97763429 -0.12870800 0.16632935
v -0.96443658 -0.12697048 0.23182015
v -0.94693146 -0.12466589 0.29627558
v -0.92519712 -0.12180451 0.35940777
v -0.89933063 -0.11839912 0.42093476
v -0.86944750 -0.11446493 0.48058176
v -0.83568121 -0.11001952 0.53808235
v -0.79818257 -0.10508273 0.59317974
v -0.75711905 -0.09967661 0.64562785
v -0.71267405 -0.09382532 0.69519243
v -0.66504607 -0.08755498 0.74165211
v -0.61444784 -0.08089359 0.78479939
v -0.56110534 -0.07387092 0.82444156
v -0.50525680 -0.06651832 0.86040158
v -0.44715167 -0.05886863 0.89251884
v -0.38704944 -0.05095603 0.92064989
v -0.32521856 -0.04281584 0.94466909
v -0.26193517 -0.03448442 0.96446918
v -0.19748192 -0.02599899 0.97996171
v -0.13214667 -0.01739744 0.99107749
v -0.06622121 -0.00871819 0.99776688
v -0.06550923 -0.01303060 -0.99776688
v -0.13072588 -0.02600300 -0.99107749
v -0.19535868 -0.03885926 -0.97996171
v -0.25911896 -0.05154197 -0.96446918
v -0.32172195 -0.06399448 -0.94466909
v -0.38288805 -0.07616117 -0.92064989
v -0.44234409 -0.08798771 -0.89251884
v -0.49982450 -0.09942127 -0.86040158
v -0.55507258 -0.11041080 -0.82444156
v -0.60784157 -0.12090721 -0.78479939
v -0.65789579 -0.13086361 -0.74165211
v -0.70501169 -0.14023554 -0.69519243
v -0.74897883 -0.14898115 -0.64562785
v -0.78960086 -0.15706138 -0.59317974
v -0.82669633 -0.16444012 -0.53808235
v -0.86009958 -0.17108444 -0.48058176
v -0.88966142 -0.17696466 -0.42093476
v -0.91524981 -0.18205451 -0.35940777
v -0.93675047 -0.18633125 -0.29627558
v -0.95406738 -0.18977580 -0.23182015
v -0.96712319 -0.19237276 -0.16632935
v -0.97585960 -0.19411054 -0.10009569
v -0.98023757 -0.19498138 -0.03341498
v -0.98023757 -0.19498138 0.03341498
v -0.97585960 -0.19411054 0.10009569
v -0.96712319 -0.19237276 0.16632935
v -0.95406738 -0.18977580 0.23182015
v -0.93675047 -0.18633125 0.29627558
v -0.91524981 -0.18205451 0.35940777
v -0.88966142 -0.17696466 0.42093476
v -0.86009958 -0.17108444 0.48058176
v -0.82669633 -0.16444012 0.53808235
v -0.78960086 -0.15706138 0.59317974
v -0.74897883 -0.14898115 0.64562785
v -0.70501169 -0.14023554 0.69519243
v -0.65789579 -0.13086361 0.74165211
v -0.60784157 -0.12090721 0.78479939
v -0.55507258 -0.11041080 0.82444156
v -0.49982450 -0.09942127 0.86040158
v -0.44234409 -0.08798771 0.89251884
v -0.38288805 -0.07616117 0.92064989
v -0.32172195 -0.06399448 0.94466909
v -0.25911896 -0.05154197 0.96446918
v -0.19535868 -0.03885926 0.97996171
v -0.13072588 -0.02600300 0.99107749
v -0.06550923 -0.01303060 0.99776688
v -0.06451673 -0.01728721 -0.99776688
v -0.12874531 -0.03449720 -0.99107749
v -0.19239889 -0.05155313 -0.97996171
v -0.25519316 -0.06837880 -0.96446918
v -0.31684768 -0.08489908 -0.94466909
v -0.37708708 -0.10104018 -0.92064989
v -0.43564232 -0.11673001 -0.89251884
v -0.49225188 -0.13189849 -0.86040158
v -0.54666291 -0.14647789 -0.82444156
v -0.59863242 -0.16040307 -0.78479939
v -0.64792829 -0.17361186 -0.74165211
v -0.69433036 -0.18604526 -0.69519243
v -0.73763138 -0.19764773 -0.64562785
v -0.77763796 -0.20836746 -0.59317974
v -0.81417141 -0.21815657 -0.53808235
v -0.84706858 -0.22697134 -0.48058176
v -0.87618254 -0.23477240 -0.42093476
v -0.90138325 -0.24152491 -0.35940777
v -0.92255817 -0.24719872 -0.29627558
v -0.93961272 -0.25176847 -0.23182015
v -0.95247072 -0.25521376 -0.16632935
v -0.96107477 -0.25751921 -0.10009569
v -0.96538642 -0.25867451 -0.03341498
v -0.96538642 -0.25867451 0.03341498
v -0.96107477 -0.25751921 0.10009569
v -0.95247072 -0.25521376 0.16632935
v -0.93961272 -0.25176847 0.23182015
v -0.92255817 -0.24719872 0.29627558
v -0.90138325 -0.24152491 0.35940777
v -0.87618254 -0.23477240 0.42093476
v -0.84706858 -0.22697134 0.48058176
v -0.81417141 -0.21815657 0.53808235
v -0.77763796 -0.20836746 0.59317974
v -0.73763138 -0.19764773 0.64562785
v -0.69433036 -0.18604526 0.69519243
v -0.64792829 -0.17361186 0.74165211
v -0.59863242 -0.16040307 0.78479939
v -0.54666291 -0.14647789 0.82444156
v -0.49225188 -0.13189849 0.86040158
v -0.43564232 -0.11673001 0.89251884
v -0.37708708 -0.10104018 0.92064989
v -0.31684768 -0.08489908 0.94466909
v -0.25519316 -0.06837880 0.96446918
v -0.19239889 -0.05155313 0.97996171
v -0.12874531 -0.03449720 0.99107749
v -0.06451673 -0.01728721 0.99776688
v -0.06324796 -0.02146979 -0.99776688
v -0.12621343 -0.04284369 -0.99107749
v -0.18861521 -0.06402624 -0.97996171
v -0.25017459 -0.08492283 -0.96446918
v -0.31061662 -0.10544013 -0.94466909
v -0.36967137 -0.12548652 -0.92064989
v -0.42707507 -0.14497245 -0.89251884
v -0.48257135 -0.16381090 -0.86040158
v -0.53591236 -0.18191773 -0.82444156
v -0.58685984 -0.19921207 -0.78479939
v -0.63518627 -0.21561668 -0.74165211
v -0.68067580 -0.23105830 -0.69519243
v -0.72312527 -0.24546795 -0.64562785
v -0.76234509 -0.25878129 -0.59317974
v -0.79816009 -0.27093884 -0.53808235
v -0.83041031 -0.28188632 -0.48058176
v -0.85895172 -0.29157482 -0.42093476
v -0.88365684 -0.29996108 -0.35940777
v -0.90441533 -0.30700764 -0.29627558
v -0.92113449 -0.31268302 -0.23182015
v -0.93373963 -0.31696190 -0.16632935
v -0.94217447 -0.31982514 -0.10009569
v -0.94640133 -0.32125996 -0.03341498
v -0.94640133 -0.32125996 0.03341498
v -0.94217447 -0.31982514 0.10009569
v -0.93373963 -0.31696190 0.16632935
v -0.92113449 -0.31268302 0.23182015
v -0.90441533 -0.30700764 0.29627558
v -0.88365684 -0.29996108 0.35940777
v -0.85895172 -0.29157482 0.42093476
v -0.83041031 -0.28188632 0.48058176
v -0.79816009 -0.27093884 0.53808235
v -0.76234509 -0.25878129 0.59317974
v -0.72312527 -0.24546795 0.64562785
v -0.68067580 -0.23105830 0.69519243
v -0.63518627 -0.21561668 0.74165211
v -0.58685984 -0.19921207 0.78479939
v -0.53591236 -0.18191773 0.82444156
v -0.48257135 -0.16381090 0.86040158
v -0.42707507 -0.14497245 0.89251884
v -0.36967137 -0.12548652 0.92064989
v -0.31061662 -0.10544013 0.94466909
v -0.25017459 -0.08492283 0.96446918
v -0.18861521 -0.06402624 0.97996171
v -0.12621343 -0.04284369 0.99107749
v -0.06324796 -0.02146979 0.99776688
v -0.06170835 -0.02556043 -0.99776688
v -0.12314109 -0.05100671 -0.99107749
v -0.18402385 -0.07622518 -0.97996171
v -0.24408472 -0.10110320 -0.96446918
v -0.30305545 -0.12552968 -0.94466909
v -0.36067266 -0.14939551 -0.92064989
v -0.41667902 -0.17259410 -0.89251884
v -0.47082439 -0.19502185 -0.86040158
v -0.52286694 -0.21657858 -0.82444156
v -0.57257424 -0.23716801 -0.78479939
v -0.61972428 -0.25669820 -0.74165211
v -0.66410649 -0.27508191 -0.69519243
v -0.70552263 -0.29223704 -0.64562785
v -0.74378774 -0.30808697 -0.59317974
v -0.77873092 -0.32256091 -0.53808235
v -0.81019609 -0.33559421 -0.48058176
v -0.83804273 -0.34712866 -0.42093476
v -0.86214647 -0.35711276 -0.35940777
v -0.88239965 -0.36550190 -0.29627558
v -0.89871182 -0.37225862 -0.23182015
v -0.91101013 -0.37735275 -0.16632935
v -0.91923964 -0.38076153 -0.10009569
v -0.92336360 -0.38246973 -0.03341498
v -0.92336360 -0.38246973 0.03341498
v -0.91923964 -0.38076153 0.10009569
v -0.91101013 -0.37735275 0.16632935
v -0.89871182 -0.37225862 0.23182015
v -0.88239965 -0.36550190 0.29627558
v -0.86214647 -0.35711276 0.35940777
v -0.83804273 -0.34712866 0.42093476
v -0.81019609 -0.33559421 0.48058176
v -0.77873092 -0.32256091 0.53808235
v -0.74378774 -0.30808697 0.59317974
v -0.70552263 -0.29223704 0.64562785
v -0.66410649 -0.27508191 0.69519243
v -0.61972428 -0.25669820 0.74165211
v -0.57257424 -0.23716801 0.78479939
v -0.52286694 -0.21657858 0.82444156
v -0.47082439 -0.19502185 0.86040158
v -0.41667902 -0.17259410 0.89251884
v -0.36067266 -0.14939551 0.92064989
v -0.30305545 -0.12552968 0.94466909
v -0.24408472 -0.10110320 0.96446918
v -0.18402385 -0.07622518 0.97996171
v -0.12314109 -0.05100671 0.99107749
v -0.06170835 -0.02556043 0.99776688
v -0.05990449 -0.02954163 -0.99776688
v -0.11954144 -0.05895131 -0.99107749
v -0.17864448 -0.08809771 -0.97996171
v -0.23694965 -0.11685064 -0.96446918
v -0.29419655 -0.14508168 -0.94466909
v -0.35012950 -0.17266476 -0.92064989
v -0.40449868 -0.19947667 -0.89251884
v -0.45706128 -0.22539768 -0.86040158
v -0.50758252 -0.25031200 -0.82444156
v -0.55583678 -0.27410837 -0.78479939
v -0.60160854 -0.29668050 -0.74165211
v -0.64469337 -0.31792759 -0.69519243
v -0.68489884 -0.33775473 -0.64562785
v -0.72204539 -0.35607338 -0.59317974
v -0.75596710 -0.37280172 -0.53808235
v -0.78651249 -0.38786504 -0.48058176
v -0.81354511 -0.40119605 -0.42093476
v -0.83694425 -0.41273523 -0.35940777
v -0.85660540 -0.42243103 -0.29627558
v -0.87244073 -0.43024016 -0.23182015
v -0.88437953 -0.43612772 -0.16632935
v -0.89236848 -0.44006743 -0.10009569
v -0.89637190 -0.44204170 -0.03341498
v -0.89637190 -0.44204170 0.03341498
v -0.89236848 -0.44006743 0.10009569
v -0.88437953 -0.43612772 0.16632935
v -0.87244073 -0.43024016 0.23182015
v -0.85660540 -0.42243103 0.29627558
v -0.83694425 -0.41273523 0.35940777
v -0.81354511 -0.40119605 0.42093476
v -0.78651249 -0.38786504 0.48058176
v -0.75596710 -0.37280172 0.53808235
v -0.72204539 -0.35607338 0.59317974
v -0.68489884 -0.33775473 0.64562785
v -0.64469337 -0.31792759 0.69519243
v -0.60160854 -0.29668050 0.74165211
v -0.55583678 -0.27410837 0.78479939
v -0.50758252 -0.25031200 0.82444156
v -0.45706128 -0.22539768 0.86040158
v -0.40449868 -0.19947667 0.89251884
v -0.35012950 -0.17266476 0.92064989
v -0.29419655 -0.14508168 0.94466909
v -0.23694965 -0.11685064 0.96446918
v -0.17864448 -0.08809771 0.97996171
v -0.11954144 -0.05895131 0.99107749
v -0.05990449 -0.02954163 0.99776688
v -0.05784412 -0.03339632 -0.99776688
v -0.11542989 -0.06664348 -0.99107749
v -0.17250012 -0.09959299 -0.97996171
v -0.22879993 -0.13209770 -0.96446918
v -0.28407786 -0.16401243 -0.94466909
v -0.33808703 -0.19519464 -0.92064989
v -0.39058622 -0.22550506 -0.89251884
v -0.44134096 -0.25480832 -0.86040158
v -0.49012456 -0.28297355 -0.82444156
v -0.53671915 -0.30987494 -0.78479939
v -0.58091662 -0.33539237 -0.74165211
v -0.62251957 -0.35941184 -0.69519243
v -0.66134220 -0.38182610 -0.64562785
v -0.69721112 -0.40253503 -0.59317974
v -0.72996612 -0.42144614 -0.53808235
v -0.75946092 -0.43847496 -0.48058176
v -0.78556377 -0.45354546 -0.42093476
v -0.80815812 -0.46659031 -0.35940777
v -0.82714303 -0.47755125 -0.29627558
v -0.84243371 -0.48637933 -0.23182015
v -0.85396189 -0.49303513 -0.16632935
v -0.86167606 -0.49748891 -0.10009569
v -0.86554178 -0.49972078 -0.03341498
v -0.86554178 -0.49972078 0.03341498
v -0.86167606 -0.49748891 0.10009569
v -0.85396189 -0.49303513 0.16632935
v -0.84243371 -0.48637933 0.23182015
v -0.82714303 -0.47755125 0.29627558
v -0.80815812 -0.46659031 0.35940777
v -0.78556377 -0.45354546 0.42093476
v -0.75946092 -0.43847496 0.48058176
v -0.72996612 -0.42144614 0.53808235
v -0.69721112 -0.40253503 0.59317974
v -0.66134220 -0.38182610 0.64562785
v -0.62251957 -0.35941184 0.69519243
v -0.58091662 -0.33539237 0.74165211
v -0.53671915 -0.30987494 0.78479939
v -0.49012456 -0.28297355 0.82444156
v -0.44134096 -0.25480832 0.86040158
v -0.39058622 -0.22550506 0.89251884
v -0.33808703 -0.19519464 0.92064989
v -0.28407786 -0.16401243 0.94466909
v -0.22879993 -0.13209770 0.96446918
v -0.17250012 -0.09959299 0.97996171
v -0.11542989 -0.06664348 0.99107749
v -0.05784412 -0.03339632 0.99776688
v -0.05553605 -0.03710800 -0.99776688
v -0.11082405 -0.07405026 -0.99107749
v -0.16561709 -0.11066180 -0.97996171
v -0.21967045 -0.14677910 -0.96446918
v -0.27274270 -0.18224085 -0.94466909
v -0.32459682 -0.21688866 -0.92064989
v -0.37500121 -0.25056780 -0.89251884
v -0.42373075 -0.28312784 -0.86040158
v -0.47056781 -0.31442336 -0.82444156
v -0.51530320 -0.34431459 -0.78479939
v -0.55773712 -0.37266803 -0.74165211
v -0.59768005 -0.39935704 -0.69519243
v -0.63495360 -0.42426243 -0.64562785
v -0.66939128 -0.44727296 -0.59317974
v -0.70083931 -0.46828586 -0.53808235
v -0.72915722 -0.48720728 -0.48058176
v -0.75421853 -0.50395271 -0.42093476
v -0.77591132 -0.51844737 -0.35940777
v -0.79413870 -0.53062652 -0.29627558
v -0.80881927 -0.54043576 -0.23182015
v -0.81988745 -0.54783128 -0.16632935
v -0.82729382 -0.55278006 -0.10009569
v -0.83100529 -0.55525998 -0.03341498
v -0.83100529 -0.55525998 0.03341498
v -0.82729382 -0.55278006 0.10009569
v -0.81988745 -0.54783128 0.16632935
v -0.80881927 -0.54043576 0.23182015
v -0.79413870 -0.53062652 0.29627558
v -0.77591132 -0.51844737 0.35940777
v -0.75421853 -0.50395271 0.42093476
v -0.72915722 -0.48720728 0.48058176
v -0.70083931 -0.46828586 0.53808235
v -0.66939128 -0.44727296 0.59317974
v -0.63495360 -0.42426243 0.64562785
v -0.59768005 -0.39935704 0.69519243
v -0.55773712 -0.37266803 0.74165211
v -0.51530320 -0.34431459 0.78479939
v -0.47056781 -0.31442336 0.82444156
v -0.42373075 -0.28312784 0.86040158
v -0.37500121 -0.25056780 0.89251884
v -0.32459682 -0.21688866 0.92064989
v -0.27274270 -0.18224085 0.94466909
v -0.21967045 -0.14677910 0.96446918
v -0.16561709 -0.11066180 0.97996171
v -0.11082405 -0.07405026 0.99107749
v -0.05553605 -0.03710800 0.99776688
v -0.05299016 -0.04066078 -0.99776688
v -0.10574365 -0.08113996 -0.99107749
v -0.15802487 -0.12125674 -0.97996171
v -0.20960030 -0.16083197 -0.96446918
v -0.26023962 -0.19968888 -0.94466909
v -0.30971664 -0.23765393 -0.92064989
v -0.35781038 -0.27455756 -0.89251884
v -0.40430607 -0.31023496 -0.86040158
v -0.44899602 -0.34452676 -0.82444156
v -0.49168064 -0.37727983 -0.78479939
v -0.53216931 -0.40834787 -0.74165211
v -0.57028117 -0.43759213 -0.69519243
v -0.60584602 -0.46488200 -0.64562785
v -0.63870502 -0.49009560 -0.59317974
v -0.66871140 -0.51312030 -0.53808235
v -0.69573115 -0.53385329 -0.48058176
v -0.71964361 -0.55220196 -0.42093476
v -0.74034195 -0.56808436 -0.35940777
v -0.75773376 -0.58142956 -0.29627558
v -0.77174134 -0.59217795 -0.23182015
v -0.78230213 -0.60028154 -0.16632935
v -0.78936897 -0.60570412 -0.10009569
v -0.79291030 -0.60842147 -0.03341498
v -0.79291030 -0.60842147 0.03341498
v -0.78936897 -0.60570412 0.10009569
v -0.78230213 -0.60028154 0.16632935
v -0.77174134 -0.59217795 0.23182015
v -0.75773376 -0.58142956 0.29627558
v -0.74034195 -0.56808436 0.35940777
v -0.71964361 -0.55220196 0.42093476
v -0.69573115 -0.53385329 0.48058176
v -0.66871140 -0.51312030 0.53808235
v -0.63870502 -0.49009560 0.59317974
v -0.60584602 -0.46488200 0.64562785
v -0.57028117 -0.43759213 0.69519243
v -0.53216931 -0.40834787 0.74165211
v -0.49168064 -0.37727983 0.78479939
v -0.44899602 -0.34452676 0.82444156
v -0.40430607 -0.31023496 0.86040158
v -0.35781038 -0.27455756 0.89251884
v -0.30971664 -0.23765393 0.92064989
v -0.26023962 -0.19968888 0.94466909
v -0.20960030 -0.16083197 0.96446918
v -0.15802487 -0.12125674 0.97996171
v -0.10574365 -0.08113996 0.99107749
v -0.05299016 -0.04066078 0.99776688
v -0.05021736 -0.04403944 -0.99776688
v -0.10021044 -0.08788220 -0.99107749
v -0.14975595 -0.13133245 -0.97996171
v -0.19863262 -0.17419613 -0.96446918
v -0.24662215 -0.21628182 -0.94466909
v -0.29351020 -0.25740153 -0.92064989
v -0.33908736 -0.29737163 -0.89251884
v -0.38315008 -0.33601360 -0.86040158
v -0.42550155 -0.37315485 -0.82444156
v -0.46595264 -0.40862950 -0.78479939
v -0.50432266 -0.44227910 -0.74165211
v -0.54044026 -0.47395339 -0.69519243
v -0.57414412 -0.50351088 -0.64562785
v -0.60528371 -0.53081957 -0.59317974
v -0.63371996 -0.55575749 -0.53808235
v -0.65932587 -0.57821327 -0.48058176
v -0.68198706 -0.59808660 -0.42093476
v -0.70160233 -0.61528873 -0.35940777
v -0.71808408 -0.62974283 -0.29627558
v -0.73135869 -0.64138435 -0.23182015
v -0.74136687 -0.65016130 -0.16632935
v -0.74806393 -0.65603446 -0.10009569
v -0.75141995 -0.65897761 -0.03341498
v -0.75141995 -0.65897761 0.03341498
v -0.74806393 -0.65603446 0.10009569
v -0.74136687 -0.65016130 0.16632935
v -0.73135869 -0.64138435 0.23182015
v -0.71808408 -0.62974283 0.29627558
v -0.70160233 -0.61528873 0.35940777
v -0.68198706 -0.59808660 0.42093476
v -0.65932587 -0.57821327 0.48058176
v -0.63371996 -0.55575749 0.53808235
v -0.60528371 -0.53081957 0.59317974
v -0.57414412 -0.50351088 0.64562785
v -0.54044026 -0.47395339 0.69519243
v -0.50432266 -0.44227910 0.74165211
v -0.46595264 -0.40862950 0.78479939
v -0.42550155 -0.37315485 0.82444156
v -0.38315008 -0.33601360 0.86040158
v -0.33908736 -0.29737163 0.89251884
v -0.29351020 -0.25740153 0.92064989
v -0.24662215 -0.21628182 0.94466909
v -0.19863262 -0.17419613 0.96446918
v -0.14975595 -0.13133245 0.97996171
v -0.10021044 -0.08788220 0.99107749
v -0.05021736 -0.04403944 0.99776688
v -0.04722952 -0.04722952 -0.99776688
v -0.09424811 -0.09424811 -0.99107749
v -0.14084576 -0.14084576 -0.97996171
v -0.18681436 -0.18681436 -0.96446918
v -0.23194860 -0.23194860 -0.94466909
v -0.27604690 -0.27604690 -0.92064989
v -0.31891231 -0.31891231 -0.89251884
v -0.36035338 -0.36035338 -0.86040158
v -0.40018503 -0.40018503 -0.82444156
v -0.43822935 -0.43822935 -0.78479939
v -0.47431643 -0.47431643 -0.74165211
v -0.50828510 -0.50828510 -0.69519243
v -0.53998365 -0.53998365 -0.64562785
v -0.56927049 -0.56927049 -0.59317974
v -0.59601484 -0.59601484 -0.53808235
v -0.62009724 -0.62009724 -0.48058176
v -0.64141014 -0.64141014 -0.42093476
v -0.65985834 -0.65985834 -0.35940777
v -0.67535945 -0.67535945 -0.29627558
v -0.68784425 -0.68784425 -0.23182015
v -0.69725696 -0.69725696 -0.16632935
v -0.70355556 -0.70355556 -0.10009569
v -0.70671191 -0.70671191 -0.03341498
v -0.70671191 -0.70671191 0.03341498
v -0.70355556 -0.70355556 0.10009569
v -0.69725696 -0.69725696 0.16632935
v -0.68784425 -0.68784425 0.23182015
v -0.67535945 -0.67535945 0.29627558
v -0.65985834 -0.65985834 0.35940777
v -0.64141014 -0.64141014 0.42093476
v -0.62009724 -0.62009724 0.48058176
v -0.59601484 -0.59601484 0.53808235
v -0.56927049 -0.56927049 0.59317974
v -0.53998365 -0.53998365 0.64562785
v -0.50828510 -0.50828510 0.69519243
v -0.47431643 -0.47431643 0.74165211
v -0.43822935 -0.43822935 0.78479939
v -0.40018503 -0.40018503 0.82444156
v -0.36035338 -0.36035338 0.86040158
v -0.31891231 -0.31891231 0.89251884
v -0.27604690 -0.27604690 0.92064989
v -0.23194860 -0.23194860 0.94466909
v -0.18681436 -0.18681436 0.96446918
v -0.14084576 -0.14084576 0.97996171
v -0.09424811 -0.09424811 0.99107749
v -0.04722952 -0.04722952 0.99776688
v -0.04403944 -0.05021736 -0.99776688
v -0.08788220 -0.10021044 -0.99107749
v -0.13133245 -0.14975595 -0.97996171
v -0.17419613 -0.19863262 -0.96446918
v -0.21628182 -0.24662215 -0.94466909
v -0.25740153 -0.29351020 -0.92064989
v -0.29737163 -0.33908736 -0.89251884
v -0.33601360 -0.38315008 -0.86040158
v -0.37315485 -0.42550155 -0.82444156
v -0.40862950 -0.46595264 -0.78479939
v -0.44227910 -0.50432266 -0.74165211
v -0.47395339 -0.54044026 -0.69519243
v -0.50351088 -0.57414412 -0.64562785
v -0.53081957 -0.60528371 -0.59317974
v -0.55575749 -0.63371996 -0.53808235
v -0.57821327 -0.65932587 -0.48058176
v -0.59808660 -0.68198706 -0.42093476
v -0.61528873 -0.70160233 -0.35940777
v -0.62974283 -0.71808408 -0.29627558
v -0.64138435 -0.73135869 -0.23182015
v -0.65016130 -0.74136687 -0.16632935
v -0.65603446 -0.74806393 -0.10009569
v -0.65897761 -0.75141995 -0.03341498
v -0.65897761 -0.75141995 0.03341498
v -0.65603446 -0.74806393 0.10009569
v -0.65016130 -0.74136687 0.16632935
v -0.64138435 -0.73135869 0.23182015
v -0.62974283 -0.71808408 0.29627558
v -0.61528873 -0.70160233 0.35940777
v -0.59808660 -0.68198706 0.42093476
v -0.57821327 -0.65932587 0.48058176
v -0.55575749 -0.63371996 0.53808235
v -0.53081957 -0.60528371 0.59317974
v -0.50351088 -0.57414412 0.64562785
v -0.47395339 -0.54044026 0.69519243
v -0.44227910 -0.50432266 0.74165211
v -0.40862950 -0.46595264 0.78479939
v -0.37315485 -0.42550155 0.82444156
v -0.33601360 -0.38315008 0.86040158
v -0.29737163 -0.33908736 0.89251884
v -0.25740153 -0.29351020 0.92064989
v -0.21628182 -0.24662215 0.94466909
v -0.17419613 -0.19863262 0.96446918
v -0.13133245 -0.14975595 0.97996171
v -0.08788220 -0.10021044 0.99107749
v -0.04403944 -0.05021736 0.99776688
v -0.04066078 -0.05299016 -0.99776688
v -0.08113996 -0.10574365 -0.99107749
v -0.12125674 -0.15802487 -0.97996171
v -0.16083197 -0.20960030 -0.96446918
v -0.19968888 -0.26023962 -0.94466909
v -0.23765393 -0.30971664 -0.92064989
v -0.27455756 -0.35781038 -0.89251884
v -0.31023496 -0.40430607 -0.86040158
v -0.34452676 -0.44899602 -0.82444156
v -0.37727983 -0.49168064 -0.78479939
v -0.40834787 -0.53216931 -0.74165211
v -0.43759213 -0.57028117 -0.69519243
v -0.46488200 -0.60584602 -0.64562785
v -0.49009560 -0.63870502 -0.59317974
v -0.51312030 -0.66871140 -0.53808235
v -0.53385329 -0.69573115 -0.48058176
v -0.55220196 -0.71964361 -0.42093476
v -0.56808436 -0.74034195 -0.35940777
v -0.58142956 -0.75773376 -0.29627558
v -0.59217795 -0.77174134 -0.23182015
v -0.60028154 -0.78230213 -0.16632935
v -0.60570412 -0.78936897 -0.10009569
v -0.60842147 -0.79291030 -0.03341498
v -0.60842147 -0.79291030 0.03341498
v -0.60570412 -0.78936897 0.10009569
v -0.60028154 -0.78230213 0.16632935
v -0.59217795 -0.77174134 0.23182015
v -0.58142956 -0.75773376 0.29627558
v -0.56808436 -0.74034195 0.35940777
v -0.55220196 -0.71964361 0.42093476
v -0.53385329 -0.69573115 0.48058176
v -0.51312030 -0.66871140 0.53808235
v -0.49009560 -0.63870502 0.59317974
v -0.46488200 -0.60584602 0.64562785
v -0.43759213 -0.57028117 0.69519243
v -0.40834787 -0.53216931 0.74165211
v -0.37727983 -0.49168064 0.78479939
v -0.34452676 -0.44899602 0.82444156
v -0.31023496 -0.40430607 0.86040158
v -0.27455756 -0.35781038 0.89251884
v -0.23765393 -0.30971664 0.92064989
v -0.19968888 -0.26023962 0.94466909
v -0.16083197 -0.20960030 0.96446918
v -0.12125674 -0.15802487 0.97996171
v -0.08113996 -0.10574365 0.99107749
v -0.04066078 -0.05299016 0.99776688
v -0.03710800 -0.05553605 -0.99776688
v -0.07405026 -0.11082405 -0.99107749
v -0.11066180 -0.16561709 -0.97996171
v -0.14677910 -0.21967045 -0.96446918
v -0.18224085 -0.27274270 -0.94466909
v -0.21688866 -0.32459682 -0.92064989
v -0.25056780 -0.37500121 -0.89251884
v -0.28312784 -0.42373075 -0.86040158
v -0.31442336 -0.47056781 -0.82444156
v -0.34431459 -0.51530320 -0.78479939
v -0.37266803 -0.55773712 -0.74165211
v -0.39935704 -0.59768005 -0.69519243
v -0.42426243 -0.63495360 -0.64562785
v -0.44727296 -0.66939128 -0.59317974
v -0.46828586 -0.70083931 -0.53808235
v -0.48720728 -0.72915722 -0.48058176
v -0.50395271 -0.75421853 -0.42093476
v -0.51844737 -0.77591132 -0.35940777
v -0.53062652 -0.79413870 -0.29627558
v -0.54043576 -0.80881927 -0.23182015
v -0.54783128 -0.81988745 -0.16632935
v -0.55278006 -0.82729382 -0.10009569
v -0.55525998 -0.83100529 -0.03341498
v -0.55525998 -0.83100529 0.03341498
v -0.55278006 -0.82729382 0.10009569
v -0.54783128 -0.81988745 0.16632935
v -0.54043576 -0.80881927 0.23182015
v -0.53062652 -0.79413870 0.29627558
v -0.51844737 -0.77591132 0.35940777
v -0.50395271 -0.75421853 0.42093476
v -0.48720728 -0.72915722 0.48058176
v -0.46828586 -0.70083931 0.53808235
v -0.44727296 -0.66939128 0.59317974
v -0.42426243 -0.63495360 0.64562785
v -0.39935704 -0.59768005 0.69519243
v -0.37266803 -0.55773712 0.74165211
v -0.34431459 -0.51530320 0.78479939
v -0.31442336 -0.47056781 0.82444156
v -0.28312784 -0.42373075 0.86040158
v -0.25056780 -0.37500121 0.89251884
v -0.21688866 -0.32459682 0.92064989
v -0.18224085 -0.27274270 0.94466909
v -0.14677910 -0.21967045 0.96446918
v -0.11066180 -0.16561709 0.97996171
v -0.07405026 -0.11082405 0.99107749
v -0.03710800 -0.05553605 0.99776688
v -0.03339632 -0.05784412 -0.99776688
v -0.06664348 -0.11542989 -0.99107749
v -0.09959299 -0.17250012 -0.97996171
v -0.13209770 -0.22879993 -0.96446918
v -0.16401243 -0.28407786 -0.94466909
v -0.19519464 -0.33808703 -0.92064989
v -0.22550506 -0.39058622 -0.89251884
v -0.25480832 -0.44134096 -0.86040158
v -0.28297355 -0.49012456 -0.82444156
v -0.30987494 -0.53671915 -0.78479939
v -0.33539237 -0.58091662 -0.74165211
v -0.35941184 -0.62251957 -0.69519243
v -0.38182610 -0.66134220 -0.64562785
v -0.40253503 -0.69721112 -0.59317974
v -0.42144614 -0.72996612 -0.53808235
v -0.43847496 -0.75946092 -0.48058176
v -0.45354546 -0.78556377 -0.42093476
v -0.46659031 -0.80815812 -0.35940777
v -0.47755125 -0.82714303 -0.29627558
v -0.48637933 -0.84243371 -0.23182015
v -0.49303513 -0.85396189 -0.16632935
v -0.49748891 -0.86167606 -0.10009569
v -0.49972078 -0.86554178 -0.03341498
v -0.49972078 -0.86554178 0.03341498
v -0.49748891 -0.86167606 0.10009569
v -0.49303513 -0.85396189 0.16632935
v -0.48637933 -0.84243371 0.23182015
v -0.47755125 -0.82714303 0.29627558
v -0.46659031 -0.80815812 0.35940777
v -0.45354546 -0.78556377 0.42093476
v -0.43847496 -0.75946092 0.48058176
v -0.42144614 -0.72996612 0.53808235
v -0.40253503 -0.69721112 0.59317974
v -0.38182610 -0.66134220 0.64562785
v -0.35941184 -0.62251957 0.69519243
v -0.33539237 -0.58091662 0.74165211
v -0.30987494 -0.53671915 0.78479939
v -0.28297355 -0.49012456 0.82444156
v -0.25480832 -0.44134096 0.86040158
v -0.22550506 -0.39058622 0.89251884
v -0.19519464 -0.33808703 0.92064989
v -0.16401243 -0.28407786 0.94466909
v -0.13209770 -0.22879993 0.96446918
v -0.09959299 -0.17250012 0.97996171
v -0.06664348 -0.11542989 0.99107749
v -0.03339632 -0.05784412 0.99776688
v -0.02954163 -0.05990449 -0.99776688
v -0.05895131 -0.11954144 -0.99107749
v -0.08809771 -0.17864448 -0.97996171
v -0.11685064 -0.23694965 -0.96446918
v -0.14508168 -0.29419655 -0.94466909
v -0.17266476 -0.35012950 -0.92064989
v -0.19947667 -0.40449868 -0.89251884
v -0.22539768 -0.45706128 -0.86040158
v -0.25031200 -0.50758252 -0.82444156
v -0.27410837 -0.55583678 -0.78479939
v -0.29668050 -0.60160854 -0.74165211
v -0.31792759 -0.64469337 -0.69519243
v -0.33775473 -0.68489884 -0.64562785
v -0.35607338 -0.72204539 -0.59317974
v -0.37280172 -0.75596710 -0.53808235
v -0.38786504 -0.78651249 -0.48058176
v -0.40119605 -0.81354511 -0.42093476
v -0.41273523 -0.83694425 -0.35940777
v -0.42243103 -0.85660540 -0.29627558
v -0.43024016 -0.87244073 -0.23182015
v -0.43612772 -0.88437953 -0.16632935
v -0.44006743 -0.89236848 -0.10009569
v -0.44204170 -0.89637190 -0.03341498
v -0.44204170 -0.89637190 0.03341498
v -0.44006743 -0.89236848 0.10009569
v -0.43612772 -0.88437953 0.16632935
v -0.43024016 -0.87244073 0.23182015
v -0.42243103 -0.85660540 0.29627558
v -0.41273523 -0.83694425 0.35940777
v -0.40119605 -0.81354511 0.42093476
v -0.38786504 -0.78651249 0.48058176
v -0.37280172 -0.75596710 0.53808235
v -0.35607338 -0.72204539 0.59317974
v -0.33775473 -0.68489884 0.64562785
v -0.31792759 -0.64469337 0.69519243
v -0.29668050 -0.60160854 0.74165211
v -0.27410837 -0.55583678 0.78479939
v -0.25031200 -0.50758252 0.82444156
v -0.22539768 -0.45706128 0.86040158
v -0.19947667 -0.40449868 0.89251884
v -0.17266476 -0.35012950 0.92064989
v -0.14508168 -0.29419655 0.94466909
v -0.11685064 -0.23694965 0.96446918
v -0.08809771 -0.17864448 0.97996171
v -0.05895131 -0.11954144 0.99107749
v -0.02954163 -0.05990449 0.99776688
v -0.02556043 -0.06170835 -0.99776688
v -0.05100671 -0.12314109 -0.99107749
v -0.07622518 -0.18402385 -0.97996171
v -0.10110320 -0.24408472 -0.96446918
v -0.12552968 -0.30305545 -0.94466909
v -0.14939551 -0.36067266 -0.92064989
v -0.17259410 -0.41667902 -0.89251884
v -0.19502185 -0.47082439 -0.86040158
v -0.21657858 -0.52286694 -0.82444156
v -0.23716801 -0.57257424 -0.78479939
v -0.25669820 -0.61972428 -0.74165211
v -0.27508191 -0.66410649 -0.69519243
v -0.29223704 -0.70552263 -0.64562785
v -0.30808697 -0.74378774 -0.59317974
v -0.32256091 -0.77873092 -0.53808235
v -0.33559421 -0.81019609 -0.48058176
v -0.34712866 -0.83804273 -0.42093476
v -0.35711276 -0.86214647 -0.35940777
v -0.36550190 -0.88239965 -0.29627558
v -0.37225862 -0.89871182 -0.23182015
v -0.37735275 -0.91101013 -0.16632935
v -0.38076153 -0.91923964 -0.10009569
v -0.38246973 -0.92336360 -0.03341498
v -0.38246973 -0.92336360 0.03341498
v -0.38076153 -0.91923964 0.10009569
v -0.37735275 -0.91101013 0.16632935
v -0.37225862 -0.89871182 0.23182015
v -0.36550190 -0.88239965 0.29627558
v -0.35711276 -0.86214647 0.35940777
v -0.34712866 -0.83804273 0.42093476
v -0.33559421 -0.81019609 0.48058176
v -0.32256091 -0.77873092 0.53808235
v -0.30808697 -0.74378774 0.59317974
v -0.29223704 -0.70552263 0.64562785
v -0.27508191 -0.66410649 0.69519243
v -0.25669820 -0.61972428 0.74165211
v -0.23716801 -0.57257424 0.78479939
v -0.21657858 -0.52286694 0.82444156
v -0.19502185 -0.47082439 0.86040158
v -0.17259410 -0.41667902 0.89251884
v -0.14939551 -0.36067266 0.92064989
v -0.12552968 -0.30305545 0.94466909
v -0.10110320 -0.24408472 0.96446918
v -0.07622518 -0.18402385 0.97996171
v -0.05100671 -0.12314109 0.99107749
v -0.02556043 -0.06170835 0.99776688
v -0.02146979 -0.06324796 -0.99776688
v -0.04284369 -0.12621343 -0.99107749
v -0.06402624 -0.18861521 -0.97996171
v -0.08492283 -0.25017459 -0.96446918
v -0.10544013 -0.31061662 -0.94466909
v -0.12548652 -0.36967137 -0.92064989
v -0.14497245 -0.42707507 -0.89251884
v -0.16381090 -0.48257135 -0.86040158
v -0.18191773 -0.53591236 -0.82444156
v -0.19921207 -0.58685984 -0.78479939
v -0.21561668 -0.63518627 -0.74165211
v -0.23105830 -0.68067580 -0.69519243
v -0.24546795 -0.72312527 -0.64562785
v -0.25878129 -0.76234509 -0.59317974
v -0.27093884 -0.79816009 -0.53808235
v -0.28188632 -0.83041031 -0.48058176
v -0.29157482 -0.85895172 -0.42093476
v -0.29996108 -0.88365684 -0.35940777
v -0.30700764 -0.90441533 -0.29627558
v -0.31268302 -0.92113449 -0.23182015
v -0.31696190 -0.93373963 -0.16632935
v -0.31982514 -0.94217447 -0.10009569
v -0.32125996 -0.94640133 -0.03341498
v -0.32125996 -0.94640133 0.03341498
v -0.31982514 -0.94217447 0.10009569
v -0.31696190 -0.93373963 0.16632935
v -0.31268302 -0.92113449 0.23182015
v -0.30700764 -0.90441533 0.29627558
v -0.29996108 -0.88365684 0.35940777
v -0.29157482 -0.85895172 0.42093476
v -0.28188632 -0.83041031 0.48058176
v -0.27093884 -0.79816009 0.53808235
v -0.25878129 -0.76234509 0.59317974
v -0.24546795 -0.72312527 0.64562785
v -0.23105830 -0.68067580 0.69519243
v -0.21561668 -0.63518627 0.74165211
v -0.19921207 -0.58685984 0.78479939
v -0.18191773 -0.53591236 0.82444156
v -0.16381090 -0.48257135 0.86040158
v -0.14497245 -0.42707507 0.89251884
v -0.12548652 -0.36967137 0.92064989
v -0.10544013 -0.31061662 0.94466909
v -0.08492283 -0.25017459 0.96446918
v -0.06402624 -0.18861521 0.97996171
v -0.04284369 -0.12621343 0.99107749
v -0.02146979 -0.06324796 0.99776688
v -0.01728721 -0.06451673 -0.99776688
v -0.03449720 -0.12874531 -0.99107749
v -0.05155313 -0.19239889 -0.97996171
v -0.06837880 -0.25519316 -0.96446918
v -0.08489908 -0.31684768 -0.94466909
v -0.10104018 -0.37708708 -0.92064989
v -0.11673001 -0.43564232 -0.89251884
v -0.13189849 -0.49225188 -0.86040158
v -0.14647789 -0.54666291 -0.82444156
v -0.16040307 -0.59863242 -0.78479939
v -0.17361186 -0.64792829 -0.74165211
v -0.18604526 -0.69433036 -0.69519243
v -0.19764773 -0.73763138 -0.64562785
v -0.20836746 -0.77763796 -0.59317974
v -0.21815657 -0.81417141 -0.53808235
v -0.22697134 -0.84706858 -0.48058176
v -0.23477240 -0.87618254 -0.42093476
v -0.24152491 -0.90138325 -0.35940777
v -0.24719872 -0.92255817 -0.29627558
v -0.25176847 -0.93961272 -0.23182015
v -0.25521376 -0.95247072 -0.16632935
v -0.25751921 -0.96107477 -0.10009569
v -0.25867451 -0.96538642 -0.03341498
v -0.25867451 -0.96538642 0.03341498
v -0.25751921 -0.96107477 0.10009569
v -0.25521376 -0.95247072 0.16632935
v -0.25176847 -0.93961272 0.23182015
v -0.24719872 -0.92255817 0.29627558
v -0.24152491 -0.90138325 0.35940777
v -0.23477240 -0.87618254 0.42093476
v -0.22697134 -0.84706858 0.48058176
v -0.21815657 -0.81417141 0.53808235
v -0.20836746 -0.77763796 0.59317974
v -0.19764773 -0.73763138 0.64562785
v -0.18604526 -0.69433036 0.69519243
v -0.17361186 -0.64792829 0.74165211
v -0.16040307 -0.59863242 0.78479939
v -0.14647789 -0.54666291 0.82444156
v -0.13189849 -0.49225188 0.86040158
v -0.11673001 -0.43564232 0.89251884
v -0.10104018 -0.37708708 0.92064989
v -0.08489908 -0.31684768 0.94466909
v -0.06837880 -0.25519316 0.96446918
v -0.05155313 -0.19239889 0.97996171
v -0.03449720 -0.12874531 0.99107749
v -0.01728721 -0.06451673 0.99776688
v -0.01303060 -0.06550923 -0.99776688
v -0.02600300 -0.13072588 -0.99107749
v -0.03885926 -0.19535868 -0.97996171
v -0.05154197 -0.25911896 -0.96446918
v -0.06399448 -0.32172195 -0.94466909
v -0.07616117 -0.38288805 -0.92064989
v -0.08798771 -0.44234409 -0.89251884
v -0.09942127 -0.49982450 -0.86040158
v -0.11041080 -0.55507258 -0.82444156
v -0.12090721 -0.60784157 -0.78479939
v -0.13086361 -0.65789579 -0.74165211
v -0.14023554 -0.70501169 -0.69519243
v -0.14898115 -0.74897883 -0.64562785
v -0.15706138 -0.78960086 -0.59317974
v -0.16444012 -0.82669633 -0.53808235
v -0.17108444 -0.86009958 -0.48058176
v -0.17696466 -0.88966142 -0.42093476
v -0.18205451 -0.91524981 -0.35940777
v -0.18633125 -0.93675047 -0.29627558
v -0.18977580 -0.95406738 -0.23182015
v -0.19237276 -0.96712319 -0.16632935
v -0.19411054 -0.97585960 -0.10009569
v -0.19498138 -0.98023757 -0.03341498
v -0.19498138 -0.98023757 0.03341498
v -0.19411054 -0.97585960 0.10009569
v -0.19237276 -0.96712319 0.16632935
v -0.18977580 -0.95406738 0.23182015
v -0.18633125 -0.93675047 0.29627558
v -0.18205451 -0.91524981 0.35940777
v -0.17696466 -0.88966142 0.42093476
v -0.17108444 -0.86009958 0.48058176
v -0.16444012 -0.82669633 0.53808235
v -0.15706138 -0.78960086 0.59317974
v -0.14898115 -0.74897883 0.64562785
v -0.14023554 -0.70501169 0.69519243
v -0.13086361 -0.65789579 0.74165211
v -0.12090721 -0.60784157 0.78479939
v -0.11041080 -0.55507258 0.82444156
v -0.09942127 -0.49982450 0.86040158
v -0.08798771 -0.44234409 0.89251884
v -0.07616117 -0.38288805 0.92064989
v -0.06399448 -0.32172195 0.94466909
v -0.05154197 -0.25911896 0.96446918
v -0.03885926 -0.19535868 0.97996171
v -0.02600300 -0.13072588 0.99107749
v -0.01303060 -0.06550923 0.99776688
v -0.00871819 -0.06622121 -0.99776688
v -0.01739744 -0.13214667 -0.99107749
v -0.02599899 -0.19748192 -0.97996171
v -0.03448442 -0.26193517 -0.96446918
v -0.04281584 -0.32521856 -0.94466909
v -0.05095603 -0.38704944 -0.92064989
v -0.05886863 -0.44715167 -0.89251884
v -0.06651832 -0.50525680 -0.86040158
v -0.07387092 -0.56110534 -0.82444156
v -0.08089359 -0.61444784 -0.78479939
v -0.08755498 -0.66504607 -0.74165211
v -0.09382532 -0.71267405 -0.69519243
v -0.09967661 -0.75711905 -0.64562785
v -0.10508273 -0.79818257 -0.59317974
v -0.11001952 -0.83568121 -0.53808235
v -0.11446493 -0.86944750 -0.48058176
v -0.11839912 -0.89933063 -0.42093476
v -0.12180451 -0.92519712 -0.35940777
v -0.12466589 -0.94693146 -0.29627558
v -0.12697048 -0.96443658 -0.23182015
v -0.12870800 -0.97763429 -0.16632935
v -0.12987067 -0.98646564 -0.10009569
v -0.13045330 -0.99089120 -0.03341498
v -0.13045330 -0.99089120 0.03341498
v -0.12987067 -0.98646564 0.10009569
v -0.12870800 -0.97763429 0.16632935
v -0.12697048 -0.96443658 0.23182015
v -0.12466589 -0.94693146 0.29627558
v -0.12180451 -0.92519712 0.35940777
v -0.11839912 -0.89933063 0.42093476
v -0.11446493 -0.86944750 0.48058176
v -0.11001952 -0.83568121 0.53808235
v -0.10508273 -0.79818257 0.59317974
v -0.09967661 -0.75711905 0.64562785
v -0.09382532 -0.71267405 0.69519243
v -0.08755498 -0.66504607 0.74165211
v -0.08089359 -0.61444784 0.78479939
v -0.07387092 -0.56110534 0.82444156
v -0.06651832 -0.50525680 0.86040158
v -0.05886863 -0.44715167 0.89251884
v -0.05095603 -0.38704944 0.92064989
v -0.04281584 -0.32521856 0.94466909
v -0.03448442 -0.26193517 0.96446918
v -0.02599899 -0.19748192 0.97996171
v -0.01739744 -0.13214667 0.99107749
v -0.00871819 -0.06622121 0.99776688
v -0.00436845 -0.06664963 -0.99776688
v -0.00871738 -0.13300158 -0.99107749
v -0.01302739 -0.19875951 -0.97996171
v -0.01727921 -0.26362974 -0.96446918
v -0.02145385 -0.32732253 -0.94466909
v -0.02553268 -0.38955342 -0.92064989
v -0.02949747 -0.45004447 -0.89251884
v -0.03333052 -0.50852551 -0.86040158
v -0.03701471 -0.56473536 -0.82444156
v -0.04053358 -0.61842296 -0.78479939
v -0.04387142 -0.66934853 -0.74165211
v -0.04701332 -0.71728463 -0.69519243
v -0.04994524 -0.76201716 -0.64562785
v -0.05265410 -0.80334634 -0.59317974
v -0.05512779 -0.84108757 -0.53808235
v -0.05735527 -0.87507231 -0.48058176
v -0.05932658 -0.90514876 -0.42093476
v -0.06103293 -0.93118260 -0.35940777
v -0.06246669 -0.95305755 -0.29627558
v -0.06362146 -0.97067591 -0.23182015
v -0.06449208 -0.98395900 -0.16632935
v -0.06507466 -0.99284749 -0.10009569
v -0.06536661 -0.99730168 -0.03341498
v -0.06536661 -0.99730168 0.03341498
v -0.06507466 -0.99284749 0.10009569
v -0.06449208 -0.98395900 0.16632935
v -0.06362146 -0.97067591 0.23182015
v -0.06246669 -0.95305755 0.29627558
v -0.06103293 -0.93118260 0.35940777
v -0.05932658 -0.90514876 0.42093476
v -0.05735527 -0.87507231 0.48058176
v -0.05512779 -0.84108757 0.53808235
v -0.05265410 -0.80334634 0.59317974
v -0.04994524 -0.76201716 0.64562785
v -0.04701332 -0.71728463 0.69519243
v -0.04387142 -0.66934853 0.74165211
v -0.04053358 -0.61842296 0.78479939
v -0.03701471 -0.56473536 0.82444156
v -0.03333052 -0.50852551 0.86040158
v -0.02949747 -0.45004447 0.89251884
v -0.02553268 -0.38955342 0.92064989
v -0.02145385 -0.32732253 0.94466909
v -0.01727921 -0.26362974 0.96446918
v -0.01302739 -0.19875951 0.97996171
v -0.00871738 -0.13300158 0.99107749
v -0.00436845 -0.06664963 0.99776688
v -0.00000000 -0.06679263 -0.99776688
v -0.00000000 -0.13328696 -0.99107749
v -0.00000000 -0.19918599 -0.97996171
v -0.00000000 -0.26419540 -0.96446918
v -0.00000000 -0.32802486 -0.94466909
v -0.00000000 -0.39038928 -0.92064989
v -0.00000000 -0.45101012 -0.89251884
v -0.00000000 -0.50961664 -0.86040158
v -0.00000000 -0.56594709 -0.82444156
v -0.00000000 -0.61974989 -0.78479939
v -0.00000000 -0.67078473 -0.74165211
v -0.00000000 -0.71882368 -0.69519243
v -0.00000000 -0.76365220 -0.64562785
v -0.00000000 -0.80507005 -0.59317974
v -0.00000000 -0.84289227 -0.53808235
v -0.00000000 -0.87694993 -0.48058176
v -0.00000000 -0.90709091 -0.42093476
v -0.00000000 -0.93318061 -0.35940777
v -0.00000000 -0.95510250 -0.29627558
v -0.00000000 -0.97275866 -0.23182015
v -0.00000000 -0.98607025 -0.16632935
v -0.00000000 -0.99497782 -0.10009569
v -0.00000000 -0.99944156 -0.03341498
v -0.00000000 -0.99944156 0.03341498
v -0.00000000 -0.99497782 0.10009569
v -0.00000000 -0.98607025 0.16632935
v -0.00000000 -0.97275866 0.23182015
v -0.00000000 -0.95510250 0.29627558
v -0.00000000 -0.93318061 0.35940777
v -0.00000000 -0.90709091 0.42093476
v -0.00000000 -0.87694993 0.48058176
v -0.00000000 -0.84289227 0.53808235
v -0.00000000 -0.80507005 0.59317974
v -0.00000000 -0.76365220 0.64562785
v -0.00000000 -0.71882368 0.69519243
v -0.00000000 -0.67078473 0.74165211
v -0.00000000 -0.61974989 0.78479939
v -0.00000000 -0.56594709 0.82444156
v -0.00000000 -0.50961664 0.86040158
v -0.00000000 -0.45101012 0.89251884
v -0.00000000 -0.39038928 0.92064989
v -0.00000000 -0.32802486 0.94466909
v -0.00000000 -0.26419540 0.96446918
v -0.00000000 -0.19918599 0.97996171
v -0.00000000 -0.13328696 0.99107749
v -0.00000000 -0.06679263 0.99776688
v 0.00436845 -0.06664963 -0.99776688
v 0.00871738 -0.13300158 -0.99107749
v 0.01302739 -0.19875951 -0.97996171
v 0.01727921 -0.26362974 -0.96446918
v 0.02145385 -0.32732253 -0.94466909
v 0.02553268 -0.38955342 -0.92064989
v 0.02949747 -0.45004447 -0.89251884
v 0.03333052 -0.50852551 -0.86040158
v 0.03701471 -0.56473536 -0.82444156
v 0.04053358 -0.61842296 -0.78479939
v 0.04387142 -0.66934853 -0.74165211
v 0.04701332 -0.71728463 -0.69519243
v 0.04994524 -0.76201716 -0.64562785
v 0.05265410 -0.80334634 -0.59317974
v 0.05512779 -0.84108757 -0.53808235
v 0.05735527 -0.87507231 -0.48058176
v 0.05932658 -0.90514876 -0.42093476
v 0.06103293 -0.93118260 -0.35940777
v 0.06246669 -0.95305755 -0.29627558
v 0.06362146 -0.97067591 -0.23182015
v 0.06449208 -0.98395900 -0.16632935
v 0.06507466 -0.99284749 -0.10009569
v 0.06536661 -0.99730168 -0.03341498
v 0.06536661 -0.99730168 0.03341498
v 0.06507466 -0.99284749 0.10009569
v 0.06449208 -0.98395900 0.16632935
v 0.06362146 -0.97067591 0.23182015
v 0.06246669 -0.95305755 0.29627558
v 0.06103293 -0.93118260 0.35940777
v 0.05932658 -0.90514876 0.42093476
v 0.05735527 -0.87507231 0.48058176
v 0.05512779 -0.84108757 0.53808235
v 0.05265410 -0.80334634 0.59317974
v 0.04994524 -0.76201716 0.64562785
v 0.04701332 -0.71728463 0.69519243
v 0.04387142 -0.66934853 0.74165211
v 0.04053358 -0.61842296 0.78479939
v 0.03701471 -0.56473536 0.82444156
v 0.03333052 -0.50852551 0.86040158
v 0.02949747 -0.45004447 0.89251884
v 0.02553268 -0.38955342 0.92064989
v 0.02145385 -0.32732253 0.94466909
v 0.01727921 -0.26362974 0.96446918
v 0.01302739 -0.19875951 0.97996171
v 0.00871738 -0.13300158 0.99107749
v 0.00436845 -0.06664963 0.99776688
v 0.00871819 -0.06622121 -0.99776688
v 0.01739744 -0.13214667 -0.99107749
v 0.02599899 -0.19748192 -0.97996171
v 0.03448442 -0.26193517 -0.96446918
v 0.04281584 -0.32521856 -0.94466909
v 0.05095603 -0.38704944 -0.92064989
v 0.05886863 -0.44715167 -0.89251884
v 0.06651832 -0.50525680 -0.86040158
v 0.07387092 -0.56110534 -0.82444156
v 0.08089359 -0.61444784 -0.78479939
v 0.08755498 -0.66504607 -0.74165211
v 0.09382532 -0.71267405 -0.69519243
v 0.09967661 -0.75711905 -0.64562785
v 0.10508273 -0.79818257 -0.59317974
v 0.11001952 -0.83568121 -0.53808235
v 0.11446493 -0.86944750 -0.48058176
v 0.11839912 -0.89933063 -0.42093476
v 0.12180451 -0.92519712 -0.35940777
v 0.12466589 -0.94693146 -0.29627558
v 0.12697048 -0.96443658 -0.23182015
v 0.12870800 -0.97763429 -0.16632935
v 0.12987067 -0.98646564 -0.10009569
v 0.13045330 -0.99089120 -0.03341498
v 0.13045330 -0.99089120 0.03341498
v 0.12987067 -0.98646564 0.10009569
v 0.12870800 -0.97763429 0.16632935
v 0.12697048 -0.96443658 0.23182015
v 0.12466589 -0.94693146 0.29627558
v 0.12180451 -0.92519712 0.35940777
v 0.11839912 -0.89933063 0.42093476
v 0.11446493 -0.86944750 0.48058176
v 0.11001952 -0.83568121 0.53808235
v 0.10508273 -0.79818257 0.59317974
v 0.09967661 -0.75711905 0.64562785
v 0.09382532 -0.71267405 0.69519243
v 0.08755498 -0.66504607 0.74165211
v 0.08089359 -0.61444784 0.78479939
v 0.07387092 -0.56110534 0.82444156
v 0.06651832 -0.50525680 0.86040158
v 0.05886863 -0.44715167 0.89251884
v 0.05095603 -0.38704944 0.92064989
v 0.04281584 -0.32521856 0.94466909
v 0.03448442 -0.26193517 0.96446918
v 0.02599899 -0.19748192 0.97996171
v 0.01739744 -0.13214667 0.99107749
v 0.00871819 -0.06622121 0.99776688
v 0.01303060 -0.06550923 -0.99776688
v 0.02600300 -0.13072588 -0.99107749
v 0.03885926 -0.19535868 -0.97996171
v 0.05154197 -0.25911896 -0.96446918
v 0.06399448 -0.32172195 -0.94466909
v 0.07616117 -0.38288805 -0.92064989
v 0.08798771 -0.44234409 -0.89251884
v 0.09942127 -0.49982450 -0.86040158
v 0.11041080 -0.55507258 -0.82444156
v 0.12090721 -0.60784157 -0.78479939
v 0.13086361 -0.65789579 -0.74165211
v 0.14023554 -0.70501169 -0.69519243
v 0.14898115 -0.74897883 -0.64562785
v 0.15706138 -0.78960086 -0.59317974
v 0.16444012 -0.82669633 -0.53808235
v 0.17108444 -0.86009958 -0.48058176
v 0.17696466 -0.88966142 -0.42093476
v 0.18205451 -0.91524981 -0.35940777
v 0.18633125 -0.93675047 -0.29627558
v 0.18977580 -0.95406738 -0.23182015
v 0.19237276 -0.96712319 -0.16632935
v 0.19411054 -0.97585960 -0.10009569
v 0.19498138 -0.98023757 -0.03341498
v 0.19498138 -0.98023757 0.03341498
v 0.19411054 -0.97585960 0.10009569
v 0.19237276 -0.96712319 0.16632935
v 0.18977580 -0.95406738 0.23182015
v 0.18633125 -0.93675047 0.29627558
v 0.18205451 -0.91524981 0.35940777
v 0.17696466 -0.88966142 0.42093476
v 0.17108444 -0.86009958 0.48058176
v 0.16444012 -0.82669633 0.53808235
v 0.15706138 -0.78960086 0.59317974
v 0.14898115 -0.74897883 0.64562785
v 0.14023554 -0.70501169 0.69519243
v 0.13086361 -0.65789579 0.74165211
v 0.12090721 -0.60784157 0.78479939
v 0.11041080 -0.55507258 0.82444156
v 0.09942127 -0.49982450 0.86040158
v 0.08798771 -0.44234409 0.89251884
v 0.07616117 -0.38288805 0.92064989
v 0.06399448 -0.32172195 0.94466909
v 0.05154197 -0.25911896 0.96446918
v 0.03885926 -0.19535868 0.97996171
v 0.02600300 -0.13072588 0.99107749
v 0.01303060 -0.06550923 0.99776688
v 0.01728721 -0.06451673 -0.99776688
v 0.03449720 -0.12874531 -0.99107749
v 0.05155313 -0.19239889 -0.97996171
v 0.06837880 -0.25519316 -0.96446918
v 0.08489908 -0.31684768 -0.94466909
v 0.10104018 -0.37708708 -0.92064989
v 0.11673001 -0.43564232 -0.89251884
v 0.13189849 -0.49225188 -0.86040158
v 0.14647789 -0.54666291 -0.82444156
v 0.16040307 -0.59863242 -0.78479939
v 0.17361186 -0.64792829 -0.74165211
v 0.18604526 -0.69433036 -0.69519243
v 0.19764773 -0.73763138 -0.64562785
v 0.20836746 -0.77763796 -0.59317974
v 0.21815657 -0.81417141 -0.53808235
v 0.22697134 -0.84706858 -0.48058176
v 0.23477240 -0.87618254 -0.42093476
v 0.24152491 -0.90138325 -0.35940777
v 0.24719872 -0.92255817 -0.29627558
v 0.25176847 -0.93961272 -0.23182015
v 0.25521376 -0.95247072 -0.16632935
v 0.25751921 -0.96107477 -0.10009569
v 0.25867451 -0.96538642 -0.03341498
v 0.25867451 -0.96538642 0.03341498
v 0.25751921 -0.96107477 0.10009569
v 0.25521376 -0.95247072 0.16632935
v 0.25176847 -0.93961272 0.23182015
v 0.24719872 -0.92255817 0.29627558
v 0.24152491 -0.90138325 0.35940777
v 0.23477240 -0.87618254 0.42093476
v 0.22697134 -0.84706858 0.48058176
v 0.21815657 -0.81417141 0.53808235
v 0.20836746 -0.77763796 0.59317974
v 0.19764773 -0.73763138 0.64562785
v 0.18604526 -0.69433036 0.69519243
v 0.17361186 -0.64792829 0.74165211
v 0.16040307 -0.59863242 0.78479939
v 0.14647789 -0.54666291 0.82444156
v 0.13189849 -0.49225188 0.86040158
v 0.11673001 -0.43564232 0.89251884
v 0.10104018 -0.37708708 0.92064989
v 0.08489908 -0.31684768 0.94466909
v 0.06837880 -0.25519316 0.96446918
v 0.05155313 -0.19239889 0.97996171
v 0.03449720 -0.12874531 0.99107749
v 0.01728721 -0.06451673 0.99776688
v 0.02146979 -0.06324796 -0.99776688
v 0.04284369 -0.12621343 -0.99107749
v 0.06402624 -0.18861521 -0.97996171
v 0.08492283 -0.25017459 -0.96446918
v 0.10544013 -0.31061662 -0.94466909
v 0.12548652 -0.36967137 -0.92064989
v 0.14497245 -0.42707507 -0.89251884
v 0.16381090 -0.48257135 -0.86040158
v 0.18191773 -0.53591236 -0.82444156
v 0.19921207 -0.58685984 -0.78479939
v 0.21561668 -0.63518627 -0.74165211
v 0.23105830 -0.68067580 -0.69519243
v 0.24546795 -0.72312527 -0.64562785
v 0.25878129 -0.76234509 -0.59317974
v 0.27093884 -0.79816009 -0.53808235
v 0.28188632 -0.83041031 -0.48058176
v 0.29157482 -0.85895172 -0.42093476
v 0.29996108 -0.88365684 -0.35940777
v 0.30700764 -0.90441533 -0.29627558
v 0.31268302 -0.92113449 -0.23182015
v 0.31696190 -0.93373963 -0.16632935
v 0.31982514 -0.94217447 -0.10009569
v 0.32125996 -0.94640133 -0.03341498
v 0.32125996 -0.94640133 0.03341498
v 0.31982514 -0.94217447 0.10009569
v 0.31696190 -0.93373963 0.16632935
v 0.31268302 -0.92113449 0.23182015
v 0.30700764 -0.90441533 0.29627558
v 0.29996108 -0.88365684 0.35940777
v 0.29157482 -0.85895172 0.42093476
v 0.28188632 -0.83041031 0.48058176
v 0.27093884 -0.79816009 0.53808235
v 0.25878129 -0.76234509 0.59317974
v 0.24546795 -0.72312527 0.64562785
v 0.23105830 -0.68067580 0.69519243
v 0.21561668 -0.63518627 0.74165211
v 0.19921207 -0.58685984 0.78479939
v 0.18191773 -0.53591236 0.82444156
v 0.16381090 -0.48257135 0.86040158
v 0.14497245 -0.42707507 0.89251884
v 0.12548652 -0.36967137 0.92064989
v 0.10544013 -0.31061662 0.94466909
v 0.08492283 -0.25017459 0.96446918
v 0.06402624 -0.18861521 0.97996171
v 0.04284369 -0.12621343 0.99107749
v 0.02146979 -0.06324796 0.99776688
v 0.02556043 -0.06170835 -0.99776688
v 0.05100671 -0.12314109 -0.99107749
v 0.07622518 -0.18402385 -0.97996171
v 0.10110320 -0.24408472 -0.96446918
v 0.12552968 -0.30305545 -0.94466909
v 0.14939551 -0.36067266 -0.92064989
v 0.17259410 -0.41667902 -0.89251884
v 0.19502185 -0.47082439 -0.86040158
v 0.21657858 -0.52286694 -0.82444156
v 0.23716801 -0.57257424 -0.78479939
v 0.25669820 -0.61972428 -0.74165211
v 0.27508191 -0.66410649 -0.69519243
v 0.29223704 -0.70552263 -0.64562785
v 0.30808697 -0.74378774 -0.59317974
v 0.32256091 -0.77873092 -0.53808235
v 0.33559421 -0.81019609 -0.48058176
v 0.34712866 -0.83804273 -0.42093476
v 0.35711276 -0.86214647 -0.35940777
v 0.36550190 -0.88239965 -0.29627558
v 0.37225862 -0.89871182 -0.23182015
v 0.37735275 -0.91101013 -0.16632935
v 0.38076153 -0.91923964 -0.10009569
v 0.38246973 -0.92336360 -0.03341498
v 0.38246973 -0.92336360 0.03341498
v 0.38076153 -0.91923964 0.10009569
v 0.37735275 -0.91101013 0.16632935
v 0.37225862 -0.89871182 0.23182015
v 0.36550190 -0.88239965 0.29627558
v 0.35711276 -0.86214647 0.35940777
v 0.34712866 -0.83804273 0.42093476
v 0.33559421 -0.81019609 0.48058176
v 0.32256091 -0.77873092 0.53808235
v 0.30808697 -0.74378774 0.59317974
v 0.29223704 -0.70552263 0.64562785
v 0.27508191 -0.66410649 0.69519243
v 0.25669820 -0.61972428 0.74165211
v 0.23716801 -0.57257424 0.78479939
v 0.21657858 -0.52286694 0.82444156
v 0.19502185 -0.47082439 0.86040158
v 0.17259410 -0.41667902 0.89251884
v 0.14939551 -0.36067266 0.92064989
v 0.12552968 -0.30305545 0.94466909
v 0.10110320 -0.24408472 0.96446918
v 0.07622518 -0.18402385 0.97996171
v 0.05100671 -0.12314109 0.99107749
v 0.02556043 -0.06170835 0.99776688
v 0.02954163 -0.05990449 -0.99776688
v 0.05895131 -0.11954144 -0.99107749
v 0.08809771 -0.17864448 -0.97996171
v 0.11685064 -0.23694965 -0.96446918
v 0.14508168 -0.29419655 -0.94466909
v 0.17266476 -0.35012950 -0.92064989
v 0.19947667 -0.40449868 -0.89251884
v 0.22539768 -0.45706128 -0.86040158
v 0.25031200 -0.50758252 -0.82444156
v 0.27410837 -0.55583678 -0.78479939
v 0.29668050 -0.60160854 -0.74165211
v 0.31792759 -0.64469337 -0.69519243
v 0.33775473 -0.68489884 -0.64562785
v 0.35607338 -0.72204539 -0.59317974
v 0.37280172 -0.75596710 -0.53808235
v 0.38786504 -0.78651249 -0.48058176
v 0.40119605 -0.81354511 -0.42093476
v 0.41273523 -0.83694425 -0.35940777
v 0.42243103 -0.85660540 -0.29627558
v 0.43024016 -0.87244073 -0.23182015
v 0.43612772 -0.88437953 -0.16632935
v 0.44006743 -0.89236848 -0.10009569
v 0.44204170 -0.89637190 -0.03341498
v 0.44204170 -0.89637190 0.03341498
v 0.44006743 -0.89236848 0.10009569
v 0.43612772 -0.88437953 0.16632935
v 0.43024016 -0.87244073 0.23182015
v 0.42243103 -0.85660540 0.29627558
v 0.41273523 -0.83694425 0.35940777
v 0.40119605 -0.81354511 0.42093476
v 0.38786504 -0.78651249 0.48058176
v 0.37280172 -0.75596710 0.53808235
v 0.35607338 -0.72204539 0.59317974
v 0.33775473 -0.68489884 0.64562785
v 0.31792759 -0.64469337 0.69519243
v 0.29668050 -0.60160854 0.74165211
v 0.27410837 -0.55583678 0.78479939
v 0.25031200 -0.50758252 0.82444156
v 0.22539768 -0.45706128 0.86040158
v 0.19947667 -0.40449868 0.89251884
v 0.17266476 -0.35012950 0.92064989
v 0.14508168 -0.29419655 0.94466909
v 0.11685064 -0.23694965 0.96446918
v 0.08809771 -0.17864448 0.97996171
v 0.05895131 -0.11954144 0.99107749
v 0.02954163 -0.05990449 0.99776688
v 0.03339632 -0.05784412 -0.99776688
v 0.06664348 -0.11542989 -0.99107749
v 0.09959299 -0.17250012 -0.97996171
v 0.13209770 -0.22879993 -0.96446918
v 0.16401243 -0.28407786 -0.94466909
v 0.19519464 -0.33808703 -0.92064989
v 0.22550506 -0.39058622 -0.89251884
v 0.25480832 -0.44134096 -0.86040158
v 0.28297355 -0.49012456 -0.82444156
v 0.30987494 -0.53671915 -0.78479939
v 0.33539237 -0.58091662 -0.74165211
v 0.35941184 -0.62251957 -0.69519243
v 0.38182610 -0.66134220 -0.64562785
v 0.40253503 -0.69721112 -0.59317974
v 0.42144614 -0.72996612 -0.53808235
v 0.43847496 -0.75946092 -0.48058176
v 0.45354546 -0.78556377 -0.42093476
v 0.46659031 -0.80815812 -0.35940777
v 0.47755125 -0.82714303 -0.29627558
v 0.48637933 -0.84243371 -0.23182015
v 0.49303513 -0.85396189 -0.16632935
v 0.49748891 -0.86167606 -0.10009569
v 0.49972078 -0.86554178 -0.03341498
v 0.49972078 -0.86554178 0.03341498
v 0.49748891 -0.86167606 0.10009569
v 0.49303513 -0.85396189 0.16632935
v 0.48637933 -0.84243371 0.23182015
v 0.47755125 -0.82714303 0.29627558
v 0.46659031 -0.80815812 0.35940777
v 0.45354546 -0.78556377 0.42093476
v 0.43847496 -0.75946092 0.48058176
v 0.42144614 -0.72996612 0.53808235
v 0.40253503 -0.69721112 0.59317974
v 0.38182610 -0.66134220 0.64562785
v 0.35941184 -0.62251957 0.69519243
v 0.33539237 -0.58091662 0.74165211
v 0.30987494 -0.53671915 0.78479939
v 0.28297355 -0.49012456 0.82444156
v 0.25480832 -0.44134096 0.86040158
v 0.22550506 -0.39058622 0.89251884
v 0.19519464 -0.33808703 0.92064989
v 0.16401243 -0.28407786 0.94466909
v 0.13209770 -0.22879993 0.96446918
v 0.09959299 -0.17250012 0.97996171
v 0.06664348 -0.11542989 0.99107749
v 0.03339632 -0.05784412 0.99776688
v 0.03710800 -0.05553605 -0.99776688
v 0.07405026 -0.11082405 -0.99107749
v 0.11066180 -0.16561709 -0.97996171
v 0.14677910 -0.21967045 -0.96446918
v 0.18224085 -0.27274270 -0.94466909
v 0.21688866 -0.32459682 -0.92064989
v 0.25056780 -0.37500121 -0.89251884
v 0.28312784 -0.42373075 -0.86040158
v 0.31442336 -0.47056781 -0.82444156
v 0.34431459 -0.51530320 -0.78479939
v 0.37266803 -0.55773712 -0.74165211
v 0.39935704 -0.59768005 -0.69519243
v 0.42426243 -0.63495360 -0.64562785
v 0.44727296 -0.66939128 -0.59317974
v 0.46828586 -0.70083931 -0.53808235
v 0.48720728 -0.72915722 -0.48058176
v 0.50395271 -0.75421853 -0.42093476
v 0.51844737 -0.77591132 -0.35940777
v 0.53062652 -0.79413870 -0.29627558
v 0.54043576 -0.80881927 -0.23182015
v 0.54783128 -0.81988745 -0.16632935
v 0.55278006 -0.82729382 -0.10009569
v 0.55525998 -0.83100529 -0.03341498
v 0.55525998 -0.83100529 0.03341498
v 0.55278006 -0.82729382 0.10009569
v 0.54783128 -0.81988745 0.16632935
v 0.54043576 -0.80881927 0.23182015
v 0.53062652 -0.79413870 0.29627558
v 0.51844737 -0.77591132 0.35940777
v 0.50395271 -0.75421853 0.42093476
v 0.48720728 -0.72915722 0.48058176
v 0.46828586 -0.70083931 0.53808235
v 0.44727296 -0.66939128 0.59317974
v 0.42426243 -0.63495360 0.64562785
v 0.39935704 -0.59768005 0.69519243
v 0.37266803 -0.55773712 0.74165211
v 0.34431459 -0.51530320 0.78479939
v 0.31442336 -0.47056781 0.82444156
v 0.28312784 -0.42373075 0.86040158
v 0.25056780 -0.37500121 0.89251884
v 0.21688866 -0.32459682 0.92064989
v 0.18224085 -0.27274270 0.94466909
v 0.14677910 -0.21967045 0.96446918
v 0.11066180 -0.16561709 0.97996171
v 0.07405026 -0.11082405 0.99107749
v 0.03710800 -0.05553605 0.99776688
v 0.04066078 -0.05299016 -0.99776688
v 0.08113996 -0.10574365 -0.99107749
v 0.12125674 -0.15802487 -0.97996171
v 0.16083197 -0.20960030 -0.96446918
v 0.19968888 -0.26023962 -0.94466909
v 0.23765393 -0.30971664 -0.92064989
v 0.27455756 -0.35781038 -0.89251884
v 0.31023496 -0.40430607 -0.86040158
v 0.34452676 -0.44899602 -0.82444156
v 0.37727983 -0.49168064 -0.78479939
v 0.40834787 -0.53216931 -0.74165211
v 0.43759213 -0.57028117 -0.69519243
v 0.46488200 -0.60584602 -0.64562785
v 0.49009560 -0.63870502 -0.59317974
v 0.51312030 -0.66871140 -0.53808235
v 0.53385329 -0.69573115 -0.48058176
v 0.55220196 -0.71964361 -0.42093476
v 0.56808436 -0.74034195 -0.35940777
v 0.58142956 -0.75773376 -0.29627558
v 0.59217795 -0.77174134 -0.23182015
v 0.60028154 -0.78230213 -0.16632935
v 0.60570412 -0.78936897 -0.10009569
v 0.60842147 -0.79291030 -0.03341498
v 0.60842147 -0.79291030 0.03341498
v 0.60570412 -0.78936897 0.10009569
v 0.60028154 -0.78230213 0.16632935
v 0.59217795 -0.77174134 0.23182015
v 0.58142956 -0.75773376 0.29627558
v 0.56808436 -0.74034195 0.35940777
v 0.55220196 -0.71964361 0.42093476
v 0.53385329 -0.69573115 0.48058176
v 0.51312030 -0.66871140 0.53808235
v 0.49009560 -0.63870502 0.59317974
v 0.46488200 -0.60584602 0.64562785
v 0.43759213 -0.57028117 0.69519243
v 0.40834787 -0.53216931 0.74165211
v 0.37727983 -0.49168064 0.78479939
v 0.34452676 -0.44899602 0.82444156
v 0.31023496 -0.40430607 0.86040158
v 0.27455756 -0.35781038 0.89251884
v 0.23765393 -0.30971664 0.92064989
v 0.19968888 -0.26023962 0.94466909
v 0.16083197 -0.20960030 0.96446918
v 0.12125674 -0.15802487 0.97996171
v 0.08113996 -0.10574365 0.99107749
v 0.04066078 -0.05299016 0.99776688
v 0.04403944 -0.05021736 -0.99776688
v 0.08788220 -0.10021044 -0.99107749
v 0.13133245 -0.14975595 -0.97996171
v 0.17419613 -0.19863262 -0.96446918
v 0.21628182 -0.24662215 -0.94466909
v 0.25740153 -0.29351020 -0.92064989
v 0.29737163 -0.33908736 -0.89251884
v 0.33601360 -0.38315008 -0.86040158
v 0.37315485 -0.42550155 -0.82444156
v 0.40862950 -0.46595264 -0.78479939
v 0.44227910 -0.50432266 -0.74165211
v 0.47395339 -0.54044026 -0.69519243
v 0.50351088 -0.57414412 -0.64562785
v 0.53081957 -0.60528371 -0.59317974
v 0.55575749 -0.63371996 -0.53808235
v 0.57821327 -0.65932587 -0.48058176
v 0.59808660 -0.68198706 -0.42093476
v 0.61528873 -0.70160233 -0.35940777
v 0.62974283 -0.71808408 -0.29627558
v 0.64138435 -0.73135869 -0.23182015
v 0.65016130 -0.74136687 -0.16632935
v 0.65603446 -0.74806393 -0.10009569
v 0.65897761 -0.75141995 -0.03341498
v 0.65897761 -0.75141995 0.03341498
v 0.65603446 -0.74806393 0.10009569
v 0.65016130 -0.74136687 0.16632935
v 0.64138435 -0.73135869 0.23182015
v 0.62974283 -0.71808408 0.29627558
v 0.61528873 -0.70160233 0.35940777
v 0.59808660 -0.68198706 0.42093476
v 0.57821327 -0.65932587 0.48058176
v 0.55575749 -0.63371996 0.53808235
v 0.53081957 -0.60528371 0.59317974
v 0.50351088 -0.57414412 0.64562785
v 0.47395339 -0.54044026 0.69519243
v 0.44227910 -0.50432266 0.74165211
v 0.40862950 -0.46595264 0.78479939
v 0.37315485 -0.42550155 0.82444156
v 0.33601360 -0.38315008 0.86040158
v 0.29737163 -0.33908736 0.89251884
v 0.25740153 -0.29351020 0.92064989
v 0.21628182 -0.24662215 0.94466909
v 0.17419613 -0.19863262 0.96446918
v 0.13133245 -0.14975595 0.97996171
v 0.08788220 -0.10021044 0.99107749
v 0.04403944 -0.05021736 0.99776688
v 0.04722952 -0.04722952 -0.99776688
v 0.09424811 -0.09424811 -0.99107749
v 0.14084576 -0.14084576 -0.97996171
v 0.18681436 -0.18681436 -0.96446918
v 0.23194860 -0.23194860 -0.94466909
v 0.27604690 -0.27604690 -0.92064989
v 0.31891231 -0.31891231 -0.89251884
v 0.36035338 -0.36035338 -0.86040158
v 0.40018503 -0.40018503 -0.82444156
v 0.43822935 -0.43822935 -0.78479939
v 0.47431643 -0.47431643 -0.74165211
v 0.50828510 -0.50828510 -0.69519243
v 0.53998365 -0.53998365 -0.64562785
v 0.56927049 -0.56927049 -0.59317974
v 0.59601484 -0.59601484 -0.53808235
v 0.62009724 -0.62009724 -0.48058176
v 0.64141014 -0.64141014 -0.42093476
v 0.65985834 -0.65985834 -0.35940777
v 0.67535945 -0.67535945 -0.29627558
v 0.68784425 -0.68784425 -0.23182015
v 0.69725696 -0.69725696 -0.16632935
v 0.70355556 -0.70355556 -0.10009569
v 0.70671191 -0.70671191 -0.03341498
v 0.70671191 -0.70671191 0.03341498
v 0.70355556 -0.70355556 0.10009569
v 0.69725696 -0.69725696 0.16632935
v 0.68784425 -0.68784425 0.23182015
v 0.67535945 -0.67535945 0.29627558
v 0.65985834 -0.65985834 0.35940777
v 0.64141014 -0.64141014 0.42093476
v 0.62009724 -0.62009724 0.48058176
v 0.59601484 -0.59601484 0.53808235
v 0.56927049 -0.56927049 0.59317974
v 0.53998365 -0.53998365 0.64562785
v 0.50828510 -0.50828510 0.69519243
v 0.47431643 -0.47431643 0.74165211
v 0.43822935 -0.43822935 0.78479939
v 0.40018503 -0.40018503 0.82444156
v 0.36035338 -0.36035338 0.86040158
v 0.31891231 -0.31891231 0.89251884
v 0.27604690 -0.27604690 0.92064989
v 0.23194860 -0.23194860 0.94466909
v 0.18681436 -0.18681436 0.96446918
v 0.14084576 -0.14084576 0.97996171
v 0.09424811 -0.09424811 0.99107749
v 0.04722952 -0.04722952 0.99776688
v 0.05021736 -0.04403944 -0.99776688
v 0.10021044 -0.08788220 -0.99107749
v 0.14975595 -0.13133245 -0.97996171
v 0.19863262 -0.17419613 -0.96446918
v 0.24662215 -0.21628182 -0.94466909
v 0.29351020 -0.25740153 -0.92064989
v 0.33908736 -0.29737163 -0.89251884
v 0.38315008 -0.33601360 -0.86040158
v 0.42550155 -0.37315485 -0.82444156
v 0.46595264 -0.40862950 -0.78479939
v 0.50432266 -0.44227910 -0.74165211
v 0.54044026 -0.47395339 -0.69519243
v 0.57414412 -0.50351088 -0.64562785
v 0.60528371 -0.53081957 -0.59317974
v 0.63371996 -0.55575749 -0.53808235
v 0.65932587 -0.57821327 -0.48058176
v 0.68198706 -0.59808660 -0.42093476
v 0.70160233 -0.61528873 -0.35940777
v 0.71808408 -0.62974283 -0.29627558
v 0.73135869 -0.64138435 -0.23182015
v 0.74136687 -0.65016130 -0.16632935
v 0.74806393 -0.65603446 -0.10009569
v 0.75141995 -0.65897761 -0.03341498
v 0.75141995 -0.65897761 0.03341498
v 0.74806393 -0.65603446 0.10009569
v 0.74136687 -0.65016130 0.16632935
v 0.73135869 -0.64138435 0.23182015
v 0.71808408 -0.62974283 0.29627558
v 0.70160233 -0.61528873 0.35940777
v 0.68198706 -0.59808660 0.42093476
v 0.65932587 -0.57821327 0.48058176
v 0.63371996 -0.55575749 0.53808235
v 0.60528371 -0.53081957 0.59317974
v 0.57414412 -0.50351088 0.64562785
v 0.54044026 -0.47395339 0.69519243
v 0.50432266 -0.44227910 0.74165211
v 0.46595264 -0.40862950 0.78479939
v 0.42550155 -0.37315485 0.82444156
v 0.38315008 -0.33601360 0.86040158
v 0.33908736 -0.29737163 0.89251884
v 0.29351020 -0.25740153 0.92064989
v 0.24662215 -0.21628182 0.94466909
v 0.19863262 -0.17419613 0.96446918
v 0.14975595 -0.13133245 0.97996171
v 0.10021044 -0.08788220 0.99107749
v 0.05021736 -0.04403944 0.99776688
v 0.05299016 -0.04066078 -0.99776688
v 0.10574365 -0.08113996 -0.99107749
v 0.15802487 -0.12125674 -0.97996171
v 0.20960030 -0.16083197 -0.96446918
v 0.26023962 -0.19968888 -0.94466909
v 0.30971664 -0.23765393 -0.92064989
v 0.35781038 -0.27455756 -0.89251884
v 0.40430607 -0.31023496 -0.86040158
v 0.44899602 -0.34452676 -0.82444156
v 0.49168064 -0.37727983 -0.78479939
v 0.53216931 -0.40834787 -0.74165211
v 0.57028117 -0.43759213 -0.69519243
v 0.60584602 -0.46488200 -0.64562785
v 0.63870502 -0.49009560 -0.59317974
v 0.66871140 -0.51312030 -0.53808235
v 0.69573115 -0.53385329 -0.48058176
v 0.71964361 -0.55220196 -0.42093476
v 0.74034195 -0.56808436 -0.35940777
v 0.75773376 -0.58142956 -0.29627558
v 0.77174134 -0.59217795 -0.23182015
v 0.78230213 -0.60028154 -0.16632935
v 0.78936897 -0.60570412 -0.10009569
v 0.79291030 -0.60842147 -0.03341498
v 0.79291030 -0.60842147 0.03341498
v 0.78936897 -0.60570412 0.10009569
v 0.78230213 -0.60028154 0.16632935
v 0.77174134 -0.59217795 0.23182015
v 0.75773376 -0.58142956 0.29627558
v 0.74034195 -0.56808436 0.35940777
v 0.71964361 -0.55220196 0.42093476
v 0.69573115 -0.53385329 0.48058176
v 0.66871140 -0.51312030 0.53808235
v 0.63870502 -0.49009560 0.59317974
v 0.60584602 -0.46488200 0.64562785
v 0.57028117 -0.43759213 0.69519243
v 0.53216931 -0.40834787 0.74165211
v 0.49168064 -0.37727983 0.78479939
v 0.44899602 -0.34452676 0.82444156
v 0.40430607 -0.31023496 0.86040158
v 0.35781038 -0.27455756 0.89251884
v 0.30971664 -0.23765393 0.92064989
v 0.26023962 -0.19968888 0.94466909
v 0.20960030 -0.16083197 0.96446918
v 0.15802487 -0.12125674 0.97996171
v 0.10574365 -0.08113996 0.99107749
v 0.05299016 -0.04066078 0.99776688
v 0.05553605 -0.03710800 -0.99776688
v 0.11082405 -0.07405026 -0.99107749
v 0.16561709 -0.11066180 -0.97996171
v 0.21967045 -0.14677910 -0.96446918
v 0.27274270 -0.18224085 -0.94466909
v 0.32459682 -0.21688866 -0.92064989
v 0.37500121 -0.25056780 -0.89251884
v 0.42373075 -0.28312784 -0.86040158
v 0.47056781 -0.31442336 -0.82444156
v 0.51530320 -0.34431459 -0.78479939
v 0.55773712 -0.37266803 -0.74165211
v 0.59768005 -0.39935704 -0.69519243
v 0.63495360 -0.42426243 -0.64562785
v 0.66939128 -0.44727296 -0.59317974
v 0.70083931 -0.46828586 -0.53808235
v 0.72915722 -0.48720728 -0.48058176
v 0.75421853 -0.50395271 -0.42093476
v 0.77591132 -0.51844737 -0.35940777
v 0.79413870 -0.53062652 -0.29627558
v 0.80881927 -0.54043576 -0.23182015
v 0.81988745 -0.54783128 -0.16632935
v 0.82729382 -0.55278006 -0.10009569
v 0.83100529 -0.55525998 -0.03341498
v 0.83100529 -0.55525998 0.03341498
v 0.82729382 -0.55278006 0.10009569
v 0.81988745 -0.54783128 0.16632935
v 0.80881927 -0.54043576 0.23182015
v 0.79413870 -0.53062652 0.29627558
v 0.77591132 -0.51844737 0.35940777
v 0.75421853 -0.50395271 0.42093476
v 0.72915722 -0.48720728 0.48058176
v 0.70083931 -0.46828586 0.53808235
v 0.66939128 -0.44727296 0.59317974
v 0.63495360 -0.42426243 0.64562785
v 0.59768005 -0.39935704 0.69519243
v 0.55773712 -0.37266803 0.74165211
v 0.51530320 -0.34431459 0.78479939
v 0.47056781 -0.31442336 0.82444156
v 0.42373075 -0.28312784 0.86040158
v 0.37500121 -0.25056780 0.89251884
v 0.32459682 -0.21688866 0.92064989
v 0.27274270 -0.18224085 0.94466909
v 0.21967045 -0.14677910 0.96446918
v 0.16561709 -0.11066180 0.97996171
v 0.11082405 -0.07405026 0.99107749
v 0.05553605 -0.03710800 0.99776688
v 0.05784412 -0.03339632 -0.99776688
v 0.11542989 -0.06664348 -0.99107749
v 0.17250012 -0.09959299 -0.97996171
v 0.22879993 -0.13209770 -0.96446918
v 0.28407786 -0.16401243 -0.94466909
v 0.33808703 -0.19519464 -0.92064989
v 0.39058622 -0.22550506 -0.89251884
v 0.44134096 -0.25480832 -0.86040158
v 0.49012456 -0.28297355 -0.82444156
v 0.53671915 -0.30987494 -0.78479939
v 0.58091662 -0.33539237 -0.74165211
v 0.62251957 -0.35941184 -0.69519243
v 0.66134220 -0.38182610 -0.64562785
v 0.69721112 -0.40253503 -0.59317974
v 0.72996612 -0.42144614 -0.53808235
v 0.75946092 -0.43847496 -0.48058176
v 0.78556377 -0.45354546 -0.42093476
v 0.80815812 -0.46659031 -0.35940777
v 0.82714303 -0.47755125 -0.29627558
v 0.84243371 -0.48637933 -0.23182015
v 0.85396189 -0.49303513 -0.16632935
v 0.86167606 -0.49748891 -0.10009569
v 0.86554178 -0.49972078 -0.03341498
v 0.86554178 -0.49972078 0.03341498
v 0.86167606 -0.49748891 0.10009569
v 0.85396189 -0.49303513 0.16632935
v 0.84243371 -0.48637933 0.23182015
v 0.82714303 -0.47755125 0.29627558
v 0.80815812 -0.46659031 0.35940777
v 0.78556377 -0.45354546 0.42093476
v 0.75946092 -0.43847496 0.48058176
v 0.72996612 -0.42144614 0.53808235
v 0.69721112 -0.40253503 0.59317974
v 0.66134220 -0.38182610 0.64562785
v 0.62251957 -0.35941184 0.69519243
v 0.58091662 -0.33539237 0.74165211
v 0.53671915 -0.30987494 0.78479939
v 0.49012456 -0.28297355 0.82444156
v 0.44134096 -0.25480832 0.86040158
v 0.39058622 -0.22550506 0.89251884
v 0.33808703 -0.19519464 0.92064989
v 0.28407786 -0.16401243 0.94466909
v 0.22879993 -0.13209770 0.96446918
v 0.17250012 -0.09959299 0.97996171
v 0.11542989 -0.06664348 0.99107749
v 0.05784412 -0.03339632 0.99776688
v 0.05990449 -0.02954163 -0.99776688
v 0.11954144 -0.05895131 -0.99107749
v 0.17864448 -0.08809771 -0.97996171
v 0.23694965 -0.11685064 -0.96446918
v 0.29419655 -0.14508168 -0.94466909
v 0.35012950 -0.17266476 -0.92064989
v 0.40449868 -0.19947667 -0.89251884
v 0.45706128 -0.22539768 -0.86040158
v 0.50758252 -0.25031200 -0.82444156
v 0.55583678 -0.27410837 -0.78479939
v 0.60160854 -0.29668050 -0.74165211
v 0.64469337 -0.31792759 -0.69519243
v 0.68489884 -0.33775473 -0.64562785
v 0.72204539 -0.35607338 -0.59317974
v 0.75596710 -0.37280172 -0.53808235
v 0.78651249 -0.38786504 -0.48058176
v 0.81354511 -0.40119605 -0.42093476
v 0.83694425 -0.41273523 -0.35940777
v 0.85660540 -0.42243103 -0.29627558
v 0.87244073 -0.43024016 -0.23182015
v 0.88437953 -0.43612772 -0.16632935
v 0.89236848 -0.44006743 -0.10009569
v 0.89637190 -0.44204170 -0.03341498
v 0.89637190 -0.44204170 0.03341498
v 0.89236848 -0.44006743 0.10009569
v 0.88437953 -0.43612772 0.16632935
v 0.87244073 -0.43024016 0.23182015
v 0.85660540 -0.42243103 0.29627558
v 0.83694425 -0.41273523 0.35940777
v 0.81354511 -0.40119605 0.42093476
v 0.78651249 -0.38786504 0.48058176
v 0.75596710 -0.37280172 0.53808235
v 0.72204539 -0.35607338 0.59317974
v 0.68489884 -0.33775473 0.64562785
v 0.64469337 -0.31792759 0.69519243
v 0.60160854 -0.29668050 0.74165211
v 0.55583678 -0.27410837 0.78479939
v 0.50758252 -0.25031200 0.82444156
v 0.45706128 -0.22539768 0.86040158
v 0.40449868 -0.19947667 0.89251884
v 0.35012950 -0.17266476 0.92064989
v 0.29419655 -0.14508168 0.94466909
v 0.23694965 -0.11685064 0.96446918
v 0.17864448 -0.08809771 0.97996171
v 0.11954144 -0.05895131 0.99107749
v 0.05990449 -0.02954163 0.99776688
v 0.06170835 -0.02556043 -0.99776688
v 0.12314109 -0.05100671 -0.99107749
v 0.18402385 -0.07622518 -0.97996171
v 0.24408472 -0.10110320 -0.96446918
v 0.30305545 -0.12552968 -0.94466909
v 0.36067266 -0.14939551 -0.92064989
v 0.41667902 -0.17259410 -0.89251884
v 0.47082439 -0.19502185 -0.86040158
v 0.52286694 -0.21657858 -0.82444156
v 0.57257424 -0.23716801 -0.78479939
v 0.61972428 -0.25669820 -0.74165211
v 0.66410649 -0.27508191 -0.69519243
v 0.70552263 -0.29223704 -0.64562785
v 0.74378774 -0.30808697 -0.59317974
v 0.77873092 -0.32256091 -0.53808235
v 0.81019609 -0.33559421 -0.48058176
v 0.83804273 -0.34712866 -0.42093476
v 0.86214647 -0.35711276 -0.35940777
v 0.88239965 -0.36550190 -0.29627558
v 0.89871182 -0.37225862 -0.23182015
v 0.91101013 -0.37735275 -0.16632935
v 0.91923964 -0.38076153 -0.10009569
v 0.92336360 -0.38246973 -0.03341498
v 0.92336360 -0.38246973 0.03341498
v 0.91923964 -0.38076153 0.10009569
v 0.91101013 -0.37735275 0.16632935
v 0.89871182 -0.37225862 0.23182015
v 0.88239965 -0.36550190 0.29627558
v 0.86214647 -0.35711276 0.35940777
v 0.83804273 -0.34712866 0.42093476
v 0.81019609 -0.33559421 0.48058176
v 0.77873092 -0.32256091 0.53808235
v 0.74378774 -0.30808697 0.59317974
v 0.70552263 -0.29223704 0.64562785
v 0.66410649 -0.27508191 0.69519243
v 0.61972428 -0.25669820 0.74165211
v 0.57257424 -0.23716801 0.78479939
v 0.52286694 -0.21657858 0.82444156
v 0.47082439 -0.19502185 0.86040158
v 0.41667902 -0.17259410 0.89251884
v 0.36067266 -0.14939551 0.92064989
v 0.30305545 -0.12552968 0.94466909
v 0.24408472 -0.10110320 0.96446918
v 0.18402385 -0.07622518 0.97996171
v 0.12314109 -0.05100671 0.99107749
v 0.06170835 -0.02556043 0.99776688
v 0.06324796 -0.02146979 -0.99776688
v 0.12621343 -0.04284369 -0.99107749
v 0.18861521 -0.06402624 -0.97996171
v 0.25017459 -0.08492283 -0.96446918
v 0.31061662 -0.10544013 -0.94466909
v 0.36967137 -0.12548652 -0.92064989
v 0.42707507 -0.14497245 -0.89251884
v 0.48257135 -0.16381090 -0.86040158
v 0.53591236 -0.18191773 -0.82444156
v 0.58685984 -0.19921207 -0.78479939
v 0.63518627 -0.21561668 -0.74165211
v 0.68067580 -0.23105830 -0.69519243
v 0.72312527 -0.24546795 -0.64562785
v 0.76234509 -0.25878129 -0.59317974
v 0.79816009 -0.27093884 -0.53808235
v 0.83041031 -0.28188632 -0.48058176
v 0.85895172 -0.29157482 -0.42093476
v 0.88365684 -0.29996108 -0.35940777
v 0.90441533 -0.30700764 -0.29627558
v 0.92113449 -0.31268302 -0.23182015
v 0.93373963 -0.31696190 -0.16632935
v 0.94217447 -0.31982514 -0.10009569
v 0.94640133 -0.32125996 -0.03341498
v 0.94640133 -0.32125996 0.03341498
v 0.94217447 -0.31982514 0.10009569
v 0.93373963 -0.31696190 0.16632935
v 0.92113449 -0.31268302 0.23182015
v 0.90441533 -0.30700764 0.29627558
v 0.88365684 -0.29996108 0.35940777
v 0.85895172 -0.29157482 0.42093476
v 0.83041031 -0.28188632 0.48058176
v 0.79816009 -0.27093884 0.53808235
v 0.76234509 -0.25878129 0.59317974
v 0.72312527 -0.24546795 0.64562785
v 0.68067580 -0.23105830 0.69519243
v 0.63518627 -0.21561668 0.74165211
v 0.58685984 -0.19921207 0.78479939
v 0.53591236 -0.18191773 0.82444156
v 0.48257135 -0.16381090 0.86040158
v 0.42707507 -0.14497245 0.89251884
v 0.36967137 -0.12548652 0.92064989
v 0.31061662 -0.10544013 0.94466909
v 0.25017459 -0.08492283 0.96446918
v 0.18861521 -0.06402624 0.97996171
v 0.12621343 -0.04284369 0.99107749
v 0.06324796 -0.02146979 0.99776688
v 0.06451673 -0.01728721 -0.99776688
v 0.12874531 -0.03449720 -0.99107749
v 0.19239889 -0.05155313 -0.97996171
v 0.25519316 -0.06837880 -0.96446918
v 0.31684768 -0.08489908 -0.94466909
v 0.37708708 -0.10104018 -0.92064989
v 0.43564232 -0.11673001 -0.89251884
v 0.49225188 -0.13189849 -0.86040158
v 0.54666291 -0.14647789 -0.82444156
v 0.59863242 -0.16040307 -0.78479939
v 0.64792829 -0.17361186 -0.74165211
v 0.69433036 -0.18604526 -0.69519243
v 0.73763138 -0.19764773 -0.64562785
v 0.77763796 -0.20836746 -0.59317974
v 0.81417141 -0.21815657 -0.53808235
v 0.84706858 -0.22697134 -0.48058176
v 0.87618254 -0.23477240 -0.42093476
v 0.90138325 -0.24152491 -0.35940777
v 0.92255817 -0.24719872 -0.29627558
v 0.93961272 -0.25176847 -0.23182015
v 0.95247072 -0.25521376 -0.16632935
v 0.96107477 -0.25751921 -0.10009569
v 0.96538642 -0.25867451 -0.03341498
v 0.96538642 -0.25867451 0.03341498
v 0.96107477 -0.25751921 0.10009569
v 0.95247072 -0.25521376 0.16632935
v 0.93961272 -0.25176847 0.23182015
v 0.92255817 -0.24719872 0.29627558
v 0.90138325 -0.24152491 0.35940777
v 0.87618254 -0.23477240 0.42093476
v 0.84706858 -0.22697134 0.48058176
v 0.81417141 -0.21815657 0.53808235
v 0.77763796 -0.20836746 0.59317974
v 0.73763138 -0.19764773 0.64562785
v 0.69433036 -0.18604526 0.69519243
v 0.64792829 -0.17361186 0.74165211
v 0.59863242 -0.16040307 0.78479939
v 0.54666291 -0.14647789 0.82444156
v 0.49225188 -0.13189849 0.86040158
v 0.43564232 -0.11673001 0.89251884
v 0.37708708 -0.10104018 0.92064989
v 0.31684768 -0.08489908 0.94466909
v 0.25519316 -0.06837880 0.96446918
v 0.19239889 -0.05155313 0.97996171
v 0.12874531 -0.03449720 0.99107749
v 0.06451673 -0.01728721 0.99776688
v 0.06550923 -0.01303060 -0.99776688
v 0.13072588 -0.02600300 -0.99107749
v 0.19535868 -0.03885926 -0.97996171
v 0.25911896 -0.05154197 -0.96446918
v 0.32172195 -0.06399448 -0.94466909
v 0.38288805 -0.07616117 -0.92064989
v 0.44234409 -0.08798771 -0.89251884
v 0.49982450 -0.09942127 -0.86040158
v 0.55507258 -0.11041080 -0.82444156
v 0.60784157 -0.12090721 -0.78479939
v 0.65789579 -0.13086361 -0.74165211
v 0.70501169 -0.14023554 -0.69519243
v 0.74897883 -0.14898115 -0.64562785
v 0.78960086 -0.15706138 -0.59317974
v 0.82669633 -0.16444012 -0.53808235
v 0.86009958 -0.17108444 -0.48058176
v 0.88966142 -0.17696466 -0.42093476
v 0.91524981 -0.18205451 -0.35940777
v 0.93675047 -0.18633125 -0.29627558
v 0.95406738 -0.18977580 -0.23182015
v 0.96712319 -0.19237276 -0.16632935
v 0.97585960 -0.19411054 -0.10009569
v 0.98023757 -0.19498138 -0.03341498
v 0.98023757 -0.19498138 0.03341498
v 0.97585960 -0.19411054 0.10009569
v 0.96712319 -0.19237276 0.16632935
v 0.95406738 -0.18977580 0.23182015
v 0.93675047 -0.18633125 0.29627558
v 0.91524981 -0.18205451 0.35940777
v 0.88966142 -0.17696466 0.42093476
v 0.86009958 -0.17108444 0.48058176
v 0.82669633 -0.16444012 0.53808235
v 0.78960086 -0.15706138 0.59317974
v 0.74897883 -0.14898115 0.64562785
v 0.70501169 -0.14023554 0.69519243
v 0.65789579 -0.13086361 0.74165211
v 0.60784157 -0.12090721 0.78479939
v 0.55507258 -0.11041080 0.82444156
v 0.49982450 -0.09942127 0.86040158
v 0.44234409 -0.08798771 0.89251884
v 0.38288805 -0.07616117 0.92064989
v 0.32172195 -0.06399448 0.94466909
v 0.25911896 -0.05154197 0.96446918
v 0.19535868 -0.03885926 0.97996171
v 0.13072588 -0.02600300 0.99107749
v 0.06550923 -0.01303060 0.99776688
v 0.06622121 -0.00871819 -0.99776688
v 0.13214667 -0.01739744 -0.99107749
v 0.19748192 -0.02599899 -0.97996171
v 0.26193517 -0.03448442 -0.96446918
v 0.32521856 -0.04281584 -0.94466909
v 0.38704944 -0.05095603 -0.92064989
v 0.44715167 -0.05886863 -0.89251884
v 0.50525680 -0.06651832 -0.86040158
v 0.56110534 -0.07387092 -0.82444156
v 0.61444784 -0.08089359 -0.78479939
v 0.66504607 -0.08755498 -0.74165211
v 0.71267405 -0.09382532 -0.69519243
v 0.75711905 -0.09967661 -0.64562785
v 0.79818257 -0.10508273 -0.59317974
v 0.83568121 -0.11001952 -0.53808235
v 0.86944750 -0.11446493 -0.48058176
v 0.89933063 -0.11839912 -0.42093476
v 0.92519712 -0.12180451 -0.35940777
v 0.94693146 -0.12466589 -0.29627558
v 0.96443658 -0.12697048 -0.23182015
v 0.97763429 -0.12870800 -0.16632935
v 0.98646564 -0.12987067 -0.10009569
v 0.99089120 -0.13045330 -0.03341498
v 0.99089120 -0.13045330 0.03341498
v 0.98646564 -0.12987067 0.10009569
v 0.97763429 -0.12870800 0.16632935
v 0.96443658 -0.12697048 0.23182015
v 0.94693146 -0.12466589 0.29627558
v 0.92519712 -0.12180451 0.35940777
v 0.89933063 -0.11839912 0.42093476
v 0.86944750 -0.11446493 0.48058176
v 0.83568121 -0.11001952 0.53808235
v 0.79818257 -0.10508273 0.59317974
v 0.75711905 -0.09967661 0.64562785
v 0.71267405 -0.09382532 0.69519243
v 0.66504607 -0.08755498 0.74165211
v 0.61444784 -0.08089359 0.78479939
v 0.56110534 -0.07387092 0.82444156
v 0.50525680 -0.06651832 0.86040158
v 0.44715167 -0.05886863 0.89251884
v 0.38704944 -0.05095603 0.92064989
v 0.32521856 -0.04281584 0.94466909
v 0.26193517 -0.03448442 0.96446918
v 0.19748192 -0.02599899 0.97996171
v 0.13214667 -0.01739744 0.99107749
v 0.06622121 -0.00871819 0.99776688
v 0.06664963 -0.00436845 -0.99776688
v 0.13300158 -0.00871738 -0.99107749
v 0.19875951 -0.01302739 -0.97996171
v 0.26362974 -0.01727921 -0.96446918
v 0.32732253 -0.02145385 -0.94466909
v 0.38955342 -0.02553268 -0.92064989
v 0.45004447 -0.02949747 -0.89251884
v 0.50852551 -0.03333052 -0.86040158
v 0.56473536 -0.03701471 -0.82444156
v 0.61842296 -0.04053358 -0.78479939
v 0.66934853 -0.04387142 -0.74165211
v 0.71728463 -0.04701332 -0.69519243
v 0.76201716 -0.04994524 -0.64562785
v 0.80334634 -0.05265410 -0.59317974
v 0.84108757 -0.05512779 -0.53808235
v 0.87507231 -0.05735527 -0.48058176
v 0.90514876 -0.05932658 -0.42093476
v 0.93118260 -0.06103293 -0.35940777
v 0.95305755 -0.06246669 -0.29627558
v 0.97067591 -0.06362146 -0.23182015
v 0.98395900 -0.06449208 -0.16632935
v 0.99284749 -0.06507466 -0.10009569
v 0.99730168 -0.06536661 -0.03341498
v 0.99730168 -0.06536661 0.03341498
v 0.99284749 -0.06507466 0.10009569
v 0.98395900 -0.06449208 0.16632935
v 0.97067591 -0.06362146 0.23182015
v 0.95305755 -0.06246669 0.29627558
v 0.93118260 -0.06103293 0.35940777
v 0.90514876 -0.05932658 0.42093476
v 0.87507231 -0.05735527 0.48058176
v 0.84108757 -0.05512779 0.53808235
v 0.80334634 -0.05265410 0.59317974
v 0.76201716 -0.04994524 0.64562785
v 0.71728463 -0.04701332 0.69519243
v 0.66934853 -0.04387142 0.74165211
v 0.61842296 -0.04053358 0.78479939
v 0.56473536 -0.03701471 0.82444156
v 0.50852551 -0.03333052 0.86040158
v 0.45004447 -0.02949747 0.89251884
v 0.38955342 -0.02553268 0.92064989
v 0.32732253 -0.02145385 0.94466909
v 0.26362974 -0.01727921 0.96446918
v 0.19875951 -0.01302739 0.97996171
v 0.13300158 -0.00871738 0.99107749
v 0.06664963 -0.00436845 0.99776688
f 2 1 49
f 2 49 3
f 3 49 50
f 3 50 4
f 4 50 51
f 4 51 5
f 5 51 52
f 5 52 6
f 6 52 53
f 6 53 7
f 7 53 54
f 7 54 8
f 8 54 55
f 8 55 9
f 9 55 56
f 9 56 10
f 10 56 57
f 10 57 11
f 11 57 58
f 11 58 12
f 12 58 59
f 12 59 13
f 13 59 60
f 13 60 14
f 14 60 61
f 14 61 15
f 15 61 62
f 15 62 16
f 16 62 63
f 16 63 17
f 17 63 64
f 17 64 18
f 18 64 65
f 18 65 19
f 19 65 66
f 19 66 20
f 20 66 67
f 20 67 21
f 21 67 68
f 21 68 22
f 22 68 69
f 22 69 23
f 23 69 70
f 23 70 24
f 24 70 71
f 24 71 25
f 25 71 72
f 25 72 26
f 26 72 73
f 26 73 27
f 27 73 74
f 27 74 28
f 28 74 75
f 28 75 29
f 29 75 76
f 29 76 30
f 30 76 77
f 30 77 31
f 31 77 78
f 31 78 32
f 32 78 79
f 32 79 33
f 33 79 80
f 33 80 34
f 34 80 81
f 34 81 35
f 35 81 82
f 35 82 36
f 36 82 83
f 36 83 37
f 37 83 84
f 37 84 38
f 38 84 85
f 38 85 39
f 39 85 86
f 39 86 40
f 40 86 87
f 40 87 41
f 41 87 88
f 41 88 42
f 42 88 89
f 42 89 43
f 43 89 90
f 43 90 44
f 44 90 91
f 44 91 45
f 45 91 92
f 45 92 46
f 46 92 93
f 46 93 47
f 47 93 94
f 47 94 48
f 49 1 95
f 49 95 50
f 50 95 96
f 50 96 51
f 51 96 97
f 51 97 52
f 52 97 98
f 52 98 53
f 53 98 99
f 53 99 54
f 54 99 100
f 54 100 55
f 55 100 101
f 55 101 56
f 56 101 102
f 56 102 57
f 57 102 103
f 57 103 58
f 58 103 104
f 58 104 59
f 59 104 105
f 59 105 60
f 60 105 106
f 60 106 61
f 61 106 107
f 61 107 62
f 62 107 108
f 62 108 63
f 63 108 109
f 63 109 64
f 64 109 110
f 64 110 65
f 65 110 111
f 65 111 66
f 66 111 112
f 66 112 67
f 67 112 113
f 67 113 68
f 68 113 114
f 68 114 69
f 69 114 115
f 69 115 70
f 70 115 116
f 70 116 71
f 71 116 117
f 71 117 72
f 72 117 118
f 72 118 73
f 73 118 119
f 73 119 74
f 74 119 120
f 74 120 75
f 75 120 121
f 75 121 76
f 76 121 122
f 76 122 77
f 77 122 123
f 77 123 78
f 78 123 124
f 78 124 79
f 79 124 125
f 79 125 80
f 80 125 126
f 80 126 81
f 81 126 127
f 81 127 82
f 82 127 128
f 82 128 83
f 83 128 129
f 83 129 84
f 84 129 130
f 84 130 85
f 85 130 131
f 85 131 86
f 86 131 132
f 86 132 87
f 87 132 133
f 87 133 88
f 88 133 134
f 88 134 89
f 89 134 135
f 89 135 90
f 90 135 136
f 90 136 91
f 91 136 137
f 91 137 92
f 92 137 138
f 92 138 93
f 93 138 139
f 93 139 94
f 94 139 140
f 94 140 48
f 95 1 141
f 95 141 96
f 96 141 142
f 96 142 97
f 97 142 143
f 97 143 98
f 98 143 144
f 98 144 99
f 99 144 145
f 99 145 100
f 100 145 146
f 100 146 101
f 101 146 147
f 101 147 102
f 102 147 148
f 102 148 103
f 103 148 149
f 103 149 104
f 104 149 150
f 104 150 105
f 105 150 151
f 105 151 106
f 106 151 152
f 106 152 107
f 107 152 153
f 107 153 108
f 108 153 154
f 108 154 109
f 109 154 155
f 109 155 110
f 110 155 156
f 110 156 111
f 111 156 157
f 111 157 112
f 112 157 158
f 112 158 113
f 113 158 159
f 113 159 114
f 114 159 160
f 114 160 115
f 115 160 161
f 115 161 116
f 116 161 162
f 116 162 117
f 117 162 163
f 117 163 118
f 118 163 164
f 118 164 119
f 119 164 165
f 119 165 120
f 120 165 166
f 120 166 121
f 121 166 167
f 121 167 122
f 122 167 168
f 122 168 123
f 123 168 169
f 123 169 124
f 124 169 170
f 124 170 125
f 125 170 171
f 125 171 126
f 126 171 172
f 126 172 127
f 127 172 173
f 127 173 128
f 128 173 174
f 128 174 129
f 129 174 175
f 129 175 130
f 130 175 176
f 130 176 131
f 131 176 177
f 131 177 132
f 132 177 178
f 132 178 133
f 133 178 179
f 133 179 134
f 134 179 180
f 134 180 135
f 135 180 181
f 135 181 136
f 136 181 182
f 136 182 137
f 137 182 183
f 137 183 138
f 138 183 184
f 138 184 139
f 139 184 185
f 139 185 140
f 140 185 186
f 140 186 48
f 141 1 187
f 141 187 142
f 142 187 188
f 142 188 143
f 143 188 189
f 143 189 144
f 144 189 190
f 144 190 145
f 145 190 191
f 145 191 146
f 146 191 192
f 146 192 147
f 147 192 193
f 147 193 148
f 148 193 194
f 148 194 149
f 149 194 195
f 149 195 150
f 150 195 196
f 150 196 151
f 151 196 197
f 151 197 152
f 152 197 198
f 152 198 153
f 153 198 199
f 153 199 154
f 154 199 200
f 154 200 155
f 155 200 201
f 155 201 156
f 156 201 202
f 156 202 157
f 157 202 203
f 157 203 158
f 158 203 204
f 158 204 159
f 159 204 205
f 159 205 160
f 160 205 206
f 160 206 161
f 161 206 207
f 161 207 162
f 162 207 208
f 162 208 163
f 163 208 209
f 163 209 164
f 164 209 210
f 164 210 165
f 165 210 211
f 165 211 166
f 166 211 212
f 166 212 167
f 167 212 213
f 167 213 168
f 168 213 214
f 168 214 169
f 169 214 215
f 169 215 170
f 170 215 216
f 170 216 171
f 171 216 217
f 171 217 172
f 172 217 218
f 172 218 173
f 173 218 219
f 173 219 174
f 174 219 220
f 174 220 175
f 175 220 221
f 175 221 176
f 176 221 222
f 176 222 177
f 177 222 223
f 177 223 178
f 178 223 224
f 178 224 179
f 179 224 225
f 179 225 180
f 180 225 226
f 180 226 181
f 181 226 227
f 181 227 182
f 182 227 228
f 182 228 183
f 183 228 229
f 183 229 184
f 184 229 230
f 184 230 185
f 185 230 231
f 185 231 186
f 186 231 232
f 186 232 48
f 187 1 233
f 187 233 188
f 188 233 234
f 188 234 189
f 189 234 235
f 189 235 190
f 190 235 236
f 190 236 191
f 191 236 237
f 191 237 192
f 192 237 238
f 192 238 193
f 193 238 239
f 193 239 194
f 194 239 240
f 194 240 195
f 195 240 241
f 195 241 196
f 196 241 242
f 196 242 197
f 197 242 243
f 197 243 198
f 198 243 244
f 198 244 199
f 199 244 245
f 199 245 200
f 200 245 246
f 200 246 201
f 201 246 247
f 201 247 202
f 202 247 248
f 202 248 203
f 203 248 249
f 203 249 204
f 204 249 250
f 204 250 205
f 205 250 251
f 205 251 206
f 206 251 252
f 206 252 207
f 207 252 253
f 207 253 208
f 208 253 254
f 208 254 209
f 209 254 255
f 209 255 210
f 210 255 256
f 210 256 211
f 211 256 257
f 211 257 212
f 212 257 258
f 212 258 213
f 213 258 259
f 213 259 214
f 214 259 260
f 214 260 215
f 215 260 261
f 215 261 216
f 216 261 262
f 216 262 217
f 217 262 263
f 217 263 218
f 218 263 264
f 218 264 219
f 219 264 265
f 219 265 220
f 220 265 266
f 220 266 221
f 221 266 267
f 221 267 222
f 222 267 268
f 222 268 223
f 223 268 269
f 223 269 224
f 224 269 270
f 224 270 225
f 225 270 271
f 225 271 226
f 226 271 272
f 226 272 227
f 227 272 273
f 227 273 228
f 228 273 274
f 228 274 229
f 229 274 275
f 229 275 230
f 230 275 276
f 230 276 231
f 231 276 277
f 231 277 232
f 232 277 278
f 232 278 48
f 233 1 279
f 233 279 234
f 234 279 280
f 234 280 235
f 235 280 281
f 235 281 236
f 236 281 282
f 236 282 237
f 237 282 283
f 237 283 238
f 238 283 284
f 238 284 239
f 239 284 285
f 239 285 240
f 240 285 286
f 240 286 241
f 241 286 287
f 241 287 242
f 242 287 288
f 242 288 243
f 243 288 289
f 243 289 244
f 244 289 290
f 244 290 245
f 245 290 291
f 245 291 246
f 246 291 292
f 246 292 247
f 247 292 293
f 247 293 248
f 248 293 294
f 248 294 249
f 249 294 295
f 249 295 250
f 250 295 296
f 250 296 251
f 251 296 297
f 251 297 252
f 252 297 298
f 252 298 253
f 253 298 299
f 253 299 254
f 254 299 300
f 254 300 255
f 255 300 301
f 255 301 256
f 256 301 302
f 256 302 257
f 257 302 303
f 257 303 258
f 258 303 304
f 258 304 259
f 259 304 305
f 259 305 260
f 260 305 306
f 260 306 261
f 261 306 307
f 261 307 262
f 262 307 308
f 262 308 263
f 263 308 309
f 263 309 264
f 264 309 310
f 264 310 265
f 265 310 311
f 265 311 266
f 266 311 312
f 266 312 267
f 267 312 313
f 267 313 268
f 268 313 314
f 268 314 269
f 269 314 315
f 269 315 270
f 270 315 316
f 270 316 271
f 271 316 317
f 271 317 272
f 272 317 318
f 272 318 273
f 273 318 319
f 273 319 274
f 274 319 320
f 274 320 275
f 275 320 321
f 275 321 276
f 276 321 322
f 276 322 277
f 277 322 323
f 277 323 278
f 278 323 324
f 278 324 48
f 279 1 325
f 279 325 280
f 280 325 326
f 280 326 281
f 281 326 327
f 281 327 282
f 282 327 328
f 282 328 283
f 283 328 329
f 283 329 284
f 284 329 330
f 284 330 285
f 285 330 331
f 285 331 286
f 286 331 332
f 286 332 287
f 287 332 333
f 287 333 288
f 288 333 334
f 288 334 289
f 289 334 335
f 289 335 290
f 290 335 336
f 290 336 291
f 291 336 337
f 291 337 292
f 292 337 338
f 292 338 293
f 293 338 339
f 293 339 294
f 294 339 340
f 294 340 295
f 295 340 341
f 295 341 296
f 296 341 342
f 296 342 297
f 297 342 343
f 297 343 298
f 298 343 344
f 298 344 299
f 299 344 345
f 299 345 300
f 300 345 346
f 300 346 301
f 301 346 347
f 301 347 302
f 302 347 348
f 302 348 303
f 303 348 349
f 303 349 304
f 304 349 350
f 304 350 305
f 305 350 351
f 305 351 306
f 306 351 352
f 306 352 307
f 307 352 353
f 307 353 308
f 308 353 354
f 308 354 309
f 309 354 355
f 309 355 310
f 310 355 356
f 310 356 311
f 311 356 357
f 311 357 312
f 312 357 358
f 312 358 313
f 313 358 359
f 313 359 314
f 314 359 360
f 314 360 315
f 315 360 361
f 315 361 316
f 316 361 362
f 316 362 317
f 317 362 363
f 317 363 318
f 318 363 364
f 318 364 319
f 319 364 365
f 319 365 320
f 320 365 366
f 320 366 321
f 321 366 367
f 321 367 322
f 322 367 368
f 322 368 323
f 323 368 369
f 323 369 324
f 324 369 370
f 324 370 48
f 325 1 371
f 325 371 326
f 326 371 372
f 326 372 327
f 327 372 373
f 327 373 328
f 328 373 374
f 328 374 329
f 329 374 375
f 329 375 330
f 330 375 376
f 330 376 331
f 331 376 377
f 331 377 332
f 332 377 378
f 332 378 333
f 333 378 379
f 333 379 334
f 334 379 380
f 334 380 335
f 335 380 381
f 335 381 336
f 336 381 382
f 336 382 337
f 337 382 383
f 337 383 338
f 338 383 384
f 338 384 339
f 339 384 385
f 339 385 340
f 340 385 386
f 340 386 341
f 341 386 387
f 341 387 342
f 342 387 388
f 342 388 343
f 343 388 389
f 343 389 344
f 344 389 390
f 344 390 345
f 345 390 391
f 345 391 346
f 346 391 392
f 346 392 347
f 347 392 393
f 347 393 348
f 348 393 394
f 348 394 349
f 349 394 395
f 349 395 350
f 350 395 396
f 350 396 351
f 351 396 397
f 351 397 352
f 352 397 398
f 352 398 353
f 353 398 399
f 353 399 354
f 354 399 400
f 354 400 355
f 355 400 401
f 355 401 356
f 356 401 402
f 356 402 357
f 357 402 403
f 357 403 358
f 358 403 404
f 358 404 359
f 359 404 405
f 359 405 360
f 360 405 406
f 360 406 361
f 361 406 407
f 361 407 362
f 362 407 408
f 362 408 363
f 363 408 409
f 363 409 364
f 364 409 410
f 364 410 365
f 365 410 411
f 365 411 366
f 366 411 412
f 366 412 367
f 367 412 413
f 367 413 368
f 368 413 414
f 368 414 369
f 369 414 415
f 369 415 370
f 370 415 416
f 370 416 48
f 371 1 417
f 371 417 372
f 372 417 418
f 372 418 373
f 373 418 419
f 373 419 374
f 374 419 420
f 374 420 375
f 375 420 421
f 375 421 376
f 376 421 422
f 376 422 377
f 377 422 423
f 377 423 378
f 378 423 424
f 378 424 379
f 379 424 425
f 379 425 380
f 380 425 426
f 380 426 381
f 381 426 427
f 381 427 382
f 382 427 428
f 382 428 383
f 383 428 429
f 383 429 384
f 384 429 430
f 384 430 385
f 385 430 431
f 385 431 386
f 386 431 432
f 386 432 387
f 387 432 433
f 387 433 388
f 388 433 434
f 388 434 389
f 389 434 435
f 389 435 390
f 390 435 436
f 390 436 391
f 391 436 437
f 391 437 392
f 392 437 438
f 392 438 393
f 393 438 439
f 393 439 394
f 394 439 440
f 394 440 395
f 395 440 441
f 395 441 396
f 396 441 442
f 396 442 397
f 397 442 443
f 397 443 398
f 398 443 444
f 398 444 399
f 399 444 445
f 399 445 400
f 400 445 446
f 400 446 401
f 401 446 447
f 401 447 402
f 402 447 448
f 402 448 403
f 403 448 449
f 403 449 404
f 404 449 450
f 404 450 405
f 405 450 451
f 405 451 406
f 406 451 452
f 406 452 407
f 407 452 453
f 407 453 408
f 408 453 454
f 408 454 409
f 409 454 455
f 409 455 410
f 410 455 456
f 410 456 411
f 411 456 457
f 411 457 412
f 412 457 458
f 412 458 413
f 413 458 459
f 413 459 414
f 414 459 460
f 414 460 415
f 415 460 461
f 415 461 416
f 416 461 462
f 416 462 48
f 417 1 463
f 417 463 418
f 418 463 464
f 418 464 419
f 419 464 465
f 419 465 420
f 420 465 466
f 420 466 421
f 421 466 467
f 421 467 422
f 422 467 468
f 422 468 423
f 423 468 469
f 423 469 424
f 424 469 470
f 424 470 425
f 425 470 471
f 425 471 426
f 426 471 472
f 426 472 427
f 427 472 473
f 427 473 428
f 428 473 474
f 428 474 429
f 429 474 475
f 429 475 430
f 430 475 476
f 430 476 431
f 431 476 477
f 431 477 432
f 432 477 478
f 432 478 433
f 433 478 479
f 433 479 434
f 434 479 480
f 434 480 435
f 435 480 481
f 435 481 436
f 436 481 482
f 436 482 437
f 437 482 483
f 437 483 438
f 438 483 484
f 438 484 439
f 439 484 485
f 439 485 440
f 440 485 486
f 440 486 441
f 441 486 487
f 441 487 442
f 442 487 488
f 442 488 443
f 443 488 489
f 443 489 444
f 444 489 490
f 444 490 445
f 445 490 491
f 445 491 446
f 446 491 492
f 446 492 447
f 447 492 493
f 447 493 448
f 448 493 494
f 448 494 449
f 449 494 495
f 449 495 450
f 450 495 496
f 450 496 451
f 451 496 497
f 451 497 452
f 452 497 498
f 452 498 453
f 453 498 499
f 453 499 454
f 454 499 500
f 454 500 455
f 455 500 501
f 455 501 456
f 456 501 502
f 456 502 457
f 457 502 503
f 457 503 458
f 458 503 504
f 458 504 459
f 459 504 505
f 459 505 460
f 460 505 506
f 460 506 461
f 461 506 507
f 461 507 462
f 462 507 508
f 462 508 48
f 463 1 509
f 463 509 464
f 464 509 510
f 464 510 465
f 465 510 511
f 465 511 466
f 466 511 512
f 466 512 467
f 467 512 513
f 467 513 468
f 468 513 514
f 468 514 469
f 469 514 515
f 469 515 470
f 470 515 516
f 470 516 471
f 471 516 517
f 471 517 472
f 472 517 518
f 472 518 473
f 473 518 519
f 473 519 474
f 474 519 520
f 474 520 475
f 475 520 521
f 475 521 476
f 476 521 522
f 476 522 477
f 477 522 523
f 477 523 478
f 478 523 524
f 478 524 479
f 479 524 525
f 479 525 480
f 480 525 526
f 480 526 481
f 481 526 527
f 481 527 482
f 482 527 528
f 482 528 483
f 483 528 529
f 483 529 484
f 484 529 530
f 484 530 485
f 485 530 531
f 485 531 486
f 486 531 532
f 486 532 487
f 487 532 533
f 487 533 488
f 488 533 534
f 488 534 489
f 489 534 535
f 489 535 490
f 490 535 536
f 490 536 491
f 491 536 537
f 491 537 492
f 492 537 538
f 492 538 493
f 493 538 539
f 493 539 494
f 494 539 540
f 494 540 495
f 495 540 541
f 495 541 496
f 496 541 542
f 496 542 497
f 497 542 543
f 497 543 498
f 498 543 544
f 498 544 499
f 499 544 545
f 499 545 500
f 500 545 546
f 500 546 501
f 501 546 547
f 501 547 502
f 502 547 548
f 502 548 503
f 503 548 549
f 503 549 504
f 504 549 550
f 504 550 505
f 505 550 551
f 505 551 506
f 506 551 552
f 506 552 507
f 507 552 553
f 507 553 508
f 508 553 554
f 508 554 48
f 509 1 555
f 509 555 510
f 510 555 556
f 510 556 511
f 511 556 557
f 511 557 512
f 512 557 558
f 512 558 513
f 513 558 559
f 513 559 514
f 514 559 560
f 514 560 515
f 515 560 561
f 515 561 516
f 516 561 562
f 516 562 517
f 517 562 563
f 517 563 518
f 518 563 564
f 518 564 519
f 519 564 565
f 519 565 520
f 520 565 566
f 520 566 521
f 521 566 567
f 521 567 522
f 522 567 568
f 522 568 523
f 523 568 569
f 523 569 524
f 524 569 570
f 524 570 525
f 525 570 571
f 525 571 526
f 526 571 572
f 526 572 527
f 527 572 573
f 527 573 528
f 528 573 574
f 528 574 529
f 529 574 575
f 529 575 530
f 530 575 576
f 530 576 531
f 531 576 577
f 531 577 532
f 532 577 578
f 532 578 533
f 533 578 579
f 533 579 534
f 534 579 580
f 534 580 535
f 535 580 581
f 535 581 536
f 536 581 582
f 536 582 537
f 537 582 583
f 537 583 538
f 538 583 584
f 538 584 539
f 539 584 585
f 539 585 540
f 540 585 586
f 540 586 541
f 541 586 587
f 541 587 542
f 542 587 588
f 542 588 543
f 543 588 589
f 543 589 544
f 544 589 590
f 544 590 545
f 545 590 591
f 545 591 546
f 546 591 592
f 546 592 547
f 547 592 593
f 547 593 548
f 548 593 594
f 548 594 549
f 549 594 595
f 549 595 550
f 550 595 596
f 550 596 551
f 551 596 597
f 551 597 552
f 552 597 598
f 552 598 553
f 553 598 599
f 553 599 554
f 554 599 600
f 554 600 48
f 555 1 601
f 555 601 556
f 556 601 602
f 556 602 557
f 557 602 603
f 557 603 558
f 558 603 604
f 558 604 559
f 559 604 605
f 559 605 560
f 560 605 606
f 560 606 561
f 561 606 607
f 561 607 562
f 562 607 608
f 562 608 563
f 563 608 609
f 563 609 564
f 564 609 610
f 564 610 565
f 565 610 611
f 565 611 566
f 566 611 612
f 566 612 567
f 567 612 613
f 567 613 568
f 568 613 614
f 568 614 569
f 569 614 615
f 569 615 570
f 570 615 616
f 570 616 571
f 571 616 617
f 571 617 572
f 572 617 618
f 572 618 573
f 573 618 619
f 573 619 574
f 574 619 620
f 574 620 575
f 575 620 621
f 575 621 576
f 576 621 622
f 576 622 577
f 577 622 623
f 577 623 578
f 578 623 624
f 578 624 579
f 579 624 625
f 579 625 580
f 580 625 626
f 580 626 581
f 581 626 627
f 581 627 582
f 582 627 628
f 582 628 583
f 583 628 629
f 583 629 584
f 584 629 630
f 584 630 585
f 585 630 631
f 585 631 586
f 586 631 632
f 586 632 587
f 587 632 633
f 587 633 588
f 588 633 634
f 588 634 589
f 589 634 635
f 589 635 590
f 590 635 636
f 590 636 591
f 591 636 637
f 591 637 592
f 592 637 638
f 592 638 593
f 593 638 639
f 593 639 594
f 594 639 640
f 594 640 595
f 595 640 641
f 595 641 596
f 596 641 642
f 596 642 597
f 597 642 643
f 597 643 598
f 598 643 644
f 598 644 599
f 599 644 645
f 599 645 600
f 600 645 646
f 600 646 48
f 601 1 647
f 601 647 602
f 602 647 648
f 602 648 603
f 603 648 649
f 603 649 604
f 604 649 650
f 604 650 605
f 605 650 651
f 605 651 606
f 606 651 652
f 606 652 607
f 607 652 653
f 607 653 608
f 608 653 654
f 608 654 609
f 609 654 655
f 609 655 610
f 610 655 656
f 610 656 611
f 611 656 657
f 611 657 612
f 612 657 658
f 612 658 613
f 613 658 659
f 613 659 614
f 614 659 660
f 614 660 615
f 615 660 661
f 615 661 616
f 616 661 662
f 616 662 617
f 617 662 663
f 617 663 618
f 618 663 664
f 618 664 619
f 619 664 665
f 619 665 620
f 620 665 666
f 620 666 621
f 621 666 667
f 621 667 622
f 622 667 668
f 622 668 623
f 623 668 669
f 623 669 624
f 624 669 670
f 624 670 625
f 625 670 671
f 625 671 626
f 626 671 672
f 626 672 627
f 627 672 673
f 627 673 628
f 628 673 674
f 628 674 629
f 629 674 675
f 629 675 630
f 630 675 676
f 630 676 631
f 631 676 677
f 631 677 632
f 632 677 678
f 632 678 633
f 633 678 679
f 633 679 634
f 634 679 680
f 634 680 635
f 635 680 681
f 635 681 636
f 636 681 682
f 636 682 637
f 637 682 683
f 637 683 638
f 638 683 684
f 638 684 639
f 639 684 685
f 639 685 640
f 640 685 686
f 640 686 641
f 641 686 687
f 641 687 642
f 642 687 688
f 642 688 643
f 643 688 689
f 643 689 644
f 644 689 690
f 644 690 645
f 645 690 691
f 645 691 646
f 646 691 692
f 646 692 48
f 647 1 693
f 647 693 648
f 648 693 694
f 648 694 649
f 649 694 695
f 649 695 650
f 650 695 696
f 650 696 651
f 651 696 697
f 651 697 652
f 652 697 698
f 652 698 653
f 653 698 699
f 653 699 654
f 654 699 700
f 654 700 655
f 655 700 701
f 655 701 656
f 656 701 702
f 656 702 657
f 657 702 703
f 657 703 658
f 658 703 704
f 658 704 659
f 659 704 705
f 659 705 660
f 660 705 706
f 660 706 661
f 661 706 707
f 661 707 662
f 662 707 708
f 662 708 663
f 663 708 709
f 663 709 664
f 664 709 710
f 664 710 665
f 665 710 711
f 665 711 666
f 666 711 712
f 666 712 667
f 667 712 713
f 667 713 668
f 668 713 714
f 668 714 669
f 669 714 715
f 669 715 670
f 670 715 716
f 670 716 671
f 671 716 717
f 671 717 672
f 672 717 718
f 672 718 673
f 673 718 719
f 673 719 674
f 674 719 720
f 674 720 675
f 675 720 721
f 675 721 676
f 676 721 722
f 676 722 677
f 677 722 723
f 677 723 678
f 678 723 724
f 678 724 679
f 679 724 725
f 679 725 680
f 680 725 726
f 680 726 681
f 681 726 727
f 681 727 682
f 682 727 728
f 682 728 683
f 683 728 729
f 683 729 684
f 684 729 730
f 684 730 685
f 685 730 731
f 685 731 686
f 686 731 732
f 686 732 687
f 687 732 733
f 687 733 688
f 688 733 734
f 688 734 689
f 689 734 735
f 689 735 690
f 690 735 736
f 690 736 691
f 691 736 737
f 691 737 692
f 692 737 738
f 692 738 48
f 693 1 739
f 693 739 694
f 694 739 740
f 694 740 695
f 695 740 741
f 695 741 696
f 696 741 742
f 696 742 697
f 697 742 743
f 697 743 698
f 698 743 744
f 698 744 699
f 699 744 745
f 699 745 700
f 700 745 746
f 700 746 701
f 701 746 747
f 701 747 702
f 702 747 748
f 702 748 703
f 703 748 749
f 703 749 704
f 704 749 750
f 704 750 705
f 705 750 751
f 705 751 706
f 706 751 752
f 706 752 707
f 707 752 753
f 707 753 708
f 708 753 754
f 708 754 709
f 709 754 755
f 709 755 710
f 710 755 756
f 710 756 711
f 711 756 757
f 711 757 712
f 712 757 758
f 712 758 713
f 713 758 759
f 713 759 714
f 714 759 760
f 714 760 715
f 715 760 761
f 715 761 716
f 716 761 762
f 716 762 717
f 717 762 763
f 717 763 718
f 718 763 764
f 718 764 719
f 719 764 765
f 719 765 720
f 720 765 766
f 720 766 721
f 721 766 767
f 721 767 722
f 722 767 768
f 722 768 723
f 723 768 769
f 723 769 724
f 724 769 770
f 724 770 725
f 725 770 771
f 725 771 726
f 726 771 772
f 726 772 727
f 727 772 773
f 727 773 728
f 728 773 774
f 728 774 729
f 729 774 775
f 729 775 730
f 730 775 776
f 730 776 731
f 731 776 777
f 731 777 732
f 732 777 778
f 732 778 733
f 733 778 779
f 733 779 734
f 734 779 780
f 734 780 735
f 735 780 781
f 735 781 736
f 736 781 782
f 736 782 737
f 737 782 783
f 737 783 738
f 738 783 784
f 738 784 48
f 739 1 785
f 739 785 740
f 740 785 786
f 740 786 741
f 741 786 787
f 741 787 742
f 742 787 788
f 742 788 743
f 743 788 789
f 743 789 744
f 744 789 790
f 744 790 745
f 745 790 791
f 745 791 746
f 746 791 792
f 746 792 747
f 747 792 793
f 747 793 748
f 748 793 794
f 748 794 749
f 749 794 795
f 749 795 750
f 750 795 796
f 750 796 751
f 751 796 797
f 751 797 752
f 752 797 798
f 752 798 753
f 753 798 799
f 753 799 754
f 754 799 800
f 754 800 755
f 755 800 801
f 755 801 756
f 756 801 802
f 756 802 757
f 757 802 803
f 757 803 758
f 758 803 804
f 758 804 759
f 759 804 805
f 759 805 760
f 760 805 806
f 760 806 761
f 761 806 807
f 761 807 762
f 762 807 808
f 762 808 763
f 763 808 809
f 763 809 764
f 764 809 810
f 764 810 765
f 765 810 811
f 765 811 766
f 766 811 812
f 766 812 767
f 767 812 813
f 767 813 768
f 768 813 814
f 768 814 769
f 769 814 815
f 769 815 770
f 770 815 816
f 770 816 771
f 771 816 817
f 771 817 772
f 772 817 818
f 772 818 773
f 773 818 819
f 773 819 774
f 774 819 820
f 774 820 775
f 775 820 821
f 775 821 776
f 776 821 822
f 776 822 777
f 777 822 823
f 777 823 778
f 778 823 824
f 778 824 779
f 779 824 825
f 779 825 780
f 780 825 826
f 780 826 781
f 781 826 827
f 781 827 782
f 782 827 828
f 782 828 783
f 783 828 829
f 783 829 784
f 784 829 830
f 784 830 48
f 785 1 831
f 785 831 786
f 786 831 832
f 786 832 787
f 787 832 833
f 787 833 788
f 788 833 834
f 788 834 789
f 789 834 835
f 789 835 790
f 790 835 836
f 790 836 791
f 791 836 837
f 791 837 792
f 792 837 838
f 792 838 793
f 793 838 839
f 793 839 794
f 794 839 840
f 794 840 795
f 795 840 841
f 795 841 796
f 796 841 842
f 796 842 797
f 797 842 843
f 797 843 798
f 798 843 844
f 798 844 799
f 799 844 845
f 799 845 800
f 800 845 846
f 800 846 801
f 801 846 847
f 801 847 802
f 802 847 848
f 802 848 803
f 803 848 849
f 803 849 804
f 804 849 850
f 804 850 805
f 805 850 851
f 805 851 806
f 806 851 852
f 806 852 807
f 807 852 853
f 807 853 808
f 808 853 854
f 808 854 809
f 809 854 855
f 809 855 810
f 810 855 856
f 810 856 811
f 811 856 857
f 811 857 812
f 812 857 858
f 812 858 813
f 813 858 859
f 813 859 814
f 814 859 860
f 814 860 815
f 815 860 861
f 815 861 816
f 816 861 862
f 816 862 817
f 817 862 863
f 817 863 818
f 818 863 864
f 818 864 819
f 819 864 865
f 819 865 820
f 820 865 866
f 820 866 821
f 821 866 867
f 821 867 822
f 822 867 868
f 822 868 823
f 823 868 869
f 823 869 824
f 824 869 870
f 824 870 825
f 825 870 871
f 825 871 826
f 826 871 872
f 826 872 827
f 827 872 873
f 827 873 828
f 828 873 874
f 828 874 829
f 829 874 875
f 829 875 830
f 830 875 876
f 830 876 48
f 831 1 877
f 831 877 832
f 832 877 878
f 832 878 833
f 833 878 879
f 833 879 834
f 834 879 880
f 834 880 835
f 835 880 881
f 835 881 836
f 836 881 882
f 836 882 837
f 837 882 883
f 837 883 838
f 838 883 884
f 838 884 839
f 839 884 885
f 839 885 840
f 840 885 886
f 840 886 841
f 841 886 887
f 841 887 842
f 842 887 888
f 842 888 843
f 843 888 889
f 843 889 844
f 844 889 890
f 844 890 845
f 845 890 891
f 845 891 846
f 846 891 892
f 846 892 847
f 847 892 893
f 847 893 848
f 848 893 894
f 848 894 849
f 849 894 895
f 849 895 850
f 850 895 896
f 850 896 851
f 851 896 897
f 851 897 852
f 852 897 898
f 852 898 853
f 853 898 899
f 853 899 854
f 854 899 900
f 854 900 855
f 855 900 901
f 855 901 856
f 856 901 902
f 856 902 857
f 857 902 903
f 857 903 858
f 858 903 904
f 858 904 859
f 859 904 905
f 859 905 860
f 860 905 906
f 860 906 861
f 861 906 907
f 861 907 862
f 862 907 908
f 862 908 863
f 863 908 909
f 863 909 864
f 864 909 910
f 864 910 865
f 865 910 911
f 865 911 866
f 866 911 912
f 866 912 867
f 867 912 913
f 867 913 868
f 868 913 914
f 868 914 869
f 869 914 915
f 869 915 870
f 870 915 916
f 870 916 871
f 871 916 917
f 871 917 872
f 872 917 918
f 872 918 873
f 873 918 919
f 873 919 874
f 874 919 920
f 874 920 875
f 875 920 921
f 875 921 876
f 876 921 922
f 876 922 48
f 877 1 923
f 877 923 878
f 878 923 924
f 878 924 879
f 879 924 925
f 879 925 880
f 880 925 926
f 880 926 881
f 881 926 927
f 881 927 882
f 882 927 928
f 882 928 883
f 883 928 929
f 883 929 884
f 884 929 930
f 884 930 885
f 885 930 931
f 885 931 886
f 886 931 932
f 886 932 887
f 887 932 933
f 887 933 888
f 888 933 934
f 888 934 889
f 889 934 935
f 889 935 890
f 890 935 936
f 890 936 891
f 891 936 937
f 891 937 892
f 892 937 938
f 892 938 893
f 893 938 939
f 893 939 894
f 894 939 940
f 894 940 895
f 895 940 941
f 895 941 896
f 896 941 942
f 896 942 897
f 897 942 943
f 897 943 898
f 898 943 944
f 898 944 899
f 899 944 945
f 899 945 900
f 900 945 946
f 900 946 901
f 901 946 947
f 901 947 902
f 902 947 948
f 902 948 903
f 903 948 949
f 903 949 904
f 904 949 950
f 904 950 905
f 905 950 951
f 905 951 906
f 906 951 952
f 906 952 907
f 907 952 953
f 907 953 908
f 908 953 954
f 908 954 909
f 909 954 955
f 909 955 910
f 910 955 956
f 910 956 911
f 911 956 957
f 911 957 912
f 912 957 958
f 912 958 913
f 913 958 959
f 913 959 914
f 914 959 960
f 914 960 915
f 915 960 961
f 915 961 916
f 916 961 962
f 916 962 917
f 917 962 963
f 917 963 918
f 918 963 964
f 918 964 919
f 919 964 965
f 919 965 920
f 920 965 966
f 920 966 921
f 921 966 967
f 921 967 922
f 922 967 968
f 922 968 48
f 923 1 969
f 923 969 924
f 924 969 970
f 924 970 925
f 925 970 971
f 925 971 926
f 926 971 972
f 926 972 927
f 927 972 973
f 927 973 928
f 928 973 974
f 928 974 929
f 929 974 975
f 929 975 930
f 930 975 976
f 930 976 931
f 931 976 977
f 931 977 932
f 932 977 978
f 932 978 933
f 933 978 979
f 933 979 934
f 934 979 980
f 934 980 935
f 935 980 981
f 935 981 936
f 936 981 982
f 936 982 937
f 937 982 983
f 937 983 938
f 938 983 984
f 938 984 939
f 939 984 985
f 939 985 940
f 940 985 986
f 940 986 941
f 941 986 987
f 941 987 942
f 942 987 988
f 942 988 943
f 943 988 989
f 943 989 944
f 944 989 990
f 944 990 945
f 945 990 991
f 945 991 946
f 946 991 992
f 946 992 947
f 947 992 993
f 947 993 948
f 948 993 994
f 948 994 949
f 949 994 995
f 949 995 950
f 950 995 996
f 950 996 951
f 951 996 997
f 951 997 952
f 952 997 998
f 952 998 953
f 953 998 999
f 953 999 954
f 954 999 1000
f 954 1000 955
f 955 1000 1001
f 955 1001 956
f 956 1001 1002
f 956 1002 957
f 957 1002 1003
f 957 1003 958
f 958 1003 1004
f 958 1004 959
f 959 1004 1005
f 959 1005 960
f 960 1005 1006
f 960 1006 961
f 961 1006 1007
f 961 1007 962
f 962 1007 1008
f 962 1008 963
f 963 1008 1009
f 963 1009 964
f 964 1009 1010
f 964 1010 965
f 965 1010 1011
f 965 1011 966
f 966 1011 1012
f 966 1012 967
f 967 1012 1013
f 967 1013 968
f 968 1013 1014
f 968 1014 48
f 969 1 1015
f 969 1015 970
f 970 1015 1016
f 970 1016 971
f 971 1016 1017
f 971 1017 972
f 972 1017 1018
f 972 1018 973
f 973 1018 1019
f 973 1019 974
f 974 1019 1020
f 974 1020 975
f 975 1020 1021
f 975 1021 976
f 976 1021 1022
f 976 1022 977
f 977 1022 1023
f 977 1023 978
f 978 1023 1024
f 978 1024 979
f 979 1024 1025
f 979 1025 980
f 980 1025 1026
f 980 1026 981
f 981 1026 1027
f 981 1027 982
f 982 1027 1028
f 982 1028 983
f 983 1028 1029
f 983 1029 984
f 984 1029 1030
f 984 1030 985
f 985 1030 1031
f 985 1031 986
f 986 1031 1032
f 986 1032 987
f 987 1032 1033
f 987 1033 988
f 988 1033 1034
f 988 1034 989
f 989 1034 1035
f 989 1035 990
f 990 1035 1036
f 990 1036 991
f 991 1036 1037
f 991 1037 992
f 992 1037 1038
f 992 1038 993
f 993 1038 1039
f 993 1039 994
f 994 1039 1040
f 994 1040 995
f 995 1040 1041
f 995 1041 996
f 996 1041 1042
f 996 1042 997
f 997 1042 1043
f 997 1043 998
f 998 1043 1044
f 998 1044 999
f 999 1044 1045
f 999 1045 1000
f 1000 1045 1046
f 1000 1046 1001
f 1001 1046 1047
f 1001 1047 1002
f 1002 1047 1048
f 1002 1048 1003
f 1003 1048 1049
f 1003 1049 1004
f 1004 1049 1050
f 1004 1050 1005
f 1005 1050 1051
f 1005 1051 1006
f 1006 1051 1052
f 1006 1052 1007
f 1007 1052 1053
f 1007 1053 1008
f 1008 1053 1054
f 1008 1054 1009
f 1009 1054 1055
f 1009 1055 1010
f 1010 1055 1056
f 1010 1056 1011
f 1011 1056 1057
f 1011 1057 1012
f 1012 1057 1058
f 1012 1058 1013
f 1013 1058 1059
f 1013 1059 1014
f 1014 1059 1060
f 1014 1060 48
f 1015 1 1061
f 1015 1061 1016
f 1016 1061 1062
f 1016 1062 1017
f 1017 1062 1063
f 1017 1063 1018
f 1018 1063 1064
f 1018 1064 1019
f 1019 1064 1065
f 1019 1065 1020
f 1020 1065 1066
f 1020 1066 1021
f 1021 1066 1067
f 1021 1067 1022
f 1022 1067 1068
f 1022 1068 1023
f 1023 1068 1069
f 1023 1069 1024
f 1024 1069 1070
f 1024 1070 1025
f 1025 1070 1071
f 1025 1071 1026
f 1026 1071 1072
f 1026 1072 1027
f 1027 1072 1073
f 1027 1073 1028
f 1028 1073 1074
f 1028 1074 1029
f 1029 1074 1075
f 1029 1075 1030
f 1030 1075 1076
f 1030 1076 1031
f 1031 1076 1077
f 1031 1077 1032
f 1032 1077 1078
f 1032 1078 1033
f 1033 1078 1079
f 1033 1079 1034
f 1034 1079 1080
f 1034 1080 1035
f 1035 1080 1081
f 1035 1081 1036
f 1036 1081 1082
f 1036 1082 1037
f 1037 1082 1083
f 1037 1083 1038
f 1038 1083 1084
f 1038 1084 1039
f 1039 1084 1085
f 1039 1085 1040
f 1040 1085 1086
f 1040 1086 1041
f 1041 1086 1087
f 1041 1087 1042
f 1042 1087 1088
f 1042 1088 1043
f 1043 1088 1089
f 1043 1089 1044
f 1044 1089 1090
f 1044 1090 1045
f 1045 1090 1091
f 1045 1091 1046
f 1046 1091 1092
f 1046 1092 1047
f 1047 1092 1093
f 1047 1093 1048
f 1048 1093 1094
f 1048 1094 1049
f 1049 1094 1095
f 1049 1095 1050
f 1050 1095 1096
f 1050 1096 1051
f 1051 1096 1097
f 1051 1097 1052
f 1052 1097 1098
f 1052 1098 1053
f 1053 1098 1099
f 1053 1099 1054
f 1054 1099 1100
f 1054 1100 1055
f 1055 1100 1101
f 1055 1101 1056
f 1056 1101 1102
f 1056 1102 1057
f 1057 1102 1103
f 1057 1103 1058
f 1058 1103 1104
f 1058 1104 1059
f 1059 1104 1105
f 1059 1105 1060
f 1060 1105 1106
f 1060 1106 48
f 1061 1 1107
f 1061 1107 1062
f 1062 1107 1108
f 1062 1108 1063
f 1063 1108 1109
f 1063 1109 1064
f 1064 1109 1110
f 1064 1110 1065
f 1065 1110 1111
f 1065 1111 1066
f 1066 1111 1112
f 1066 1112 1067
f 1067 1112 1113
f 1067 1113 1068
f 1068 1113 1114
f 1068 1114 1069
f 1069 1114 1115
f 1069 1115 1070
f 1070 1115 1116
f 1070 1116 1071
f 1071 1116 1117
f 1071 1117 1072
f 1072 1117 1118
f 1072 1118 1073
f 1073 1118 1119
f 1073 1119 1074
f 1074 1119 1120
f 1074 1120 1075
f 1075 1120 1121
f 1075 1121 1076
f 1076 1121 1122
f 1076 1122 1077
f 1077 1122 1123
f 1077 1123 1078
f 1078 1123 1124
f 1078 1124 1079
f 1079 1124 1125
f 1079 1125 1080
f 1080 1125 1126
f 1080 1126 1081
f 1081 1126 1127
f 1081 1127 1082
f 1082 1127 1128
f 1082 1128 1083
f 1083 1128 1129
f 1083 1129 1084
f 1084 1129 1130
f 1084 1130 1085
f 1085 1130 1131
f 1085 1131 1086
f 1086 1131 1132
f 1086 1132 1087
f 1087 1132 1133
f 1087 1133 1088
f 1088 1133 1134
f 1088 1134 1089
f 1089 1134 1135
f 1089 1135 1090
f 1090 1135 1136
f 1090 1136 1091
f 1091 1136 1137
f 1091 1137 1092
f 1092 1137 1138
f 1092 1138 1093
f 1093 1138 1139
f 1093 1139 1094
f 1094 1139 1140
f 1094 1140 1095
f 1095 1140 1141
f 1095 1141 1096
f 1096 1141 1142
f 1096 1142 1097
f 1097 1142 1143
f 1097 1143 1098
f 1098 1143 1144
f 1098 1144 1099
f 1099 1144 1145
f 1099 1145 1100
f 1100 1145 1146
f 1100 1146 1101
f 1101 1146 1147
f 1101 1147 1102
f 1102 1147 1148
f 1102 1148 1103
f 1103 1148 1149
f 1103 1149 1104
f 1104 1149 1150
f 1104 1150 1105
f 1105 1150 1151
f 1105 1151 1106
f 1106 1151 1152
f 1106 1152 48
f 1107 1 1153
f 1107 1153 1108
f 1108 1153 1154
f 1108 1154 1109
f 1109 1154 1155
f 1109 1155 1110
f 1110 1155 1156
f 1110 1156 1111
f 1111 1156 1157
f 1111 1157 1112
f 1112 1157 1158
f 1112 1158 1113
f 1113 1158 1159
f 1113 1159 1114
f 1114 1159 1160
f 1114 1160 1115
f 1115 1160 1161
f 1115 1161 1116
f 1116 1161 1162
f 1116 1162 1117
f 1117 1162 1163
f 1117 1163 1118
f 1118 1163 1164
f 1118 1164 1119
f 1119 1164 1165
f 1119 1165 1120
f 1120 1165 1166
f 1120 1166 1121
f 1121 1166 1167
f 1121 1167 1122
f 1122 1167 1168
f 1122 1168 1123
f 1123 1168 1169
f 1123 1169 1124
f 1124 1169 1170
f 1124 1170 1125
f 1125 1170 1171
f 1125 1171 1126
f 1126 1171 1172
f 1126 1172 1127
f 1127 1172 1173
f 1127 1173 1128
f 1128 1173 1174
f 1128 1174 1129
f 1129 1174 1175
f 1129 1175 1130
f 1130 1175 1176
f 1130 1176 1131
f 1131 1176 1177
f 1131 1177 1132
f 1132 1177 1178
f 1132 1178 1133
f 1133 1178 1179
f 1133 1179 1134
f 1134 1179 1180
f 1134 1180 1135
f 1135 1180 1181
f 1135 1181 1136
f 1136 1181 1182
f 1136 1182 1137
f 1137 1182 1183
f 1137 1183 1138
f 1138 1183 1184
f 1138 1184 1139
f 1139 1184 1185
f 1139 1185 1140
f 1140 1185 1186
f 1140 1186 1141
f 1141 1186 1187
f 1141 1187 1142
f 1142 1187 1188
f 1142 1188 1143
f 1143 1188 1189
f 1143 1189 1144
f 1144 1189 1190
f 1144 1190 1145
f 1145 1190 1191
f 1145 1191 1146
f 1146 1191 1192
f 1146 1192 1147
f 1147 1192 1193
f 1147 1193 1148
f 1148 1193 1194
f 1148 1194 1149
f 1149 1194 1195
f 1149 1195 1150
f 1150 1195 1196
f 1150 1196 1151
f 1151 1196 1197
f 1151 1197 1152
f 1152 1197 1198
f 1152 1198 48
f 1153 1 1199
f 1153 1199 1154
f 1154 1199 1200
f 1154 1200 1155
f 1155 1200 1201
f 1155 1201 1156
f 1156 1201 1202
f 1156 1202 1157
f 1157 1202 1203
f 1157 1203 1158
f 1158 1203 1204
f 1158 1204 1159
f 1159 1204 1205
f 1159 1205 1160
f 1160 1205 1206
f 1160 1206 1161
f 1161 1206 1207
f 1161 1207 1162
f 1162 1207 1208
f 1162 1208 1163
f 1163 1208 1209
f 1163 1209 1164
f 1164 1209 1210
f 1164 1210 1165
f 1165 1210 1211
f 1165 1211 1166
f 1166 1211 1212
f 1166 1212 1167
f 1167 1212 1213
f 1167 1213 1168
f 1168 1213 1214
f 1168 1214 1169
f 1169 1214 1215
f 1169 1215 1170
f 1170 1215 1216
f 1170 1216 1171
f 1171 1216 1217
f 1171 1217 1172
f 1172 1217 1218
f 1172 1218 1173
f 1173 1218 1219
f 1173 1219 1174
f 1174 1219 1220
f 1174 1220 1175
f 1175 1220 1221
f 1175 1221 1176
f 1176 1221 1222
f 1176 1222 1177
f 1177 1222 1223
f 1177 1223 1178
f 1178 1223 1224
f 1178 1224 1179
f 1179 1224 1225
f 1179 1225 1180
f 1180 1225 1226
f 1180 1226 1181
f 1181 1226 1227
f 1181 1227 1182
f 1182 1227 1228
f 1182 1228 1183
f 1183 1228 1229
f 1183 1229 1184
f 1184 1229 1230
f 1184 1230 1185
f 1185 1230 1231
f 1185 1231 1186
f 1186 1231 1232
f 1186 1232 1187
f 1187 1232 1233
f 1187 1233 1188
f 1188 1233 1234
f 1188 1234 1189
f 1189 1234 1235
f 1189 1235 1190
f 1190 1235 1236
f 1190 1236 1191
f 1191 1236 1237
f 1191 1237 1192
f 1192 1237 1238
f 1192 1238 1193
f 1193 1238 1239
f 1193 1239 1194
f 1194 1239 1240
f 1194 1240 1195
f 1195 1240 1241
f 1195 1241 1196
f 1196 1241 1242
f 1196 1242 1197
f 1197 1242 1243
f 1197 1243 1198
f 1198 1243 1244
f 1198 1244 48
f 1199 1 1245
f 1199 1245 1200
f 1200 1245 1246
f 1200 1246 1201
f 1201 1246 1247
f 1201 1247 1202
f 1202 1247 1248
f 1202 1248 1203
f 1203 1248 1249
f 1203 1249 1204
f 1204 1249 1250
f 1204 1250 1205
f 1205 1250 1251
f 1205 1251 1206
f 1206 1251 1252
f 1206 1252 1207
f 1207 1252 1253
f 1207 1253 1208
f 1208 1253 1254
f 1208 1254 1209
f 1209 1254 1255
f 1209 1255 1210
f 1210 1255 1256
f 1210 1256 1211
f 1211 1256 1257
f 1211 1257 1212
f 1212 1257 1258
f 1212 1258 1213
f 1213 1258 1259
f 1213 1259 1214
f 1214 1259 1260
f 1214 1260 1215
f 1215 1260 1261
f 1215 1261 1216
f 1216 1261 1262
f 1216 1262 1217
f 1217 1262 1263
f 1217 1263 1218
f 1218 1263 1264
f 1218 1264 1219
f 1219 1264 1265
f 1219 1265 1220
f 1220 1265 1266
f 1220 1266 1221
f 1221 1266 1267
f 1221 1267 1222
f 1222 1267 1268
f 1222 1268 1223
f 1223 1268 1269
f 1223 1269 1224
f 1224 1269 1270
f 1224 1270 1225
f 1225 1270 1271
f 1225 1271 1226
f 1226 1271 1272
f 1226 1272 1227
f 1227 1272 1273
f 1227 1273 1228
f 1228 1273 1274
f 1228 1274 1229
f 1229 1274 1275
f 1229 1275 1230
f 1230 1275 1276
f 1230 1276 1231
f 1231 1276 1277
f 1231 1277 1232
f 1232 1277 1278
f 1232 1278 1233
f 1233 1278 1279
f 1233 1279 1234
f 1234 1279 1280
f 1234 1280 1235
f 1235 1280 1281
f 1235 1281 1236
f 1236 1281 1282
f 1236 1282 1237
f 1237 1282 1283
f 1237 1283 1238
f 1238 1283 1284
f 1238 1284 1239
f 1239 1284 1285
f 1239 1285 1240
f 1240 1285 1286
f 1240 1286 1241
f 1241 1286 1287
f 1241 1287 1242
f 1242 1287 1288
f 1242 1288 1243
f 1243 1288 1289
f 1243 1289 1244
f 1244 1289 1290
f 1244 1290 48
f 1245 1 1291
f 1245 1291 1246
f 1246 1291 1292
f 1246 1292 1247
f 1247 1292 1293
f 1247 1293 1248
f 1248 1293 1294
f 1248 1294 1249
f 1249 1294 1295
f 1249 1295 1250
f 1250 1295 1296
f 1250 1296 1251
f 1251 1296 1297
f 1251 1297 1252
f 1252 1297 1298
f 1252 1298 1253
f 1253 1298 1299
f 1253 1299 1254
f 1254 1299 1300
f 1254 1300 1255
f 1255 1300 1301
f 1255 1301 1256
f 1256 1301 1302
f 1256 1302 1257
f 1257 1302 1303
f 1257 1303 1258
f 1258 1303 1304
f 1258 1304 1259
f 1259 1304 1305
f 1259 1305 1260
f 1260 1305 1306
f 1260 1306 1261
f 1261 1306 1307
f 1261 1307 1262
f 1262 1307 1308
f 1262 1308 1263
f 1263 1308 1309
f 1263 1309 1264
f 1264 1309 1310
f 1264 1310 1265
f 1265 1310 1311
f 1265 1311 1266
f 1266 1311 1312
f 1266 1312 1267
f 1267 1312 1313
f 1267 1313 1268
f 1268 1313 1314
f 1268 1314 1269
f 1269 1314 1315
f 1269 1315 1270
f 1270 1315 1316
f 1270 1316 1271
f 1271 1316 1317
f 1271 1317 1272
f 1272 1317 1318
f 1272 1318 1273
f 1273 1318 1319
f 1273 1319 1274
f 1274 1319 1320
f 1274 1320 1275
f 1275 1320 1321
f 1275 1321 1276
f 1276 1321 1322
f 1276 1322 1277
f 1277 1322 1323
f 1277 1323 1278
f 1278 1323 1324
f 1278 1324 1279
f 1279 1324 1325
f 1279 1325 1280
f 1280 1325 1326
f 1280 1326 1281
f 1281 1326 1327
f 1281 1327 1282
f 1282 1327 1328
f 1282 1328 1283
f 1283 1328 1329
f 1283 1329 1284
f 1284 1329 1330
f 1284 1330 1285
f 1285 1330 1331
f 1285 1331 1286
f 1286 1331 1332
f 1286 1332 1287
f 1287 1332 1333
f 1287 1333 1288
f 1288 1333 1334
f 1288 1334 1289
f 1289 1334 1335
f 1289 1335 1290
f 1290 1335 1336
f 1290 1336 48
f 1291 1 1337
f 1291 1337 1292
f 1292 1337 1338
f 1292 1338 1293
f 1293 1338 1339
f 1293 1339 1294
f 1294 1339 1340
f 1294 1340 1295
f 1295 1340 1341
f 1295 1341 1296
f 1296 1341 1342
f 1296 1342 1297
f 1297 1342 1343
f 1297 1343 1298
f 1298 1343 1344
f 1298 1344 1299
f 1299 1344 1345
f 1299 1345 1300
f 1300 1345 1346
f 1300 1346 1301
f 1301 1346 1347
f 1301 1347 1302
f 1302 1347 1348
f 1302 1348 1303
f 1303 1348 1349
f 1303 1349 1304
f 1304 1349 1350
f 1304 1350 1305
f 1305 1350 1351
f 1305 1351 1306
f 1306 1351 1352
f 1306 1352 1307
f 1307 1352 1353
f 1307 1353 1308
f 1308 1353 1354
f 1308 1354 1309
f 1309 1354 1355
f 1309 1355 1310
f 1310 1355 1356
f 1310 1356 1311
f 1311 1356 1357
f 1311 1357 1312
f 1312 1357 1358
f 1312 1358 1313
f 1313 1358 1359
f 1313 1359 1314
f 1314 1359 1360
f 1314 1360 1315
f 1315 1360 1361
f 1315 1361 1316
f 1316 1361 1362
f 1316 1362 1317
f 1317 1362 1363
f 1317 1363 1318
f 1318 1363 1364
f 1318 1364 1319
f 1319 1364 1365
f 1319 1365 1320
f 1320 1365 1366
f 1320 1366 1321
f 1321 1366 1367
f 1321 1367 1322
f 1322 1367 1368
f 1322 1368 1323
f 1323 1368 1369
f 1323 1369 1324
f 1324 1369 1370
f 1324 1370 1325
f 1325 1370 1371
f 1325 1371 1326
f 1326 1371 1372
f 1326 1372 1327
f 1327 1372 1373
f 1327 1373 1328
f 1328 1373 1374
f 1328 1374 1329
f 1329 1374 1375
f 1329 1375 1330
f 1330 1375 1376
f 1330 1376 1331
f 1331 1376 1377
f 1331 1377 1332
f 1332 1377 1378
f 1332 1378 1333
f 1333 1378 1379
f 1333 1379 1334
f 1334 1379 1380
f 1334 1380 1335
f 1335 1380 1381
f 1335 1381 1336
f 1336 1381 1382
f 1336 1382 48
f 1337 1 1383
f 1337 1383 1338
f 1338 1383 1384
f 1338 1384 1339
f 1339 1384 1385
f 1339 1385 1340
f 1340 1385 1386
f 1340 1386 1341
f 1341 1386 1387
f 1341 1387 1342
f 1342 1387 1388
f 1342 1388 1343
f 1343 1388 1389
f 1343 1389 1344
f 1344 1389 1390
f 1344 1390 1345
f 1345 1390 1391
f 1345 1391 1346
f 1346 1391 1392
f 1346 1392 1347
f 1347 1392 1393
f 1347 1393 1348
f 1348 1393 1394
f 1348 1394 1349
f 1349 1394 1395
f 1349 1395 1350
f 1350 1395 1396
f 1350 1396 1351
f 1351 1396 1397
f 1351 1397 1352
f 1352 1397 1398
f 1352 1398 1353
f 1353 1398 1399
f 1353 1399 1354
f 1354 1399 1400
f 1354 1400 1355
f 1355 1400 1401
f 1355 1401 1356
f 1356 1401 1402
f 1356 1402 1357
f 1357 1402 1403
f 1357 1403 1358
f 1358 1403 1404
f 1358 1404 1359
f 1359 1404 1405
f 1359 1405 1360
f 1360 1405 1406
f 1360 1406 1361
f 1361 1406 1407
f 1361 1407 1362
f 1362 1407 1408
f 1362 1408 1363
f 1363 1408 1409
f 1363 1409 1364
f 1364 1409 1410
f 1364 1410 1365
f 1365 1410 1411
f 1365 1411 1366
f 1366 1411 1412
f 1366 1412 1367
f 1367 1412 1413
f 1367 1413 1368
f 1368 1413 1414
f 1368 1414 1369
f 1369 1414 1415
f 1369 1415 1370
f 1370 1415 1416
f 1370 1416 1371
f 1371 1416 1417
f 1371 1417 1372
f 1372 1417 1418
f 1372 1418 1373
f 1373 1418 1419
f 1373 1419 1374
f 1374 1419 1420
f 1374 1420 1375
f 1375 1420 1421
f 1375 1421 1376
f 1376 1421 1422
f 1376 1422 1377
f 1377 1422 1423
f 1377 1423 1378
f 1378 1423 1424
f 1378 1424 1379
f 1379 1424 1425
f 1379 1425 1380
f 1380 1425 1426
f 1380 1426 1381
f 1381 1426 1427
f 1381 1427 1382
f 1382 1427 1428
f 1382 1428 48
f 1383 1 1429
f 1383 1429 1384
f 1384 1429 1430
f 1384 1430 1385
f 1385 1430 1431
f 1385 1431 1386
f 1386 1431 1432
f 1386 1432 1387
f 1387 1432 1433
f 1387 1433 1388
f 1388 1433 1434
f 1388 1434 1389
f 1389 1434 1435
f 1389 1435 1390
f 1390 1435 1436
f 1390 1436 1391
f 1391 1436 1437
f 1391 1437 1392
f 1392 1437 1438
f 1392 1438 1393
f 1393 1438 1439
f 1393 1439 1394
f 1394 1439 1440
f 1394 1440 1395
f 1395 1440 1441
f 1395 1441 1396
f 1396 1441 1442
f 1396 1442 1397
f 1397 1442 1443
f 1397 1443 1398
f 1398 1443 1444
f 1398 1444 1399
f 1399 1444 1445
f 1399 1445 1400
f 1400 1445 1446
f 1400 1446 1401
f 1401 1446 1447
f 1401 1447 1402
f 1402 1447 1448
f 1402 1448 1403
f 1403 1448 1449
f 1403 1449 1404
f 1404 1449 1450
f 1404 1450 1405
f 1405 1450 1451
f 1405 1451 1406
f 1406 1451 1452
f 1406 1452 1407
f 1407 1452 1453
f 1407 1453 1408
f 1408 1453 1454
f 1408 1454 1409
f 1409 1454 1455
f 1409 1455 1410
f 1410 1455 1456
f 1410 1456 1411
f 1411 1456 1457
f 1411 1457 1412
f 1412 1457 1458
f 1412 1458 1413
f 1413 1458 1459
f 1413 1459 1414
f 1414 1459 1460
f 1414 1460 1415
f 1415 1460 1461
f 1415 1461 1416
f 1416 1461 1462
f 1416 1462 1417
f 1417 1462 1463
f 1417 1463 1418
f 1418 1463 1464
f 1418 1464 1419
f 1419 1464 1465
f 1419 1465 1420
f 1420 1465 1466
f 1420 1466 1421
f 1421 1466 1467
f 1421 1467 1422
f 1422 1467 1468
f 1422 1468 1423
f 1423 1468 1469
f 1423 1469 1424
f 1424 1469 1470
f 1424 1470 1425
f 1425 1470 1471
f 1425 1471 1426
f 1426 1471 1472
f 1426 1472 1427
f 1427 1472 1473
f 1427 1473 1428
f 1428 1473 1474
f 1428 1474 48
f 1429 1 1475
f 1429 1475 1430
f 1430 1475 1476
f 1430 1476 1431
f 1431 1476 1477
f 1431 1477 1432
f 1432 1477 1478
f 1432 1478 1433
f 1433 1478 1479
f 1433 1479 1434
f 1434 1479 1480
f 1434 1480 1435
f 1435 1480 1481
f 1435 1481 1436
f 1436 1481 1482
f 1436 1482 1437
f 1437 1482 1483
f 1437 1483 1438
f 1438 1483 1484
f 1438 1484 1439
f 1439 1484 1485
f 1439 1485 1440
f 1440 1485 1486
f 1440 1486 1441
f 1441 1486 1487
f 1441 1487 1442
f 1442 1487 1488
f 1442 1488 1443
f 1443 1488 1489
f 1443 1489 1444
f 1444 1489 1490
f 1444 1490 1445
f 1445 1490 1491
f 1445 1491 1446
f 1446 1491 1492
f 1446 1492 1447
f 1447 1492 1493
f 1447 1493 1448
f 1448 1493 1494
f 1448 1494 1449
f 1449 1494 1495
f 1449 1495 1450
f 1450 1495 1496
f 1450 1496 1451
f 1451 1496 1497
f 1451 1497 1452
f 1452 1497 1498
f 1452 1498 1453
f 1453 1498 1499
f 1453 1499 1454
f 1454 1499 1500
f 1454 1500 1455
f 1455 1500 1501
f 1455 1501 1456
f 1456 1501 1502
f 1456 1502 1457
f 1457 1502 1503
f 1457 1503 1458
f 1458 1503 1504
f 1458 1504 1459
f 1459 1504 1505
f 1459 1505 1460
f 1460 1505 1506
f 1460 1506 1461
f 1461 1506 1507
f 1461 1507 1462
f 1462 1507 1508
f 1462 1508 1463
f 1463 1508 1509
f 1463 1509 1464
f 1464 1509 1510
f 1464 1510 1465
f 1465 1510 1511
f 1465 1511 1466
f 1466 1511 1512
f 1466 1512 1467
f 1467 1512 1513
f 1467 1513 1468
f 1468 1513 1514
f 1468 1514 1469
f 1469 1514 1515
f 1469 1515 1470
f 1470 1515 1516
f 1470 1516 1471
f 1471 1516 1517
f 1471 1517 1472
f 1472 1517 1518
f 1472 1518 1473
f 1473 1518 1519
f 1473 1519 1474
f 1474 1519 1520
f 1474 1520 48
f 1475 1 1521
f 1475 1521 1476
f 1476 1521 1522
f 1476 1522 1477
f 1477 1522 1523
f 1477 1523 1478
f 1478 1523 1524
f 1478 1524 1479
f 1479 1524 1525
f 1479 1525 1480
f 1480 1525 1526
f 1480 1526 1481
f 1481 1526 1527
f 1481 1527 1482
f 1482 1527 1528
f 1482 1528 1483
f 1483 1528 1529
f 1483 1529 1484
f 1484 1529 1530
f 1484 1530 1485
f 1485 1530 1531
f 1485 1531 1486
f 1486 1531 1532
f 1486 1532 1487
f 1487 1532 1533
f 1487 1533 1488
f 1488 1533 1534
f 1488 1534 1489
f 1489 1534 1535
f 1489 1535 1490
f 1490 1535 1536
f 1490 1536 1491
f 1491 1536 1537
f 1491 1537 1492
f 1492 1537 1538
f 1492 1538 1493
f 1493 1538 1539
f 1493 1539 1494
f 1494 1539 1540
f 1494 1540 1495
f 1495 1540 1541
f 1495 1541 1496
f 1496 1541 1542
f 1496 1542 1497
f 1497 1542 1543
f 1497 1543 1498
f 1498 1543 1544
f 1498 1544 1499
f 1499 1544 1545
f 1499 1545 1500
f 1500 1545 1546
f 1500 1546 1501
f 1501 1546 1547
f 1501 1547 1502
f 1502 1547 1548
f 1502 1548 1503
f 1503 1548 1549
f 1503 1549 1504
f 1504 1549 1550
f 1504 1550 1505
f 1505 1550 1551
f 1505 1551 1506
f 1506 1551 1552
f 1506 1552 1507
f 1507 1552 1553
f 1507 1553 1508
f 1508 1553 1554
f 1508 1554 1509
f 1509 1554 1555
f 1509 1555 1510
f 1510 1555 1556
f 1510 1556 1511
f 1511 1556 1557
f 1511 1557 1512
f 1512 1557 1558
f 1512 1558 1513
f 1513 1558 1559
f 1513 1559 1514
f 1514 1559 1560
f 1514 1560 1515
f 1515 1560 1561
f 1515 1561 1516
f 1516 1561 1562
f 1516 1562 1517
f 1517 1562 1563
f 1517 1563 1518
f 1518 1563 1564
f 1518 1564 1519
f 1519 1564 1565
f 1519 1565 1520
f 1520 1565 1566
f 1520 1566 48
f 1521 1 1567
f 1521 1567 1522
f 1522 1567 1568
f 1522 1568 1523
f 1523 1568 1569
f 1523 1569 1524
f 1524 1569 1570
f 1524 1570 1525
f 1525 1570 1571
f 1525 1571 1526
f 1526 1571 1572
f 1526 1572 1527
f 1527 1572 1573
f 1527 1573 1528
f 1528 1573 1574
f 1528 1574 1529
f 1529 1574 1575
f 1529 1575 1530
f 1530 1575 1576
f 1530 1576 1531
f 1531 1576 1577
f 1531 1577 1532
f 1532 1577 1578
f 1532 1578 1533
f 1533 1578 1579
f 1533 1579 1534
f 1534 1579 1580
f 1534 1580 1535
f 1535 1580 1581
f 1535 1581 1536
f 1536 1581 1582
f 1536 1582 1537
f 1537 1582 1583
f 1537 1583 1538
f 1538 1583 1584
f 1538 1584 1539
f 1539 1584 1585
f 1539 1585 1540
f 1540 1585 1586
f 1540 1586 1541
f 1541 1586 1587
f 1541 1587 1542
f 1542 1587 1588
f 1542 1588 1543
f 1543 1588 1589
f 1543 1589 1544
f 1544 1589 1590
f 1544 1590 1545
f 1545 1590 1591
f 1545 1591 1546
f 1546 1591 1592
f 1546 1592 1547
f 1547 1592 1593
f 1547 1593 1548
f 1548 1593 1594
f 1548 1594 1549
f 1549 1594 1595
f 1549 1595 1550
f 1550 1595 1596
f 1550 1596 1551
f 1551 1596 1597
f 1551 1597 1552
f 1552 1597 1598
f 1552 1598 1553
f 1553 1598 1599
f 1553 1599 1554
f 1554 1599 1600
f 1554 1600 1555
f 1555 1600 1601
f 1555 1601 1556
f 1556 1601 1602
f 1556 1602 1557
f 1557 1602 1603
f 1557 1603 1558
f 1558 1603 1604
f 1558 1604 1559
f 1559 1604 1605
f 1559 1605 1560
f 1560 1605 1606
f 1560 1606 1561
f 1561 1606 1607
f 1561 1607 1562
f 1562 1607 1608
f 1562 1608 1563
f 1563 1608 1609
f 1563 1609 1564
f 1564 1609 1610
f 1564 1610 1565
f 1565 1610 1611
f 1565 1611 1566
f 1566 1611 1612
f 1566 1612 48
f 1567 1 1613
f 1567 1613 1568
f 1568 1613 1614
f 1568 1614 1569
f 1569 1614 1615
f 1569 1615 1570
f 1570 1615 1616
f 1570 1616 1571
f 1571 1616 1617
f 1571 1617 1572
f 1572 1617 1618
f 1572 1618 1573
f 1573 1618 1619
f 1573 1619 1574
f 1574 1619 1620
f 1574 1620 1575
f 1575 1620 1621
f 1575 1621 1576
f 1576 1621 1622
f 1576 1622 1577
f 1577 1622 1623
f 1577 1623 1578
f 1578 1623 1624
f 1578 1624 1579
f 1579 1624 1625
f 1579 1625 1580
f 1580 1625 1626
f 1580 1626 1581
f 1581 1626 1627
f 1581 1627 1582
f 1582 1627 1628
f 1582 1628 1583
f 1583 1628 1629
f 1583 1629 1584
f 1584 1629 1630
f 1584 1630 1585
f 1585 1630 1631
f 1585 1631 1586
f 1586 1631 1632
f 1586 1632 1587
f 1587 1632 1633
f 1587 1633 1588
f 1588 1633 1634
f 1588 1634 1589
f 1589 1634 1635
f 1589 1635 1590
f 1590 1635 1636
f 1590 1636 1591
f 1591 1636 1637
f 1591 1637 1592
f 1592 1637 1638
f 1592 1638 1593
f 1593 1638 1639
f 1593 1639 1594
f 1594 1639 1640
f 1594 1640 1595
f 1595 1640 1641
f 1595 1641 1596
f 1596 1641 1642
f 1596 1642 1597
f 1597 1642 1643
f 1597 1643 1598
f 1598 1643 1644
f 1598 1644 1599
f 1599 1644 1645
f 1599 1645 1600
f 1600 1645 1646
f 1600 1646 1601
f 1601 1646 1647
f 1601 1647 1602
f 1602 1647 1648
f 1602 1648 1603
f 1603 1648 1649
f 1603 1649 1604
f 1604 1649 1650
f 1604 1650 1605
f 1605 1650 1651
f 1605 1651 1606
f 1606 1651 1652
f 1606 1652 1607
f 1607 1652 1653
f 1607 1653 1608
f 1608 1653 1654
f 1608 1654 1609
f 1609 1654 1655
f 1609 1655 1610
f 1610 1655 1656
f 1610 1656 1611
f 1611 1656 1657
f 1611 1657 1612
f 1612 1657 1658
f 1612 1658 48
f 1613 1 1659
f 1613 1659 1614
f 1614 1659 1660
f 1614 1660 1615
f 1615 1660 1661
f 1615 1661 1616
f 1616 1661 1662
f 1616 1662 1617
f 1617 1662 1663
f 1617 1663 1618
f 1618 1663 1664
f 1618 1664 1619
f 1619 1664 1665
f 1619 1665 1620
f 1620 1665 1666
f 1620 1666 1621
f 1621 1666 1667
f 1621 1667 1622
f 1622 1667 1668
f 1622 1668 1623
f 1623 1668 1669
f 1623 1669 1624
f 1624 1669 1670
f 1624 1670 1625
f 1625 1670 1671
f 1625 1671 1626
f 1626 1671 1672
f 1626 1672 1627
f 1627 1672 1673
f 1627 1673 1628
f 1628 1673 1674
f 1628 1674 1629
f 1629 1674 1675
f 1629 1675 1630
f 1630 1675 1676
f 1630 1676 1631
f 1631 1676 1677
f 1631 1677 1632
f 1632 1677 1678
f 1632 1678 1633
f 1633 1678 1679
f 1633 1679 1634
f 1634 1679 1680
f 1634 1680 1635
f 1635 1680 1681
f 1635 1681 1636
f 1636 1681 1682
f 1636 1682 1637
f 1637 1682 1683
f 1637 1683 1638
f 1638 1683 1684
f 1638 1684 1639
f 1639 1684 1685
f 1639 1685 1640
f 1640 1685 1686
f 1640 1686 1641
f 1641 1686 1687
f 1641 1687 1642
f 1642 1687 1688
f 1642 1688 1643
f 1643 1688 1689
f 1643 1689 1644
f 1644 1689 1690
f 1644 1690 1645
f 1645 1690 1691
f 1645 1691 1646
f 1646 1691 1692
f 1646 1692 1647
f 1647 1692 1693
f 1647 1693 1648
f 1648 1693 1694
f 1648 1694 1649
f 1649 1694 1695
f 1649 1695 1650
f 1650 1695 1696
f 1650 1696 1651
f 1651 1696 1697
f 1651 1697 1652
f 1652 1697 1698
f 1652 1698 1653
f 1653 1698 1699
f 1653 1699 1654
f 1654 1699 1700
f 1654 1700 1655
f 1655 1700 1701
f 1655 1701 1656
f 1656 1701 1702
f 1656 1702 1657
f 1657 1702 1703
f 1657 1703 1658
f 1658 1703 1704
f 1658 1704 48
f 1659 1 1705
f 1659 1705 1660
f 1660 1705 1706
f 1660 1706 1661
f 1661 1706 1707
f 1661 1707 1662
f 1662 1707 1708
f 1662 1708 1663
f 1663 1708 1709
f 1663 1709 1664
f 1664 1709 1710
f 1664 1710 1665
f 1665 1710 1711
f 1665 1711 1666
f 1666 1711 1712
f 1666 1712 1667
f 1667 1712 1713
f 1667 1713 1668
f 1668 1713 1714
f 1668 1714 1669
f 1669 1714 1715
f 1669 1715 1670
f 1670 1715 1716
f 1670 1716 1671
f 1671 1716 1717
f 1671 1717 1672
f 1672 1717 1718
f 1672 1718 1673
f 1673 1718 1719
f 1673 1719 1674
f 1674 1719 1720
f 1674 1720 1675
f 1675 1720 1721
f 1675 1721 1676
f 1676 1721 1722
f 1676 1722 1677
f 1677 1722 1723
f 1677 1723 1678
f 1678 1723 1724
f 1678 1724 1679
f 1679 1724 1725
f 1679 1725 1680
f 1680 1725 1726
f 1680 1726 1681
f 1681 1726 1727
f 1681 1727 1682
f 1682 1727 1728
f 1682 1728 1683
f 1683 1728 1729
f 1683 1729 1684
f 1684 1729 1730
f 1684 1730 1685
f 1685 1730 1731
f 1685 1731 1686
f 1686 1731 1732
f 1686 1732 1687
f 1687 1732 1733
f 1687 1733 1688
f 1688 1733 1734
f 1688 1734 1689
f 1689 1734 1735
f 1689 1735 1690
f 1690 1735 1736
f 1690 1736 1691
f 1691 1736 1737
f 1691 1737 1692
f 1692 1737 1738
f 1692 1738 1693
f 1693 1738 1739
f 1693 1739 1694
f 1694 1739 1740
f 1694 1740 1695
f 1695 1740 1741
f 1695 1741 1696
f 1696 1741 1742
f 1696 1742 1697
f 1697 1742 1743
f 1697 1743 1698
f 1698 1743 1744
f 1698 1744 1699
f 1699 1744 1745
f 1699 1745 1700
f 1700 1745 1746
f 1700 1746 1701
f 1701 1746 1747
f 1701 1747 1702
f 1702 1747 1748
f 1702 1748 1703
f 1703 1748 1749
f 1703 1749 1704
f 1704 1749 1750
f 1704 1750 48
f 1705 1 1751
f 1705 1751 1706
f 1706 1751 1752
f 1706 1752 1707
f 1707 1752 1753
f 1707 1753 1708
f 1708 1753 1754
f 1708 1754 1709
f 1709 1754 1755
f 1709 1755 1710
f 1710 1755 1756
f 1710 1756 1711
f 1711 1756 1757
f 1711 1757 1712
f 1712 1757 1758
f 1712 1758 1713
f 1713 1758 1759
f 1713 1759 1714
f 1714 1759 1760
f 1714 1760 1715
f 1715 1760 1761
f 1715 1761 1716
f 1716 1761 1762
f 1716 1762 1717
f 1717 1762 1763
f 1717 1763 1718
f 1718 1763 1764
f 1718 1764 1719
f 1719 1764 1765
f 1719 1765 1720
f 1720 1765 1766
f 1720 1766 1721
f 1721 1766 1767
f 1721 1767 1722
f 1722 1767 1768
f 1722 1768 1723
f 1723 1768 1769
f 1723 1769 1724
f 1724 1769 1770
f 1724 1770 1725
f 1725 1770 1771
f 1725 1771 1726
f 1726 1771 1772
f 1726 1772 1727
f 1727 1772 1773
f 1727 1773 1728
f 1728 1773 1774
f 1728 1774 1729
f 1729 1774 1775
f 1729 1775 1730
f 1730 1775 1776
f 1730 1776 1731
f 1731 1776 1777
f 1731 1777 1732
f 1732 1777 1778
f 1732 1778 1733
f 1733 1778 1779
f 1733 1779 1734
f 1734 1779 1780
f 1734 1780 1735
f 1735 1780 1781
f 1735 1781 1736
f 1736 1781 1782
f 1736 1782 1737
f 1737 1782 1783
f 1737 1783 1738
f 1738 1783 1784
f 1738 1784 1739
f 1739 1784 1785
f 1739 1785 1740
f 1740 1785 1786
f 1740 1786 1741
f 1741 1786 1787
f 1741 1787 1742
f 1742 1787 1788
f 1742 1788 1743
f 1743 1788 1789
f 1743 1789 1744
f 1744 1789 1790
f 1744 1790 1745
f 1745 1790 1791
f 1745 1791 1746
f 1746 1791 1792
f 1746 1792 1747
f 1747 1792 1793
f 1747 1793 1748
f 1748 1793 1794
f 1748 1794 1749
f 1749 1794 1795
f 1749 1795 1750
f 1750 1795 1796
f 1750 1796 48
f 1751 1 1797
f 1751 1797 1752
f 1752 1797 1798
f 1752 1798 1753
f 1753 1798 1799
f 1753 1799 1754
f 1754 1799 1800
f 1754 1800 1755
f 1755 1800 1801
f 1755 1801 1756
f 1756 1801 1802
f 1756 1802 1757
f 1757 1802 1803
f 1757 1803 1758
f 1758 1803 1804
f 1758 1804 1759
f 1759 1804 1805
f 1759 1805 1760
f 1760 1805 1806
f 1760 1806 1761
f 1761 1806 1807
f 1761 1807 1762
f 1762 1807 1808
f 1762 1808 1763
f 1763 1808 1809
f 1763 1809 1764
f 1764 1809 1810
f 1764 1810 1765
f 1765 1810 1811
f 1765 1811 1766
f 1766 1811 1812
f 1766 1812 1767
f 1767 1812 1813
f 1767 1813 1768
f 1768 1813 1814
f 1768 1814 1769
f 1769 1814 1815
f 1769 1815 1770
f 1770 1815 1816
f 1770 1816 1771
f 1771 1816 1817
f 1771 1817 1772
f 1772 1817 1818
f 1772 1818 1773
f 1773 1818 1819
f 1773 1819 1774
f 1774 1819 1820
f 1774 1820 1775
f 1775 1820 1821
f 1775 1821 1776
f 1776 1821 1822
f 1776 1822 1777
f 1777 1822 1823
f 1777 1823 1778
f 1778 1823 1824
f 1778 1824 1779
f 1779 1824 1825
f 1779 1825 1780
f 1780 1825 1826
f 1780 1826 1781
f 1781 1826 1827
f 1781 1827 1782
f 1782 1827 1828
f 1782 1828 1783
f 1783 1828 1829
f 1783 1829 1784
f 1784 1829 1830
f 1784 1830 1785
f 1785 1830 1831
f 1785 1831 1786
f 1786 1831 1832
f 1786 1832 1787
f 1787 1832 1833
f 1787 1833 1788
f 1788 1833 1834
f 1788 1834 1789
f 1789 1834 1835
f 1789 1835 1790
f 1790 1835 1836
f 1790 1836 1791
f 1791 1836 1837
f 1791 1837 1792
f 1792 1837 1838
f 1792 1838 1793
f 1793 1838 1839
f 1793 1839 1794
f 1794 1839 1840
f 1794 1840 1795
f 1795 1840 1841
f 1795 1841 1796
f 1796 1841 1842
f 1796 1842 48
f 1797 1 1843
f 1797 1843 1798
f 1798 1843 1844
f 1798 1844 1799
f 1799 1844 1845
f 1799 1845 1800
f 1800 1845 1846
f 1800 1846 1801
f 1801 1846 1847
f 1801 1847 1802
f 1802 1847 1848
f 1802 1848 1803
f 1803 1848 1849
f 1803 1849 1804
f 1804 1849 1850
f 1804 1850 1805
f 1805 1850 1851
f 1805 1851 1806
f 1806 1851 1852
f 1806 1852 1807
f 1807 1852 1853
f 1807 1853 1808
f 1808 1853 1854
f 1808 1854 1809
f 1809 1854 1855
f 1809 1855 1810
f 1810 1855 1856
f 1810 1856 1811
f 1811 1856 1857
f 1811 1857 1812
f 1812 1857 1858
f 1812 1858 1813
f 1813 1858 1859
f 1813 1859 1814
f 1814 1859 1860
f 1814 1860 1815
f 1815 1860 1861
f 1815 1861 1816
f 1816 1861 1862
f 1816 1862 1817
f 1817 1862 1863
f 1817 1863 1818
f 1818 1863 1864
f 1818 1864 1819
f 1819 1864 1865
f 1819 1865 1820
f 1820 1865 1866
f 1820 1866 1821
f 1821 1866 1867
f 1821 1867 1822
f 1822 1867 1868
f 1822 1868 1823
f 1823 1868 1869
f 1823 1869 1824
f 1824 1869 1870
f 1824 1870 1825
f 1825 1870 1871
f 1825 1871 1826
f 1826 1871 1872
f 1826 1872 1827
f 1827 1872 1873
f 1827 1873 1828
f 1828 1873 1874
f 1828 1874 1829
f 1829 1874 1875
f 1829 1875 1830
f 1830 1875 1876
f 1830 1876 1831
f 1831 1876 1877
f 1831 1877 1832
f 1832 1877 1878
f 1832 1878 1833
f 1833 1878 1879
f 1833 1879 1834
f 1834 1879 1880
f 1834 1880 1835
f 1835 1880 1881
f 1835 1881 1836
f 1836 1881 1882
f 1836 1882 1837
f 1837 1882 1883
f 1837 1883 1838
f 1838 1883 1884
f 1838 1884 1839
f 1839 1884 1885
f 1839 1885 1840
f 1840 1885 1886
f 1840 1886 1841
f 1841 1886 1887
f 1841 1887 1842
f 1842 1887 1888
f 1842 1888 48
f 1843 1 1889
f 1843 1889 1844
f 1844 1889 1890
f 1844 1890 1845
f 1845 1890 1891
f 1845 1891 1846
f 1846 1891 1892
f 1846 1892 1847
f 1847 1892 1893
f 1847 1893 1848
f 1848 1893 1894
f 1848 1894 1849
f 1849 1894 1895
f 1849 1895 1850
f 1850 1895 1896
f 1850 1896 1851
f 1851 1896 1897
f 1851 1897 1852
f 1852 1897 1898
f 1852 1898 1853
f 1853 1898 1899
f 1853 1899 1854
f 1854 1899 1900
f 1854 1900 1855
f 1855 1900 1901
f 1855 1901 1856
f 1856 1901 1902
f 1856 1902 1857
f 1857 1902 1903
f 1857 1903 1858
f 1858 1903 1904
f 1858 1904 1859
f 1859 1904 1905
f 1859 1905 1860
f 1860 1905 1906
f 1860 1906 1861
f 1861 1906 1907
f 1861 1907 1862
f 1862 1907 1908
f 1862 1908 1863
f 1863 1908 1909
f 1863 1909 1864
f 1864 1909 1910
f 1864 1910 1865
f 1865 1910 1911
f 1865 1911 1866
f 1866 1911 1912
f 1866 1912 1867
f 1867 1912 1913
f 1867 1913 1868
f 1868 1913 1914
f 1868 1914 1869
f 1869 1914 1915
f 1869 1915 1870
f 1870 1915 1916
f 1870 1916 1871
f 1871 1916 1917
f 1871 1917 1872
f 1872 1917 1918
f 1872 1918 1873
f 1873 1918 1919
f 1873 1919 1874
f 1874 1919 1920
f 1874 1920 1875
f 1875 1920 1921
f 1875 1921 1876
f 1876 1921 1922
f 1876 1922 1877
f 1877 1922 1923
f 1877 1923 1878
f 1878 1923 1924
f 1878 1924 1879
f 1879 1924 1925
f 1879 1925 1880
f 1880 1925 1926
f 1880 1926 1881
f 1881 1926 1927
f 1881 1927 1882
f 1882 1927 1928
f 1882 1928 1883
f 1883 1928 1929
f 1883 1929 1884
f 1884 1929 1930
f 1884 1930 1885
f 1885 1930 1931
f 1885 1931 1886
f 1886 1931 1932
f 1886 1932 1887
f 1887 1932 1933
f 1887 1933 1888
f 1888 1933 1934
f 1888 1934 48
f 1889 1 1935
f 1889 1935 1890
f 1890 1935 1936
f 1890 1936 1891
f 1891 1936 1937
f 1891 1937 1892
f 1892 1937 1938
f 1892 1938 1893
f 1893 1938 1939
f 1893 1939 1894
f 1894 1939 1940
f 1894 1940 1895
f 1895 1940 1941
f 1895 1941 1896
f 1896 1941 1942
f 1896 1942 1897
f 1897 1942 1943
f 1897 1943 1898
f 1898 1943 1944
f 1898 1944 1899
f 1899 1944 1945
f 1899 1945 1900
f 1900 1945 1946
f 1900 1946 1901
f 1901 1946 1947
f 1901 1947 1902
f 1902 1947 1948
f 1902 1948 1903
f 1903 1948 1949
f 1903 1949 1904
f 1904 1949 1950
f 1904 1950 1905
f 1905 1950 1951
f 1905 1951 1906
f 1906 1951 1952
f 1906 1952 1907
f 1907 1952 1953
f 1907 1953 1908
f 1908 1953 1954
f 1908 1954 1909
f 1909 1954 1955
f 1909 1955 1910
f 1910 1955 1956
f 1910 1956 1911
f 1911 1956 1957
f 1911 1957 1912
f 1912 1957 1958
f 1912 1958 1913
f 1913 1958 1959
f 1913 1959 1914
f 1914 1959 1960
f 1914 1960 1915
f 1915 1960 1961
f 1915 1961 1916
f 1916 1961 1962
f 1916 1962 1917
f 1917 1962 1963
f 1917 1963 1918
f 1918 1963 1964
f 1918 1964 1919
f 1919 1964 1965
f 1919 1965 1920
f 1920 1965 1966
f 1920 1966 1921
f 1921 1966 1967
f 1921 1967 1922
f 1922 1967 1968
f 1922 1968 1923
f 1923 1968 1969
f 1923 1969 1924
f 1924 1969 1970
f 1924 1970 1925
f 1925 1970 1971
f 1925 1971 1926
f 1926 1971 1972
f 1926 1972 1927
f 1927 1972 1973
f 1927 1973 1928
f 1928 1973 1974
f 1928 1974 1929
f 1929 1974 1975
f 1929 1975 1930
f 1930 1975 1976
f 1930 1976 1931
f 1931 1976 1977
f 1931 1977 1932
f 1932 1977 1978
f 1932 1978 1933
f 1933 1978 1979
f 1933 1979 1934
f 1934 1979 1980
f 1934 1980 48
f 1935 1 1981
f 1935 1981 1936
f 1936 1981 1982
f 1936 1982 1937
f 1937 1982 1983
f 1937 1983 1938
f 1938 1983 1984
f 1938 1984 1939
f 1939 1984 1985
f 1939 1985 1940
f 1940 1985 1986
f 1940 1986 1941
f 1941 1986 1987
f 1941 1987 1942
f 1942 1987 1988
f 1942 1988 1943
f 1943 1988 1989
f 1943 1989 1944
f 1944 1989 1990
f 1944 1990 1945
f 1945 1990 1991
f 1945 1991 1946
f 1946 1991 1992
f 1946 1992 1947
f 1947 1992 1993
f 1947 1993 1948
f 1948 1993 1994
f 1948 1994 1949
f 1949 1994 1995
f 1949 1995 1950
f 1950 1995 1996
f 1950 1996 1951
f 1951 1996 1997
f 1951 1997 1952
f 1952 1997 1998
f 1952 1998 1953
f 1953 1998 1999
f 1953 1999 1954
f 1954 1999 2000
f 1954 2000 1955
f 1955 2000 2001
f 1955 2001 1956
f 1956 2001 2002
f 1956 2002 1957
f 1957 2002 2003
f 1957 2003 1958
f 1958 2003 2004
f 1958 2004 1959
f 1959 2004 2005
f 1959 2005 1960
f 1960 2005 2006
f 1960 2006 1961
f 1961 2006 2007
f 1961 2007 1962
f 1962 2007 2008
f 1962 2008 1963
f 1963 2008 2009
f 1963 2009 1964
f 1964 2009 2010
f 1964 2010 1965
f 1965 2010 2011
f 1965 2011 1966
f 1966 2011 2012
f 1966 2012 1967
f 1967 2012 2013
f 1967 2013 1968
f 1968 2013 2014
f 1968 2014 1969
f 1969 2014 2015
f 1969 2015 1970
f 1970 2015 2016
f 1970 2016 1971
f 1971 2016 2017
f 1971 2017 1972
f 1972 2017 2018
f 1972 2018 1973
f 1973 2018 2019
f 1973 2019 1974
f 1974 2019 2020
f 1974 2020 1975
f 1975 2020 2021
f 1975 2021 1976
f 1976 2021 2022
f 1976 2022 1977
f 1977 2022 2023
f 1977 2023 1978
f 1978 2023 2024
f 1978 2024 1979
f 1979 2024 2025
f 1979 2025 1980
f 1980 2025 2026
f 1980 2026 48
f 1981 1 2027
f 1981 2027 1982
f 1982 2027 2028
f 1982 2028 1983
f 1983 2028 2029
f 1983 2029 1984
f 1984 2029 2030
f 1984 2030 1985
f 1985 2030 2031
f 1985 2031 1986
f 1986 2031 2032
f 1986 2032 1987
f 1987 2032 2033
f 1987 2033 1988
f 1988 2033 2034
f 1988 2034 1989
f 1989 2034 2035
f 1989 2035 1990
f 1990 2035 2036
f 1990 2036 1991
f 1991 2036 2037
f 1991 2037 1992
f 1992 2037 2038
f 1992 2038 1993
f 1993 2038 2039
f 1993 2039 1994
f 1994 2039 2040
f 1994 2040 1995
f 1995 2040 2041
f 1995 2041 1996
f 1996 2041 2042
f 1996 2042 1997
f 1997 2042 2043
f 1997 2043 1998
f 1998 2043 2044
f 1998 2044 1999
f 1999 2044 2045
f 1999 2045 2000
f 2000 2045 2046
f 2000 2046 2001
f 2001 2046 2047
f 2001 2047 2002
f 2002 2047 2048
f 2002 2048 2003
f 2003 2048 2049
f 2003 2049 2004
f 2004 2049 2050
f 2004 2050 2005
f 2005 2050 2051
f 2005 2051 2006
f 2006 2051 2052
f 2006 2052 2007
f 2007 2052 2053
f 2007 2053 2008
f 2008 2053 2054
f 2008 2054 2009
f 2009 2054 2055
f 2009 2055 2010
f 2010 2055 2056
f 2010 2056 2011
f 2011 2056 2057
f 2011 2057 2012
f 2012 2057 2058
f 2012 2058 2013
f 2013 2058 2059
f 2013 2059 2014
f 2014 2059 2060
f 2014 2060 2015
f 2015 2060 2061
f 2015 2061 2016
f 2016 2061 2062
f 2016 2062 2017
f 2017 2062 2063
f 2017 2063 2018
f 2018 2063 2064
f 2018 2064 2019
f 2019 2064 2065
f 2019 2065 2020
f 2020 2065 2066
f 2020 2066 2021
f 2021 2066 2067
f 2021 2067 2022
f 2022 2067 2068
f 2022 2068 2023
f 2023 2068 2069
f 2023 2069 2024
f 2024 2069 2070
f 2024 2070 2025
f 2025 2070 2071
f 2025 2071 2026
f 2026 2071 2072
f 2026 2072 48
f 2027 1 2073
f 2027 2073 2028
f 2028 2073 2074
f 2028 2074 2029
f 2029 2074 2075
f 2029 2075 2030
f 2030 2075 2076
f 2030 2076 2031
f 2031 2076 2077
f 2031 2077 2032
f 2032 2077 2078
f 2032 2078 2033
f 2033 2078 2079
f 2033 2079 2034
f 2034 2079 2080
f 2034 2080 2035
f 2035 2080 2081
f 2035 2081 2036
f 2036 2081 2082
f 2036 2082 2037
f 2037 2082 2083
f 2037 2083 2038
f 2038 2083 2084
f 2038 2084 2039
f 2039 2084 2085
f 2039 2085 2040
f 2040 2085 2086
f 2040 2086 2041
f 2041 2086 2087
f 2041 2087 2042
f 2042 2087 2088
f 2042 2088 2043
f 2043 2088 2089
f 2043 2089 2044
f 2044 2089 2090
f 2044 2090 2045
f 2045 2090 2091
f 2045 2091 2046
f 2046 2091 2092
f 2046 2092 2047
f 2047 2092 2093
f 2047 2093 2048
f 2048 2093 2094
f 2048 2094 2049
f 2049 2094 2095
f 2049 2095 2050
f 2050 2095 2096
f 2050 2096 2051
f 2051 2096 2097
f 2051 2097 2052
f 2052 2097 2098
f 2052 2098 2053
f 2053 2098 2099
f 2053 2099 2054
f 2054 2099 2100
f 2054 2100 2055
f 2055 2100 2101
f 2055 2101 2056
f 2056 2101 2102
f 2056 2102 2057
f 2057 2102 2103
f 2057 2103 2058
f 2058 2103 2104
f 2058 2104 2059
f 2059 2104 2105
f 2059 2105 2060
f 2060 2105 2106
f 2060 2106 2061
f 2061 2106 2107
f 2061 2107 2062
f 2062 2107 2108
f 2062 2108 2063
f 2063 2108 2109
f 2063 2109 2064
f 2064 2109 2110
f 2064 2110 2065
f 2065 2110 2111
f 2065 2111 2066
f 2066 2111 2112
f 2066 2112 2067
f 2067 2112 2113
f 2067 2113 2068
f 2068 2113 2114
f 2068 2114 2069
f 2069 2114 2115
f 2069 2115 2070
f 2070 2115 2116
f 2070 2116 2071
f 2071 2116 2117
f 2071 2117 2072
f 2072 2117 2118
f 2072 2118 48
f 2073 1 2119
f 2073 2119 2074
f 2074 2119 2120
f 2074 2120 2075
f 2075 2120 2121
f 2075 2121 2076
f 2076 2121 2122
f 2076 2122 2077
f 2077 2122 2123
f 2077 2123 2078
f 2078 2123 2124
f 2078 2124 2079
f 2079 2124 2125
f 2079 2125 2080
f 2080 2125 2126
f 2080 2126 2081
f 2081 2126 2127
f 2081 2127 2082
f 2082 2127 2128
f 2082 2128 2083
f 2083 2128 2129
f 2083 2129 2084
f 2084 2129 2130
f 2084 2130 2085
f 2085 2130 2131
f 2085 2131 2086
f 2086 2131 2132
f 2086 2132 2087
f 2087 2132 2133
f 2087 2133 2088
f 2088 2133 2134
f 2088 2134 2089
f 2089 2134 2135
f 2089 2135 2090
f 2090 2135 2136
f 2090 2136 2091
f 2091 2136 2137
f 2091 2137 2092
f 2092 2137 2138
f 2092 2138 2093
f 2093 2138 2139
f 2093 2139 2094
f 2094 2139 2140
f 2094 2140 2095
f 2095 2140 2141
f 2095 2141 2096
f 2096 2141 2142
f 2096 2142 2097
f 2097 2142 2143
f 2097 2143 2098
f 2098 2143 2144
f 2098 2144 2099
f 2099 2144 2145
f 2099 2145 2100
f 2100 2145 2146
f 2100 2146 2101
f 2101 2146 2147
f 2101 2147 2102
f 2102 2147 2148
f 2102 2148 2103
f 2103 2148 2149
f 2103 2149 2104
f 2104 2149 2150
f 2104 2150 2105
f 2105 2150 2151
f 2105 2151 2106
f 2106 2151 2152
f 2106 2152 2107
f 2107 2152 2153
f 2107 2153 2108
f 2108 2153 2154
f 2108 2154 2109
f 2109 2154 2155
f 2109 2155 2110
f 2110 2155 2156
f 2110 2156 2111
f 2111 2156 2157
f 2111 2157 2112
f 2112 2157 2158
f 2112 2158 2113
f 2113 2158 2159
f 2113 2159 2114
f 2114 2159 2160
f 2114 2160 2115
f 2115 2160 2161
f 2115 2161 2116
f 2116 2161 2162
f 2116 2162 2117
f 2117 2162 2163
f 2117 2163 2118
f 2118 2163 2164
f 2118 2164 48
f 2119 1 2165
f 2119 2165 2120
f 2120 2165 2166
f 2120 2166 2121
f 2121 2166 2167
f 2121 2167 2122
f 2122 2167 2168
f 2122 2168 2123
f 2123 2168 2169
f 2123 2169 2124
f 2124 2169 2170
f 2124 2170 2125
f 2125 2170 2171
f 2125 2171 2126
f 2126 2171 2172
f 2126 2172 2127
f 2127 2172 2173
f 2127 2173 2128
f 2128 2173 2174
f 2128 2174 2129
f 2129 2174 2175
f 2129 2175 2130
f 2130 2175 2176
f 2130 2176 2131
f 2131 2176 2177
f 2131 2177 2132
f 2132 2177 2178
f 2132 2178 2133
f 2133 2178 2179
f 2133 2179 2134
f 2134 2179 2180
f 2134 2180 2135
f 2135 2180 2181
f 2135 2181 2136
f 2136 2181 2182
f 2136 2182 2137
f 2137 2182 2183
f 2137 2183 2138
f 2138 2183 2184
f 2138 2184 2139
f 2139 2184 2185
f 2139 2185 2140
f 2140 2185 2186
f 2140 2186 2141
f 2141 2186 2187
f 2141 2187 2142
f 2142 2187 2188
f 2142 2188 2143
f 2143 2188 2189
f 2143 2189 2144
f 2144 2189 2190
f 2144 2190 2145
f 2145 2190 2191
f 2145 2191 2146
f 2146 2191 2192
f 2146 2192 2147
f 2147 2192 2193
f 2147 2193 2148
f 2148 2193 2194
f 2148 2194 2149
f 2149 2194 2195
f 2149 2195 2150
f 2150 2195 2196
f 2150 2196 2151
f 2151 2196 2197
f 2151 2197 2152
f 2152 2197 2198
f 2152 2198 2153
f 2153 2198 2199
f 2153 2199 2154
f 2154 2199 2200
f 2154 2200 2155
f 2155 2200 2201
f 2155 2201 2156
f 2156 2201 2202
f 2156 2202 2157
f 2157 2202 2203
f 2157 2203 2158
f 2158 2203 2204
f 2158 2204 2159
f 2159 2204 2205
f 2159 2205 2160
f 2160 2205 2206
f 2160 2206 2161
f 2161 2206 2207
f 2161 2207 2162
f 2162 2207 2208
f 2162 2208 2163
f 2163 2208 2209
f 2163 2209 2164
f 2164 2209 2210
f 2164 2210 48
f 2165 1 2211
f 2165 2211 2166
f 2166 2211 2212
f 2166 2212 2167
f 2167 2212 2213
f 2167 2213 2168
f 2168 2213 2214
f 2168 2214 2169
f 2169 2214 2215
f 2169 2215 2170
f 2170 2215 2216
f 2170 2216 2171
f 2171 2216 2217
f 2171 2217 2172
f 2172 2217 2218
f 2172 2218 2173
f 2173 2218 2219
f 2173 2219 2174
f 2174 2219 2220
f 2174 2220 2175
f 2175 2220 2221
f 2175 2221 2176
f 2176 2221 2222
f 2176 2222 2177
f 2177 2222 2223
f 2177 2223 2178
f 2178 2223 2224
f 2178 2224 2179
f 2179 2224 2225
f 2179 2225 2180
f 2180 2225 2226
f 2180 2226 2181
f 2181 2226 2227
f 2181 2227 2182
f 2182 2227 2228
f 2182 2228 2183
f 2183 2228 2229
f 2183 2229 2184
f 2184 2229 2230
f 2184 2230 2185
f 2185 2230 2231
f 2185 2231 2186
f 2186 2231 2232
f 2186 2232 2187
f 2187 2232 2233
f 2187 2233 2188
f 2188 2233 2234
f 2188 2234 2189
f 2189 2234 2235
f 2189 2235 2190
f 2190 2235 2236
f 2190 2236 2191
f 2191 2236 2237
f 2191 2237 2192
f 2192 2237 2238
f 2192 2238 2193
f 2193 2238 2239
f 2193 2239 2194
f 2194 2239 2240
f 2194 2240 2195
f 2195 2240 2241
f 2195 2241 2196
f 2196 2241 2242
f 2196 2242 2197
f 2197 2242 2243
f 2197 2243 2198
f 2198 2243 2244
f 2198 2244 2199
f 2199 2244 2245
f 2199 2245 2200
f 2200 2245 2246
f 2200 2246 2201
f 2201 2246 2247
f 2201 2247 2202
f 2202 2247 2248
f 2202 2248 2203
f 2203 2248 2249
f 2203 2249 2204
f 2204 2249 2250
f 2204 2250 2205
f 2205 2250 2251
f 2205 2251 2206
f 2206 2251 2252
f 2206 2252 2207
f 2207 2252 2253
f 2207 2253 2208
f 2208 2253 2254
f 2208 2254 2209
f 2209 2254 2255
f 2209 2255 2210
f 2210 2255 2256
f 2210 2256 48
f 2211 1 2257
f 2211 2257 2212
f 2212 2257 2258
f 2212 2258 2213
f 2213 2258 2259
f 2213 2259 2214
f 2214 2259 2260
f 2214 2260 2215
f 2215 2260 2261
f 2215 2261 2216
f 2216 2261 2262
f 2216 2262 2217
f 2217 2262 2263
f 2217 2263 2218
f 2218 2263 2264
f 2218 2264 2219
f 2219 2264 2265
f 2219 2265 2220
f 2220 2265 2266
f 2220 2266 2221
f 2221 2266 2267
f 2221 2267 2222
f 2222 2267 2268
f 2222 2268 2223
f 2223 2268 2269
f 2223 2269 2224
f 2224 2269 2270
f 2224 2270 2225
f 2225 2270 2271
f 2225 2271 2226
f 2226 2271 2272
f 2226 2272 2227
f 2227 2272 2273
f 2227 2273 2228
f 2228 2273 2274
f 2228 2274 2229
f 2229 2274 2275
f 2229 2275 2230
f 2230 2275 2276
f 2230 2276 2231
f 2231 2276 2277
f 2231 2277 2232
f 2232 2277 2278
f 2232 2278 2233
f 2233 2278 2279
f 2233 2279 2234
f 2234 2279 2280
f 2234 2280 2235
f 2235 2280 2281
f 2235 2281 2236
f 2236 2281 2282
f 2236 2282 2237
f 2237 2282 2283
f 2237 2283 2238
f 2238 2283 2284
f 2238 2284 2239
f 2239 2284 2285
f 2239 2285 2240
f 2240 2285 2286
f 2240 2286 2241
f 2241 2286 2287
f 2241 2287 2242
f 2242 2287 2288
f 2242 2288 2243
f 2243 2288 2289
f 2243 2289 2244
f 2244 2289 2290
f 2244 2290 2245
f 2245 2290 2291
f 2245 2291 2246
f 2246 2291 2292
f 2246 2292 2247
f 2247 2292 2293
f 2247 2293 2248
f 2248 2293 2294
f 2248 2294 2249
f 2249 2294 2295
f 2249 2295 2250
f 2250 2295 2296
f 2250 2296 2251
f 2251 2296 2297
f 2251 2297 2252
f 2252 2297 2298
f 2252 2298 2253
f 2253 2298 2299
f 2253 2299 2254
f 2254 2299 2300
f 2254 2300 2255
f 2255 2300 2301
f 2255 2301 2256
f 2256 2301 2302
f 2256 2302 48
f 2257 1 2303
f 2257 2303 2258
f 2258 2303 2304
f 2258 2304 2259
f 2259 2304 2305
f 2259 2305 2260
f 2260 2305 2306
f 2260 2306 2261
f 2261 2306 2307
f 2261 2307 2262
f 2262 2307 2308
f 2262 2308 2263
f 2263 2308 2309
f 2263 2309 2264
f 2264 2309 2310
f 2264 2310 2265
f 2265 2310 2311
f 2265 2311 2266
f 2266 2311 2312
f 2266 2312 2267
f 2267 2312 2313
f 2267 2313 2268
f 2268 2313 2314
f 2268 2314 2269
f 2269 2314 2315
f 2269 2315 2270
f 2270 2315 2316
f 2270 2316 2271
f 2271 2316 2317
f 2271 2317 2272
f 2272 2317 2318
f 2272 2318 2273
f 2273 2318 2319
f 2273 2319 2274
f 2274 2319 2320
f 2274 2320 2275
f 2275 2320 2321
f 2275 2321 2276
f 2276 2321 2322
f 2276 2322 2277
f 2277 2322 2323
f 2277 2323 2278
f 2278 2323 2324
f 2278 2324 2279
f 2279 2324 2325
f 2279 2325 2280
f 2280 2325 2326
f 2280 2326 2281
f 2281 2326 2327
f 2281 2327 2282
f 2282 2327 2328
f 2282 2328 2283
f 2283 2328 2329
f 2283 2329 2284
f 2284 2329 2330
f 2284 2330 2285
f 2285 2330 2331
f 2285 2331 2286
f 2286 2331 2332
f 2286 2332 2287
f 2287 2332 2333
f 2287 2333 2288
f 2288 2333 2334
f 2288 2334 2289
f 2289 2334 2335
f 2289 2335 2290
f 2290 2335 2336
f 2290 2336 2291
f 2291 2336 2337
f 2291 2337 2292
f 2292 2337 2338
f 2292 2338 2293
f 2293 2338 2339
f 2293 2339 2294
f 2294 2339 2340
f 2294 2340 2295
f 2295 2340 2341
f 2295 2341 2296
f 2296 2341 2342
f 2296 2342 2297
f 2297 2342 2343
f 2297 2343 2298
f 2298 2343 2344
f 2298 2344 2299
f 2299 2344 2345
f 2299 2345 2300
f 2300 2345 2346
f 2300 2346 2301
f 2301 2346 2347
f 2301 2347 2302
f 2302 2347 2348
f 2302 2348 48
f 2303 1 2349
f 2303 2349 2304
f 2304 2349 2350
f 2304 2350 2305
f 2305 2350 2351
f 2305 2351 2306
f 2306 2351 2352
f 2306 2352 2307
f 2307 2352 2353
f 2307 2353 2308
f 2308 2353 2354
f 2308 2354 2309
f 2309 2354 2355
f 2309 2355 2310
f 2310 2355 2356
f 2310 2356 2311
f 2311 2356 2357
f 2311 2357 2312
f 2312 2357 2358
f 2312 2358 2313
f 2313 2358 2359
f 2313 2359 2314
f 2314 2359 2360
f 2314 2360 2315
f 2315 2360 2361
f 2315 2361 2316
f 2316 2361 2362
f 2316 2362 2317
f 2317 2362 2363
f 2317 2363 2318
f 2318 2363 2364
f 2318 2364 2319
f 2319 2364 2365
f 2319 2365 2320
f 2320 2365 2366
f 2320 2366 2321
f 2321 2366 2367
f 2321 2367 2322
f 2322 2367 2368
f 2322 2368 2323
f 2323 2368 2369
f 2323 2369 2324
f 2324 2369 2370
f 2324 2370 2325
f 2325 2370 2371
f 2325 2371 2326
f 2326 2371 2372
f 2326 2372 2327
f 2327 2372 2373
f 2327 2373 2328
f 2328 2373 2374
f 2328 2374 2329
f 2329 2374 2375
f 2329 2375 2330
f 2330 2375 2376
f 2330 2376 2331
f 2331 2376 2377
f 2331 2377 2332
f 2332 2377 2378
f 2332 2378 2333
f 2333 2378 2379
f 2333 2379 2334
f 2334 2379 2380
f 2334 2380 2335
f 2335 2380 2381
f 2335 2381 2336
f 2336 2381 2382
f 2336 2382 2337
f 2337 2382 2383
f 2337 2383 2338
f 2338 2383 2384
f 2338 2384 2339
f 2339 2384 2385
f 2339 2385 2340
f 2340 2385 2386
f 2340 2386 2341
f 2341 2386 2387
f 2341 2387 2342
f 2342 2387 2388
f 2342 2388 2343
f 2343 2388 2389
f 2343 2389 2344
f 2344 2389 2390
f 2344 2390 2345
f 2345 2390 2391
f 2345 2391 2346
f 2346 2391 2392
f 2346 2392 2347
f 2347 2392 2393
f 2347 2393 2348
f 2348 2393 2394
f 2348 2394 48
f 2349 1 2395
f 2349 2395 2350
f 2350 2395 2396
f 2350 2396 2351
f 2351 2396 2397
f 2351 2397 2352
f 2352 2397 2398
f 2352 2398 2353
f 2353 2398 2399
f 2353 2399 2354
f 2354 2399 2400
f 2354 2400 2355
f 2355 2400 2401
f 2355 2401 2356
f 2356 2401 2402
f 2356 2402 2357
f 2357 2402 2403
f 2357 2403 2358
f 2358 2403 2404
f 2358 2404 2359
f 2359 2404 2405
f 2359 2405 2360
f 2360 2405 2406
f 2360 2406 2361
f 2361 2406 2407
f 2361 2407 2362
f 2362 2407 2408
f 2362 2408 2363
f 2363 2408 2409
f 2363 2409 2364
f 2364 2409 2410
f 2364 2410 2365
f 2365 2410 2411
f 2365 2411 2366
f 2366 2411 2412
f 2366 2412 2367
f 2367 2412 2413
f 2367 2413 2368
f 2368 2413 2414
f 2368 2414 2369
f 2369 2414 2415
f 2369 2415 2370
f 2370 2415 2416
f 2370 2416 2371
f 2371 2416 2417
f 2371 2417 2372
f 2372 2417 2418
f 2372 2418 2373
f 2373 2418 2419
f 2373 2419 2374
f 2374 2419 2420
f 2374 2420 2375
f 2375 2420 2421
f 2375 2421 2376
f 2376 2421 2422
f 2376 2422 2377
f 2377 2422 2423
f 2377 2423 2378
f 2378 2423 2424
f 2378 2424 2379
f 2379 2424 2425
f 2379 2425 2380
f 2380 2425 2426
f 2380 2426 2381
f 2381 2426 2427
f 2381 2427 2382
f 2382 2427 2428
f 2382 2428 2383
f 2383 2428 2429
f 2383 2429 2384
f 2384 2429 2430
f 2384 2430 2385
f 2385 2430 2431
f 2385 2431 2386
f 2386 2431 2432
f 2386 2432 2387
f 2387 2432 2433
f 2387 2433 2388
f 2388 2433 2434
f 2388 2434 2389
f 2389 2434 2435
f 2389 2435 2390
f 2390 2435 2436
f 2390 2436 2391
f 2391 2436 2437
f 2391 2437 2392
f 2392 2437 2438
f 2392 2438 2393
f 2393 2438 2439
f 2393 2439 2394
f 2394 2439 2440
f 2394 2440 48
f 2395 1 2441
f 2395 2441 2396
f 2396 2441 2442
f 2396 2442 2397
f 2397 2442 2443
f 2397 2443 2398
f 2398 2443 2444
f 2398 2444 2399
f 2399 2444 2445
f 2399 2445 2400
f 2400 2445 2446
f 2400 2446 2401
f 2401 2446 2447
f 2401 2447 2402
f 2402 2447 2448
f 2402 2448 2403
f 2403 2448 2449
f 2403 2449 2404
f 2404 2449 2450
f 2404 2450 2405
f 2405 2450 2451
f 2405 2451 2406
f 2406 2451 2452
f 2406 2452 2407
f 2407 2452 2453
f 2407 2453 2408
f 2408 2453 2454
f 2408 2454 2409
f 2409 2454 2455
f 2409 2455 2410
f 2410 2455 2456
f 2410 2456 2411
f 2411 2456 2457
f 2411 2457 2412
f 2412 2457 2458
f 2412 2458 2413
f 2413 2458 2459
f 2413 2459 2414
f 2414 2459 2460
f 2414 2460 2415
f 2415 2460 2461
f 2415 2461 2416
f 2416 2461 2462
f 2416 2462 2417
f 2417 2462 2463
f 2417 2463 2418
f 2418 2463 2464
f 2418 2464 2419
f 2419 2464 2465
f 2419 2465 2420
f 2420 2465 2466
f 2420 2466 2421
f 2421 2466 2467
f 2421 2467 2422
f 2422 2467 2468
f 2422 2468 2423
f 2423 2468 2469
f 2423 2469 2424
f 2424 2469 2470
f 2424 2470 2425
f 2425 2470 2471
f 2425 2471 2426
f 2426 2471 2472
f 2426 2472 2427
f 2427 2472 2473
f 2427 2473 2428
f 2428 2473 2474
f 2428 2474 2429
f 2429 2474 2475
f 2429 2475 2430
f 2430 2475 2476
f 2430 2476 2431
f 2431 2476 2477
f 2431 2477 2432
f 2432 2477 2478
f 2432 2478 2433
f 2433 2478 2479
f 2433 2479 2434
f 2434 2479 2480
f 2434 2480 2435
f 2435 2480 2481
f 2435 2481 2436
f 2436 2481 2482
f 2436 2482 2437
f 2437 2482 2483
f 2437 2483 2438
f 2438 2483 2484
f 2438 2484 2439
f 2439 2484 2485
f 2439 2485 2440
f 2440 2485 2486
f 2440 2486 48
f 2441 1 2487
f 2441 2487 2442
f 2442 2487 2488
f 2442 2488 2443
f 2443 2488 2489
f 2443 2489 2444
f 2444 2489 2490
f 2444 2490 2445
f 2445 2490 2491
f 2445 2491 2446
f 2446 2491 2492
f 2446 2492 2447
f 2447 2492 2493
f 2447 2493 2448
f 2448 2493 2494
f 2448 2494 2449
f 2449 2494 2495
f 2449 2495 2450
f 2450 2495 2496
f 2450 2496 2451
f 2451 2496 2497
f 2451 2497 2452
f 2452 2497 2498
f 2452 2498 2453
f 2453 2498 2499
f 2453 2499 2454
f 2454 2499 2500
f 2454 2500 2455
f 2455 2500 2501
f 2455 2501 2456
f 2456 2501 2502
f 2456 2502 2457
f 2457 2502 2503
f 2457 2503 2458
f 2458 2503 2504
f 2458 2504 2459
f 2459 2504 2505
f 2459 2505 2460
f 2460 2505 2506
f 2460 2506 2461
f 2461 2506 2507
f 2461 2507 2462
f 2462 2507 2508
f 2462 2508 2463
f 2463 2508 2509
f 2463 2509 2464
f 2464 2509 2510
f 2464 2510 2465
f 2465 2510 2511
f 2465 2511 2466
f 2466 2511 2512
f 2466 2512 2467
f 2467 2512 2513
f 2467 2513 2468
f 2468 2513 2514
f 2468 2514 2469
f 2469 2514 2515
f 2469 2515 2470
f 2470 2515 2516
f 2470 2516 2471
f 2471 2516 2517
f 2471 2517 2472
f 2472 2517 2518
f 2472 2518 2473
f 2473 2518 2519
f 2473 2519 2474
f 2474 2519 2520
f 2474 2520 2475
f 2475 2520 2521
f 2475 2521 2476
f 2476 2521 2522
f 2476 2522 2477
f 2477 2522 2523
f 2477 2523 2478
f 2478 2523 2524
f 2478 2524 2479
f 2479 2524 2525
f 2479 2525 2480
f 2480 2525 2526
f 2480 2526 2481
f 2481 2526 2527
f 2481 2527 2482
f 2482 2527 2528
f 2482 2528 2483
f 2483 2528 2529
f 2483 2529 2484
f 2484 2529 2530
f 2484 2530 2485
f 2485 2530 2531
f 2485 2531 2486
f 2486 2531 2532
f 2486 2532 48
f 2487 1 2533
f 2487 2533 2488
f 2488 2533 2534
f 2488 2534 2489
f 2489 2534 2535
f 2489 2535 2490
f 2490 2535 2536
f 2490 2536 2491
f 2491 2536 2537
f 2491 2537 2492
f 2492 2537 2538
f 2492 2538 2493
f 2493 2538 2539
f 2493 2539 2494
f 2494 2539 2540
f 2494 2540 2495
f 2495 2540 2541
f 2495 2541 2496
f 2496 2541 2542
f 2496 2542 2497
f 2497 2542 2543
f 2497 2543 2498
f 2498 2543 2544
f 2498 2544 2499
f 2499 2544 2545
f 2499 2545 2500
f 2500 2545 2546
f 2500 2546 2501
f 2501 2546 2547
f 2501 2547 2502
f 2502 2547 2548
f 2502 2548 2503
f 2503 2548 2549
f 2503 2549 2504
f 2504 2549 2550
f 2504 2550 2505
f 2505 2550 2551
f 2505 2551 2506
f 2506 2551 2552
f 2506 2552 2507
f 2507 2552 2553
f 2507 2553 2508
f 2508 2553 2554
f 2508 2554 2509
f 2509 2554 2555
f 2509 2555 2510
f 2510 2555 2556
f 2510 2556 2511
f 2511 2556 2557
f 2511 2557 2512
f 2512 2557 2558
f 2512 2558 2513
f 2513 2558 2559
f 2513 2559 2514
f 2514 2559 2560
f 2514 2560 2515
f 2515 2560 2561
f 2515 2561 2516
f 2516 2561 2562
f 2516 2562 2517
f 2517 2562 2563
f 2517 2563 2518
f 2518 2563 2564
f 2518 2564 2519
f 2519 2564 2565
f 2519 2565 2520
f 2520 2565 2566
f 2520 2566 2521
f 2521 2566 2567
f 2521 2567 2522
f 2522 2567 2568
f 2522 2568 2523
f 2523 2568 2569
f 2523 2569 2524
f 2524 2569 2570
f 2524 2570 2525
f 2525 2570 2571
f 2525 2571 2526
f 2526 2571 2572
f 2526 2572 2527
f 2527 2572 2573
f 2527 2573 2528
f 2528 2573 2574
f 2528 2574 2529
f 2529 2574 2575
f 2529 2575 2530
f 2530 2575 2576
f 2530 2576 2531
f 2531 2576 2577
f 2531 2577 2532
f 2532 2577 2578
f 2532 2578 48
f 2533 1 2579
f 2533 2579 2534
f 2534 2579 2580
f 2534 2580 2535
f 2535 2580 2581
f 2535 2581 2536
f 2536 2581 2582
f 2536 2582 2537
f 2537 2582 2583
f 2537 2583 2538
f 2538 2583 2584
f 2538 2584 2539
f 2539 2584 2585
f 2539 2585 2540
f 2540 2585 2586
f 2540 2586 2541
f 2541 2586 2587
f 2541 2587 2542
f 2542 2587 2588
f 2542 2588 2543
f 2543 2588 2589
f 2543 2589 2544
f 2544 2589 2590
f 2544 2590 2545
f 2545 2590 2591
f 2545 2591 2546
f 2546 2591 2592
f 2546 2592 2547
f 2547 2592 2593
f 2547 2593 2548
f 2548 2593 2594
f 2548 2594 2549
f 2549 2594 2595
f 2549 2595 2550
f 2550 2595 2596
f 2550 2596 2551
f 2551 2596 2597
f 2551 2597 2552
f 2552 2597 2598
f 2552 2598 2553
f 2553 2598 2599
f 2553 2599 2554
f 2554 2599 2600
f 2554 2600 2555
f 2555 2600 2601
f 2555 2601 2556
f 2556 2601 2602
f 2556 2602 2557
f 2557 2602 2603
f 2557 2603 2558
f 2558 2603 2604
f 2558 2604 2559
f 2559 2604 2605
f 2559 2605 2560
f 2560 2605 2606
f 2560 2606 2561
f 2561 2606 2607
f 2561 2607 2562
f 2562 2607 2608
f 2562 2608 2563
f 2563 2608 2609
f 2563 2609 2564
f 2564 2609 2610
f 2564 2610 2565
f 2565 2610 2611
f 2565 2611 2566
f 2566 2611 2612
f 2566 2612 2567
f 2567 2612 2613
f 2567 2613 2568
f 2568 2613 2614
f 2568 2614 2569
f 2569 2614 2615
f 2569 2615 2570
f 2570 2615 2616
f 2570 2616 2571
f 2571 2616 2617
f 2571 2617 2572
f 2572 2617 2618
f 2572 2618 2573
f 2573 2618 2619
f 2573 2619 2574
f 2574 2619 2620
f 2574 2620 2575
f 2575 2620 2621
f 2575 2621 2576
f 2576 2621 2622
f 2576 2622 2577
f 2577 2622 2623
f 2577 2623 2578
f 2578 2623 2624
f 2578 2624 48
f 2579 1 2625
f 2579 2625 2580
f 2580 2625 2626
f 2580 2626 2581
f 2581 2626 2627
f 2581 2627 2582
f 2582 2627 2628
f 2582 2628 2583
f 2583 2628 2629
f 2583 2629 2584
f 2584 2629 2630
f 2584 2630 2585
f 2585 2630 2631
f 2585 2631 2586
f 2586 2631 2632
f 2586 2632 2587
f 2587 2632 2633
f 2587 2633 2588
f 2588 2633 2634
f 2588 2634 2589
f 2589 2634 2635
f 2589 2635 2590
f 2590 2635 2636
f 2590 2636 2591
f 2591 2636 2637
f 2591 2637 2592
f 2592 2637 2638
f 2592 2638 2593
f 2593 2638 2639
f 2593 2639 2594
f 2594 2639 2640
f 2594 2640 2595
f 2595 2640 2641
f 2595 2641 2596
f 2596 2641 2642
f 2596 2642 2597
f 2597 2642 2643
f 2597 2643 2598
f 2598 2643 2644
f 2598 2644 2599
f 2599 2644 2645
f 2599 2645 2600
f 2600 2645 2646
f 2600 2646 2601
f 2601 2646 2647
f 2601 2647 2602
f 2602 2647 2648
f 2602 2648 2603
f 2603 2648 2649
f 2603 2649 2604
f 2604 2649 2650
f 2604 2650 2605
f 2605 2650 2651
f 2605 2651 2606
f 2606 2651 2652
f 2606 2652 2607
f 2607 2652 2653
f 2607 2653 2608
f 2608 2653 2654
f 2608 2654 2609
f 2609 2654 2655
f 2609 2655 2610
f 2610 2655 2656
f 2610 2656 2611
f 2611 2656 2657
f 2611 2657 2612
f 2612 2657 2658
f 2612 2658 2613
f 2613 2658 2659
f 2613 2659 2614
f 2614 2659 2660
f 2614 2660 2615
f 2615 2660 2661
f 2615 2661 2616
f 2616 2661 2662
f 2616 2662 2617
f 2617 2662 2663
f 2617 2663 2618
f 2618 2663 2664
f 2618 2664 2619
f 2619 2664 2665
f 2619 2665 2620
f 2620 2665 2666
f 2620 2666 2621
f 2621 2666 2667
f 2621 2667 2622
f 2622 2667 2668
f 2622 2668 2623
f 2623 2668 2669
f 2623 2669 2624
f 2624 2669 2670
f 2624 2670 48
f 2625 1 2671
f 2625 2671 2626
f 2626 2671 2672
f 2626 2672 2627
f 2627 2672 2673
f 2627 2673 2628
f 2628 2673 2674
f 2628 2674 2629
f 2629 2674 2675
f 2629 2675 2630
f 2630 2675 2676
f 2630 2676 2631
f 2631 2676 2677
f 2631 2677 2632
f 2632 2677 2678
f 2632 2678 2633
f 2633 2678 2679
f 2633 2679 2634
f 2634 2679 2680
f 2634 2680 2635
f 2635 2680 2681
f 2635 2681 2636
f 2636 2681 2682
f 2636 2682 2637
f 2637 2682 2683
f 2637 2683 2638
f 2638 2683 2684
f 2638 2684 2639
f 2639 2684 2685
f 2639 2685 2640
f 2640 2685 2686
f 2640 2686 2641
f 2641 2686 2687
f 2641 2687 2642
f 2642 2687 2688
f 2642 2688 2643
f 2643 2688 2689
f 2643 2689 2644
f 2644 2689 2690
f 2644 2690 2645
f 2645 2690 2691
f 2645 2691 2646
f 2646 2691 2692
f 2646 2692 2647
f 2647 2692 2693
f 2647 2693 2648
f 2648 2693 2694
f 2648 2694 2649
f 2649 2694 2695
f 2649 2695 2650
f 2650 2695 2696
f 2650 2696 2651
f 2651 2696 2697
f 2651 2697 2652
f 2652 2697 2698
f 2652 2698 2653
f 2653 2698 2699
f 2653 2699 2654
f 2654 2699 2700
f 2654 2700 2655
f 2655 2700 2701
f 2655 2701 2656
f 2656 2701 2702
f 2656 2702 2657
f 2657 2702 2703
f 2657 2703 2658
f 2658 2703 2704
f 2658 2704 2659
f 2659 2704 2705
f 2659 2705 2660
f 2660 2705 2706
f 2660 2706 2661
f 2661 2706 2707
f 2661 2707 2662
f 2662 2707 2708
f 2662 2708 2663
f 2663 2708 2709
f 2663 2709 2664
f 2664 2709 2710
f 2664 2710 2665
f 2665 2710 2711
f 2665 2711 2666
f 2666 2711 2712
f 2666 2712 2667
f 2667 2712 2713
f 2667 2713 2668
f 2668 2713 2714
f 2668 2714 2669
f 2669 2714 2715
f 2669 2715 2670
f 2670 2715 2716
f 2670 2716 48
f 2671 1 2717
f 2671 2717 2672
f 2672 2717 2718
f 2672 2718 2673
f 2673 2718 2719
f 2673 2719 2674
f 2674 2719 2720
f 2674 2720 2675
f 2675 2720 2721
f 2675 2721 2676
f 2676 2721 2722
f 2676 2722 2677
f 2677 2722 2723
f 2677 2723 2678
f 2678 2723 2724
f 2678 2724 2679
f 2679 2724 2725
f 2679 2725 2680
f 2680 2725 2726
f 2680 2726 2681
f 2681 2726 2727
f 2681 2727 2682
f 2682 2727 2728
f 2682 2728 2683
f 2683 2728 2729
f 2683 2729 2684
f 2684 2729 2730
f 2684 2730 2685
f 2685 2730 2731
f 2685 2731 2686
f 2686 2731 2732
f 2686 2732 2687
f 2687 2732 2733
f 2687 2733 2688
f 2688 2733 2734
f 2688 2734 2689
f 2689 2734 2735
f 2689 2735 2690
f 2690 2735 2736
f 2690 2736 2691
f 2691 2736 2737
f 2691 2737 2692
f 2692 2737 2738
f 2692 2738 2693
f 2693 2738 2739
f 2693 2739 2694
f 2694 2739 2740
f 2694 2740 2695
f 2695 2740 2741
f 2695 2741 2696
f 2696 2741 2742
f 2696 2742 2697
f 2697 2742 2743
f 2697 2743 2698
f 2698 2743 2744
f 2698 2744 2699
f 2699 2744 2745
f 2699 2745 2700
f 2700 2745 2746
f 2700 2746 2701
f 2701 2746 2747
f 2701 2747 2702
f 2702 2747 2748
f 2702 2748 2703
f 2703 2748 2749
f 2703 2749 2704
f 2704 2749 2750
f 2704 2750 2705
f 2705 2750 2751
f 2705 2751 2706
f 2706 2751 2752
f 2706 2752 2707
f 2707 2752 2753
f 2707 2753 2708
f 2708 2753 2754
f 2708 2754 2709
f 2709 2754 2755
f 2709 2755 2710
f 2710 2755 2756
f 2710 2756 2711
f 2711 2756 2757
f 2711 2757 2712
f 2712 2757 2758
f 2712 2758 2713
f 2713 2758 2759
f 2713 2759 2714
f 2714 2759 2760
f 2714 2760 2715
f 2715 2760 2761
f 2715 2761 2716
f 2716 2761 2762
f 2716 2762 48
f 2717 1 2763
f 2717 2763 2718
f 2718 2763 2764
f 2718 2764 2719
f 2719 2764 2765
f 2719 2765 2720
f 2720 2765 2766
f 2720 2766 2721
f 2721 2766 2767
f 2721 2767 2722
f 2722 2767 2768
f 2722 2768 2723
f 2723 2768 2769
f 2723 2769 2724
f 2724 2769 2770
f 2724 2770 2725
f 2725 2770 2771
f 2725 2771 2726
f 2726 2771 2772
f 2726 2772 2727
f 2727 2772 2773
f 2727 2773 2728
f 2728 2773 2774
f 2728 2774 2729
f 2729 2774 2775
f 2729 2775 2730
f 2730 2775 2776
f 2730 2776 2731
f 2731 2776 2777
f 2731 2777 2732
f 2732 2777 2778
f 2732 2778 2733
f 2733 2778 2779
f 2733 2779 2734
f 2734 2779 2780
f 2734 2780 2735
f 2735 2780 2781
f 2735 2781 2736
f 2736 2781 2782
f 2736 2782 2737
f 2737 2782 2783
f 2737 2783 2738
f 2738 2783 2784
f 2738 2784 2739
f 2739 2784 2785
f 2739 2785 2740
f 2740 2785 2786
f 2740 2786 2741
f 2741 2786 2787
f 2741 2787 2742
f 2742 2787 2788
f 2742 2788 2743
f 2743 2788 2789
f 2743 2789 2744
f 2744 2789 2790
f 2744 2790 2745
f 2745 2790 2791
f 2745 2791 2746
f 2746 2791 2792
f 2746 2792 2747
f 2747 2792 2793
f 2747 2793 2748
f 2748 2793 2794
f 2748 2794 2749
f 2749 2794 2795
f 2749 2795 2750
f 2750 2795 2796
f 2750 2796 2751
f 2751 2796 2797
f 2751 2797 2752
f 2752 2797 2798
f 2752 2798 2753
f 2753 2798 2799
f 2753 2799 2754
f 2754 2799 2800
f 2754 2800 2755
f 2755 2800 2801
f 2755 2801 2756
f 2756 2801 2802
f 2756 2802 2757
f 2757 2802 2803
f 2757 2803 2758
f 2758 2803 2804
f 2758 2804 2759
f 2759 2804 2805
f 2759 2805 2760
f 2760 2805 2806
f 2760 2806 2761
f 2761 2806 2807
f 2761 2807 2762
f 2762 2807 2808
f 2762 2808 48
f 2763 1 2809
f 2763 2809 2764
f 2764 2809 2810
f 2764 2810 2765
f 2765 2810 2811
f 2765 2811 2766
f 2766 2811 2812
f 2766 2812 2767
f 2767 2812 2813
f 2767 2813 2768
f 2768 2813 2814
f 2768 2814 2769
f 2769 2814 2815
f 2769 2815 2770
f 2770 2815 2816
f 2770 2816 2771
f 2771 2816 2817
f 2771 2817 2772
f 2772 2817 2818
f 2772 2818 2773
f 2773 2818 2819
f 2773 2819 2774
f 2774 2819 2820
f 2774 2820 2775
f 2775 2820 2821
f 2775 2821 2776
f 2776 2821 2822
f 2776 2822 2777
f 2777 2822 2823
f 2777 2823 2778
f 2778 2823 2824
f 2778 2824 2779
f 2779 2824 2825
f 2779 2825 2780
f 2780 2825 2826
f 2780 2826 2781
f 2781 2826 2827
f 2781 2827 2782
f 2782 2827 2828
f 2782 2828 2783
f 2783 2828 2829
f 2783 2829 2784
f 2784 2829 2830
f 2784 2830 2785
f 2785 2830 2831
f 2785 2831 2786
f 2786 2831 2832
f 2786 2832 2787
f 2787 2832 2833
f 2787 2833 2788
f 2788 2833 2834
f 2788 2834 2789
f 2789 2834 2835
f 2789 2835 2790
f 2790 2835 2836
f 2790 2836 2791
f 2791 2836 2837
f 2791 2837 2792
f 2792 2837 2838
f 2792 2838 2793
f 2793 2838 2839
f 2793 2839 2794
f 2794 2839 2840
f 2794 2840 2795
f 2795 2840 2841
f 2795 2841 2796
f 2796 2841 2842
f 2796 2842 2797
f 2797 2842 2843
f 2797 2843 2798
f 2798 2843 2844
f 2798 2844 2799
f 2799 2844 2845
f 2799 2845 2800
f 2800 2845 2846
f 2800 2846 2801
f 2801 2846 2847
f 2801 2847 2802
f 2802 2847 2848
f 2802 2848 2803
f 2803 2848 2849
f 2803 2849 2804
f 2804 2849 2850
f 2804 2850 2805
f 2805 2850 2851
f 2805 2851 2806
f 2806 2851 2852
f 2806 2852 2807
f 2807 2852 2853
f 2807 2853 2808
f 2808 2853 2854
f 2808 2854 48
f 2809 1 2855
f 2809 2855 2810
f 2810 2855 2856
f 2810 2856 2811
f 2811 2856 2857
f 2811 2857 2812
f 2812 2857 2858
f 2812 2858 2813
f 2813 2858 2859
f 2813 2859 2814
f 2814 2859 2860
f 2814 2860 2815
f 2815 2860 2861
f 2815 2861 2816
f 2816 2861 2862
f 2816 2862 2817
f 2817 2862 2863
f 2817 2863 2818
f 2818 2863 2864
f 2818 2864 2819
f 2819 2864 2865
f 2819 2865 2820
f 2820 2865 2866
f 2820 2866 2821
f 2821 2866 2867
f 2821 2867 2822
f 2822 2867 2868
f 2822 2868 2823
f 2823 2868 2869
f 2823 2869 2824
f 2824 2869 2870
f 2824 2870 2825
f 2825 2870 2871
f 2825 2871 2826
f 2826 2871 2872
f 2826 2872 2827
f 2827 2872 2873
f 2827 2873 2828
f 2828 2873 2874
f 2828 2874 2829
f 2829 2874 2875
f 2829 2875 2830
f 2830 2875 2876
f 2830 2876 2831
f 2831 2876 2877
f 2831 2877 2832
f 2832 2877 2878
f 2832 2878 2833
f 2833 2878 2879
f 2833 2879 2834
f 2834 2879 2880
f 2834 2880 2835
f 2835 2880 2881
f 2835 2881 2836
f 2836 2881 2882
f 2836 2882 2837
f 2837 2882 2883
f 2837 2883 2838
f 2838 2883 2884
f 2838 2884 2839
f 2839 2884 2885
f 2839 2885 2840
f 2840 2885 2886
f 2840 2886 2841
f 2841 2886 2887
f 2841 2887 2842
f 2842 2887 2888
f 2842 2888 2843
f 2843 2888 2889
f 2843 2889 2844
f 2844 2889 2890
f 2844 2890 2845
f 2845 2890 2891
f 2845 2891 2846
f 2846 2891 2892
f 2846 2892 2847
f 2847 2892 2893
f 2847 2893 2848
f 2848 2893 2894
f 2848 2894 2849
f 2849 2894 2895
f 2849 2895 2850
f 2850 2895 2896
f 2850 2896 2851
f 2851 2896 2897
f 2851 2897 2852
f 2852 2897 2898
f 2852 2898 2853
f 2853 2898 2899
f 2853 2899 2854
f 2854 2899 2900
f 2854 2900 48
f 2855 1 2901
f 2855 2901 2856
f 2856 2901 2902
f 2856 2902 2857
f 2857 2902 2903
f 2857 2903 2858
f 2858 2903 2904
f 2858 2904 2859
f 2859 2904 2905
f 2859 2905 2860
f 2860 2905 2906
f 2860 2906 2861
f 2861 2906 2907
f 2861 2907 2862
f 2862 2907 2908
f 2862 2908 2863
f 2863 2908 2909
f 2863 2909 2864
f 2864 2909 2910
f 2864 2910 2865
f 2865 2910 2911
f 2865 2911 2866
f 2866 2911 2912
f 2866 2912 2867
f 2867 2912 2913
f 2867 2913 2868
f 2868 2913 2914
f 2868 2914 2869
f 2869 2914 2915
f 2869 2915 2870
f 2870 2915 2916
f 2870 2916 2871
f 2871 2916 2917
f 2871 2917 2872
f 2872 2917 2918
f 2872 2918 2873
f 2873 2918 2919
f 2873 2919 2874
f 2874 2919 2920
f 2874 2920 2875
f 2875 2920 2921
f 2875 2921 2876
f 2876 2921 2922
f 2876 2922 2877
f 2877 2922 2923
f 2877 2923 2878
f 2878 2923 2924
f 2878 2924 2879
f 2879 2924 2925
f 2879 2925 2880
f 2880 2925 2926
f 2880 2926 2881
f 2881 2926 2927
f 2881 2927 2882
f 2882 2927 2928
f 2882 2928 2883
f 2883 2928 2929
f 2883 2929 2884
f 2884 2929 2930
f 2884 2930 2885
f 2885 2930 2931
f 2885 2931 2886
f 2886 2931 2932
f 2886 2932 2887
f 2887 2932 2933
f 2887 2933 2888
f 2888 2933 2934
f 2888 2934 2889
f 2889 2934 2935
f 2889 2935 2890
f 2890 2935 2936
f 2890 2936 2891
f 2891 2936 2937
f 2891 2937 2892
f 2892 2937 2938
f 2892 2938 2893
f 2893 2938 2939
f 2893 2939 2894
f 2894 2939 2940
f 2894 2940 2895
f 2895 2940 2941
f 2895 2941 2896
f 2896 2941 2942
f 2896 2942 2897
f 2897 2942 2943
f 2897 2943 2898
f 2898 2943 2944
f 2898 2944 2899
f 2899 2944 2945
f 2899 2945 2900
f 2900 2945 2946
f 2900 2946 48
f 2901 1 2947
f 2901 2947 2902
f 2902 2947 2948
f 2902 2948 2903
f 2903 2948 2949
f 2903 2949 2904
f 2904 2949 2950
f 2904 2950 2905
f 2905 2950 2951
f 2905 2951 2906
f 2906 2951 2952
f 2906 2952 2907
f 2907 2952 2953
f 2907 2953 2908
f 2908 2953 2954
f 2908 2954 2909
f 2909 2954 2955
f 2909 2955 2910
f 2910 2955 2956
f 2910 2956 2911
f 2911 2956 2957
f 2911 2957 2912
f 2912 2957 2958
f 2912 2958 2913
f 2913 2958 2959
f 2913 2959 2914
f 2914 2959 2960
f 2914 2960 2915
f 2915 2960 2961
f 2915 2961 2916
f 2916 2961 2962
f 2916 2962 2917
f 2917 2962 2963
f 2917 2963 2918
f 2918 2963 2964
f 2918 2964 2919
f 2919 2964 2965
f 2919 2965 2920
f 2920 2965 2966
f 2920 2966 2921
f 2921 2966 2967
f 2921 2967 2922
f 2922 2967 2968
f 2922 2968 2923
f 2923 2968 2969
f 2923 2969 2924
f 2924 2969 2970
f 2924 2970 2925
f 2925 2970 2971
f 2925 2971 2926
f 2926 2971 2972
f 2926 2972 2927
f 2927 2972 2973
f 2927 2973 2928
f 2928 2973 2974
f 2928 2974 2929
f 2929 2974 2975
f 2929 2975 2930
f 2930 2975 2976
f 2930 2976 2931
f 2931 2976 2977
f 2931 2977 2932
f 2932 2977 2978
f 2932 2978 2933
f 2933 2978 2979
f 2933 2979 2934
f 2934 2979 2980
f 2934 2980 2935
f 2935 2980 2981
f 2935 2981 2936
f 2936 2981 2982
f 2936 2982 2937
f 2937 2982 2983
f 2937 2983 2938
f 2938 2983 2984
f 2938 2984 2939
f 2939 2984 2985
f 2939 2985 2940
f 2940 2985 2986
f 2940 2986 2941
f 2941 2986 2987
f 2941 2987 2942
f 2942 2987 2988
f 2942 2988 2943
f 2943 2988 2989
f 2943 2989 2944
f 2944 2989 2990
f 2944 2990 2945
f 2945 2990 2991
f 2945 2991 2946
f 2946 2991 2992
f 2946 2992 48
f 2947 1 2993
f 2947 2993 2948
f 2948 2993 2994
f 2948 2994 2949
f 2949 2994 2995
f 2949 2995 2950
f 2950 2995 2996
f 2950 2996 2951
f 2951 2996 2997
f 2951 2997 2952
f 2952 2997 2998
f 2952 2998 2953
f 2953 2998 2999
f 2953 2999 2954
f 2954 2999 3000
f 2954 3000 2955
f 2955 3000 3001
f 2955 3001 2956
f 2956 3001 3002
f 2956 3002 2957
f 2957 3002 3003
f 2957 3003 2958
f 2958 3003 3004
f 2958 3004 2959
f 2959 3004 3005
f 2959 3005 2960
f 2960 3005 3006
f 2960 3006 2961
f 2961 3006 3007
f 2961 3007 2962
f 2962 3007 3008
f 2962 3008 2963
f 2963 3008 3009
f 2963 3009 2964
f 2964 3009 3010
f 2964 3010 2965
f 2965 3010 3011
f 2965 3011 2966
f 2966 3011 3012
f 2966 3012 2967
f 2967 3012 3013
f 2967 3013 2968
f 2968 3013 3014
f 2968 3014 2969
f 2969 3014 3015
f 2969 3015 2970
f 2970 3015 3016
f 2970 3016 2971
f 2971 3016 3017
f 2971 3017 2972
f 2972 3017 3018
f 2972 3018 2973
f 2973 3018 3019
f 2973 3019 2974
f 2974 3019 3020
f 2974 3020 2975
f 2975 3020 3021
f 2975 3021 2976
f 2976 3021 3022
f 2976 3022 2977
f 2977 3022 3023
f 2977 3023 2978
f 2978 3023 3024
f 2978 3024 2979
f 2979 3024 3025
f 2979 3025 2980
f 2980 3025 3026
f 2980 3026 2981
f 2981 3026 3027
f 2981 3027 2982
f 2982 3027 3028
f 2982 3028 2983
f 2983 3028 3029
f 2983 3029 2984
f 2984 3029 3030
f 2984 3030 2985
f 2985 3030 3031
f 2985 3031 2986
f 2986 3031 3032
f 2986 3032 2987
f 2987 3032 3033
f 2987 3033 2988
f 2988 3033 3034
f 2988 3034 2989
f 2989 3034 3035
f 2989 3035 2990
f 2990 3035 3036
f 2990 3036 2991
f 2991 3036 3037
f 2991 3037 2992
f 2992 3037 3038
f 2992 3038 48
f 2993 1 3039
f 2993 3039 2994
f 2994 3039 3040
f 2994 3040 2995
f 2995 3040 3041
f 2995 3041 2996
f 2996 3041 3042
f 2996 3042 2997
f 2997 3042 3043
f 2997 3043 2998
f 2998 3043 3044
f 2998 3044 2999
f 2999 3044 3045
f 2999 3045 3000
f 3000 3045 3046
f 3000 3046 3001
f 3001 3046 3047
f 3001 3047 3002
f 3002 3047 3048
f 3002 3048 3003
f 3003 3048 3049
f 3003 3049 3004
f 3004 3049 3050
f 3004 3050 3005
f 3005 3050 3051
f 3005 3051 3006
f 3006 3051 3052
f 3006 3052 3007
f 3007 3052 3053
f 3007 3053 3008
f 3008 3053 3054
f 3008 3054 3009
f 3009 3054 3055
f 3009 3055 3010
f 3010 3055 3056
f 3010 3056 3011
f 3011 3056 3057
f 3011 3057 3012
f 3012 3057 3058
f 3012 3058 3013
f 3013 3058 3059
f 3013 3059 3014
f 3014 3059 3060
f 3014 3060 3015
f 3015 3060 3061
f 3015 3061 3016
f 3016 3061 3062
f 3016 3062 3017
f 3017 3062 3063
f 3017 3063 3018
f 3018 3063 3064
f 3018 3064 3019
f 3019 3064 3065
f 3019 3065 3020
f 3020 3065 3066
f 3020 3066 3021
f 3021 3066 3067
f 3021 3067 3022
f 3022 3067 3068
f 3022 3068 3023
f 3023 3068 3069
f 3023 3069 3024
f 3024 3069 3070
f 3024 3070 3025
f 3025 3070 3071
f 3025 3071 3026
f 3026 3071 3072
f 3026 3072 3027
f 3027 3072 3073
f 3027 3073 3028
f 3028 3073 3074
f 3028 3074 3029
f 3029 3074 3075
f 3029 3075 3030
f 3030 3075 3076
f 3030 3076 3031
f 3031 3076 3077
f 3031 3077 3032
f 3032 3077 3078
f 3032 3078 3033
f 3033 3078 3079
f 3033 3079 3034
f 3034 3079 3080
f 3034 3080 3035
f 3035 3080 3081
f 3035 3081 3036
f 3036 3081 3082
f 3036 3082 3037
f 3037 3082 3083
f 3037 3083 3038
f 3038 3083 3084
f 3038 3084 48
f 3039 1 3085
f 3039 3085 3040
f 3040 3085 3086
f 3040 3086 3041
f 3041 3086 3087
f 3041 3087 3042
f 3042 3087 3088
f 3042 3088 3043
f 3043 3088 3089
f 3043 3089 3044
f 3044 3089 3090
f 3044 3090 3045
f 3045 3090 3091
f 3045 3091 3046
f 3046 3091 3092
f 3046 3092 3047
f 3047 3092 3093
f 3047 3093 3048
f 3048 3093 3094
f 3048 3094 3049
f 3049 3094 3095
f 3049 3095 3050
f 3050 3095 3096
f 3050 3096 3051
f 3051 3096 3097
f 3051 3097 3052
f 3052 3097 3098
f 3052 3098 3053
f 3053 3098 3099
f 3053 3099 3054
f 3054 3099 3100
f 3054 3100 3055
f 3055 3100 3101
f 3055 3101 3056
f 3056 3101 3102
f 3056 3102 3057
f 3057 3102 3103
f 3057 3103 3058
f 3058 3103 3104
f 3058 3104 3059
f 3059 3104 3105
f 3059 3105 3060
f 3060 3105 3106
f 3060 3106 3061
f 3061 3106 3107
f 3061 3107 3062
f 3062 3107 3108
f 3062 3108 3063
f 3063 3108 3109
f 3063 3109 3064
f 3064 3109 3110
f 3064 3110 3065
f 3065 3110 3111
f 3065 3111 3066
f 3066 3111 3112
f 3066 3112 3067
f 3067 3112 3113
f 3067 3113 3068
f 3068 3113 3114
f 3068 3114 3069
f 3069 3114 3115
f 3069 3115 3070
f 3070 3115 3116
f 3070 3116 3071
f 3071 3116 3117
f 3071 3117 3072
f 3072 3117 3118
f 3072 3118 3073
f 3073 3118 3119
f 3073 3119 3074
f 3074 3119 3120
f 3074 3120 3075
f 3075 3120 3121
f 3075 3121 3076
f 3076 3121 3122
f 3076 3122 3077
f 3077 3122 3123
f 3077 3123 3078
f 3078 3123 3124
f 3078 3124 3079
f 3079 3124 3125
f 3079 3125 3080
f 3080 3125 3126
f 3080 3126 3081
f 3081 3126 3127
f 3081 3127 3082
f 3082 3127 3128
f 3082 3128 3083
f 3083 3128 3129
f 3083 3129 3084
f 3084 3129 3130
f 3084 3130 48
f 3085 1 3131
f 3085 3131 3086
f 3086 3131 3132
f 3086 3132 3087
f 3087 3132 3133
f 3087 3133 3088
f 3088 3133 3134
f 3088 3134 3089
f 3089 3134 3135
f 3089 3135 3090
f 3090 3135 3136
f 3090 3136 3091
f 3091 3136 3137
f 3091 3137 3092
f 3092 3137 3138
f 3092 3138 3093
f 3093 3138 3139
f 3093 3139 3094
f 3094 3139 3140
f 3094 3140 3095
f 3095 3140 3141
f 3095 3141 3096
f 3096 3141 3142
f 3096 3142 3097
f 3097 3142 3143
f 3097 3143 3098
f 3098 3143 3144
f 3098 3144 3099
f 3099 3144 3145
f 3099 3145 3100
f 3100 3145 3146
f 3100 3146 3101
f 3101 3146 3147
f 3101 3147 3102
f 3102 3147 3148
f 3102 3148 3103
f 3103 3148 3149
f 3103 3149 3104
f 3104 3149 3150
f 3104 3150 3105
f 3105 3150 3151
f 3105 3151 3106
f 3106 3151 3152
f 3106 3152 3107
f 3107 3152 3153
f 3107 3153 3108
f 3108 3153 3154
f 3108 3154 3109
f 3109 3154 3155
f 3109 3155 3110
f 3110 3155 3156
f 3110 3156 3111
f 3111 3156 3157
f 3111 3157 3112
f 3112 3157 3158
f 3112 3158 3113
f 3113 3158 3159
f 3113 3159 3114
f 3114 3159 3160
f 3114 3160 3115
f 3115 3160 3161
f 3115 3161 3116
f 3116 3161 3162
f 3116 3162 3117
f 3117 3162 3163
f 3117 3163 3118
f 3118 3163 3164
f 3118 3164 3119
f 3119 3164 3165
f 3119 3165 3120
f 3120 3165 3166
f 3120 3166 3121
f 3121 3166 3167
f 3121 3167 3122
f 3122 3167 3168
f 3122 3168 3123
f 3123 3168 3169
f 3123 3169 3124
f 3124 3169 3170
f 3124 3170 3125
f 3125 3170 3171
f 3125 3171 3126
f 3126 3171 3172
f 3126 3172 3127
f 3127 3172 3173
f 3127 3173 3128
f 3128 3173 3174
f 3128 3174 3129
f 3129 3174 3175
f 3129 3175 3130
f 3130 3175 3176
f 3130 3176 48
f 3131 1 3177
f 3131 3177 3132
f 3132 3177 3178
f 3132 3178 3133
f 3133 3178 3179
f 3133 3179 3134
f 3134 3179 3180
f 3134 3180 3135
f 3135 3180 3181
f 3135 3181 3136
f 3136 3181 3182
f 3136 3182 3137
f 3137 3182 3183
f 3137 3183 3138
f 3138 3183 3184
f 3138 3184 3139
f 3139 3184 3185
f 3139 3185 3140
f 3140 3185 3186
f 3140 3186 3141
f 3141 3186 3187
f 3141 3187 3142
f 3142 3187 3188
f 3142 3188 3143
f 3143 3188 3189
f 3143 3189 3144
f 3144 3189 3190
f 3144 3190 3145
f 3145 3190 3191
f 3145 3191 3146
f 3146 3191 3192
f 3146 3192 3147
f 3147 3192 3193
f 3147 3193 3148
f 3148 3193 3194
f 3148 3194 3149
f 3149 3194 3195
f 3149 3195 3150
f 3150 3195 3196
f 3150 3196 3151
f 3151 3196 3197
f 3151 3197 3152
f 3152 3197 3198
f 3152 3198 3153
f 3153 3198 3199
f 3153 3199 3154
f 3154 3199 3200
f 3154 3200 3155
f 3155 3200 3201
f 3155 3201 3156
f 3156 3201 3202
f 3156 3202 3157
f 3157 3202 3203
f 3157 3203 3158
f 3158 3203 3204
f 3158 3204 3159
f 3159 3204 3205
f 3159 3205 3160
f 3160 3205 3206
f 3160 3206 3161
f 3161 3206 3207
f 3161 3207 3162
f 3162 3207 3208
f 3162 3208 3163
f 3163 3208 3209
f 3163 3209 3164
f 3164 3209 3210
f 3164 3210 3165
f 3165 3210 3211
f 3165 3211 3166
f 3166 3211 3212
f 3166 3212 3167
f 3167 3212 3213
f 3167 3213 3168
f 3168 3213 3214
f 3168 3214 3169
f 3169 3214 3215
f 3169 3215 3170
f 3170 3215 3216
f 3170 3216 3171
f 3171 3216 3217
f 3171 3217 3172
f 3172 3217 3218
f 3172 3218 3173
f 3173 3218 3219
f 3173 3219 3174
f 3174 3219 3220
f 3174 3220 3175
f 3175 3220 3221
f 3175 3221 3176
f 3176 3221 3222
f 3176 3222 48
f 3177 1 3223
f 3177 3223 3178
f 3178 3223 3224
f 3178 3224 3179
f 3179 3224 3225
f 3179 3225 3180
f 3180 3225 3226
f 3180 3226 3181
f 3181 3226 3227
f 3181 3227 3182
f 3182 3227 3228
f 3182 3228 3183
f 3183 3228 3229
f 3183 3229 3184
f 3184 3229 3230
f 3184 3230 3185
f 3185 3230 3231
f 3185 3231 3186
f 3186 3231 3232
f 3186 3232 3187
f 3187 3232 3233
f 3187 3233 3188
f 3188 3233 3234
f 3188 3234 3189
f 3189 3234 3235
f 3189 3235 3190
f 3190 3235 3236
f 3190 3236 3191
f 3191 3236 3237
f 3191 3237 3192
f 3192 3237 3238
f 3192 3238 3193
f 3193 3238 3239
f 3193 3239 3194
f 3194 3239 3240
f 3194 3240 3195
f 3195 3240 3241
f 3195 3241 3196
f 3196 3241 3242
f 3196 3242 3197
f 3197 3242 3243
f 3197 3243 3198
f 3198 3243 3244
f 3198 3244 3199
f 3199 3244 3245
f 3199 3245 3200
f 3200 3245 3246
f 3200 3246 3201
f 3201 3246 3247
f 3201 3247 3202
f 3202 3247 3248
f 3202 3248 3203
f 3203 3248 3249
f 3203 3249 3204
f 3204 3249 3250
f 3204 3250 3205
f 3205 3250 3251
f 3205 3251 3206
f 3206 3251 3252
f 3206 3252 3207
f 3207 3252 3253
f 3207 3253 3208
f 3208 3253 3254
f 3208 3254 3209
f 3209 3254 3255
f 3209 3255 3210
f 3210 3255 3256
f 3210 3256 3211
f 3211 3256 3257
f 3211 3257 3212
f 3212 3257 3258
f 3212 3258 3213
f 3213 3258 3259
f 3213 3259 3214
f 3214 3259 3260
f 3214 3260 3215
f 3215 3260 3261
f 3215 3261 3216
f 3216 3261 3262
f 3216 3262 3217
f 3217 3262 3263
f 3217 3263 3218
f 3218 3263 3264
f 3218 3264 3219
f 3219 3264 3265
f 3219 3265 3220
f 3220 3265 3266
f 3220 3266 3221
f 3221 3266 3267
f 3221 3267 3222
f 3222 3267 3268
f 3222 3268 48
f 3223 1 3269
f 3223 3269 3224
f 3224 3269 3270
f 3224 3270 3225
f 3225 3270 3271
f 3225 3271 3226
f 3226 3271 3272
f 3226 3272 3227
f 3227 3272 3273
f 3227 3273 3228
f 3228 3273 3274
f 3228 3274 3229
f 3229 3274 3275
f 3229 3275 3230
f 3230 3275 3276
f 3230 3276 3231
f 3231 3276 3277
f 3231 3277 3232
f 3232 3277 3278
f 3232 3278 3233
f 3233 3278 3279
f 3233 3279 3234
f 3234 3279 3280
f 3234 3280 3235
f 3235 3280 3281
f 3235 3281 3236
f 3236 3281 3282
f 3236 3282 3237
f 3237 3282 3283
f 3237 3283 3238
f 3238 3283 3284
f 3238 3284 3239
f 3239 3284 3285
f 3239 3285 3240
f 3240 3285 3286
f 3240 3286 3241
f 3241 3286 3287
f 3241 3287 3242
f 3242 3287 3288
f 3242 3288 3243
f 3243 3288 3289
f 3243 3289 3244
f 3244 3289 3290
f 3244 3290 3245
f 3245 3290 3291
f 3245 3291 3246
f 3246 3291 3292
f 3246 3292 3247
f 3247 3292 3293
f 3247 3293 3248
f 3248 3293 3294
f 3248 3294 3249
f 3249 3294 3295
f 3249 3295 3250
f 3250 3295 3296
f 3250 3296 3251
f 3251 3296 3297
f 3251 3297 3252
f 3252 3297 3298
f 3252 3298 3253
f 3253 3298 3299
f 3253 3299 3254
f 3254 3299 3300
f 3254 3300 3255
f 3255 3300 3301
f 3255 3301 3256
f 3256 3301 3302
f 3256 3302 3257
f 3257 3302 3303
f 3257 3303 3258
f 3258 3303 3304
f 3258 3304 3259
f 3259 3304 3305
f 3259 3305 3260
f 3260 3305 3306
f 3260 3306 3261
f 3261 3306 3307
f 3261 3307 3262
f 3262 3307 3308
f 3262 3308 3263
f 3263 3308 3309
f 3263 3309 3264
f 3264 3309 3310
f 3264 3310 3265
f 3265 3310 3311
f 3265 3311 3266
f 3266 3311 3312
f 3266 3312 3267
f 3267 3312 3313
f 3267 3313 3268
f 3268 3313 3314
f 3268 3314 48
f 3269 1 3315
f 3269 3315 3270
f 3270 3315 3316
f 3270 3316 3271
f 3271 3316 3317
f 3271 3317 3272
f 3272 3317 3318
f 3272 3318 3273
f 3273 3318 3319
f 3273 3319 3274
f 3274 3319 3320
f 3274 3320 3275
f 3275 3320 3321
f 3275 3321 3276
f 3276 3321 3322
f 3276 3322 3277
f 3277 3322 3323
f 3277 3323 3278
f 3278 3323 3324
f 3278 3324 3279
f 3279 3324 3325
f 3279 3325 3280
f 3280 3325 3326
f 3280 3326 3281
f 3281 3326 3327
f 3281 3327 3282
f 3282 3327 3328
f 3282 3328 3283
f 3283 3328 3329
f 3283 3329 3284
f 3284 3329 3330
f 3284 3330 3285
f 3285 3330 3331
f 3285 3331 3286
f 3286 3331 3332
f 3286 3332 3287
f 3287 3332 3333
f 3287 3333 3288
f 3288 3333 3334
f 3288 3334 3289
f 3289 3334 3335
f 3289 3335 3290
f 3290 3335 3336
f 3290 3336 3291
f 3291 3336 3337
f 3291 3337 3292
f 3292 3337 3338
f 3292 3338 3293
f 3293 3338 3339
f 3293 3339 3294
f 3294 3339 3340
f 3294 3340 3295
f 3295 3340 3341
f 3295 3341 3296
f 3296 3341 3342
f 3296 3342 3297
f 3297 3342 3343
f 3297 3343 3298
f 3298 3343 3344
f 3298 3344 3299
f 3299 3344 3345
f 3299 3345 3300
f 3300 3345 3346
f 3300 3346 3301
f 3301 3346 3347
f 3301 3347 3302
f 3302 3347 3348
f 3302 3348 3303
f 3303 3348 3349
f 3303 3349 3304
f 3304 3349 3350
f 3304 3350 3305
f 3305 3350 3351
f 3305 3351 3306
f 3306 3351 3352
f 3306 3352 3307
f 3307 3352 3353
f 3307 3353 3308
f 3308 3353 3354
f 3308 3354 3309
f 3309 3354 3355
f 3309 3355 3310
f 3310 3355 3356
f 3310 3356 3311
f 3311 3356 3357
f 3311 3357 3312
f 3312 3357 3358
f 3312 3358 3313
f 3313 3358 3359
f 3313 3359 3314
f 3314 3359 3360
f 3314 3360 48
f 3315 1 3361
f 3315 3361 3316
f 3316 3361 3362
f 3316 3362 3317
f 3317 3362 3363
f 3317 3363 3318
f 3318 3363 3364
f 3318 3364 3319
f 3319 3364 3365
f 3319 3365 3320
f 3320 3365 3366
f 3320 3366 3321
f 3321 3366 3367
f 3321 3367 3322
f 3322 3367 3368
f 3322 3368 3323
f 3323 3368 3369
f 3323 3369 3324
f 3324 3369 3370
f 3324 3370 3325
f 3325 3370 3371
f 3325 3371 3326
f 3326 3371 3372
f 3326 3372 3327
f 3327 3372 3373
f 3327 3373 3328
f 3328 3373 3374
f 3328 3374 3329
f 3329 3374 3375
f 3329 3375 3330
f 3330 3375 3376
f 3330 3376 3331
f 3331 3376 3377
f 3331 3377 3332
f 3332 3377 3378
f 3332 3378 3333
f 3333 3378 3379
f 3333 3379 3334
f 3334 3379 3380
f 3334 3380 3335
f 3335 3380 3381
f 3335 3381 3336
f 3336 3381 3382
f 3336 3382 3337
f 3337 3382 3383
f 3337 3383 3338
f 3338 3383 3384
f 3338 3384 3339
f 3339 3384 3385
f 3339 3385 3340
f 3340 3385 3386
f 3340 3386 3341
f 3341 3386 3387
f 3341 3387 3342
f 3342 3387 3388
f 3342 3388 3343
f 3343 3388 3389
f 3343 3389 3344
f 3344 3389 3390
f 3344 3390 3345
f 3345 3390 3391
f 3345 3391 3346
f 3346 3391 3392
f 3346 3392 3347
f 3347 3392 3393
f 3347 3393 3348
f 3348 3393 3394
f 3348 3394 3349
f 3349 3394 3395
f 3349 3395 3350
f 3350 3395 3396
f 3350 3396 3351
f 3351 3396 3397
f 3351 3397 3352
f 3352 3397 3398
f 3352 3398 3353
f 3353 3398 3399
f 3353 3399 3354
f 3354 3399 3400
f 3354 3400 3355
f 3355 3400 3401
f 3355 3401 3356
f 3356 3401 3402
f 3356 3402 3357
f 3357 3402 3403
f 3357 3403 3358
f 3358 3403 3404
f 3358 3404 3359
f 3359 3404 3405
f 3359 3405 3360
f 3360 3405 3406
f 3360 3406 48
f 3361 1 3407
f 3361 3407 3362
f 3362 3407 3408
f 3362 3408 3363
f 3363 3408 3409
f 3363 3409 3364
f 3364 3409 3410
f 3364 3410 3365
f 3365 3410 3411
f 3365 3411 3366
f 3366 3411 3412
f 3366 3412 3367
f 3367 3412 3413
f 3367 3413 3368
f 3368 3413 3414
f 3368 3414 3369
f 3369 3414 3415
f 3369 3415 3370
f 3370 3415 3416
f 3370 3416 3371
f 3371 3416 3417
f 3371 3417 3372
f 3372 3417 3418
f 3372 3418 3373
f 3373 3418 3419
f 3373 3419 3374
f 3374 3419 3420
f 3374 3420 3375
f 3375 3420 3421
f 3375 3421 3376
f 3376 3421 3422
f 3376 3422 3377
f 3377 3422 3423
f 3377 3423 3378
f 3378 3423 3424
f 3378 3424 3379
f 3379 3424 3425
f 3379 3425 3380
f 3380 3425 3426
f 3380 3426 3381
f 3381 3426 3427
f 3381 3427 3382
f 3382 3427 3428
f 3382 3428 3383
f 3383 3428 3429
f 3383 3429 3384
f 3384 3429 3430
f 3384 3430 3385
f 3385 3430 3431
f 3385 3431 3386
f 3386 3431 3432
f 3386 3432 3387
f 3387 3432 3433
f 3387 3433 3388
f 3388 3433 3434
f 3388 3434 3389
f 3389 3434 3435
f 3389 3435 3390
f 3390 3435 3436
f 3390 3436 3391
f 3391 3436 3437
f 3391 3437 3392
f 3392 3437 3438
f 3392 3438 3393
f 3393 3438 3439
f 3393 3439 3394
f 3394 3439 3440
f 3394 3440 3395
f 3395 3440 3441
f 3395 3441 3396
f 3396 3441 3442
f 3396 3442 3397
f 3397 3442 3443
f 3397 3443 3398
f 3398 3443 3444
f 3398 3444 3399
f 3399 3444 3445
f 3399 3445 3400
f 3400 3445 3446
f 3400 3446 3401
f 3401 3446 3447
f 3401 3447 3402
f 3402 3447 3448
f 3402 3448 3403
f 3403 3448 3449
f 3403 3449 3404
f 3404 3449 3450
f 3404 3450 3405
f 3405 3450 3451
f 3405 3451 3406
f 3406 3451 3452
f 3406 3452 48
f 3407 1 3453
f 3407 3453 3408
f 3408 3453 3454
f 3408 3454 3409
f 3409 3454 3455
f 3409 3455 3410
f 3410 3455 3456
f 3410 3456 3411
f 3411 3456 3457
f 3411 3457 3412
f 3412 3457 3458
f 3412 3458 3413
f 3413 3458 3459
f 3413 3459 3414
f 3414 3459 3460
f 3414 3460 3415
f 3415 3460 3461
f 3415 3461 3416
f 3416 3461 3462
f 3416 3462 3417
f 3417 3462 3463
f 3417 3463 3418
f 3418 3463 3464
f 3418 3464 3419
f 3419 3464 3465
f 3419 3465 3420
f 3420 3465 3466
f 3420 3466 3421
f 3421 3466 3467
f 3421 3467 3422
f 3422 3467 3468
f 3422 3468 3423
f 3423 3468 3469
f 3423 3469 3424
f 3424 3469 3470
f 3424 3470 3425
f 3425 3470 3471
f 3425 3471 3426
f 3426 3471 3472
f 3426 3472 3427
f 3427 3472 3473
f 3427 3473 3428
f 3428 3473 3474
f 3428 3474 3429
f 3429 3474 3475
f 3429 3475 3430
f 3430 3475 3476
f 3430 3476 3431
f 3431 3476 3477
f 3431 3477 3432
f 3432 3477 3478
f 3432 3478 3433
f 3433 3478 3479
f 3433 3479 3434
f 3434 3479 3480
f 3434 3480 3435
f 3435 3480 3481
f 3435 3481 3436
f 3436 3481 3482
f 3436 3482 3437
f 3437 3482 3483
f 3437 3483 3438
f 3438 3483 3484
f 3438 3484 3439
f 3439 3484 3485
f 3439 3485 3440
f 3440 3485 3486
f 3440 3486 3441
f 3441 3486 3487
f 3441 3487 3442
f 3442 3487 3488
f 3442 3488 3443
f 3443 3488 3489
f 3443 3489 3444
f 3444 3489 3490
f 3444 3490 3445
f 3445 3490 3491
f 3445 3491 3446
f 3446 3491 3492
f 3446 3492 3447
f 3447 3492 3493
f 3447 3493 3448
f 3448 3493 3494
f 3448 3494 3449
f 3449 3494 3495
f 3449 3495 3450
f 3450 3495 3496
f 3450 3496 3451
f 3451 3496 3497
f 3451 3497 3452
f 3452 3497 3498
f 3452 3498 48
f 3453 1 3499
f 3453 3499 3454
f 3454 3499 3500
f 3454 3500 3455
f 3455 3500 3501
f 3455 3501 3456
f 3456 3501 3502
f 3456 3502 3457
f 3457 3502 3503
f 3457 3503 3458
f 3458 3503 3504
f 3458 3504 3459
f 3459 3504 3505
f 3459 3505 3460
f 3460 3505 3506
f 3460 3506 3461
f 3461 3506 3507
f 3461 3507 3462
f 3462 3507 3508
f 3462 3508 3463
f 3463 3508 3509
f 3463 3509 3464
f 3464 3509 3510
f 3464 3510 3465
f 3465 3510 3511
f 3465 3511 3466
f 3466 3511 3512
f 3466 3512 3467
f 3467 3512 3513
f 3467 3513 3468
f 3468 3513 3514
f 3468 3514 3469
f 3469 3514 3515
f 3469 3515 3470
f 3470 3515 3516
f 3470 3516 3471
f 3471 3516 3517
f 3471 3517 3472
f 3472 3517 3518
f 3472 3518 3473
f 3473 3518 3519
f 3473 3519 3474
f 3474 3519 3520
f 3474 3520 3475
f 3475 3520 3521
f 3475 3521 3476
f 3476 3521 3522
f 3476 3522 3477
f 3477 3522 3523
f 3477 3523 3478
f 3478 3523 3524
f 3478 3524 3479
f 3479 3524 3525
f 3479 3525 3480
f 3480 3525 3526
f 3480 3526 3481
f 3481 3526 3527
f 3481 3527 3482
f 3482 3527 3528
f 3482 3528 3483
f 3483 3528 3529
f 3483 3529 3484
f 3484 3529 3530
f 3484 3530 3485
f 3485 3530 3531
f 3485 3531 3486
f 3486 3531 3532
f 3486 3532 3487
f 3487 3532 3533
f 3487 3533 3488
f 3488 3533 3534
f 3488 3534 3489
f 3489 3534 3535
f 3489 3535 3490
f 3490 3535 3536
f 3490 3536 3491
f 3491 3536 3537
f 3491 3537 3492
f 3492 3537 3538
f 3492 3538 3493
f 3493 3538 3539
f 3493 3539 3494
f 3494 3539 3540
f 3494 3540 3495
f 3495 3540 3541
f 3495 3541 3496
f 3496 3541 3542
f 3496 3542 3497
f 3497 3542 3543
f 3497 3543 3498
f 3498 3543 3544
f 3498 3544 48
f 3499 1 3545
f 3499 3545 3500
f 3500 3545 3546
f 3500 3546 3501
f 3501 3546 3547
f 3501 3547 3502
f 3502 3547 3548
f 3502 3548 3503
f 3503 3548 3549
f 3503 3549 3504
f 3504 3549 3550
f 3504 3550 3505
f 3505 3550 3551
f 3505 3551 3506
f 3506 3551 3552
f 3506 3552 3507
f 3507 3552 3553
f 3507 3553 3508
f 3508 3553 3554
f 3508 3554 3509
f 3509 3554 3555
f 3509 3555 3510
f 3510 3555 3556
f 3510 3556 3511
f 3511 3556 3557
f 3511 3557 3512
f 3512 3557 3558
f 3512 3558 3513
f 3513 3558 3559
f 3513 3559 3514
f 3514 3559 3560
f 3514 3560 3515
f 3515 3560 3561
f 3515 3561 3516
f 3516 3561 3562
f 3516 3562 3517
f 3517 3562 3563
f 3517 3563 3518
f 3518 3563 3564
f 3518 3564 3519
f 3519 3564 3565
f 3519 3565 3520
f 3520 3565 3566
f 3520 3566 3521
f 3521 3566 3567
f 3521 3567 3522
f 3522 3567 3568
f 3522 3568 3523
f 3523 3568 3569
f 3523 3569 3524
f 3524 3569 3570
f 3524 3570 3525
f 3525 3570 3571
f 3525 3571 3526
f 3526 3571 3572
f 3526 3572 3527
f 3527 3572 3573
f 3527 3573 3528
f 3528 3573 3574
f 3528 3574 3529
f 3529 3574 3575
f 3529 3575 3530
f 3530 3575 3576
f 3530 3576 3531
f 3531 3576 3577
f 3531 3577 3532
f 3532 3577 3578
f 3532 3578 3533
f 3533 3578 3579
f 3533 3579 3534
f 3534 3579 3580
f 3534 3580 3535
f 3535 3580 3581
f 3535 3581 3536
f 3536 3581 3582
f 3536 3582 3537
f 3537 3582 3583
f 3537 3583 3538
f 3538 3583 3584
f 3538 3584 3539
f 3539 3584 3585
f 3539 3585 3540
f 3540 3585 3586
f 3540 3586 3541
f 3541 3586 3587
f 3541 3587 3542
f 3542 3587 3588
f 3542 3588 3543
f 3543 3588 3589
f 3543 3589 3544
f 3544 3589 3590
f 3544 3590 48
f 3545 1 3591
f 3545 3591 3546
f 3546 3591 3592
f 3546 3592 3547
f 3547 3592 3593
f 3547 3593 3548
f 3548 3593 3594
f 3548 3594 3549
f 3549 3594 3595
f 3549 3595 3550
f 3550 3595 3596
f 3550 3596 3551
f 3551 3596 3597
f 3551 3597 3552
f 3552 3597 3598
f 3552 3598 3553
f 3553 3598 3599
f 3553 3599 3554
f 3554 3599 3600
f 3554 3600 3555
f 3555 3600 3601
f 3555 3601 3556
f 3556 3601 3602
f 3556 3602 3557
f 3557 3602 3603
f 3557 3603 3558
f 3558 3603 3604
f 3558 3604 3559
f 3559 3604 3605
f 3559 3605 3560
f 3560 3605 3606
f 3560 3606 3561
f 3561 3606 3607
f 3561 3607 3562
f 3562 3607 3608
f 3562 3608 3563
f 3563 3608 3609
f 3563 3609 3564
f 3564 3609 3610
f 3564 3610 3565
f 3565 3610 3611
f 3565 3611 3566
f 3566 3611 3612
f 3566 3612 3567
f 3567 3612 3613
f 3567 3613 3568
f 3568 3613 3614
f 3568 3614 3569
f 3569 3614 3615
f 3569 3615 3570
f 3570 3615 3616
f 3570 3616 3571
f 3571 3616 3617
f 3571 3617 3572
f 3572 3617 3618
f 3572 3618 3573
f 3573 3618 3619
f 3573 3619 3574
f 3574 3619 3620
f 3574 3620 3575
f 3575 3620 3621
f 3575 3621 3576
f 3576 3621 3622
f 3576 3622 3577
f 3577 3622 3623
f 3577 3623 3578
f 3578 3623 3624
f 3578 3624 3579
f 3579 3624 3625
f 3579 3625 3580
f 3580 3625 3626
f 3580 3626 3581
f 3581 3626 3627
f 3581 3627 3582
f 3582 3627 3628
f 3582 3628 3583
f 3583 3628 3629
f 3583 3629 3584
f 3584 3629 3630
f 3584 3630 3585
f 3585 3630 3631
f 3585 3631 3586
f 3586 3631 3632
f 3586 3632 3587
f 3587 3632 3633
f 3587 3633 3588
f 3588 3633 3634
f 3588 3634 3589
f 3589 3634 3635
f 3589 3635 3590
f 3590 3635 3636
f 3590 3636 48
f 3591 1 3637
f 3591 3637 3592
f 3592 3637 3638
f 3592 3638 3593
f 3593 3638 3639
f 3593 3639 3594
f 3594 3639 3640
f 3594 3640 3595
f 3595 3640 3641
f 3595 3641 3596
f 3596 3641 3642
f 3596 3642 3597
f 3597 3642 3643
f 3597 3643 3598
f 3598 3643 3644
f 3598 3644 3599
f 3599 3644 3645
f 3599 3645 3600
f 3600 3645 3646
f 3600 3646 3601
f 3601 3646 3647
f 3601 3647 3602
f 3602 3647 3648
f 3602 3648 3603
f 3603 3648 3649
f 3603 3649 3604
f 3604 3649 3650
f 3604 3650 3605
f 3605 3650 3651
f 3605 3651 3606
f 3606 3651 3652
f 3606 3652 3607
f 3607 3652 3653
f 3607 3653 3608
f 3608 3653 3654
f 3608 3654 3609
f 3609 3654 3655
f 3609 3655 3610
f 3610 3655 3656
f 3610 3656 3611
f 3611 3656 3657
f 3611 3657 3612
f 3612 3657 3658
f 3612 3658 3613
f 3613 3658 3659
f 3613 3659 3614
f 3614 3659 3660
f 3614 3660 3615
f 3615 3660 3661
f 3615 3661 3616
f 3616 3661 3662
f 3616 3662 3617
f 3617 3662 3663
f 3617 3663 3618
f 3618 3663 3664
f 3618 3664 3619
f 3619 3664 3665
f 3619 3665 3620
f 3620 3665 3666
f 3620 3666 3621
f 3621 3666 3667
f 3621 3667 3622
f 3622 3667 3668
f 3622 3668 3623
f 3623 3668 3669
f 3623 3669 3624
f 3624 3669 3670
f 3624 3670 3625
f 3625 3670 3671
f 3625 3671 3626
f 3626 3671 3672
f 3626 3672 3627
f 3627 3672 3673
f 3627 3673 3628
f 3628 3673 3674
f 3628 3674 3629
f 3629 3674 3675
f 3629 3675 3630
f 3630 3675 3676
f 3630 3676 3631
f 3631 3676 3677
f 3631 3677 3632
f 3632 3677 3678
f 3632 3678 3633
f 3633 3678 3679
f 3633 3679 3634
f 3634 3679 3680
f 3634 3680 3635
f 3635 3680 3681
f 3635 3681 3636
f 3636 3681 3682
f 3636 3682 48
f 3637 1 3683
f 3637 3683 3638
f 3638 3683 3684
f 3638 3684 3639
f 3639 3684 3685
f 3639 3685 3640
f 3640 3685 3686
f 3640 3686 3641
f 3641 3686 3687
f 3641 3687 3642
f 3642 3687 3688
f 3642 3688 3643
f 3643 3688 3689
f 3643 3689 3644
f 3644 3689 3690
f 3644 3690 3645
f 3645 3690 3691
f 3645 3691 3646
f 3646 3691 3692
f 3646 3692 3647
f 3647 3692 3693
f 3647 3693 3648
f 3648 3693 3694
f 3648 3694 3649
f 3649 3694 3695
f 3649 3695 3650
f 3650 3695 3696
f 3650 3696 3651
f 3651 3696 3697
f 3651 3697 3652
f 3652 3697 3698
f 3652 3698 3653
f 3653 3698 3699
f 3653 3699 3654
f 3654 3699 3700
f 3654 3700 3655
f 3655 3700 3701
f 3655 3701 3656
f 3656 3701 3702
f 3656 3702 3657
f 3657 3702 3703
f 3657 3703 3658
f 3658 3703 3704
f 3658 3704 3659
f 3659 3704 3705
f 3659 3705 3660
f 3660 3705 3706
f 3660 3706 3661
f 3661 3706 3707
f 3661 3707 3662
f 3662 3707 3708
f 3662 3708 3663
f 3663 3708 3709
f 3663 3709 3664
f 3664 3709 3710
f 3664 3710 3665
f 3665 3710 3711
f 3665 3711 3666
f 3666 3711 3712
f 3666 3712 3667
f 3667 3712 3713
f 3667 3713 3668
f 3668 3713 3714
f 3668 3714 3669
f 3669 3714 3715
f 3669 3715 3670
f 3670 3715 3716
f 3670 3716 3671
f 3671 3716 3717
f 3671 3717 3672
f 3672 3717 3718
f 3672 3718 3673
f 3673 3718 3719
f 3673 3719 3674
f 3674 3719 3720
f 3674 3720 3675
f 3675 3720 3721
f 3675 3721 3676
f 3676 3721 3722
f 3676 3722 3677
f 3677 3722 3723
f 3677 3723 3678
f 3678 3723 3724
f 3678 3724 3679
f 3679 3724 3725
f 3679 3725 3680
f 3680 3725 3726
f 3680 3726 3681
f 3681 3726 3727
f 3681 3727 3682
f 3682 3727 3728
f 3682 3728 48
f 3683 1 3729
f 3683 3729 3684
f 3684 3729 3730
f 3684 3730 3685
f 3685 3730 3731
f 3685 3731 3686
f 3686 3731 3732
f 3686 3732 3687
f 3687 3732 3733
f 3687 3733 3688
f 3688 3733 3734
f 3688 3734 3689
f 3689 3734 3735
f 3689 3735 3690
f 3690 3735 3736
f 3690 3736 3691
f 3691 3736 3737
f 3691 3737 3692
f 3692 3737 3738
f 3692 3738 3693
f 3693 3738 3739
f 3693 3739 3694
f 3694 3739 3740
f 3694 3740 3695
f 3695 3740 3741
f 3695 3741 3696
f 3696 3741 3742
f 3696 3742 3697
f 3697 3742 3743
f 3697 3743 3698
f 3698 3743 3744
f 3698 3744 3699
f 3699 3744 3745
f 3699 3745 3700
f 3700 3745 3746
f 3700 3746 3701
f 3701 3746 3747
f 3701 3747 3702
f 3702 3747 3748
f 3702 3748 3703
f 3703 3748 3749
f 3703 3749 3704
f 3704 3749 3750
f 3704 3750 3705
f 3705 3750 3751
f 3705 3751 3706
f 3706 3751 3752
f 3706 3752 3707
f 3707 3752 3753
f 3707 3753 3708
f 3708 3753 3754
f 3708 3754 3709
f 3709 3754 3755
f 3709 3755 3710
f 3710 3755 3756
f 3710 3756 3711
f 3711 3756 3757
f 3711 3757 3712
f 3712 3757 3758
f 3712 3758 3713
f 3713 3758 3759
f 3713 3759 3714
f 3714 3759 3760
f 3714 3760 3715
f 3715 3760 3761
f 3715 3761 3716
f 3716 3761 3762
f 3716 3762 3717
f 3717 3762 3763
f 3717 3763 3718
f 3718 3763 3764
f 3718 3764 3719
f 3719 3764 3765
f 3719 3765 3720
f 3720 3765 3766
f 3720 3766 3721
f 3721 3766 3767
f 3721 3767 3722
f 3722 3767 3768
f 3722 3768 3723
f 3723 3768 3769
f 3723 3769 3724
f 3724 3769 3770
f 3724 3770 3725
f 3725 3770 3771
f 3725 3771 3726
f 3726 3771 3772
f 3726 3772 3727
f 3727 3772 3773
f 3727 3773 3728
f 3728 3773 3774
f 3728 3774 48
f 3729 1 3775
f 3729 3775 3730
f 3730 3775 3776
f 3730 3776 3731
f 3731 3776 3777
f 3731 3777 3732
f 3732 3777 3778
f 3732 3778 3733
f 3733 3778 3779
f 3733 3779 3734
f 3734 3779 3780
f 3734 3780 3735
f 3735 3780 3781
f 3735 3781 3736
f 3736 3781 3782
f 3736 3782 3737
f 3737 3782 3783
f 3737 3783 3738
f 3738 3783 3784
f 3738 3784 3739
f 3739 3784 3785
f 3739 3785 3740
f 3740 3785 3786
f 3740 3786 3741
f 3741 3786 3787
f 3741 3787 3742
f 3742 3787 3788
f 3742 3788 3743
f 3743 3788 3789
f 3743 3789 3744
f 3744 3789 3790
f 3744 3790 3745
f 3745 3790 3791
f 3745 3791 3746
f 3746 3791 3792
f 3746 3792 3747
f 3747 3792 3793
f 3747 3793 3748
f 3748 3793 3794
f 3748 3794 3749
f 3749 3794 3795
f 3749 3795 3750
f 3750 3795 3796
f 3750 3796 3751
f 3751 3796 3797
f 3751 3797 3752
f 3752 3797 3798
f 3752 3798 3753
f 3753 3798 3799
f 3753 3799 3754
f 3754 3799 3800
f 3754 3800 3755
f 3755 3800 3801
f 3755 3801 3756
f 3756 3801 3802
f 3756 3802 3757
f 3757 3802 3803
f 3757 3803 3758
f 3758 3803 3804
f 3758 3804 3759
f 3759 3804 3805
f 3759 3805 3760
f 3760 3805 3806
f 3760 3806 3761
f 3761 3806 3807
f 3761 3807 3762
f 3762 3807 3808
f 3762 3808 3763
f 3763 3808 3809
f 3763 3809 3764
f 3764 3809 3810
f 3764 3810 3765
f 3765 3810 3811
f 3765 3811 3766
f 3766 3811 3812
f 3766 3812 3767
f 3767 3812 3813
f 3767 3813 3768
f 3768 3813 3814
f 3768 3814 3769
f 3769 3814 3815
f 3769 3815 3770
f 3770 3815 3816
f 3770 3816 3771
f 3771 3816 3817
f 3771 3817 3772
f 3772 3817 3818
f 3772 3818 3773
f 3773 3818 3819
f 3773 3819 3774
f 3774 3819 3820
f 3774 3820 48
f 3775 1 3821
f 3775 3821 3776
f 3776 3821 3822
f 3776 3822 3777
f 3777 3822 3823
f 3777 3823 3778
f 3778 3823 3824
f 3778 3824 3779
f 3779 3824 3825
f 3779 3825 3780
f 3780 3825 3826
f 3780 3826 3781
f 3781 3826 3827
f 3781 3827 3782
f 3782 3827 3828
f 3782 3828 3783
f 3783 3828 3829
f 3783 3829 3784
f 3784 3829 3830
f 3784 3830 3785
f 3785 3830 3831
f 3785 3831 3786
f 3786 3831 3832
f 3786 3832 3787
f 3787 3832 3833
f 3787 3833 3788
f 3788 3833 3834
f 3788 3834 3789
f 3789 3834 3835
f 3789 3835 3790
f 3790 3835 3836
f 3790 3836 3791
f 3791 3836 3837
f 3791 3837 3792
f 3792 3837 3838
f 3792 3838 3793
f 3793 3838 3839
f 3793 3839 3794
f 3794 3839 3840
f 3794 3840 3795
f 3795 3840 3841
f 3795 3841 3796
f 3796 3841 3842
f 3796 3842 3797
f 3797 3842 3843
f 3797 3843 3798
f 3798 3843 3844
f 3798 3844 3799
f 3799 3844 3845
f 3799 3845 3800
f 3800 3845 3846
f 3800 3846 3801
f 3801 3846 3847
f 3801 3847 3802
f 3802 3847 3848
f 3802 3848 3803
f 3803 3848 3849
f 3803 3849 3804
f 3804 3849 3850
f 3804 3850 3805
f 3805 3850 3851
f 3805 3851 3806
f 3806 3851 3852
f 3806 3852 3807
f 3807 3852 3853
f 3807 3853 3808
f 3808 3853 3854
f 3808 3854 3809
f 3809 3854 3855
f 3809 3855 3810
f 3810 3855 3856
f 3810 3856 3811
f 3811 3856 3857
f 3811 3857 3812
f 3812 3857 3858
f 3812 3858 3813
f 3813 3858 3859
f 3813 3859 3814
f 3814 3859 3860
f 3814 3860 3815
f 3815 3860 3861
f 3815 3861 3816
f 3816 3861 3862
f 3816 3862 3817
f 3817 3862 3863
f 3817 3863 3818
f 3818 3863 3864
f 3818 3864 3819
f 3819 3864 3865
f 3819 3865 3820
f 3820 3865 3866
f 3820 3866 48
f 3821 1 3867
f 3821 3867 3822
f 3822 3867 3868
f 3822 3868 3823
f 3823 3868 3869
f 3823 3869 3824
f 3824 3869 3870
f 3824 3870 3825
f 3825 3870 3871
f 3825 3871 3826
f 3826 3871 3872
f 3826 3872 3827
f 3827 3872 3873
f 3827 3873 3828
f 3828 3873 3874
f 3828 3874 3829
f 3829 3874 3875
f 3829 3875 3830
f 3830 3875 3876
f 3830 3876 3831
f 3831 3876 3877
f 3831 3877 3832
f 3832 3877 3878
f 3832 3878 3833
f 3833 3878 3879
f 3833 3879 3834
f 3834 3879 3880
f 3834 3880 3835
f 3835 3880 3881
f 3835 3881 3836
f 3836 3881 3882
f 3836 3882 3837
f 3837 3882 3883
f 3837 3883 3838
f 3838 3883 3884
f 3838 3884 3839
f 3839 3884 3885
f 3839 3885 3840
f 3840 3885 3886
f 3840 3886 3841
f 3841 3886 3887
f 3841 3887 3842
f 3842 3887 3888
f 3842 3888 3843
f 3843 3888 3889
f 3843 3889 3844
f 3844 3889 3890
f 3844 3890 3845
f 3845 3890 3891
f 3845 3891 3846
f 3846 3891 3892
f 3846 3892 3847
f 3847 3892 3893
f 3847 3893 3848
f 3848 3893 3894
f 3848 3894 3849
f 3849 3894 3895
f 3849 3895 3850
f 3850 3895 3896
f 3850 3896 3851
f 3851 3896 3897
f 3851 3897 3852
f 3852 3897 3898
f 3852 3898 3853
f 3853 3898 3899
f 3853 3899 3854
f 3854 3899 3900
f 3854 3900 3855
f 3855 3900 3901
f 3855 3901 3856
f 3856 3901 3902
f 3856 3902 3857
f 3857 3902 3903
f 3857 3903 3858
f 3858 3903 3904
f 3858 3904 3859
f 3859 3904 3905
f 3859 3905 3860
f 3860 3905 3906
f 3860 3906 3861
f 3861 3906 3907
f 3861 3907 3862
f 3862 3907 3908
f 3862 3908 3863
f 3863 3908 3909
f 3863 3909 3864
f 3864 3909 3910
f 3864 3910 3865
f 3865 3910 3911
f 3865 3911 3866
f 3866 3911 3912
f 3866 3912 48
f 3867 1 3913
f 3867 3913 3868
f 3868 3913 3914
f 3868 3914 3869
f 3869 3914 3915
f 3869 3915 3870
f 3870 3915 3916
f 3870 3916 3871
f 3871 3916 3917
f 3871 3917 3872
f 3872 3917 3918
f 3872 3918 3873
f 3873 3918 3919
f 3873 3919 3874
f 3874 3919 3920
f 3874 3920 3875
f 3875 3920 3921
f 3875 3921 3876
f 3876 3921 3922
f 3876 3922 3877
f 3877 3922 3923
f 3877 3923 3878
f 3878 3923 3924
f 3878 3924 3879
f 3879 3924 3925
f 3879 3925 3880
f 3880 3925 3926
f 3880 3926 3881
f 3881 3926 3927
f 3881 3927 3882
f 3882 3927 3928
f 3882 3928 3883
f 3883 3928 3929
f 3883 3929 3884
f 3884 3929 3930
f 3884 3930 3885
f 3885 3930 3931
f 3885 3931 3886
f 3886 3931 3932
f 3886 3932 3887
f 3887 3932 3933
f 3887 3933 3888
f 3888 3933 3934
f 3888 3934 3889
f 3889 3934 3935
f 3889 3935 3890
f 3890 3935 3936
f 3890 3936 3891
f 3891 3936 3937
f 3891 3937 3892
f 3892 3937 3938
f 3892 3938 3893
f 3893 3938 3939
f 3893 3939 3894
f 3894 3939 3940
f 3894 3940 3895
f 3895 3940 3941
f 3895 3941 3896
f 3896 3941 3942
f 3896 3942 3897
f 3897 3942 3943
f 3897 3943 3898
f 3898 3943 3944
f 3898 3944 3899
f 3899 3944 3945
f 3899 3945 3900
f 3900 3945 3946
f 3900 3946 3901
f 3901 3946 3947
f 3901 3947 3902
f 3902 3947 3948
f 3902 3948 3903
f 3903 3948 3949
f 3903 3949 3904
f 3904 3949 3950
f 3904 3950 3905
f 3905 3950 3951
f 3905 3951 3906
f 3906 3951 3952
f 3906 3952 3907
f 3907 3952 3953
f 3907 3953 3908
f 3908 3953 3954
f 3908 3954 3909
f 3909 3954 3955
f 3909 3955 3910
f 3910 3955 3956
f 3910 3956 3911
f 3911 3956 3957
f 3911 3957 3912
f 3912 3957 3958
f 3912 3958 48
f 3913 1 3959
f 3913 3959 3914
f 3914 3959 3960
f 3914 3960 3915
f 3915 3960 3961
f 3915 3961 3916
f 3916 3961 3962
f 3916 3962 3917
f 3917 3962 3963
f 3917 3963 3918
f 3918 3963 3964
f 3918 3964 3919
f 3919 3964 3965
f 3919 3965 3920
f 3920 3965 3966
f 3920 3966 3921
f 3921 3966 3967
f 3921 3967 3922
f 3922 3967 3968
f 3922 3968 3923
f 3923 3968 3969
f 3923 3969 3924
f 3924 3969 3970
f 3924 3970 3925
f 3925 3970 3971
f 3925 3971 3926
f 3926 3971 3972
f 3926 3972 3927
f 3927 3972 3973
f 3927 3973 3928
f 3928 3973 3974
f 3928 3974 3929
f 3929 3974 3975
f 3929 3975 3930
f 3930 3975 3976
f 3930 3976 3931
f 3931 3976 3977
f 3931 3977 3932
f 3932 3977 3978
f 3932 3978 3933
f 3933 3978 3979
f 3933 3979 3934
f 3934 3979 3980
f 3934 3980 3935
f 3935 3980 3981
f 3935 3981 3936
f 3936 3981 3982
f 3936 3982 3937
f 3937 3982 3983
f 3937 3983 3938
f 3938 3983 3984
f 3938 3984 3939
f 3939 3984 3985
f 3939 3985 3940
f 3940 3985 3986
f 3940 3986 3941
f 3941 3986 3987
f 3941 3987 3942
f 3942 3987 3988
f 3942 3988 3943
f 3943 3988 3989
f 3943 3989 3944
f 3944 3989 3990
f 3944 3990 3945
f 3945 3990 3991
f 3945 3991 3946
f 3946 3991 3992
f 3946 3992 3947
f 3947 3992 3993
f 3947 3993 3948
f 3948 3993 3994
f 3948 3994 3949
f 3949 3994 3995
f 3949 3995 3950
f 3950 3995 3996
f 3950 3996 3951
f 3951 3996 3997
f 3951 3997 3952
f 3952 3997 3998
f 3952 3998 3953
f 3953 3998 3999
f 3953 3999 3954
f 3954 3999 4000
f 3954 4000 3955
f 3955 4000 4001
f 3955 4001 3956
f 3956 4001 4002
f 3956 4002 3957
f 3957 4002 4003
f 3957 4003 3958
f 3958 4003 4004
f 3958 4004 48
f 3959 1 4005
f 3959 4005 3960
f 3960 4005 4006
f 3960 4006 3961
f 3961 4006 4007
f 3961 4007 3962
f 3962 4007 4008
f 3962 4008 3963
f 3963 4008 4009
f 3963 4009 3964
f 3964 4009 4010
f 3964 4010 3965
f 3965 4010 4011
f 3965 4011 3966
f 3966 4011 4012
f 3966 4012 3967
f 3967 4012 4013
f 3967 4013 3968
f 3968 4013 4014
f 3968 4014 3969
f 3969 4014 4015
f 3969 4015 3970
f 3970 4015 4016
f 3970 4016 3971
f 3971 4016 4017
f 3971 4017 3972
f 3972 4017 4018
f 3972 4018 3973
f 3973 4018 4019
f 3973 4019 3974
f 3974 4019 4020
f 3974 4020 3975
f 3975 4020 4021
f 3975 4021 3976
f 3976 4021 4022
f 3976 4022 3977
f 3977 4022 4023
f 3977 4023 3978
f 3978 4023 4024
f 3978 4024 3979
f 3979 4024 4025
f 3979 4025 3980
f 3980 4025 4026
f 3980 4026 3981
f 3981 4026 4027
f 3981 4027 3982
f 3982 4027 4028
f 3982 4028 3983
f 3983 4028 4029
f 3983 4029 3984
f 3984 4029 4030
f 3984 4030 3985
f 3985 4030 4031
f 3985 4031 3986
f 3986 4031 4032
f 3986 4032 3987
f 3987 4032 4033
f 3987 4033 3988
f 3988 4033 4034
f 3988 4034 3989
f 3989 4034 4035
f 3989 4035 3990
f 3990 4035 4036
f 3990 4036 3991
f 3991 4036 4037
f 3991 4037 3992
f 3992 4037 4038
f 3992 4038 3993
f 3993 4038 4039
f 3993 4039 3994
f 3994 4039 4040
f 3994 4040 3995
f 3995 4040 4041
f 3995 4041 3996
f 3996 4041 4042
f 3996 4042 3997
f 3997 4042 4043
f 3997 4043 3998
f 3998 4043 4044
f 3998 4044 3999
f 3999 4044 4045
f 3999 4045 4000
f 4000 4045 4046
f 4000 4046 4001
f 4001 4046 4047
f 4001 4047 4002
f 4002 4047 4048
f 4002 4048 4003
f 4003 4048 4049
f 4003 4049 4004
f 4004 4049 4050
f 4004 4050 48
f 4005 1 4051
f 4005 4051 4006
f 4006 4051 4052
f 4006 4052 4007
f 4007 4052 4053
f 4007 4053 4008
f 4008 4053 4054
f 4008 4054 4009
f 4009 4054 4055
f 4009 4055 4010
f 4010 4055 4056
f 4010 4056 4011
f 4011 4056 4057
f 4011 4057 4012
f 4012 4057 4058
f 4012 4058 4013
f 4013 4058 4059
f 4013 4059 4014
f 4014 4059 4060
f 4014 4060 4015
f 4015 4060 4061
f 4015 4061 4016
f 4016 4061 4062
f 4016 4062 4017
f 4017 4062 4063
f 4017 4063 4018
f 4018 4063 4064
f 4018 4064 4019
f 4019 4064 4065
f 4019 4065 4020
f 4020 4065 4066
f 4020 4066 4021
f 4021 4066 4067
f 4021 4067 4022
f 4022 4067 4068
f 4022 4068 4023
f 4023 4068 4069
f 4023 4069 4024
f 4024 4069 4070
f 4024 4070 4025
f 4025 4070 4071
f 4025 4071 4026
f 4026 4071 4072
f 4026 4072 4027
f 4027 4072 4073
f 4027 4073 4028
f 4028 4073 4074
f 4028 4074 4029
f 4029 4074 4075
f 4029 4075 4030
f 4030 4075 4076
f 4030 4076 4031
f 4031 4076 4077
f 4031 4077 4032
f 4032 4077 4078
f 4032 4078 4033
f 4033 4078 4079
f 4033 4079 4034
f 4034 4079 4080
f 4034 4080 4035
f 4035 4080 4081
f 4035 4081 4036
f 4036 4081 4082
f 4036 4082 4037
f 4037 4082 4083
f 4037 4083 4038
f 4038 4083 4084
f 4038 4084 4039
f 4039 4084 4085
f 4039 4085 4040
f 4040 4085 4086
f 4040 4086 4041
f 4041 4086 4087
f 4041 4087 4042
f 4042 4087 4088
f 4042 4088 4043
f 4043 4088 4089
f 4043 4089 4044
f 4044 4089 4090
f 4044 4090 4045
f 4045 4090 4091
f 4045 4091 4046
f 4046 4091 4092
f 4046 4092 4047
f 4047 4092 4093
f 4047 4093 4048
f 4048 4093 4094
f 4048 4094 4049
f 4049 4094 4095
f 4049 4095 4050
f 4050 4095 4096
f 4050 4096 48
f 4051 1 4097
f 4051 4097 4052
f 4052 4097 4098
f 4052 4098 4053
f 4053 4098 4099
f 4053 4099 4054
f 4054 4099 4100
f 4054 4100 4055
f 4055 4100 4101
f 4055 4101 4056
f 4056 4101 4102
f 4056 4102 4057
f 4057 4102 4103
f 4057 4103 4058
f 4058 4103 4104
f 4058 4104 4059
f 4059 4104 4105
f 4059 4105 4060
f 4060 4105 4106
f 4060 4106 4061
f 4061 4106 4107
f 4061 4107 4062
f 4062 4107 4108
f 4062 4108 4063
f 4063 4108 4109
f 4063 4109 4064
f 4064 4109 4110
f 4064 4110 4065
f 4065 4110 4111
f 4065 4111 4066
f 4066 4111 4112
f 4066 4112 4067
f 4067 4112 4113
f 4067 4113 4068
f 4068 4113 4114
f 4068 4114 4069
f 4069 4114 4115
f 4069 4115 4070
f 4070 4115 4116
f 4070 4116 4071
f 4071 4116 4117
f 4071 4117 4072
f 4072 4117 4118
f 4072 4118 4073
f 4073 4118 4119
f 4073 4119 4074
f 4074 4119 4120
f 4074 4120 4075
f 4075 4120 4121
f 4075 4121 4076
f 4076 4121 4122
f 4076 4122 4077
f 4077 4122 4123
f 4077 4123 4078
f 4078 4123 4124
f 4078 4124 4079
f 4079 4124 4125
f 4079 4125 4080
f 4080 4125 4126
f 4080 4126 4081
f 4081 4126 4127
f 4081 4127 4082
f 4082 4127 4128
f 4082 4128 4083
f 4083 4128 4129
f 4083 4129 4084
f 4084 4129 4130
f 4084 4130 4085
f 4085 4130 4131
f 4085 4131 4086
f 4086 4131 4132
f 4086 4132 4087
f 4087 4132 4133
f 4087 4133 4088
f 4088 4133 4134
f 4088 4134 4089
f 4089 4134 4135
f 4089 4135 4090
f 4090 4135 4136
f 4090 4136 4091
f 4091 4136 4137
f 4091 4137 4092
f 4092 4137 4138
f 4092 4138 4093
f 4093 4138 4139
f 4093 4139 4094
f 4094 4139 4140
f 4094 4140 4095
f 4095 4140 4141
f 4095 4141 4096
f 4096 4141 4142
f 4096 4142 48
f 4097 1 4143
f 4097 4143 4098
f 4098 4143 4144
f 4098 4144 4099
f 4099 4144 4145
f 4099 4145 4100
f 4100 4145 4146
f 4100 4146 4101
f 4101 4146 4147
f 4101 4147 4102
f 4102 4147 4148
f 4102 4148 4103
f 4103 4148 4149
f 4103 4149 4104
f 4104 4149 4150
f 4104 4150 4105
f 4105 4150 4151
f 4105 4151 4106
f 4106 4151 4152
f 4106 4152 4107
f 4107 4152 4153
f 4107 4153 4108
f 4108 4153 4154
f 4108 4154 4109
f 4109 4154 4155
f 4109 4155 4110
f 4110 4155 4156
f 4110 4156 4111
f 4111 4156 4157
f 4111 4157 4112
f 4112 4157 4158
f 4112 4158 4113
f 4113 4158 4159
f 4113 4159 4114
f 4114 4159 4160
f 4114 4160 4115
f 4115 4160 4161
f 4115 4161 4116
f 4116 4161 4162
f 4116 4162 4117
f 4117 4162 4163
f 4117 4163 4118
f 4118 4163 4164
f 4118 4164 4119
f 4119 4164 4165
f 4119 4165 4120
f 4120 4165 4166
f 4120 4166 4121
f 4121 4166 4167
f 4121 4167 4122
f 4122 4167 4168
f 4122 4168 4123
f 4123 4168 4169
f 4123 4169 4124
f 4124 4169 4170
f 4124 4170 4125
f 4125 4170 4171
f 4125 4171 4126
f 4126 4171 4172
f 4126 4172 4127
f 4127 4172 4173
f 4127 4173 4128
f 4128 4173 4174
f 4128 4174 4129
f 4129 4174 4175
f 4129 4175 4130
f 4130 4175 4176
f 4130 4176 4131
f 4131 4176 4177
f 4131 4177 4132
f 4132 4177 4178
f 4132 4178 4133
f 4133 4178 4179
f 4133 4179 4134
f 4134 4179 4180
f 4134 4180 4135
f 4135 4180 4181
f 4135 4181 4136
f 4136 4181 4182
f 4136 4182 4137
f 4137 4182 4183
f 4137 4183 4138
f 4138 4183 4184
f 4138 4184 4139
f 4139 4184 4185
f 4139 4185 4140
f 4140 4185 4186
f 4140 4186 4141
f 4141 4186 4187
f 4141 4187 4142
f 4142 4187 4188
f 4142 4188 48
f 4143 1 4189
f 4143 4189 4144
f 4144 4189 4190
f 4144 4190 4145
f 4145 4190 4191
f 4145 4191 4146
f 4146 4191 4192
f 4146 4192 4147
f 4147 4192 4193
f 4147 4193 4148
f 4148 4193 4194
f 4148 4194 4149
f 4149 4194 4195
f 4149 4195 4150
f 4150 4195 4196
f 4150 4196 4151
f 4151 4196 4197
f 4151 4197 4152
f 4152 4197 4198
f 4152 4198 4153
f 4153 4198 4199
f 4153 4199 4154
f 4154 4199 4200
f 4154 4200 4155
f 4155 4200 4201
f 4155 4201 4156
f 4156 4201 4202
f 4156 4202 4157
f 4157 4202 4203
f 4157 4203 4158
f 4158 4203 4204
f 4158 4204 4159
f 4159 4204 4205
f 4159 4205 4160
f 4160 4205 4206
f 4160 4206 4161
f 4161 4206 4207
f 4161 4207 4162
f 4162 4207 4208
f 4162 4208 4163
f 4163 4208 4209
f 4163 4209 4164
f 4164 4209 4210
f 4164 4210 4165
f 4165 4210 4211
f 4165 4211 4166
f 4166 4211 4212
f 4166 4212 4167
f 4167 4212 4213
f 4167 4213 4168
f 4168 4213 4214
f 4168 4214 4169
f 4169 4214 4215
f 4169 4215 4170
f 4170 4215 4216
f 4170 4216 4171
f 4171 4216 4217
f 4171 4217 4172
f 4172 4217 4218
f 4172 4218 4173
f 4173 4218 4219
f 4173 4219 4174
f 4174 4219 4220
f 4174 4220 4175
f 4175 4220 4221
f 4175 4221 4176
f 4176 4221 4222
f 4176 4222 4177
f 4177 4222 4223
f 4177 4223 4178
f 4178 4223 4224
f 4178 4224 4179
f 4179 4224 4225
f 4179 4225 4180
f 4180 4225 4226
f 4180 4226 4181
f 4181 4226 4227
f 4181 4227 4182
f 4182 4227 4228
f 4182 4228 4183
f 4183 4228 4229
f 4183 4229 4184
f 4184 4229 4230
f 4184 4230 4185
f 4185 4230 4231
f 4185 4231 4186
f 4186 4231 4232
f 4186 4232 4187
f 4187 4232 4233
f 4187 4233 4188
f 4188 4233 4234
f 4188 4234 48
f 4189 1 4235
f 4189 4235 4190
f 4190 4235 4236
f 4190 4236 4191
f 4191 4236 4237
f 4191 4237 4192
f 4192 4237 4238
f 4192 4238 4193
f 4193 4238 4239
f 4193 4239 4194
f 4194 4239 4240
f 4194 4240 4195
f 4195 4240 4241
f 4195 4241 4196
f 4196 4241 4242
f 4196 4242 4197
f 4197 4242 4243
f 4197 4243 4198
f 4198 4243 4244
f 4198 4244 4199
f 4199 4244 4245
f 4199 4245 4200
f 4200 4245 4246
f 4200 4246 4201
f 4201 4246 4247
f 4201 4247 4202
f 4202 4247 4248
f 4202 4248 4203
f 4203 4248 4249
f 4203 4249 4204
f 4204 4249 4250
f 4204 4250 4205
f 4205 4250 4251
f 4205 4251 4206
f 4206 4251 4252
f 4206 4252 4207
f 4207 4252 4253
f 4207 4253 4208
f 4208 4253 4254
f 4208 4254 4209
f 4209 4254 4255
f 4209 4255 4210
f 4210 4255 4256
f 4210 4256 4211
f 4211 4256 4257
f 4211 4257 4212
f 4212 4257 4258
f 4212 4258 4213
f 4213 4258 4259
f 4213 4259 4214
f 4214 4259 4260
f 4214 4260 4215
f 4215 4260 4261
f 4215 4261 4216
f 4216 4261 4262
f 4216 4262 4217
f 4217 4262 4263
f 4217 4263 4218
f 4218 4263 4264
f 4218 4264 4219
f 4219 4264 4265
f 4219 4265 4220
f 4220 4265 4266
f 4220 4266 4221
f 4221 4266 4267
f 4221 4267 4222
f 4222 4267 4268
f 4222 4268 4223
f 4223 4268 4269
f 4223 4269 4224
f 4224 4269 4270
f 4224 4270 4225
f 4225 4270 4271
f 4225 4271 4226
f 4226 4271 4272
f 4226 4272 4227
f 4227 4272 4273
f 4227 4273 4228
f 4228 4273 4274
f 4228 4274 4229
f 4229 4274 4275
f 4229 4275 4230
f 4230 4275 4276
f 4230 4276 4231
f 4231 4276 4277
f 4231 4277 4232
f 4232 4277 4278
f 4232 4278 4233
f 4233 4278 4279
f 4233 4279 4234
f 4234 4279 4280
f 4234 4280 48
f 4235 1 4281
f 4235 4281 4236
f 4236 4281 4282
f 4236 4282 4237
f 4237 4282 4283
f 4237 4283 4238
f 4238 4283 4284
f 4238 4284 4239
f 4239 4284 4285
f 4239 4285 4240
f 4240 4285 4286
f 4240 4286 4241
f 4241 4286 4287
f 4241 4287 4242
f 4242 4287 4288
f 4242 4288 4243
f 4243 4288 4289
f 4243 4289 4244
f 4244 4289 4290
f 4244 4290 4245
f 4245 4290 4291
f 4245 4291 4246
f 4246 4291 4292
f 4246 4292 4247
f 4247 4292 4293
f 4247 4293 4248
f 4248 4293 4294
f 4248 4294 4249
f 4249 4294 4295
f 4249 4295 4250
f 4250 4295 4296
f 4250 4296 4251
f 4251 4296 4297
f 4251 4297 4252
f 4252 4297 4298
f 4252 4298 4253
f 4253 4298 4299
f 4253 4299 4254
f 4254 4299 4300
f 4254 4300 4255
f 4255 4300 4301
f 4255 4301 4256
f 4256 4301 4302
f 4256 4302 4257
f 4257 4302 4303
f 4257 4303 4258
f 4258 4303 4304
f 4258 4304 4259
f 4259 4304 4305
f 4259 4305 4260
f 4260 4305 4306
f 4260 4306 4261
f 4261 4306 4307
f 4261 4307 4262
f 4262 4307 4308
f 4262 4308 4263
f 4263 4308 4309
f 4263 4309 4264
f 4264 4309 4310
f 4264 4310 4265
f 4265 4310 4311
f 4265 4311 4266
f 4266 4311 4312
f 4266 4312 4267
f 4267 4312 4313
f 4267 4313 4268
f 4268 4313 4314
f 4268 4314 4269
f 4269 4314 4315
f 4269 4315 4270
f 4270 4315 4316
f 4270 4316 4271
f 4271 4316 4317
f 4271 4317 4272
f 4272 4317 4318
f 4272 4318 4273
f 4273 4318 4319
f 4273 4319 4274
f 4274 4319 4320
f 4274 4320 4275
f 4275 4320 4321
f 4275 4321 4276
f 4276 4321 4322
f 4276 4322 4277
f 4277 4322 4323
f 4277 4323 4278
f 4278 4323 4324
f 4278 4324 4279
f 4279 4324 4325
f 4279 4325 4280
f 4280 4325 4326
f 4280 4326 48
f 4281 1 4327
f 4281 4327 4282
f 4282 4327 4328
f 4282 4328 4283
f 4283 4328 4329
f 4283 4329 4284
f 4284 4329 4330
f 4284 4330 4285
f 4285 4330 4331
f 4285 4331 4286
f 4286 4331 4332
f 4286 4332 4287
f 4287 4332 4333
f 4287 4333 4288
f 4288 4333 4334
f 4288 4334 4289
f 4289 4334 4335
f 4289 4335 4290
f 4290 4335 4336
f 4290 4336 4291
f 4291 4336 4337
f 4291 4337 4292
f 4292 4337 4338
f 4292 4338 4293
f 4293 4338 4339
f 4293 4339 4294
f 4294 4339 4340
f 4294 4340 4295
f 4295 4340 4341
f 4295 4341 4296
f 4296 4341 4342
f 4296 4342 4297
f 4297 4342 4343
f 4297 4343 4298
f 4298 4343 4344
f 4298 4344 4299
f 4299 4344 4345
f 4299 4345 4300
f 4300 4345 4346
f 4300 4346 4301
f 4301 4346 4347
f 4301 4347 4302
f 4302 4347 4348
f 4302 4348 4303
f 4303 4348 4349
f 4303 4349 4304
f 4304 4349 4350
f 4304 4350 4305
f 4305 4350 4351
f 4305 4351 4306
f 4306 4351 4352
f 4306 4352 4307
f 4307 4352 4353
f 4307 4353 4308
f 4308 4353 4354
f 4308 4354 4309
f 4309 4354 4355
f 4309 4355 4310
f 4310 4355 4356
f 4310 4356 4311
f 4311 4356 4357
f 4311 4357 4312
f 4312 4357 4358
f 4312 4358 4313
f 4313 4358 4359
f 4313 4359 4314
f 4314 4359 4360
f 4314 4360 4315
f 4315 4360 4361
f 4315 4361 4316
f 4316 4361 4362
f 4316 4362 4317
f 4317 4362 4363
f 4317 4363 4318
f 4318 4363 4364
f 4318 4364 4319
f 4319 4364 4365
f 4319 4365 4320
f 4320 4365 4366
f 4320 4366 4321
f 4321 4366 4367
f 4321 4367 4322
f 4322 4367 4368
f 4322 4368 4323
f 4323 4368 4369
f 4323 4369 4324
f 4324 4369 4370
f 4324 4370 4325
f 4325 4370 4371
f 4325 4371 4326
f 4326 4371 4372
f 4326 4372 48
f 4327 1 4373
f 4327 4373 4328
f 4328 4373 4374
f 4328 4374 4329
f 4329 4374 4375
f 4329 4375 4330
f 4330 4375 4376
f 4330 4376 4331
f 4331 4376 4377
f 4331 4377 4332
f 4332 4377 4378
f 4332 4378 4333
f 4333 4378 4379
f 4333 4379 4334
f 4334 4379 4380
f 4334 4380 4335
f 4335 4380 4381
f 4335 4381 4336
f 4336 4381 4382
f 4336 4382 4337
f 4337 4382 4383
f 4337 4383 4338
f 4338 4383 4384
f 4338 4384 4339
f 4339 4384 4385
f 4339 4385 4340
f 4340 4385 4386
f 4340 4386 4341
f 4341 4386 4387
f 4341 4387 4342
f 4342 4387 4388
f 4342 4388 4343
f 4343 4388 4389
f 4343 4389 4344
f 4344 4389 4390
f 4344 4390 4345
f 4345 4390 4391
f 4345 4391 4346
f 4346 4391 4392
f 4346 4392 4347
f 4347 4392 4393
f 4347 4393 4348
f 4348 4393 4394
f 4348 4394 4349
f 4349 4394 4395
f 4349 4395 4350
f 4350 4395 4396
f 4350 4396 4351
f 4351 4396 4397
f 4351 4397 4352
f 4352 4397 4398
f 4352 4398 4353
f 4353 4398 4399
f 4353 4399 4354
f 4354 4399 4400
f 4354 4400 4355
f 4355 4400 4401
f 4355 4401 4356
f 4356 4401 4402
f 4356 4402 4357
f 4357 4402 4403
f 4357 4403 4358
f 4358 4403 4404
f 4358 4404 4359
f 4359 4404 4405
f 4359 4405 4360
f 4360 4405 4406
f 4360 4406 4361
f 4361 4406 4407
f 4361 4407 4362
f 4362 4407 4408
f 4362 4408 4363
f 4363 4408 4409
f 4363 4409 4364
f 4364 4409 4410
f 4364 4410 4365
f 4365 4410 4411
f 4365 4411 4366
f 4366 4411 4412
f 4366 4412 4367
f 4367 4412 4413
f 4367 4413 4368
f 4368 4413 4414
f 4368 4414 4369
f 4369 4414 4415
f 4369 4415 4370
f 4370 4415 4416
f 4370 4416 4371
f 4371 4416 4417
f 4371 4417 4372
f 4372 4417 4418
f 4372 4418 48
f 4373 1 2
f 4373 2 4374
f 4374 2 3
f 4374 3 4375
f 4375 3 4
f 4375 4 4376
f 4376 4 5
f 4376 5 4377
f 4377 5 6
f 4377 6 4378
f 4378 6 7
f 4378 7 4379
f 4379 7 8
f 4379 8 4380
f 4380 8 9
f 4380 9 4381
f 4381 9 10
f 4381 10 4382
f 4382 10 11
f 4382 11 4383
f 4383 11 12
f 4383 12 4384
f 4384 12 13
f 4384 13 4385
f 4385 13 14
f 4385 14 4386
f 4386 14 15
f 4386 15 4387
f 4387 15 16
f 4387 16 4388
f 4388 16 17
f 4388 17 4389
f 4389 17 18
f 4389 18 4390
f 4390 18 19
f 4390 19 4391
f 4391 19 20
f 4391 20 4392
f 4392 20 21
f 4392 21 4393
f 4393 21 22
f 4393 22 4394
f 4394 22 23
f 4394 23 4395
f 4395 23 24
f 4395 24 4396
f 4396 24 25
f 4396 25 4397
f 4397 25 26
f 4397 26 4398
f 4398 26 27
f 4398 27 4399
f 4399 27 28
f 4399 28 4400
f 4400 28 29
f 4400 29 4401
f 4401 29 30
f 4401 30 4402
f 4402 30 31
f 4402 31 4403
f 4403 31 32
f 4403 32 4404
f 4404 32 33
f 4404 33 4405
f 4405 33 34
f 4405 34 4406
f 4406 34 35
f 4406 35 4407
f 4407 35 36
f 4407 36 4408
f 4408 36 37
f 4408 37 4409
f 4409 37 38
f 4409 38 4410
f 4410 38 39
f 4410 39 4411
f 4411 39 40
f 4411 40 4412
f 4412 40 41
f 4412 41 4413
f 4413 41 42
f 4413 42 4414
f 4414 42 43
f 4414 43 4415
f 4415 43 44
f 4415 44 4416
f 4416 44 45
f 4416 45 4417
f 4417 45 46
f 4417 46 4418
f 4418 46 47
f 4418 47 48

