<?xml version="1.0" encoding="UTF-8"?>
<osm version="0.6" generator="GetSampleData.com">
  <node id="1" lat="37.422" lon="-122.084"><tag k="name" v="Location 0"/></node>
  <node id="2" lat="37.422" lon="-122.074"><tag k="name" v="Location 1"/></node>
  <node id="3" lat="37.422" lon="-122.06400000000001"><tag k="name" v="Location 2"/></node>
  <node id="4" lat="37.422" lon="-122.054"><tag k="name" v="Location 3"/></node>
  <node id="5" lat="37.422" lon="-122.044"><tag k="name" v="Location 4"/></node>
  <node id="6" lat="37.422" lon="-122.034"><tag k="name" v="Location 5"/></node>
  <node id="7" lat="37.422" lon="-122.024"><tag k="name" v="Location 6"/></node>
  <node id="8" lat="37.422" lon="-122.01400000000001"><tag k="name" v="Location 7"/></node>
  <node id="9" lat="37.422" lon="-122.004"><tag k="name" v="Location 8"/></node>
  <node id="10" lat="37.422" lon="-121.994"><tag k="name" v="Location 9"/></node>
  <node id="11" lat="37.422" lon="-121.98400000000001"><tag k="name" v="Location 10"/></node>
  <node id="12" lat="37.422" lon="-121.974"><tag k="name" v="Location 11"/></node>
  <node id="13" lat="37.422" lon="-121.964"><tag k="name" v="Location 12"/></node>
  <node id="14" lat="37.422" lon="-121.95400000000001"><tag k="name" v="Location 13"/></node>
  <node id="15" lat="37.422" lon="-121.944"><tag k="name" v="Location 14"/></node>
  <node id="16" lat="37.422" lon="-121.934"><tag k="name" v="Location 15"/></node>
  <node id="17" lat="37.422" lon="-121.924"><tag k="name" v="Location 16"/></node>
  <node id="18" lat="37.422" lon="-121.914"><tag k="name" v="Location 17"/></node>
  <node id="19" lat="37.422" lon="-121.904"><tag k="name" v="Location 18"/></node>
  <node id="20" lat="37.422" lon="-121.894"><tag k="name" v="Location 19"/></node>
  <node id="21" lat="37.422" lon="-121.884"><tag k="name" v="Location 20"/></node>
  <node id="22" lat="37.422" lon="-121.87400000000001"><tag k="name" v="Location 21"/></node>
  <node id="23" lat="37.422" lon="-121.864"><tag k="name" v="Location 22"/></node>
  <node id="24" lat="37.422" lon="-121.854"><tag k="name" v="Location 23"/></node>
  <node id="25" lat="37.422" lon="-121.84400000000001"><tag k="name" v="Location 24"/></node>
  <node id="26" lat="37.422" lon="-121.834"><tag k="name" v="Location 25"/></node>
  <node id="27" lat="37.422" lon="-121.824"><tag k="name" v="Location 26"/></node>
  <node id="28" lat="37.422" lon="-121.81400000000001"><tag k="name" v="Location 27"/></node>
  <node id="29" lat="37.422" lon="-121.804"><tag k="name" v="Location 28"/></node>
  <node id="30" lat="37.422" lon="-121.794"><tag k="name" v="Location 29"/></node>
  <node id="31" lat="37.422" lon="-121.784"><tag k="name" v="Location 30"/></node>
  <node id="32" lat="37.422" lon="-121.774"><tag k="name" v="Location 31"/></node>
  <node id="33" lat="37.422" lon="-121.76400000000001"><tag k="name" v="Location 32"/></node>
  <node id="34" lat="37.422" lon="-121.754"><tag k="name" v="Location 33"/></node>
  <node id="35" lat="37.422" lon="-121.744"><tag k="name" v="Location 34"/></node>
  <node id="36" lat="37.422" lon="-121.73400000000001"><tag k="name" v="Location 35"/></node>
  <node id="37" lat="37.422" lon="-121.724"><tag k="name" v="Location 36"/></node>
  <node id="38" lat="37.422" lon="-121.714"><tag k="name" v="Location 37"/></node>
  <node id="39" lat="37.422" lon="-121.70400000000001"><tag k="name" v="Location 38"/></node>
  <node id="40" lat="37.422" lon="-121.694"><tag k="name" v="Location 39"/></node>
  <node id="41" lat="37.422" lon="-121.684"><tag k="name" v="Location 40"/></node>
  <node id="42" lat="37.422" lon="-121.674"><tag k="name" v="Location 41"/></node>
  <node id="43" lat="37.422" lon="-121.664"><tag k="name" v="Location 42"/></node>
  <node id="44" lat="37.422" lon="-121.654"><tag k="name" v="Location 43"/></node>
  <node id="45" lat="37.422" lon="-121.644"><tag k="name" v="Location 44"/></node>
  <node id="46" lat="37.422" lon="-121.634"><tag k="name" v="Location 45"/></node>
  <node id="47" lat="37.422" lon="-121.62400000000001"><tag k="name" v="Location 46"/></node>
  <node id="48" lat="37.422" lon="-121.614"><tag k="name" v="Location 47"/></node>
  <node id="49" lat="37.422" lon="-121.604"><tag k="name" v="Location 48"/></node>
  <node id="50" lat="37.422" lon="-121.59400000000001"><tag k="name" v="Location 49"/></node>
  <node id="51" lat="37.422" lon="-121.584"><tag k="name" v="Location 50"/></node>
  <node id="52" lat="37.422" lon="-121.574"><tag k="name" v="Location 51"/></node>
  <node id="53" lat="37.422" lon="-121.56400000000001"><tag k="name" v="Location 52"/></node>
  <node id="54" lat="37.422" lon="-121.554"><tag k="name" v="Location 53"/></node>
  <node id="55" lat="37.422" lon="-121.544"><tag k="name" v="Location 54"/></node>
  <node id="56" lat="37.422" lon="-121.534"><tag k="name" v="Location 55"/></node>
  <node id="57" lat="37.422" lon="-121.524"><tag k="name" v="Location 56"/></node>
  <node id="58" lat="37.422" lon="-121.51400000000001"><tag k="name" v="Location 57"/></node>
  <node id="59" lat="37.422" lon="-121.504"><tag k="name" v="Location 58"/></node>
  <node id="60" lat="37.422" lon="-121.494"><tag k="name" v="Location 59"/></node>
  <node id="61" lat="37.422" lon="-121.48400000000001"><tag k="name" v="Location 60"/></node>
  <node id="62" lat="37.422" lon="-121.474"><tag k="name" v="Location 61"/></node>
  <node id="63" lat="37.422" lon="-121.464"><tag k="name" v="Location 62"/></node>
  <node id="64" lat="37.422" lon="-121.45400000000001"><tag k="name" v="Location 63"/></node>
  <node id="65" lat="37.422" lon="-121.444"><tag k="name" v="Location 64"/></node>
  <node id="66" lat="37.422" lon="-121.434"><tag k="name" v="Location 65"/></node>
  <node id="67" lat="37.422" lon="-121.424"><tag k="name" v="Location 66"/></node>
  <node id="68" lat="37.422" lon="-121.414"><tag k="name" v="Location 67"/></node>
  <node id="69" lat="37.422" lon="-121.404"><tag k="name" v="Location 68"/></node>
  <node id="70" lat="37.422" lon="-121.394"><tag k="name" v="Location 69"/></node>
  <node id="71" lat="37.422" lon="-121.384"><tag k="name" v="Location 70"/></node>
  <node id="72" lat="37.422" lon="-121.37400000000001"><tag k="name" v="Location 71"/></node>
  <node id="73" lat="37.422" lon="-121.364"><tag k="name" v="Location 72"/></node>
  <node id="74" lat="37.422" lon="-121.354"><tag k="name" v="Location 73"/></node>
  <node id="75" lat="37.422" lon="-121.34400000000001"><tag k="name" v="Location 74"/></node>
  <node id="76" lat="37.422" lon="-121.334"><tag k="name" v="Location 75"/></node>
  <node id="77" lat="37.422" lon="-121.324"><tag k="name" v="Location 76"/></node>
  <node id="78" lat="37.422" lon="-121.31400000000001"><tag k="name" v="Location 77"/></node>
  <node id="79" lat="37.422" lon="-121.304"><tag k="name" v="Location 78"/></node>
  <node id="80" lat="37.422" lon="-121.294"><tag k="name" v="Location 79"/></node>
  <node id="81" lat="37.422" lon="-121.284"><tag k="name" v="Location 80"/></node>
  <node id="82" lat="37.422" lon="-121.274"><tag k="name" v="Location 81"/></node>
  <node id="83" lat="37.422" lon="-121.26400000000001"><tag k="name" v="Location 82"/></node>
  <node id="84" lat="37.422" lon="-121.254"><tag k="name" v="Location 83"/></node>
  <node id="85" lat="37.422" lon="-121.244"><tag k="name" v="Location 84"/></node>
  <node id="86" lat="37.422" lon="-121.23400000000001"><tag k="name" v="Location 85"/></node>
  <node id="87" lat="37.422" lon="-121.224"><tag k="name" v="Location 86"/></node>
  <node id="88" lat="37.422" lon="-121.214"><tag k="name" v="Location 87"/></node>
  <node id="89" lat="37.422" lon="-121.20400000000001"><tag k="name" v="Location 88"/></node>
  <node id="90" lat="37.422" lon="-121.194"><tag k="name" v="Location 89"/></node>
  <node id="91" lat="37.422" lon="-121.184"><tag k="name" v="Location 90"/></node>
  <node id="92" lat="37.422" lon="-121.174"><tag k="name" v="Location 91"/></node>
  <node id="93" lat="37.422" lon="-121.164"><tag k="name" v="Location 92"/></node>
  <node id="94" lat="37.422" lon="-121.154"><tag k="name" v="Location 93"/></node>
  <node id="95" lat="37.422" lon="-121.144"><tag k="name" v="Location 94"/></node>
  <node id="96" lat="37.422" lon="-121.134"><tag k="name" v="Location 95"/></node>
  <node id="97" lat="37.422" lon="-121.12400000000001"><tag k="name" v="Location 96"/></node>
  <node id="98" lat="37.422" lon="-121.114"><tag k="name" v="Location 97"/></node>
  <node id="99" lat="37.422" lon="-121.104"><tag k="name" v="Location 98"/></node>
  <node id="100" lat="37.422" lon="-121.09400000000001"><tag k="name" v="Location 99"/></node>
  <node id="101" lat="37.431999999999995" lon="-122.084"><tag k="name" v="Location 100"/></node>
  <node id="102" lat="37.431999999999995" lon="-122.074"><tag k="name" v="Location 101"/></node>
  <node id="103" lat="37.431999999999995" lon="-122.06400000000001"><tag k="name" v="Location 102"/></node>
  <node id="104" lat="37.431999999999995" lon="-122.054"><tag k="name" v="Location 103"/></node>
  <node id="105" lat="37.431999999999995" lon="-122.044"><tag k="name" v="Location 104"/></node>
  <node id="106" lat="37.431999999999995" lon="-122.034"><tag k="name" v="Location 105"/></node>
  <node id="107" lat="37.431999999999995" lon="-122.024"><tag k="name" v="Location 106"/></node>
  <node id="108" lat="37.431999999999995" lon="-122.01400000000001"><tag k="name" v="Location 107"/></node>
  <node id="109" lat="37.431999999999995" lon="-122.004"><tag k="name" v="Location 108"/></node>
  <node id="110" lat="37.431999999999995" lon="-121.994"><tag k="name" v="Location 109"/></node>
  <node id="111" lat="37.431999999999995" lon="-121.98400000000001"><tag k="name" v="Location 110"/></node>
  <node id="112" lat="37.431999999999995" lon="-121.974"><tag k="name" v="Location 111"/></node>
  <node id="113" lat="37.431999999999995" lon="-121.964"><tag k="name" v="Location 112"/></node>
  <node id="114" lat="37.431999999999995" lon="-121.95400000000001"><tag k="name" v="Location 113"/></node>
  <node id="115" lat="37.431999999999995" lon="-121.944"><tag k="name" v="Location 114"/></node>
  <node id="116" lat="37.431999999999995" lon="-121.934"><tag k="name" v="Location 115"/></node>
  <node id="117" lat="37.431999999999995" lon="-121.924"><tag k="name" v="Location 116"/></node>
  <node id="118" lat="37.431999999999995" lon="-121.914"><tag k="name" v="Location 117"/></node>
  <node id="119" lat="37.431999999999995" lon="-121.904"><tag k="name" v="Location 118"/></node>
  <node id="120" lat="37.431999999999995" lon="-121.894"><tag k="name" v="Location 119"/></node>
  <node id="121" lat="37.431999999999995" lon="-121.884"><tag k="name" v="Location 120"/></node>
  <node id="122" lat="37.431999999999995" lon="-121.87400000000001"><tag k="name" v="Location 121"/></node>
  <node id="123" lat="37.431999999999995" lon="-121.864"><tag k="name" v="Location 122"/></node>
  <node id="124" lat="37.431999999999995" lon="-121.854"><tag k="name" v="Location 123"/></node>
  <node id="125" lat="37.431999999999995" lon="-121.84400000000001"><tag k="name" v="Location 124"/></node>
  <node id="126" lat="37.431999999999995" lon="-121.834"><tag k="name" v="Location 125"/></node>
  <node id="127" lat="37.431999999999995" lon="-121.824"><tag k="name" v="Location 126"/></node>
  <node id="128" lat="37.431999999999995" lon="-121.81400000000001"><tag k="name" v="Location 127"/></node>
  <node id="129" lat="37.431999999999995" lon="-121.804"><tag k="name" v="Location 128"/></node>
  <node id="130" lat="37.431999999999995" lon="-121.794"><tag k="name" v="Location 129"/></node>
  <node id="131" lat="37.431999999999995" lon="-121.784"><tag k="name" v="Location 130"/></node>
  <node id="132" lat="37.431999999999995" lon="-121.774"><tag k="name" v="Location 131"/></node>
  <node id="133" lat="37.431999999999995" lon="-121.76400000000001"><tag k="name" v="Location 132"/></node>
  <node id="134" lat="37.431999999999995" lon="-121.754"><tag k="name" v="Location 133"/></node>
  <node id="135" lat="37.431999999999995" lon="-121.744"><tag k="name" v="Location 134"/></node>
  <node id="136" lat="37.431999999999995" lon="-121.73400000000001"><tag k="name" v="Location 135"/></node>
  <node id="137" lat="37.431999999999995" lon="-121.724"><tag k="name" v="Location 136"/></node>
  <node id="138" lat="37.431999999999995" lon="-121.714"><tag k="name" v="Location 137"/></node>
  <node id="139" lat="37.431999999999995" lon="-121.70400000000001"><tag k="name" v="Location 138"/></node>
  <node id="140" lat="37.431999999999995" lon="-121.694"><tag k="name" v="Location 139"/></node>
  <node id="141" lat="37.431999999999995" lon="-121.684"><tag k="name" v="Location 140"/></node>
  <node id="142" lat="37.431999999999995" lon="-121.674"><tag k="name" v="Location 141"/></node>
  <node id="143" lat="37.431999999999995" lon="-121.664"><tag k="name" v="Location 142"/></node>
  <node id="144" lat="37.431999999999995" lon="-121.654"><tag k="name" v="Location 143"/></node>
  <node id="145" lat="37.431999999999995" lon="-121.644"><tag k="name" v="Location 144"/></node>
  <node id="146" lat="37.431999999999995" lon="-121.634"><tag k="name" v="Location 145"/></node>
  <node id="147" lat="37.431999999999995" lon="-121.62400000000001"><tag k="name" v="Location 146"/></node>
  <node id="148" lat="37.431999999999995" lon="-121.614"><tag k="name" v="Location 147"/></node>
  <node id="149" lat="37.431999999999995" lon="-121.604"><tag k="name" v="Location 148"/></node>
  <node id="150" lat="37.431999999999995" lon="-121.59400000000001"><tag k="name" v="Location 149"/></node>
  <node id="151" lat="37.431999999999995" lon="-121.584"><tag k="name" v="Location 150"/></node>
  <node id="152" lat="37.431999999999995" lon="-121.574"><tag k="name" v="Location 151"/></node>
  <node id="153" lat="37.431999999999995" lon="-121.56400000000001"><tag k="name" v="Location 152"/></node>
  <node id="154" lat="37.431999999999995" lon="-121.554"><tag k="name" v="Location 153"/></node>
  <node id="155" lat="37.431999999999995" lon="-121.544"><tag k="name" v="Location 154"/></node>
  <node id="156" lat="37.431999999999995" lon="-121.534"><tag k="name" v="Location 155"/></node>
  <node id="157" lat="37.431999999999995" lon="-121.524"><tag k="name" v="Location 156"/></node>
  <node id="158" lat="37.431999999999995" lon="-121.51400000000001"><tag k="name" v="Location 157"/></node>
  <node id="159" lat="37.431999999999995" lon="-121.504"><tag k="name" v="Location 158"/></node>
  <node id="160" lat="37.431999999999995" lon="-121.494"><tag k="name" v="Location 159"/></node>
  <node id="161" lat="37.431999999999995" lon="-121.48400000000001"><tag k="name" v="Location 160"/></node>
  <node id="162" lat="37.431999999999995" lon="-121.474"><tag k="name" v="Location 161"/></node>
  <node id="163" lat="37.431999999999995" lon="-121.464"><tag k="name" v="Location 162"/></node>
  <node id="164" lat="37.431999999999995" lon="-121.45400000000001"><tag k="name" v="Location 163"/></node>
  <node id="165" lat="37.431999999999995" lon="-121.444"><tag k="name" v="Location 164"/></node>
  <node id="166" lat="37.431999999999995" lon="-121.434"><tag k="name" v="Location 165"/></node>
  <node id="167" lat="37.431999999999995" lon="-121.424"><tag k="name" v="Location 166"/></node>
  <node id="168" lat="37.431999999999995" lon="-121.414"><tag k="name" v="Location 167"/></node>
  <node id="169" lat="37.431999999999995" lon="-121.404"><tag k="name" v="Location 168"/></node>
  <node id="170" lat="37.431999999999995" lon="-121.394"><tag k="name" v="Location 169"/></node>
  <node id="171" lat="37.431999999999995" lon="-121.384"><tag k="name" v="Location 170"/></node>
  <node id="172" lat="37.431999999999995" lon="-121.37400000000001"><tag k="name" v="Location 171"/></node>
  <node id="173" lat="37.431999999999995" lon="-121.364"><tag k="name" v="Location 172"/></node>
  <node id="174" lat="37.431999999999995" lon="-121.354"><tag k="name" v="Location 173"/></node>
  <node id="175" lat="37.431999999999995" lon="-121.34400000000001"><tag k="name" v="Location 174"/></node>
  <node id="176" lat="37.431999999999995" lon="-121.334"><tag k="name" v="Location 175"/></node>
  <node id="177" lat="37.431999999999995" lon="-121.324"><tag k="name" v="Location 176"/></node>
  <node id="178" lat="37.431999999999995" lon="-121.31400000000001"><tag k="name" v="Location 177"/></node>
  <node id="179" lat="37.431999999999995" lon="-121.304"><tag k="name" v="Location 178"/></node>
  <node id="180" lat="37.431999999999995" lon="-121.294"><tag k="name" v="Location 179"/></node>
  <node id="181" lat="37.431999999999995" lon="-121.284"><tag k="name" v="Location 180"/></node>
  <node id="182" lat="37.431999999999995" lon="-121.274"><tag k="name" v="Location 181"/></node>
  <node id="183" lat="37.431999999999995" lon="-121.26400000000001"><tag k="name" v="Location 182"/></node>
  <node id="184" lat="37.431999999999995" lon="-121.254"><tag k="name" v="Location 183"/></node>
  <node id="185" lat="37.431999999999995" lon="-121.244"><tag k="name" v="Location 184"/></node>
  <node id="186" lat="37.431999999999995" lon="-121.23400000000001"><tag k="name" v="Location 185"/></node>
  <node id="187" lat="37.431999999999995" lon="-121.224"><tag k="name" v="Location 186"/></node>
  <node id="188" lat="37.431999999999995" lon="-121.214"><tag k="name" v="Location 187"/></node>
  <node id="189" lat="37.431999999999995" lon="-121.20400000000001"><tag k="name" v="Location 188"/></node>
  <node id="190" lat="37.431999999999995" lon="-121.194"><tag k="name" v="Location 189"/></node>
  <node id="191" lat="37.431999999999995" lon="-121.184"><tag k="name" v="Location 190"/></node>
  <node id="192" lat="37.431999999999995" lon="-121.174"><tag k="name" v="Location 191"/></node>
  <node id="193" lat="37.431999999999995" lon="-121.164"><tag k="name" v="Location 192"/></node>
  <node id="194" lat="37.431999999999995" lon="-121.154"><tag k="name" v="Location 193"/></node>
  <node id="195" lat="37.431999999999995" lon="-121.144"><tag k="name" v="Location 194"/></node>
  <node id="196" lat="37.431999999999995" lon="-121.134"><tag k="name" v="Location 195"/></node>
  <node id="197" lat="37.431999999999995" lon="-121.12400000000001"><tag k="name" v="Location 196"/></node>
  <node id="198" lat="37.431999999999995" lon="-121.114"><tag k="name" v="Location 197"/></node>
  <node id="199" lat="37.431999999999995" lon="-121.104"><tag k="name" v="Location 198"/></node>
  <node id="200" lat="37.431999999999995" lon="-121.09400000000001"><tag k="name" v="Location 199"/></node>
  <node id="201" lat="37.442" lon="-122.084"><tag k="name" v="Location 200"/></node>
  <node id="202" lat="37.442" lon="-122.074"><tag k="name" v="Location 201"/></node>
  <node id="203" lat="37.442" lon="-122.06400000000001"><tag k="name" v="Location 202"/></node>
  <node id="204" lat="37.442" lon="-122.054"><tag k="name" v="Location 203"/></node>
  <node id="205" lat="37.442" lon="-122.044"><tag k="name" v="Location 204"/></node>
  <node id="206" lat="37.442" lon="-122.034"><tag k="name" v="Location 205"/></node>
  <node id="207" lat="37.442" lon="-122.024"><tag k="name" v="Location 206"/></node>
  <node id="208" lat="37.442" lon="-122.01400000000001"><tag k="name" v="Location 207"/></node>
  <node id="209" lat="37.442" lon="-122.004"><tag k="name" v="Location 208"/></node>
  <node id="210" lat="37.442" lon="-121.994"><tag k="name" v="Location 209"/></node>
  <node id="211" lat="37.442" lon="-121.98400000000001"><tag k="name" v="Location 210"/></node>
  <node id="212" lat="37.442" lon="-121.974"><tag k="name" v="Location 211"/></node>
  <node id="213" lat="37.442" lon="-121.964"><tag k="name" v="Location 212"/></node>
  <node id="214" lat="37.442" lon="-121.95400000000001"><tag k="name" v="Location 213"/></node>
  <node id="215" lat="37.442" lon="-121.944"><tag k="name" v="Location 214"/></node>
  <node id="216" lat="37.442" lon="-121.934"><tag k="name" v="Location 215"/></node>
  <node id="217" lat="37.442" lon="-121.924"><tag k="name" v="Location 216"/></node>
  <node id="218" lat="37.442" lon="-121.914"><tag k="name" v="Location 217"/></node>
  <node id="219" lat="37.442" lon="-121.904"><tag k="name" v="Location 218"/></node>
  <node id="220" lat="37.442" lon="-121.894"><tag k="name" v="Location 219"/></node>
  <node id="221" lat="37.442" lon="-121.884"><tag k="name" v="Location 220"/></node>
  <node id="222" lat="37.442" lon="-121.87400000000001"><tag k="name" v="Location 221"/></node>
  <node id="223" lat="37.442" lon="-121.864"><tag k="name" v="Location 222"/></node>
  <node id="224" lat="37.442" lon="-121.854"><tag k="name" v="Location 223"/></node>
  <node id="225" lat="37.442" lon="-121.84400000000001"><tag k="name" v="Location 224"/></node>
  <node id="226" lat="37.442" lon="-121.834"><tag k="name" v="Location 225"/></node>
  <node id="227" lat="37.442" lon="-121.824"><tag k="name" v="Location 226"/></node>
  <node id="228" lat="37.442" lon="-121.81400000000001"><tag k="name" v="Location 227"/></node>
  <node id="229" lat="37.442" lon="-121.804"><tag k="name" v="Location 228"/></node>
  <node id="230" lat="37.442" lon="-121.794"><tag k="name" v="Location 229"/></node>
  <node id="231" lat="37.442" lon="-121.784"><tag k="name" v="Location 230"/></node>
  <node id="232" lat="37.442" lon="-121.774"><tag k="name" v="Location 231"/></node>
  <node id="233" lat="37.442" lon="-121.76400000000001"><tag k="name" v="Location 232"/></node>
  <node id="234" lat="37.442" lon="-121.754"><tag k="name" v="Location 233"/></node>
  <node id="235" lat="37.442" lon="-121.744"><tag k="name" v="Location 234"/></node>
  <node id="236" lat="37.442" lon="-121.73400000000001"><tag k="name" v="Location 235"/></node>
  <node id="237" lat="37.442" lon="-121.724"><tag k="name" v="Location 236"/></node>
  <node id="238" lat="37.442" lon="-121.714"><tag k="name" v="Location 237"/></node>
  <node id="239" lat="37.442" lon="-121.70400000000001"><tag k="name" v="Location 238"/></node>
  <node id="240" lat="37.442" lon="-121.694"><tag k="name" v="Location 239"/></node>
  <node id="241" lat="37.442" lon="-121.684"><tag k="name" v="Location 240"/></node>
  <node id="242" lat="37.442" lon="-121.674"><tag k="name" v="Location 241"/></node>
  <node id="243" lat="37.442" lon="-121.664"><tag k="name" v="Location 242"/></node>
  <node id="244" lat="37.442" lon="-121.654"><tag k="name" v="Location 243"/></node>
  <node id="245" lat="37.442" lon="-121.644"><tag k="name" v="Location 244"/></node>
  <node id="246" lat="37.442" lon="-121.634"><tag k="name" v="Location 245"/></node>
  <node id="247" lat="37.442" lon="-121.62400000000001"><tag k="name" v="Location 246"/></node>
  <node id="248" lat="37.442" lon="-121.614"><tag k="name" v="Location 247"/></node>
  <node id="249" lat="37.442" lon="-121.604"><tag k="name" v="Location 248"/></node>
  <node id="250" lat="37.442" lon="-121.59400000000001"><tag k="name" v="Location 249"/></node>
  <node id="251" lat="37.442" lon="-121.584"><tag k="name" v="Location 250"/></node>
  <node id="252" lat="37.442" lon="-121.574"><tag k="name" v="Location 251"/></node>
  <node id="253" lat="37.442" lon="-121.56400000000001"><tag k="name" v="Location 252"/></node>
  <node id="254" lat="37.442" lon="-121.554"><tag k="name" v="Location 253"/></node>
  <node id="255" lat="37.442" lon="-121.544"><tag k="name" v="Location 254"/></node>
  <node id="256" lat="37.442" lon="-121.534"><tag k="name" v="Location 255"/></node>
  <node id="257" lat="37.442" lon="-121.524"><tag k="name" v="Location 256"/></node>
  <node id="258" lat="37.442" lon="-121.51400000000001"><tag k="name" v="Location 257"/></node>
  <node id="259" lat="37.442" lon="-121.504"><tag k="name" v="Location 258"/></node>
  <node id="260" lat="37.442" lon="-121.494"><tag k="name" v="Location 259"/></node>
  <node id="261" lat="37.442" lon="-121.48400000000001"><tag k="name" v="Location 260"/></node>
  <node id="262" lat="37.442" lon="-121.474"><tag k="name" v="Location 261"/></node>
  <node id="263" lat="37.442" lon="-121.464"><tag k="name" v="Location 262"/></node>
  <node id="264" lat="37.442" lon="-121.45400000000001"><tag k="name" v="Location 263"/></node>
  <node id="265" lat="37.442" lon="-121.444"><tag k="name" v="Location 264"/></node>
  <node id="266" lat="37.442" lon="-121.434"><tag k="name" v="Location 265"/></node>
  <node id="267" lat="37.442" lon="-121.424"><tag k="name" v="Location 266"/></node>
  <node id="268" lat="37.442" lon="-121.414"><tag k="name" v="Location 267"/></node>
  <node id="269" lat="37.442" lon="-121.404"><tag k="name" v="Location 268"/></node>
  <node id="270" lat="37.442" lon="-121.394"><tag k="name" v="Location 269"/></node>
  <node id="271" lat="37.442" lon="-121.384"><tag k="name" v="Location 270"/></node>
  <node id="272" lat="37.442" lon="-121.37400000000001"><tag k="name" v="Location 271"/></node>
  <node id="273" lat="37.442" lon="-121.364"><tag k="name" v="Location 272"/></node>
  <node id="274" lat="37.442" lon="-121.354"><tag k="name" v="Location 273"/></node>
  <node id="275" lat="37.442" lon="-121.34400000000001"><tag k="name" v="Location 274"/></node>
  <node id="276" lat="37.442" lon="-121.334"><tag k="name" v="Location 275"/></node>
  <node id="277" lat="37.442" lon="-121.324"><tag k="name" v="Location 276"/></node>
  <node id="278" lat="37.442" lon="-121.31400000000001"><tag k="name" v="Location 277"/></node>
  <node id="279" lat="37.442" lon="-121.304"><tag k="name" v="Location 278"/></node>
  <node id="280" lat="37.442" lon="-121.294"><tag k="name" v="Location 279"/></node>
  <node id="281" lat="37.442" lon="-121.284"><tag k="name" v="Location 280"/></node>
  <node id="282" lat="37.442" lon="-121.274"><tag k="name" v="Location 281"/></node>
  <node id="283" lat="37.442" lon="-121.26400000000001"><tag k="name" v="Location 282"/></node>
  <node id="284" lat="37.442" lon="-121.254"><tag k="name" v="Location 283"/></node>
  <node id="285" lat="37.442" lon="-121.244"><tag k="name" v="Location 284"/></node>
  <node id="286" lat="37.442" lon="-121.23400000000001"><tag k="name" v="Location 285"/></node>
  <node id="287" lat="37.442" lon="-121.224"><tag k="name" v="Location 286"/></node>
  <node id="288" lat="37.442" lon="-121.214"><tag k="name" v="Location 287"/></node>
  <node id="289" lat="37.442" lon="-121.20400000000001"><tag k="name" v="Location 288"/></node>
  <node id="290" lat="37.442" lon="-121.194"><tag k="name" v="Location 289"/></node>
  <node id="291" lat="37.442" lon="-121.184"><tag k="name" v="Location 290"/></node>
  <node id="292" lat="37.442" lon="-121.174"><tag k="name" v="Location 291"/></node>
  <node id="293" lat="37.442" lon="-121.164"><tag k="name" v="Location 292"/></node>
  <node id="294" lat="37.442" lon="-121.154"><tag k="name" v="Location 293"/></node>
  <node id="295" lat="37.442" lon="-121.144"><tag k="name" v="Location 294"/></node>
  <node id="296" lat="37.442" lon="-121.134"><tag k="name" v="Location 295"/></node>
  <node id="297" lat="37.442" lon="-121.12400000000001"><tag k="name" v="Location 296"/></node>
  <node id="298" lat="37.442" lon="-121.114"><tag k="name" v="Location 297"/></node>
  <node id="299" lat="37.442" lon="-121.104"><tag k="name" v="Location 298"/></node>
  <node id="300" lat="37.442" lon="-121.09400000000001"><tag k="name" v="Location 299"/></node>
  <node id="301" lat="37.452" lon="-122.084"><tag k="name" v="Location 300"/></node>
  <node id="302" lat="37.452" lon="-122.074"><tag k="name" v="Location 301"/></node>
  <node id="303" lat="37.452" lon="-122.06400000000001"><tag k="name" v="Location 302"/></node>
  <node id="304" lat="37.452" lon="-122.054"><tag k="name" v="Location 303"/></node>
  <node id="305" lat="37.452" lon="-122.044"><tag k="name" v="Location 304"/></node>
  <node id="306" lat="37.452" lon="-122.034"><tag k="name" v="Location 305"/></node>
  <node id="307" lat="37.452" lon="-122.024"><tag k="name" v="Location 306"/></node>
  <node id="308" lat="37.452" lon="-122.01400000000001"><tag k="name" v="Location 307"/></node>
  <node id="309" lat="37.452" lon="-122.004"><tag k="name" v="Location 308"/></node>
  <node id="310" lat="37.452" lon="-121.994"><tag k="name" v="Location 309"/></node>
  <node id="311" lat="37.452" lon="-121.98400000000001"><tag k="name" v="Location 310"/></node>
  <node id="312" lat="37.452" lon="-121.974"><tag k="name" v="Location 311"/></node>
  <node id="313" lat="37.452" lon="-121.964"><tag k="name" v="Location 312"/></node>
  <node id="314" lat="37.452" lon="-121.95400000000001"><tag k="name" v="Location 313"/></node>
  <node id="315" lat="37.452" lon="-121.944"><tag k="name" v="Location 314"/></node>
  <node id="316" lat="37.452" lon="-121.934"><tag k="name" v="Location 315"/></node>
  <node id="317" lat="37.452" lon="-121.924"><tag k="name" v="Location 316"/></node>
  <node id="318" lat="37.452" lon="-121.914"><tag k="name" v="Location 317"/></node>
  <node id="319" lat="37.452" lon="-121.904"><tag k="name" v="Location 318"/></node>
  <node id="320" lat="37.452" lon="-121.894"><tag k="name" v="Location 319"/></node>
  <node id="321" lat="37.452" lon="-121.884"><tag k="name" v="Location 320"/></node>
  <node id="322" lat="37.452" lon="-121.87400000000001"><tag k="name" v="Location 321"/></node>
  <node id="323" lat="37.452" lon="-121.864"><tag k="name" v="Location 322"/></node>
  <node id="324" lat="37.452" lon="-121.854"><tag k="name" v="Location 323"/></node>
  <node id="325" lat="37.452" lon="-121.84400000000001"><tag k="name" v="Location 324"/></node>
  <node id="326" lat="37.452" lon="-121.834"><tag k="name" v="Location 325"/></node>
  <node id="327" lat="37.452" lon="-121.824"><tag k="name" v="Location 326"/></node>
  <node id="328" lat="37.452" lon="-121.81400000000001"><tag k="name" v="Location 327"/></node>
  <node id="329" lat="37.452" lon="-121.804"><tag k="name" v="Location 328"/></node>
  <node id="330" lat="37.452" lon="-121.794"><tag k="name" v="Location 329"/></node>
  <node id="331" lat="37.452" lon="-121.784"><tag k="name" v="Location 330"/></node>
  <node id="332" lat="37.452" lon="-121.774"><tag k="name" v="Location 331"/></node>
  <node id="333" lat="37.452" lon="-121.76400000000001"><tag k="name" v="Location 332"/></node>
  <node id="334" lat="37.452" lon="-121.754"><tag k="name" v="Location 333"/></node>
  <node id="335" lat="37.452" lon="-121.744"><tag k="name" v="Location 334"/></node>
  <node id="336" lat="37.452" lon="-121.73400000000001"><tag k="name" v="Location 335"/></node>
  <node id="337" lat="37.452" lon="-121.724"><tag k="name" v="Location 336"/></node>
  <node id="338" lat="37.452" lon="-121.714"><tag k="name" v="Location 337"/></node>
  <node id="339" lat="37.452" lon="-121.70400000000001"><tag k="name" v="Location 338"/></node>
  <node id="340" lat="37.452" lon="-121.694"><tag k="name" v="Location 339"/></node>
  <node id="341" lat="37.452" lon="-121.684"><tag k="name" v="Location 340"/></node>
  <node id="342" lat="37.452" lon="-121.674"><tag k="name" v="Location 341"/></node>
  <node id="343" lat="37.452" lon="-121.664"><tag k="name" v="Location 342"/></node>
  <node id="344" lat="37.452" lon="-121.654"><tag k="name" v="Location 343"/></node>
  <node id="345" lat="37.452" lon="-121.644"><tag k="name" v="Location 344"/></node>
  <node id="346" lat="37.452" lon="-121.634"><tag k="name" v="Location 345"/></node>
  <node id="347" lat="37.452" lon="-121.62400000000001"><tag k="name" v="Location 346"/></node>
  <node id="348" lat="37.452" lon="-121.614"><tag k="name" v="Location 347"/></node>
  <node id="349" lat="37.452" lon="-121.604"><tag k="name" v="Location 348"/></node>
  <node id="350" lat="37.452" lon="-121.59400000000001"><tag k="name" v="Location 349"/></node>
  <node id="351" lat="37.452" lon="-121.584"><tag k="name" v="Location 350"/></node>
  <node id="352" lat="37.452" lon="-121.574"><tag k="name" v="Location 351"/></node>
  <node id="353" lat="37.452" lon="-121.56400000000001"><tag k="name" v="Location 352"/></node>
  <node id="354" lat="37.452" lon="-121.554"><tag k="name" v="Location 353"/></node>
  <node id="355" lat="37.452" lon="-121.544"><tag k="name" v="Location 354"/></node>
  <node id="356" lat="37.452" lon="-121.534"><tag k="name" v="Location 355"/></node>
  <node id="357" lat="37.452" lon="-121.524"><tag k="name" v="Location 356"/></node>
  <node id="358" lat="37.452" lon="-121.51400000000001"><tag k="name" v="Location 357"/></node>
  <node id="359" lat="37.452" lon="-121.504"><tag k="name" v="Location 358"/></node>
  <node id="360" lat="37.452" lon="-121.494"><tag k="name" v="Location 359"/></node>
  <node id="361" lat="37.452" lon="-121.48400000000001"><tag k="name" v="Location 360"/></node>
  <node id="362" lat="37.452" lon="-121.474"><tag k="name" v="Location 361"/></node>
  <node id="363" lat="37.452" lon="-121.464"><tag k="name" v="Location 362"/></node>
  <node id="364" lat="37.452" lon="-121.45400000000001"><tag k="name" v="Location 363"/></node>
  <node id="365" lat="37.452" lon="-121.444"><tag k="name" v="Location 364"/></node>
  <node id="366" lat="37.452" lon="-121.434"><tag k="name" v="Location 365"/></node>
  <node id="367" lat="37.452" lon="-121.424"><tag k="name" v="Location 366"/></node>
  <node id="368" lat="37.452" lon="-121.414"><tag k="name" v="Location 367"/></node>
  <node id="369" lat="37.452" lon="-121.404"><tag k="name" v="Location 368"/></node>
  <node id="370" lat="37.452" lon="-121.394"><tag k="name" v="Location 369"/></node>
  <node id="371" lat="37.452" lon="-121.384"><tag k="name" v="Location 370"/></node>
  <node id="372" lat="37.452" lon="-121.37400000000001"><tag k="name" v="Location 371"/></node>
  <node id="373" lat="37.452" lon="-121.364"><tag k="name" v="Location 372"/></node>
  <node id="374" lat="37.452" lon="-121.354"><tag k="name" v="Location 373"/></node>
  <node id="375" lat="37.452" lon="-121.34400000000001"><tag k="name" v="Location 374"/></node>
  <node id="376" lat="37.452" lon="-121.334"><tag k="name" v="Location 375"/></node>
  <node id="377" lat="37.452" lon="-121.324"><tag k="name" v="Location 376"/></node>
  <node id="378" lat="37.452" lon="-121.31400000000001"><tag k="name" v="Location 377"/></node>
  <node id="379" lat="37.452" lon="-121.304"><tag k="name" v="Location 378"/></node>
  <node id="380" lat="37.452" lon="-121.294"><tag k="name" v="Location 379"/></node>
  <node id="381" lat="37.452" lon="-121.284"><tag k="name" v="Location 380"/></node>
  <node id="382" lat="37.452" lon="-121.274"><tag k="name" v="Location 381"/></node>
  <node id="383" lat="37.452" lon="-121.26400000000001"><tag k="name" v="Location 382"/></node>
  <node id="384" lat="37.452" lon="-121.254"><tag k="name" v="Location 383"/></node>
  <node id="385" lat="37.452" lon="-121.244"><tag k="name" v="Location 384"/></node>
  <node id="386" lat="37.452" lon="-121.23400000000001"><tag k="name" v="Location 385"/></node>
  <node id="387" lat="37.452" lon="-121.224"><tag k="name" v="Location 386"/></node>
  <node id="388" lat="37.452" lon="-121.214"><tag k="name" v="Location 387"/></node>
  <node id="389" lat="37.452" lon="-121.20400000000001"><tag k="name" v="Location 388"/></node>
  <node id="390" lat="37.452" lon="-121.194"><tag k="name" v="Location 389"/></node>
  <node id="391" lat="37.452" lon="-121.184"><tag k="name" v="Location 390"/></node>
  <node id="392" lat="37.452" lon="-121.174"><tag k="name" v="Location 391"/></node>
  <node id="393" lat="37.452" lon="-121.164"><tag k="name" v="Location 392"/></node>
  <node id="394" lat="37.452" lon="-121.154"><tag k="name" v="Location 393"/></node>
  <node id="395" lat="37.452" lon="-121.144"><tag k="name" v="Location 394"/></node>
  <node id="396" lat="37.452" lon="-121.134"><tag k="name" v="Location 395"/></node>
  <node id="397" lat="37.452" lon="-121.12400000000001"><tag k="name" v="Location 396"/></node>
  <node id="398" lat="37.452" lon="-121.114"><tag k="name" v="Location 397"/></node>
  <node id="399" lat="37.452" lon="-121.104"><tag k="name" v="Location 398"/></node>
  <node id="400" lat="37.452" lon="-121.09400000000001"><tag k="name" v="Location 399"/></node>
  <node id="401" lat="37.461999999999996" lon="-122.084"><tag k="name" v="Location 400"/></node>
  <node id="402" lat="37.461999999999996" lon="-122.074"><tag k="name" v="Location 401"/></node>
  <node id="403" lat="37.461999999999996" lon="-122.06400000000001"><tag k="name" v="Location 402"/></node>
  <node id="404" lat="37.461999999999996" lon="-122.054"><tag k="name" v="Location 403"/></node>
  <node id="405" lat="37.461999999999996" lon="-122.044"><tag k="name" v="Location 404"/></node>
  <node id="406" lat="37.461999999999996" lon="-122.034"><tag k="name" v="Location 405"/></node>
  <node id="407" lat="37.461999999999996" lon="-122.024"><tag k="name" v="Location 406"/></node>
  <node id="408" lat="37.461999999999996" lon="-122.01400000000001"><tag k="name" v="Location 407"/></node>
  <node id="409" lat="37.461999999999996" lon="-122.004"><tag k="name" v="Location 408"/></node>
  <node id="410" lat="37.461999999999996" lon="-121.994"><tag k="name" v="Location 409"/></node>
  <node id="411" lat="37.461999999999996" lon="-121.98400000000001"><tag k="name" v="Location 410"/></node>
  <node id="412" lat="37.461999999999996" lon="-121.974"><tag k="name" v="Location 411"/></node>
  <node id="413" lat="37.461999999999996" lon="-121.964"><tag k="name" v="Location 412"/></node>
  <node id="414" lat="37.461999999999996" lon="-121.95400000000001"><tag k="name" v="Location 413"/></node>
  <node id="415" lat="37.461999999999996" lon="-121.944"><tag k="name" v="Location 414"/></node>
  <node id="416" lat="37.461999999999996" lon="-121.934"><tag k="name" v="Location 415"/></node>
  <node id="417" lat="37.461999999999996" lon="-121.924"><tag k="name" v="Location 416"/></node>
  <node id="418" lat="37.461999999999996" lon="-121.914"><tag k="name" v="Location 417"/></node>
  <node id="419" lat="37.461999999999996" lon="-121.904"><tag k="name" v="Location 418"/></node>
  <node id="420" lat="37.461999999999996" lon="-121.894"><tag k="name" v="Location 419"/></node>
  <node id="421" lat="37.461999999999996" lon="-121.884"><tag k="name" v="Location 420"/></node>
  <node id="422" lat="37.461999999999996" lon="-121.87400000000001"><tag k="name" v="Location 421"/></node>
  <node id="423" lat="37.461999999999996" lon="-121.864"><tag k="name" v="Location 422"/></node>
  <node id="424" lat="37.461999999999996" lon="-121.854"><tag k="name" v="Location 423"/></node>
  <node id="425" lat="37.461999999999996" lon="-121.84400000000001"><tag k="name" v="Location 424"/></node>
  <node id="426" lat="37.461999999999996" lon="-121.834"><tag k="name" v="Location 425"/></node>
  <node id="427" lat="37.461999999999996" lon="-121.824"><tag k="name" v="Location 426"/></node>
  <node id="428" lat="37.461999999999996" lon="-121.81400000000001"><tag k="name" v="Location 427"/></node>
  <node id="429" lat="37.461999999999996" lon="-121.804"><tag k="name" v="Location 428"/></node>
  <node id="430" lat="37.461999999999996" lon="-121.794"><tag k="name" v="Location 429"/></node>
  <node id="431" lat="37.461999999999996" lon="-121.784"><tag k="name" v="Location 430"/></node>
  <node id="432" lat="37.461999999999996" lon="-121.774"><tag k="name" v="Location 431"/></node>
  <node id="433" lat="37.461999999999996" lon="-121.76400000000001"><tag k="name" v="Location 432"/></node>
  <node id="434" lat="37.461999999999996" lon="-121.754"><tag k="name" v="Location 433"/></node>
  <node id="435" lat="37.461999999999996" lon="-121.744"><tag k="name" v="Location 434"/></node>
  <node id="436" lat="37.461999999999996" lon="-121.73400000000001"><tag k="name" v="Location 435"/></node>
  <node id="437" lat="37.461999999999996" lon="-121.724"><tag k="name" v="Location 436"/></node>
  <node id="438" lat="37.461999999999996" lon="-121.714"><tag k="name" v="Location 437"/></node>
  <node id="439" lat="37.461999999999996" lon="-121.70400000000001"><tag k="name" v="Location 438"/></node>
  <node id="440" lat="37.461999999999996" lon="-121.694"><tag k="name" v="Location 439"/></node>
  <node id="441" lat="37.461999999999996" lon="-121.684"><tag k="name" v="Location 440"/></node>
  <node id="442" lat="37.461999999999996" lon="-121.674"><tag k="name" v="Location 441"/></node>
  <node id="443" lat="37.461999999999996" lon="-121.664"><tag k="name" v="Location 442"/></node>
  <node id="444" lat="37.461999999999996" lon="-121.654"><tag k="name" v="Location 443"/></node>
  <node id="445" lat="37.461999999999996" lon="-121.644"><tag k="name" v="Location 444"/></node>
  <node id="446" lat="37.461999999999996" lon="-121.634"><tag k="name" v="Location 445"/></node>
  <node id="447" lat="37.461999999999996" lon="-121.62400000000001"><tag k="name" v="Location 446"/></node>
  <node id="448" lat="37.461999999999996" lon="-121.614"><tag k="name" v="Location 447"/></node>
  <node id="449" lat="37.461999999999996" lon="-121.604"><tag k="name" v="Location 448"/></node>
  <node id="450" lat="37.461999999999996" lon="-121.59400000000001"><tag k="name" v="Location 449"/></node>
  <node id="451" lat="37.461999999999996" lon="-121.584"><tag k="name" v="Location 450"/></node>
  <node id="452" lat="37.461999999999996" lon="-121.574"><tag k="name" v="Location 451"/></node>
  <node id="453" lat="37.461999999999996" lon="-121.56400000000001"><tag k="name" v="Location 452"/></node>
  <node id="454" lat="37.461999999999996" lon="-121.554"><tag k="name" v="Location 453"/></node>
  <node id="455" lat="37.461999999999996" lon="-121.544"><tag k="name" v="Location 454"/></node>
  <node id="456" lat="37.461999999999996" lon="-121.534"><tag k="name" v="Location 455"/></node>
  <node id="457" lat="37.461999999999996" lon="-121.524"><tag k="name" v="Location 456"/></node>
  <node id="458" lat="37.461999999999996" lon="-121.51400000000001"><tag k="name" v="Location 457"/></node>
  <node id="459" lat="37.461999999999996" lon="-121.504"><tag k="name" v="Location 458"/></node>
  <node id="460" lat="37.461999999999996" lon="-121.494"><tag k="name" v="Location 459"/></node>
  <node id="461" lat="37.461999999999996" lon="-121.48400000000001"><tag k="name" v="Location 460"/></node>
  <node id="462" lat="37.461999999999996" lon="-121.474"><tag k="name" v="Location 461"/></node>
  <node id="463" lat="37.461999999999996" lon="-121.464"><tag k="name" v="Location 462"/></node>
  <node id="464" lat="37.461999999999996" lon="-121.45400000000001"><tag k="name" v="Location 463"/></node>
  <node id="465" lat="37.461999999999996" lon="-121.444"><tag k="name" v="Location 464"/></node>
  <node id="466" lat="37.461999999999996" lon="-121.434"><tag k="name" v="Location 465"/></node>
  <node id="467" lat="37.461999999999996" lon="-121.424"><tag k="name" v="Location 466"/></node>
  <node id="468" lat="37.461999999999996" lon="-121.414"><tag k="name" v="Location 467"/></node>
  <node id="469" lat="37.461999999999996" lon="-121.404"><tag k="name" v="Location 468"/></node>
  <node id="470" lat="37.461999999999996" lon="-121.394"><tag k="name" v="Location 469"/></node>
  <node id="471" lat="37.461999999999996" lon="-121.384"><tag k="name" v="Location 470"/></node>
  <node id="472" lat="37.461999999999996" lon="-121.37400000000001"><tag k="name" v="Location 471"/></node>
  <node id="473" lat="37.461999999999996" lon="-121.364"><tag k="name" v="Location 472"/></node>
  <node id="474" lat="37.461999999999996" lon="-121.354"><tag k="name" v="Location 473"/></node>
  <node id="475" lat="37.461999999999996" lon="-121.34400000000001"><tag k="name" v="Location 474"/></node>
  <node id="476" lat="37.461999999999996" lon="-121.334"><tag k="name" v="Location 475"/></node>
  <node id="477" lat="37.461999999999996" lon="-121.324"><tag k="name" v="Location 476"/></node>
  <node id="478" lat="37.461999999999996" lon="-121.31400000000001"><tag k="name" v="Location 477"/></node>
  <node id="479" lat="37.461999999999996" lon="-121.304"><tag k="name" v="Location 478"/></node>
  <node id="480" lat="37.461999999999996" lon="-121.294"><tag k="name" v="Location 479"/></node>
  <node id="481" lat="37.461999999999996" lon="-121.284"><tag k="name" v="Location 480"/></node>
  <node id="482" lat="37.461999999999996" lon="-121.274"><tag k="name" v="Location 481"/></node>
  <node id="483" lat="37.461999999999996" lon="-121.26400000000001"><tag k="name" v="Location 482"/></node>
  <node id="484" lat="37.461999999999996" lon="-121.254"><tag k="name" v="Location 483"/></node>
  <node id="485" lat="37.461999999999996" lon="-121.244"><tag k="name" v="Location 484"/></node>
  <node id="486" lat="37.461999999999996" lon="-121.23400000000001"><tag k="name" v="Location 485"/></node>
  <node id="487" lat="37.461999999999996" lon="-121.224"><tag k="name" v="Location 486"/></node>
  <node id="488" lat="37.461999999999996" lon="-121.214"><tag k="name" v="Location 487"/></node>
  <node id="489" lat="37.461999999999996" lon="-121.20400000000001"><tag k="name" v="Location 488"/></node>
  <node id="490" lat="37.461999999999996" lon="-121.194"><tag k="name" v="Location 489"/></node>
  <node id="491" lat="37.461999999999996" lon="-121.184"><tag k="name" v="Location 490"/></node>
  <node id="492" lat="37.461999999999996" lon="-121.174"><tag k="name" v="Location 491"/></node>
  <node id="493" lat="37.461999999999996" lon="-121.164"><tag k="name" v="Location 492"/></node>
  <node id="494" lat="37.461999999999996" lon="-121.154"><tag k="name" v="Location 493"/></node>
  <node id="495" lat="37.461999999999996" lon="-121.144"><tag k="name" v="Location 494"/></node>
  <node id="496" lat="37.461999999999996" lon="-121.134"><tag k="name" v="Location 495"/></node>
  <node id="497" lat="37.461999999999996" lon="-121.12400000000001"><tag k="name" v="Location 496"/></node>
  <node id="498" lat="37.461999999999996" lon="-121.114"><tag k="name" v="Location 497"/></node>
  <node id="499" lat="37.461999999999996" lon="-121.104"><tag k="name" v="Location 498"/></node>
  <node id="500" lat="37.461999999999996" lon="-121.09400000000001"><tag k="name" v="Location 499"/></node>
  <node id="501" lat="37.471999999999994" lon="-122.084"><tag k="name" v="Location 500"/></node>
  <node id="502" lat="37.471999999999994" lon="-122.074"><tag k="name" v="Location 501"/></node>
  <node id="503" lat="37.471999999999994" lon="-122.06400000000001"><tag k="name" v="Location 502"/></node>
  <node id="504" lat="37.471999999999994" lon="-122.054"><tag k="name" v="Location 503"/></node>
  <node id="505" lat="37.471999999999994" lon="-122.044"><tag k="name" v="Location 504"/></node>
  <node id="506" lat="37.471999999999994" lon="-122.034"><tag k="name" v="Location 505"/></node>
  <node id="507" lat="37.471999999999994" lon="-122.024"><tag k="name" v="Location 506"/></node>
  <node id="508" lat="37.471999999999994" lon="-122.01400000000001"><tag k="name" v="Location 507"/></node>
  <node id="509" lat="37.471999999999994" lon="-122.004"><tag k="name" v="Location 508"/></node>
  <node id="510" lat="37.471999999999994" lon="-121.994"><tag k="name" v="Location 509"/></node>
  <node id="511" lat="37.471999999999994" lon="-121.98400000000001"><tag k="name" v="Location 510"/></node>
  <node id="512" lat="37.471999999999994" lon="-121.974"><tag k="name" v="Location 511"/></node>
  <node id="513" lat="37.471999999999994" lon="-121.964"><tag k="name" v="Location 512"/></node>
  <node id="514" lat="37.471999999999994" lon="-121.95400000000001"><tag k="name" v="Location 513"/></node>
  <node id="515" lat="37.471999999999994" lon="-121.944"><tag k="name" v="Location 514"/></node>
  <node id="516" lat="37.471999999999994" lon="-121.934"><tag k="name" v="Location 515"/></node>
  <node id="517" lat="37.471999999999994" lon="-121.924"><tag k="name" v="Location 516"/></node>
  <node id="518" lat="37.471999999999994" lon="-121.914"><tag k="name" v="Location 517"/></node>
  <node id="519" lat="37.471999999999994" lon="-121.904"><tag k="name" v="Location 518"/></node>
  <node id="520" lat="37.471999999999994" lon="-121.894"><tag k="name" v="Location 519"/></node>
  <node id="521" lat="37.471999999999994" lon="-121.884"><tag k="name" v="Location 520"/></node>
  <node id="522" lat="37.471999999999994" lon="-121.87400000000001"><tag k="name" v="Location 521"/></node>
  <node id="523" lat="37.471999999999994" lon="-121.864"><tag k="name" v="Location 522"/></node>
  <node id="524" lat="37.471999999999994" lon="-121.854"><tag k="name" v="Location 523"/></node>
  <node id="525" lat="37.471999999999994" lon="-121.84400000000001"><tag k="name" v="Location 524"/></node>
  <node id="526" lat="37.471999999999994" lon="-121.834"><tag k="name" v="Location 525"/></node>
  <node id="527" lat="37.471999999999994" lon="-121.824"><tag k="name" v="Location 526"/></node>
  <node id="528" lat="37.471999999999994" lon="-121.81400000000001"><tag k="name" v="Location 527"/></node>
  <node id="529" lat="37.471999999999994" lon="-121.804"><tag k="name" v="Location 528"/></node>
  <node id="530" lat="37.471999999999994" lon="-121.794"><tag k="name" v="Location 529"/></node>
  <node id="531" lat="37.471999999999994" lon="-121.784"><tag k="name" v="Location 530"/></node>
  <node id="532" lat="37.471999999999994" lon="-121.774"><tag k="name" v="Location 531"/></node>
  <node id="533" lat="37.471999999999994" lon="-121.76400000000001"><tag k="name" v="Location 532"/></node>
  <node id="534" lat="37.471999999999994" lon="-121.754"><tag k="name" v="Location 533"/></node>
  <node id="535" lat="37.471999999999994" lon="-121.744"><tag k="name" v="Location 534"/></node>
  <node id="536" lat="37.471999999999994" lon="-121.73400000000001"><tag k="name" v="Location 535"/></node>
  <node id="537" lat="37.471999999999994" lon="-121.724"><tag k="name" v="Location 536"/></node>
  <node id="538" lat="37.471999999999994" lon="-121.714"><tag k="name" v="Location 537"/></node>
  <node id="539" lat="37.471999999999994" lon="-121.70400000000001"><tag k="name" v="Location 538"/></node>
  <node id="540" lat="37.471999999999994" lon="-121.694"><tag k="name" v="Location 539"/></node>
  <node id="541" lat="37.471999999999994" lon="-121.684"><tag k="name" v="Location 540"/></node>
  <node id="542" lat="37.471999999999994" lon="-121.674"><tag k="name" v="Location 541"/></node>
  <node id="543" lat="37.471999999999994" lon="-121.664"><tag k="name" v="Location 542"/></node>
  <node id="544" lat="37.471999999999994" lon="-121.654"><tag k="name" v="Location 543"/></node>
  <node id="545" lat="37.471999999999994" lon="-121.644"><tag k="name" v="Location 544"/></node>
  <node id="546" lat="37.471999999999994" lon="-121.634"><tag k="name" v="Location 545"/></node>
  <node id="547" lat="37.471999999999994" lon="-121.62400000000001"><tag k="name" v="Location 546"/></node>
  <node id="548" lat="37.471999999999994" lon="-121.614"><tag k="name" v="Location 547"/></node>
  <node id="549" lat="37.471999999999994" lon="-121.604"><tag k="name" v="Location 548"/></node>
  <node id="550" lat="37.471999999999994" lon="-121.59400000000001"><tag k="name" v="Location 549"/></node>
  <node id="551" lat="37.471999999999994" lon="-121.584"><tag k="name" v="Location 550"/></node>
  <node id="552" lat="37.471999999999994" lon="-121.574"><tag k="name" v="Location 551"/></node>
  <node id="553" lat="37.471999999999994" lon="-121.56400000000001"><tag k="name" v="Location 552"/></node>
  <node id="554" lat="37.471999999999994" lon="-121.554"><tag k="name" v="Location 553"/></node>
  <node id="555" lat="37.471999999999994" lon="-121.544"><tag k="name" v="Location 554"/></node>
  <node id="556" lat="37.471999999999994" lon="-121.534"><tag k="name" v="Location 555"/></node>
  <node id="557" lat="37.471999999999994" lon="-121.524"><tag k="name" v="Location 556"/></node>
  <node id="558" lat="37.471999999999994" lon="-121.51400000000001"><tag k="name" v="Location 557"/></node>
  <node id="559" lat="37.471999999999994" lon="-121.504"><tag k="name" v="Location 558"/></node>
  <node id="560" lat="37.471999999999994" lon="-121.494"><tag k="name" v="Location 559"/></node>
  <node id="561" lat="37.471999999999994" lon="-121.48400000000001"><tag k="name" v="Location 560"/></node>
  <node id="562" lat="37.471999999999994" lon="-121.474"><tag k="name" v="Location 561"/></node>
  <node id="563" lat="37.471999999999994" lon="-121.464"><tag k="name" v="Location 562"/></node>
  <node id="564" lat="37.471999999999994" lon="-121.45400000000001"><tag k="name" v="Location 563"/></node>
  <node id="565" lat="37.471999999999994" lon="-121.444"><tag k="name" v="Location 564"/></node>
  <node id="566" lat="37.471999999999994" lon="-121.434"><tag k="name" v="Location 565"/></node>
  <node id="567" lat="37.471999999999994" lon="-121.424"><tag k="name" v="Location 566"/></node>
  <node id="568" lat="37.471999999999994" lon="-121.414"><tag k="name" v="Location 567"/></node>
  <node id="569" lat="37.471999999999994" lon="-121.404"><tag k="name" v="Location 568"/></node>
  <node id="570" lat="37.471999999999994" lon="-121.394"><tag k="name" v="Location 569"/></node>
  <node id="571" lat="37.471999999999994" lon="-121.384"><tag k="name" v="Location 570"/></node>
  <node id="572" lat="37.471999999999994" lon="-121.37400000000001"><tag k="name" v="Location 571"/></node>
  <node id="573" lat="37.471999999999994" lon="-121.364"><tag k="name" v="Location 572"/></node>
  <node id="574" lat="37.471999999999994" lon="-121.354"><tag k="name" v="Location 573"/></node>
  <node id="575" lat="37.471999999999994" lon="-121.34400000000001"><tag k="name" v="Location 574"/></node>
  <node id="576" lat="37.471999999999994" lon="-121.334"><tag k="name" v="Location 575"/></node>
  <node id="577" lat="37.471999999999994" lon="-121.324"><tag k="name" v="Location 576"/></node>
  <node id="578" lat="37.471999999999994" lon="-121.31400000000001"><tag k="name" v="Location 577"/></node>
  <node id="579" lat="37.471999999999994" lon="-121.304"><tag k="name" v="Location 578"/></node>
  <node id="580" lat="37.471999999999994" lon="-121.294"><tag k="name" v="Location 579"/></node>
  <node id="581" lat="37.471999999999994" lon="-121.284"><tag k="name" v="Location 580"/></node>
  <node id="582" lat="37.471999999999994" lon="-121.274"><tag k="name" v="Location 581"/></node>
  <node id="583" lat="37.471999999999994" lon="-121.26400000000001"><tag k="name" v="Location 582"/></node>
  <node id="584" lat="37.471999999999994" lon="-121.254"><tag k="name" v="Location 583"/></node>
  <node id="585" lat="37.471999999999994" lon="-121.244"><tag k="name" v="Location 584"/></node>
  <node id="586" lat="37.471999999999994" lon="-121.23400000000001"><tag k="name" v="Location 585"/></node>
  <node id="587" lat="37.471999999999994" lon="-121.224"><tag k="name" v="Location 586"/></node>
  <node id="588" lat="37.471999999999994" lon="-121.214"><tag k="name" v="Location 587"/></node>
  <node id="589" lat="37.471999999999994" lon="-121.20400000000001"><tag k="name" v="Location 588"/></node>
  <node id="590" lat="37.471999999999994" lon="-121.194"><tag k="name" v="Location 589"/></node>
  <node id="591" lat="37.471999999999994" lon="-121.184"><tag k="name" v="Location 590"/></node>
  <node id="592" lat="37.471999999999994" lon="-121.174"><tag k="name" v="Location 591"/></node>
  <node id="593" lat="37.471999999999994" lon="-121.164"><tag k="name" v="Location 592"/></node>
  <node id="594" lat="37.471999999999994" lon="-121.154"><tag k="name" v="Location 593"/></node>
  <node id="595" lat="37.471999999999994" lon="-121.144"><tag k="name" v="Location 594"/></node>
  <node id="596" lat="37.471999999999994" lon="-121.134"><tag k="name" v="Location 595"/></node>
  <node id="597" lat="37.471999999999994" lon="-121.12400000000001"><tag k="name" v="Location 596"/></node>
  <node id="598" lat="37.471999999999994" lon="-121.114"><tag k="name" v="Location 597"/></node>
  <node id="599" lat="37.471999999999994" lon="-121.104"><tag k="name" v="Location 598"/></node>
  <node id="600" lat="37.471999999999994" lon="-121.09400000000001"><tag k="name" v="Location 599"/></node>
  <node id="601" lat="37.482" lon="-122.084"><tag k="name" v="Location 600"/></node>
  <node id="602" lat="37.482" lon="-122.074"><tag k="name" v="Location 601"/></node>
  <node id="603" lat="37.482" lon="-122.06400000000001"><tag k="name" v="Location 602"/></node>
  <node id="604" lat="37.482" lon="-122.054"><tag k="name" v="Location 603"/></node>
  <node id="605" lat="37.482" lon="-122.044"><tag k="name" v="Location 604"/></node>
  <node id="606" lat="37.482" lon="-122.034"><tag k="name" v="Location 605"/></node>
  <node id="607" lat="37.482" lon="-122.024"><tag k="name" v="Location 606"/></node>
  <node id="608" lat="37.482" lon="-122.01400000000001"><tag k="name" v="Location 607"/></node>
  <node id="609" lat="37.482" lon="-122.004"><tag k="name" v="Location 608"/></node>
  <node id="610" lat="37.482" lon="-121.994"><tag k="name" v="Location 609"/></node>
  <node id="611" lat="37.482" lon="-121.98400000000001"><tag k="name" v="Location 610"/></node>
  <node id="612" lat="37.482" lon="-121.974"><tag k="name" v="Location 611"/></node>
  <node id="613" lat="37.482" lon="-121.964"><tag k="name" v="Location 612"/></node>
  <node id="614" lat="37.482" lon="-121.95400000000001"><tag k="name" v="Location 613"/></node>
  <node id="615" lat="37.482" lon="-121.944"><tag k="name" v="Location 614"/></node>
  <node id="616" lat="37.482" lon="-121.934"><tag k="name" v="Location 615"/></node>
  <node id="617" lat="37.482" lon="-121.924"><tag k="name" v="Location 616"/></node>
  <node id="618" lat="37.482" lon="-121.914"><tag k="name" v="Location 617"/></node>
  <node id="619" lat="37.482" lon="-121.904"><tag k="name" v="Location 618"/></node>
  <node id="620" lat="37.482" lon="-121.894"><tag k="name" v="Location 619"/></node>
  <node id="621" lat="37.482" lon="-121.884"><tag k="name" v="Location 620"/></node>
  <node id="622" lat="37.482" lon="-121.87400000000001"><tag k="name" v="Location 621"/></node>
  <node id="623" lat="37.482" lon="-121.864"><tag k="name" v="Location 622"/></node>
  <node id="624" lat="37.482" lon="-121.854"><tag k="name" v="Location 623"/></node>
  <node id="625" lat="37.482" lon="-121.84400000000001"><tag k="name" v="Location 624"/></node>
  <node id="626" lat="37.482" lon="-121.834"><tag k="name" v="Location 625"/></node>
  <node id="627" lat="37.482" lon="-121.824"><tag k="name" v="Location 626"/></node>
  <node id="628" lat="37.482" lon="-121.81400000000001"><tag k="name" v="Location 627"/></node>
  <node id="629" lat="37.482" lon="-121.804"><tag k="name" v="Location 628"/></node>
  <node id="630" lat="37.482" lon="-121.794"><tag k="name" v="Location 629"/></node>
  <node id="631" lat="37.482" lon="-121.784"><tag k="name" v="Location 630"/></node>
  <node id="632" lat="37.482" lon="-121.774"><tag k="name" v="Location 631"/></node>
  <node id="633" lat="37.482" lon="-121.76400000000001"><tag k="name" v="Location 632"/></node>
  <node id="634" lat="37.482" lon="-121.754"><tag k="name" v="Location 633"/></node>
  <node id="635" lat="37.482" lon="-121.744"><tag k="name" v="Location 634"/></node>
  <node id="636" lat="37.482" lon="-121.73400000000001"><tag k="name" v="Location 635"/></node>
  <node id="637" lat="37.482" lon="-121.724"><tag k="name" v="Location 636"/></node>
  <node id="638" lat="37.482" lon="-121.714"><tag k="name" v="Location 637"/></node>
  <node id="639" lat="37.482" lon="-121.70400000000001"><tag k="name" v="Location 638"/></node>
  <node id="640" lat="37.482" lon="-121.694"><tag k="name" v="Location 639"/></node>
  <node id="641" lat="37.482" lon="-121.684"><tag k="name" v="Location 640"/></node>
  <node id="642" lat="37.482" lon="-121.674"><tag k="name" v="Location 641"/></node>
  <node id="643" lat="37.482" lon="-121.664"><tag k="name" v="Location 642"/></node>
  <node id="644" lat="37.482" lon="-121.654"><tag k="name" v="Location 643"/></node>
  <node id="645" lat="37.482" lon="-121.644"><tag k="name" v="Location 644"/></node>
  <node id="646" lat="37.482" lon="-121.634"><tag k="name" v="Location 645"/></node>
  <node id="647" lat="37.482" lon="-121.62400000000001"><tag k="name" v="Location 646"/></node>
  <node id="648" lat="37.482" lon="-121.614"><tag k="name" v="Location 647"/></node>
  <node id="649" lat="37.482" lon="-121.604"><tag k="name" v="Location 648"/></node>
  <node id="650" lat="37.482" lon="-121.59400000000001"><tag k="name" v="Location 649"/></node>
  <node id="651" lat="37.482" lon="-121.584"><tag k="name" v="Location 650"/></node>
  <node id="652" lat="37.482" lon="-121.574"><tag k="name" v="Location 651"/></node>
  <node id="653" lat="37.482" lon="-121.56400000000001"><tag k="name" v="Location 652"/></node>
  <node id="654" lat="37.482" lon="-121.554"><tag k="name" v="Location 653"/></node>
  <node id="655" lat="37.482" lon="-121.544"><tag k="name" v="Location 654"/></node>
  <node id="656" lat="37.482" lon="-121.534"><tag k="name" v="Location 655"/></node>
  <node id="657" lat="37.482" lon="-121.524"><tag k="name" v="Location 656"/></node>
  <node id="658" lat="37.482" lon="-121.51400000000001"><tag k="name" v="Location 657"/></node>
  <node id="659" lat="37.482" lon="-121.504"><tag k="name" v="Location 658"/></node>
  <node id="660" lat="37.482" lon="-121.494"><tag k="name" v="Location 659"/></node>
  <node id="661" lat="37.482" lon="-121.48400000000001"><tag k="name" v="Location 660"/></node>
  <node id="662" lat="37.482" lon="-121.474"><tag k="name" v="Location 661"/></node>
  <node id="663" lat="37.482" lon="-121.464"><tag k="name" v="Location 662"/></node>
  <node id="664" lat="37.482" lon="-121.45400000000001"><tag k="name" v="Location 663"/></node>
  <node id="665" lat="37.482" lon="-121.444"><tag k="name" v="Location 664"/></node>
  <node id="666" lat="37.482" lon="-121.434"><tag k="name" v="Location 665"/></node>
  <node id="667" lat="37.482" lon="-121.424"><tag k="name" v="Location 666"/></node>
  <node id="668" lat="37.482" lon="-121.414"><tag k="name" v="Location 667"/></node>
  <node id="669" lat="37.482" lon="-121.404"><tag k="name" v="Location 668"/></node>
  <node id="670" lat="37.482" lon="-121.394"><tag k="name" v="Location 669"/></node>
  <node id="671" lat="37.482" lon="-121.384"><tag k="name" v="Location 670"/></node>
  <node id="672" lat="37.482" lon="-121.37400000000001"><tag k="name" v="Location 671"/></node>
  <node id="673" lat="37.482" lon="-121.364"><tag k="name" v="Location 672"/></node>
  <node id="674" lat="37.482" lon="-121.354"><tag k="name" v="Location 673"/></node>
  <node id="675" lat="37.482" lon="-121.34400000000001"><tag k="name" v="Location 674"/></node>
  <node id="676" lat="37.482" lon="-121.334"><tag k="name" v="Location 675"/></node>
  <node id="677" lat="37.482" lon="-121.324"><tag k="name" v="Location 676"/></node>
  <node id="678" lat="37.482" lon="-121.31400000000001"><tag k="name" v="Location 677"/></node>
  <node id="679" lat="37.482" lon="-121.304"><tag k="name" v="Location 678"/></node>
  <node id="680" lat="37.482" lon="-121.294"><tag k="name" v="Location 679"/></node>
  <node id="681" lat="37.482" lon="-121.284"><tag k="name" v="Location 680"/></node>
  <node id="682" lat="37.482" lon="-121.274"><tag k="name" v="Location 681"/></node>
  <node id="683" lat="37.482" lon="-121.26400000000001"><tag k="name" v="Location 682"/></node>
  <node id="684" lat="37.482" lon="-121.254"><tag k="name" v="Location 683"/></node>
  <node id="685" lat="37.482" lon="-121.244"><tag k="name" v="Location 684"/></node>
  <node id="686" lat="37.482" lon="-121.23400000000001"><tag k="name" v="Location 685"/></node>
  <node id="687" lat="37.482" lon="-121.224"><tag k="name" v="Location 686"/></node>
  <node id="688" lat="37.482" lon="-121.214"><tag k="name" v="Location 687"/></node>
  <node id="689" lat="37.482" lon="-121.20400000000001"><tag k="name" v="Location 688"/></node>
  <node id="690" lat="37.482" lon="-121.194"><tag k="name" v="Location 689"/></node>
  <node id="691" lat="37.482" lon="-121.184"><tag k="name" v="Location 690"/></node>
  <node id="692" lat="37.482" lon="-121.174"><tag k="name" v="Location 691"/></node>
  <node id="693" lat="37.482" lon="-121.164"><tag k="name" v="Location 692"/></node>
  <node id="694" lat="37.482" lon="-121.154"><tag k="name" v="Location 693"/></node>
  <node id="695" lat="37.482" lon="-121.144"><tag k="name" v="Location 694"/></node>
  <node id="696" lat="37.482" lon="-121.134"><tag k="name" v="Location 695"/></node>
  <node id="697" lat="37.482" lon="-121.12400000000001"><tag k="name" v="Location 696"/></node>
  <node id="698" lat="37.482" lon="-121.114"><tag k="name" v="Location 697"/></node>
  <node id="699" lat="37.482" lon="-121.104"><tag k="name" v="Location 698"/></node>
  <node id="700" lat="37.482" lon="-121.09400000000001"><tag k="name" v="Location 699"/></node>
  <node id="701" lat="37.492" lon="-122.084"><tag k="name" v="Location 700"/></node>
  <node id="702" lat="37.492" lon="-122.074"><tag k="name" v="Location 701"/></node>
  <node id="703" lat="37.492" lon="-122.06400000000001"><tag k="name" v="Location 702"/></node>
  <node id="704" lat="37.492" lon="-122.054"><tag k="name" v="Location 703"/></node>
  <node id="705" lat="37.492" lon="-122.044"><tag k="name" v="Location 704"/></node>
  <node id="706" lat="37.492" lon="-122.034"><tag k="name" v="Location 705"/></node>
  <node id="707" lat="37.492" lon="-122.024"><tag k="name" v="Location 706"/></node>
  <node id="708" lat="37.492" lon="-122.01400000000001"><tag k="name" v="Location 707"/></node>
  <node id="709" lat="37.492" lon="-122.004"><tag k="name" v="Location 708"/></node>
  <node id="710" lat="37.492" lon="-121.994"><tag k="name" v="Location 709"/></node>
  <node id="711" lat="37.492" lon="-121.98400000000001"><tag k="name" v="Location 710"/></node>
  <node id="712" lat="37.492" lon="-121.974"><tag k="name" v="Location 711"/></node>
  <node id="713" lat="37.492" lon="-121.964"><tag k="name" v="Location 712"/></node>
  <node id="714" lat="37.492" lon="-121.95400000000001"><tag k="name" v="Location 713"/></node>
  <node id="715" lat="37.492" lon="-121.944"><tag k="name" v="Location 714"/></node>
  <node id="716" lat="37.492" lon="-121.934"><tag k="name" v="Location 715"/></node>
  <node id="717" lat="37.492" lon="-121.924"><tag k="name" v="Location 716"/></node>
  <node id="718" lat="37.492" lon="-121.914"><tag k="name" v="Location 717"/></node>
  <node id="719" lat="37.492" lon="-121.904"><tag k="name" v="Location 718"/></node>
  <node id="720" lat="37.492" lon="-121.894"><tag k="name" v="Location 719"/></node>
  <node id="721" lat="37.492" lon="-121.884"><tag k="name" v="Location 720"/></node>
  <node id="722" lat="37.492" lon="-121.87400000000001"><tag k="name" v="Location 721"/></node>
  <node id="723" lat="37.492" lon="-121.864"><tag k="name" v="Location 722"/></node>
  <node id="724" lat="37.492" lon="-121.854"><tag k="name" v="Location 723"/></node>
  <node id="725" lat="37.492" lon="-121.84400000000001"><tag k="name" v="Location 724"/></node>
  <node id="726" lat="37.492" lon="-121.834"><tag k="name" v="Location 725"/></node>
  <node id="727" lat="37.492" lon="-121.824"><tag k="name" v="Location 726"/></node>
  <node id="728" lat="37.492" lon="-121.81400000000001"><tag k="name" v="Location 727"/></node>
  <node id="729" lat="37.492" lon="-121.804"><tag k="name" v="Location 728"/></node>
  <node id="730" lat="37.492" lon="-121.794"><tag k="name" v="Location 729"/></node>
  <node id="731" lat="37.492" lon="-121.784"><tag k="name" v="Location 730"/></node>
  <node id="732" lat="37.492" lon="-121.774"><tag k="name" v="Location 731"/></node>
  <node id="733" lat="37.492" lon="-121.76400000000001"><tag k="name" v="Location 732"/></node>
  <node id="734" lat="37.492" lon="-121.754"><tag k="name" v="Location 733"/></node>
  <node id="735" lat="37.492" lon="-121.744"><tag k="name" v="Location 734"/></node>
  <node id="736" lat="37.492" lon="-121.73400000000001"><tag k="name" v="Location 735"/></node>
  <node id="737" lat="37.492" lon="-121.724"><tag k="name" v="Location 736"/></node>
  <node id="738" lat="37.492" lon="-121.714"><tag k="name" v="Location 737"/></node>
  <node id="739" lat="37.492" lon="-121.70400000000001"><tag k="name" v="Location 738"/></node>
  <node id="740" lat="37.492" lon="-121.694"><tag k="name" v="Location 739"/></node>
  <node id="741" lat="37.492" lon="-121.684"><tag k="name" v="Location 740"/></node>
  <node id="742" lat="37.492" lon="-121.674"><tag k="name" v="Location 741"/></node>
  <node id="743" lat="37.492" lon="-121.664"><tag k="name" v="Location 742"/></node>
  <node id="744" lat="37.492" lon="-121.654"><tag k="name" v="Location 743"/></node>
  <node id="745" lat="37.492" lon="-121.644"><tag k="name" v="Location 744"/></node>
  <node id="746" lat="37.492" lon="-121.634"><tag k="name" v="Location 745"/></node>
  <node id="747" lat="37.492" lon="-121.62400000000001"><tag k="name" v="Location 746"/></node>
  <node id="748" lat="37.492" lon="-121.614"><tag k="name" v="Location 747"/></node>
  <node id="749" lat="37.492" lon="-121.604"><tag k="name" v="Location 748"/></node>
  <node id="750" lat="37.492" lon="-121.59400000000001"><tag k="name" v="Location 749"/></node>
  <node id="751" lat="37.492" lon="-121.584"><tag k="name" v="Location 750"/></node>
  <node id="752" lat="37.492" lon="-121.574"><tag k="name" v="Location 751"/></node>
  <node id="753" lat="37.492" lon="-121.56400000000001"><tag k="name" v="Location 752"/></node>
  <node id="754" lat="37.492" lon="-121.554"><tag k="name" v="Location 753"/></node>
  <node id="755" lat="37.492" lon="-121.544"><tag k="name" v="Location 754"/></node>
  <node id="756" lat="37.492" lon="-121.534"><tag k="name" v="Location 755"/></node>
  <node id="757" lat="37.492" lon="-121.524"><tag k="name" v="Location 756"/></node>
  <node id="758" lat="37.492" lon="-121.51400000000001"><tag k="name" v="Location 757"/></node>
  <node id="759" lat="37.492" lon="-121.504"><tag k="name" v="Location 758"/></node>
  <node id="760" lat="37.492" lon="-121.494"><tag k="name" v="Location 759"/></node>
  <node id="761" lat="37.492" lon="-121.48400000000001"><tag k="name" v="Location 760"/></node>
  <node id="762" lat="37.492" lon="-121.474"><tag k="name" v="Location 761"/></node>
  <node id="763" lat="37.492" lon="-121.464"><tag k="name" v="Location 762"/></node>
  <node id="764" lat="37.492" lon="-121.45400000000001"><tag k="name" v="Location 763"/></node>
  <node id="765" lat="37.492" lon="-121.444"><tag k="name" v="Location 764"/></node>
  <node id="766" lat="37.492" lon="-121.434"><tag k="name" v="Location 765"/></node>
  <node id="767" lat="37.492" lon="-121.424"><tag k="name" v="Location 766"/></node>
  <node id="768" lat="37.492" lon="-121.414"><tag k="name" v="Location 767"/></node>
  <node id="769" lat="37.492" lon="-121.404"><tag k="name" v="Location 768"/></node>
  <node id="770" lat="37.492" lon="-121.394"><tag k="name" v="Location 769"/></node>
  <node id="771" lat="37.492" lon="-121.384"><tag k="name" v="Location 770"/></node>
  <node id="772" lat="37.492" lon="-121.37400000000001"><tag k="name" v="Location 771"/></node>
  <node id="773" lat="37.492" lon="-121.364"><tag k="name" v="Location 772"/></node>
  <node id="774" lat="37.492" lon="-121.354"><tag k="name" v="Location 773"/></node>
  <node id="775" lat="37.492" lon="-121.34400000000001"><tag k="name" v="Location 774"/></node>
  <node id="776" lat="37.492" lon="-121.334"><tag k="name" v="Location 775"/></node>
  <node id="777" lat="37.492" lon="-121.324"><tag k="name" v="Location 776"/></node>
  <node id="778" lat="37.492" lon="-121.31400000000001"><tag k="name" v="Location 777"/></node>
  <node id="779" lat="37.492" lon="-121.304"><tag k="name" v="Location 778"/></node>
  <node id="780" lat="37.492" lon="-121.294"><tag k="name" v="Location 779"/></node>
  <node id="781" lat="37.492" lon="-121.284"><tag k="name" v="Location 780"/></node>
  <node id="782" lat="37.492" lon="-121.274"><tag k="name" v="Location 781"/></node>
  <node id="783" lat="37.492" lon="-121.26400000000001"><tag k="name" v="Location 782"/></node>
  <node id="784" lat="37.492" lon="-121.254"><tag k="name" v="Location 783"/></node>
  <node id="785" lat="37.492" lon="-121.244"><tag k="name" v="Location 784"/></node>
  <node id="786" lat="37.492" lon="-121.23400000000001"><tag k="name" v="Location 785"/></node>
  <node id="787" lat="37.492" lon="-121.224"><tag k="name" v="Location 786"/></node>
  <node id="788" lat="37.492" lon="-121.214"><tag k="name" v="Location 787"/></node>
  <node id="789" lat="37.492" lon="-121.20400000000001"><tag k="name" v="Location 788"/></node>
  <node id="790" lat="37.492" lon="-121.194"><tag k="name" v="Location 789"/></node>
  <node id="791" lat="37.492" lon="-121.184"><tag k="name" v="Location 790"/></node>
  <node id="792" lat="37.492" lon="-121.174"><tag k="name" v="Location 791"/></node>
  <node id="793" lat="37.492" lon="-121.164"><tag k="name" v="Location 792"/></node>
  <node id="794" lat="37.492" lon="-121.154"><tag k="name" v="Location 793"/></node>
  <node id="795" lat="37.492" lon="-121.144"><tag k="name" v="Location 794"/></node>
  <node id="796" lat="37.492" lon="-121.134"><tag k="name" v="Location 795"/></node>
  <node id="797" lat="37.492" lon="-121.12400000000001"><tag k="name" v="Location 796"/></node>
  <node id="798" lat="37.492" lon="-121.114"><tag k="name" v="Location 797"/></node>
  <node id="799" lat="37.492" lon="-121.104"><tag k="name" v="Location 798"/></node>
  <node id="800" lat="37.492" lon="-121.09400000000001"><tag k="name" v="Location 799"/></node>
  <node id="801" lat="37.501999999999995" lon="-122.084"><tag k="name" v="Location 800"/></node>
  <node id="802" lat="37.501999999999995" lon="-122.074"><tag k="name" v="Location 801"/></node>
  <node id="803" lat="37.501999999999995" lon="-122.06400000000001"><tag k="name" v="Location 802"/></node>
  <node id="804" lat="37.501999999999995" lon="-122.054"><tag k="name" v="Location 803"/></node>
  <node id="805" lat="37.501999999999995" lon="-122.044"><tag k="name" v="Location 804"/></node>
  <node id="806" lat="37.501999999999995" lon="-122.034"><tag k="name" v="Location 805"/></node>
  <node id="807" lat="37.501999999999995" lon="-122.024"><tag k="name" v="Location 806"/></node>
  <node id="808" lat="37.501999999999995" lon="-122.01400000000001"><tag k="name" v="Location 807"/></node>
  <node id="809" lat="37.501999999999995" lon="-122.004"><tag k="name" v="Location 808"/></node>
  <node id="810" lat="37.501999999999995" lon="-121.994"><tag k="name" v="Location 809"/></node>
  <node id="811" lat="37.501999999999995" lon="-121.98400000000001"><tag k="name" v="Location 810"/></node>
  <node id="812" lat="37.501999999999995" lon="-121.974"><tag k="name" v="Location 811"/></node>
  <node id="813" lat="37.501999999999995" lon="-121.964"><tag k="name" v="Location 812"/></node>
  <node id="814" lat="37.501999999999995" lon="-121.95400000000001"><tag k="name" v="Location 813"/></node>
  <node id="815" lat="37.501999999999995" lon="-121.944"><tag k="name" v="Location 814"/></node>
  <node id="816" lat="37.501999999999995" lon="-121.934"><tag k="name" v="Location 815"/></node>
  <node id="817" lat="37.501999999999995" lon="-121.924"><tag k="name" v="Location 816"/></node>
  <node id="818" lat="37.501999999999995" lon="-121.914"><tag k="name" v="Location 817"/></node>
  <node id="819" lat="37.501999999999995" lon="-121.904"><tag k="name" v="Location 818"/></node>
  <node id="820" lat="37.501999999999995" lon="-121.894"><tag k="name" v="Location 819"/></node>
  <node id="821" lat="37.501999999999995" lon="-121.884"><tag k="name" v="Location 820"/></node>
  <node id="822" lat="37.501999999999995" lon="-121.87400000000001"><tag k="name" v="Location 821"/></node>
  <node id="823" lat="37.501999999999995" lon="-121.864"><tag k="name" v="Location 822"/></node>
  <node id="824" lat="37.501999999999995" lon="-121.854"><tag k="name" v="Location 823"/></node>
  <node id="825" lat="37.501999999999995" lon="-121.84400000000001"><tag k="name" v="Location 824"/></node>
  <node id="826" lat="37.501999999999995" lon="-121.834"><tag k="name" v="Location 825"/></node>
  <node id="827" lat="37.501999999999995" lon="-121.824"><tag k="name" v="Location 826"/></node>
  <node id="828" lat="37.501999999999995" lon="-121.81400000000001"><tag k="name" v="Location 827"/></node>
  <node id="829" lat="37.501999999999995" lon="-121.804"><tag k="name" v="Location 828"/></node>
  <node id="830" lat="37.501999999999995" lon="-121.794"><tag k="name" v="Location 829"/></node>
  <node id="831" lat="37.501999999999995" lon="-121.784"><tag k="name" v="Location 830"/></node>
  <node id="832" lat="37.501999999999995" lon="-121.774"><tag k="name" v="Location 831"/></node>
  <node id="833" lat="37.501999999999995" lon="-121.76400000000001"><tag k="name" v="Location 832"/></node>
  <node id="834" lat="37.501999999999995" lon="-121.754"><tag k="name" v="Location 833"/></node>
  <node id="835" lat="37.501999999999995" lon="-121.744"><tag k="name" v="Location 834"/></node>
  <node id="836" lat="37.501999999999995" lon="-121.73400000000001"><tag k="name" v="Location 835"/></node>
  <node id="837" lat="37.501999999999995" lon="-121.724"><tag k="name" v="Location 836"/></node>
  <node id="838" lat="37.501999999999995" lon="-121.714"><tag k="name" v="Location 837"/></node>
  <node id="839" lat="37.501999999999995" lon="-121.70400000000001"><tag k="name" v="Location 838"/></node>
  <node id="840" lat="37.501999999999995" lon="-121.694"><tag k="name" v="Location 839"/></node>
  <node id="841" lat="37.501999999999995" lon="-121.684"><tag k="name" v="Location 840"/></node>
  <node id="842" lat="37.501999999999995" lon="-121.674"><tag k="name" v="Location 841"/></node>
  <node id="843" lat="37.501999999999995" lon="-121.664"><tag k="name" v="Location 842"/></node>
  <node id="844" lat="37.501999999999995" lon="-121.654"><tag k="name" v="Location 843"/></node>
  <node id="845" lat="37.501999999999995" lon="-121.644"><tag k="name" v="Location 844"/></node>
  <node id="846" lat="37.501999999999995" lon="-121.634"><tag k="name" v="Location 845"/></node>
  <node id="847" lat="37.501999999999995" lon="-121.62400000000001"><tag k="name" v="Location 846"/></node>
  <node id="848" lat="37.501999999999995" lon="-121.614"><tag k="name" v="Location 847"/></node>
  <node id="849" lat="37.501999999999995" lon="-121.604"><tag k="name" v="Location 848"/></node>
  <node id="850" lat="37.501999999999995" lon="-121.59400000000001"><tag k="name" v="Location 849"/></node>
  <node id="851" lat="37.501999999999995" lon="-121.584"><tag k="name" v="Location 850"/></node>
  <node id="852" lat="37.501999999999995" lon="-121.574"><tag k="name" v="Location 851"/></node>
  <node id="853" lat="37.501999999999995" lon="-121.56400000000001"><tag k="name" v="Location 852"/></node>
  <node id="854" lat="37.501999999999995" lon="-121.554"><tag k="name" v="Location 853"/></node>
  <node id="855" lat="37.501999999999995" lon="-121.544"><tag k="name" v="Location 854"/></node>
  <node id="856" lat="37.501999999999995" lon="-121.534"><tag k="name" v="Location 855"/></node>
  <node id="857" lat="37.501999999999995" lon="-121.524"><tag k="name" v="Location 856"/></node>
  <node id="858" lat="37.501999999999995" lon="-121.51400000000001"><tag k="name" v="Location 857"/></node>
  <node id="859" lat="37.501999999999995" lon="-121.504"><tag k="name" v="Location 858"/></node>
  <node id="860" lat="37.501999999999995" lon="-121.494"><tag k="name" v="Location 859"/></node>
  <node id="861" lat="37.501999999999995" lon="-121.48400000000001"><tag k="name" v="Location 860"/></node>
  <node id="862" lat="37.501999999999995" lon="-121.474"><tag k="name" v="Location 861"/></node>
  <node id="863" lat="37.501999999999995" lon="-121.464"><tag k="name" v="Location 862"/></node>
  <node id="864" lat="37.501999999999995" lon="-121.45400000000001"><tag k="name" v="Location 863"/></node>
  <node id="865" lat="37.501999999999995" lon="-121.444"><tag k="name" v="Location 864"/></node>
  <node id="866" lat="37.501999999999995" lon="-121.434"><tag k="name" v="Location 865"/></node>
  <node id="867" lat="37.501999999999995" lon="-121.424"><tag k="name" v="Location 866"/></node>
  <node id="868" lat="37.501999999999995" lon="-121.414"><tag k="name" v="Location 867"/></node>
  <node id="869" lat="37.501999999999995" lon="-121.404"><tag k="name" v="Location 868"/></node>
  <node id="870" lat="37.501999999999995" lon="-121.394"><tag k="name" v="Location 869"/></node>
  <node id="871" lat="37.501999999999995" lon="-121.384"><tag k="name" v="Location 870"/></node>
  <node id="872" lat="37.501999999999995" lon="-121.37400000000001"><tag k="name" v="Location 871"/></node>
  <node id="873" lat="37.501999999999995" lon="-121.364"><tag k="name" v="Location 872"/></node>
  <node id="874" lat="37.501999999999995" lon="-121.354"><tag k="name" v="Location 873"/></node>
  <node id="875" lat="37.501999999999995" lon="-121.34400000000001"><tag k="name" v="Location 874"/></node>
  <node id="876" lat="37.501999999999995" lon="-121.334"><tag k="name" v="Location 875"/></node>
  <node id="877" lat="37.501999999999995" lon="-121.324"><tag k="name" v="Location 876"/></node>
  <node id="878" lat="37.501999999999995" lon="-121.31400000000001"><tag k="name" v="Location 877"/></node>
  <node id="879" lat="37.501999999999995" lon="-121.304"><tag k="name" v="Location 878"/></node>
  <node id="880" lat="37.501999999999995" lon="-121.294"><tag k="name" v="Location 879"/></node>
  <node id="881" lat="37.501999999999995" lon="-121.284"><tag k="name" v="Location 880"/></node>
  <node id="882" lat="37.501999999999995" lon="-121.274"><tag k="name" v="Location 881"/></node>
  <node id="883" lat="37.501999999999995" lon="-121.26400000000001"><tag k="name" v="Location 882"/></node>
  <node id="884" lat="37.501999999999995" lon="-121.254"><tag k="name" v="Location 883"/></node>
  <node id="885" lat="37.501999999999995" lon="-121.244"><tag k="name" v="Location 884"/></node>
  <node id="886" lat="37.501999999999995" lon="-121.23400000000001"><tag k="name" v="Location 885"/></node>
  <node id="887" lat="37.501999999999995" lon="-121.224"><tag k="name" v="Location 886"/></node>
  <node id="888" lat="37.501999999999995" lon="-121.214"><tag k="name" v="Location 887"/></node>
  <node id="889" lat="37.501999999999995" lon="-121.20400000000001"><tag k="name" v="Location 888"/></node>
  <node id="890" lat="37.501999999999995" lon="-121.194"><tag k="name" v="Location 889"/></node>
  <node id="891" lat="37.501999999999995" lon="-121.184"><tag k="name" v="Location 890"/></node>
  <node id="892" lat="37.501999999999995" lon="-121.174"><tag k="name" v="Location 891"/></node>
  <node id="893" lat="37.501999999999995" lon="-121.164"><tag k="name" v="Location 892"/></node>
  <node id="894" lat="37.501999999999995" lon="-121.154"><tag k="name" v="Location 893"/></node>
  <node id="895" lat="37.501999999999995" lon="-121.144"><tag k="name" v="Location 894"/></node>
  <node id="896" lat="37.501999999999995" lon="-121.134"><tag k="name" v="Location 895"/></node>
  <node id="897" lat="37.501999999999995" lon="-121.12400000000001"><tag k="name" v="Location 896"/></node>
  <node id="898" lat="37.501999999999995" lon="-121.114"><tag k="name" v="Location 897"/></node>
  <node id="899" lat="37.501999999999995" lon="-121.104"><tag k="name" v="Location 898"/></node>
  <node id="900" lat="37.501999999999995" lon="-121.09400000000001"><tag k="name" v="Location 899"/></node>
  <node id="901" lat="37.512" lon="-122.084"><tag k="name" v="Location 900"/></node>
  <node id="902" lat="37.512" lon="-122.074"><tag k="name" v="Location 901"/></node>
  <node id="903" lat="37.512" lon="-122.06400000000001"><tag k="name" v="Location 902"/></node>
  <node id="904" lat="37.512" lon="-122.054"><tag k="name" v="Location 903"/></node>
  <node id="905" lat="37.512" lon="-122.044"><tag k="name" v="Location 904"/></node>
  <node id="906" lat="37.512" lon="-122.034"><tag k="name" v="Location 905"/></node>
  <node id="907" lat="37.512" lon="-122.024"><tag k="name" v="Location 906"/></node>
  <node id="908" lat="37.512" lon="-122.01400000000001"><tag k="name" v="Location 907"/></node>
  <node id="909" lat="37.512" lon="-122.004"><tag k="name" v="Location 908"/></node>
  <node id="910" lat="37.512" lon="-121.994"><tag k="name" v="Location 909"/></node>
  <node id="911" lat="37.512" lon="-121.98400000000001"><tag k="name" v="Location 910"/></node>
  <node id="912" lat="37.512" lon="-121.974"><tag k="name" v="Location 911"/></node>
  <node id="913" lat="37.512" lon="-121.964"><tag k="name" v="Location 912"/></node>
  <node id="914" lat="37.512" lon="-121.95400000000001"><tag k="name" v="Location 913"/></node>
  <node id="915" lat="37.512" lon="-121.944"><tag k="name" v="Location 914"/></node>
  <node id="916" lat="37.512" lon="-121.934"><tag k="name" v="Location 915"/></node>
  <node id="917" lat="37.512" lon="-121.924"><tag k="name" v="Location 916"/></node>
  <node id="918" lat="37.512" lon="-121.914"><tag k="name" v="Location 917"/></node>
  <node id="919" lat="37.512" lon="-121.904"><tag k="name" v="Location 918"/></node>
  <node id="920" lat="37.512" lon="-121.894"><tag k="name" v="Location 919"/></node>
  <node id="921" lat="37.512" lon="-121.884"><tag k="name" v="Location 920"/></node>
  <node id="922" lat="37.512" lon="-121.87400000000001"><tag k="name" v="Location 921"/></node>
  <node id="923" lat="37.512" lon="-121.864"><tag k="name" v="Location 922"/></node>
  <node id="924" lat="37.512" lon="-121.854"><tag k="name" v="Location 923"/></node>
  <node id="925" lat="37.512" lon="-121.84400000000001"><tag k="name" v="Location 924"/></node>
  <node id="926" lat="37.512" lon="-121.834"><tag k="name" v="Location 925"/></node>
  <node id="927" lat="37.512" lon="-121.824"><tag k="name" v="Location 926"/></node>
  <node id="928" lat="37.512" lon="-121.81400000000001"><tag k="name" v="Location 927"/></node>
  <node id="929" lat="37.512" lon="-121.804"><tag k="name" v="Location 928"/></node>
  <node id="930" lat="37.512" lon="-121.794"><tag k="name" v="Location 929"/></node>
  <node id="931" lat="37.512" lon="-121.784"><tag k="name" v="Location 930"/></node>
  <node id="932" lat="37.512" lon="-121.774"><tag k="name" v="Location 931"/></node>
  <node id="933" lat="37.512" lon="-121.76400000000001"><tag k="name" v="Location 932"/></node>
  <node id="934" lat="37.512" lon="-121.754"><tag k="name" v="Location 933"/></node>
  <node id="935" lat="37.512" lon="-121.744"><tag k="name" v="Location 934"/></node>
  <node id="936" lat="37.512" lon="-121.73400000000001"><tag k="name" v="Location 935"/></node>
  <node id="937" lat="37.512" lon="-121.724"><tag k="name" v="Location 936"/></node>
  <node id="938" lat="37.512" lon="-121.714"><tag k="name" v="Location 937"/></node>
  <node id="939" lat="37.512" lon="-121.70400000000001"><tag k="name" v="Location 938"/></node>
  <node id="940" lat="37.512" lon="-121.694"><tag k="name" v="Location 939"/></node>
  <node id="941" lat="37.512" lon="-121.684"><tag k="name" v="Location 940"/></node>
  <node id="942" lat="37.512" lon="-121.674"><tag k="name" v="Location 941"/></node>
  <node id="943" lat="37.512" lon="-121.664"><tag k="name" v="Location 942"/></node>
  <node id="944" lat="37.512" lon="-121.654"><tag k="name" v="Location 943"/></node>
  <node id="945" lat="37.512" lon="-121.644"><tag k="name" v="Location 944"/></node>
  <node id="946" lat="37.512" lon="-121.634"><tag k="name" v="Location 945"/></node>
  <node id="947" lat="37.512" lon="-121.62400000000001"><tag k="name" v="Location 946"/></node>
  <node id="948" lat="37.512" lon="-121.614"><tag k="name" v="Location 947"/></node>
  <node id="949" lat="37.512" lon="-121.604"><tag k="name" v="Location 948"/></node>
  <node id="950" lat="37.512" lon="-121.59400000000001"><tag k="name" v="Location 949"/></node>
  <node id="951" lat="37.512" lon="-121.584"><tag k="name" v="Location 950"/></node>
  <node id="952" lat="37.512" lon="-121.574"><tag k="name" v="Location 951"/></node>
  <node id="953" lat="37.512" lon="-121.56400000000001"><tag k="name" v="Location 952"/></node>
  <node id="954" lat="37.512" lon="-121.554"><tag k="name" v="Location 953"/></node>
  <node id="955" lat="37.512" lon="-121.544"><tag k="name" v="Location 954"/></node>
  <node id="956" lat="37.512" lon="-121.534"><tag k="name" v="Location 955"/></node>
  <node id="957" lat="37.512" lon="-121.524"><tag k="name" v="Location 956"/></node>
  <node id="958" lat="37.512" lon="-121.51400000000001"><tag k="name" v="Location 957"/></node>
  <node id="959" lat="37.512" lon="-121.504"><tag k="name" v="Location 958"/></node>
  <node id="960" lat="37.512" lon="-121.494"><tag k="name" v="Location 959"/></node>
  <node id="961" lat="37.512" lon="-121.48400000000001"><tag k="name" v="Location 960"/></node>
  <node id="962" lat="37.512" lon="-121.474"><tag k="name" v="Location 961"/></node>
  <node id="963" lat="37.512" lon="-121.464"><tag k="name" v="Location 962"/></node>
  <node id="964" lat="37.512" lon="-121.45400000000001"><tag k="name" v="Location 963"/></node>
  <node id="965" lat="37.512" lon="-121.444"><tag k="name" v="Location 964"/></node>
  <node id="966" lat="37.512" lon="-121.434"><tag k="name" v="Location 965"/></node>
  <node id="967" lat="37.512" lon="-121.424"><tag k="name" v="Location 966"/></node>
  <node id="968" lat="37.512" lon="-121.414"><tag k="name" v="Location 967"/></node>
  <node id="969" lat="37.512" lon="-121.404"><tag k="name" v="Location 968"/></node>
  <node id="970" lat="37.512" lon="-121.394"><tag k="name" v="Location 969"/></node>
  <node id="971" lat="37.512" lon="-121.384"><tag k="name" v="Location 970"/></node>
  <node id="972" lat="37.512" lon="-121.37400000000001"><tag k="name" v="Location 971"/></node>
  <node id="973" lat="37.512" lon="-121.364"><tag k="name" v="Location 972"/></node>
  <node id="974" lat="37.512" lon="-121.354"><tag k="name" v="Location 973"/></node>
  <node id="975" lat="37.512" lon="-121.34400000000001"><tag k="name" v="Location 974"/></node>
  <node id="976" lat="37.512" lon="-121.334"><tag k="name" v="Location 975"/></node>
  <node id="977" lat="37.512" lon="-121.324"><tag k="name" v="Location 976"/></node>
  <node id="978" lat="37.512" lon="-121.31400000000001"><tag k="name" v="Location 977"/></node>
  <node id="979" lat="37.512" lon="-121.304"><tag k="name" v="Location 978"/></node>
  <node id="980" lat="37.512" lon="-121.294"><tag k="name" v="Location 979"/></node>
  <node id="981" lat="37.512" lon="-121.284"><tag k="name" v="Location 980"/></node>
  <node id="982" lat="37.512" lon="-121.274"><tag k="name" v="Location 981"/></node>
  <node id="983" lat="37.512" lon="-121.26400000000001"><tag k="name" v="Location 982"/></node>
  <node id="984" lat="37.512" lon="-121.254"><tag k="name" v="Location 983"/></node>
  <node id="985" lat="37.512" lon="-121.244"><tag k="name" v="Location 984"/></node>
  <node id="986" lat="37.512" lon="-121.23400000000001"><tag k="name" v="Location 985"/></node>
  <node id="987" lat="37.512" lon="-121.224"><tag k="name" v="Location 986"/></node>
  <node id="988" lat="37.512" lon="-121.214"><tag k="name" v="Location 987"/></node>
  <node id="989" lat="37.512" lon="-121.20400000000001"><tag k="name" v="Location 988"/></node>
  <node id="990" lat="37.512" lon="-121.194"><tag k="name" v="Location 989"/></node>
  <node id="991" lat="37.512" lon="-121.184"><tag k="name" v="Location 990"/></node>
  <node id="992" lat="37.512" lon="-121.174"><tag k="name" v="Location 991"/></node>
  <node id="993" lat="37.512" lon="-121.164"><tag k="name" v="Location 992"/></node>
  <node id="994" lat="37.512" lon="-121.154"><tag k="name" v="Location 993"/></node>
  <node id="995" lat="37.512" lon="-121.144"><tag k="name" v="Location 994"/></node>
  <node id="996" lat="37.512" lon="-121.134"><tag k="name" v="Location 995"/></node>
  <node id="997" lat="37.512" lon="-121.12400000000001"><tag k="name" v="Location 996"/></node>
  <node id="998" lat="37.512" lon="-121.114"><tag k="name" v="Location 997"/></node>
  <node id="999" lat="37.512" lon="-121.104"><tag k="name" v="Location 998"/></node>
  <node id="1000" lat="37.512" lon="-121.09400000000001"><tag k="name" v="Location 999"/></node>
  <node id="1001" lat="37.522" lon="-122.084"><tag k="name" v="Location 1000"/></node>
  <node id="1002" lat="37.522" lon="-122.074"><tag k="name" v="Location 1001"/></node>
  <node id="1003" lat="37.522" lon="-122.06400000000001"><tag k="name" v="Location 1002"/></node>
  <node id="1004" lat="37.522" lon="-122.054"><tag k="name" v="Location 1003"/></node>
  <node id="1005" lat="37.522" lon="-122.044"><tag k="name" v="Location 1004"/></node>
  <node id="1006" lat="37.522" lon="-122.034"><tag k="name" v="Location 1005"/></node>
  <node id="1007" lat="37.522" lon="-122.024"><tag k="name" v="Location 1006"/></node>
  <node id="1008" lat="37.522" lon="-122.01400000000001"><tag k="name" v="Location 1007"/></node>
  <node id="1009" lat="37.522" lon="-122.004"><tag k="name" v="Location 1008"/></node>
  <node id="1010" lat="37.522" lon="-121.994"><tag k="name" v="Location 1009"/></node>
  <node id="1011" lat="37.522" lon="-121.98400000000001"><tag k="name" v="Location 1010"/></node>
  <node id="1012" lat="37.522" lon="-121.974"><tag k="name" v="Location 1011"/></node>
  <node id="1013" lat="37.522" lon="-121.964"><tag k="name" v="Location 1012"/></node>
  <node id="1014" lat="37.522" lon="-121.95400000000001"><tag k="name" v="Location 1013"/></node>
  <node id="1015" lat="37.522" lon="-121.944"><tag k="name" v="Location 1014"/></node>
  <node id="1016" lat="37.522" lon="-121.934"><tag k="name" v="Location 1015"/></node>
  <node id="1017" lat="37.522" lon="-121.924"><tag k="name" v="Location 1016"/></node>
  <node id="1018" lat="37.522" lon="-121.914"><tag k="name" v="Location 1017"/></node>
  <node id="1019" lat="37.522" lon="-121.904"><tag k="name" v="Location 1018"/></node>
  <node id="1020" lat="37.522" lon="-121.894"><tag k="name" v="Location 1019"/></node>
  <node id="1021" lat="37.522" lon="-121.884"><tag k="name" v="Location 1020"/></node>
  <node id="1022" lat="37.522" lon="-121.87400000000001"><tag k="name" v="Location 1021"/></node>
  <node id="1023" lat="37.522" lon="-121.864"><tag k="name" v="Location 1022"/></node>
  <node id="1024" lat="37.522" lon="-121.854"><tag k="name" v="Location 1023"/></node>
  <node id="1025" lat="37.522" lon="-121.84400000000001"><tag k="name" v="Location 1024"/></node>
  <node id="1026" lat="37.522" lon="-121.834"><tag k="name" v="Location 1025"/></node>
  <node id="1027" lat="37.522" lon="-121.824"><tag k="name" v="Location 1026"/></node>
  <node id="1028" lat="37.522" lon="-121.81400000000001"><tag k="name" v="Location 1027"/></node>
  <node id="1029" lat="37.522" lon="-121.804"><tag k="name" v="Location 1028"/></node>
  <node id="1030" lat="37.522" lon="-121.794"><tag k="name" v="Location 1029"/></node>
  <node id="1031" lat="37.522" lon="-121.784"><tag k="name" v="Location 1030"/></node>
  <node id="1032" lat="37.522" lon="-121.774"><tag k="name" v="Location 1031"/></node>
  <node id="1033" lat="37.522" lon="-121.76400000000001"><tag k="name" v="Location 1032"/></node>
  <node id="1034" lat="37.522" lon="-121.754"><tag k="name" v="Location 1033"/></node>
  <node id="1035" lat="37.522" lon="-121.744"><tag k="name" v="Location 1034"/></node>
  <node id="1036" lat="37.522" lon="-121.73400000000001"><tag k="name" v="Location 1035"/></node>
  <node id="1037" lat="37.522" lon="-121.724"><tag k="name" v="Location 1036"/></node>
  <node id="1038" lat="37.522" lon="-121.714"><tag k="name" v="Location 1037"/></node>
  <node id="1039" lat="37.522" lon="-121.70400000000001"><tag k="name" v="Location 1038"/></node>
  <node id="1040" lat="37.522" lon="-121.694"><tag k="name" v="Location 1039"/></node>
  <node id="1041" lat="37.522" lon="-121.684"><tag k="name" v="Location 1040"/></node>
  <node id="1042" lat="37.522" lon="-121.674"><tag k="name" v="Location 1041"/></node>
  <node id="1043" lat="37.522" lon="-121.664"><tag k="name" v="Location 1042"/></node>
  <node id="1044" lat="37.522" lon="-121.654"><tag k="name" v="Location 1043"/></node>
  <node id="1045" lat="37.522" lon="-121.644"><tag k="name" v="Location 1044"/></node>
  <node id="1046" lat="37.522" lon="-121.634"><tag k="name" v="Location 1045"/></node>
  <node id="1047" lat="37.522" lon="-121.62400000000001"><tag k="name" v="Location 1046"/></node>
  <node id="1048" lat="37.522" lon="-121.614"><tag k="name" v="Location 1047"/></node>
  <node id="1049" lat="37.522" lon="-121.604"><tag k="name" v="Location 1048"/></node>
  <node id="1050" lat="37.522" lon="-121.59400000000001"><tag k="name" v="Location 1049"/></node>
  <node id="1051" lat="37.522" lon="-121.584"><tag k="name" v="Location 1050"/></node>
  <node id="1052" lat="37.522" lon="-121.574"><tag k="name" v="Location 1051"/></node>
  <node id="1053" lat="37.522" lon="-121.56400000000001"><tag k="name" v="Location 1052"/></node>
  <node id="1054" lat="37.522" lon="-121.554"><tag k="name" v="Location 1053"/></node>
  <node id="1055" lat="37.522" lon="-121.544"><tag k="name" v="Location 1054"/></node>
  <node id="1056" lat="37.522" lon="-121.534"><tag k="name" v="Location 1055"/></node>
  <node id="1057" lat="37.522" lon="-121.524"><tag k="name" v="Location 1056"/></node>
  <node id="1058" lat="37.522" lon="-121.51400000000001"><tag k="name" v="Location 1057"/></node>
  <node id="1059" lat="37.522" lon="-121.504"><tag k="name" v="Location 1058"/></node>
  <node id="1060" lat="37.522" lon="-121.494"><tag k="name" v="Location 1059"/></node>
  <node id="1061" lat="37.522" lon="-121.48400000000001"><tag k="name" v="Location 1060"/></node>
  <node id="1062" lat="37.522" lon="-121.474"><tag k="name" v="Location 1061"/></node>
  <node id="1063" lat="37.522" lon="-121.464"><tag k="name" v="Location 1062"/></node>
  <node id="1064" lat="37.522" lon="-121.45400000000001"><tag k="name" v="Location 1063"/></node>
  <node id="1065" lat="37.522" lon="-121.444"><tag k="name" v="Location 1064"/></node>
  <node id="1066" lat="37.522" lon="-121.434"><tag k="name" v="Location 1065"/></node>
  <node id="1067" lat="37.522" lon="-121.424"><tag k="name" v="Location 1066"/></node>
  <node id="1068" lat="37.522" lon="-121.414"><tag k="name" v="Location 1067"/></node>
  <node id="1069" lat="37.522" lon="-121.404"><tag k="name" v="Location 1068"/></node>
  <node id="1070" lat="37.522" lon="-121.394"><tag k="name" v="Location 1069"/></node>
  <node id="1071" lat="37.522" lon="-121.384"><tag k="name" v="Location 1070"/></node>
  <node id="1072" lat="37.522" lon="-121.37400000000001"><tag k="name" v="Location 1071"/></node>
  <node id="1073" lat="37.522" lon="-121.364"><tag k="name" v="Location 1072"/></node>
  <node id="1074" lat="37.522" lon="-121.354"><tag k="name" v="Location 1073"/></node>
  <node id="1075" lat="37.522" lon="-121.34400000000001"><tag k="name" v="Location 1074"/></node>
  <node id="1076" lat="37.522" lon="-121.334"><tag k="name" v="Location 1075"/></node>
  <node id="1077" lat="37.522" lon="-121.324"><tag k="name" v="Location 1076"/></node>
  <node id="1078" lat="37.522" lon="-121.31400000000001"><tag k="name" v="Location 1077"/></node>
  <node id="1079" lat="37.522" lon="-121.304"><tag k="name" v="Location 1078"/></node>
  <node id="1080" lat="37.522" lon="-121.294"><tag k="name" v="Location 1079"/></node>
  <node id="1081" lat="37.522" lon="-121.284"><tag k="name" v="Location 1080"/></node>
  <node id="1082" lat="37.522" lon="-121.274"><tag k="name" v="Location 1081"/></node>
  <node id="1083" lat="37.522" lon="-121.26400000000001"><tag k="name" v="Location 1082"/></node>
  <node id="1084" lat="37.522" lon="-121.254"><tag k="name" v="Location 1083"/></node>
  <node id="1085" lat="37.522" lon="-121.244"><tag k="name" v="Location 1084"/></node>
  <node id="1086" lat="37.522" lon="-121.23400000000001"><tag k="name" v="Location 1085"/></node>
  <node id="1087" lat="37.522" lon="-121.224"><tag k="name" v="Location 1086"/></node>
  <node id="1088" lat="37.522" lon="-121.214"><tag k="name" v="Location 1087"/></node>
  <node id="1089" lat="37.522" lon="-121.20400000000001"><tag k="name" v="Location 1088"/></node>
  <node id="1090" lat="37.522" lon="-121.194"><tag k="name" v="Location 1089"/></node>
  <node id="1091" lat="37.522" lon="-121.184"><tag k="name" v="Location 1090"/></node>
  <node id="1092" lat="37.522" lon="-121.174"><tag k="name" v="Location 1091"/></node>
  <node id="1093" lat="37.522" lon="-121.164"><tag k="name" v="Location 1092"/></node>
  <node id="1094" lat="37.522" lon="-121.154"><tag k="name" v="Location 1093"/></node>
  <node id="1095" lat="37.522" lon="-121.144"><tag k="name" v="Location 1094"/></node>
  <node id="1096" lat="37.522" lon="-121.134"><tag k="name" v="Location 1095"/></node>
  <node id="1097" lat="37.522" lon="-121.12400000000001"><tag k="name" v="Location 1096"/></node>
  <node id="1098" lat="37.522" lon="-121.114"><tag k="name" v="Location 1097"/></node>
  <node id="1099" lat="37.522" lon="-121.104"><tag k="name" v="Location 1098"/></node>
  <node id="1100" lat="37.522" lon="-121.09400000000001"><tag k="name" v="Location 1099"/></node>
  <node id="1101" lat="37.532" lon="-122.084"><tag k="name" v="Location 1100"/></node>
  <node id="1102" lat="37.532" lon="-122.074"><tag k="name" v="Location 1101"/></node>
  <node id="1103" lat="37.532" lon="-122.06400000000001"><tag k="name" v="Location 1102"/></node>
  <node id="1104" lat="37.532" lon="-122.054"><tag k="name" v="Location 1103"/></node>
  <node id="1105" lat="37.532" lon="-122.044"><tag k="name" v="Location 1104"/></node>
  <node id="1106" lat="37.532" lon="-122.034"><tag k="name" v="Location 1105"/></node>
  <node id="1107" lat="37.532" lon="-122.024"><tag k="name" v="Location 1106"/></node>
  <node id="1108" lat="37.532" lon="-122.01400000000001"><tag k="name" v="Location 1107"/></node>
  <node id="1109" lat="37.532" lon="-122.004"><tag k="name" v="Location 1108"/></node>
  <node id="1110" lat="37.532" lon="-121.994"><tag k="name" v="Location 1109"/></node>
  <node id="1111" lat="37.532" lon="-121.98400000000001"><tag k="name" v="Location 1110"/></node>
  <node id="1112" lat="37.532" lon="-121.974"><tag k="name" v="Location 1111"/></node>
  <node id="1113" lat="37.532" lon="-121.964"><tag k="name" v="Location 1112"/></node>
  <node id="1114" lat="37.532" lon="-121.95400000000001"><tag k="name" v="Location 1113"/></node>
  <node id="1115" lat="37.532" lon="-121.944"><tag k="name" v="Location 1114"/></node>
  <node id="1116" lat="37.532" lon="-121.934"><tag k="name" v="Location 1115"/></node>
  <node id="1117" lat="37.532" lon="-121.924"><tag k="name" v="Location 1116"/></node>
  <node id="1118" lat="37.532" lon="-121.914"><tag k="name" v="Location 1117"/></node>
  <node id="1119" lat="37.532" lon="-121.904"><tag k="name" v="Location 1118"/></node>
  <node id="1120" lat="37.532" lon="-121.894"><tag k="name" v="Location 1119"/></node>
  <node id="1121" lat="37.532" lon="-121.884"><tag k="name" v="Location 1120"/></node>
  <node id="1122" lat="37.532" lon="-121.87400000000001"><tag k="name" v="Location 1121"/></node>
  <node id="1123" lat="37.532" lon="-121.864"><tag k="name" v="Location 1122"/></node>
  <node id="1124" lat="37.532" lon="-121.854"><tag k="name" v="Location 1123"/></node>
  <node id="1125" lat="37.532" lon="-121.84400000000001"><tag k="name" v="Location 1124"/></node>
  <node id="1126" lat="37.532" lon="-121.834"><tag k="name" v="Location 1125"/></node>
  <node id="1127" lat="37.532" lon="-121.824"><tag k="name" v="Location 1126"/></node>
  <node id="1128" lat="37.532" lon="-121.81400000000001"><tag k="name" v="Location 1127"/></node>
  <node id="1129" lat="37.532" lon="-121.804"><tag k="name" v="Location 1128"/></node>
  <node id="1130" lat="37.532" lon="-121.794"><tag k="name" v="Location 1129"/></node>
  <node id="1131" lat="37.532" lon="-121.784"><tag k="name" v="Location 1130"/></node>
  <node id="1132" lat="37.532" lon="-121.774"><tag k="name" v="Location 1131"/></node>
  <node id="1133" lat="37.532" lon="-121.76400000000001"><tag k="name" v="Location 1132"/></node>
  <node id="1134" lat="37.532" lon="-121.754"><tag k="name" v="Location 1133"/></node>
  <node id="1135" lat="37.532" lon="-121.744"><tag k="name" v="Location 1134"/></node>
  <node id="1136" lat="37.532" lon="-121.73400000000001"><tag k="name" v="Location 1135"/></node>
  <node id="1137" lat="37.532" lon="-121.724"><tag k="name" v="Location 1136"/></node>
  <node id="1138" lat="37.532" lon="-121.714"><tag k="name" v="Location 1137"/></node>
  <node id="1139" lat="37.532" lon="-121.70400000000001"><tag k="name" v="Location 1138"/></node>
  <node id="1140" lat="37.532" lon="-121.694"><tag k="name" v="Location 1139"/></node>
  <node id="1141" lat="37.532" lon="-121.684"><tag k="name" v="Location 1140"/></node>
  <node id="1142" lat="37.532" lon="-121.674"><tag k="name" v="Location 1141"/></node>
  <node id="1143" lat="37.532" lon="-121.664"><tag k="name" v="Location 1142"/></node>
  <node id="1144" lat="37.532" lon="-121.654"><tag k="name" v="Location 1143"/></node>
  <node id="1145" lat="37.532" lon="-121.644"><tag k="name" v="Location 1144"/></node>
  <node id="1146" lat="37.532" lon="-121.634"><tag k="name" v="Location 1145"/></node>
  <node id="1147" lat="37.532" lon="-121.62400000000001"><tag k="name" v="Location 1146"/></node>
  <node id="1148" lat="37.532" lon="-121.614"><tag k="name" v="Location 1147"/></node>
  <node id="1149" lat="37.532" lon="-121.604"><tag k="name" v="Location 1148"/></node>
  <node id="1150" lat="37.532" lon="-121.59400000000001"><tag k="name" v="Location 1149"/></node>
  <node id="1151" lat="37.532" lon="-121.584"><tag k="name" v="Location 1150"/></node>
  <node id="1152" lat="37.532" lon="-121.574"><tag k="name" v="Location 1151"/></node>
  <node id="1153" lat="37.532" lon="-121.56400000000001"><tag k="name" v="Location 1152"/></node>
  <node id="1154" lat="37.532" lon="-121.554"><tag k="name" v="Location 1153"/></node>
  <node id="1155" lat="37.532" lon="-121.544"><tag k="name" v="Location 1154"/></node>
  <node id="1156" lat="37.532" lon="-121.534"><tag k="name" v="Location 1155"/></node>
  <node id="1157" lat="37.532" lon="-121.524"><tag k="name" v="Location 1156"/></node>
  <node id="1158" lat="37.532" lon="-121.51400000000001"><tag k="name" v="Location 1157"/></node>
  <node id="1159" lat="37.532" lon="-121.504"><tag k="name" v="Location 1158"/></node>
  <node id="1160" lat="37.532" lon="-121.494"><tag k="name" v="Location 1159"/></node>
  <node id="1161" lat="37.532" lon="-121.48400000000001"><tag k="name" v="Location 1160"/></node>
  <node id="1162" lat="37.532" lon="-121.474"><tag k="name" v="Location 1161"/></node>
  <node id="1163" lat="37.532" lon="-121.464"><tag k="name" v="Location 1162"/></node>
  <node id="1164" lat="37.532" lon="-121.45400000000001"><tag k="name" v="Location 1163"/></node>
  <node id="1165" lat="37.532" lon="-121.444"><tag k="name" v="Location 1164"/></node>
  <node id="1166" lat="37.532" lon="-121.434"><tag k="name" v="Location 1165"/></node>
  <node id="1167" lat="37.532" lon="-121.424"><tag k="name" v="Location 1166"/></node>
  <node id="1168" lat="37.532" lon="-121.414"><tag k="name" v="Location 1167"/></node>
  <node id="1169" lat="37.532" lon="-121.404"><tag k="name" v="Location 1168"/></node>
  <node id="1170" lat="37.532" lon="-121.394"><tag k="name" v="Location 1169"/></node>
  <node id="1171" lat="37.532" lon="-121.384"><tag k="name" v="Location 1170"/></node>
  <node id="1172" lat="37.532" lon="-121.37400000000001"><tag k="name" v="Location 1171"/></node>
  <node id="1173" lat="37.532" lon="-121.364"><tag k="name" v="Location 1172"/></node>
  <node id="1174" lat="37.532" lon="-121.354"><tag k="name" v="Location 1173"/></node>
  <node id="1175" lat="37.532" lon="-121.34400000000001"><tag k="name" v="Location 1174"/></node>
  <node id="1176" lat="37.532" lon="-121.334"><tag k="name" v="Location 1175"/></node>
  <node id="1177" lat="37.532" lon="-121.324"><tag k="name" v="Location 1176"/></node>
  <node id="1178" lat="37.532" lon="-121.31400000000001"><tag k="name" v="Location 1177"/></node>
  <node id="1179" lat="37.532" lon="-121.304"><tag k="name" v="Location 1178"/></node>
  <node id="1180" lat="37.532" lon="-121.294"><tag k="name" v="Location 1179"/></node>
  <node id="1181" lat="37.532" lon="-121.284"><tag k="name" v="Location 1180"/></node>
  <node id="1182" lat="37.532" lon="-121.274"><tag k="name" v="Location 1181"/></node>
  <node id="1183" lat="37.532" lon="-121.26400000000001"><tag k="name" v="Location 1182"/></node>
  <node id="1184" lat="37.532" lon="-121.254"><tag k="name" v="Location 1183"/></node>
  <node id="1185" lat="37.532" lon="-121.244"><tag k="name" v="Location 1184"/></node>
  <node id="1186" lat="37.532" lon="-121.23400000000001"><tag k="name" v="Location 1185"/></node>
  <node id="1187" lat="37.532" lon="-121.224"><tag k="name" v="Location 1186"/></node>
  <node id="1188" lat="37.532" lon="-121.214"><tag k="name" v="Location 1187"/></node>
  <node id="1189" lat="37.532" lon="-121.20400000000001"><tag k="name" v="Location 1188"/></node>
  <node id="1190" lat="37.532" lon="-121.194"><tag k="name" v="Location 1189"/></node>
  <node id="1191" lat="37.532" lon="-121.184"><tag k="name" v="Location 1190"/></node>
  <node id="1192" lat="37.532" lon="-121.174"><tag k="name" v="Location 1191"/></node>
  <node id="1193" lat="37.532" lon="-121.164"><tag k="name" v="Location 1192"/></node>
  <node id="1194" lat="37.532" lon="-121.154"><tag k="name" v="Location 1193"/></node>
  <node id="1195" lat="37.532" lon="-121.144"><tag k="name" v="Location 1194"/></node>
  <node id="1196" lat="37.532" lon="-121.134"><tag k="name" v="Location 1195"/></node>
  <node id="1197" lat="37.532" lon="-121.12400000000001"><tag k="name" v="Location 1196"/></node>
  <node id="1198" lat="37.532" lon="-121.114"><tag k="name" v="Location 1197"/></node>
  <node id="1199" lat="37.532" lon="-121.104"><tag k="name" v="Location 1198"/></node>
  <node id="1200" lat="37.532" lon="-121.09400000000001"><tag k="name" v="Location 1199"/></node>
  <node id="1201" lat="37.541999999999994" lon="-122.084"><tag k="name" v="Location 1200"/></node>
  <node id="1202" lat="37.541999999999994" lon="-122.074"><tag k="name" v="Location 1201"/></node>
  <node id="1203" lat="37.541999999999994" lon="-122.06400000000001"><tag k="name" v="Location 1202"/></node>
  <node id="1204" lat="37.541999999999994" lon="-122.054"><tag k="name" v="Location 1203"/></node>
  <node id="1205" lat="37.541999999999994" lon="-122.044"><tag k="name" v="Location 1204"/></node>
  <node id="1206" lat="37.541999999999994" lon="-122.034"><tag k="name" v="Location 1205"/></node>
  <node id="1207" lat="37.541999999999994" lon="-122.024"><tag k="name" v="Location 1206"/></node>
  <node id="1208" lat="37.541999999999994" lon="-122.01400000000001"><tag k="name" v="Location 1207"/></node>
  <node id="1209" lat="37.541999999999994" lon="-122.004"><tag k="name" v="Location 1208"/></node>
  <node id="1210" lat="37.541999999999994" lon="-121.994"><tag k="name" v="Location 1209"/></node>
  <node id="1211" lat="37.541999999999994" lon="-121.98400000000001"><tag k="name" v="Location 1210"/></node>
  <node id="1212" lat="37.541999999999994" lon="-121.974"><tag k="name" v="Location 1211"/></node>
  <node id="1213" lat="37.541999999999994" lon="-121.964"><tag k="name" v="Location 1212"/></node>
  <node id="1214" lat="37.541999999999994" lon="-121.95400000000001"><tag k="name" v="Location 1213"/></node>
  <node id="1215" lat="37.541999999999994" lon="-121.944"><tag k="name" v="Location 1214"/></node>
  <node id="1216" lat="37.541999999999994" lon="-121.934"><tag k="name" v="Location 1215"/></node>
  <node id="1217" lat="37.541999999999994" lon="-121.924"><tag k="name" v="Location 1216"/></node>
  <node id="1218" lat="37.541999999999994" lon="-121.914"><tag k="name" v="Location 1217"/></node>
  <node id="1219" lat="37.541999999999994" lon="-121.904"><tag k="name" v="Location 1218"/></node>
  <node id="1220" lat="37.541999999999994" lon="-121.894"><tag k="name" v="Location 1219"/></node>
  <node id="1221" lat="37.541999999999994" lon="-121.884"><tag k="name" v="Location 1220"/></node>
  <node id="1222" lat="37.541999999999994" lon="-121.87400000000001"><tag k="name" v="Location 1221"/></node>
  <node id="1223" lat="37.541999999999994" lon="-121.864"><tag k="name" v="Location 1222"/></node>
  <node id="1224" lat="37.541999999999994" lon="-121.854"><tag k="name" v="Location 1223"/></node>
  <node id="1225" lat="37.541999999999994" lon="-121.84400000000001"><tag k="name" v="Location 1224"/></node>
  <node id="1226" lat="37.541999999999994" lon="-121.834"><tag k="name" v="Location 1225"/></node>
  <node id="1227" lat="37.541999999999994" lon="-121.824"><tag k="name" v="Location 1226"/></node>
  <node id="1228" lat="37.541999999999994" lon="-121.81400000000001"><tag k="name" v="Location 1227"/></node>
  <node id="1229" lat="37.541999999999994" lon="-121.804"><tag k="name" v="Location 1228"/></node>
  <node id="1230" lat="37.541999999999994" lon="-121.794"><tag k="name" v="Location 1229"/></node>
  <node id="1231" lat="37.541999999999994" lon="-121.784"><tag k="name" v="Location 1230"/></node>
  <node id="1232" lat="37.541999999999994" lon="-121.774"><tag k="name" v="Location 1231"/></node>
  <node id="1233" lat="37.541999999999994" lon="-121.76400000000001"><tag k="name" v="Location 1232"/></node>
  <node id="1234" lat="37.541999999999994" lon="-121.754"><tag k="name" v="Location 1233"/></node>
  <node id="1235" lat="37.541999999999994" lon="-121.744"><tag k="name" v="Location 1234"/></node>
  <node id="1236" lat="37.541999999999994" lon="-121.73400000000001"><tag k="name" v="Location 1235"/></node>
  <node id="1237" lat="37.541999999999994" lon="-121.724"><tag k="name" v="Location 1236"/></node>
  <node id="1238" lat="37.541999999999994" lon="-121.714"><tag k="name" v="Location 1237"/></node>
  <node id="1239" lat="37.541999999999994" lon="-121.70400000000001"><tag k="name" v="Location 1238"/></node>
  <node id="1240" lat="37.541999999999994" lon="-121.694"><tag k="name" v="Location 1239"/></node>
  <node id="1241" lat="37.541999999999994" lon="-121.684"><tag k="name" v="Location 1240"/></node>
  <node id="1242" lat="37.541999999999994" lon="-121.674"><tag k="name" v="Location 1241"/></node>
  <node id="1243" lat="37.541999999999994" lon="-121.664"><tag k="name" v="Location 1242"/></node>
  <node id="1244" lat="37.541999999999994" lon="-121.654"><tag k="name" v="Location 1243"/></node>
  <node id="1245" lat="37.541999999999994" lon="-121.644"><tag k="name" v="Location 1244"/></node>
  <node id="1246" lat="37.541999999999994" lon="-121.634"><tag k="name" v="Location 1245"/></node>
  <node id="1247" lat="37.541999999999994" lon="-121.62400000000001"><tag k="name" v="Location 1246"/></node>
  <node id="1248" lat="37.541999999999994" lon="-121.614"><tag k="name" v="Location 1247"/></node>
  <node id="1249" lat="37.541999999999994" lon="-121.604"><tag k="name" v="Location 1248"/></node>
  <node id="1250" lat="37.541999999999994" lon="-121.59400000000001"><tag k="name" v="Location 1249"/></node>
  <node id="1251" lat="37.541999999999994" lon="-121.584"><tag k="name" v="Location 1250"/></node>
  <node id="1252" lat="37.541999999999994" lon="-121.574"><tag k="name" v="Location 1251"/></node>
  <node id="1253" lat="37.541999999999994" lon="-121.56400000000001"><tag k="name" v="Location 1252"/></node>
  <node id="1254" lat="37.541999999999994" lon="-121.554"><tag k="name" v="Location 1253"/></node>
  <node id="1255" lat="37.541999999999994" lon="-121.544"><tag k="name" v="Location 1254"/></node>
  <node id="1256" lat="37.541999999999994" lon="-121.534"><tag k="name" v="Location 1255"/></node>
  <node id="1257" lat="37.541999999999994" lon="-121.524"><tag k="name" v="Location 1256"/></node>
  <node id="1258" lat="37.541999999999994" lon="-121.51400000000001"><tag k="name" v="Location 1257"/></node>
  <node id="1259" lat="37.541999999999994" lon="-121.504"><tag k="name" v="Location 1258"/></node>
  <node id="1260" lat="37.541999999999994" lon="-121.494"><tag k="name" v="Location 1259"/></node>
  <node id="1261" lat="37.541999999999994" lon="-121.48400000000001"><tag k="name" v="Location 1260"/></node>
  <node id="1262" lat="37.541999999999994" lon="-121.474"><tag k="name" v="Location 1261"/></node>
  <node id="1263" lat="37.541999999999994" lon="-121.464"><tag k="name" v="Location 1262"/></node>
  <node id="1264" lat="37.541999999999994" lon="-121.45400000000001"><tag k="name" v="Location 1263"/></node>
  <node id="1265" lat="37.541999999999994" lon="-121.444"><tag k="name" v="Location 1264"/></node>
  <node id="1266" lat="37.541999999999994" lon="-121.434"><tag k="name" v="Location 1265"/></node>
  <node id="1267" lat="37.541999999999994" lon="-121.424"><tag k="name" v="Location 1266"/></node>
  <node id="1268" lat="37.541999999999994" lon="-121.414"><tag k="name" v="Location 1267"/></node>
  <node id="1269" lat="37.541999999999994" lon="-121.404"><tag k="name" v="Location 1268"/></node>
  <node id="1270" lat="37.541999999999994" lon="-121.394"><tag k="name" v="Location 1269"/></node>
  <node id="1271" lat="37.541999999999994" lon="-121.384"><tag k="name" v="Location 1270"/></node>
  <node id="1272" lat="37.541999999999994" lon="-121.37400000000001"><tag k="name" v="Location 1271"/></node>
  <node id="1273" lat="37.541999999999994" lon="-121.364"><tag k="name" v="Location 1272"/></node>
  <node id="1274" lat="37.541999999999994" lon="-121.354"><tag k="name" v="Location 1273"/></node>
  <node id="1275" lat="37.541999999999994" lon="-121.34400000000001"><tag k="name" v="Location 1274"/></node>
  <node id="1276" lat="37.541999999999994" lon="-121.334"><tag k="name" v="Location 1275"/></node>
  <node id="1277" lat="37.541999999999994" lon="-121.324"><tag k="name" v="Location 1276"/></node>
  <node id="1278" lat="37.541999999999994" lon="-121.31400000000001"><tag k="name" v="Location 1277"/></node>
  <node id="1279" lat="37.541999999999994" lon="-121.304"><tag k="name" v="Location 1278"/></node>
  <node id="1280" lat="37.541999999999994" lon="-121.294"><tag k="name" v="Location 1279"/></node>
  <node id="1281" lat="37.541999999999994" lon="-121.284"><tag k="name" v="Location 1280"/></node>
  <node id="1282" lat="37.541999999999994" lon="-121.274"><tag k="name" v="Location 1281"/></node>
  <node id="1283" lat="37.541999999999994" lon="-121.26400000000001"><tag k="name" v="Location 1282"/></node>
  <node id="1284" lat="37.541999999999994" lon="-121.254"><tag k="name" v="Location 1283"/></node>
  <node id="1285" lat="37.541999999999994" lon="-121.244"><tag k="name" v="Location 1284"/></node>
  <node id="1286" lat="37.541999999999994" lon="-121.23400000000001"><tag k="name" v="Location 1285"/></node>
  <node id="1287" lat="37.541999999999994" lon="-121.224"><tag k="name" v="Location 1286"/></node>
  <node id="1288" lat="37.541999999999994" lon="-121.214"><tag k="name" v="Location 1287"/></node>
  <node id="1289" lat="37.541999999999994" lon="-121.20400000000001"><tag k="name" v="Location 1288"/></node>
  <node id="1290" lat="37.541999999999994" lon="-121.194"><tag k="name" v="Location 1289"/></node>
  <node id="1291" lat="37.541999999999994" lon="-121.184"><tag k="name" v="Location 1290"/></node>
  <node id="1292" lat="37.541999999999994" lon="-121.174"><tag k="name" v="Location 1291"/></node>
  <node id="1293" lat="37.541999999999994" lon="-121.164"><tag k="name" v="Location 1292"/></node>
  <node id="1294" lat="37.541999999999994" lon="-121.154"><tag k="name" v="Location 1293"/></node>
  <node id="1295" lat="37.541999999999994" lon="-121.144"><tag k="name" v="Location 1294"/></node>
  <node id="1296" lat="37.541999999999994" lon="-121.134"><tag k="name" v="Location 1295"/></node>
  <node id="1297" lat="37.541999999999994" lon="-121.12400000000001"><tag k="name" v="Location 1296"/></node>
  <node id="1298" lat="37.541999999999994" lon="-121.114"><tag k="name" v="Location 1297"/></node>
  <node id="1299" lat="37.541999999999994" lon="-121.104"><tag k="name" v="Location 1298"/></node>
  <node id="1300" lat="37.541999999999994" lon="-121.09400000000001"><tag k="name" v="Location 1299"/></node>
  <node id="1301" lat="37.552" lon="-122.084"><tag k="name" v="Location 1300"/></node>
  <node id="1302" lat="37.552" lon="-122.074"><tag k="name" v="Location 1301"/></node>
  <node id="1303" lat="37.552" lon="-122.06400000000001"><tag k="name" v="Location 1302"/></node>
  <node id="1304" lat="37.552" lon="-122.054"><tag k="name" v="Location 1303"/></node>
  <node id="1305" lat="37.552" lon="-122.044"><tag k="name" v="Location 1304"/></node>
  <node id="1306" lat="37.552" lon="-122.034"><tag k="name" v="Location 1305"/></node>
  <node id="1307" lat="37.552" lon="-122.024"><tag k="name" v="Location 1306"/></node>
  <node id="1308" lat="37.552" lon="-122.01400000000001"><tag k="name" v="Location 1307"/></node>
  <node id="1309" lat="37.552" lon="-122.004"><tag k="name" v="Location 1308"/></node>
  <node id="1310" lat="37.552" lon="-121.994"><tag k="name" v="Location 1309"/></node>
  <node id="1311" lat="37.552" lon="-121.98400000000001"><tag k="name" v="Location 1310"/></node>
  <node id="1312" lat="37.552" lon="-121.974"><tag k="name" v="Location 1311"/></node>
  <node id="1313" lat="37.552" lon="-121.964"><tag k="name" v="Location 1312"/></node>
  <node id="1314" lat="37.552" lon="-121.95400000000001"><tag k="name" v="Location 1313"/></node>
  <node id="1315" lat="37.552" lon="-121.944"><tag k="name" v="Location 1314"/></node>
  <node id="1316" lat="37.552" lon="-121.934"><tag k="name" v="Location 1315"/></node>
  <node id="1317" lat="37.552" lon="-121.924"><tag k="name" v="Location 1316"/></node>
  <node id="1318" lat="37.552" lon="-121.914"><tag k="name" v="Location 1317"/></node>
  <node id="1319" lat="37.552" lon="-121.904"><tag k="name" v="Location 1318"/></node>
  <node id="1320" lat="37.552" lon="-121.894"><tag k="name" v="Location 1319"/></node>
  <node id="1321" lat="37.552" lon="-121.884"><tag k="name" v="Location 1320"/></node>
  <node id="1322" lat="37.552" lon="-121.87400000000001"><tag k="name" v="Location 1321"/></node>
  <node id="1323" lat="37.552" lon="-121.864"><tag k="name" v="Location 1322"/></node>
  <node id="1324" lat="37.552" lon="-121.854"><tag k="name" v="Location 1323"/></node>
  <node id="1325" lat="37.552" lon="-121.84400000000001"><tag k="name" v="Location 1324"/></node>
  <node id="1326" lat="37.552" lon="-121.834"><tag k="name" v="Location 1325"/></node>
  <node id="1327" lat="37.552" lon="-121.824"><tag k="name" v="Location 1326"/></node>
  <node id="1328" lat="37.552" lon="-121.81400000000001"><tag k="name" v="Location 1327"/></node>
  <node id="1329" lat="37.552" lon="-121.804"><tag k="name" v="Location 1328"/></node>
  <node id="1330" lat="37.552" lon="-121.794"><tag k="name" v="Location 1329"/></node>
  <node id="1331" lat="37.552" lon="-121.784"><tag k="name" v="Location 1330"/></node>
  <node id="1332" lat="37.552" lon="-121.774"><tag k="name" v="Location 1331"/></node>
  <node id="1333" lat="37.552" lon="-121.76400000000001"><tag k="name" v="Location 1332"/></node>
  <node id="1334" lat="37.552" lon="-121.754"><tag k="name" v="Location 1333"/></node>
  <node id="1335" lat="37.552" lon="-121.744"><tag k="name" v="Location 1334"/></node>
  <node id="1336" lat="37.552" lon="-121.73400000000001"><tag k="name" v="Location 1335"/></node>
  <node id="1337" lat="37.552" lon="-121.724"><tag k="name" v="Location 1336"/></node>
  <node id="1338" lat="37.552" lon="-121.714"><tag k="name" v="Location 1337"/></node>
  <node id="1339" lat="37.552" lon="-121.70400000000001"><tag k="name" v="Location 1338"/></node>
  <node id="1340" lat="37.552" lon="-121.694"><tag k="name" v="Location 1339"/></node>
  <node id="1341" lat="37.552" lon="-121.684"><tag k="name" v="Location 1340"/></node>
  <node id="1342" lat="37.552" lon="-121.674"><tag k="name" v="Location 1341"/></node>
  <node id="1343" lat="37.552" lon="-121.664"><tag k="name" v="Location 1342"/></node>
  <node id="1344" lat="37.552" lon="-121.654"><tag k="name" v="Location 1343"/></node>
  <node id="1345" lat="37.552" lon="-121.644"><tag k="name" v="Location 1344"/></node>
  <node id="1346" lat="37.552" lon="-121.634"><tag k="name" v="Location 1345"/></node>
  <node id="1347" lat="37.552" lon="-121.62400000000001"><tag k="name" v="Location 1346"/></node>
  <node id="1348" lat="37.552" lon="-121.614"><tag k="name" v="Location 1347"/></node>
  <node id="1349" lat="37.552" lon="-121.604"><tag k="name" v="Location 1348"/></node>
  <node id="1350" lat="37.552" lon="-121.59400000000001"><tag k="name" v="Location 1349"/></node>
  <node id="1351" lat="37.552" lon="-121.584"><tag k="name" v="Location 1350"/></node>
  <node id="1352" lat="37.552" lon="-121.574"><tag k="name" v="Location 1351"/></node>
  <node id="1353" lat="37.552" lon="-121.56400000000001"><tag k="name" v="Location 1352"/></node>
  <node id="1354" lat="37.552" lon="-121.554"><tag k="name" v="Location 1353"/></node>
  <node id="1355" lat="37.552" lon="-121.544"><tag k="name" v="Location 1354"/></node>
  <node id="1356" lat="37.552" lon="-121.534"><tag k="name" v="Location 1355"/></node>
  <node id="1357" lat="37.552" lon="-121.524"><tag k="name" v="Location 1356"/></node>
  <node id="1358" lat="37.552" lon="-121.51400000000001"><tag k="name" v="Location 1357"/></node>
  <node id="1359" lat="37.552" lon="-121.504"><tag k="name" v="Location 1358"/></node>
  <node id="1360" lat="37.552" lon="-121.494"><tag k="name" v="Location 1359"/></node>
  <node id="1361" lat="37.552" lon="-121.48400000000001"><tag k="name" v="Location 1360"/></node>
  <node id="1362" lat="37.552" lon="-121.474"><tag k="name" v="Location 1361"/></node>
  <node id="1363" lat="37.552" lon="-121.464"><tag k="name" v="Location 1362"/></node>
  <node id="1364" lat="37.552" lon="-121.45400000000001"><tag k="name" v="Location 1363"/></node>
  <node id="1365" lat="37.552" lon="-121.444"><tag k="name" v="Location 1364"/></node>
  <node id="1366" lat="37.552" lon="-121.434"><tag k="name" v="Location 1365"/></node>
  <node id="1367" lat="37.552" lon="-121.424"><tag k="name" v="Location 1366"/></node>
  <node id="1368" lat="37.552" lon="-121.414"><tag k="name" v="Location 1367"/></node>
  <node id="1369" lat="37.552" lon="-121.404"><tag k="name" v="Location 1368"/></node>
  <node id="1370" lat="37.552" lon="-121.394"><tag k="name" v="Location 1369"/></node>
  <node id="1371" lat="37.552" lon="-121.384"><tag k="name" v="Location 1370"/></node>
  <node id="1372" lat="37.552" lon="-121.37400000000001"><tag k="name" v="Location 1371"/></node>
  <node id="1373" lat="37.552" lon="-121.364"><tag k="name" v="Location 1372"/></node>
  <node id="1374" lat="37.552" lon="-121.354"><tag k="name" v="Location 1373"/></node>
  <node id="1375" lat="37.552" lon="-121.34400000000001"><tag k="name" v="Location 1374"/></node>
  <node id="1376" lat="37.552" lon="-121.334"><tag k="name" v="Location 1375"/></node>
  <node id="1377" lat="37.552" lon="-121.324"><tag k="name" v="Location 1376"/></node>
  <node id="1378" lat="37.552" lon="-121.31400000000001"><tag k="name" v="Location 1377"/></node>
  <node id="1379" lat="37.552" lon="-121.304"><tag k="name" v="Location 1378"/></node>
  <node id="1380" lat="37.552" lon="-121.294"><tag k="name" v="Location 1379"/></node>
  <node id="1381" lat="37.552" lon="-121.284"><tag k="name" v="Location 1380"/></node>
  <node id="1382" lat="37.552" lon="-121.274"><tag k="name" v="Location 1381"/></node>
  <node id="1383" lat="37.552" lon="-121.26400000000001"><tag k="name" v="Location 1382"/></node>
  <node id="1384" lat="37.552" lon="-121.254"><tag k="name" v="Location 1383"/></node>
  <node id="1385" lat="37.552" lon="-121.244"><tag k="name" v="Location 1384"/></node>
  <node id="1386" lat="37.552" lon="-121.23400000000001"><tag k="name" v="Location 1385"/></node>
  <node id="1387" lat="37.552" lon="-121.224"><tag k="name" v="Location 1386"/></node>
  <node id="1388" lat="37.552" lon="-121.214"><tag k="name" v="Location 1387"/></node>
  <node id="1389" lat="37.552" lon="-121.20400000000001"><tag k="name" v="Location 1388"/></node>
  <node id="1390" lat="37.552" lon="-121.194"><tag k="name" v="Location 1389"/></node>
  <node id="1391" lat="37.552" lon="-121.184"><tag k="name" v="Location 1390"/></node>
  <node id="1392" lat="37.552" lon="-121.174"><tag k="name" v="Location 1391"/></node>
  <node id="1393" lat="37.552" lon="-121.164"><tag k="name" v="Location 1392"/></node>
  <node id="1394" lat="37.552" lon="-121.154"><tag k="name" v="Location 1393"/></node>
  <node id="1395" lat="37.552" lon="-121.144"><tag k="name" v="Location 1394"/></node>
  <node id="1396" lat="37.552" lon="-121.134"><tag k="name" v="Location 1395"/></node>
  <node id="1397" lat="37.552" lon="-121.12400000000001"><tag k="name" v="Location 1396"/></node>
  <node id="1398" lat="37.552" lon="-121.114"><tag k="name" v="Location 1397"/></node>
  <node id="1399" lat="37.552" lon="-121.104"><tag k="name" v="Location 1398"/></node>
  <node id="1400" lat="37.552" lon="-121.09400000000001"><tag k="name" v="Location 1399"/></node>
  <node id="1401" lat="37.562" lon="-122.084"><tag k="name" v="Location 1400"/></node>
  <node id="1402" lat="37.562" lon="-122.074"><tag k="name" v="Location 1401"/></node>
  <node id="1403" lat="37.562" lon="-122.06400000000001"><tag k="name" v="Location 1402"/></node>
  <node id="1404" lat="37.562" lon="-122.054"><tag k="name" v="Location 1403"/></node>
  <node id="1405" lat="37.562" lon="-122.044"><tag k="name" v="Location 1404"/></node>
  <node id="1406" lat="37.562" lon="-122.034"><tag k="name" v="Location 1405"/></node>
  <node id="1407" lat="37.562" lon="-122.024"><tag k="name" v="Location 1406"/></node>
  <node id="1408" lat="37.562" lon="-122.01400000000001"><tag k="name" v="Location 1407"/></node>
  <node id="1409" lat="37.562" lon="-122.004"><tag k="name" v="Location 1408"/></node>
  <node id="1410" lat="37.562" lon="-121.994"><tag k="name" v="Location 1409"/></node>
  <node id="1411" lat="37.562" lon="-121.98400000000001"><tag k="name" v="Location 1410"/></node>
  <node id="1412" lat="37.562" lon="-121.974"><tag k="name" v="Location 1411"/></node>
  <node id="1413" lat="37.562" lon="-121.964"><tag k="name" v="Location 1412"/></node>
  <node id="1414" lat="37.562" lon="-121.95400000000001"><tag k="name" v="Location 1413"/></node>
  <node id="1415" lat="37.562" lon="-121.944"><tag k="name" v="Location 1414"/></node>
  <node id="1416" lat="37.562" lon="-121.934"><tag k="name" v="Location 1415"/></node>
  <node id="1417" lat="37.562" lon="-121.924"><tag k="name" v="Location 1416"/></node>
  <node id="1418" lat="37.562" lon="-121.914"><tag k="name" v="Location 1417"/></node>
  <node id="1419" lat="37.562" lon="-121.904"><tag k="name" v="Location 1418"/></node>
  <node id="1420" lat="37.562" lon="-121.894"><tag k="name" v="Location 1419"/></node>
  <node id="1421" lat="37.562" lon="-121.884"><tag k="name" v="Location 1420"/></node>
  <node id="1422" lat="37.562" lon="-121.87400000000001"><tag k="name" v="Location 1421"/></node>
  <node id="1423" lat="37.562" lon="-121.864"><tag k="name" v="Location 1422"/></node>
  <node id="1424" lat="37.562" lon="-121.854"><tag k="name" v="Location 1423"/></node>
  <node id="1425" lat="37.562" lon="-121.84400000000001"><tag k="name" v="Location 1424"/></node>
  <node id="1426" lat="37.562" lon="-121.834"><tag k="name" v="Location 1425"/></node>
  <node id="1427" lat="37.562" lon="-121.824"><tag k="name" v="Location 1426"/></node>
  <node id="1428" lat="37.562" lon="-121.81400000000001"><tag k="name" v="Location 1427"/></node>
  <node id="1429" lat="37.562" lon="-121.804"><tag k="name" v="Location 1428"/></node>
  <node id="1430" lat="37.562" lon="-121.794"><tag k="name" v="Location 1429"/></node>
  <node id="1431" lat="37.562" lon="-121.784"><tag k="name" v="Location 1430"/></node>
  <node id="1432" lat="37.562" lon="-121.774"><tag k="name" v="Location 1431"/></node>
  <node id="1433" lat="37.562" lon="-121.76400000000001"><tag k="name" v="Location 1432"/></node>
  <node id="1434" lat="37.562" lon="-121.754"><tag k="name" v="Location 1433"/></node>
  <node id="1435" lat="37.562" lon="-121.744"><tag k="name" v="Location 1434"/></node>
  <node id="1436" lat="37.562" lon="-121.73400000000001"><tag k="name" v="Location 1435"/></node>
  <node id="1437" lat="37.562" lon="-121.724"><tag k="name" v="Location 1436"/></node>
  <node id="1438" lat="37.562" lon="-121.714"><tag k="name" v="Location 1437"/></node>
  <node id="1439" lat="37.562" lon="-121.70400000000001"><tag k="name" v="Location 1438"/></node>
  <node id="1440" lat="37.562" lon="-121.694"><tag k="name" v="Location 1439"/></node>
  <node id="1441" lat="37.562" lon="-121.684"><tag k="name" v="Location 1440"/></node>
  <node id="1442" lat="37.562" lon="-121.674"><tag k="name" v="Location 1441"/></node>
  <node id="1443" lat="37.562" lon="-121.664"><tag k="name" v="Location 1442"/></node>
  <node id="1444" lat="37.562" lon="-121.654"><tag k="name" v="Location 1443"/></node>
  <node id="1445" lat="37.562" lon="-121.644"><tag k="name" v="Location 1444"/></node>
  <node id="1446" lat="37.562" lon="-121.634"><tag k="name" v="Location 1445"/></node>
  <node id="1447" lat="37.562" lon="-121.62400000000001"><tag k="name" v="Location 1446"/></node>
  <node id="1448" lat="37.562" lon="-121.614"><tag k="name" v="Location 1447"/></node>
  <node id="1449" lat="37.562" lon="-121.604"><tag k="name" v="Location 1448"/></node>
  <node id="1450" lat="37.562" lon="-121.59400000000001"><tag k="name" v="Location 1449"/></node>
  <node id="1451" lat="37.562" lon="-121.584"><tag k="name" v="Location 1450"/></node>
  <node id="1452" lat="37.562" lon="-121.574"><tag k="name" v="Location 1451"/></node>
  <node id="1453" lat="37.562" lon="-121.56400000000001"><tag k="name" v="Location 1452"/></node>
  <node id="1454" lat="37.562" lon="-121.554"><tag k="name" v="Location 1453"/></node>
  <node id="1455" lat="37.562" lon="-121.544"><tag k="name" v="Location 1454"/></node>
  <node id="1456" lat="37.562" lon="-121.534"><tag k="name" v="Location 1455"/></node>
  <node id="1457" lat="37.562" lon="-121.524"><tag k="name" v="Location 1456"/></node>
  <node id="1458" lat="37.562" lon="-121.51400000000001"><tag k="name" v="Location 1457"/></node>
  <node id="1459" lat="37.562" lon="-121.504"><tag k="name" v="Location 1458"/></node>
  <node id="1460" lat="37.562" lon="-121.494"><tag k="name" v="Location 1459"/></node>
  <node id="1461" lat="37.562" lon="-121.48400000000001"><tag k="name" v="Location 1460"/></node>
  <node id="1462" lat="37.562" lon="-121.474"><tag k="name" v="Location 1461"/></node>
  <node id="1463" lat="37.562" lon="-121.464"><tag k="name" v="Location 1462"/></node>
  <node id="1464" lat="37.562" lon="-121.45400000000001"><tag k="name" v="Location 1463"/></node>
  <node id="1465" lat="37.562" lon="-121.444"><tag k="name" v="Location 1464"/></node>
  <node id="1466" lat="37.562" lon="-121.434"><tag k="name" v="Location 1465"/></node>
  <node id="1467" lat="37.562" lon="-121.424"><tag k="name" v="Location 1466"/></node>
  <node id="1468" lat="37.562" lon="-121.414"><tag k="name" v="Location 1467"/></node>
  <node id="1469" lat="37.562" lon="-121.404"><tag k="name" v="Location 1468"/></node>
  <node id="1470" lat="37.562" lon="-121.394"><tag k="name" v="Location 1469"/></node>
  <node id="1471" lat="37.562" lon="-121.384"><tag k="name" v="Location 1470"/></node>
  <node id="1472" lat="37.562" lon="-121.37400000000001"><tag k="name" v="Location 1471"/></node>
  <node id="1473" lat="37.562" lon="-121.364"><tag k="name" v="Location 1472"/></node>
  <node id="1474" lat="37.562" lon="-121.354"><tag k="name" v="Location 1473"/></node>
  <node id="1475" lat="37.562" lon="-121.34400000000001"><tag k="name" v="Location 1474"/></node>
  <node id="1476" lat="37.562" lon="-121.334"><tag k="name" v="Location 1475"/></node>
  <node id="1477" lat="37.562" lon="-121.324"><tag k="name" v="Location 1476"/></node>
  <node id="1478" lat="37.562" lon="-121.31400000000001"><tag k="name" v="Location 1477"/></node>
  <node id="1479" lat="37.562" lon="-121.304"><tag k="name" v="Location 1478"/></node>
  <node id="1480" lat="37.562" lon="-121.294"><tag k="name" v="Location 1479"/></node>
  <node id="1481" lat="37.562" lon="-121.284"><tag k="name" v="Location 1480"/></node>
  <node id="1482" lat="37.562" lon="-121.274"><tag k="name" v="Location 1481"/></node>
  <node id="1483" lat="37.562" lon="-121.26400000000001"><tag k="name" v="Location 1482"/></node>
  <node id="1484" lat="37.562" lon="-121.254"><tag k="name" v="Location 1483"/></node>
  <node id="1485" lat="37.562" lon="-121.244"><tag k="name" v="Location 1484"/></node>
  <node id="1486" lat="37.562" lon="-121.23400000000001"><tag k="name" v="Location 1485"/></node>
  <node id="1487" lat="37.562" lon="-121.224"><tag k="name" v="Location 1486"/></node>
  <node id="1488" lat="37.562" lon="-121.214"><tag k="name" v="Location 1487"/></node>
  <node id="1489" lat="37.562" lon="-121.20400000000001"><tag k="name" v="Location 1488"/></node>
  <node id="1490" lat="37.562" lon="-121.194"><tag k="name" v="Location 1489"/></node>
  <node id="1491" lat="37.562" lon="-121.184"><tag k="name" v="Location 1490"/></node>
  <node id="1492" lat="37.562" lon="-121.174"><tag k="name" v="Location 1491"/></node>
  <node id="1493" lat="37.562" lon="-121.164"><tag k="name" v="Location 1492"/></node>
  <node id="1494" lat="37.562" lon="-121.154"><tag k="name" v="Location 1493"/></node>
  <node id="1495" lat="37.562" lon="-121.144"><tag k="name" v="Location 1494"/></node>
  <node id="1496" lat="37.562" lon="-121.134"><tag k="name" v="Location 1495"/></node>
  <node id="1497" lat="37.562" lon="-121.12400000000001"><tag k="name" v="Location 1496"/></node>
  <node id="1498" lat="37.562" lon="-121.114"><tag k="name" v="Location 1497"/></node>
  <node id="1499" lat="37.562" lon="-121.104"><tag k="name" v="Location 1498"/></node>
  <node id="1500" lat="37.562" lon="-121.09400000000001"><tag k="name" v="Location 1499"/></node>
</osm>
