<COLLADA xmlns="http://www.collada.org/2005/11/COLLADASchema" version="1.4.1">
  <asset>
    <created>2026-08-18T14:34:48.621064</created>
    <modified>2026-08-18T14:34:48.621068</modified>
    <up_axis>Y_UP</up_axis>
  </asset>
  <library_effects>
    <effect id="ea13ba11c4f24f81b8b21b3a747a9079" name="ea13ba11c4f24f81b8b21b3a747a9079">
      <profile_COMMON>
        <technique sid="common">
          <phong>
            <emission>
              <color>0.0 0.0 0.0 1.0</color>
            </emission>
            <ambient>
              <color>0.0 0.0 0.0 1.0</color>
            </ambient>
            <diffuse>
              <color>0.0 0.0 0.0 1.0</color>
            </diffuse>
            <specular>
              <color>0.0 0.0 0.0 1.0</color>
            </specular>
            <shininess>
              <float>0.0</float>
            </shininess>
            <reflective>
              <color>0.0 0.0 0.0 1.0</color>
            </reflective>
            <reflectivity>
              <float>0.0</float>
            </reflectivity>
            <transparent>
              <color>0.0 0.0 0.0 1.0</color>
            </transparent>
            <transparency>
              <float>1.0</float>
            </transparency>
          </phong>
        </technique>
        <extra>
          <technique profile="GOOGLEEARTH">
            <double_sided>0</double_sided>
          </technique>
        </extra>
      </profile_COMMON>
    </effect>
  </library_effects>
  <library_geometries>
    <geometry id="ea4946f14a7949088ef05962caa2b333" name="1a1fe96a2adb4084acc1e8c2c656a1a2">
      <mesh>
        <source id="verts-array">
          <float_array count="3174" id="verts-array-array">0 0 -1 0.1361666 0 -0.9906859 0.2697968 0 -0.9629173 0.3984011 0 -0.9172113 0.519584 0 -0.8544194 0.6310879 0 -0.7757113 0.730836 0 -0.6825531 0.8169699 0 -0.5766803 0.8878852 0 -0.460065 0.9422609 0 -0.3348796 0.9790841 0 -0.203456 0.9976688 0 -0.06824241 0.9976688 0 0.06824241 0.9790841 0 0.203456 0.9422609 0 0.3348796 0.8878852 0 0.460065 0.8169699 0 0.5766803 0.730836 0 0.6825531 0.6310879 0 0.7757113 0.519584 0 0.8544194 0.3984011 0 0.9172113 0.2697968 0 0.9629173 0.1361666 0 0.9906859 1.224647e-16 0 1 0.1350017 0.01777331 -0.9906859 0.2674886 0.03521555 -0.9629173 0.3949927 0.05200178 -0.9172113 0.5151388 0.06781931 -0.8544194 0.6256889 0.08237351 -0.7757113 0.7245836 0.09539324 -0.6825531 0.8099806 0.106636 -0.5766803 0.8802892 0.1158923 -0.460065 0.9341997 0.1229897 -0.3348796 0.9707079 0.1277961 -0.203456 0.9891336 0.1302219 -0.06824241 0.9891336 0.1302219 0.06824241 0.9707079 0.1277961 0.203456 0.9341997 0.1229897 0.3348796 0.8802892 0.1158923 0.460065 0.8099806 0.106636 0.5766803 0.7245836 0.09539324 0.6825531 0.6256889 0.08237351 0.7757113 0.5151388 0.06781931 0.8544194 0.3949927 0.05200178 0.9172113 0.2674886 0.03521555 0.9629173 0.1350017 0.01777331 0.9906859 0.1315269 0.03524252 -0.9906859 0.2606037 0.06982854 -0.9629173 0.3848259 0.1031138 -0.9172113 0.5018796 0.1344782 -0.8544194 0.6095841 0.1633376 -0.7757113 0.7059333 0.1891543 -0.6825531 0.7891323 0.2114474 -0.5766803 0.8576313 0.2298016 -0.460065 0.9101542 0.2438751 -0.3348796 0.9457226 0.2534056 -0.203456 0.963674 0.2582157 -0.06824241 0.963674 0.2582157 0.06824241 0.9457226 0.2534056 0.203456 0.9101542 0.2438751 0.3348796 0.8576313 0.2298016 0.460065 0.7891323 0.2114474 0.5766803 0.7059333 0.1891543 0.6825531 0.6095841 0.1633376 0.7757113 0.5018796 0.1344782 0.8544194 0.3848259 0.1031138 0.9172113 0.2606037 0.06982854 0.9629173 0.1315269 0.03524252 0.9906859 0.1258016 0.05210872 -0.9906859 0.2492597 0.1032468 -0.9629173 0.3680746 0.1524615 -0.9172113 0.480033 0.1988362 -0.8544194 0.5830492 0.2415069 -0.7757113 0.6752044 0.2796788 -0.6825531 0.7547818 0.3126408 -0.5766803 0.820299 0.339779 -0.460065 0.8705356 0.3605876 -0.3348796 0.9045557 0.3746793 -0.203456 0.9217258 0.3817913 -0.06824241 0.9217258 0.3817913 0.06824241 0.9045557 0.3746793 0.203456 0.8705356 0.3605876 0.3348796 0.820299 0.339779 0.460065 0.7547818 0.3126408 0.5766803 0.6752044 0.2796788 0.6825531 0.5830492 0.2415069 0.7757113 0.480033 0.1988362 0.8544194 0.3680746 0.1524615 0.9172113 0.2492597 0.1032468 0.9629173 0.1258016 0.05210872 0.9906859 0.1179238 0.06808332 -0.9906859 0.2336509 0.1348984 -0.9629173 0.3450255 0.1992005 -0.9172113 0.4499729 0.259792 -0.8544194 0.5465382 0.315544 -0.7757113 0.6329225 0.365418 -0.6825531 0.7075167 0.4084849 -0.5766803 0.7689312 0.4439426 -0.460065 0.8160219 0.4711305 -0.3348796 0.8479117 0.489542 -0.203456 0.8640065 0.4988344 -0.06824241 0.8640065 0.4988344 0.06824241 0.8479117 0.489542 0.203456 0.8160219 0.4711305 0.3348796 0.7689312 0.4439426 0.460065 0.7075167 0.4084849 0.5766803 0.6329225 0.365418 0.6825531 0.5465382 0.315544 0.7757113 0.4499729 0.259792 0.8544194 0.3450255 0.1992005 0.9172113 0.2336509 0.1348984 0.9629173 0.1179238 0.06808332 0.9906859 0.1080283 0.082893 -0.9906859 0.2140442 0.1642419 -0.9629173 0.3160728 0.2425312 -0.9172113 0.4122137 0.3163027 -0.8544194 0.5006757 0.384182 -0.7757113 0.5798112 0.4449047 -0.6825531 0.6481458 0.4973398 -0.5766803 0.7044067 0.5405103 -0.460065 0.7475458 0.5736121 -0.3348796 0.7767596 0.5960286 -0.203456 0.7915039 0.6073423 -0.06824241 0.7915039 0.6073423 0.06824241 0.7767596 0.5960286 0.203456 0.7475458 0.5736121 0.3348796 0.7044067 0.5405103 0.460065 0.6481458 0.4973398 0.5766803 0.5798112 0.4449047 0.6825531 0.5006757 0.384182 0.7757113 0.4122137 0.3163027 0.8544194 0.3160728 0.2425312 0.9172113 0.2140442 0.1642419 0.9629173 0.1080283 0.082893 0.9906859 0.09628436 0.09628436 -0.9906859 0.1907751 0.1907751 -0.9629173 0.2817121 0.2817121 -0.9172113 0.3674013 0.3674013 -0.8544194 0.4462466 0.4462466 -0.7757113 0.5167791 0.5167791 -0.6825531 0.577685 0.577685 -0.5766803 0.6278297 0.6278297 -0.460065 0.6662791 0.6662791 -0.3348796 0.692317 0.692317 -0.203456 0.7054584 0.7054584 -0.06824241 0.7054584 0.7054584 0.06824241 0.692317 0.692317 0.203456 0.6662791 0.6662791 0.3348796 0.6278297 0.6278297 0.460065 0.577685 0.577685 0.5766803 0.5167791 0.5167791 0.6825531 0.4462466 0.4462466 0.7757113 0.3674013 0.3674013 0.8544194 0.2817121 0.2817121 0.9172113 0.1907751 0.1907751 0.9629173 0.09628436 0.09628436 0.9906859 0.082893 0.1080283 -0.9906859 0.1642419 0.2140442 -0.9629173 0.2425312 0.3160728 -0.9172113 0.3163027 0.4122137 -0.8544194 0.384182 0.5006757 -0.7757113 0.4449047 0.5798112 -0.6825531 0.4973398 0.6481458 -0.5766803 0.5405103 0.7044067 -0.460065 0.5736121 0.7475458 -0.3348796 0.5960286 0.7767596 -0.203456 0.6073423 0.7915039 -0.06824241 0.6073423 0.7915039 0.06824241 0.5960286 0.7767596 0.203456 0.5736121 0.7475458 0.3348796 0.5405103 0.7044067 0.460065 0.4973398 0.6481458 0.5766803 0.4449047 0.5798112 0.6825531 0.384182 0.5006757 0.7757113 0.3163027 0.4122137 0.8544194 0.2425312 0.3160728 0.9172113 0.1642419 0.2140442 0.9629173 0.082893 0.1080283 0.9906859 0.06808332 0.1179238 -0.9906859 0.1348984 0.2336509 -0.9629173 0.1992005 0.3450255 -0.9172113 0.259792 0.4499729 -0.8544194 0.315544 0.5465382 -0.7757113 0.365418 0.6329225 -0.6825531 0.4084849 0.7075167 -0.5766803 0.4439426 0.7689312 -0.460065 0.4711305 0.8160219 -0.3348796 0.489542 0.8479117 -0.203456 0.4988344 0.8640065 -0.06824241 0.4988344 0.8640065 0.06824241 0.489542 0.8479117 0.203456 0.4711305 0.8160219 0.3348796 0.4439426 0.7689312 0.460065 0.4084849 0.7075167 0.5766803 0.365418 0.6329225 0.6825531 0.315544 0.5465382 0.7757113 0.259792 0.4499729 0.8544194 0.1992005 0.3450255 0.9172113 0.1348984 0.2336509 0.9629173 0.06808332 0.1179238 0.9906859 0.05210872 0.1258016 -0.9906859 0.1032468 0.2492597 -0.9629173 0.1524615 0.3680746 -0.9172113 0.1988362 0.480033 -0.8544194 0.2415069 0.5830492 -0.7757113 0.2796788 0.6752044 -0.6825531 0.3126408 0.7547818 -0.5766803 0.339779 0.820299 -0.460065 0.3605876 0.8705356 -0.3348796 0.3746793 0.9045557 -0.203456 0.3817913 0.9217258 -0.06824241 0.3817913 0.9217258 0.06824241 0.3746793 0.9045557 0.203456 0.3605876 0.8705356 0.3348796 0.339779 0.820299 0.460065 0.3126408 0.7547818 0.5766803 0.2796788 0.6752044 0.6825531 0.2415069 0.5830492 0.7757113 0.1988362 0.480033 0.8544194 0.1524615 0.3680746 0.9172113 0.1032468 0.2492597 0.9629173 0.05210872 0.1258016 0.9906859 0.03524252 0.1315269 -0.9906859 0.06982854 0.2606037 -0.9629173 0.1031138 0.3848259 -0.9172113 0.1344782 0.5018796 -0.8544194 0.1633376 0.6095841 -0.7757113 0.1891543 0.7059333 -0.6825531 0.2114474 0.7891323 -0.5766803 0.2298016 0.8576313 -0.460065 0.2438751 0.9101542 -0.3348796 0.2534056 0.9457226 -0.203456 0.2582157 0.963674 -0.06824241 0.2582157 0.963674 0.06824241 0.2534056 0.9457226 0.203456 0.2438751 0.9101542 0.3348796 0.2298016 0.8576313 0.460065 0.2114474 0.7891323 0.5766803 0.1891543 0.7059333 0.6825531 0.1633376 0.6095841 0.7757113 0.1344782 0.5018796 0.8544194 0.1031138 0.3848259 0.9172113 0.06982854 0.2606037 0.9629173 0.03524252 0.1315269 0.9906859 0.01777331 0.1350017 -0.9906859 0.03521555 0.2674886 -0.9629173 0.05200178 0.3949927 -0.9172113 0.06781931 0.5151388 -0.8544194 0.08237351 0.6256889 -0.7757113 0.09539324 0.7245836 -0.6825531 0.106636 0.8099806 -0.5766803 0.1158923 0.8802892 -0.460065 0.1229897 0.9341997 -0.3348796 0.1277961 0.9707079 -0.203456 0.1302219 0.9891336 -0.06824241 0.1302219 0.9891336 0.06824241 0.1277961 0.9707079 0.203456 0.1229897 0.9341997 0.3348796 0.1158923 0.8802892 0.460065 0.106636 0.8099806 0.5766803 0.09539324 0.7245836 0.6825531 0.08237351 0.6256889 0.7757113 0.06781931 0.5151388 0.8544194 0.05200178 0.3949927 0.9172113 0.03521555 0.2674886 0.9629173 0.01777331 0.1350017 0.9906859 8.337803e-18 0.1361666 -0.9906859 1.652029e-17 0.2697968 -0.9629173 2.439503e-17 0.3984011 -0.9172113 3.181534e-17 0.519584 -0.8544194 3.864299e-17 0.6310879 -0.7757113 4.47508e-17 0.730836 -0.6825531 5.002498e-17 0.8169699 -0.5766803 5.436729e-17 0.8878852 -0.460065 5.769684e-17 0.9422609 -0.3348796 5.995161e-17 0.9790841 -0.203456 6.108959e-17 0.9976688 -0.06824241 6.108959e-17 0.9976688 0.06824241 5.995161e-17 0.9790841 0.203456 5.769684e-17 0.9422609 0.3348796 5.436729e-17 0.8878852 0.460065 5.002498e-17 0.8169699 0.5766803 4.47508e-17 0.730836 0.6825531 3.864299e-17 0.6310879 0.7757113 3.181534e-17 0.519584 0.8544194 2.439503e-17 0.3984011 0.9172113 1.652029e-17 0.2697968 0.9629173 8.337803e-18 0.1361666 0.9906859 -0.01777331 0.1350017 -0.9906859 -0.03521555 0.2674886 -0.9629173 -0.05200178 0.3949927 -0.9172113 -0.06781931 0.5151388 -0.8544194 -0.08237351 0.6256889 -0.7757113 -0.09539324 0.7245836 -0.6825531 -0.106636 0.8099806 -0.5766803 -0.1158923 0.8802892 -0.460065 -0.1229897 0.9341997 -0.3348796 -0.1277961 0.9707079 -0.203456 -0.1302219 0.9891336 -0.06824241 -0.1302219 0.9891336 0.06824241 -0.1277961 0.9707079 0.203456 -0.1229897 0.9341997 0.3348796 -0.1158923 0.8802892 0.460065 -0.106636 0.8099806 0.5766803 -0.09539324 0.7245836 0.6825531 -0.08237351 0.6256889 0.7757113 -0.06781931 0.5151388 0.8544194 -0.05200178 0.3949927 0.9172113 -0.03521555 0.2674886 0.9629173 -0.01777331 0.1350017 0.9906859 -0.03524252 0.1315269 -0.9906859 -0.06982854 0.2606037 -0.9629173 -0.1031138 0.3848259 -0.9172113 -0.1344782 0.5018796 -0.8544194 -0.1633376 0.6095841 -0.7757113 -0.1891543 0.7059333 -0.6825531 -0.2114474 0.7891323 -0.5766803 -0.2298016 0.8576313 -0.460065 -0.2438751 0.9101542 -0.3348796 -0.2534056 0.9457226 -0.203456 -0.2582157 0.963674 -0.06824241 -0.2582157 0.963674 0.06824241 -0.2534056 0.9457226 0.203456 -0.2438751 0.9101542 0.3348796 -0.2298016 0.8576313 0.460065 -0.2114474 0.7891323 0.5766803 -0.1891543 0.7059333 0.6825531 -0.1633376 0.6095841 0.7757113 -0.1344782 0.5018796 0.8544194 -0.1031138 0.3848259 0.9172113 -0.06982854 0.2606037 0.9629173 -0.03524252 0.1315269 0.9906859 -0.05210872 0.1258016 -0.9906859 -0.1032468 0.2492597 -0.9629173 -0.1524615 0.3680746 -0.9172113 -0.1988362 0.480033 -0.8544194 -0.2415069 0.5830492 -0.7757113 -0.2796788 0.6752044 -0.6825531 -0.3126408 0.7547818 -0.5766803 -0.339779 0.820299 -0.460065 -0.3605876 0.8705356 -0.3348796 -0.3746793 0.9045557 -0.203456 -0.3817913 0.9217258 -0.06824241 -0.3817913 0.9217258 0.06824241 -0.3746793 0.9045557 0.203456 -0.3605876 0.8705356 0.3348796 -0.339779 0.820299 0.460065 -0.3126408 0.7547818 0.5766803 -0.2796788 0.6752044 0.6825531 -0.2415069 0.5830492 0.7757113 -0.1988362 0.480033 0.8544194 -0.1524615 0.3680746 0.9172113 -0.1032468 0.2492597 0.9629173 -0.05210872 0.1258016 0.9906859 -0.06808332 0.1179238 -0.9906859 -0.1348984 0.2336509 -0.9629173 -0.1992005 0.3450255 -0.9172113 -0.259792 0.4499729 -0.8544194 -0.315544 0.5465382 -0.7757113 -0.365418 0.6329225 -0.6825531 -0.4084849 0.7075167 -0.5766803 -0.4439426 0.7689312 -0.460065 -0.4711305 0.8160219 -0.3348796 -0.489542 0.8479117 -0.203456 -0.4988344 0.8640065 -0.06824241 -0.4988344 0.8640065 0.06824241 -0.489542 0.8479117 0.203456 -0.4711305 0.8160219 0.3348796 -0.4439426 0.7689312 0.460065 -0.4084849 0.7075167 0.5766803 -0.365418 0.6329225 0.6825531 -0.315544 0.5465382 0.7757113 -0.259792 0.4499729 0.8544194 -0.1992005 0.3450255 0.9172113 -0.1348984 0.2336509 0.9629173 -0.06808332 0.1179238 0.9906859 -0.082893 0.1080283 -0.9906859 -0.1642419 0.2140442 -0.9629173 -0.2425312 0.3160728 -0.9172113 -0.3163027 0.4122137 -0.8544194 -0.384182 0.5006757 -0.7757113 -0.4449047 0.5798112 -0.6825531 -0.4973398 0.6481458 -0.5766803 -0.5405103 0.7044067 -0.460065 -0.5736121 0.7475458 -0.3348796 -0.5960286 0.7767596 -0.203456 -0.6073423 0.7915039 -0.06824241 -0.6073423 0.7915039 0.06824241 -0.5960286 0.7767596 0.203456 -0.5736121 0.7475458 0.3348796 -0.5405103 0.7044067 0.460065 -0.4973398 0.6481458 0.5766803 -0.4449047 0.5798112 0.6825531 -0.384182 0.5006757 0.7757113 -0.3163027 0.4122137 0.8544194 -0.2425312 0.3160728 0.9172113 -0.1642419 0.2140442 0.9629173 -0.082893 0.1080283 0.9906859 -0.09628436 0.09628436 -0.9906859 -0.1907751 0.1907751 -0.9629173 -0.2817121 0.2817121 -0.9172113 -0.3674013 0.3674013 -0.8544194 -0.4462466 0.4462466 -0.7757113 -0.5167791 0.5167791 -0.6825531 -0.577685 0.577685 -0.5766803 -0.6278297 0.6278297 -0.460065 -0.6662791 0.6662791 -0.3348796 -0.692317 0.692317 -0.203456 -0.7054584 0.7054584 -0.06824241 -0.7054584 0.7054584 0.06824241 -0.692317 0.692317 0.203456 -0.6662791 0.6662791 0.3348796 -0.6278297 0.6278297 0.460065 -0.577685 0.577685 0.5766803 -0.5167791 0.5167791 0.6825531 -0.4462466 0.4462466 0.7757113 -0.3674013 0.3674013 0.8544194 -0.2817121 0.2817121 0.9172113 -0.1907751 0.1907751 0.9629173 -0.09628436 0.09628436 0.9906859 -0.1080283 0.082893 -0.9906859 -0.2140442 0.1642419 -0.9629173 -0.3160728 0.2425312 -0.9172113 -0.4122137 0.3163027 -0.8544194 -0.5006757 0.384182 -0.7757113 -0.5798112 0.4449047 -0.6825531 -0.6481458 0.4973398 -0.5766803 -0.7044067 0.5405103 -0.460065 -0.7475458 0.5736121 -0.3348796 -0.7767596 0.5960286 -0.203456 -0.7915039 0.6073423 -0.06824241 -0.7915039 0.6073423 0.06824241 -0.7767596 0.5960286 0.203456 -0.7475458 0.5736121 0.3348796 -0.7044067 0.5405103 0.460065 -0.6481458 0.4973398 0.5766803 -0.5798112 0.4449047 0.6825531 -0.5006757 0.384182 0.7757113 -0.4122137 0.3163027 0.8544194 -0.3160728 0.2425312 0.9172113 -0.2140442 0.1642419 0.9629173 -0.1080283 0.082893 0.9906859 -0.1179238 0.06808332 -0.9906859 -0.2336509 0.1348984 -0.9629173 -0.3450255 0.1992005 -0.9172113 -0.4499729 0.259792 -0.8544194 -0.5465382 0.315544 -0.7757113 -0.6329225 0.365418 -0.6825531 -0.7075167 0.4084849 -0.5766803 -0.7689312 0.4439426 -0.460065 -0.8160219 0.4711305 -0.3348796 -0.8479117 0.489542 -0.203456 -0.8640065 0.4988344 -0.06824241 -0.8640065 0.4988344 0.06824241 -0.8479117 0.489542 0.203456 -0.8160219 0.4711305 0.3348796 -0.7689312 0.4439426 0.460065 -0.7075167 0.4084849 0.5766803 -0.6329225 0.365418 0.6825531 -0.5465382 0.315544 0.7757113 -0.4499729 0.259792 0.8544194 -0.3450255 0.1992005 0.9172113 -0.2336509 0.1348984 0.9629173 -0.1179238 0.06808332 0.9906859 -0.1258016 0.05210872 -0.9906859 -0.2492597 0.1032468 -0.9629173 -0.3680746 0.1524615 -0.9172113 -0.480033 0.1988362 -0.8544194 -0.5830492 0.2415069 -0.7757113 -0.6752044 0.2796788 -0.6825531 -0.7547818 0.3126408 -0.5766803 -0.820299 0.339779 -0.460065 -0.8705356 0.3605876 -0.3348796 -0.9045557 0.3746793 -0.203456 -0.9217258 0.3817913 -0.06824241 -0.9217258 0.3817913 0.06824241 -0.9045557 0.3746793 0.203456 -0.8705356 0.3605876 0.3348796 -0.820299 0.339779 0.460065 -0.7547818 0.3126408 0.5766803 -0.6752044 0.2796788 0.6825531 -0.5830492 0.2415069 0.7757113 -0.480033 0.1988362 0.8544194 -0.3680746 0.1524615 0.9172113 -0.2492597 0.1032468 0.9629173 -0.1258016 0.05210872 0.9906859 -0.1315269 0.03524252 -0.9906859 -0.2606037 0.06982854 -0.9629173 -0.3848259 0.1031138 -0.9172113 -0.5018796 0.1344782 -0.8544194 -0.6095841 0.1633376 -0.7757113 -0.7059333 0.1891543 -0.6825531 -0.7891323 0.2114474 -0.5766803 -0.8576313 0.2298016 -0.460065 -0.9101542 0.2438751 -0.3348796 -0.9457226 0.2534056 -0.203456 -0.963674 0.2582157 -0.06824241 -0.963674 0.2582157 0.06824241 -0.9457226 0.2534056 0.203456 -0.9101542 0.2438751 0.3348796 -0.8576313 0.2298016 0.460065 -0.7891323 0.2114474 0.5766803 -0.7059333 0.1891543 0.6825531 -0.6095841 0.1633376 0.7757113 -0.5018796 0.1344782 0.8544194 -0.3848259 0.1031138 0.9172113 -0.2606037 0.06982854 0.9629173 -0.1315269 0.03524252 0.9906859 -0.1350017 0.01777331 -0.9906859 -0.2674886 0.03521555 -0.9629173 -0.3949927 0.05200178 -0.9172113 -0.5151388 0.06781931 -0.8544194 -0.6256889 0.08237351 -0.7757113 -0.7245836 0.09539324 -0.6825531 -0.8099806 0.106636 -0.5766803 -0.8802892 0.1158923 -0.460065 -0.9341997 0.1229897 -0.3348796 -0.9707079 0.1277961 -0.203456 -0.9891336 0.1302219 -0.06824241 -0.9891336 0.1302219 0.06824241 -0.9707079 0.1277961 0.203456 -0.9341997 0.1229897 0.3348796 -0.8802892 0.1158923 0.460065 -0.8099806 0.106636 0.5766803 -0.7245836 0.09539324 0.6825531 -0.6256889 0.08237351 0.7757113 -0.5151388 0.06781931 0.8544194 -0.3949927 0.05200178 0.9172113 -0.2674886 0.03521555 0.9629173 -0.1350017 0.01777331 0.9906859 -0.1361666 1.667561e-17 -0.9906859 -0.2697968 3.304058e-17 -0.9629173 -0.3984011 4.879006e-17 -0.9172113 -0.519584 6.363068e-17 -0.8544194 -0.6310879 7.728598e-17 -0.7757113 -0.730836 8.950159e-17 -0.6825531 -0.8169699 1.0005e-16 -0.5766803 -0.8878852 1.087346e-16 -0.460065 -0.9422609 1.153937e-16 -0.3348796 -0.9790841 1.199032e-16 -0.203456 -0.9976688 1.221792e-16 -0.06824241 -0.9976688 1.221792e-16 0.06824241 -0.9790841 1.199032e-16 0.203456 -0.9422609 1.153937e-16 0.3348796 -0.8878852 1.087346e-16 0.460065 -0.8169699 1.0005e-16 0.5766803 -0.730836 8.950159e-17 0.6825531 -0.6310879 7.728598e-17 0.7757113 -0.519584 6.363068e-17 0.8544194 -0.3984011 4.879006e-17 0.9172113 -0.2697968 3.304058e-17 0.9629173 -0.1361666 1.667561e-17 0.9906859 -0.1350017 -0.01777331 -0.9906859 -0.2674886 -0.03521555 -0.9629173 -0.3949927 -0.05200178 -0.9172113 -0.5151388 -0.06781931 -0.8544194 -0.6256889 -0.08237351 -0.7757113 -0.7245836 -0.09539324 -0.6825531 -0.8099806 -0.106636 -0.5766803 -0.8802892 -0.1158923 -0.460065 -0.9341997 -0.1229897 -0.3348796 -0.9707079 -0.1277961 -0.203456 -0.9891336 -0.1302219 -0.06824241 -0.9891336 -0.1302219 0.06824241 -0.9707079 -0.1277961 0.203456 -0.9341997 -0.1229897 0.3348796 -0.8802892 -0.1158923 0.460065 -0.8099806 -0.106636 0.5766803 -0.7245836 -0.09539324 0.6825531 -0.6256889 -0.08237351 0.7757113 -0.5151388 -0.06781931 0.8544194 -0.3949927 -0.05200178 0.9172113 -0.2674886 -0.03521555 0.9629173 -0.1350017 -0.01777331 0.9906859 -0.1315269 -0.03524252 -0.9906859 -0.2606037 -0.06982854 -0.9629173 -0.3848259 -0.1031138 -0.9172113 -0.5018796 -0.1344782 -0.8544194 -0.6095841 -0.1633376 -0.7757113 -0.7059333 -0.1891543 -0.6825531 -0.7891323 -0.2114474 -0.5766803 -0.8576313 -0.2298016 -0.460065 -0.9101542 -0.2438751 -0.3348796 -0.9457226 -0.2534056 -0.203456 -0.963674 -0.2582157 -0.06824241 -0.963674 -0.2582157 0.06824241 -0.9457226 -0.2534056 0.203456 -0.9101542 -0.2438751 0.3348796 -0.8576313 -0.2298016 0.460065 -0.7891323 -0.2114474 0.5766803 -0.7059333 -0.1891543 0.6825531 -0.6095841 -0.1633376 0.7757113 -0.5018796 -0.1344782 0.8544194 -0.3848259 -0.1031138 0.9172113 -0.2606037 -0.06982854 0.9629173 -0.1315269 -0.03524252 0.9906859 -0.1258016 -0.05210872 -0.9906859 -0.2492597 -0.1032468 -0.9629173 -0.3680746 -0.1524615 -0.9172113 -0.480033 -0.1988362 -0.8544194 -0.5830492 -0.2415069 -0.7757113 -0.6752044 -0.2796788 -0.6825531 -0.7547818 -0.3126408 -0.5766803 -0.820299 -0.339779 -0.460065 -0.8705356 -0.3605876 -0.3348796 -0.9045557 -0.3746793 -0.203456 -0.9217258 -0.3817913 -0.06824241 -0.9217258 -0.3817913 0.06824241 -0.9045557 -0.3746793 0.203456 -0.8705356 -0.3605876 0.3348796 -0.820299 -0.339779 0.460065 -0.7547818 -0.3126408 0.5766803 -0.6752044 -0.2796788 0.6825531 -0.5830492 -0.2415069 0.7757113 -0.480033 -0.1988362 0.8544194 -0.3680746 -0.1524615 0.9172113 -0.2492597 -0.1032468 0.9629173 -0.1258016 -0.05210872 0.9906859 -0.1179238 -0.06808332 -0.9906859 -0.2336509 -0.1348984 -0.9629173 -0.3450255 -0.1992005 -0.9172113 -0.4499729 -0.259792 -0.8544194 -0.5465382 -0.315544 -0.7757113 -0.6329225 -0.365418 -0.6825531 -0.7075167 -0.4084849 -0.5766803 -0.7689312 -0.4439426 -0.460065 -0.8160219 -0.4711305 -0.3348796 -0.8479117 -0.489542 -0.203456 -0.8640065 -0.4988344 -0.06824241 -0.8640065 -0.4988344 0.06824241 -0.8479117 -0.489542 0.203456 -0.8160219 -0.4711305 0.3348796 -0.7689312 -0.4439426 0.460065 -0.7075167 -0.4084849 0.5766803 -0.6329225 -0.365418 0.6825531 -0.5465382 -0.315544 0.7757113 -0.4499729 -0.259792 0.8544194 -0.3450255 -0.1992005 0.9172113 -0.2336509 -0.1348984 0.9629173 -0.1179238 -0.06808332 0.9906859 -0.1080283 -0.082893 -0.9906859 -0.2140442 -0.1642419 -0.9629173 -0.3160728 -0.2425312 -0.9172113 -0.4122137 -0.3163027 -0.8544194 -0.5006757 -0.384182 -0.7757113 -0.5798112 -0.4449047 -0.6825531 -0.6481458 -0.4973398 -0.5766803 -0.7044067 -0.5405103 -0.460065 -0.7475458 -0.5736121 -0.3348796 -0.7767596 -0.5960286 -0.203456 -0.7915039 -0.6073423 -0.06824241 -0.7915039 -0.6073423 0.06824241 -0.7767596 -0.5960286 0.203456 -0.7475458 -0.5736121 0.3348796 -0.7044067 -0.5405103 0.460065 -0.6481458 -0.4973398 0.5766803 -0.5798112 -0.4449047 0.6825531 -0.5006757 -0.384182 0.7757113 -0.4122137 -0.3163027 0.8544194 -0.3160728 -0.2425312 0.9172113 -0.2140442 -0.1642419 0.9629173 -0.1080283 -0.082893 0.9906859 -0.09628436 -0.09628436 -0.9906859 -0.1907751 -0.1907751 -0.9629173 -0.2817121 -0.2817121 -0.9172113 -0.3674013 -0.3674013 -0.8544194 -0.4462466 -0.4462466 -0.7757113 -0.5167791 -0.5167791 -0.6825531 -0.577685 -0.577685 -0.5766803 -0.6278297 -0.6278297 -0.460065 -0.6662791 -0.6662791 -0.3348796 -0.692317 -0.692317 -0.203456 -0.7054584 -0.7054584 -0.06824241 -0.7054584 -0.7054584 0.06824241 -0.692317 -0.692317 0.203456 -0.6662791 -0.6662791 0.3348796 -0.6278297 -0.6278297 0.460065 -0.577685 -0.577685 0.5766803 -0.5167791 -0.5167791 0.6825531 -0.4462466 -0.4462466 0.7757113 -0.3674013 -0.3674013 0.8544194 -0.2817121 -0.2817121 0.9172113 -0.1907751 -0.1907751 0.9629173 -0.09628436 -0.09628436 0.9906859 -0.082893 -0.1080283 -0.9906859 -0.1642419 -0.2140442 -0.9629173 -0.2425312 -0.3160728 -0.9172113 -0.3163027 -0.4122137 -0.8544194 -0.384182 -0.5006757 -0.7757113 -0.4449047 -0.5798112 -0.6825531 -0.4973398 -0.6481458 -0.5766803 -0.5405103 -0.7044067 -0.460065 -0.5736121 -0.7475458 -0.3348796 -0.5960286 -0.7767596 -0.203456 -0.6073423 -0.7915039 -0.06824241 -0.6073423 -0.7915039 0.06824241 -0.5960286 -0.7767596 0.203456 -0.5736121 -0.7475458 0.3348796 -0.5405103 -0.7044067 0.460065 -0.4973398 -0.6481458 0.5766803 -0.4449047 -0.5798112 0.6825531 -0.384182 -0.5006757 0.7757113 -0.3163027 -0.4122137 0.8544194 -0.2425312 -0.3160728 0.9172113 -0.1642419 -0.2140442 0.9629173 -0.082893 -0.1080283 0.9906859 -0.06808332 -0.1179238 -0.9906859 -0.1348984 -0.2336509 -0.9629173 -0.1992005 -0.3450255 -0.9172113 -0.259792 -0.4499729 -0.8544194 -0.315544 -0.5465382 -0.7757113 -0.365418 -0.6329225 -0.6825531 -0.4084849 -0.7075167 -0.5766803 -0.4439426 -0.7689312 -0.460065 -0.4711305 -0.8160219 -0.3348796 -0.489542 -0.8479117 -0.203456 -0.4988344 -0.8640065 -0.06824241 -0.4988344 -0.8640065 0.06824241 -0.489542 -0.8479117 0.203456 -0.4711305 -0.8160219 0.3348796 -0.4439426 -0.7689312 0.460065 -0.4084849 -0.7075167 0.5766803 -0.365418 -0.6329225 0.6825531 -0.315544 -0.5465382 0.7757113 -0.259792 -0.4499729 0.8544194 -0.1992005 -0.3450255 0.9172113 -0.1348984 -0.2336509 0.9629173 -0.06808332 -0.1179238 0.9906859 -0.05210872 -0.1258016 -0.9906859 -0.1032468 -0.2492597 -0.9629173 -0.1524615 -0.3680746 -0.9172113 -0.1988362 -0.480033 -0.8544194 -0.2415069 -0.5830492 -0.7757113 -0.2796788 -0.6752044 -0.6825531 -0.3126408 -0.7547818 -0.5766803 -0.339779 -0.820299 -0.460065 -0.3605876 -0.8705356 -0.3348796 -0.3746793 -0.9045557 -0.203456 -0.3817913 -0.9217258 -0.06824241 -0.3817913 -0.9217258 0.06824241 -0.3746793 -0.9045557 0.203456 -0.3605876 -0.8705356 0.3348796 -0.339779 -0.820299 0.460065 -0.3126408 -0.7547818 0.5766803 -0.2796788 -0.6752044 0.6825531 -0.2415069 -0.5830492 0.7757113 -0.1988362 -0.480033 0.8544194 -0.1524615 -0.3680746 0.9172113 -0.1032468 -0.2492597 0.9629173 -0.05210872 -0.1258016 0.9906859 -0.03524252 -0.1315269 -0.9906859 -0.06982854 -0.2606037 -0.9629173 -0.1031138 -0.3848259 -0.9172113 -0.1344782 -0.5018796 -0.8544194 -0.1633376 -0.6095841 -0.7757113 -0.1891543 -0.7059333 -0.6825531 -0.2114474 -0.7891323 -0.5766803 -0.2298016 -0.8576313 -0.460065 -0.2438751 -0.9101542 -0.3348796 -0.2534056 -0.9457226 -0.203456 -0.2582157 -0.963674 -0.06824241 -0.2582157 -0.963674 0.06824241 -0.2534056 -0.9457226 0.203456 -0.2438751 -0.9101542 0.3348796 -0.2298016 -0.8576313 0.460065 -0.2114474 -0.7891323 0.5766803 -0.1891543 -0.7059333 0.6825531 -0.1633376 -0.6095841 0.7757113 -0.1344782 -0.5018796 0.8544194 -0.1031138 -0.3848259 0.9172113 -0.06982854 -0.2606037 0.9629173 -0.03524252 -0.1315269 0.9906859 -0.01777331 -0.1350017 -0.9906859 -0.03521555 -0.2674886 -0.9629173 -0.05200178 -0.3949927 -0.9172113 -0.06781931 -0.5151388 -0.8544194 -0.08237351 -0.6256889 -0.7757113 -0.09539324 -0.7245836 -0.6825531 -0.106636 -0.8099806 -0.5766803 -0.1158923 -0.8802892 -0.460065 -0.1229897 -0.9341997 -0.3348796 -0.1277961 -0.9707079 -0.203456 -0.1302219 -0.9891336 -0.06824241 -0.1302219 -0.9891336 0.06824241 -0.1277961 -0.9707079 0.203456 -0.1229897 -0.9341997 0.3348796 -0.1158923 -0.8802892 0.460065 -0.106636 -0.8099806 0.5766803 -0.09539324 -0.7245836 0.6825531 -0.08237351 -0.6256889 0.7757113 -0.06781931 -0.5151388 0.8544194 -0.05200178 -0.3949927 0.9172113 -0.03521555 -0.2674886 0.9629173 -0.01777331 -0.1350017 0.9906859 -2.501341e-17 -0.1361666 -0.9906859 -4.956086e-17 -0.2697968 -0.9629173 -7.318509e-17 -0.3984011 -0.9172113 -9.544602e-17 -0.519584 -0.8544194 -1.15929e-16 -0.6310879 -0.7757113 -1.342524e-16 -0.730836 -0.6825531 -1.500749e-16 -0.8169699 -0.5766803 -1.631019e-16 -0.8878852 -0.460065 -1.730905e-16 -0.9422609 -0.3348796 -1.798548e-16 -0.9790841 -0.203456 -1.832688e-16 -0.9976688 -0.06824241 -1.832688e-16 -0.9976688 0.06824241 -1.798548e-16 -0.9790841 0.203456 -1.730905e-16 -0.9422609 0.3348796 -1.631019e-16 -0.8878852 0.460065 -1.500749e-16 -0.8169699 0.5766803 -1.342524e-16 -0.730836 0.6825531 -1.15929e-16 -0.6310879 0.7757113 -9.544602e-17 -0.519584 0.8544194 -7.318509e-17 -0.3984011 0.9172113 -4.956086e-17 -0.2697968 0.9629173 -2.501341e-17 -0.1361666 0.9906859 0.01777331 -0.1350017 -0.9906859 0.03521555 -0.2674886 -0.9629173 0.05200178 -0.3949927 -0.9172113 0.06781931 -0.5151388 -0.8544194 0.08237351 -0.6256889 -0.7757113 0.09539324 -0.7245836 -0.6825531 0.106636 -0.8099806 -0.5766803 0.1158923 -0.8802892 -0.460065 0.1229897 -0.9341997 -0.3348796 0.1277961 -0.9707079 -0.203456 0.1302219 -0.9891336 -0.06824241 0.1302219 -0.9891336 0.06824241 0.1277961 -0.9707079 0.203456 0.1229897 -0.9341997 0.3348796 0.1158923 -0.8802892 0.460065 0.106636 -0.8099806 0.5766803 0.09539324 -0.7245836 0.6825531 0.08237351 -0.6256889 0.7757113 0.06781931 -0.5151388 0.8544194 0.05200178 -0.3949927 0.9172113 0.03521555 -0.2674886 0.9629173 0.01777331 -0.1350017 0.9906859 0.03524252 -0.1315269 -0.9906859 0.06982854 -0.2606037 -0.9629173 0.1031138 -0.3848259 -0.9172113 0.1344782 -0.5018796 -0.8544194 0.1633376 -0.6095841 -0.7757113 0.1891543 -0.7059333 -0.6825531 0.2114474 -0.7891323 -0.5766803 0.2298016 -0.8576313 -0.460065 0.2438751 -0.9101542 -0.3348796 0.2534056 -0.9457226 -0.203456 0.2582157 -0.963674 -0.06824241 0.2582157 -0.963674 0.06824241 0.2534056 -0.9457226 0.203456 0.2438751 -0.9101542 0.3348796 0.2298016 -0.8576313 0.460065 0.2114474 -0.7891323 0.5766803 0.1891543 -0.7059333 0.6825531 0.1633376 -0.6095841 0.7757113 0.1344782 -0.5018796 0.8544194 0.1031138 -0.3848259 0.9172113 0.06982854 -0.2606037 0.9629173 0.03524252 -0.1315269 0.9906859 0.05210872 -0.1258016 -0.9906859 0.1032468 -0.2492597 -0.9629173 0.1524615 -0.3680746 -0.9172113 0.1988362 -0.480033 -0.8544194 0.2415069 -0.5830492 -0.7757113 0.2796788 -0.6752044 -0.6825531 0.3126408 -0.7547818 -0.5766803 0.339779 -0.820299 -0.460065 0.3605876 -0.8705356 -0.3348796 0.3746793 -0.9045557 -0.203456 0.3817913 -0.9217258 -0.06824241 0.3817913 -0.9217258 0.06824241 0.3746793 -0.9045557 0.203456 0.3605876 -0.8705356 0.3348796 0.339779 -0.820299 0.460065 0.3126408 -0.7547818 0.5766803 0.2796788 -0.6752044 0.6825531 0.2415069 -0.5830492 0.7757113 0.1988362 -0.480033 0.8544194 0.1524615 -0.3680746 0.9172113 0.1032468 -0.2492597 0.9629173 0.05210872 -0.1258016 0.9906859 0.06808332 -0.1179238 -0.9906859 0.1348984 -0.2336509 -0.9629173 0.1992005 -0.3450255 -0.9172113 0.259792 -0.4499729 -0.8544194 0.315544 -0.5465382 -0.7757113 0.365418 -0.6329225 -0.6825531 0.4084849 -0.7075167 -0.5766803 0.4439426 -0.7689312 -0.460065 0.4711305 -0.8160219 -0.3348796 0.489542 -0.8479117 -0.203456 0.4988344 -0.8640065 -0.06824241 0.4988344 -0.8640065 0.06824241 0.489542 -0.8479117 0.203456 0.4711305 -0.8160219 0.3348796 0.4439426 -0.7689312 0.460065 0.4084849 -0.7075167 0.5766803 0.365418 -0.6329225 0.6825531 0.315544 -0.5465382 0.7757113 0.259792 -0.4499729 0.8544194 0.1992005 -0.3450255 0.9172113 0.1348984 -0.2336509 0.9629173 0.06808332 -0.1179238 0.9906859 0.082893 -0.1080283 -0.9906859 0.1642419 -0.2140442 -0.9629173 0.2425312 -0.3160728 -0.9172113 0.3163027 -0.4122137 -0.8544194 0.384182 -0.5006757 -0.7757113 0.4449047 -0.5798112 -0.6825531 0.4973398 -0.6481458 -0.5766803 0.5405103 -0.7044067 -0.460065 0.5736121 -0.7475458 -0.3348796 0.5960286 -0.7767596 -0.203456 0.6073423 -0.7915039 -0.06824241 0.6073423 -0.7915039 0.06824241 0.5960286 -0.7767596 0.203456 0.5736121 -0.7475458 0.3348796 0.5405103 -0.7044067 0.460065 0.4973398 -0.6481458 0.5766803 0.4449047 -0.5798112 0.6825531 0.384182 -0.5006757 0.7757113 0.3163027 -0.4122137 0.8544194 0.2425312 -0.3160728 0.9172113 0.1642419 -0.2140442 0.9629173 0.082893 -0.1080283 0.9906859 0.09628436 -0.09628436 -0.9906859 0.1907751 -0.1907751 -0.9629173 0.2817121 -0.2817121 -0.9172113 0.3674013 -0.3674013 -0.8544194 0.4462466 -0.4462466 -0.7757113 0.5167791 -0.5167791 -0.6825531 0.577685 -0.577685 -0.5766803 0.6278297 -0.6278297 -0.460065 0.6662791 -0.6662791 -0.3348796 0.692317 -0.692317 -0.203456 0.7054584 -0.7054584 -0.06824241 0.7054584 -0.7054584 0.06824241 0.692317 -0.692317 0.203456 0.6662791 -0.6662791 0.3348796 0.6278297 -0.6278297 0.460065 0.577685 -0.577685 0.5766803 0.5167791 -0.5167791 0.6825531 0.4462466 -0.4462466 0.7757113 0.3674013 -0.3674013 0.8544194 0.2817121 -0.2817121 0.9172113 0.1907751 -0.1907751 0.9629173 0.09628436 -0.09628436 0.9906859 0.1080283 -0.082893 -0.9906859 0.2140442 -0.1642419 -0.9629173 0.3160728 -0.2425312 -0.9172113 0.4122137 -0.3163027 -0.8544194 0.5006757 -0.384182 -0.7757113 0.5798112 -0.4449047 -0.6825531 0.6481458 -0.4973398 -0.5766803 0.7044067 -0.5405103 -0.460065 0.7475458 -0.5736121 -0.3348796 0.7767596 -0.5960286 -0.203456 0.7915039 -0.6073423 -0.06824241 0.7915039 -0.6073423 0.06824241 0.7767596 -0.5960286 0.203456 0.7475458 -0.5736121 0.3348796 0.7044067 -0.5405103 0.460065 0.6481458 -0.4973398 0.5766803 0.5798112 -0.4449047 0.6825531 0.5006757 -0.384182 0.7757113 0.4122137 -0.3163027 0.8544194 0.3160728 -0.2425312 0.9172113 0.2140442 -0.1642419 0.9629173 0.1080283 -0.082893 0.9906859 0.1179238 -0.06808332 -0.9906859 0.2336509 -0.1348984 -0.9629173 0.3450255 -0.1992005 -0.9172113 0.4499729 -0.259792 -0.8544194 0.5465382 -0.315544 -0.7757113 0.6329225 -0.365418 -0.6825531 0.7075167 -0.4084849 -0.5766803 0.7689312 -0.4439426 -0.460065 0.8160219 -0.4711305 -0.3348796 0.8479117 -0.489542 -0.203456 0.8640065 -0.4988344 -0.06824241 0.8640065 -0.4988344 0.06824241 0.8479117 -0.489542 0.203456 0.8160219 -0.4711305 0.3348796 0.7689312 -0.4439426 0.460065 0.7075167 -0.4084849 0.5766803 0.6329225 -0.365418 0.6825531 0.5465382 -0.315544 0.7757113 0.4499729 -0.259792 0.8544194 0.3450255 -0.1992005 0.9172113 0.2336509 -0.1348984 0.9629173 0.1179238 -0.06808332 0.9906859 0.1258016 -0.05210872 -0.9906859 0.2492597 -0.1032468 -0.9629173 0.3680746 -0.1524615 -0.9172113 0.480033 -0.1988362 -0.8544194 0.5830492 -0.2415069 -0.7757113 0.6752044 -0.2796788 -0.6825531 0.7547818 -0.3126408 -0.5766803 0.820299 -0.339779 -0.460065 0.8705356 -0.3605876 -0.3348796 0.9045557 -0.3746793 -0.203456 0.9217258 -0.3817913 -0.06824241 0.9217258 -0.3817913 0.06824241 0.9045557 -0.3746793 0.203456 0.8705356 -0.3605876 0.3348796 0.820299 -0.339779 0.460065 0.7547818 -0.3126408 0.5766803 0.6752044 -0.2796788 0.6825531 0.5830492 -0.2415069 0.7757113 0.480033 -0.1988362 0.8544194 0.3680746 -0.1524615 0.9172113 0.2492597 -0.1032468 0.9629173 0.1258016 -0.05210872 0.9906859 0.1315269 -0.03524252 -0.9906859 0.2606037 -0.06982854 -0.9629173 0.3848259 -0.1031138 -0.9172113 0.5018796 -0.1344782 -0.8544194 0.6095841 -0.1633376 -0.7757113 0.7059333 -0.1891543 -0.6825531 0.7891323 -0.2114474 -0.5766803 0.8576313 -0.2298016 -0.460065 0.9101542 -0.2438751 -0.3348796 0.9457226 -0.2534056 -0.203456 0.963674 -0.2582157 -0.06824241 0.963674 -0.2582157 0.06824241 0.9457226 -0.2534056 0.203456 0.9101542 -0.2438751 0.3348796 0.8576313 -0.2298016 0.460065 0.7891323 -0.2114474 0.5766803 0.7059333 -0.1891543 0.6825531 0.6095841 -0.1633376 0.7757113 0.5018796 -0.1344782 0.8544194 0.3848259 -0.1031138 0.9172113 0.2606037 -0.06982854 0.9629173 0.1315269 -0.03524252 0.9906859 0.1350017 -0.01777331 -0.9906859 0.2674886 -0.03521555 -0.9629173 0.3949927 -0.05200178 -0.9172113 0.5151388 -0.06781931 -0.8544194 0.6256889 -0.08237351 -0.7757113 0.7245836 -0.09539324 -0.6825531 0.8099806 -0.106636 -0.5766803 0.8802892 -0.1158923 -0.460065 0.9341997 -0.1229897 -0.3348796 0.9707079 -0.1277961 -0.203456 0.9891336 -0.1302219 -0.06824241 0.9891336 -0.1302219 0.06824241 0.9707079 -0.1277961 0.203456 0.9341997 -0.1229897 0.3348796 0.8802892 -0.1158923 0.460065 0.8099806 -0.106636 0.5766803 0.7245836 -0.09539324 0.6825531 0.6256889 -0.08237351 0.7757113 0.5151388 -0.06781931 0.8544194 0.3949927 -0.05200178 0.9172113 0.2674886 -0.03521555 0.9629173 0.1350017 -0.01777331 0.9906859</float_array>
          <technique_common>
            <accessor count="1058" source="#verts-array-array" stride="3">
              <param type="float" name="X"/>
              <param type="float" name="Y"/>
              <param type="float" name="Z"/>
            </accessor>
          </technique_common>
        </source>
        <source id="normals-array">
          <float_array count="3174" id="normals-array-array">-5.131628e-17 6.728327e-17 -1 0.1389552 -6.561471e-17 -0.9902987 0.2724291 5.927653e-17 -0.9621759 0.4007876 -1.183412e-16 -0.916171 0.5216533 -2.756433e-16 -0.8531576 0.6327924 -2.258613e-16 -0.7743215 0.7321548 -2.087776e-16 -0.6811383 0.8179108 -2.722208e-16 -0.5753451 0.8884837 -2.423317e-16 -0.4589081 0.9425779 -1.14538e-16 -0.3339863 0.9792011 -1.212409e-16 -0.2028923 0.9976819 -1.679794e-16 -0.06804976 0.9976819 -1.613048e-16 0.06804976 0.9792011 -2.46931e-16 0.2028923 0.9425779 -2.657726e-16 0.3339863 0.8884837 -1.478446e-16 0.4589081 0.8179108 -1.42777e-16 0.5753451 0.7321548 7.162849e-17 0.6811383 0.6327924 -2.352954e-16 0.7743215 0.5216533 -2.720383e-16 0.8531576 0.4007876 -1.455015e-16 0.916171 0.2724291 4.951253e-17 0.9621759 0.1389552 -7.80732e-17 0.9902987 6.435339e-17 7.506739e-18 1 0.1377664 0.01813729 -0.9902987 0.2700984 0.03555913 -0.9621759 0.3973588 0.05231328 -0.916171 0.5171905 0.06808942 -0.8531576 0.6273788 0.08259598 -0.7743215 0.7258911 0.09556537 -0.6811383 0.8109134 0.1067588 -0.5753451 0.8808826 0.1159704 -0.4589081 0.934514 0.1230311 -0.3339863 0.9708239 0.1278114 -0.2028923 0.9891466 0.1302236 -0.06804976 0.9891466 0.1302236 0.06804976 0.9708239 0.1278114 0.2028923 0.934514 0.1230311 0.3339863 0.8808826 0.1159704 0.4589081 0.8109134 0.1067588 0.5753451 0.7258911 0.09556537 0.6811383 0.6273788 0.08259598 0.7743215 0.5171905 0.06808942 0.8531576 0.3973588 0.05231328 0.916171 0.2700984 0.03555913 0.9621759 0.1377664 0.01813729 0.9902987 0.1342204 0.03596425 -0.9902987 0.2631463 0.07050984 -0.9621759 0.3871311 0.1037315 -0.916171 0.5038784 0.1350138 -0.8531576 0.6112305 0.1637787 -0.7743215 0.7072072 0.1894956 -0.6811383 0.7900411 0.2116909 -0.5753451 0.8582094 0.2299565 -0.4589081 0.9104604 0.2439571 -0.3339863 0.9458356 0.2534359 -0.2028923 0.9636867 0.2582191 -0.06804976 0.9636867 0.2582191 0.06804976 0.9458356 0.2534359 0.2028923 0.9104604 0.2439571 0.3339863 0.8582094 0.2299565 0.4589081 0.7900411 0.2116909 0.5753451 0.7072072 0.1894956 0.6811383 0.6112305 0.1637787 0.7743215 0.5038784 0.1350138 0.8531576 0.3871311 0.1037315 0.916171 0.2631463 0.07050984 0.9621759 0.1342204 0.03596425 0.9902987 0.1283778 0.05317584 -0.9902987 0.2516917 0.1042541 -0.9621759 0.3702795 0.1533748 -0.916171 0.4819448 0.1996281 -0.8531576 0.584624 0.2421592 -0.7743215 0.6764228 0.2801835 -0.6811383 0.755651 0.3130009 -0.5753451 0.8208519 0.340008 -0.4589081 0.8708285 0.360709 -0.3339863 0.9046638 0.374724 -0.2028923 0.9217379 0.3817963 -0.06804976 0.9217379 0.3817963 0.06804976 0.9046638 0.374724 0.2028923 0.8708285 0.360709 0.3339863 0.8208519 0.340008 0.4589081 0.755651 0.3130009 0.5753451 0.6764228 0.2801835 0.6811383 0.584624 0.2421592 0.7743215 0.4819448 0.1996281 0.8531576 0.3702795 0.1533748 0.916171 0.2516917 0.1042541 0.9621759 0.1283778 0.05317584 0.9902987 0.1203387 0.06947759 -0.9902987 0.2359305 0.1362145 -0.9621759 0.3470922 0.2003938 -0.916171 0.451765 0.2608267 -0.8531576 0.5480143 0.3163962 -0.7743215 0.6340646 0.3660774 -0.6811383 0.7083315 0.4089554 -0.5753451 0.7694495 0.4442419 -0.4589081 0.8162964 0.471289 -0.3339863 0.848013 0.4896005 -0.2028923 0.8640179 0.498841 -0.06804976 0.8640179 0.498841 0.06804976 0.848013 0.4896005 0.2028923 0.8162964 0.471289 0.3339863 0.7694495 0.4442419 0.4589081 0.7083315 0.4089554 0.5753451 0.6340646 0.3660774 0.6811383 0.5480143 0.3163962 0.7743215 0.451765 0.2608267 0.8531576 0.3470922 0.2003938 0.916171 0.2359305 0.1362145 0.9621759 0.1203387 0.06947759 0.9902987 0.1102406 0.08459055 -0.9902987 0.2161325 0.1658443 -0.9621759 0.3179662 0.243984 -0.916171 0.4138554 0.3175624 -0.8531576 0.502028 0.3852196 -0.7743215 0.5808574 0.4457076 -0.6811383 0.6488922 0.4979125 -0.5753451 0.7048815 0.5408746 -0.4589081 0.7477973 0.5738051 -0.3339863 0.7768524 0.5960998 -0.2028923 0.7915143 0.6073503 -0.06804976 0.7915143 0.6073503 0.06804976 0.7768524 0.5960998 0.2028923 0.7477973 0.5738051 0.3339863 0.7048815 0.5408746 0.4589081 0.6488922 0.4979125 0.5753451 0.5808574 0.4457076 0.6811383 0.502028 0.3852196 0.7743215 0.4138554 0.3175624 0.8531576 0.3179662 0.243984 0.916171 0.2161325 0.1658443 0.9621759 0.1102406 0.08459055 0.9902987 0.09825615 0.09825615 -0.9902987 0.1926365 0.1926365 -0.9621759 0.2833996 0.2833996 -0.916171 0.3688646 0.3688646 -0.8531576 0.4474518 0.4474518 -0.7743215 0.5177116 0.5177116 -0.6811383 0.5783502 0.5783502 -0.5753451 0.6282529 0.6282529 -0.4589081 0.6665032 0.6665032 -0.3339863 0.6923997 0.6923997 -0.2028923 0.7054677 0.7054677 -0.06804976 0.7054677 0.7054677 0.06804976 0.6923997 0.6923997 0.2028923 0.6665032 0.6665032 0.3339863 0.6282529 0.6282529 0.4589081 0.5783502 0.5783502 0.5753451 0.5177116 0.5177116 0.6811383 0.4474518 0.4474518 0.7743215 0.3688646 0.3688646 0.8531576 0.2833996 0.2833996 0.916171 0.1926365 0.1926365 0.9621759 0.09825615 0.09825615 0.9902987 0.08459055 0.1102406 -0.9902987 0.1658443 0.2161325 -0.9621759 0.243984 0.3179662 -0.916171 0.3175624 0.4138554 -0.8531576 0.3852196 0.502028 -0.7743215 0.4457076 0.5808574 -0.6811383 0.4979125 0.6488922 -0.5753451 0.5408746 0.7048815 -0.4589081 0.5738051 0.7477973 -0.3339863 0.5960998 0.7768524 -0.2028923 0.6073503 0.7915143 -0.06804976 0.6073503 0.7915143 0.06804976 0.5960998 0.7768524 0.2028923 0.5738051 0.7477973 0.3339863 0.5408746 0.7048815 0.4589081 0.4979125 0.6488922 0.5753451 0.4457076 0.5808574 0.6811383 0.3852196 0.502028 0.7743215 0.3175624 0.4138554 0.8531576 0.243984 0.3179662 0.916171 0.1658443 0.2161325 0.9621759 0.08459055 0.1102406 0.9902987 0.06947759 0.1203387 -0.9902987 0.1362145 0.2359305 -0.9621759 0.2003938 0.3470922 -0.916171 0.2608267 0.451765 -0.8531576 0.3163962 0.5480143 -0.7743215 0.3660774 0.6340646 -0.6811383 0.4089554 0.7083315 -0.5753451 0.4442419 0.7694495 -0.4589081 0.471289 0.8162964 -0.3339863 0.4896005 0.848013 -0.2028923 0.498841 0.8640179 -0.06804976 0.498841 0.8640179 0.06804976 0.4896005 0.848013 0.2028923 0.471289 0.8162964 0.3339863 0.4442419 0.7694495 0.4589081 0.4089554 0.7083315 0.5753451 0.3660774 0.6340646 0.6811383 0.3163962 0.5480143 0.7743215 0.2608267 0.451765 0.8531576 0.2003938 0.3470922 0.916171 0.1362145 0.2359305 0.9621759 0.06947759 0.1203387 0.9902987 0.05317584 0.1283778 -0.9902987 0.1042541 0.2516917 -0.9621759 0.1533748 0.3702795 -0.916171 0.1996281 0.4819448 -0.8531576 0.2421592 0.584624 -0.7743215 0.2801835 0.6764228 -0.6811383 0.3130009 0.755651 -0.5753451 0.340008 0.8208519 -0.4589081 0.360709 0.8708285 -0.3339863 0.374724 0.9046638 -0.2028923 0.3817963 0.9217379 -0.06804976 0.3817963 0.9217379 0.06804976 0.374724 0.9046638 0.2028923 0.360709 0.8708285 0.3339863 0.340008 0.8208519 0.4589081 0.3130009 0.755651 0.5753451 0.2801835 0.6764228 0.6811383 0.2421592 0.584624 0.7743215 0.1996281 0.4819448 0.8531576 0.1533748 0.3702795 0.916171 0.1042541 0.2516917 0.9621759 0.05317584 0.1283778 0.9902987 0.03596425 0.1342204 -0.9902987 0.07050984 0.2631463 -0.9621759 0.1037315 0.3871311 -0.916171 0.1350138 0.5038784 -0.8531576 0.1637787 0.6112305 -0.7743215 0.1894956 0.7072072 -0.6811383 0.2116909 0.7900411 -0.5753451 0.2299565 0.8582094 -0.4589081 0.2439571 0.9104604 -0.3339863 0.2534359 0.9458356 -0.2028923 0.2582191 0.9636867 -0.06804976 0.2582191 0.9636867 0.06804976 0.2534359 0.9458356 0.2028923 0.2439571 0.9104604 0.3339863 0.2299565 0.8582094 0.4589081 0.2116909 0.7900411 0.5753451 0.1894956 0.7072072 0.6811383 0.1637787 0.6112305 0.7743215 0.1350138 0.5038784 0.8531576 0.1037315 0.3871311 0.916171 0.07050984 0.2631463 0.9621759 0.03596425 0.1342204 0.9902987 0.01813729 0.1377664 -0.9902987 0.03555913 0.2700984 -0.9621759 0.05231328 0.3973588 -0.916171 0.06808942 0.5171905 -0.8531576 0.08259598 0.6273788 -0.7743215 0.09556537 0.7258911 -0.6811383 0.1067588 0.8109134 -0.5753451 0.1159704 0.8808826 -0.4589081 0.1230311 0.934514 -0.3339863 0.1278114 0.9708239 -0.2028923 0.1302236 0.9891466 -0.06804976 0.1302236 0.9891466 0.06804976 0.1278114 0.9708239 0.2028923 0.1230311 0.934514 0.3339863 0.1159704 0.8808826 0.4589081 0.1067588 0.8109134 0.5753451 0.09556537 0.7258911 0.6811383 0.08259598 0.6273788 0.7743215 0.06808942 0.5171905 0.8531576 0.05231328 0.3973588 0.916171 0.03555913 0.2700984 0.9621759 0.01813729 0.1377664 0.9902987 2.214843e-18 0.1389552 -0.9902987 1.894633e-16 0.2724291 -0.9621759 1.784818e-16 0.4007876 -0.916171 -3.327686e-18 0.5216533 -0.8531576 3.063279e-16 0.6327924 -0.7743215 1.110519e-17 0.7321548 -0.6811383 1.555547e-17 0.8179108 -0.5753451 3.357073e-16 0.8884837 -0.4589081 3.158134e-16 0.9425779 -0.3339863 -1.557222e-17 0.9792011 -0.2028923 2.736619e-16 0.9976819 -0.06804976 3.648825e-16 0.9976819 0.06804976 1.06781e-16 0.9792011 0.2028923 3.224855e-16 0.9425779 0.3339863 3.201447e-16 0.8884837 0.4589081 6.44441e-17 0.8179108 0.5753451 3.153874e-16 0.7321548 0.6811383 3.307454e-16 0.6327924 0.7743215 3.993223e-17 0.5216533 0.8531576 1.995449e-16 0.4007876 0.916171 2.049749e-16 0.2724291 0.9621759 1.384277e-19 0.1389552 0.9902987 -0.01813729 0.1377664 -0.9902987 -0.03555913 0.2700984 -0.9621759 -0.05231328 0.3973588 -0.916171 -0.06808942 0.5171905 -0.8531576 -0.08259598 0.6273788 -0.7743215 -0.09556537 0.7258911 -0.6811383 -0.1067588 0.8109134 -0.5753451 -0.1159704 0.8808826 -0.4589081 -0.1230311 0.934514 -0.3339863 -0.1278114 0.9708239 -0.2028923 -0.1302236 0.9891466 -0.06804976 -0.1302236 0.9891466 0.06804976 -0.1278114 0.9708239 0.2028923 -0.1230311 0.934514 0.3339863 -0.1159704 0.8808826 0.4589081 -0.1067588 0.8109134 0.5753451 -0.09556537 0.7258911 0.6811383 -0.08259598 0.6273788 0.7743215 -0.06808942 0.5171905 0.8531576 -0.05231328 0.3973588 0.916171 -0.03555913 0.2700984 0.9621759 -0.01813729 0.1377664 0.9902987 -0.03596425 0.1342204 -0.9902987 -0.07050984 0.2631463 -0.9621759 -0.1037315 0.3871311 -0.916171 -0.1350138 0.5038784 -0.8531576 -0.1637787 0.6112305 -0.7743215 -0.1894956 0.7072072 -0.6811383 -0.2116909 0.7900411 -0.5753451 -0.2299565 0.8582094 -0.4589081 -0.2439571 0.9104604 -0.3339863 -0.2534359 0.9458356 -0.2028923 -0.2582191 0.9636867 -0.06804976 -0.2582191 0.9636867 0.06804976 -0.2534359 0.9458356 0.2028923 -0.2439571 0.9104604 0.3339863 -0.2299565 0.8582094 0.4589081 -0.2116909 0.7900411 0.5753451 -0.1894956 0.7072072 0.6811383 -0.1637787 0.6112305 0.7743215 -0.1350138 0.5038784 0.8531576 -0.1037315 0.3871311 0.916171 -0.07050984 0.2631463 0.9621759 -0.03596425 0.1342204 0.9902987 -0.05317584 0.1283778 -0.9902987 -0.1042541 0.2516917 -0.9621759 -0.1533748 0.3702795 -0.916171 -0.1996281 0.4819448 -0.8531576 -0.2421592 0.584624 -0.7743215 -0.2801835 0.6764228 -0.6811383 -0.3130009 0.755651 -0.5753451 -0.340008 0.8208519 -0.4589081 -0.360709 0.8708285 -0.3339863 -0.374724 0.9046638 -0.2028923 -0.3817963 0.9217379 -0.06804976 -0.3817963 0.9217379 0.06804976 -0.374724 0.9046638 0.2028923 -0.360709 0.8708285 0.3339863 -0.340008 0.8208519 0.4589081 -0.3130009 0.755651 0.5753451 -0.2801835 0.6764228 0.6811383 -0.2421592 0.584624 0.7743215 -0.1996281 0.4819448 0.8531576 -0.1533748 0.3702795 0.916171 -0.1042541 0.2516917 0.9621759 -0.05317584 0.1283778 0.9902987 -0.06947759 0.1203387 -0.9902987 -0.1362145 0.2359305 -0.9621759 -0.2003938 0.3470922 -0.916171 -0.2608267 0.451765 -0.8531576 -0.3163962 0.5480143 -0.7743215 -0.3660774 0.6340646 -0.6811383 -0.4089554 0.7083315 -0.5753451 -0.4442419 0.7694495 -0.4589081 -0.471289 0.8162964 -0.3339863 -0.4896005 0.848013 -0.2028923 -0.498841 0.8640179 -0.06804976 -0.498841 0.8640179 0.06804976 -0.4896005 0.848013 0.2028923 -0.471289 0.8162964 0.3339863 -0.4442419 0.7694495 0.4589081 -0.4089554 0.7083315 0.5753451 -0.3660774 0.6340646 0.6811383 -0.3163962 0.5480143 0.7743215 -0.2608267 0.451765 0.8531576 -0.2003938 0.3470922 0.916171 -0.1362145 0.2359305 0.9621759 -0.06947759 0.1203387 0.9902987 -0.08459055 0.1102406 -0.9902987 -0.1658443 0.2161325 -0.9621759 -0.243984 0.3179662 -0.916171 -0.3175624 0.4138554 -0.8531576 -0.3852196 0.502028 -0.7743215 -0.4457076 0.5808574 -0.6811383 -0.4979125 0.6488922 -0.5753451 -0.5408746 0.7048815 -0.4589081 -0.5738051 0.7477973 -0.3339863 -0.5960998 0.7768524 -0.2028923 -0.6073503 0.7915143 -0.06804976 -0.6073503 0.7915143 0.06804976 -0.5960998 0.7768524 0.2028923 -0.5738051 0.7477973 0.3339863 -0.5408746 0.7048815 0.4589081 -0.4979125 0.6488922 0.5753451 -0.4457076 0.5808574 0.6811383 -0.3852196 0.502028 0.7743215 -0.3175624 0.4138554 0.8531576 -0.243984 0.3179662 0.916171 -0.1658443 0.2161325 0.9621759 -0.08459055 0.1102406 0.9902987 -0.09825615 0.09825615 -0.9902987 -0.1926365 0.1926365 -0.9621759 -0.2833996 0.2833996 -0.916171 -0.3688646 0.3688646 -0.8531576 -0.4474518 0.4474518 -0.7743215 -0.5177116 0.5177116 -0.6811383 -0.5783502 0.5783502 -0.5753451 -0.6282529 0.6282529 -0.4589081 -0.6665032 0.6665032 -0.3339863 -0.6923997 0.6923997 -0.2028923 -0.7054677 0.7054677 -0.06804976 -0.7054677 0.7054677 0.06804976 -0.6923997 0.6923997 0.2028923 -0.6665032 0.6665032 0.3339863 -0.6282529 0.6282529 0.4589081 -0.5783502 0.5783502 0.5753451 -0.5177116 0.5177116 0.6811383 -0.4474518 0.4474518 0.7743215 -0.3688646 0.3688646 0.8531576 -0.2833996 0.2833996 0.916171 -0.1926365 0.1926365 0.9621759 -0.09825615 0.09825615 0.9902987 -0.1102406 0.08459055 -0.9902987 -0.2161325 0.1658443 -0.9621759 -0.3179662 0.243984 -0.916171 -0.4138554 0.3175624 -0.8531576 -0.502028 0.3852196 -0.7743215 -0.5808574 0.4457076 -0.6811383 -0.6488922 0.4979125 -0.5753451 -0.7048815 0.5408746 -0.4589081 -0.7477973 0.5738051 -0.3339863 -0.7768524 0.5960998 -0.2028923 -0.7915143 0.6073503 -0.06804976 -0.7915143 0.6073503 0.06804976 -0.7768524 0.5960998 0.2028923 -0.7477973 0.5738051 0.3339863 -0.7048815 0.5408746 0.4589081 -0.6488922 0.4979125 0.5753451 -0.5808574 0.4457076 0.6811383 -0.502028 0.3852196 0.7743215 -0.4138554 0.3175624 0.8531576 -0.3179662 0.243984 0.916171 -0.2161325 0.1658443 0.9621759 -0.1102406 0.08459055 0.9902987 -0.1203387 0.06947759 -0.9902987 -0.2359305 0.1362145 -0.9621759 -0.3470922 0.2003938 -0.916171 -0.451765 0.2608267 -0.8531576 -0.5480143 0.3163962 -0.7743215 -0.6340646 0.3660774 -0.6811383 -0.7083315 0.4089554 -0.5753451 -0.7694495 0.4442419 -0.4589081 -0.8162964 0.471289 -0.3339863 -0.848013 0.4896005 -0.2028923 -0.8640179 0.498841 -0.06804976 -0.8640179 0.498841 0.06804976 -0.848013 0.4896005 0.2028923 -0.8162964 0.471289 0.3339863 -0.7694495 0.4442419 0.4589081 -0.7083315 0.4089554 0.5753451 -0.6340646 0.3660774 0.6811383 -0.5480143 0.3163962 0.7743215 -0.451765 0.2608267 0.8531576 -0.3470922 0.2003938 0.916171 -0.2359305 0.1362145 0.9621759 -0.1203387 0.06947759 0.9902987 -0.1283778 0.05317584 -0.9902987 -0.2516917 0.1042541 -0.9621759 -0.3702795 0.1533748 -0.916171 -0.4819448 0.1996281 -0.8531576 -0.584624 0.2421592 -0.7743215 -0.6764228 0.2801835 -0.6811383 -0.755651 0.3130009 -0.5753451 -0.8208519 0.340008 -0.4589081 -0.8708285 0.360709 -0.3339863 -0.9046638 0.374724 -0.2028923 -0.9217379 0.3817963 -0.06804976 -0.9217379 0.3817963 0.06804976 -0.9046638 0.374724 0.2028923 -0.8708285 0.360709 0.3339863 -0.8208519 0.340008 0.4589081 -0.755651 0.3130009 0.5753451 -0.6764228 0.2801835 0.6811383 -0.584624 0.2421592 0.7743215 -0.4819448 0.1996281 0.8531576 -0.3702795 0.1533748 0.916171 -0.2516917 0.1042541 0.9621759 -0.1283778 0.05317584 0.9902987 -0.1342204 0.03596425 -0.9902987 -0.2631463 0.07050984 -0.9621759 -0.3871311 0.1037315 -0.916171 -0.5038784 0.1350138 -0.8531576 -0.6112305 0.1637787 -0.7743215 -0.7072072 0.1894956 -0.6811383 -0.7900411 0.2116909 -0.5753451 -0.8582094 0.2299565 -0.4589081 -0.9104604 0.2439571 -0.3339863 -0.9458356 0.2534359 -0.2028923 -0.9636867 0.2582191 -0.06804976 -0.9636867 0.2582191 0.06804976 -0.9458356 0.2534359 0.2028923 -0.9104604 0.2439571 0.3339863 -0.8582094 0.2299565 0.4589081 -0.7900411 0.2116909 0.5753451 -0.7072072 0.1894956 0.6811383 -0.6112305 0.1637787 0.7743215 -0.5038784 0.1350138 0.8531576 -0.3871311 0.1037315 0.916171 -0.2631463 0.07050984 0.9621759 -0.1342204 0.03596425 0.9902987 -0.1377664 0.01813729 -0.9902987 -0.2700984 0.03555913 -0.9621759 -0.3973588 0.05231328 -0.916171 -0.5171905 0.06808942 -0.8531576 -0.6273788 0.08259598 -0.7743215 -0.7258911 0.09556537 -0.6811383 -0.8109134 0.1067588 -0.5753451 -0.8808826 0.1159704 -0.4589081 -0.934514 0.1230311 -0.3339863 -0.9708239 0.1278114 -0.2028923 -0.9891466 0.1302236 -0.06804976 -0.9891466 0.1302236 0.06804976 -0.9708239 0.1278114 0.2028923 -0.934514 0.1230311 0.3339863 -0.8808826 0.1159704 0.4589081 -0.8109134 0.1067588 0.5753451 -0.7258911 0.09556537 0.6811383 -0.6273788 0.08259598 0.7743215 -0.5171905 0.06808942 0.8531576 -0.3973588 0.05231328 0.916171 -0.2700984 0.03555913 0.9621759 -0.1377664 0.01813729 0.9902987 -0.1389552 -5.537107e-18 -0.9902987 -0.2724291 1.750597e-16 -0.9621759 -0.4007876 1.629616e-16 -0.916171 -0.5216533 -3.216763e-17 -0.8531576 -0.6327924 2.774709e-16 -0.7743215 -0.7321548 -1.998934e-17 -0.6811383 -0.8179108 -3.333315e-17 -0.5753451 -0.8884837 2.93466e-16 -0.4589081 -0.9425779 2.624365e-16 -0.3339863 -0.9792011 -7.11873e-17 -0.2028923 -0.9976819 2.202644e-16 -0.06804976 -0.9976819 3.11485e-16 0.06804976 -0.9792011 5.783968e-17 0.2028923 -0.9425779 2.780048e-16 0.3339863 -0.8884837 2.690105e-16 0.4589081 -0.8179108 2.888873e-17 0.5753451 -0.7321548 2.709667e-16 0.6811383 -0.6327924 3.041082e-16 0.7743215 -0.5216533 1.774766e-17 0.8531576 -0.4007876 1.740475e-16 0.916171 -0.2724291 1.961111e-16 0.9621759 -0.1389552 -1.038207e-17 0.9902987 -0.1377664 -0.01813729 -0.9902987 -0.2700984 -0.03555913 -0.9621759 -0.3973588 -0.05231328 -0.916171 -0.5171905 -0.06808942 -0.8531576 -0.6273788 -0.08259598 -0.7743215 -0.7258911 -0.09556537 -0.6811383 -0.8109134 -0.1067588 -0.5753451 -0.8808826 -0.1159704 -0.4589081 -0.934514 -0.1230311 -0.3339863 -0.9708239 -0.1278114 -0.2028923 -0.9891466 -0.1302236 -0.06804976 -0.9891466 -0.1302236 0.06804976 -0.9708239 -0.1278114 0.2028923 -0.934514 -0.1230311 0.3339863 -0.8808826 -0.1159704 0.4589081 -0.8109134 -0.1067588 0.5753451 -0.7258911 -0.09556537 0.6811383 -0.6273788 -0.08259598 0.7743215 -0.5171905 -0.06808942 0.8531576 -0.3973588 -0.05231328 0.916171 -0.2700984 -0.03555913 0.9621759 -0.1377664 -0.01813729 0.9902987 -0.1342204 -0.03596425 -0.9902987 -0.2631463 -0.07050984 -0.9621759 -0.3871311 -0.1037315 -0.916171 -0.5038784 -0.1350138 -0.8531576 -0.6112305 -0.1637787 -0.7743215 -0.7072072 -0.1894956 -0.6811383 -0.7900411 -0.2116909 -0.5753451 -0.8582094 -0.2299565 -0.4589081 -0.9104604 -0.2439571 -0.3339863 -0.9458356 -0.2534359 -0.2028923 -0.9636867 -0.2582191 -0.06804976 -0.9636867 -0.2582191 0.06804976 -0.9458356 -0.2534359 0.2028923 -0.9104604 -0.2439571 0.3339863 -0.8582094 -0.2299565 0.4589081 -0.7900411 -0.2116909 0.5753451 -0.7072072 -0.1894956 0.6811383 -0.6112305 -0.1637787 0.7743215 -0.5038784 -0.1350138 0.8531576 -0.3871311 -0.1037315 0.916171 -0.2631463 -0.07050984 0.9621759 -0.1342204 -0.03596425 0.9902987 -0.1283778 -0.05317584 -0.9902987 -0.2516917 -0.1042541 -0.9621759 -0.3702795 -0.1533748 -0.916171 -0.4819448 -0.1996281 -0.8531576 -0.584624 -0.2421592 -0.7743215 -0.6764228 -0.2801835 -0.6811383 -0.755651 -0.3130009 -0.5753451 -0.8208519 -0.340008 -0.4589081 -0.8708285 -0.360709 -0.3339863 -0.9046638 -0.374724 -0.2028923 -0.9217379 -0.3817963 -0.06804976 -0.9217379 -0.3817963 0.06804976 -0.9046638 -0.374724 0.2028923 -0.8708285 -0.360709 0.3339863 -0.8208519 -0.340008 0.4589081 -0.755651 -0.3130009 0.5753451 -0.6764228 -0.2801835 0.6811383 -0.584624 -0.2421592 0.7743215 -0.4819448 -0.1996281 0.8531576 -0.3702795 -0.1533748 0.916171 -0.2516917 -0.1042541 0.9621759 -0.1283778 -0.05317584 0.9902987 -0.1203387 -0.06947759 -0.9902987 -0.2359305 -0.1362145 -0.9621759 -0.3470922 -0.2003938 -0.916171 -0.451765 -0.2608267 -0.8531576 -0.5480143 -0.3163962 -0.7743215 -0.6340646 -0.3660774 -0.6811383 -0.7083315 -0.4089554 -0.5753451 -0.7694495 -0.4442419 -0.4589081 -0.8162964 -0.471289 -0.3339863 -0.848013 -0.4896005 -0.2028923 -0.8640179 -0.498841 -0.06804976 -0.8640179 -0.498841 0.06804976 -0.848013 -0.4896005 0.2028923 -0.8162964 -0.471289 0.3339863 -0.7694495 -0.4442419 0.4589081 -0.7083315 -0.4089554 0.5753451 -0.6340646 -0.3660774 0.6811383 -0.5480143 -0.3163962 0.7743215 -0.451765 -0.2608267 0.8531576 -0.3470922 -0.2003938 0.916171 -0.2359305 -0.1362145 0.9621759 -0.1203387 -0.06947759 0.9902987 -0.1102406 -0.08459055 -0.9902987 -0.2161325 -0.1658443 -0.9621759 -0.3179662 -0.243984 -0.916171 -0.4138554 -0.3175624 -0.8531576 -0.502028 -0.3852196 -0.7743215 -0.5808574 -0.4457076 -0.6811383 -0.6488922 -0.4979125 -0.5753451 -0.7048815 -0.5408746 -0.4589081 -0.7477973 -0.5738051 -0.3339863 -0.7768524 -0.5960998 -0.2028923 -0.7915143 -0.6073503 -0.06804976 -0.7915143 -0.6073503 0.06804976 -0.7768524 -0.5960998 0.2028923 -0.7477973 -0.5738051 0.3339863 -0.7048815 -0.5408746 0.4589081 -0.6488922 -0.4979125 0.5753451 -0.5808574 -0.4457076 0.6811383 -0.502028 -0.3852196 0.7743215 -0.4138554 -0.3175624 0.8531576 -0.3179662 -0.243984 0.916171 -0.2161325 -0.1658443 0.9621759 -0.1102406 -0.08459055 0.9902987 -0.09825615 -0.09825615 -0.9902987 -0.1926365 -0.1926365 -0.9621759 -0.2833996 -0.2833996 -0.916171 -0.3688646 -0.3688646 -0.8531576 -0.4474518 -0.4474518 -0.7743215 -0.5177116 -0.5177116 -0.6811383 -0.5783502 -0.5783502 -0.5753451 -0.6282529 -0.6282529 -0.4589081 -0.6665032 -0.6665032 -0.3339863 -0.6923997 -0.6923997 -0.2028923 -0.7054677 -0.7054677 -0.06804976 -0.7054677 -0.7054677 0.06804976 -0.6923997 -0.6923997 0.2028923 -0.6665032 -0.6665032 0.3339863 -0.6282529 -0.6282529 0.4589081 -0.5783502 -0.5783502 0.5753451 -0.5177116 -0.5177116 0.6811383 -0.4474518 -0.4474518 0.7743215 -0.3688646 -0.3688646 0.8531576 -0.2833996 -0.2833996 0.916171 -0.1926365 -0.1926365 0.9621759 -0.09825615 -0.09825615 0.9902987 -0.08459055 -0.1102406 -0.9902987 -0.1658443 -0.2161325 -0.9621759 -0.243984 -0.3179662 -0.916171 -0.3175624 -0.4138554 -0.8531576 -0.3852196 -0.502028 -0.7743215 -0.4457076 -0.5808574 -0.6811383 -0.4979125 -0.6488922 -0.5753451 -0.5408746 -0.7048815 -0.4589081 -0.5738051 -0.7477973 -0.3339863 -0.5960998 -0.7768524 -0.2028923 -0.6073503 -0.7915143 -0.06804976 -0.6073503 -0.7915143 0.06804976 -0.5960998 -0.7768524 0.2028923 -0.5738051 -0.7477973 0.3339863 -0.5408746 -0.7048815 0.4589081 -0.4979125 -0.6488922 0.5753451 -0.4457076 -0.5808574 0.6811383 -0.3852196 -0.502028 0.7743215 -0.3175624 -0.4138554 0.8531576 -0.243984 -0.3179662 0.916171 -0.1658443 -0.2161325 0.9621759 -0.08459055 -0.1102406 0.9902987 -0.06947759 -0.1203387 -0.9902987 -0.1362145 -0.2359305 -0.9621759 -0.2003938 -0.3470922 -0.916171 -0.2608267 -0.451765 -0.8531576 -0.3163962 -0.5480143 -0.7743215 -0.3660774 -0.6340646 -0.6811383 -0.4089554 -0.7083315 -0.5753451 -0.4442419 -0.7694495 -0.4589081 -0.471289 -0.8162964 -0.3339863 -0.4896005 -0.848013 -0.2028923 -0.498841 -0.8640179 -0.06804976 -0.498841 -0.8640179 0.06804976 -0.4896005 -0.848013 0.2028923 -0.471289 -0.8162964 0.3339863 -0.4442419 -0.7694495 0.4589081 -0.4089554 -0.7083315 0.5753451 -0.3660774 -0.6340646 0.6811383 -0.3163962 -0.5480143 0.7743215 -0.2608267 -0.451765 0.8531576 -0.2003938 -0.3470922 0.916171 -0.1362145 -0.2359305 0.9621759 -0.06947759 -0.1203387 0.9902987 -0.05317584 -0.1283778 -0.9902987 -0.1042541 -0.2516917 -0.9621759 -0.1533748 -0.3702795 -0.916171 -0.1996281 -0.4819448 -0.8531576 -0.2421592 -0.584624 -0.7743215 -0.2801835 -0.6764228 -0.6811383 -0.3130009 -0.755651 -0.5753451 -0.340008 -0.8208519 -0.4589081 -0.360709 -0.8708285 -0.3339863 -0.374724 -0.9046638 -0.2028923 -0.3817963 -0.9217379 -0.06804976 -0.3817963 -0.9217379 0.06804976 -0.374724 -0.9046638 0.2028923 -0.360709 -0.8708285 0.3339863 -0.340008 -0.8208519 0.4589081 -0.3130009 -0.755651 0.5753451 -0.2801835 -0.6764228 0.6811383 -0.2421592 -0.584624 0.7743215 -0.1996281 -0.4819448 0.8531576 -0.1533748 -0.3702795 0.916171 -0.1042541 -0.2516917 0.9621759 -0.05317584 -0.1283778 0.9902987 -0.03596425 -0.1342204 -0.9902987 -0.07050984 -0.2631463 -0.9621759 -0.1037315 -0.3871311 -0.916171 -0.1350138 -0.5038784 -0.8531576 -0.1637787 -0.6112305 -0.7743215 -0.1894956 -0.7072072 -0.6811383 -0.2116909 -0.7900411 -0.5753451 -0.2299565 -0.8582094 -0.4589081 -0.2439571 -0.9104604 -0.3339863 -0.2534359 -0.9458356 -0.2028923 -0.2582191 -0.9636867 -0.06804976 -0.2582191 -0.9636867 0.06804976 -0.2534359 -0.9458356 0.2028923 -0.2439571 -0.9104604 0.3339863 -0.2299565 -0.8582094 0.4589081 -0.2116909 -0.7900411 0.5753451 -0.1894956 -0.7072072 0.6811383 -0.1637787 -0.6112305 0.7743215 -0.1350138 -0.5038784 0.8531576 -0.1037315 -0.3871311 0.916171 -0.07050984 -0.2631463 0.9621759 -0.03596425 -0.1342204 0.9902987 -0.01813729 -0.1377664 -0.9902987 -0.03555913 -0.2700984 -0.9621759 -0.05231328 -0.3973588 -0.916171 -0.06808942 -0.5171905 -0.8531576 -0.08259598 -0.6273788 -0.7743215 -0.09556537 -0.7258911 -0.6811383 -0.1067588 -0.8109134 -0.5753451 -0.1159704 -0.8808826 -0.4589081 -0.1230311 -0.934514 -0.3339863 -0.1278114 -0.9708239 -0.2028923 -0.1302236 -0.9891466 -0.06804976 -0.1302236 -0.9891466 0.06804976 -0.1278114 -0.9708239 0.2028923 -0.1230311 -0.934514 0.3339863 -0.1159704 -0.8808826 0.4589081 -0.1067588 -0.8109134 0.5753451 -0.09556537 -0.7258911 0.6811383 -0.08259598 -0.6273788 0.7743215 -0.06808942 -0.5171905 0.8531576 -0.05231328 -0.3973588 0.916171 -0.03555913 -0.2700984 0.9621759 -0.01813729 -0.1377664 0.9902987 -6.921383e-17 -0.1389552 -0.9902987 -1.673039e-16 -0.2724291 -0.9621759 -3.547464e-16 -0.4007876 -0.916171 -3.183486e-16 -0.5216533 -0.8531576 -6.193151e-16 -0.6327924 -0.7743215 -3.087243e-16 -0.7321548 -0.6811383 -3.022206e-16 -0.8179108 -0.5753451 -6.136107e-16 -0.8884837 -0.4589081 -5.7825e-16 -0.9425779 -0.3339863 -2.402571e-16 -0.9792011 -0.2028923 -5.384241e-16 -0.9976819 -0.06804976 -6.407692e-16 -0.9976819 0.06804976 -3.826318e-16 -0.9792011 0.2028923 -6.071624e-16 -0.9425779 0.3339863 -6.06941e-16 -0.8884837 0.4589081 -2.64443e-16 -0.8179108 0.5753451 -2.709667e-16 -0.7321548 0.6811383 -6.692599e-16 -0.6327924 0.7743215 -3.682639e-16 -0.5216533 0.8531576 -3.325748e-16 -0.4007876 0.916171 -1.717358e-16 -0.2724291 0.9621759 -9.689937e-17 -0.1389552 0.9902987 0.01813729 -0.1377664 -0.9902987 0.03555913 -0.2700984 -0.9621759 0.05231328 -0.3973588 -0.916171 0.06808942 -0.5171905 -0.8531576 0.08259598 -0.6273788 -0.7743215 0.09556537 -0.7258911 -0.6811383 0.1067588 -0.8109134 -0.5753451 0.1159704 -0.8808826 -0.4589081 0.1230311 -0.934514 -0.3339863 0.1278114 -0.9708239 -0.2028923 0.1302236 -0.9891466 -0.06804976 0.1302236 -0.9891466 0.06804976 0.1278114 -0.9708239 0.2028923 0.1230311 -0.934514 0.3339863 0.1159704 -0.8808826 0.4589081 0.1067588 -0.8109134 0.5753451 0.09556537 -0.7258911 0.6811383 0.08259598 -0.6273788 0.7743215 0.06808942 -0.5171905 0.8531576 0.05231328 -0.3973588 0.916171 0.03555913 -0.2700984 0.9621759 0.01813729 -0.1377664 0.9902987 0.03596425 -0.1342204 -0.9902987 0.07050984 -0.2631463 -0.9621759 0.1037315 -0.3871311 -0.916171 0.1350138 -0.5038784 -0.8531576 0.1637787 -0.6112305 -0.7743215 0.1894956 -0.7072072 -0.6811383 0.2116909 -0.7900411 -0.5753451 0.2299565 -0.8582094 -0.4589081 0.2439571 -0.9104604 -0.3339863 0.2534359 -0.9458356 -0.2028923 0.2582191 -0.9636867 -0.06804976 0.2582191 -0.9636867 0.06804976 0.2534359 -0.9458356 0.2028923 0.2439571 -0.9104604 0.3339863 0.2299565 -0.8582094 0.4589081 0.2116909 -0.7900411 0.5753451 0.1894956 -0.7072072 0.6811383 0.1637787 -0.6112305 0.7743215 0.1350138 -0.5038784 0.8531576 0.1037315 -0.3871311 0.916171 0.07050984 -0.2631463 0.9621759 0.03596425 -0.1342204 0.9902987 0.05317584 -0.1283778 -0.9902987 0.1042541 -0.2516917 -0.9621759 0.1533748 -0.3702795 -0.916171 0.1996281 -0.4819448 -0.8531576 0.2421592 -0.584624 -0.7743215 0.2801835 -0.6764228 -0.6811383 0.3130009 -0.755651 -0.5753451 0.340008 -0.8208519 -0.4589081 0.360709 -0.8708285 -0.3339863 0.374724 -0.9046638 -0.2028923 0.3817963 -0.9217379 -0.06804976 0.3817963 -0.9217379 0.06804976 0.374724 -0.9046638 0.2028923 0.360709 -0.8708285 0.3339863 0.340008 -0.8208519 0.4589081 0.3130009 -0.755651 0.5753451 0.2801835 -0.6764228 0.6811383 0.2421592 -0.584624 0.7743215 0.1996281 -0.4819448 0.8531576 0.1533748 -0.3702795 0.916171 0.1042541 -0.2516917 0.9621759 0.05317584 -0.1283778 0.9902987 0.06947759 -0.1203387 -0.9902987 0.1362145 -0.2359305 -0.9621759 0.2003938 -0.3470922 -0.916171 0.2608267 -0.451765 -0.8531576 0.3163962 -0.5480143 -0.7743215 0.3660774 -0.6340646 -0.6811383 0.4089554 -0.7083315 -0.5753451 0.4442419 -0.7694495 -0.4589081 0.471289 -0.8162964 -0.3339863 0.4896005 -0.848013 -0.2028923 0.498841 -0.8640179 -0.06804976 0.498841 -0.8640179 0.06804976 0.4896005 -0.848013 0.2028923 0.471289 -0.8162964 0.3339863 0.4442419 -0.7694495 0.4589081 0.4089554 -0.7083315 0.5753451 0.3660774 -0.6340646 0.6811383 0.3163962 -0.5480143 0.7743215 0.2608267 -0.451765 0.8531576 0.2003938 -0.3470922 0.916171 0.1362145 -0.2359305 0.9621759 0.06947759 -0.1203387 0.9902987 0.08459055 -0.1102406 -0.9902987 0.1658443 -0.2161325 -0.9621759 0.243984 -0.3179662 -0.916171 0.3175624 -0.4138554 -0.8531576 0.3852196 -0.502028 -0.7743215 0.4457076 -0.5808574 -0.6811383 0.4979125 -0.6488922 -0.5753451 0.5408746 -0.7048815 -0.4589081 0.5738051 -0.7477973 -0.3339863 0.5960998 -0.7768524 -0.2028923 0.6073503 -0.7915143 -0.06804976 0.6073503 -0.7915143 0.06804976 0.5960998 -0.7768524 0.2028923 0.5738051 -0.7477973 0.3339863 0.5408746 -0.7048815 0.4589081 0.4979125 -0.6488922 0.5753451 0.4457076 -0.5808574 0.6811383 0.3852196 -0.502028 0.7743215 0.3175624 -0.4138554 0.8531576 0.243984 -0.3179662 0.916171 0.1658443 -0.2161325 0.9621759 0.08459055 -0.1102406 0.9902987 0.09825615 -0.09825615 -0.9902987 0.1926365 -0.1926365 -0.9621759 0.2833996 -0.2833996 -0.916171 0.3688646 -0.3688646 -0.8531576 0.4474518 -0.4474518 -0.7743215 0.5177116 -0.5177116 -0.6811383 0.5783502 -0.5783502 -0.5753451 0.6282529 -0.6282529 -0.4589081 0.6665032 -0.6665032 -0.3339863 0.6923997 -0.6923997 -0.2028923 0.7054677 -0.7054677 -0.06804976 0.7054677 -0.7054677 0.06804976 0.6923997 -0.6923997 0.2028923 0.6665032 -0.6665032 0.3339863 0.6282529 -0.6282529 0.4589081 0.5783502 -0.5783502 0.5753451 0.5177116 -0.5177116 0.6811383 0.4474518 -0.4474518 0.7743215 0.3688646 -0.3688646 0.8531576 0.2833996 -0.2833996 0.916171 0.1926365 -0.1926365 0.9621759 0.09825615 -0.09825615 0.9902987 0.1102406 -0.08459055 -0.9902987 0.2161325 -0.1658443 -0.9621759 0.3179662 -0.243984 -0.916171 0.4138554 -0.3175624 -0.8531576 0.502028 -0.3852196 -0.7743215 0.5808574 -0.4457076 -0.6811383 0.6488922 -0.4979125 -0.5753451 0.7048815 -0.5408746 -0.4589081 0.7477973 -0.5738051 -0.3339863 0.7768524 -0.5960998 -0.2028923 0.7915143 -0.6073503 -0.06804976 0.7915143 -0.6073503 0.06804976 0.7768524 -0.5960998 0.2028923 0.7477973 -0.5738051 0.3339863 0.7048815 -0.5408746 0.4589081 0.6488922 -0.4979125 0.5753451 0.5808574 -0.4457076 0.6811383 0.502028 -0.3852196 0.7743215 0.4138554 -0.3175624 0.8531576 0.3179662 -0.243984 0.916171 0.2161325 -0.1658443 0.9621759 0.1102406 -0.08459055 0.9902987 0.1203387 -0.06947759 -0.9902987 0.2359305 -0.1362145 -0.9621759 0.3470922 -0.2003938 -0.916171 0.451765 -0.2608267 -0.8531576 0.5480143 -0.3163962 -0.7743215 0.6340646 -0.3660774 -0.6811383 0.7083315 -0.4089554 -0.5753451 0.7694495 -0.4442419 -0.4589081 0.8162964 -0.471289 -0.3339863 0.848013 -0.4896005 -0.2028923 0.8640179 -0.498841 -0.06804976 0.8640179 -0.498841 0.06804976 0.848013 -0.4896005 0.2028923 0.8162964 -0.471289 0.3339863 0.7694495 -0.4442419 0.4589081 0.7083315 -0.4089554 0.5753451 0.6340646 -0.3660774 0.6811383 0.5480143 -0.3163962 0.7743215 0.451765 -0.2608267 0.8531576 0.3470922 -0.2003938 0.916171 0.2359305 -0.1362145 0.9621759 0.1203387 -0.06947759 0.9902987 0.1283778 -0.05317584 -0.9902987 0.2516917 -0.1042541 -0.9621759 0.3702795 -0.1533748 -0.916171 0.4819448 -0.1996281 -0.8531576 0.584624 -0.2421592 -0.7743215 0.6764228 -0.2801835 -0.6811383 0.755651 -0.3130009 -0.5753451 0.8208519 -0.340008 -0.4589081 0.8708285 -0.360709 -0.3339863 0.9046638 -0.374724 -0.2028923 0.9217379 -0.3817963 -0.06804976 0.9217379 -0.3817963 0.06804976 0.9046638 -0.374724 0.2028923 0.8708285 -0.360709 0.3339863 0.8208519 -0.340008 0.4589081 0.755651 -0.3130009 0.5753451 0.6764228 -0.2801835 0.6811383 0.584624 -0.2421592 0.7743215 0.4819448 -0.1996281 0.8531576 0.3702795 -0.1533748 0.916171 0.2516917 -0.1042541 0.9621759 0.1283778 -0.05317584 0.9902987 0.1342204 -0.03596425 -0.9902987 0.2631463 -0.07050984 -0.9621759 0.3871311 -0.1037315 -0.916171 0.5038784 -0.1350138 -0.8531576 0.6112305 -0.1637787 -0.7743215 0.7072072 -0.1894956 -0.6811383 0.7900411 -0.2116909 -0.5753451 0.8582094 -0.2299565 -0.4589081 0.9104604 -0.2439571 -0.3339863 0.9458356 -0.2534359 -0.2028923 0.9636867 -0.2582191 -0.06804976 0.9636867 -0.2582191 0.06804976 0.9458356 -0.2534359 0.2028923 0.9104604 -0.2439571 0.3339863 0.8582094 -0.2299565 0.4589081 0.7900411 -0.2116909 0.5753451 0.7072072 -0.1894956 0.6811383 0.6112305 -0.1637787 0.7743215 0.5038784 -0.1350138 0.8531576 0.3871311 -0.1037315 0.916171 0.2631463 -0.07050984 0.9621759 0.1342204 -0.03596425 0.9902987 0.1377664 -0.01813729 -0.9902987 0.2700984 -0.03555913 -0.9621759 0.3973588 -0.05231328 -0.916171 0.5171905 -0.06808942 -0.8531576 0.6273788 -0.08259598 -0.7743215 0.7258911 -0.09556537 -0.6811383 0.8109134 -0.1067588 -0.5753451 0.8808826 -0.1159704 -0.4589081 0.934514 -0.1230311 -0.3339863 0.9708239 -0.1278114 -0.2028923 0.9891466 -0.1302236 -0.06804976 0.9891466 -0.1302236 0.06804976 0.9708239 -0.1278114 0.2028923 0.934514 -0.1230311 0.3339863 0.8808826 -0.1159704 0.4589081 0.8109134 -0.1067588 0.5753451 0.7258911 -0.09556537 0.6811383 0.6273788 -0.08259598 0.7743215 0.5171905 -0.06808942 0.8531576 0.3973588 -0.05231328 0.916171 0.2700984 -0.03555913 0.9621759 0.1377664 -0.01813729 0.9902987</float_array>
          <technique_common>
            <accessor count="1058" source="#normals-array-array" stride="3">
              <param type="float" name="X"/>
              <param type="float" name="Y"/>
              <param type="float" name="Z"/>
            </accessor>
          </technique_common>
        </source>
        <vertices id="verts-array-vertices">
          <input semantic="POSITION" source="#verts-array"/>
        </vertices>
        <triangles count="2112" material="material0">
          <input offset="0" semantic="VERTEX" source="#verts-array-vertices"/>
          <input offset="1" semantic="NORMAL" source="#normals-array"/>
          <p>1 1 0 0 24 24 1 1 24 24 2 2 2 2 24 24 25 25 2 2 25 25 3 3 3 3 25 25 26 26 3 3 26 26 4 4 4 4 26 26 27 27 4 4 27 27 5 5 5 5 27 27 28 28 5 5 28 28 6 6 6 6 28 28 29 29 6 6 29 29 7 7 7 7 29 29 30 30 7 7 30 30 8 8 8 8 30 30 31 31 8 8 31 31 9 9 9 9 31 31 32 32 9 9 32 32 10 10 10 10 32 32 33 33 10 10 33 33 11 11 11 11 33 33 34 34 11 11 34 34 12 12 12 12 34 34 35 35 12 12 35 35 13 13 13 13 35 35 36 36 13 13 36 36 14 14 14 14 36 36 37 37 14 14 37 37 15 15 15 15 37 37 38 38 15 15 38 38 16 16 16 16 38 38 39 39 16 16 39 39 17 17 17 17 39 39 40 40 17 17 40 40 18 18 18 18 40 40 41 41 18 18 41 41 19 19 19 19 41 41 42 42 19 19 42 42 20 20 20 20 42 42 43 43 20 20 43 43 21 21 21 21 43 43 44 44 21 21 44 44 22 22 22 22 44 44 45 45 22 22 45 45 23 23 24 24 0 0 46 46 24 24 46 46 25 25 25 25 46 46 47 47 25 25 47 47 26 26 26 26 47 47 48 48 26 26 48 48 27 27 27 27 48 48 49 49 27 27 49 49 28 28 28 28 49 49 50 50 28 28 50 50 29 29 29 29 50 50 51 51 29 29 51 51 30 30 30 30 51 51 52 52 30 30 52 52 31 31 31 31 52 52 53 53 31 31 53 53 32 32 32 32 53 53 54 54 32 32 54 54 33 33 33 33 54 54 55 55 33 33 55 55 34 34 34 34 55 55 56 56 34 34 56 56 35 35 35 35 56 56 57 57 35 35 57 57 36 36 36 36 57 57 58 58 36 36 58 58 37 37 37 37 58 58 59 59 37 37 59 59 38 38 38 38 59 59 60 60 38 38 60 60 39 39 39 39 60 60 61 61 39 39 61 61 40 40 40 40 61 61 62 62 40 40 62 62 41 41 41 41 62 62 63 63 41 41 63 63 42 42 42 42 63 63 64 64 42 42 64 64 43 43 43 43 64 64 65 65 43 43 65 65 44 44 44 44 65 65 66 66 44 44 66 66 45 45 45 45 66 66 67 67 45 45 67 67 23 23 46 46 0 0 68 68 46 46 68 68 47 47 47 47 68 68 69 69 47 47 69 69 48 48 48 48 69 69 70 70 48 48 70 70 49 49 49 49 70 70 71 71 49 49 71 71 50 50 50 50 71 71 72 72 50 50 72 72 51 51 51 51 72 72 73 73 51 51 73 73 52 52 52 52 73 73 74 74 52 52 74 74 53 53 53 53 74 74 75 75 53 53 75 75 54 54 54 54 75 75 76 76 54 54 76 76 55 55 55 55 76 76 77 77 55 55 77 77 56 56 56 56 77 77 78 78 56 56 78 78 57 57 57 57 78 78 79 79 57 57 79 79 58 58 58 58 79 79 80 80 58 58 80 80 59 59 59 59 80 80 81 81 59 59 81 81 60 60 60 60 81 81 82 82 60 60 82 82 61 61 61 61 82 82 83 83 61 61 83 83 62 62 62 62 83 83 84 84 62 62 84 84 63 63 63 63 84 84 85 85 63 63 85 85 64 64 64 64 85 85 86 86 64 64 86 86 65 65 65 65 86 86 87 87 65 65 87 87 66 66 66 66 87 87 88 88 66 66 88 88 67 67 67 67 88 88 89 89 67 67 89 89 23 23 68 68 0 0 90 90 68 68 90 90 69 69 69 69 90 90 91 91 69 69 91 91 70 70 70 70 91 91 92 92 70 70 92 92 71 71 71 71 92 92 93 93 71 71 93 93 72 72 72 72 93 93 94 94 72 72 94 94 73 73 73 73 94 94 95 95 73 73 95 95 74 74 74 74 95 95 96 96 74 74 96 96 75 75 75 75 96 96 97 97 75 75 97 97 76 76 76 76 97 97 98 98 76 76 98 98 77 77 77 77 98 98 99 99 77 77 99 99 78 78 78 78 99 99 100 100 78 78 100 100 79 79 79 79 100 100 101 101 79 79 101 101 80 80 80 80 101 101 102 102 80 80 102 102 81 81 81 81 102 102 103 103 81 81 103 103 82 82 82 82 103 103 104 104 82 82 104 104 83 83 83 83 104 104 105 105 83 83 105 105 84 84 84 84 105 105 106 106 84 84 106 106 85 85 85 85 106 106 107 107 85 85 107 107 86 86 86 86 107 107 108 108 86 86 108 108 87 87 87 87 108 108 109 109 87 87 109 109 88 88 88 88 109 109 110 110 88 88 110 110 89 89 89 89 110 110 111 111 89 89 111 111 23 23 90 90 0 0 112 112 90 90 112 112 91 91 91 91 112 112 113 113 91 91 113 113 92 92 92 92 113 113 114 114 92 92 114 114 93 93 93 93 114 114 115 115 93 93 115 115 94 94 94 94 115 115 116 116 94 94 116 116 95 95 95 95 116 116 117 117 95 95 117 117 96 96 96 96 117 117 118 118 96 96 118 118 97 97 97 97 118 118 119 119 97 97 119 119 98 98 98 98 119 119 120 120 98 98 120 120 99 99 99 99 120 120 121 121 99 99 121 121 100 100 100 100 121 121 122 122 100 100 122 122 101 101 101 101 122 122 123 123 101 101 123 123 102 102 102 102 123 123 124 124 102 102 124 124 103 103 103 103 124 124 125 125 103 103 125 125 104 104 104 104 125 125 126 126 104 104 126 126 105 105 105 105 126 126 127 127 105 105 127 127 106 106 106 106 127 127 128 128 106 106 128 128 107 107 107 107 128 128 129 129 107 107 129 129 108 108 108 108 129 129 130 130 108 108 130 130 109 109 109 109 130 130 131 131 109 109 131 131 110 110 110 110 131 131 132 132 110 110 132 132 111 111 111 111 132 132 133 133 111 111 133 133 23 23 112 112 0 0 134 134 112 112 134 134 113 113 113 113 134 134 135 135 113 113 135 135 114 114 114 114 135 135 136 136 114 114 136 136 115 115 115 115 136 136 137 137 115 115 137 137 116 116 116 116 137 137 138 138 116 116 138 138 117 117 117 117 138 138 139 139 117 117 139 139 118 118 118 118 139 139 140 140 118 118 140 140 119 119 119 119 140 140 141 141 119 119 141 141 120 120 120 120 141 141 142 142 120 120 142 142 121 121 121 121 142 142 143 143 121 121 143 143 122 122 122 122 143 143 144 144 122 122 144 144 123 123 123 123 144 144 145 145 123 123 145 145 124 124 124 124 145 145 146 146 124 124 146 146 125 125 125 125 146 146 147 147 125 125 147 147 126 126 126 126 147 147 148 148 126 126 148 148 127 127 127 127 148 148 149 149 127 127 149 149 128 128 128 128 149 149 150 150 128 128 150 150 129 129 129 129 150 150 151 151 129 129 151 151 130 130 130 130 151 151 152 152 130 130 152 152 131 131 131 131 152 152 153 153 131 131 153 153 132 132 132 132 153 153 154 154 132 132 154 154 133 133 133 133 154 154 155 155 133 133 155 155 23 23 134 134 0 0 156 156 134 134 156 156 135 135 135 135 156 156 157 157 135 135 157 157 136 136 136 136 157 157 158 158 136 136 158 158 137 137 137 137 158 158 159 159 137 137 159 159 138 138 138 138 159 159 160 160 138 138 160 160 139 139 139 139 160 160 161 161 139 139 161 161 140 140 140 140 161 161 162 162 140 140 162 162 141 141 141 141 162 162 163 163 141 141 163 163 142 142 142 142 163 163 164 164 142 142 164 164 143 143 143 143 164 164 165 165 143 143 165 165 144 144 144 144 165 165 166 166 144 144 166 166 145 145 145 145 166 166 167 167 145 145 167 167 146 146 146 146 167 167 168 168 146 146 168 168 147 147 147 147 168 168 169 169 147 147 169 169 148 148 148 148 169 169 170 170 148 148 170 170 149 149 149 149 170 170 171 171 149 149 171 171 150 150 150 150 171 171 172 172 150 150 172 172 151 151 151 151 172 172 173 173 151 151 173 173 152 152 152 152 173 173 174 174 152 152 174 174 153 153 153 153 174 174 175 175 153 153 175 175 154 154 154 154 175 175 176 176 154 154 176 176 155 155 155 155 176 176 177 177 155 155 177 177 23 23 156 156 0 0 178 178 156 156 178 178 157 157 157 157 178 178 179 179 157 157 179 179 158 158 158 158 179 179 180 180 158 158 180 180 159 159 159 159 180 180 181 181 159 159 181 181 160 160 160 160 181 181 182 182 160 160 182 182 161 161 161 161 182 182 183 183 161 161 183 183 162 162 162 162 183 183 184 184 162 162 184 184 163 163 163 163 184 184 185 185 163 163 185 185 164 164 164 164 185 185 186 186 164 164 186 186 165 165 165 165 186 186 187 187 165 165 187 187 166 166 166 166 187 187 188 188 166 166 188 188 167 167 167 167 188 188 189 189 167 167 189 189 168 168 168 168 189 189 190 190 168 168 190 190 169 169 169 169 190 190 191 191 169 169 191 191 170 170 170 170 191 191 192 192 170 170 192 192 171 171 171 171 192 192 193 193 171 171 193 193 172 172 172 172 193 193 194 194 172 172 194 194 173 173 173 173 194 194 195 195 173 173 195 195 174 174 174 174 195 195 196 196 174 174 196 196 175 175 175 175 196 196 197 197 175 175 197 197 176 176 176 176 197 197 198 198 176 176 198 198 177 177 177 177 198 198 199 199 177 177 199 199 23 23 178 178 0 0 200 200 178 178 200 200 179 179 179 179 200 200 201 201 179 179 201 201 180 180 180 180 201 201 202 202 180 180 202 202 181 181 181 181 202 202 203 203 181 181 203 203 182 182 182 182 203 203 204 204 182 182 204 204 183 183 183 183 204 204 205 205 183 183 205 205 184 184 184 184 205 205 206 206 184 184 206 206 185 185 185 185 206 206 207 207 185 185 207 207 186 186 186 186 207 207 208 208 186 186 208 208 187 187 187 187 208 208 209 209 187 187 209 209 188 188 188 188 209 209 210 210 188 188 210 210 189 189 189 189 210 210 211 211 189 189 211 211 190 190 190 190 211 211 212 212 190 190 212 212 191 191 191 191 212 212 213 213 191 191 213 213 192 192 192 192 213 213 214 214 192 192 214 214 193 193 193 193 214 214 215 215 193 193 215 215 194 194 194 194 215 215 216 216 194 194 216 216 195 195 195 195 216 216 217 217 195 195 217 217 196 196 196 196 217 217 218 218 196 196 218 218 197 197 197 197 218 218 219 219 197 197 219 219 198 198 198 198 219 219 220 220 198 198 220 220 199 199 199 199 220 220 221 221 199 199 221 221 23 23 200 200 0 0 222 222 200 200 222 222 201 201 201 201 222 222 223 223 201 201 223 223 202 202 202 202 223 223 224 224 202 202 224 224 203 203 203 203 224 224 225 225 203 203 225 225 204 204 204 204 225 225 226 226 204 204 226 226 205 205 205 205 226 226 227 227 205 205 227 227 206 206 206 206 227 227 228 228 206 206 228 228 207 207 207 207 228 228 229 229 207 207 229 229 208 208 208 208 229 229 230 230 208 208 230 230 209 209 209 209 230 230 231 231 209 209 231 231 210 210 210 210 231 231 232 232 210 210 232 232 211 211 211 211 232 232 233 233 211 211 233 233 212 212 212 212 233 233 234 234 212 212 234 234 213 213 213 213 234 234 235 235 213 213 235 235 214 214 214 214 235 235 236 236 214 214 236 236 215 215 215 215 236 236 237 237 215 215 237 237 216 216 216 216 237 237 238 238 216 216 238 238 217 217 217 217 238 238 239 239 217 217 239 239 218 218 218 218 239 239 240 240 218 218 240 240 219 219 219 219 240 240 241 241 219 219 241 241 220 220 220 220 241 241 242 242 220 220 242 242 221 221 221 221 242 242 243 243 221 221 243 243 23 23 222 222 0 0 244 244 222 222 244 244 223 223 223 223 244 244 245 245 223 223 245 245 224 224 224 224 245 245 246 246 224 224 246 246 225 225 225 225 246 246 247 247 225 225 247 247 226 226 226 226 247 247 248 248 226 226 248 248 227 227 227 227 248 248 249 249 227 227 249 249 228 228 228 228 249 249 250 250 228 228 250 250 229 229 229 229 250 250 251 251 229 229 251 251 230 230 230 230 251 251 252 252 230 230 252 252 231 231 231 231 252 252 253 253 231 231 253 253 232 232 232 232 253 253 254 254 232 232 254 254 233 233 233 233 254 254 255 255 233 233 255 255 234 234 234 234 255 255 256 256 234 234 256 256 235 235 235 235 256 256 257 257 235 235 257 257 236 236 236 236 257 257 258 258 236 236 258 258 237 237 237 237 258 258 259 259 237 237 259 259 238 238 238 238 259 259 260 260 238 238 260 260 239 239 239 239 260 260 261 261 239 239 261 261 240 240 240 240 261 261 262 262 240 240 262 262 241 241 241 241 262 262 263 263 241 241 263 263 242 242 242 242 263 263 264 264 242 242 264 264 243 243 243 243 264 264 265 265 243 243 265 265 23 23 244 244 0 0 266 266 244 244 266 266 245 245 245 245 266 266 267 267 245 245 267 267 246 246 246 246 267 267 268 268 246 246 268 268 247 247 247 247 268 268 269 269 247 247 269 269 248 248 248 248 269 269 270 270 248 248 270 270 249 249 249 249 270 270 271 271 249 249 271 271 250 250 250 250 271 271 272 272 250 250 272 272 251 251 251 251 272 272 273 273 251 251 273 273 252 252 252 252 273 273 274 274 252 252 274 274 253 253 253 253 274 274 275 275 253 253 275 275 254 254 254 254 275 275 276 276 254 254 276 276 255 255 255 255 276 276 277 277 255 255 277 277 256 256 256 256 277 277 278 278 256 256 278 278 257 257 257 257 278 278 279 279 257 257 279 279 258 258 258 258 279 279 280 280 258 258 280 280 259 259 259 259 280 280 281 281 259 259 281 281 260 260 260 260 281 281 282 282 260 260 282 282 261 261 261 261 282 282 283 283 261 261 283 283 262 262 262 262 283 283 284 284 262 262 284 284 263 263 263 263 284 284 285 285 263 263 285 285 264 264 264 264 285 285 286 286 264 264 286 286 265 265 265 265 286 286 287 287 265 265 287 287 23 23 266 266 0 0 288 288 266 266 288 288 267 267 267 267 288 288 289 289 267 267 289 289 268 268 268 268 289 289 290 290 268 268 290 290 269 269 269 269 290 290 291 291 269 269 291 291 270 270 270 270 291 291 292 292 270 270 292 292 271 271 271 271 292 292 293 293 271 271 293 293 272 272 272 272 293 293 294 294 272 272 294 294 273 273 273 273 294 294 295 295 273 273 295 295 274 274 274 274 295 295 296 296 274 274 296 296 275 275 275 275 296 296 297 297 275 275 297 297 276 276 276 276 297 297 298 298 276 276 298 298 277 277 277 277 298 298 299 299 277 277 299 299 278 278 278 278 299 299 300 300 278 278 300 300 279 279 279 279 300 300 301 301 279 279 301 301 280 280 280 280 301 301 302 302 280 280 302 302 281 281 281 281 302 302 303 303 281 281 303 303 282 282 282 282 303 303 304 304 282 282 304 304 283 283 283 283 304 304 305 305 283 283 305 305 284 284 284 284 305 305 306 306 284 284 306 306 285 285 285 285 306 306 307 307 285 285 307 307 286 286 286 286 307 307 308 308 286 286 308 308 287 287 287 287 308 308 309 309 287 287 309 309 23 23 288 288 0 0 310 310 288 288 310 310 289 289 289 289 310 310 311 311 289 289 311 311 290 290 290 290 311 311 312 312 290 290 312 312 291 291 291 291 312 312 313 313 291 291 313 313 292 292 292 292 313 313 314 314 292 292 314 314 293 293 293 293 314 314 315 315 293 293 315 315 294 294 294 294 315 315 316 316 294 294 316 316 295 295 295 295 316 316 317 317 295 295 317 317 296 296 296 296 317 317 318 318 296 296 318 318 297 297 297 297 318 318 319 319 297 297 319 319 298 298 298 298 319 319 320 320 298 298 320 320 299 299 299 299 320 320 321 321 299 299 321 321 300 300 300 300 321 321 322 322 300 300 322 322 301 301 301 301 322 322 323 323 301 301 323 323 302 302 302 302 323 323 324 324 302 302 324 324 303 303 303 303 324 324 325 325 303 303 325 325 304 304 304 304 325 325 326 326 304 304 326 326 305 305 305 305 326 326 327 327 305 305 327 327 306 306 306 306 327 327 328 328 306 306 328 328 307 307 307 307 328 328 329 329 307 307 329 329 308 308 308 308 329 329 330 330 308 308 330 330 309 309 309 309 330 330 331 331 309 309 331 331 23 23 310 310 0 0 332 332 310 310 332 332 311 311 311 311 332 332 333 333 311 311 333 333 312 312 312 312 333 333 334 334 312 312 334 334 313 313 313 313 334 334 335 335 313 313 335 335 314 314 314 314 335 335 336 336 314 314 336 336 315 315 315 315 336 336 337 337 315 315 337 337 316 316 316 316 337 337 338 338 316 316 338 338 317 317 317 317 338 338 339 339 317 317 339 339 318 318 318 318 339 339 340 340 318 318 340 340 319 319 319 319 340 340 341 341 319 319 341 341 320 320 320 320 341 341 342 342 320 320 342 342 321 321 321 321 342 342 343 343 321 321 343 343 322 322 322 322 343 343 344 344 322 322 344 344 323 323 323 323 344 344 345 345 323 323 345 345 324 324 324 324 345 345 346 346 324 324 346 346 325 325 325 325 346 346 347 347 325 325 347 347 326 326 326 326 347 347 348 348 326 326 348 348 327 327 327 327 348 348 349 349 327 327 349 349 328 328 328 328 349 349 350 350 328 328 350 350 329 329 329 329 350 350 351 351 329 329 351 351 330 330 330 330 351 351 352 352 330 330 352 352 331 331 331 331 352 352 353 353 331 331 353 353 23 23 332 332 0 0 354 354 332 332 354 354 333 333 333 333 354 354 355 355 333 333 355 355 334 334 334 334 355 355 356 356 334 334 356 356 335 335 335 335 356 356 357 357 335 335 357 357 336 336 336 336 357 357 358 358 336 336 358 358 337 337 337 337 358 358 359 359 337 337 359 359 338 338 338 338 359 359 360 360 338 338 360 360 339 339 339 339 360 360 361 361 339 339 361 361 340 340 340 340 361 361 362 362 340 340 362 362 341 341 341 341 362 362 363 363 341 341 363 363 342 342 342 342 363 363 364 364 342 342 364 364 343 343 343 343 364 364 365 365 343 343 365 365 344 344 344 344 365 365 366 366 344 344 366 366 345 345 345 345 366 366 367 367 345 345 367 367 346 346 346 346 367 367 368 368 346 346 368 368 347 347 347 347 368 368 369 369 347 347 369 369 348 348 348 348 369 369 370 370 348 348 370 370 349 349 349 349 370 370 371 371 349 349 371 371 350 350 350 350 371 371 372 372 350 350 372 372 351 351 351 351 372 372 373 373 351 351 373 373 352 352 352 352 373 373 374 374 352 352 374 374 353 353 353 353 374 374 375 375 353 353 375 375 23 23 354 354 0 0 376 376 354 354 376 376 355 355 355 355 376 376 377 377 355 355 377 377 356 356 356 356 377 377 378 378 356 356 378 378 357 357 357 357 378 378 379 379 357 357 379 379 358 358 358 358 379 379 380 380 358 358 380 380 359 359 359 359 380 380 381 381 359 359 381 381 360 360 360 360 381 381 382 382 360 360 382 382 361 361 361 361 382 382 383 383 361 361 383 383 362 362 362 362 383 383 384 384 362 362 384 384 363 363 363 363 384 384 385 385 363 363 385 385 364 364 364 364 385 385 386 386 364 364 386 386 365 365 365 365 386 386 387 387 365 365 387 387 366 366 366 366 387 387 388 388 366 366 388 388 367 367 367 367 388 388 389 389 367 367 389 389 368 368 368 368 389 389 390 390 368 368 390 390 369 369 369 369 390 390 391 391 369 369 391 391 370 370 370 370 391 391 392 392 370 370 392 392 371 371 371 371 392 392 393 393 371 371 393 393 372 372 372 372 393 393 394 394 372 372 394 394 373 373 373 373 394 394 395 395 373 373 395 395 374 374 374 374 395 395 396 396 374 374 396 396 375 375 375 375 396 396 397 397 375 375 397 397 23 23 376 376 0 0 398 398 376 376 398 398 377 377 377 377 398 398 399 399 377 377 399 399 378 378 378 378 399 399 400 400 378 378 400 400 379 379 379 379 400 400 401 401 379 379 401 401 380 380 380 380 401 401 402 402 380 380 402 402 381 381 381 381 402 402 403 403 381 381 403 403 382 382 382 382 403 403 404 404 382 382 404 404 383 383 383 383 404 404 405 405 383 383 405 405 384 384 384 384 405 405 406 406 384 384 406 406 385 385 385 385 406 406 407 407 385 385 407 407 386 386 386 386 407 407 408 408 386 386 408 408 387 387 387 387 408 408 409 409 387 387 409 409 388 388 388 388 409 409 410 410 388 388 410 410 389 389 389 389 410 410 411 411 389 389 411 411 390 390 390 390 411 411 412 412 390 390 412 412 391 391 391 391 412 412 413 413 391 391 413 413 392 392 392 392 413 413 414 414 392 392 414 414 393 393 393 393 414 414 415 415 393 393 415 415 394 394 394 394 415 415 416 416 394 394 416 416 395 395 395 395 416 416 417 417 395 395 417 417 396 396 396 396 417 417 418 418 396 396 418 418 397 397 397 397 418 418 419 419 397 397 419 419 23 23 398 398 0 0 420 420 398 398 420 420 399 399 399 399 420 420 421 421 399 399 421 421 400 400 400 400 421 421 422 422 400 400 422 422 401 401 401 401 422 422 423 423 401 401 423 423 402 402 402 402 423 423 424 424 402 402 424 424 403 403 403 403 424 424 425 425 403 403 425 425 404 404 404 404 425 425 426 426 404 404 426 426 405 405 405 405 426 426 427 427 405 405 427 427 406 406 406 406 427 427 428 428 406 406 428 428 407 407 407 407 428 428 429 429 407 407 429 429 408 408 408 408 429 429 430 430 408 408 430 430 409 409 409 409 430 430 431 431 409 409 431 431 410 410 410 410 431 431 432 432 410 410 432 432 411 411 411 411 432 432 433 433 411 411 433 433 412 412 412 412 433 433 434 434 412 412 434 434 413 413 413 413 434 434 435 435 413 413 435 435 414 414 414 414 435 435 436 436 414 414 436 436 415 415 415 415 436 436 437 437 415 415 437 437 416 416 416 416 437 437 438 438 416 416 438 438 417 417 417 417 438 438 439 439 417 417 439 439 418 418 418 418 439 439 440 440 418 418 440 440 419 419 419 419 440 440 441 441 419 419 441 441 23 23 420 420 0 0 442 442 420 420 442 442 421 421 421 421 442 442 443 443 421 421 443 443 422 422 422 422 443 443 444 444 422 422 444 444 423 423 423 423 444 444 445 445 423 423 445 445 424 424 424 424 445 445 446 446 424 424 446 446 425 425 425 425 446 446 447 447 425 425 447 447 426 426 426 426 447 447 448 448 426 426 448 448 427 427 427 427 448 448 449 449 427 427 449 449 428 428 428 428 449 449 450 450 428 428 450 450 429 429 429 429 450 450 451 451 429 429 451 451 430 430 430 430 451 451 452 452 430 430 452 452 431 431 431 431 452 452 453 453 431 431 453 453 432 432 432 432 453 453 454 454 432 432 454 454 433 433 433 433 454 454 455 455 433 433 455 455 434 434 434 434 455 455 456 456 434 434 456 456 435 435 435 435 456 456 457 457 435 435 457 457 436 436 436 436 457 457 458 458 436 436 458 458 437 437 437 437 458 458 459 459 437 437 459 459 438 438 438 438 459 459 460 460 438 438 460 460 439 439 439 439 460 460 461 461 439 439 461 461 440 440 440 440 461 461 462 462 440 440 462 462 441 441 441 441 462 462 463 463 441 441 463 463 23 23 442 442 0 0 464 464 442 442 464 464 443 443 443 443 464 464 465 465 443 443 465 465 444 444 444 444 465 465 466 466 444 444 466 466 445 445 445 445 466 466 467 467 445 445 467 467 446 446 446 446 467 467 468 468 446 446 468 468 447 447 447 447 468 468 469 469 447 447 469 469 448 448 448 448 469 469 470 470 448 448 470 470 449 449 449 449 470 470 471 471 449 449 471 471 450 450 450 450 471 471 472 472 450 450 472 472 451 451 451 451 472 472 473 473 451 451 473 473 452 452 452 452 473 473 474 474 452 452 474 474 453 453 453 453 474 474 475 475 453 453 475 475 454 454 454 454 475 475 476 476 454 454 476 476 455 455 455 455 476 476 477 477 455 455 477 477 456 456 456 456 477 477 478 478 456 456 478 478 457 457 457 457 478 478 479 479 457 457 479 479 458 458 458 458 479 479 480 480 458 458 480 480 459 459 459 459 480 480 481 481 459 459 481 481 460 460 460 460 481 481 482 482 460 460 482 482 461 461 461 461 482 482 483 483 461 461 483 483 462 462 462 462 483 483 484 484 462 462 484 484 463 463 463 463 484 484 485 485 463 463 485 485 23 23 464 464 0 0 486 486 464 464 486 486 465 465 465 465 486 486 487 487 465 465 487 487 466 466 466 466 487 487 488 488 466 466 488 488 467 467 467 467 488 488 489 489 467 467 489 489 468 468 468 468 489 489 490 490 468 468 490 490 469 469 469 469 490 490 491 491 469 469 491 491 470 470 470 470 491 491 492 492 470 470 492 492 471 471 471 471 492 492 493 493 471 471 493 493 472 472 472 472 493 493 494 494 472 472 494 494 473 473 473 473 494 494 495 495 473 473 495 495 474 474 474 474 495 495 496 496 474 474 496 496 475 475 475 475 496 496 497 497 475 475 497 497 476 476 476 476 497 497 498 498 476 476 498 498 477 477 477 477 498 498 499 499 477 477 499 499 478 478 478 478 499 499 500 500 478 478 500 500 479 479 479 479 500 500 501 501 479 479 501 501 480 480 480 480 501 501 502 502 480 480 502 502 481 481 481 481 502 502 503 503 481 481 503 503 482 482 482 482 503 503 504 504 482 482 504 504 483 483 483 483 504 504 505 505 483 483 505 505 484 484 484 484 505 505 506 506 484 484 506 506 485 485 485 485 506 506 507 507 485 485 507 507 23 23 486 486 0 0 508 508 486 486 508 508 487 487 487 487 508 508 509 509 487 487 509 509 488 488 488 488 509 509 510 510 488 488 510 510 489 489 489 489 510 510 511 511 489 489 511 511 490 490 490 490 511 511 512 512 490 490 512 512 491 491 491 491 512 512 513 513 491 491 513 513 492 492 492 492 513 513 514 514 492 492 514 514 493 493 493 493 514 514 515 515 493 493 515 515 494 494 494 494 515 515 516 516 494 494 516 516 495 495 495 495 516 516 517 517 495 495 517 517 496 496 496 496 517 517 518 518 496 496 518 518 497 497 497 497 518 518 519 519 497 497 519 519 498 498 498 498 519 519 520 520 498 498 520 520 499 499 499 499 520 520 521 521 499 499 521 521 500 500 500 500 521 521 522 522 500 500 522 522 501 501 501 501 522 522 523 523 501 501 523 523 502 502 502 502 523 523 524 524 502 502 524 524 503 503 503 503 524 524 525 525 503 503 525 525 504 504 504 504 525 525 526 526 504 504 526 526 505 505 505 505 526 526 527 527 505 505 527 527 506 506 506 506 527 527 528 528 506 506 528 528 507 507 507 507 528 528 529 529 507 507 529 529 23 23 508 508 0 0 530 530 508 508 530 530 509 509 509 509 530 530 531 531 509 509 531 531 510 510 510 510 531 531 532 532 510 510 532 532 511 511 511 511 532 532 533 533 511 511 533 533 512 512 512 512 533 533 534 534 512 512 534 534 513 513 513 513 534 534 535 535 513 513 535 535 514 514 514 514 535 535 536 536 514 514 536 536 515 515 515 515 536 536 537 537 515 515 537 537 516 516 516 516 537 537 538 538 516 516 538 538 517 517 517 517 538 538 539 539 517 517 539 539 518 518 518 518 539 539 540 540 518 518 540 540 519 519 519 519 540 540 541 541 519 519 541 541 520 520 520 520 541 541 542 542 520 520 542 542 521 521 521 521 542 542 543 543 521 521 543 543 522 522 522 522 543 543 544 544 522 522 544 544 523 523 523 523 544 544 545 545 523 523 545 545 524 524 524 524 545 545 546 546 524 524 546 546 525 525 525 525 546 546 547 547 525 525 547 547 526 526 526 526 547 547 548 548 526 526 548 548 527 527 527 527 548 548 549 549 527 527 549 549 528 528 528 528 549 549 550 550 528 528 550 550 529 529 529 529 550 550 551 551 529 529 551 551 23 23 530 530 0 0 552 552 530 530 552 552 531 531 531 531 552 552 553 553 531 531 553 553 532 532 532 532 553 553 554 554 532 532 554 554 533 533 533 533 554 554 555 555 533 533 555 555 534 534 534 534 555 555 556 556 534 534 556 556 535 535 535 535 556 556 557 557 535 535 557 557 536 536 536 536 557 557 558 558 536 536 558 558 537 537 537 537 558 558 559 559 537 537 559 559 538 538 538 538 559 559 560 560 538 538 560 560 539 539 539 539 560 560 561 561 539 539 561 561 540 540 540 540 561 561 562 562 540 540 562 562 541 541 541 541 562 562 563 563 541 541 563 563 542 542 542 542 563 563 564 564 542 542 564 564 543 543 543 543 564 564 565 565 543 543 565 565 544 544 544 544 565 565 566 566 544 544 566 566 545 545 545 545 566 566 567 567 545 545 567 567 546 546 546 546 567 567 568 568 546 546 568 568 547 547 547 547 568 568 569 569 547 547 569 569 548 548 548 548 569 569 570 570 548 548 570 570 549 549 549 549 570 570 571 571 549 549 571 571 550 550 550 550 571 571 572 572 550 550 572 572 551 551 551 551 572 572 573 573 551 551 573 573 23 23 552 552 0 0 574 574 552 552 574 574 553 553 553 553 574 574 575 575 553 553 575 575 554 554 554 554 575 575 576 576 554 554 576 576 555 555 555 555 576 576 577 577 555 555 577 577 556 556 556 556 577 577 578 578 556 556 578 578 557 557 557 557 578 578 579 579 557 557 579 579 558 558 558 558 579 579 580 580 558 558 580 580 559 559 559 559 580 580 581 581 559 559 581 581 560 560 560 560 581 581 582 582 560 560 582 582 561 561 561 561 582 582 583 583 561 561 583 583 562 562 562 562 583 583 584 584 562 562 584 584 563 563 563 563 584 584 585 585 563 563 585 585 564 564 564 564 585 585 586 586 564 564 586 586 565 565 565 565 586 586 587 587 565 565 587 587 566 566 566 566 587 587 588 588 566 566 588 588 567 567 567 567 588 588 589 589 567 567 589 589 568 568 568 568 589 589 590 590 568 568 590 590 569 569 569 569 590 590 591 591 569 569 591 591 570 570 570 570 591 591 592 592 570 570 592 592 571 571 571 571 592 592 593 593 571 571 593 593 572 572 572 572 593 593 594 594 572 572 594 594 573 573 573 573 594 594 595 595 573 573 595 595 23 23 574 574 0 0 596 596 574 574 596 596 575 575 575 575 596 596 597 597 575 575 597 597 576 576 576 576 597 597 598 598 576 576 598 598 577 577 577 577 598 598 599 599 577 577 599 599 578 578 578 578 599 599 600 600 578 578 600 600 579 579 579 579 600 600 601 601 579 579 601 601 580 580 580 580 601 601 602 602 580 580 602 602 581 581 581 581 602 602 603 603 581 581 603 603 582 582 582 582 603 603 604 604 582 582 604 604 583 583 583 583 604 604 605 605 583 583 605 605 584 584 584 584 605 605 606 606 584 584 606 606 585 585 585 585 606 606 607 607 585 585 607 607 586 586 586 586 607 607 608 608 586 586 608 608 587 587 587 587 608 608 609 609 587 587 609 609 588 588 588 588 609 609 610 610 588 588 610 610 589 589 589 589 610 610 611 611 589 589 611 611 590 590 590 590 611 611 612 612 590 590 612 612 591 591 591 591 612 612 613 613 591 591 613 613 592 592 592 592 613 613 614 614 592 592 614 614 593 593 593 593 614 614 615 615 593 593 615 615 594 594 594 594 615 615 616 616 594 594 616 616 595 595 595 595 616 616 617 617 595 595 617 617 23 23 596 596 0 0 618 618 596 596 618 618 597 597 597 597 618 618 619 619 597 597 619 619 598 598 598 598 619 619 620 620 598 598 620 620 599 599 599 599 620 620 621 621 599 599 621 621 600 600 600 600 621 621 622 622 600 600 622 622 601 601 601 601 622 622 623 623 601 601 623 623 602 602 602 602 623 623 624 624 602 602 624 624 603 603 603 603 624 624 625 625 603 603 625 625 604 604 604 604 625 625 626 626 604 604 626 626 605 605 605 605 626 626 627 627 605 605 627 627 606 606 606 606 627 627 628 628 606 606 628 628 607 607 607 607 628 628 629 629 607 607 629 629 608 608 608 608 629 629 630 630 608 608 630 630 609 609 609 609 630 630 631 631 609 609 631 631 610 610 610 610 631 631 632 632 610 610 632 632 611 611 611 611 632 632 633 633 611 611 633 633 612 612 612 612 633 633 634 634 612 612 634 634 613 613 613 613 634 634 635 635 613 613 635 635 614 614 614 614 635 635 636 636 614 614 636 636 615 615 615 615 636 636 637 637 615 615 637 637 616 616 616 616 637 637 638 638 616 616 638 638 617 617 617 617 638 638 639 639 617 617 639 639 23 23 618 618 0 0 640 640 618 618 640 640 619 619 619 619 640 640 641 641 619 619 641 641 620 620 620 620 641 641 642 642 620 620 642 642 621 621 621 621 642 642 643 643 621 621 643 643 622 622 622 622 643 643 644 644 622 622 644 644 623 623 623 623 644 644 645 645 623 623 645 645 624 624 624 624 645 645 646 646 624 624 646 646 625 625 625 625 646 646 647 647 625 625 647 647 626 626 626 626 647 647 648 648 626 626 648 648 627 627 627 627 648 648 649 649 627 627 649 649 628 628 628 628 649 649 650 650 628 628 650 650 629 629 629 629 650 650 651 651 629 629 651 651 630 630 630 630 651 651 652 652 630 630 652 652 631 631 631 631 652 652 653 653 631 631 653 653 632 632 632 632 653 653 654 654 632 632 654 654 633 633 633 633 654 654 655 655 633 633 655 655 634 634 634 634 655 655 656 656 634 634 656 656 635 635 635 635 656 656 657 657 635 635 657 657 636 636 636 636 657 657 658 658 636 636 658 658 637 637 637 637 658 658 659 659 637 637 659 659 638 638 638 638 659 659 660 660 638 638 660 660 639 639 639 639 660 660 661 661 639 639 661 661 23 23 640 640 0 0 662 662 640 640 662 662 641 641 641 641 662 662 663 663 641 641 663 663 642 642 642 642 663 663 664 664 642 642 664 664 643 643 643 643 664 664 665 665 643 643 665 665 644 644 644 644 665 665 666 666 644 644 666 666 645 645 645 645 666 666 667 667 645 645 667 667 646 646 646 646 667 667 668 668 646 646 668 668 647 647 647 647 668 668 669 669 647 647 669 669 648 648 648 648 669 669 670 670 648 648 670 670 649 649 649 649 670 670 671 671 649 649 671 671 650 650 650 650 671 671 672 672 650 650 672 672 651 651 651 651 672 672 673 673 651 651 673 673 652 652 652 652 673 673 674 674 652 652 674 674 653 653 653 653 674 674 675 675 653 653 675 675 654 654 654 654 675 675 676 676 654 654 676 676 655 655 655 655 676 676 677 677 655 655 677 677 656 656 656 656 677 677 678 678 656 656 678 678 657 657 657 657 678 678 679 679 657 657 679 679 658 658 658 658 679 679 680 680 658 658 680 680 659 659 659 659 680 680 681 681 659 659 681 681 660 660 660 660 681 681 682 682 660 660 682 682 661 661 661 661 682 682 683 683 661 661 683 683 23 23 662 662 0 0 684 684 662 662 684 684 663 663 663 663 684 684 685 685 663 663 685 685 664 664 664 664 685 685 686 686 664 664 686 686 665 665 665 665 686 686 687 687 665 665 687 687 666 666 666 666 687 687 688 688 666 666 688 688 667 667 667 667 688 688 689 689 667 667 689 689 668 668 668 668 689 689 690 690 668 668 690 690 669 669 669 669 690 690 691 691 669 669 691 691 670 670 670 670 691 691 692 692 670 670 692 692 671 671 671 671 692 692 693 693 671 671 693 693 672 672 672 672 693 693 694 694 672 672 694 694 673 673 673 673 694 694 695 695 673 673 695 695 674 674 674 674 695 695 696 696 674 674 696 696 675 675 675 675 696 696 697 697 675 675 697 697 676 676 676 676 697 697 698 698 676 676 698 698 677 677 677 677 698 698 699 699 677 677 699 699 678 678 678 678 699 699 700 700 678 678 700 700 679 679 679 679 700 700 701 701 679 679 701 701 680 680 680 680 701 701 702 702 680 680 702 702 681 681 681 681 702 702 703 703 681 681 703 703 682 682 682 682 703 703 704 704 682 682 704 704 683 683 683 683 704 704 705 705 683 683 705 705 23 23 684 684 0 0 706 706 684 684 706 706 685 685 685 685 706 706 707 707 685 685 707 707 686 686 686 686 707 707 708 708 686 686 708 708 687 687 687 687 708 708 709 709 687 687 709 709 688 688 688 688 709 709 710 710 688 688 710 710 689 689 689 689 710 710 711 711 689 689 711 711 690 690 690 690 711 711 712 712 690 690 712 712 691 691 691 691 712 712 713 713 691 691 713 713 692 692 692 692 713 713 714 714 692 692 714 714 693 693 693 693 714 714 715 715 693 693 715 715 694 694 694 694 715 715 716 716 694 694 716 716 695 695 695 695 716 716 717 717 695 695 717 717 696 696 696 696 717 717 718 718 696 696 718 718 697 697 697 697 718 718 719 719 697 697 719 719 698 698 698 698 719 719 720 720 698 698 720 720 699 699 699 699 720 720 721 721 699 699 721 721 700 700 700 700 721 721 722 722 700 700 722 722 701 701 701 701 722 722 723 723 701 701 723 723 702 702 702 702 723 723 724 724 702 702 724 724 703 703 703 703 724 724 725 725 703 703 725 725 704 704 704 704 725 725 726 726 704 704 726 726 705 705 705 705 726 726 727 727 705 705 727 727 23 23 706 706 0 0 728 728 706 706 728 728 707 707 707 707 728 728 729 729 707 707 729 729 708 708 708 708 729 729 730 730 708 708 730 730 709 709 709 709 730 730 731 731 709 709 731 731 710 710 710 710 731 731 732 732 710 710 732 732 711 711 711 711 732 732 733 733 711 711 733 733 712 712 712 712 733 733 734 734 712 712 734 734 713 713 713 713 734 734 735 735 713 713 735 735 714 714 714 714 735 735 736 736 714 714 736 736 715 715 715 715 736 736 737 737 715 715 737 737 716 716 716 716 737 737 738 738 716 716 738 738 717 717 717 717 738 738 739 739 717 717 739 739 718 718 718 718 739 739 740 740 718 718 740 740 719 719 719 719 740 740 741 741 719 719 741 741 720 720 720 720 741 741 742 742 720 720 742 742 721 721 721 721 742 742 743 743 721 721 743 743 722 722 722 722 743 743 744 744 722 722 744 744 723 723 723 723 744 744 745 745 723 723 745 745 724 724 724 724 745 745 746 746 724 724 746 746 725 725 725 725 746 746 747 747 725 725 747 747 726 726 726 726 747 747 748 748 726 726 748 748 727 727 727 727 748 748 749 749 727 727 749 749 23 23 728 728 0 0 750 750 728 728 750 750 729 729 729 729 750 750 751 751 729 729 751 751 730 730 730 730 751 751 752 752 730 730 752 752 731 731 731 731 752 752 753 753 731 731 753 753 732 732 732 732 753 753 754 754 732 732 754 754 733 733 733 733 754 754 755 755 733 733 755 755 734 734 734 734 755 755 756 756 734 734 756 756 735 735 735 735 756 756 757 757 735 735 757 757 736 736 736 736 757 757 758 758 736 736 758 758 737 737 737 737 758 758 759 759 737 737 759 759 738 738 738 738 759 759 760 760 738 738 760 760 739 739 739 739 760 760 761 761 739 739 761 761 740 740 740 740 761 761 762 762 740 740 762 762 741 741 741 741 762 762 763 763 741 741 763 763 742 742 742 742 763 763 764 764 742 742 764 764 743 743 743 743 764 764 765 765 743 743 765 765 744 744 744 744 765 765 766 766 744 744 766 766 745 745 745 745 766 766 767 767 745 745 767 767 746 746 746 746 767 767 768 768 746 746 768 768 747 747 747 747 768 768 769 769 747 747 769 769 748 748 748 748 769 769 770 770 748 748 770 770 749 749 749 749 770 770 771 771 749 749 771 771 23 23 750 750 0 0 772 772 750 750 772 772 751 751 751 751 772 772 773 773 751 751 773 773 752 752 752 752 773 773 774 774 752 752 774 774 753 753 753 753 774 774 775 775 753 753 775 775 754 754 754 754 775 775 776 776 754 754 776 776 755 755 755 755 776 776 777 777 755 755 777 777 756 756 756 756 777 777 778 778 756 756 778 778 757 757 757 757 778 778 779 779 757 757 779 779 758 758 758 758 779 779 780 780 758 758 780 780 759 759 759 759 780 780 781 781 759 759 781 781 760 760 760 760 781 781 782 782 760 760 782 782 761 761 761 761 782 782 783 783 761 761 783 783 762 762 762 762 783 783 784 784 762 762 784 784 763 763 763 763 784 784 785 785 763 763 785 785 764 764 764 764 785 785 786 786 764 764 786 786 765 765 765 765 786 786 787 787 765 765 787 787 766 766 766 766 787 787 788 788 766 766 788 788 767 767 767 767 788 788 789 789 767 767 789 789 768 768 768 768 789 789 790 790 768 768 790 790 769 769 769 769 790 790 791 791 769 769 791 791 770 770 770 770 791 791 792 792 770 770 792 792 771 771 771 771 792 792 793 793 771 771 793 793 23 23 772 772 0 0 794 794 772 772 794 794 773 773 773 773 794 794 795 795 773 773 795 795 774 774 774 774 795 795 796 796 774 774 796 796 775 775 775 775 796 796 797 797 775 775 797 797 776 776 776 776 797 797 798 798 776 776 798 798 777 777 777 777 798 798 799 799 777 777 799 799 778 778 778 778 799 799 800 800 778 778 800 800 779 779 779 779 800 800 801 801 779 779 801 801 780 780 780 780 801 801 802 802 780 780 802 802 781 781 781 781 802 802 803 803 781 781 803 803 782 782 782 782 803 803 804 804 782 782 804 804 783 783 783 783 804 804 805 805 783 783 805 805 784 784 784 784 805 805 806 806 784 784 806 806 785 785 785 785 806 806 807 807 785 785 807 807 786 786 786 786 807 807 808 808 786 786 808 808 787 787 787 787 808 808 809 809 787 787 809 809 788 788 788 788 809 809 810 810 788 788 810 810 789 789 789 789 810 810 811 811 789 789 811 811 790 790 790 790 811 811 812 812 790 790 812 812 791 791 791 791 812 812 813 813 791 791 813 813 792 792 792 792 813 813 814 814 792 792 814 814 793 793 793 793 814 814 815 815 793 793 815 815 23 23 794 794 0 0 816 816 794 794 816 816 795 795 795 795 816 816 817 817 795 795 817 817 796 796 796 796 817 817 818 818 796 796 818 818 797 797 797 797 818 818 819 819 797 797 819 819 798 798 798 798 819 819 820 820 798 798 820 820 799 799 799 799 820 820 821 821 799 799 821 821 800 800 800 800 821 821 822 822 800 800 822 822 801 801 801 801 822 822 823 823 801 801 823 823 802 802 802 802 823 823 824 824 802 802 824 824 803 803 803 803 824 824 825 825 803 803 825 825 804 804 804 804 825 825 826 826 804 804 826 826 805 805 805 805 826 826 827 827 805 805 827 827 806 806 806 806 827 827 828 828 806 806 828 828 807 807 807 807 828 828 829 829 807 807 829 829 808 808 808 808 829 829 830 830 808 808 830 830 809 809 809 809 830 830 831 831 809 809 831 831 810 810 810 810 831 831 832 832 810 810 832 832 811 811 811 811 832 832 833 833 811 811 833 833 812 812 812 812 833 833 834 834 812 812 834 834 813 813 813 813 834 834 835 835 813 813 835 835 814 814 814 814 835 835 836 836 814 814 836 836 815 815 815 815 836 836 837 837 815 815 837 837 23 23 816 816 0 0 838 838 816 816 838 838 817 817 817 817 838 838 839 839 817 817 839 839 818 818 818 818 839 839 840 840 818 818 840 840 819 819 819 819 840 840 841 841 819 819 841 841 820 820 820 820 841 841 842 842 820 820 842 842 821 821 821 821 842 842 843 843 821 821 843 843 822 822 822 822 843 843 844 844 822 822 844 844 823 823 823 823 844 844 845 845 823 823 845 845 824 824 824 824 845 845 846 846 824 824 846 846 825 825 825 825 846 846 847 847 825 825 847 847 826 826 826 826 847 847 848 848 826 826 848 848 827 827 827 827 848 848 849 849 827 827 849 849 828 828 828 828 849 849 850 850 828 828 850 850 829 829 829 829 850 850 851 851 829 829 851 851 830 830 830 830 851 851 852 852 830 830 852 852 831 831 831 831 852 852 853 853 831 831 853 853 832 832 832 832 853 853 854 854 832 832 854 854 833 833 833 833 854 854 855 855 833 833 855 855 834 834 834 834 855 855 856 856 834 834 856 856 835 835 835 835 856 856 857 857 835 835 857 857 836 836 836 836 857 857 858 858 836 836 858 858 837 837 837 837 858 858 859 859 837 837 859 859 23 23 838 838 0 0 860 860 838 838 860 860 839 839 839 839 860 860 861 861 839 839 861 861 840 840 840 840 861 861 862 862 840 840 862 862 841 841 841 841 862 862 863 863 841 841 863 863 842 842 842 842 863 863 864 864 842 842 864 864 843 843 843 843 864 864 865 865 843 843 865 865 844 844 844 844 865 865 866 866 844 844 866 866 845 845 845 845 866 866 867 867 845 845 867 867 846 846 846 846 867 867 868 868 846 846 868 868 847 847 847 847 868 868 869 869 847 847 869 869 848 848 848 848 869 869 870 870 848 848 870 870 849 849 849 849 870 870 871 871 849 849 871 871 850 850 850 850 871 871 872 872 850 850 872 872 851 851 851 851 872 872 873 873 851 851 873 873 852 852 852 852 873 873 874 874 852 852 874 874 853 853 853 853 874 874 875 875 853 853 875 875 854 854 854 854 875 875 876 876 854 854 876 876 855 855 855 855 876 876 877 877 855 855 877 877 856 856 856 856 877 877 878 878 856 856 878 878 857 857 857 857 878 878 879 879 857 857 879 879 858 858 858 858 879 879 880 880 858 858 880 880 859 859 859 859 880 880 881 881 859 859 881 881 23 23 860 860 0 0 882 882 860 860 882 882 861 861 861 861 882 882 883 883 861 861 883 883 862 862 862 862 883 883 884 884 862 862 884 884 863 863 863 863 884 884 885 885 863 863 885 885 864 864 864 864 885 885 886 886 864 864 886 886 865 865 865 865 886 886 887 887 865 865 887 887 866 866 866 866 887 887 888 888 866 866 888 888 867 867 867 867 888 888 889 889 867 867 889 889 868 868 868 868 889 889 890 890 868 868 890 890 869 869 869 869 890 890 891 891 869 869 891 891 870 870 870 870 891 891 892 892 870 870 892 892 871 871 871 871 892 892 893 893 871 871 893 893 872 872 872 872 893 893 894 894 872 872 894 894 873 873 873 873 894 894 895 895 873 873 895 895 874 874 874 874 895 895 896 896 874 874 896 896 875 875 875 875 896 896 897 897 875 875 897 897 876 876 876 876 897 897 898 898 876 876 898 898 877 877 877 877 898 898 899 899 877 877 899 899 878 878 878 878 899 899 900 900 878 878 900 900 879 879 879 879 900 900 901 901 879 879 901 901 880 880 880 880 901 901 902 902 880 880 902 902 881 881 881 881 902 902 903 903 881 881 903 903 23 23 882 882 0 0 904 904 882 882 904 904 883 883 883 883 904 904 905 905 883 883 905 905 884 884 884 884 905 905 906 906 884 884 906 906 885 885 885 885 906 906 907 907 885 885 907 907 886 886 886 886 907 907 908 908 886 886 908 908 887 887 887 887 908 908 909 909 887 887 909 909 888 888 888 888 909 909 910 910 888 888 910 910 889 889 889 889 910 910 911 911 889 889 911 911 890 890 890 890 911 911 912 912 890 890 912 912 891 891 891 891 912 912 913 913 891 891 913 913 892 892 892 892 913 913 914 914 892 892 914 914 893 893 893 893 914 914 915 915 893 893 915 915 894 894 894 894 915 915 916 916 894 894 916 916 895 895 895 895 916 916 917 917 895 895 917 917 896 896 896 896 917 917 918 918 896 896 918 918 897 897 897 897 918 918 919 919 897 897 919 919 898 898 898 898 919 919 920 920 898 898 920 920 899 899 899 899 920 920 921 921 899 899 921 921 900 900 900 900 921 921 922 922 900 900 922 922 901 901 901 901 922 922 923 923 901 901 923 923 902 902 902 902 923 923 924 924 902 902 924 924 903 903 903 903 924 924 925 925 903 903 925 925 23 23 904 904 0 0 926 926 904 904 926 926 905 905 905 905 926 926 927 927 905 905 927 927 906 906 906 906 927 927 928 928 906 906 928 928 907 907 907 907 928 928 929 929 907 907 929 929 908 908 908 908 929 929 930 930 908 908 930 930 909 909 909 909 930 930 931 931 909 909 931 931 910 910 910 910 931 931 932 932 910 910 932 932 911 911 911 911 932 932 933 933 911 911 933 933 912 912 912 912 933 933 934 934 912 912 934 934 913 913 913 913 934 934 935 935 913 913 935 935 914 914 914 914 935 935 936 936 914 914 936 936 915 915 915 915 936 936 937 937 915 915 937 937 916 916 916 916 937 937 938 938 916 916 938 938 917 917 917 917 938 938 939 939 917 917 939 939 918 918 918 918 939 939 940 940 918 918 940 940 919 919 919 919 940 940 941 941 919 919 941 941 920 920 920 920 941 941 942 942 920 920 942 942 921 921 921 921 942 942 943 943 921 921 943 943 922 922 922 922 943 943 944 944 922 922 944 944 923 923 923 923 944 944 945 945 923 923 945 945 924 924 924 924 945 945 946 946 924 924 946 946 925 925 925 925 946 946 947 947 925 925 947 947 23 23 926 926 0 0 948 948 926 926 948 948 927 927 927 927 948 948 949 949 927 927 949 949 928 928 928 928 949 949 950 950 928 928 950 950 929 929 929 929 950 950 951 951 929 929 951 951 930 930 930 930 951 951 952 952 930 930 952 952 931 931 931 931 952 952 953 953 931 931 953 953 932 932 932 932 953 953 954 954 932 932 954 954 933 933 933 933 954 954 955 955 933 933 955 955 934 934 934 934 955 955 956 956 934 934 956 956 935 935 935 935 956 956 957 957 935 935 957 957 936 936 936 936 957 957 958 958 936 936 958 958 937 937 937 937 958 958 959 959 937 937 959 959 938 938 938 938 959 959 960 960 938 938 960 960 939 939 939 939 960 960 961 961 939 939 961 961 940 940 940 940 961 961 962 962 940 940 962 962 941 941 941 941 962 962 963 963 941 941 963 963 942 942 942 942 963 963 964 964 942 942 964 964 943 943 943 943 964 964 965 965 943 943 965 965 944 944 944 944 965 965 966 966 944 944 966 966 945 945 945 945 966 966 967 967 945 945 967 967 946 946 946 946 967 967 968 968 946 946 968 968 947 947 947 947 968 968 969 969 947 947 969 969 23 23 948 948 0 0 970 970 948 948 970 970 949 949 949 949 970 970 971 971 949 949 971 971 950 950 950 950 971 971 972 972 950 950 972 972 951 951 951 951 972 972 973 973 951 951 973 973 952 952 952 952 973 973 974 974 952 952 974 974 953 953 953 953 974 974 975 975 953 953 975 975 954 954 954 954 975 975 976 976 954 954 976 976 955 955 955 955 976 976 977 977 955 955 977 977 956 956 956 956 977 977 978 978 956 956 978 978 957 957 957 957 978 978 979 979 957 957 979 979 958 958 958 958 979 979 980 980 958 958 980 980 959 959 959 959 980 980 981 981 959 959 981 981 960 960 960 960 981 981 982 982 960 960 982 982 961 961 961 961 982 982 983 983 961 961 983 983 962 962 962 962 983 983 984 984 962 962 984 984 963 963 963 963 984 984 985 985 963 963 985 985 964 964 964 964 985 985 986 986 964 964 986 986 965 965 965 965 986 986 987 987 965 965 987 987 966 966 966 966 987 987 988 988 966 966 988 988 967 967 967 967 988 988 989 989 967 967 989 989 968 968 968 968 989 989 990 990 968 968 990 990 969 969 969 969 990 990 991 991 969 969 991 991 23 23 970 970 0 0 992 992 970 970 992 992 971 971 971 971 992 992 993 993 971 971 993 993 972 972 972 972 993 993 994 994 972 972 994 994 973 973 973 973 994 994 995 995 973 973 995 995 974 974 974 974 995 995 996 996 974 974 996 996 975 975 975 975 996 996 997 997 975 975 997 997 976 976 976 976 997 997 998 998 976 976 998 998 977 977 977 977 998 998 999 999 977 977 999 999 978 978 978 978 999 999 1000 1000 978 978 1000 1000 979 979 979 979 1000 1000 1001 1001 979 979 1001 1001 980 980 980 980 1001 1001 1002 1002 980 980 1002 1002 981 981 981 981 1002 1002 1003 1003 981 981 1003 1003 982 982 982 982 1003 1003 1004 1004 982 982 1004 1004 983 983 983 983 1004 1004 1005 1005 983 983 1005 1005 984 984 984 984 1005 1005 1006 1006 984 984 1006 1006 985 985 985 985 1006 1006 1007 1007 985 985 1007 1007 986 986 986 986 1007 1007 1008 1008 986 986 1008 1008 987 987 987 987 1008 1008 1009 1009 987 987 1009 1009 988 988 988 988 1009 1009 1010 1010 988 988 1010 1010 989 989 989 989 1010 1010 1011 1011 989 989 1011 1011 990 990 990 990 1011 1011 1012 1012 990 990 1012 1012 991 991 991 991 1012 1012 1013 1013 991 991 1013 1013 23 23 992 992 0 0 1014 1014 992 992 1014 1014 993 993 993 993 1014 1014 1015 1015 993 993 1015 1015 994 994 994 994 1015 1015 1016 1016 994 994 1016 1016 995 995 995 995 1016 1016 1017 1017 995 995 1017 1017 996 996 996 996 1017 1017 1018 1018 996 996 1018 1018 997 997 997 997 1018 1018 1019 1019 997 997 1019 1019 998 998 998 998 1019 1019 1020 1020 998 998 1020 1020 999 999 999 999 1020 1020 1021 1021 999 999 1021 1021 1000 1000 1000 1000 1021 1021 1022 1022 1000 1000 1022 1022 1001 1001 1001 1001 1022 1022 1023 1023 1001 1001 1023 1023 1002 1002 1002 1002 1023 1023 1024 1024 1002 1002 1024 1024 1003 1003 1003 1003 1024 1024 1025 1025 1003 1003 1025 1025 1004 1004 1004 1004 1025 1025 1026 1026 1004 1004 1026 1026 1005 1005 1005 1005 1026 1026 1027 1027 1005 1005 1027 1027 1006 1006 1006 1006 1027 1027 1028 1028 1006 1006 1028 1028 1007 1007 1007 1007 1028 1028 1029 1029 1007 1007 1029 1029 1008 1008 1008 1008 1029 1029 1030 1030 1008 1008 1030 1030 1009 1009 1009 1009 1030 1030 1031 1031 1009 1009 1031 1031 1010 1010 1010 1010 1031 1031 1032 1032 1010 1010 1032 1032 1011 1011 1011 1011 1032 1032 1033 1033 1011 1011 1033 1033 1012 1012 1012 1012 1033 1033 1034 1034 1012 1012 1034 1034 1013 1013 1013 1013 1034 1034 1035 1035 1013 1013 1035 1035 23 23 1014 1014 0 0 1036 1036 1014 1014 1036 1036 1015 1015 1015 1015 1036 1036 1037 1037 1015 1015 1037 1037 1016 1016 1016 1016 1037 1037 1038 1038 1016 1016 1038 1038 1017 1017 1017 1017 1038 1038 1039 1039 1017 1017 1039 1039 1018 1018 1018 1018 1039 1039 1040 1040 1018 1018 1040 1040 1019 1019 1019 1019 1040 1040 1041 1041 1019 1019 1041 1041 1020 1020 1020 1020 1041 1041 1042 1042 1020 1020 1042 1042 1021 1021 1021 1021 1042 1042 1043 1043 1021 1021 1043 1043 1022 1022 1022 1022 1043 1043 1044 1044 1022 1022 1044 1044 1023 1023 1023 1023 1044 1044 1045 1045 1023 1023 1045 1045 1024 1024 1024 1024 1045 1045 1046 1046 1024 1024 1046 1046 1025 1025 1025 1025 1046 1046 1047 1047 1025 1025 1047 1047 1026 1026 1026 1026 1047 1047 1048 1048 1026 1026 1048 1048 1027 1027 1027 1027 1048 1048 1049 1049 1027 1027 1049 1049 1028 1028 1028 1028 1049 1049 1050 1050 1028 1028 1050 1050 1029 1029 1029 1029 1050 1050 1051 1051 1029 1029 1051 1051 1030 1030 1030 1030 1051 1051 1052 1052 1030 1030 1052 1052 1031 1031 1031 1031 1052 1052 1053 1053 1031 1031 1053 1053 1032 1032 1032 1032 1053 1053 1054 1054 1032 1032 1054 1054 1033 1033 1033 1033 1054 1054 1055 1055 1033 1033 1055 1055 1034 1034 1034 1034 1055 1055 1056 1056 1034 1034 1056 1056 1035 1035 1035 1035 1056 1056 1057 1057 1035 1035 1057 1057 23 23 1036 1036 0 0 1 1 1036 1036 1 1 1037 1037 1037 1037 1 1 2 2 1037 1037 2 2 1038 1038 1038 1038 2 2 3 3 1038 1038 3 3 1039 1039 1039 1039 3 3 4 4 1039 1039 4 4 1040 1040 1040 1040 4 4 5 5 1040 1040 5 5 1041 1041 1041 1041 5 5 6 6 1041 1041 6 6 1042 1042 1042 1042 6 6 7 7 1042 1042 7 7 1043 1043 1043 1043 7 7 8 8 1043 1043 8 8 1044 1044 1044 1044 8 8 9 9 1044 1044 9 9 1045 1045 1045 1045 9 9 10 10 1045 1045 10 10 1046 1046 1046 1046 10 10 11 11 1046 1046 11 11 1047 1047 1047 1047 11 11 12 12 1047 1047 12 12 1048 1048 1048 1048 12 12 13 13 1048 1048 13 13 1049 1049 1049 1049 13 13 14 14 1049 1049 14 14 1050 1050 1050 1050 14 14 15 15 1050 1050 15 15 1051 1051 1051 1051 15 15 16 16 1051 1051 16 16 1052 1052 1052 1052 16 16 17 17 1052 1052 17 17 1053 1053 1053 1053 17 17 18 18 1053 1053 18 18 1054 1054 1054 1054 18 18 19 19 1054 1054 19 19 1055 1055 1055 1055 19 19 20 20 1055 1055 20 20 1056 1056 1056 1056 20 20 21 21 1056 1056 21 21 1057 1057 1057 1057 21 21 22 22 1057 1057 22 22 23 23</p>
        </triangles>
      </mesh>
    </geometry>
  </library_geometries>
  <library_materials>
    <material id="acd708116d5b4adb8e2029a862f219eb" name="defaultmaterial">
      <instance_effect url="#ea13ba11c4f24f81b8b21b3a747a9079"/>
    </material>
  </library_materials>
  <library_visual_scenes>
    <visual_scene id="scene">
      <node id="node0" name="node0">
        <instance_geometry url="#ea4946f14a7949088ef05962caa2b333">
          <bind_material>
            <technique_common>
              <instance_material symbol="material0" target="#acd708116d5b4adb8e2029a862f219eb"/>
            </technique_common>
          </bind_material>
        </instance_geometry>
      </node>
    </visual_scene>
  </library_visual_scenes>
  <scene>
    <instance_visual_scene url="#scene"/>
  </scene>
</COLLADA>
