<COLLADA xmlns="http://www.collada.org/2005/11/COLLADASchema" version="1.4.1">
  <asset>
    <created>2026-08-18T14:34:48.753530</created>
    <modified>2026-08-18T14:34:48.753534</modified>
    <up_axis>Y_UP</up_axis>
  </asset>
  <library_effects>
    <effect id="81d5d951dd724e7cac780d3294f6361e" name="81d5d951dd724e7cac780d3294f6361e">
      <profile_COMMON>
        <technique sid="common">
          <phong>
            <emission>
              <color>0.0 0.0 0.0 1.0</color>
            </emission>
            <ambient>
              <color>0.0 0.0 0.0 1.0</color>
            </ambient>
            <diffuse>
              <color>0.0 0.0 0.0 1.0</color>
            </diffuse>
            <specular>
              <color>0.0 0.0 0.0 1.0</color>
            </specular>
            <shininess>
              <float>0.0</float>
            </shininess>
            <reflective>
              <color>0.0 0.0 0.0 1.0</color>
            </reflective>
            <reflectivity>
              <float>0.0</float>
            </reflectivity>
            <transparent>
              <color>0.0 0.0 0.0 1.0</color>
            </transparent>
            <transparency>
              <float>1.0</float>
            </transparency>
          </phong>
        </technique>
        <extra>
          <technique profile="GOOGLEEARTH">
            <double_sided>0</double_sided>
          </technique>
        </extra>
      </profile_COMMON>
    </effect>
  </library_effects>
  <library_geometries>
    <geometry id="61c6037d1bcb4273bfad8c4028119fd2" name="3fa5a7ab61d945708c34ea0d07750fd7">
      <mesh>
        <source id="verts-array">
          <float_array count="13254" id="verts-array-array">0 0 -1 0.06679263 0 -0.9977669 0.133287 0 -0.9910775 0.199186 0 -0.9799617 0.2641954 0 -0.9644692 0.3280249 0 -0.9446691 0.3903893 0 -0.9206499 0.4510101 0 -0.8925188 0.5096166 0 -0.8604016 0.5659471 0 -0.8244416 0.6197499 0 -0.7847994 0.6707847 0 -0.7416521 0.7188237 0 -0.6951924 0.7636522 0 -0.6456279 0.8050701 0 -0.5931797 0.8428923 0 -0.5380824 0.8769499 0 -0.4805818 0.9070909 0 -0.4209348 0.9331806 0 -0.3594078 0.9551025 0 -0.2962756 0.9727587 0 -0.2318202 0.9860703 0 -0.1663294 0.9949778 0 -0.1000957 0.9994416 0 -0.03341498 0.9994416 0 0.03341498 0.9949778 0 0.1000957 0.9860703 0 0.1663294 0.9727587 0 0.2318202 0.9551025 0 0.2962756 0.9331806 0 0.3594078 0.9070909 0 0.4209348 0.8769499 0 0.4805818 0.8428923 0 0.5380824 0.8050701 0 0.5931797 0.7636522 0 0.6456279 0.7188237 0 0.6951924 0.6707847 0 0.7416521 0.6197499 0 0.7847994 0.5659471 0 0.8244416 0.5096166 0 0.8604016 0.4510101 0 0.8925188 0.3903893 0 0.9206499 0.3280249 0 0.9446691 0.2641954 0 0.9644692 0.199186 0 0.9799617 0.133287 0 0.9910775 0.06679263 0 0.9977669 1.224647e-16 0 1 0.06664963 0.004368447 -0.9977669 0.1330016 0.008717384 -0.9910775 0.1987595 0.01302739 -0.9799617 0.2636297 0.01727921 -0.9644692 0.3273225 0.02145385 -0.9446691 0.3895534 0.02553268 -0.9206499 0.4500445 0.02949747 -0.8925188 0.5085255 0.03333052 -0.8604016 0.5647354 0.03701471 -0.8244416 0.618423 0.04053358 -0.7847994 0.6693485 0.04387142 -0.7416521 0.7172846 0.04701332 -0.6951924 0.7620172 0.04994524 -0.6456279 0.8033463 0.0526541 -0.5931797 0.8410876 0.05512779 -0.5380824 0.8750723 0.05735527 -0.4805818 0.9051488 0.05932658 -0.4209348 0.9311826 0.06103293 -0.3594078 0.9530575 0.06246669 -0.2962756 0.9706759 0.06362146 -0.2318202 0.983959 0.06449208 -0.1663294 0.9928475 0.06507466 -0.1000957 0.9973017 0.06536661 -0.03341498 0.9973017 0.06536661 0.03341498 0.9928475 0.06507466 0.1000957 0.983959 0.06449208 0.1663294 0.9706759 0.06362146 0.2318202 0.9530575 0.06246669 0.2962756 0.9311826 0.06103293 0.3594078 0.9051488 0.05932658 0.4209348 0.8750723 0.05735527 0.4805818 0.8410876 0.05512779 0.5380824 0.8033463 0.0526541 0.5931797 0.7620172 0.04994524 0.6456279 0.7172846 0.04701332 0.6951924 0.6693485 0.04387142 0.7416521 0.618423 0.04053358 0.7847994 0.5647354 0.03701471 0.8244416 0.5085255 0.03333052 0.8604016 0.4500445 0.02949747 0.8925188 0.3895534 0.02553268 0.9206499 0.3273225 0.02145385 0.9446691 0.2636297 0.01727921 0.9644692 0.1987595 0.01302739 0.9799617 0.1330016 0.008717384 0.9910775 0.06664963 0.004368447 0.9977669 0.06622121 0.008718188 -0.9977669 0.1321467 0.01739744 -0.9910775 0.1974819 0.02599899 -0.9799617 0.2619352 0.03448442 -0.9644692 0.3252186 0.04281584 -0.9446691 0.3870494 0.05095603 -0.9206499 0.4471517 0.05886863 -0.8925188 0.5052568 0.06651832 -0.8604016 0.5611053 0.07387092 -0.8244416 0.6144478 0.08089359 -0.7847994 0.6650461 0.08755498 -0.7416521 0.712674 0.09382532 -0.6951924 0.757119 0.09967661 -0.6456279 0.7981826 0.1050827 -0.5931797 0.8356812 0.1100195 -0.5380824 0.8694475 0.1144649 -0.4805818 0.8993306 0.1183991 -0.4209348 0.9251971 0.1218045 -0.3594078 0.9469315 0.1246659 -0.2962756 0.9644366 0.1269705 -0.2318202 0.9776343 0.128708 -0.1663294 0.9864656 0.1298707 -0.1000957 0.9908912 0.1304533 -0.03341498 0.9908912 0.1304533 0.03341498 0.9864656 0.1298707 0.1000957 0.9776343 0.128708 0.1663294 0.9644366 0.1269705 0.2318202 0.9469315 0.1246659 0.2962756 0.9251971 0.1218045 0.3594078 0.8993306 0.1183991 0.4209348 0.8694475 0.1144649 0.4805818 0.8356812 0.1100195 0.5380824 0.7981826 0.1050827 0.5931797 0.757119 0.09967661 0.6456279 0.712674 0.09382532 0.6951924 0.6650461 0.08755498 0.7416521 0.6144478 0.08089359 0.7847994 0.5611053 0.07387092 0.8244416 0.5052568 0.06651832 0.8604016 0.4471517 0.05886863 0.8925188 0.3870494 0.05095603 0.9206499 0.3252186 0.04281584 0.9446691 0.2619352 0.03448442 0.9644692 0.1974819 0.02599899 0.9799617 0.1321467 0.01739744 0.9910775 0.06622121 0.008718188 0.9977669 0.06550923 0.0130306 -0.9977669 0.1307259 0.026003 -0.9910775 0.1953587 0.03885926 -0.9799617 0.259119 0.05154197 -0.9644692 0.321722 0.06399448 -0.9446691 0.3828881 0.07616117 -0.9206499 0.4423441 0.08798771 -0.8925188 0.4998245 0.09942127 -0.8604016 0.5550726 0.1104108 -0.8244416 0.6078416 0.1209072 -0.7847994 0.6578958 0.1308636 -0.7416521 0.7050117 0.1402355 -0.6951924 0.7489788 0.1489812 -0.6456279 0.7896009 0.1570614 -0.5931797 0.8266963 0.1644401 -0.5380824 0.8600996 0.1710844 -0.4805818 0.8896614 0.1769647 -0.4209348 0.9152498 0.1820545 -0.3594078 0.9367505 0.1863313 -0.2962756 0.9540674 0.1897758 -0.2318202 0.9671232 0.1923728 -0.1663294 0.9758596 0.1941105 -0.1000957 0.9802376 0.1949814 -0.03341498 0.9802376 0.1949814 0.03341498 0.9758596 0.1941105 0.1000957 0.9671232 0.1923728 0.1663294 0.9540674 0.1897758 0.2318202 0.9367505 0.1863313 0.2962756 0.9152498 0.1820545 0.3594078 0.8896614 0.1769647 0.4209348 0.8600996 0.1710844 0.4805818 0.8266963 0.1644401 0.5380824 0.7896009 0.1570614 0.5931797 0.7489788 0.1489812 0.6456279 0.7050117 0.1402355 0.6951924 0.6578958 0.1308636 0.7416521 0.6078416 0.1209072 0.7847994 0.5550726 0.1104108 0.8244416 0.4998245 0.09942127 0.8604016 0.4423441 0.08798771 0.8925188 0.3828881 0.07616117 0.9206499 0.321722 0.06399448 0.9446691 0.259119 0.05154197 0.9644692 0.1953587 0.03885926 0.9799617 0.1307259 0.026003 0.9910775 0.06550923 0.0130306 0.9977669 0.06451673 0.01728721 -0.9977669 0.1287453 0.0344972 -0.9910775 0.1923989 0.05155313 -0.9799617 0.2551932 0.0683788 -0.9644692 0.3168477 0.08489908 -0.9446691 0.3770871 0.1010402 -0.9206499 0.4356423 0.11673 -0.8925188 0.4922519 0.1318985 -0.8604016 0.5466629 0.1464779 -0.8244416 0.5986324 0.1604031 -0.7847994 0.6479283 0.1736119 -0.7416521 0.6943304 0.1860453 -0.6951924 0.7376314 0.1976477 -0.6456279 0.777638 0.2083675 -0.5931797 0.8141714 0.2181566 -0.5380824 0.8470686 0.2269713 -0.4805818 0.8761825 0.2347724 -0.4209348 0.9013833 0.2415249 -0.3594078 0.9225582 0.2471987 -0.2962756 0.9396127 0.2517685 -0.2318202 0.9524707 0.2552138 -0.1663294 0.9610748 0.2575192 -0.1000957 0.9653864 0.2586745 -0.03341498 0.9653864 0.2586745 0.03341498 0.9610748 0.2575192 0.1000957 0.9524707 0.2552138 0.1663294 0.9396127 0.2517685 0.2318202 0.9225582 0.2471987 0.2962756 0.9013833 0.2415249 0.3594078 0.8761825 0.2347724 0.4209348 0.8470686 0.2269713 0.4805818 0.8141714 0.2181566 0.5380824 0.777638 0.2083675 0.5931797 0.7376314 0.1976477 0.6456279 0.6943304 0.1860453 0.6951924 0.6479283 0.1736119 0.7416521 0.5986324 0.1604031 0.7847994 0.5466629 0.1464779 0.8244416 0.4922519 0.1318985 0.8604016 0.4356423 0.11673 0.8925188 0.3770871 0.1010402 0.9206499 0.3168477 0.08489908 0.9446691 0.2551932 0.0683788 0.9644692 0.1923989 0.05155313 0.9799617 0.1287453 0.0344972 0.9910775 0.06451673 0.01728721 0.9977669 0.06324796 0.02146979 -0.9977669 0.1262134 0.04284369 -0.9910775 0.1886152 0.06402624 -0.9799617 0.2501746 0.08492283 -0.9644692 0.3106166 0.1054401 -0.9446691 0.3696714 0.1254865 -0.9206499 0.4270751 0.1449725 -0.8925188 0.4825714 0.1638109 -0.8604016 0.5359124 0.1819177 -0.8244416 0.5868598 0.1992121 -0.7847994 0.6351863 0.2156167 -0.7416521 0.6806758 0.2310583 -0.6951924 0.7231253 0.245468 -0.6456279 0.7623451 0.2587813 -0.5931797 0.7981601 0.2709388 -0.5380824 0.8304103 0.2818863 -0.4805818 0.8589517 0.2915748 -0.4209348 0.8836568 0.2999611 -0.3594078 0.9044153 0.3070076 -0.2962756 0.9211345 0.312683 -0.2318202 0.9337396 0.3169619 -0.1663294 0.9421745 0.3198251 -0.1000957 0.9464013 0.32126 -0.03341498 0.9464013 0.32126 0.03341498 0.9421745 0.3198251 0.1000957 0.9337396 0.3169619 0.1663294 0.9211345 0.312683 0.2318202 0.9044153 0.3070076 0.2962756 0.8836568 0.2999611 0.3594078 0.8589517 0.2915748 0.4209348 0.8304103 0.2818863 0.4805818 0.7981601 0.2709388 0.5380824 0.7623451 0.2587813 0.5931797 0.7231253 0.245468 0.6456279 0.6806758 0.2310583 0.6951924 0.6351863 0.2156167 0.7416521 0.5868598 0.1992121 0.7847994 0.5359124 0.1819177 0.8244416 0.4825714 0.1638109 0.8604016 0.4270751 0.1449725 0.8925188 0.3696714 0.1254865 0.9206499 0.3106166 0.1054401 0.9446691 0.2501746 0.08492283 0.9644692 0.1886152 0.06402624 0.9799617 0.1262134 0.04284369 0.9910775 0.06324796 0.02146979 0.9977669 0.06170835 0.02556043 -0.9977669 0.1231411 0.05100671 -0.9910775 0.1840239 0.07622518 -0.9799617 0.2440847 0.1011032 -0.9644692 0.3030555 0.1255297 -0.9446691 0.3606727 0.1493955 -0.9206499 0.416679 0.1725941 -0.8925188 0.4708244 0.1950218 -0.8604016 0.5228669 0.2165786 -0.8244416 0.5725742 0.237168 -0.7847994 0.6197243 0.2566982 -0.7416521 0.6641065 0.2750819 -0.6951924 0.7055226 0.292237 -0.6456279 0.7437877 0.308087 -0.5931797 0.7787309 0.3225609 -0.5380824 0.8101961 0.3355942 -0.4805818 0.8380427 0.3471287 -0.4209348 0.8621465 0.3571128 -0.3594078 0.8823996 0.3655019 -0.2962756 0.8987118 0.3722586 -0.2318202 0.9110101 0.3773527 -0.1663294 0.9192396 0.3807615 -0.1000957 0.9233636 0.3824697 -0.03341498 0.9233636 0.3824697 0.03341498 0.9192396 0.3807615 0.1000957 0.9110101 0.3773527 0.1663294 0.8987118 0.3722586 0.2318202 0.8823996 0.3655019 0.2962756 0.8621465 0.3571128 0.3594078 0.8380427 0.3471287 0.4209348 0.8101961 0.3355942 0.4805818 0.7787309 0.3225609 0.5380824 0.7437877 0.308087 0.5931797 0.7055226 0.292237 0.6456279 0.6641065 0.2750819 0.6951924 0.6197243 0.2566982 0.7416521 0.5725742 0.237168 0.7847994 0.5228669 0.2165786 0.8244416 0.4708244 0.1950218 0.8604016 0.416679 0.1725941 0.8925188 0.3606727 0.1493955 0.9206499 0.3030555 0.1255297 0.9446691 0.2440847 0.1011032 0.9644692 0.1840239 0.07622518 0.9799617 0.1231411 0.05100671 0.9910775 0.06170835 0.02556043 0.9977669 0.05990449 0.02954163 -0.9977669 0.1195414 0.05895131 -0.9910775 0.1786445 0.08809771 -0.9799617 0.2369497 0.1168506 -0.9644692 0.2941966 0.1450817 -0.9446691 0.3501295 0.1726648 -0.9206499 0.4044987 0.1994767 -0.8925188 0.4570613 0.2253977 -0.8604016 0.5075825 0.250312 -0.8244416 0.5558368 0.2741084 -0.7847994 0.6016085 0.2966805 -0.7416521 0.6446934 0.3179276 -0.6951924 0.6848988 0.3377547 -0.6456279 0.7220454 0.3560734 -0.5931797 0.7559671 0.3728017 -0.5380824 0.7865125 0.387865 -0.4805818 0.8135451 0.4011961 -0.4209348 0.8369443 0.4127352 -0.3594078 0.8566054 0.422431 -0.2962756 0.8724407 0.4302402 -0.2318202 0.8843795 0.4361277 -0.1663294 0.8923685 0.4400674 -0.1000957 0.8963719 0.4420417 -0.03341498 0.8963719 0.4420417 0.03341498 0.8923685 0.4400674 0.1000957 0.8843795 0.4361277 0.1663294 0.8724407 0.4302402 0.2318202 0.8566054 0.422431 0.2962756 0.8369443 0.4127352 0.3594078 0.8135451 0.4011961 0.4209348 0.7865125 0.387865 0.4805818 0.7559671 0.3728017 0.5380824 0.7220454 0.3560734 0.5931797 0.6848988 0.3377547 0.6456279 0.6446934 0.3179276 0.6951924 0.6016085 0.2966805 0.7416521 0.5558368 0.2741084 0.7847994 0.5075825 0.250312 0.8244416 0.4570613 0.2253977 0.8604016 0.4044987 0.1994767 0.8925188 0.3501295 0.1726648 0.9206499 0.2941966 0.1450817 0.9446691 0.2369497 0.1168506 0.9644692 0.1786445 0.08809771 0.9799617 0.1195414 0.05895131 0.9910775 0.05990449 0.02954163 0.9977669 0.05784412 0.03339632 -0.9977669 0.1154299 0.06664348 -0.9910775 0.1725001 0.09959299 -0.9799617 0.2287999 0.1320977 -0.9644692 0.2840779 0.1640124 -0.9446691 0.338087 0.1951946 -0.9206499 0.3905862 0.2255051 -0.8925188 0.441341 0.2548083 -0.8604016 0.4901246 0.2829735 -0.8244416 0.5367191 0.3098749 -0.7847994 0.5809166 0.3353924 -0.7416521 0.6225196 0.3594118 -0.6951924 0.6613422 0.3818261 -0.6456279 0.6972111 0.402535 -0.5931797 0.7299661 0.4214461 -0.5380824 0.7594609 0.438475 -0.4805818 0.7855638 0.4535455 -0.4209348 0.8081581 0.4665903 -0.3594078 0.827143 0.4775512 -0.2962756 0.8424337 0.4863793 -0.2318202 0.8539619 0.4930351 -0.1663294 0.8616761 0.4974889 -0.1000957 0.8655418 0.4997208 -0.03341498 0.8655418 0.4997208 0.03341498 0.8616761 0.4974889 0.1000957 0.8539619 0.4930351 0.1663294 0.8424337 0.4863793 0.2318202 0.827143 0.4775512 0.2962756 0.8081581 0.4665903 0.3594078 0.7855638 0.4535455 0.4209348 0.7594609 0.438475 0.4805818 0.7299661 0.4214461 0.5380824 0.6972111 0.402535 0.5931797 0.6613422 0.3818261 0.6456279 0.6225196 0.3594118 0.6951924 0.5809166 0.3353924 0.7416521 0.5367191 0.3098749 0.7847994 0.4901246 0.2829735 0.8244416 0.441341 0.2548083 0.8604016 0.3905862 0.2255051 0.8925188 0.338087 0.1951946 0.9206499 0.2840779 0.1640124 0.9446691 0.2287999 0.1320977 0.9644692 0.1725001 0.09959299 0.9799617 0.1154299 0.06664348 0.9910775 0.05784412 0.03339632 0.9977669 0.05553605 0.037108 -0.9977669 0.1108241 0.07405026 -0.9910775 0.1656171 0.1106618 -0.9799617 0.2196704 0.1467791 -0.9644692 0.2727427 0.1822408 -0.9446691 0.3245968 0.2168887 -0.9206499 0.3750012 0.2505678 -0.8925188 0.4237308 0.2831278 -0.8604016 0.4705678 0.3144234 -0.8244416 0.5153032 0.3443146 -0.7847994 0.5577371 0.372668 -0.7416521 0.59768 0.399357 -0.6951924 0.6349536 0.4242624 -0.6456279 0.6693913 0.447273 -0.5931797 0.7008393 0.4682859 -0.5380824 0.7291572 0.4872073 -0.4805818 0.7542185 0.5039527 -0.4209348 0.7759113 0.5184474 -0.3594078 0.7941387 0.5306265 -0.2962756 0.8088193 0.5404358 -0.2318202 0.8198875 0.5478313 -0.1663294 0.8272938 0.5527801 -0.1000957 0.8310053 0.55526 -0.03341498 0.8310053 0.55526 0.03341498 0.8272938 0.5527801 0.1000957 0.8198875 0.5478313 0.1663294 0.8088193 0.5404358 0.2318202 0.7941387 0.5306265 0.2962756 0.7759113 0.5184474 0.3594078 0.7542185 0.5039527 0.4209348 0.7291572 0.4872073 0.4805818 0.7008393 0.4682859 0.5380824 0.6693913 0.447273 0.5931797 0.6349536 0.4242624 0.6456279 0.59768 0.399357 0.6951924 0.5577371 0.372668 0.7416521 0.5153032 0.3443146 0.7847994 0.4705678 0.3144234 0.8244416 0.4237308 0.2831278 0.8604016 0.3750012 0.2505678 0.8925188 0.3245968 0.2168887 0.9206499 0.2727427 0.1822408 0.9446691 0.2196704 0.1467791 0.9644692 0.1656171 0.1106618 0.9799617 0.1108241 0.07405026 0.9910775 0.05553605 0.037108 0.9977669 0.05299016 0.04066078 -0.9977669 0.1057437 0.08113996 -0.9910775 0.1580249 0.1212567 -0.9799617 0.2096003 0.160832 -0.9644692 0.2602396 0.1996889 -0.9446691 0.3097166 0.2376539 -0.9206499 0.3578104 0.2745576 -0.8925188 0.4043061 0.310235 -0.8604016 0.448996 0.3445268 -0.8244416 0.4916806 0.3772798 -0.7847994 0.5321693 0.4083479 -0.7416521 0.5702812 0.4375921 -0.6951924 0.605846 0.464882 -0.6456279 0.638705 0.4900956 -0.5931797 0.6687114 0.5131203 -0.5380824 0.6957312 0.5338533 -0.4805818 0.7196436 0.552202 -0.4209348 0.740342 0.5680844 -0.3594078 0.7577338 0.5814296 -0.2962756 0.7717413 0.592178 -0.2318202 0.7823021 0.6002815 -0.1663294 0.789369 0.6057041 -0.1000957 0.7929103 0.6084215 -0.03341498 0.7929103 0.6084215 0.03341498 0.789369 0.6057041 0.1000957 0.7823021 0.6002815 0.1663294 0.7717413 0.592178 0.2318202 0.7577338 0.5814296 0.2962756 0.740342 0.5680844 0.3594078 0.7196436 0.552202 0.4209348 0.6957312 0.5338533 0.4805818 0.6687114 0.5131203 0.5380824 0.638705 0.4900956 0.5931797 0.605846 0.464882 0.6456279 0.5702812 0.4375921 0.6951924 0.5321693 0.4083479 0.7416521 0.4916806 0.3772798 0.7847994 0.448996 0.3445268 0.8244416 0.4043061 0.310235 0.8604016 0.3578104 0.2745576 0.8925188 0.3097166 0.2376539 0.9206499 0.2602396 0.1996889 0.9446691 0.2096003 0.160832 0.9644692 0.1580249 0.1212567 0.9799617 0.1057437 0.08113996 0.9910775 0.05299016 0.04066078 0.9977669 0.05021736 0.04403944 -0.9977669 0.1002104 0.0878822 -0.9910775 0.149756 0.1313324 -0.9799617 0.1986326 0.1741961 -0.9644692 0.2466221 0.2162818 -0.9446691 0.2935102 0.2574015 -0.9206499 0.3390874 0.2973716 -0.8925188 0.3831501 0.3360136 -0.8604016 0.4255016 0.3731548 -0.8244416 0.4659526 0.4086295 -0.7847994 0.5043227 0.4422791 -0.7416521 0.5404403 0.4739534 -0.6951924 0.5741441 0.5035109 -0.6456279 0.6052837 0.5308196 -0.5931797 0.63372 0.5557575 -0.5380824 0.6593259 0.5782133 -0.4805818 0.6819871 0.5980866 -0.4209348 0.7016023 0.6152887 -0.3594078 0.7180841 0.6297428 -0.2962756 0.7313587 0.6413844 -0.2318202 0.7413669 0.6501613 -0.1663294 0.7480639 0.6560345 -0.1000957 0.75142 0.6589776 -0.03341498 0.75142 0.6589776 0.03341498 0.7480639 0.6560345 0.1000957 0.7413669 0.6501613 0.1663294 0.7313587 0.6413844 0.2318202 0.7180841 0.6297428 0.2962756 0.7016023 0.6152887 0.3594078 0.6819871 0.5980866 0.4209348 0.6593259 0.5782133 0.4805818 0.63372 0.5557575 0.5380824 0.6052837 0.5308196 0.5931797 0.5741441 0.5035109 0.6456279 0.5404403 0.4739534 0.6951924 0.5043227 0.4422791 0.7416521 0.4659526 0.4086295 0.7847994 0.4255016 0.3731548 0.8244416 0.3831501 0.3360136 0.8604016 0.3390874 0.2973716 0.8925188 0.2935102 0.2574015 0.9206499 0.2466221 0.2162818 0.9446691 0.1986326 0.1741961 0.9644692 0.149756 0.1313324 0.9799617 0.1002104 0.0878822 0.9910775 0.05021736 0.04403944 0.9977669 0.04722952 0.04722952 -0.9977669 0.09424811 0.09424811 -0.9910775 0.1408458 0.1408458 -0.9799617 0.1868144 0.1868144 -0.9644692 0.2319486 0.2319486 -0.9446691 0.2760469 0.2760469 -0.9206499 0.3189123 0.3189123 -0.8925188 0.3603534 0.3603534 -0.8604016 0.400185 0.400185 -0.8244416 0.4382293 0.4382293 -0.7847994 0.4743164 0.4743164 -0.7416521 0.5082851 0.5082851 -0.6951924 0.5399836 0.5399836 -0.6456279 0.5692705 0.5692705 -0.5931797 0.5960148 0.5960148 -0.5380824 0.6200972 0.6200972 -0.4805818 0.6414101 0.6414101 -0.4209348 0.6598583 0.6598583 -0.3594078 0.6753595 0.6753595 -0.2962756 0.6878442 0.6878442 -0.2318202 0.697257 0.697257 -0.1663294 0.7035556 0.7035556 -0.1000957 0.7067119 0.7067119 -0.03341498 0.7067119 0.7067119 0.03341498 0.7035556 0.7035556 0.1000957 0.697257 0.697257 0.1663294 0.6878442 0.6878442 0.2318202 0.6753595 0.6753595 0.2962756 0.6598583 0.6598583 0.3594078 0.6414101 0.6414101 0.4209348 0.6200972 0.6200972 0.4805818 0.5960148 0.5960148 0.5380824 0.5692705 0.5692705 0.5931797 0.5399836 0.5399836 0.6456279 0.5082851 0.5082851 0.6951924 0.4743164 0.4743164 0.7416521 0.4382293 0.4382293 0.7847994 0.400185 0.400185 0.8244416 0.3603534 0.3603534 0.8604016 0.3189123 0.3189123 0.8925188 0.2760469 0.2760469 0.9206499 0.2319486 0.2319486 0.9446691 0.1868144 0.1868144 0.9644692 0.1408458 0.1408458 0.9799617 0.09424811 0.09424811 0.9910775 0.04722952 0.04722952 0.9977669 0.04403944 0.05021736 -0.9977669 0.0878822 0.1002104 -0.9910775 0.1313324 0.149756 -0.9799617 0.1741961 0.1986326 -0.9644692 0.2162818 0.2466221 -0.9446691 0.2574015 0.2935102 -0.9206499 0.2973716 0.3390874 -0.8925188 0.3360136 0.3831501 -0.8604016 0.3731548 0.4255016 -0.8244416 0.4086295 0.4659526 -0.7847994 0.4422791 0.5043227 -0.7416521 0.4739534 0.5404403 -0.6951924 0.5035109 0.5741441 -0.6456279 0.5308196 0.6052837 -0.5931797 0.5557575 0.63372 -0.5380824 0.5782133 0.6593259 -0.4805818 0.5980866 0.6819871 -0.4209348 0.6152887 0.7016023 -0.3594078 0.6297428 0.7180841 -0.2962756 0.6413844 0.7313587 -0.2318202 0.6501613 0.7413669 -0.1663294 0.6560345 0.7480639 -0.1000957 0.6589776 0.75142 -0.03341498 0.6589776 0.75142 0.03341498 0.6560345 0.7480639 0.1000957 0.6501613 0.7413669 0.1663294 0.6413844 0.7313587 0.2318202 0.6297428 0.7180841 0.2962756 0.6152887 0.7016023 0.3594078 0.5980866 0.6819871 0.4209348 0.5782133 0.6593259 0.4805818 0.5557575 0.63372 0.5380824 0.5308196 0.6052837 0.5931797 0.5035109 0.5741441 0.6456279 0.4739534 0.5404403 0.6951924 0.4422791 0.5043227 0.7416521 0.4086295 0.4659526 0.7847994 0.3731548 0.4255016 0.8244416 0.3360136 0.3831501 0.8604016 0.2973716 0.3390874 0.8925188 0.2574015 0.2935102 0.9206499 0.2162818 0.2466221 0.9446691 0.1741961 0.1986326 0.9644692 0.1313324 0.149756 0.9799617 0.0878822 0.1002104 0.9910775 0.04403944 0.05021736 0.9977669 0.04066078 0.05299016 -0.9977669 0.08113996 0.1057437 -0.9910775 0.1212567 0.1580249 -0.9799617 0.160832 0.2096003 -0.9644692 0.1996889 0.2602396 -0.9446691 0.2376539 0.3097166 -0.9206499 0.2745576 0.3578104 -0.8925188 0.310235 0.4043061 -0.8604016 0.3445268 0.448996 -0.8244416 0.3772798 0.4916806 -0.7847994 0.4083479 0.5321693 -0.7416521 0.4375921 0.5702812 -0.6951924 0.464882 0.605846 -0.6456279 0.4900956 0.638705 -0.5931797 0.5131203 0.6687114 -0.5380824 0.5338533 0.6957312 -0.4805818 0.552202 0.7196436 -0.4209348 0.5680844 0.740342 -0.3594078 0.5814296 0.7577338 -0.2962756 0.592178 0.7717413 -0.2318202 0.6002815 0.7823021 -0.1663294 0.6057041 0.789369 -0.1000957 0.6084215 0.7929103 -0.03341498 0.6084215 0.7929103 0.03341498 0.6057041 0.789369 0.1000957 0.6002815 0.7823021 0.1663294 0.592178 0.7717413 0.2318202 0.5814296 0.7577338 0.2962756 0.5680844 0.740342 0.3594078 0.552202 0.7196436 0.4209348 0.5338533 0.6957312 0.4805818 0.5131203 0.6687114 0.5380824 0.4900956 0.638705 0.5931797 0.464882 0.605846 0.6456279 0.4375921 0.5702812 0.6951924 0.4083479 0.5321693 0.7416521 0.3772798 0.4916806 0.7847994 0.3445268 0.448996 0.8244416 0.310235 0.4043061 0.8604016 0.2745576 0.3578104 0.8925188 0.2376539 0.3097166 0.9206499 0.1996889 0.2602396 0.9446691 0.160832 0.2096003 0.9644692 0.1212567 0.1580249 0.9799617 0.08113996 0.1057437 0.9910775 0.04066078 0.05299016 0.9977669 0.037108 0.05553605 -0.9977669 0.07405026 0.1108241 -0.9910775 0.1106618 0.1656171 -0.9799617 0.1467791 0.2196704 -0.9644692 0.1822408 0.2727427 -0.9446691 0.2168887 0.3245968 -0.9206499 0.2505678 0.3750012 -0.8925188 0.2831278 0.4237308 -0.8604016 0.3144234 0.4705678 -0.8244416 0.3443146 0.5153032 -0.7847994 0.372668 0.5577371 -0.7416521 0.399357 0.59768 -0.6951924 0.4242624 0.6349536 -0.6456279 0.447273 0.6693913 -0.5931797 0.4682859 0.7008393 -0.5380824 0.4872073 0.7291572 -0.4805818 0.5039527 0.7542185 -0.4209348 0.5184474 0.7759113 -0.3594078 0.5306265 0.7941387 -0.2962756 0.5404358 0.8088193 -0.2318202 0.5478313 0.8198875 -0.1663294 0.5527801 0.8272938 -0.1000957 0.55526 0.8310053 -0.03341498 0.55526 0.8310053 0.03341498 0.5527801 0.8272938 0.1000957 0.5478313 0.8198875 0.1663294 0.5404358 0.8088193 0.2318202 0.5306265 0.7941387 0.2962756 0.5184474 0.7759113 0.3594078 0.5039527 0.7542185 0.4209348 0.4872073 0.7291572 0.4805818 0.4682859 0.7008393 0.5380824 0.447273 0.6693913 0.5931797 0.4242624 0.6349536 0.6456279 0.399357 0.59768 0.6951924 0.372668 0.5577371 0.7416521 0.3443146 0.5153032 0.7847994 0.3144234 0.4705678 0.8244416 0.2831278 0.4237308 0.8604016 0.2505678 0.3750012 0.8925188 0.2168887 0.3245968 0.9206499 0.1822408 0.2727427 0.9446691 0.1467791 0.2196704 0.9644692 0.1106618 0.1656171 0.9799617 0.07405026 0.1108241 0.9910775 0.037108 0.05553605 0.9977669 0.03339632 0.05784412 -0.9977669 0.06664348 0.1154299 -0.9910775 0.09959299 0.1725001 -0.9799617 0.1320977 0.2287999 -0.9644692 0.1640124 0.2840779 -0.9446691 0.1951946 0.338087 -0.9206499 0.2255051 0.3905862 -0.8925188 0.2548083 0.441341 -0.8604016 0.2829735 0.4901246 -0.8244416 0.3098749 0.5367191 -0.7847994 0.3353924 0.5809166 -0.7416521 0.3594118 0.6225196 -0.6951924 0.3818261 0.6613422 -0.6456279 0.402535 0.6972111 -0.5931797 0.4214461 0.7299661 -0.5380824 0.438475 0.7594609 -0.4805818 0.4535455 0.7855638 -0.4209348 0.4665903 0.8081581 -0.3594078 0.4775512 0.827143 -0.2962756 0.4863793 0.8424337 -0.2318202 0.4930351 0.8539619 -0.1663294 0.4974889 0.8616761 -0.1000957 0.4997208 0.8655418 -0.03341498 0.4997208 0.8655418 0.03341498 0.4974889 0.8616761 0.1000957 0.4930351 0.8539619 0.1663294 0.4863793 0.8424337 0.2318202 0.4775512 0.827143 0.2962756 0.4665903 0.8081581 0.3594078 0.4535455 0.7855638 0.4209348 0.438475 0.7594609 0.4805818 0.4214461 0.7299661 0.5380824 0.402535 0.6972111 0.5931797 0.3818261 0.6613422 0.6456279 0.3594118 0.6225196 0.6951924 0.3353924 0.5809166 0.7416521 0.3098749 0.5367191 0.7847994 0.2829735 0.4901246 0.8244416 0.2548083 0.441341 0.8604016 0.2255051 0.3905862 0.8925188 0.1951946 0.338087 0.9206499 0.1640124 0.2840779 0.9446691 0.1320977 0.2287999 0.9644692 0.09959299 0.1725001 0.9799617 0.06664348 0.1154299 0.9910775 0.03339632 0.05784412 0.9977669 0.02954163 0.05990449 -0.9977669 0.05895131 0.1195414 -0.9910775 0.08809771 0.1786445 -0.9799617 0.1168506 0.2369497 -0.9644692 0.1450817 0.2941966 -0.9446691 0.1726648 0.3501295 -0.9206499 0.1994767 0.4044987 -0.8925188 0.2253977 0.4570613 -0.8604016 0.250312 0.5075825 -0.8244416 0.2741084 0.5558368 -0.7847994 0.2966805 0.6016085 -0.7416521 0.3179276 0.6446934 -0.6951924 0.3377547 0.6848988 -0.6456279 0.3560734 0.7220454 -0.5931797 0.3728017 0.7559671 -0.5380824 0.387865 0.7865125 -0.4805818 0.4011961 0.8135451 -0.4209348 0.4127352 0.8369443 -0.3594078 0.422431 0.8566054 -0.2962756 0.4302402 0.8724407 -0.2318202 0.4361277 0.8843795 -0.1663294 0.4400674 0.8923685 -0.1000957 0.4420417 0.8963719 -0.03341498 0.4420417 0.8963719 0.03341498 0.4400674 0.8923685 0.1000957 0.4361277 0.8843795 0.1663294 0.4302402 0.8724407 0.2318202 0.422431 0.8566054 0.2962756 0.4127352 0.8369443 0.3594078 0.4011961 0.8135451 0.4209348 0.387865 0.7865125 0.4805818 0.3728017 0.7559671 0.5380824 0.3560734 0.7220454 0.5931797 0.3377547 0.6848988 0.6456279 0.3179276 0.6446934 0.6951924 0.2966805 0.6016085 0.7416521 0.2741084 0.5558368 0.7847994 0.250312 0.5075825 0.8244416 0.2253977 0.4570613 0.8604016 0.1994767 0.4044987 0.8925188 0.1726648 0.3501295 0.9206499 0.1450817 0.2941966 0.9446691 0.1168506 0.2369497 0.9644692 0.08809771 0.1786445 0.9799617 0.05895131 0.1195414 0.9910775 0.02954163 0.05990449 0.9977669 0.02556043 0.06170835 -0.9977669 0.05100671 0.1231411 -0.9910775 0.07622518 0.1840239 -0.9799617 0.1011032 0.2440847 -0.9644692 0.1255297 0.3030555 -0.9446691 0.1493955 0.3606727 -0.9206499 0.1725941 0.416679 -0.8925188 0.1950218 0.4708244 -0.8604016 0.2165786 0.5228669 -0.8244416 0.237168 0.5725742 -0.7847994 0.2566982 0.6197243 -0.7416521 0.2750819 0.6641065 -0.6951924 0.292237 0.7055226 -0.6456279 0.308087 0.7437877 -0.5931797 0.3225609 0.7787309 -0.5380824 0.3355942 0.8101961 -0.4805818 0.3471287 0.8380427 -0.4209348 0.3571128 0.8621465 -0.3594078 0.3655019 0.8823996 -0.2962756 0.3722586 0.8987118 -0.2318202 0.3773527 0.9110101 -0.1663294 0.3807615 0.9192396 -0.1000957 0.3824697 0.9233636 -0.03341498 0.3824697 0.9233636 0.03341498 0.3807615 0.9192396 0.1000957 0.3773527 0.9110101 0.1663294 0.3722586 0.8987118 0.2318202 0.3655019 0.8823996 0.2962756 0.3571128 0.8621465 0.3594078 0.3471287 0.8380427 0.4209348 0.3355942 0.8101961 0.4805818 0.3225609 0.7787309 0.5380824 0.308087 0.7437877 0.5931797 0.292237 0.7055226 0.6456279 0.2750819 0.6641065 0.6951924 0.2566982 0.6197243 0.7416521 0.237168 0.5725742 0.7847994 0.2165786 0.5228669 0.8244416 0.1950218 0.4708244 0.8604016 0.1725941 0.416679 0.8925188 0.1493955 0.3606727 0.9206499 0.1255297 0.3030555 0.9446691 0.1011032 0.2440847 0.9644692 0.07622518 0.1840239 0.9799617 0.05100671 0.1231411 0.9910775 0.02556043 0.06170835 0.9977669 0.02146979 0.06324796 -0.9977669 0.04284369 0.1262134 -0.9910775 0.06402624 0.1886152 -0.9799617 0.08492283 0.2501746 -0.9644692 0.1054401 0.3106166 -0.9446691 0.1254865 0.3696714 -0.9206499 0.1449725 0.4270751 -0.8925188 0.1638109 0.4825714 -0.8604016 0.1819177 0.5359124 -0.8244416 0.1992121 0.5868598 -0.7847994 0.2156167 0.6351863 -0.7416521 0.2310583 0.6806758 -0.6951924 0.245468 0.7231253 -0.6456279 0.2587813 0.7623451 -0.5931797 0.2709388 0.7981601 -0.5380824 0.2818863 0.8304103 -0.4805818 0.2915748 0.8589517 -0.4209348 0.2999611 0.8836568 -0.3594078 0.3070076 0.9044153 -0.2962756 0.312683 0.9211345 -0.2318202 0.3169619 0.9337396 -0.1663294 0.3198251 0.9421745 -0.1000957 0.32126 0.9464013 -0.03341498 0.32126 0.9464013 0.03341498 0.3198251 0.9421745 0.1000957 0.3169619 0.9337396 0.1663294 0.312683 0.9211345 0.2318202 0.3070076 0.9044153 0.2962756 0.2999611 0.8836568 0.3594078 0.2915748 0.8589517 0.4209348 0.2818863 0.8304103 0.4805818 0.2709388 0.7981601 0.5380824 0.2587813 0.7623451 0.5931797 0.245468 0.7231253 0.6456279 0.2310583 0.6806758 0.6951924 0.2156167 0.6351863 0.7416521 0.1992121 0.5868598 0.7847994 0.1819177 0.5359124 0.8244416 0.1638109 0.4825714 0.8604016 0.1449725 0.4270751 0.8925188 0.1254865 0.3696714 0.9206499 0.1054401 0.3106166 0.9446691 0.08492283 0.2501746 0.9644692 0.06402624 0.1886152 0.9799617 0.04284369 0.1262134 0.9910775 0.02146979 0.06324796 0.9977669 0.01728721 0.06451673 -0.9977669 0.0344972 0.1287453 -0.9910775 0.05155313 0.1923989 -0.9799617 0.0683788 0.2551932 -0.9644692 0.08489908 0.3168477 -0.9446691 0.1010402 0.3770871 -0.9206499 0.11673 0.4356423 -0.8925188 0.1318985 0.4922519 -0.8604016 0.1464779 0.5466629 -0.8244416 0.1604031 0.5986324 -0.7847994 0.1736119 0.6479283 -0.7416521 0.1860453 0.6943304 -0.6951924 0.1976477 0.7376314 -0.6456279 0.2083675 0.777638 -0.5931797 0.2181566 0.8141714 -0.5380824 0.2269713 0.8470686 -0.4805818 0.2347724 0.8761825 -0.4209348 0.2415249 0.9013833 -0.3594078 0.2471987 0.9225582 -0.2962756 0.2517685 0.9396127 -0.2318202 0.2552138 0.9524707 -0.1663294 0.2575192 0.9610748 -0.1000957 0.2586745 0.9653864 -0.03341498 0.2586745 0.9653864 0.03341498 0.2575192 0.9610748 0.1000957 0.2552138 0.9524707 0.1663294 0.2517685 0.9396127 0.2318202 0.2471987 0.9225582 0.2962756 0.2415249 0.9013833 0.3594078 0.2347724 0.8761825 0.4209348 0.2269713 0.8470686 0.4805818 0.2181566 0.8141714 0.5380824 0.2083675 0.777638 0.5931797 0.1976477 0.7376314 0.6456279 0.1860453 0.6943304 0.6951924 0.1736119 0.6479283 0.7416521 0.1604031 0.5986324 0.7847994 0.1464779 0.5466629 0.8244416 0.1318985 0.4922519 0.8604016 0.11673 0.4356423 0.8925188 0.1010402 0.3770871 0.9206499 0.08489908 0.3168477 0.9446691 0.0683788 0.2551932 0.9644692 0.05155313 0.1923989 0.9799617 0.0344972 0.1287453 0.9910775 0.01728721 0.06451673 0.9977669 0.0130306 0.06550923 -0.9977669 0.026003 0.1307259 -0.9910775 0.03885926 0.1953587 -0.9799617 0.05154197 0.259119 -0.9644692 0.06399448 0.321722 -0.9446691 0.07616117 0.3828881 -0.9206499 0.08798771 0.4423441 -0.8925188 0.09942127 0.4998245 -0.8604016 0.1104108 0.5550726 -0.8244416 0.1209072 0.6078416 -0.7847994 0.1308636 0.6578958 -0.7416521 0.1402355 0.7050117 -0.6951924 0.1489812 0.7489788 -0.6456279 0.1570614 0.7896009 -0.5931797 0.1644401 0.8266963 -0.5380824 0.1710844 0.8600996 -0.4805818 0.1769647 0.8896614 -0.4209348 0.1820545 0.9152498 -0.3594078 0.1863313 0.9367505 -0.2962756 0.1897758 0.9540674 -0.2318202 0.1923728 0.9671232 -0.1663294 0.1941105 0.9758596 -0.1000957 0.1949814 0.9802376 -0.03341498 0.1949814 0.9802376 0.03341498 0.1941105 0.9758596 0.1000957 0.1923728 0.9671232 0.1663294 0.1897758 0.9540674 0.2318202 0.1863313 0.9367505 0.2962756 0.1820545 0.9152498 0.3594078 0.1769647 0.8896614 0.4209348 0.1710844 0.8600996 0.4805818 0.1644401 0.8266963 0.5380824 0.1570614 0.7896009 0.5931797 0.1489812 0.7489788 0.6456279 0.1402355 0.7050117 0.6951924 0.1308636 0.6578958 0.7416521 0.1209072 0.6078416 0.7847994 0.1104108 0.5550726 0.8244416 0.09942127 0.4998245 0.8604016 0.08798771 0.4423441 0.8925188 0.07616117 0.3828881 0.9206499 0.06399448 0.321722 0.9446691 0.05154197 0.259119 0.9644692 0.03885926 0.1953587 0.9799617 0.026003 0.1307259 0.9910775 0.0130306 0.06550923 0.9977669 0.008718188 0.06622121 -0.9977669 0.01739744 0.1321467 -0.9910775 0.02599899 0.1974819 -0.9799617 0.03448442 0.2619352 -0.9644692 0.04281584 0.3252186 -0.9446691 0.05095603 0.3870494 -0.9206499 0.05886863 0.4471517 -0.8925188 0.06651832 0.5052568 -0.8604016 0.07387092 0.5611053 -0.8244416 0.08089359 0.6144478 -0.7847994 0.08755498 0.6650461 -0.7416521 0.09382532 0.712674 -0.6951924 0.09967661 0.757119 -0.6456279 0.1050827 0.7981826 -0.5931797 0.1100195 0.8356812 -0.5380824 0.1144649 0.8694475 -0.4805818 0.1183991 0.8993306 -0.4209348 0.1218045 0.9251971 -0.3594078 0.1246659 0.9469315 -0.2962756 0.1269705 0.9644366 -0.2318202 0.128708 0.9776343 -0.1663294 0.1298707 0.9864656 -0.1000957 0.1304533 0.9908912 -0.03341498 0.1304533 0.9908912 0.03341498 0.1298707 0.9864656 0.1000957 0.128708 0.9776343 0.1663294 0.1269705 0.9644366 0.2318202 0.1246659 0.9469315 0.2962756 0.1218045 0.9251971 0.3594078 0.1183991 0.8993306 0.4209348 0.1144649 0.8694475 0.4805818 0.1100195 0.8356812 0.5380824 0.1050827 0.7981826 0.5931797 0.09967661 0.757119 0.6456279 0.09382532 0.712674 0.6951924 0.08755498 0.6650461 0.7416521 0.08089359 0.6144478 0.7847994 0.07387092 0.5611053 0.8244416 0.06651832 0.5052568 0.8604016 0.05886863 0.4471517 0.8925188 0.05095603 0.3870494 0.9206499 0.04281584 0.3252186 0.9446691 0.03448442 0.2619352 0.9644692 0.02599899 0.1974819 0.9799617 0.01739744 0.1321467 0.9910775 0.008718188 0.06622121 0.9977669 0.004368447 0.06664963 -0.9977669 0.008717384 0.1330016 -0.9910775 0.01302739 0.1987595 -0.9799617 0.01727921 0.2636297 -0.9644692 0.02145385 0.3273225 -0.9446691 0.02553268 0.3895534 -0.9206499 0.02949747 0.4500445 -0.8925188 0.03333052 0.5085255 -0.8604016 0.03701471 0.5647354 -0.8244416 0.04053358 0.618423 -0.7847994 0.04387142 0.6693485 -0.7416521 0.04701332 0.7172846 -0.6951924 0.04994524 0.7620172 -0.6456279 0.0526541 0.8033463 -0.5931797 0.05512779 0.8410876 -0.5380824 0.05735527 0.8750723 -0.4805818 0.05932658 0.9051488 -0.4209348 0.06103293 0.9311826 -0.3594078 0.06246669 0.9530575 -0.2962756 0.06362146 0.9706759 -0.2318202 0.06449208 0.983959 -0.1663294 0.06507466 0.9928475 -0.1000957 0.06536661 0.9973017 -0.03341498 0.06536661 0.9973017 0.03341498 0.06507466 0.9928475 0.1000957 0.06449208 0.983959 0.1663294 0.06362146 0.9706759 0.2318202 0.06246669 0.9530575 0.2962756 0.06103293 0.9311826 0.3594078 0.05932658 0.9051488 0.4209348 0.05735527 0.8750723 0.4805818 0.05512779 0.8410876 0.5380824 0.0526541 0.8033463 0.5931797 0.04994524 0.7620172 0.6456279 0.04701332 0.7172846 0.6951924 0.04387142 0.6693485 0.7416521 0.04053358 0.618423 0.7847994 0.03701471 0.5647354 0.8244416 0.03333052 0.5085255 0.8604016 0.02949747 0.4500445 0.8925188 0.02553268 0.3895534 0.9206499 0.02145385 0.3273225 0.9446691 0.01727921 0.2636297 0.9644692 0.01302739 0.1987595 0.9799617 0.008717384 0.1330016 0.9910775 0.004368447 0.06664963 0.9977669 4.089869e-18 0.06679263 -0.9977669 8.161472e-18 0.133287 -0.9910775 1.219662e-17 0.199186 -0.9799617 1.61773e-17 0.2641954 -0.9644692 2.008573e-17 0.3280249 -0.9446691 2.390445e-17 0.3903893 -0.9206499 2.76164e-17 0.4510101 -0.8925188 3.120502e-17 0.5096166 -0.8604016 3.465426e-17 0.5659471 -0.8244416 3.794874e-17 0.6197499 -0.7847994 4.107372e-17 0.6707847 -0.7416521 4.401526e-17 0.7188237 -0.6951924 4.676021e-17 0.7636522 -0.6456279 4.929632e-17 0.8050701 -0.5931797 5.161227e-17 0.8428923 -0.5380824 5.36977e-17 0.8769499 -0.4805818 5.55433e-17 0.9070909 -0.4209348 5.714083e-17 0.9331806 -0.3594078 5.848316e-17 0.9551025 -0.2962756 5.956429e-17 0.9727587 -0.2318202 6.037939e-17 0.9860703 -0.1663294 6.092482e-17 0.9949778 -0.1000957 6.119815e-17 0.9994416 -0.03341498 6.119815e-17 0.9994416 0.03341498 6.092482e-17 0.9949778 0.1000957 6.037939e-17 0.9860703 0.1663294 5.956429e-17 0.9727587 0.2318202 5.848316e-17 0.9551025 0.2962756 5.714083e-17 0.9331806 0.3594078 5.55433e-17 0.9070909 0.4209348 5.36977e-17 0.8769499 0.4805818 5.161227e-17 0.8428923 0.5380824 4.929632e-17 0.8050701 0.5931797 4.676021e-17 0.7636522 0.6456279 4.401526e-17 0.7188237 0.6951924 4.107372e-17 0.6707847 0.7416521 3.794874e-17 0.6197499 0.7847994 3.465426e-17 0.5659471 0.8244416 3.120502e-17 0.5096166 0.8604016 2.76164e-17 0.4510101 0.8925188 2.390445e-17 0.3903893 0.9206499 2.008573e-17 0.3280249 0.9446691 1.61773e-17 0.2641954 0.9644692 1.219662e-17 0.199186 0.9799617 8.161472e-18 0.133287 0.9910775 4.089869e-18 0.06679263 0.9977669 -0.004368447 0.06664963 -0.9977669 -0.008717384 0.1330016 -0.9910775 -0.01302739 0.1987595 -0.9799617 -0.01727921 0.2636297 -0.9644692 -0.02145385 0.3273225 -0.9446691 -0.02553268 0.3895534 -0.9206499 -0.02949747 0.4500445 -0.8925188 -0.03333052 0.5085255 -0.8604016 -0.03701471 0.5647354 -0.8244416 -0.04053358 0.618423 -0.7847994 -0.04387142 0.6693485 -0.7416521 -0.04701332 0.7172846 -0.6951924 -0.04994524 0.7620172 -0.6456279 -0.0526541 0.8033463 -0.5931797 -0.05512779 0.8410876 -0.5380824 -0.05735527 0.8750723 -0.4805818 -0.05932658 0.9051488 -0.4209348 -0.06103293 0.9311826 -0.3594078 -0.06246669 0.9530575 -0.2962756 -0.06362146 0.9706759 -0.2318202 -0.06449208 0.983959 -0.1663294 -0.06507466 0.9928475 -0.1000957 -0.06536661 0.9973017 -0.03341498 -0.06536661 0.9973017 0.03341498 -0.06507466 0.9928475 0.1000957 -0.06449208 0.983959 0.1663294 -0.06362146 0.9706759 0.2318202 -0.06246669 0.9530575 0.2962756 -0.06103293 0.9311826 0.3594078 -0.05932658 0.9051488 0.4209348 -0.05735527 0.8750723 0.4805818 -0.05512779 0.8410876 0.5380824 -0.0526541 0.8033463 0.5931797 -0.04994524 0.7620172 0.6456279 -0.04701332 0.7172846 0.6951924 -0.04387142 0.6693485 0.7416521 -0.04053358 0.618423 0.7847994 -0.03701471 0.5647354 0.8244416 -0.03333052 0.5085255 0.8604016 -0.02949747 0.4500445 0.8925188 -0.02553268 0.3895534 0.9206499 -0.02145385 0.3273225 0.9446691 -0.01727921 0.2636297 0.9644692 -0.01302739 0.1987595 0.9799617 -0.008717384 0.1330016 0.9910775 -0.004368447 0.06664963 0.9977669 -0.008718188 0.06622121 -0.9977669 -0.01739744 0.1321467 -0.9910775 -0.02599899 0.1974819 -0.9799617 -0.03448442 0.2619352 -0.9644692 -0.04281584 0.3252186 -0.9446691 -0.05095603 0.3870494 -0.9206499 -0.05886863 0.4471517 -0.8925188 -0.06651832 0.5052568 -0.8604016 -0.07387092 0.5611053 -0.8244416 -0.08089359 0.6144478 -0.7847994 -0.08755498 0.6650461 -0.7416521 -0.09382532 0.712674 -0.6951924 -0.09967661 0.757119 -0.6456279 -0.1050827 0.7981826 -0.5931797 -0.1100195 0.8356812 -0.5380824 -0.1144649 0.8694475 -0.4805818 -0.1183991 0.8993306 -0.4209348 -0.1218045 0.9251971 -0.3594078 -0.1246659 0.9469315 -0.2962756 -0.1269705 0.9644366 -0.2318202 -0.128708 0.9776343 -0.1663294 -0.1298707 0.9864656 -0.1000957 -0.1304533 0.9908912 -0.03341498 -0.1304533 0.9908912 0.03341498 -0.1298707 0.9864656 0.1000957 -0.128708 0.9776343 0.1663294 -0.1269705 0.9644366 0.2318202 -0.1246659 0.9469315 0.2962756 -0.1218045 0.9251971 0.3594078 -0.1183991 0.8993306 0.4209348 -0.1144649 0.8694475 0.4805818 -0.1100195 0.8356812 0.5380824 -0.1050827 0.7981826 0.5931797 -0.09967661 0.757119 0.6456279 -0.09382532 0.712674 0.6951924 -0.08755498 0.6650461 0.7416521 -0.08089359 0.6144478 0.7847994 -0.07387092 0.5611053 0.8244416 -0.06651832 0.5052568 0.8604016 -0.05886863 0.4471517 0.8925188 -0.05095603 0.3870494 0.9206499 -0.04281584 0.3252186 0.9446691 -0.03448442 0.2619352 0.9644692 -0.02599899 0.1974819 0.9799617 -0.01739744 0.1321467 0.9910775 -0.008718188 0.06622121 0.9977669 -0.0130306 0.06550923 -0.9977669 -0.026003 0.1307259 -0.9910775 -0.03885926 0.1953587 -0.9799617 -0.05154197 0.259119 -0.9644692 -0.06399448 0.321722 -0.9446691 -0.07616117 0.3828881 -0.9206499 -0.08798771 0.4423441 -0.8925188 -0.09942127 0.4998245 -0.8604016 -0.1104108 0.5550726 -0.8244416 -0.1209072 0.6078416 -0.7847994 -0.1308636 0.6578958 -0.7416521 -0.1402355 0.7050117 -0.6951924 -0.1489812 0.7489788 -0.6456279 -0.1570614 0.7896009 -0.5931797 -0.1644401 0.8266963 -0.5380824 -0.1710844 0.8600996 -0.4805818 -0.1769647 0.8896614 -0.4209348 -0.1820545 0.9152498 -0.3594078 -0.1863313 0.9367505 -0.2962756 -0.1897758 0.9540674 -0.2318202 -0.1923728 0.9671232 -0.1663294 -0.1941105 0.9758596 -0.1000957 -0.1949814 0.9802376 -0.03341498 -0.1949814 0.9802376 0.03341498 -0.1941105 0.9758596 0.1000957 -0.1923728 0.9671232 0.1663294 -0.1897758 0.9540674 0.2318202 -0.1863313 0.9367505 0.2962756 -0.1820545 0.9152498 0.3594078 -0.1769647 0.8896614 0.4209348 -0.1710844 0.8600996 0.4805818 -0.1644401 0.8266963 0.5380824 -0.1570614 0.7896009 0.5931797 -0.1489812 0.7489788 0.6456279 -0.1402355 0.7050117 0.6951924 -0.1308636 0.6578958 0.7416521 -0.1209072 0.6078416 0.7847994 -0.1104108 0.5550726 0.8244416 -0.09942127 0.4998245 0.8604016 -0.08798771 0.4423441 0.8925188 -0.07616117 0.3828881 0.9206499 -0.06399448 0.321722 0.9446691 -0.05154197 0.259119 0.9644692 -0.03885926 0.1953587 0.9799617 -0.026003 0.1307259 0.9910775 -0.0130306 0.06550923 0.9977669 -0.01728721 0.06451673 -0.9977669 -0.0344972 0.1287453 -0.9910775 -0.05155313 0.1923989 -0.9799617 -0.0683788 0.2551932 -0.9644692 -0.08489908 0.3168477 -0.9446691 -0.1010402 0.3770871 -0.9206499 -0.11673 0.4356423 -0.8925188 -0.1318985 0.4922519 -0.8604016 -0.1464779 0.5466629 -0.8244416 -0.1604031 0.5986324 -0.7847994 -0.1736119 0.6479283 -0.7416521 -0.1860453 0.6943304 -0.6951924 -0.1976477 0.7376314 -0.6456279 -0.2083675 0.777638 -0.5931797 -0.2181566 0.8141714 -0.5380824 -0.2269713 0.8470686 -0.4805818 -0.2347724 0.8761825 -0.4209348 -0.2415249 0.9013833 -0.3594078 -0.2471987 0.9225582 -0.2962756 -0.2517685 0.9396127 -0.2318202 -0.2552138 0.9524707 -0.1663294 -0.2575192 0.9610748 -0.1000957 -0.2586745 0.9653864 -0.03341498 -0.2586745 0.9653864 0.03341498 -0.2575192 0.9610748 0.1000957 -0.2552138 0.9524707 0.1663294 -0.2517685 0.9396127 0.2318202 -0.2471987 0.9225582 0.2962756 -0.2415249 0.9013833 0.3594078 -0.2347724 0.8761825 0.4209348 -0.2269713 0.8470686 0.4805818 -0.2181566 0.8141714 0.5380824 -0.2083675 0.777638 0.5931797 -0.1976477 0.7376314 0.6456279 -0.1860453 0.6943304 0.6951924 -0.1736119 0.6479283 0.7416521 -0.1604031 0.5986324 0.7847994 -0.1464779 0.5466629 0.8244416 -0.1318985 0.4922519 0.8604016 -0.11673 0.4356423 0.8925188 -0.1010402 0.3770871 0.9206499 -0.08489908 0.3168477 0.9446691 -0.0683788 0.2551932 0.9644692 -0.05155313 0.1923989 0.9799617 -0.0344972 0.1287453 0.9910775 -0.01728721 0.06451673 0.9977669 -0.02146979 0.06324796 -0.9977669 -0.04284369 0.1262134 -0.9910775 -0.06402624 0.1886152 -0.9799617 -0.08492283 0.2501746 -0.9644692 -0.1054401 0.3106166 -0.9446691 -0.1254865 0.3696714 -0.9206499 -0.1449725 0.4270751 -0.8925188 -0.1638109 0.4825714 -0.8604016 -0.1819177 0.5359124 -0.8244416 -0.1992121 0.5868598 -0.7847994 -0.2156167 0.6351863 -0.7416521 -0.2310583 0.6806758 -0.6951924 -0.245468 0.7231253 -0.6456279 -0.2587813 0.7623451 -0.5931797 -0.2709388 0.7981601 -0.5380824 -0.2818863 0.8304103 -0.4805818 -0.2915748 0.8589517 -0.4209348 -0.2999611 0.8836568 -0.3594078 -0.3070076 0.9044153 -0.2962756 -0.312683 0.9211345 -0.2318202 -0.3169619 0.9337396 -0.1663294 -0.3198251 0.9421745 -0.1000957 -0.32126 0.9464013 -0.03341498 -0.32126 0.9464013 0.03341498 -0.3198251 0.9421745 0.1000957 -0.3169619 0.9337396 0.1663294 -0.312683 0.9211345 0.2318202 -0.3070076 0.9044153 0.2962756 -0.2999611 0.8836568 0.3594078 -0.2915748 0.8589517 0.4209348 -0.2818863 0.8304103 0.4805818 -0.2709388 0.7981601 0.5380824 -0.2587813 0.7623451 0.5931797 -0.245468 0.7231253 0.6456279 -0.2310583 0.6806758 0.6951924 -0.2156167 0.6351863 0.7416521 -0.1992121 0.5868598 0.7847994 -0.1819177 0.5359124 0.8244416 -0.1638109 0.4825714 0.8604016 -0.1449725 0.4270751 0.8925188 -0.1254865 0.3696714 0.9206499 -0.1054401 0.3106166 0.9446691 -0.08492283 0.2501746 0.9644692 -0.06402624 0.1886152 0.9799617 -0.04284369 0.1262134 0.9910775 -0.02146979 0.06324796 0.9977669 -0.02556043 0.06170835 -0.9977669 -0.05100671 0.1231411 -0.9910775 -0.07622518 0.1840239 -0.9799617 -0.1011032 0.2440847 -0.9644692 -0.1255297 0.3030555 -0.9446691 -0.1493955 0.3606727 -0.9206499 -0.1725941 0.416679 -0.8925188 -0.1950218 0.4708244 -0.8604016 -0.2165786 0.5228669 -0.8244416 -0.237168 0.5725742 -0.7847994 -0.2566982 0.6197243 -0.7416521 -0.2750819 0.6641065 -0.6951924 -0.292237 0.7055226 -0.6456279 -0.308087 0.7437877 -0.5931797 -0.3225609 0.7787309 -0.5380824 -0.3355942 0.8101961 -0.4805818 -0.3471287 0.8380427 -0.4209348 -0.3571128 0.8621465 -0.3594078 -0.3655019 0.8823996 -0.2962756 -0.3722586 0.8987118 -0.2318202 -0.3773527 0.9110101 -0.1663294 -0.3807615 0.9192396 -0.1000957 -0.3824697 0.9233636 -0.03341498 -0.3824697 0.9233636 0.03341498 -0.3807615 0.9192396 0.1000957 -0.3773527 0.9110101 0.1663294 -0.3722586 0.8987118 0.2318202 -0.3655019 0.8823996 0.2962756 -0.3571128 0.8621465 0.3594078 -0.3471287 0.8380427 0.4209348 -0.3355942 0.8101961 0.4805818 -0.3225609 0.7787309 0.5380824 -0.308087 0.7437877 0.5931797 -0.292237 0.7055226 0.6456279 -0.2750819 0.6641065 0.6951924 -0.2566982 0.6197243 0.7416521 -0.237168 0.5725742 0.7847994 -0.2165786 0.5228669 0.8244416 -0.1950218 0.4708244 0.8604016 -0.1725941 0.416679 0.8925188 -0.1493955 0.3606727 0.9206499 -0.1255297 0.3030555 0.9446691 -0.1011032 0.2440847 0.9644692 -0.07622518 0.1840239 0.9799617 -0.05100671 0.1231411 0.9910775 -0.02556043 0.06170835 0.9977669 -0.02954163 0.05990449 -0.9977669 -0.05895131 0.1195414 -0.9910775 -0.08809771 0.1786445 -0.9799617 -0.1168506 0.2369497 -0.9644692 -0.1450817 0.2941966 -0.9446691 -0.1726648 0.3501295 -0.9206499 -0.1994767 0.4044987 -0.8925188 -0.2253977 0.4570613 -0.8604016 -0.250312 0.5075825 -0.8244416 -0.2741084 0.5558368 -0.7847994 -0.2966805 0.6016085 -0.7416521 -0.3179276 0.6446934 -0.6951924 -0.3377547 0.6848988 -0.6456279 -0.3560734 0.7220454 -0.5931797 -0.3728017 0.7559671 -0.5380824 -0.387865 0.7865125 -0.4805818 -0.4011961 0.8135451 -0.4209348 -0.4127352 0.8369443 -0.3594078 -0.422431 0.8566054 -0.2962756 -0.4302402 0.8724407 -0.2318202 -0.4361277 0.8843795 -0.1663294 -0.4400674 0.8923685 -0.1000957 -0.4420417 0.8963719 -0.03341498 -0.4420417 0.8963719 0.03341498 -0.4400674 0.8923685 0.1000957 -0.4361277 0.8843795 0.1663294 -0.4302402 0.8724407 0.2318202 -0.422431 0.8566054 0.2962756 -0.4127352 0.8369443 0.3594078 -0.4011961 0.8135451 0.4209348 -0.387865 0.7865125 0.4805818 -0.3728017 0.7559671 0.5380824 -0.3560734 0.7220454 0.5931797 -0.3377547 0.6848988 0.6456279 -0.3179276 0.6446934 0.6951924 -0.2966805 0.6016085 0.7416521 -0.2741084 0.5558368 0.7847994 -0.250312 0.5075825 0.8244416 -0.2253977 0.4570613 0.8604016 -0.1994767 0.4044987 0.8925188 -0.1726648 0.3501295 0.9206499 -0.1450817 0.2941966 0.9446691 -0.1168506 0.2369497 0.9644692 -0.08809771 0.1786445 0.9799617 -0.05895131 0.1195414 0.9910775 -0.02954163 0.05990449 0.9977669 -0.03339632 0.05784412 -0.9977669 -0.06664348 0.1154299 -0.9910775 -0.09959299 0.1725001 -0.9799617 -0.1320977 0.2287999 -0.9644692 -0.1640124 0.2840779 -0.9446691 -0.1951946 0.338087 -0.9206499 -0.2255051 0.3905862 -0.8925188 -0.2548083 0.441341 -0.8604016 -0.2829735 0.4901246 -0.8244416 -0.3098749 0.5367191 -0.7847994 -0.3353924 0.5809166 -0.7416521 -0.3594118 0.6225196 -0.6951924 -0.3818261 0.6613422 -0.6456279 -0.402535 0.6972111 -0.5931797 -0.4214461 0.7299661 -0.5380824 -0.438475 0.7594609 -0.4805818 -0.4535455 0.7855638 -0.4209348 -0.4665903 0.8081581 -0.3594078 -0.4775512 0.827143 -0.2962756 -0.4863793 0.8424337 -0.2318202 -0.4930351 0.8539619 -0.1663294 -0.4974889 0.8616761 -0.1000957 -0.4997208 0.8655418 -0.03341498 -0.4997208 0.8655418 0.03341498 -0.4974889 0.8616761 0.1000957 -0.4930351 0.8539619 0.1663294 -0.4863793 0.8424337 0.2318202 -0.4775512 0.827143 0.2962756 -0.4665903 0.8081581 0.3594078 -0.4535455 0.7855638 0.4209348 -0.438475 0.7594609 0.4805818 -0.4214461 0.7299661 0.5380824 -0.402535 0.6972111 0.5931797 -0.3818261 0.6613422 0.6456279 -0.3594118 0.6225196 0.6951924 -0.3353924 0.5809166 0.7416521 -0.3098749 0.5367191 0.7847994 -0.2829735 0.4901246 0.8244416 -0.2548083 0.441341 0.8604016 -0.2255051 0.3905862 0.8925188 -0.1951946 0.338087 0.9206499 -0.1640124 0.2840779 0.9446691 -0.1320977 0.2287999 0.9644692 -0.09959299 0.1725001 0.9799617 -0.06664348 0.1154299 0.9910775 -0.03339632 0.05784412 0.9977669 -0.037108 0.05553605 -0.9977669 -0.07405026 0.1108241 -0.9910775 -0.1106618 0.1656171 -0.9799617 -0.1467791 0.2196704 -0.9644692 -0.1822408 0.2727427 -0.9446691 -0.2168887 0.3245968 -0.9206499 -0.2505678 0.3750012 -0.8925188 -0.2831278 0.4237308 -0.8604016 -0.3144234 0.4705678 -0.8244416 -0.3443146 0.5153032 -0.7847994 -0.372668 0.5577371 -0.7416521 -0.399357 0.59768 -0.6951924 -0.4242624 0.6349536 -0.6456279 -0.447273 0.6693913 -0.5931797 -0.4682859 0.7008393 -0.5380824 -0.4872073 0.7291572 -0.4805818 -0.5039527 0.7542185 -0.4209348 -0.5184474 0.7759113 -0.3594078 -0.5306265 0.7941387 -0.2962756 -0.5404358 0.8088193 -0.2318202 -0.5478313 0.8198875 -0.1663294 -0.5527801 0.8272938 -0.1000957 -0.55526 0.8310053 -0.03341498 -0.55526 0.8310053 0.03341498 -0.5527801 0.8272938 0.1000957 -0.5478313 0.8198875 0.1663294 -0.5404358 0.8088193 0.2318202 -0.5306265 0.7941387 0.2962756 -0.5184474 0.7759113 0.3594078 -0.5039527 0.7542185 0.4209348 -0.4872073 0.7291572 0.4805818 -0.4682859 0.7008393 0.5380824 -0.447273 0.6693913 0.5931797 -0.4242624 0.6349536 0.6456279 -0.399357 0.59768 0.6951924 -0.372668 0.5577371 0.7416521 -0.3443146 0.5153032 0.7847994 -0.3144234 0.4705678 0.8244416 -0.2831278 0.4237308 0.8604016 -0.2505678 0.3750012 0.8925188 -0.2168887 0.3245968 0.9206499 -0.1822408 0.2727427 0.9446691 -0.1467791 0.2196704 0.9644692 -0.1106618 0.1656171 0.9799617 -0.07405026 0.1108241 0.9910775 -0.037108 0.05553605 0.9977669 -0.04066078 0.05299016 -0.9977669 -0.08113996 0.1057437 -0.9910775 -0.1212567 0.1580249 -0.9799617 -0.160832 0.2096003 -0.9644692 -0.1996889 0.2602396 -0.9446691 -0.2376539 0.3097166 -0.9206499 -0.2745576 0.3578104 -0.8925188 -0.310235 0.4043061 -0.8604016 -0.3445268 0.448996 -0.8244416 -0.3772798 0.4916806 -0.7847994 -0.4083479 0.5321693 -0.7416521 -0.4375921 0.5702812 -0.6951924 -0.464882 0.605846 -0.6456279 -0.4900956 0.638705 -0.5931797 -0.5131203 0.6687114 -0.5380824 -0.5338533 0.6957312 -0.4805818 -0.552202 0.7196436 -0.4209348 -0.5680844 0.740342 -0.3594078 -0.5814296 0.7577338 -0.2962756 -0.592178 0.7717413 -0.2318202 -0.6002815 0.7823021 -0.1663294 -0.6057041 0.789369 -0.1000957 -0.6084215 0.7929103 -0.03341498 -0.6084215 0.7929103 0.03341498 -0.6057041 0.789369 0.1000957 -0.6002815 0.7823021 0.1663294 -0.592178 0.7717413 0.2318202 -0.5814296 0.7577338 0.2962756 -0.5680844 0.740342 0.3594078 -0.552202 0.7196436 0.4209348 -0.5338533 0.6957312 0.4805818 -0.5131203 0.6687114 0.5380824 -0.4900956 0.638705 0.5931797 -0.464882 0.605846 0.6456279 -0.4375921 0.5702812 0.6951924 -0.4083479 0.5321693 0.7416521 -0.3772798 0.4916806 0.7847994 -0.3445268 0.448996 0.8244416 -0.310235 0.4043061 0.8604016 -0.2745576 0.3578104 0.8925188 -0.2376539 0.3097166 0.9206499 -0.1996889 0.2602396 0.9446691 -0.160832 0.2096003 0.9644692 -0.1212567 0.1580249 0.9799617 -0.08113996 0.1057437 0.9910775 -0.04066078 0.05299016 0.9977669 -0.04403944 0.05021736 -0.9977669 -0.0878822 0.1002104 -0.9910775 -0.1313324 0.149756 -0.9799617 -0.1741961 0.1986326 -0.9644692 -0.2162818 0.2466221 -0.9446691 -0.2574015 0.2935102 -0.9206499 -0.2973716 0.3390874 -0.8925188 -0.3360136 0.3831501 -0.8604016 -0.3731548 0.4255016 -0.8244416 -0.4086295 0.4659526 -0.7847994 -0.4422791 0.5043227 -0.7416521 -0.4739534 0.5404403 -0.6951924 -0.5035109 0.5741441 -0.6456279 -0.5308196 0.6052837 -0.5931797 -0.5557575 0.63372 -0.5380824 -0.5782133 0.6593259 -0.4805818 -0.5980866 0.6819871 -0.4209348 -0.6152887 0.7016023 -0.3594078 -0.6297428 0.7180841 -0.2962756 -0.6413844 0.7313587 -0.2318202 -0.6501613 0.7413669 -0.1663294 -0.6560345 0.7480639 -0.1000957 -0.6589776 0.75142 -0.03341498 -0.6589776 0.75142 0.03341498 -0.6560345 0.7480639 0.1000957 -0.6501613 0.7413669 0.1663294 -0.6413844 0.7313587 0.2318202 -0.6297428 0.7180841 0.2962756 -0.6152887 0.7016023 0.3594078 -0.5980866 0.6819871 0.4209348 -0.5782133 0.6593259 0.4805818 -0.5557575 0.63372 0.5380824 -0.5308196 0.6052837 0.5931797 -0.5035109 0.5741441 0.6456279 -0.4739534 0.5404403 0.6951924 -0.4422791 0.5043227 0.7416521 -0.4086295 0.4659526 0.7847994 -0.3731548 0.4255016 0.8244416 -0.3360136 0.3831501 0.8604016 -0.2973716 0.3390874 0.8925188 -0.2574015 0.2935102 0.9206499 -0.2162818 0.2466221 0.9446691 -0.1741961 0.1986326 0.9644692 -0.1313324 0.149756 0.9799617 -0.0878822 0.1002104 0.9910775 -0.04403944 0.05021736 0.9977669 -0.04722952 0.04722952 -0.9977669 -0.09424811 0.09424811 -0.9910775 -0.1408458 0.1408458 -0.9799617 -0.1868144 0.1868144 -0.9644692 -0.2319486 0.2319486 -0.9446691 -0.2760469 0.2760469 -0.9206499 -0.3189123 0.3189123 -0.8925188 -0.3603534 0.3603534 -0.8604016 -0.400185 0.400185 -0.8244416 -0.4382293 0.4382293 -0.7847994 -0.4743164 0.4743164 -0.7416521 -0.5082851 0.5082851 -0.6951924 -0.5399836 0.5399836 -0.6456279 -0.5692705 0.5692705 -0.5931797 -0.5960148 0.5960148 -0.5380824 -0.6200972 0.6200972 -0.4805818 -0.6414101 0.6414101 -0.4209348 -0.6598583 0.6598583 -0.3594078 -0.6753595 0.6753595 -0.2962756 -0.6878442 0.6878442 -0.2318202 -0.697257 0.697257 -0.1663294 -0.7035556 0.7035556 -0.1000957 -0.7067119 0.7067119 -0.03341498 -0.7067119 0.7067119 0.03341498 -0.7035556 0.7035556 0.1000957 -0.697257 0.697257 0.1663294 -0.6878442 0.6878442 0.2318202 -0.6753595 0.6753595 0.2962756 -0.6598583 0.6598583 0.3594078 -0.6414101 0.6414101 0.4209348 -0.6200972 0.6200972 0.4805818 -0.5960148 0.5960148 0.5380824 -0.5692705 0.5692705 0.5931797 -0.5399836 0.5399836 0.6456279 -0.5082851 0.5082851 0.6951924 -0.4743164 0.4743164 0.7416521 -0.4382293 0.4382293 0.7847994 -0.400185 0.400185 0.8244416 -0.3603534 0.3603534 0.8604016 -0.3189123 0.3189123 0.8925188 -0.2760469 0.2760469 0.9206499 -0.2319486 0.2319486 0.9446691 -0.1868144 0.1868144 0.9644692 -0.1408458 0.1408458 0.9799617 -0.09424811 0.09424811 0.9910775 -0.04722952 0.04722952 0.9977669 -0.05021736 0.04403944 -0.9977669 -0.1002104 0.0878822 -0.9910775 -0.149756 0.1313324 -0.9799617 -0.1986326 0.1741961 -0.9644692 -0.2466221 0.2162818 -0.9446691 -0.2935102 0.2574015 -0.9206499 -0.3390874 0.2973716 -0.8925188 -0.3831501 0.3360136 -0.8604016 -0.4255016 0.3731548 -0.8244416 -0.4659526 0.4086295 -0.7847994 -0.5043227 0.4422791 -0.7416521 -0.5404403 0.4739534 -0.6951924 -0.5741441 0.5035109 -0.6456279 -0.6052837 0.5308196 -0.5931797 -0.63372 0.5557575 -0.5380824 -0.6593259 0.5782133 -0.4805818 -0.6819871 0.5980866 -0.4209348 -0.7016023 0.6152887 -0.3594078 -0.7180841 0.6297428 -0.2962756 -0.7313587 0.6413844 -0.2318202 -0.7413669 0.6501613 -0.1663294 -0.7480639 0.6560345 -0.1000957 -0.75142 0.6589776 -0.03341498 -0.75142 0.6589776 0.03341498 -0.7480639 0.6560345 0.1000957 -0.7413669 0.6501613 0.1663294 -0.7313587 0.6413844 0.2318202 -0.7180841 0.6297428 0.2962756 -0.7016023 0.6152887 0.3594078 -0.6819871 0.5980866 0.4209348 -0.6593259 0.5782133 0.4805818 -0.63372 0.5557575 0.5380824 -0.6052837 0.5308196 0.5931797 -0.5741441 0.5035109 0.6456279 -0.5404403 0.4739534 0.6951924 -0.5043227 0.4422791 0.7416521 -0.4659526 0.4086295 0.7847994 -0.4255016 0.3731548 0.8244416 -0.3831501 0.3360136 0.8604016 -0.3390874 0.2973716 0.8925188 -0.2935102 0.2574015 0.9206499 -0.2466221 0.2162818 0.9446691 -0.1986326 0.1741961 0.9644692 -0.149756 0.1313324 0.9799617 -0.1002104 0.0878822 0.9910775 -0.05021736 0.04403944 0.9977669 -0.05299016 0.04066078 -0.9977669 -0.1057437 0.08113996 -0.9910775 -0.1580249 0.1212567 -0.9799617 -0.2096003 0.160832 -0.9644692 -0.2602396 0.1996889 -0.9446691 -0.3097166 0.2376539 -0.9206499 -0.3578104 0.2745576 -0.8925188 -0.4043061 0.310235 -0.8604016 -0.448996 0.3445268 -0.8244416 -0.4916806 0.3772798 -0.7847994 -0.5321693 0.4083479 -0.7416521 -0.5702812 0.4375921 -0.6951924 -0.605846 0.464882 -0.6456279 -0.638705 0.4900956 -0.5931797 -0.6687114 0.5131203 -0.5380824 -0.6957312 0.5338533 -0.4805818 -0.7196436 0.552202 -0.4209348 -0.740342 0.5680844 -0.3594078 -0.7577338 0.5814296 -0.2962756 -0.7717413 0.592178 -0.2318202 -0.7823021 0.6002815 -0.1663294 -0.789369 0.6057041 -0.1000957 -0.7929103 0.6084215 -0.03341498 -0.7929103 0.6084215 0.03341498 -0.789369 0.6057041 0.1000957 -0.7823021 0.6002815 0.1663294 -0.7717413 0.592178 0.2318202 -0.7577338 0.5814296 0.2962756 -0.740342 0.5680844 0.3594078 -0.7196436 0.552202 0.4209348 -0.6957312 0.5338533 0.4805818 -0.6687114 0.5131203 0.5380824 -0.638705 0.4900956 0.5931797 -0.605846 0.464882 0.6456279 -0.5702812 0.4375921 0.6951924 -0.5321693 0.4083479 0.7416521 -0.4916806 0.3772798 0.7847994 -0.448996 0.3445268 0.8244416 -0.4043061 0.310235 0.8604016 -0.3578104 0.2745576 0.8925188 -0.3097166 0.2376539 0.9206499 -0.2602396 0.1996889 0.9446691 -0.2096003 0.160832 0.9644692 -0.1580249 0.1212567 0.9799617 -0.1057437 0.08113996 0.9910775 -0.05299016 0.04066078 0.9977669 -0.05553605 0.037108 -0.9977669 -0.1108241 0.07405026 -0.9910775 -0.1656171 0.1106618 -0.9799617 -0.2196704 0.1467791 -0.9644692 -0.2727427 0.1822408 -0.9446691 -0.3245968 0.2168887 -0.9206499 -0.3750012 0.2505678 -0.8925188 -0.4237308 0.2831278 -0.8604016 -0.4705678 0.3144234 -0.8244416 -0.5153032 0.3443146 -0.7847994 -0.5577371 0.372668 -0.7416521 -0.59768 0.399357 -0.6951924 -0.6349536 0.4242624 -0.6456279 -0.6693913 0.447273 -0.5931797 -0.7008393 0.4682859 -0.5380824 -0.7291572 0.4872073 -0.4805818 -0.7542185 0.5039527 -0.4209348 -0.7759113 0.5184474 -0.3594078 -0.7941387 0.5306265 -0.2962756 -0.8088193 0.5404358 -0.2318202 -0.8198875 0.5478313 -0.1663294 -0.8272938 0.5527801 -0.1000957 -0.8310053 0.55526 -0.03341498 -0.8310053 0.55526 0.03341498 -0.8272938 0.5527801 0.1000957 -0.8198875 0.5478313 0.1663294 -0.8088193 0.5404358 0.2318202 -0.7941387 0.5306265 0.2962756 -0.7759113 0.5184474 0.3594078 -0.7542185 0.5039527 0.4209348 -0.7291572 0.4872073 0.4805818 -0.7008393 0.4682859 0.5380824 -0.6693913 0.447273 0.5931797 -0.6349536 0.4242624 0.6456279 -0.59768 0.399357 0.6951924 -0.5577371 0.372668 0.7416521 -0.5153032 0.3443146 0.7847994 -0.4705678 0.3144234 0.8244416 -0.4237308 0.2831278 0.8604016 -0.3750012 0.2505678 0.8925188 -0.3245968 0.2168887 0.9206499 -0.2727427 0.1822408 0.9446691 -0.2196704 0.1467791 0.9644692 -0.1656171 0.1106618 0.9799617 -0.1108241 0.07405026 0.9910775 -0.05553605 0.037108 0.9977669 -0.05784412 0.03339632 -0.9977669 -0.1154299 0.06664348 -0.9910775 -0.1725001 0.09959299 -0.9799617 -0.2287999 0.1320977 -0.9644692 -0.2840779 0.1640124 -0.9446691 -0.338087 0.1951946 -0.9206499 -0.3905862 0.2255051 -0.8925188 -0.441341 0.2548083 -0.8604016 -0.4901246 0.2829735 -0.8244416 -0.5367191 0.3098749 -0.7847994 -0.5809166 0.3353924 -0.7416521 -0.6225196 0.3594118 -0.6951924 -0.6613422 0.3818261 -0.6456279 -0.6972111 0.402535 -0.5931797 -0.7299661 0.4214461 -0.5380824 -0.7594609 0.438475 -0.4805818 -0.7855638 0.4535455 -0.4209348 -0.8081581 0.4665903 -0.3594078 -0.827143 0.4775512 -0.2962756 -0.8424337 0.4863793 -0.2318202 -0.8539619 0.4930351 -0.1663294 -0.8616761 0.4974889 -0.1000957 -0.8655418 0.4997208 -0.03341498 -0.8655418 0.4997208 0.03341498 -0.8616761 0.4974889 0.1000957 -0.8539619 0.4930351 0.1663294 -0.8424337 0.4863793 0.2318202 -0.827143 0.4775512 0.2962756 -0.8081581 0.4665903 0.3594078 -0.7855638 0.4535455 0.4209348 -0.7594609 0.438475 0.4805818 -0.7299661 0.4214461 0.5380824 -0.6972111 0.402535 0.5931797 -0.6613422 0.3818261 0.6456279 -0.6225196 0.3594118 0.6951924 -0.5809166 0.3353924 0.7416521 -0.5367191 0.3098749 0.7847994 -0.4901246 0.2829735 0.8244416 -0.441341 0.2548083 0.8604016 -0.3905862 0.2255051 0.8925188 -0.338087 0.1951946 0.9206499 -0.2840779 0.1640124 0.9446691 -0.2287999 0.1320977 0.9644692 -0.1725001 0.09959299 0.9799617 -0.1154299 0.06664348 0.9910775 -0.05784412 0.03339632 0.9977669 -0.05990449 0.02954163 -0.9977669 -0.1195414 0.05895131 -0.9910775 -0.1786445 0.08809771 -0.9799617 -0.2369497 0.1168506 -0.9644692 -0.2941966 0.1450817 -0.9446691 -0.3501295 0.1726648 -0.9206499 -0.4044987 0.1994767 -0.8925188 -0.4570613 0.2253977 -0.8604016 -0.5075825 0.250312 -0.8244416 -0.5558368 0.2741084 -0.7847994 -0.6016085 0.2966805 -0.7416521 -0.6446934 0.3179276 -0.6951924 -0.6848988 0.3377547 -0.6456279 -0.7220454 0.3560734 -0.5931797 -0.7559671 0.3728017 -0.5380824 -0.7865125 0.387865 -0.4805818 -0.8135451 0.4011961 -0.4209348 -0.8369443 0.4127352 -0.3594078 -0.8566054 0.422431 -0.2962756 -0.8724407 0.4302402 -0.2318202 -0.8843795 0.4361277 -0.1663294 -0.8923685 0.4400674 -0.1000957 -0.8963719 0.4420417 -0.03341498 -0.8963719 0.4420417 0.03341498 -0.8923685 0.4400674 0.1000957 -0.8843795 0.4361277 0.1663294 -0.8724407 0.4302402 0.2318202 -0.8566054 0.422431 0.2962756 -0.8369443 0.4127352 0.3594078 -0.8135451 0.4011961 0.4209348 -0.7865125 0.387865 0.4805818 -0.7559671 0.3728017 0.5380824 -0.7220454 0.3560734 0.5931797 -0.6848988 0.3377547 0.6456279 -0.6446934 0.3179276 0.6951924 -0.6016085 0.2966805 0.7416521 -0.5558368 0.2741084 0.7847994 -0.5075825 0.250312 0.8244416 -0.4570613 0.2253977 0.8604016 -0.4044987 0.1994767 0.8925188 -0.3501295 0.1726648 0.9206499 -0.2941966 0.1450817 0.9446691 -0.2369497 0.1168506 0.9644692 -0.1786445 0.08809771 0.9799617 -0.1195414 0.05895131 0.9910775 -0.05990449 0.02954163 0.9977669 -0.06170835 0.02556043 -0.9977669 -0.1231411 0.05100671 -0.9910775 -0.1840239 0.07622518 -0.9799617 -0.2440847 0.1011032 -0.9644692 -0.3030555 0.1255297 -0.9446691 -0.3606727 0.1493955 -0.9206499 -0.416679 0.1725941 -0.8925188 -0.4708244 0.1950218 -0.8604016 -0.5228669 0.2165786 -0.8244416 -0.5725742 0.237168 -0.7847994 -0.6197243 0.2566982 -0.7416521 -0.6641065 0.2750819 -0.6951924 -0.7055226 0.292237 -0.6456279 -0.7437877 0.308087 -0.5931797 -0.7787309 0.3225609 -0.5380824 -0.8101961 0.3355942 -0.4805818 -0.8380427 0.3471287 -0.4209348 -0.8621465 0.3571128 -0.3594078 -0.8823996 0.3655019 -0.2962756 -0.8987118 0.3722586 -0.2318202 -0.9110101 0.3773527 -0.1663294 -0.9192396 0.3807615 -0.1000957 -0.9233636 0.3824697 -0.03341498 -0.9233636 0.3824697 0.03341498 -0.9192396 0.3807615 0.1000957 -0.9110101 0.3773527 0.1663294 -0.8987118 0.3722586 0.2318202 -0.8823996 0.3655019 0.2962756 -0.8621465 0.3571128 0.3594078 -0.8380427 0.3471287 0.4209348 -0.8101961 0.3355942 0.4805818 -0.7787309 0.3225609 0.5380824 -0.7437877 0.308087 0.5931797 -0.7055226 0.292237 0.6456279 -0.6641065 0.2750819 0.6951924 -0.6197243 0.2566982 0.7416521 -0.5725742 0.237168 0.7847994 -0.5228669 0.2165786 0.8244416 -0.4708244 0.1950218 0.8604016 -0.416679 0.1725941 0.8925188 -0.3606727 0.1493955 0.9206499 -0.3030555 0.1255297 0.9446691 -0.2440847 0.1011032 0.9644692 -0.1840239 0.07622518 0.9799617 -0.1231411 0.05100671 0.9910775 -0.06170835 0.02556043 0.9977669 -0.06324796 0.02146979 -0.9977669 -0.1262134 0.04284369 -0.9910775 -0.1886152 0.06402624 -0.9799617 -0.2501746 0.08492283 -0.9644692 -0.3106166 0.1054401 -0.9446691 -0.3696714 0.1254865 -0.9206499 -0.4270751 0.1449725 -0.8925188 -0.4825714 0.1638109 -0.8604016 -0.5359124 0.1819177 -0.8244416 -0.5868598 0.1992121 -0.7847994 -0.6351863 0.2156167 -0.7416521 -0.6806758 0.2310583 -0.6951924 -0.7231253 0.245468 -0.6456279 -0.7623451 0.2587813 -0.5931797 -0.7981601 0.2709388 -0.5380824 -0.8304103 0.2818863 -0.4805818 -0.8589517 0.2915748 -0.4209348 -0.8836568 0.2999611 -0.3594078 -0.9044153 0.3070076 -0.2962756 -0.9211345 0.312683 -0.2318202 -0.9337396 0.3169619 -0.1663294 -0.9421745 0.3198251 -0.1000957 -0.9464013 0.32126 -0.03341498 -0.9464013 0.32126 0.03341498 -0.9421745 0.3198251 0.1000957 -0.9337396 0.3169619 0.1663294 -0.9211345 0.312683 0.2318202 -0.9044153 0.3070076 0.2962756 -0.8836568 0.2999611 0.3594078 -0.8589517 0.2915748 0.4209348 -0.8304103 0.2818863 0.4805818 -0.7981601 0.2709388 0.5380824 -0.7623451 0.2587813 0.5931797 -0.7231253 0.245468 0.6456279 -0.6806758 0.2310583 0.6951924 -0.6351863 0.2156167 0.7416521 -0.5868598 0.1992121 0.7847994 -0.5359124 0.1819177 0.8244416 -0.4825714 0.1638109 0.8604016 -0.4270751 0.1449725 0.8925188 -0.3696714 0.1254865 0.9206499 -0.3106166 0.1054401 0.9446691 -0.2501746 0.08492283 0.9644692 -0.1886152 0.06402624 0.9799617 -0.1262134 0.04284369 0.9910775 -0.06324796 0.02146979 0.9977669 -0.06451673 0.01728721 -0.9977669 -0.1287453 0.0344972 -0.9910775 -0.1923989 0.05155313 -0.9799617 -0.2551932 0.0683788 -0.9644692 -0.3168477 0.08489908 -0.9446691 -0.3770871 0.1010402 -0.9206499 -0.4356423 0.11673 -0.8925188 -0.4922519 0.1318985 -0.8604016 -0.5466629 0.1464779 -0.8244416 -0.5986324 0.1604031 -0.7847994 -0.6479283 0.1736119 -0.7416521 -0.6943304 0.1860453 -0.6951924 -0.7376314 0.1976477 -0.6456279 -0.777638 0.2083675 -0.5931797 -0.8141714 0.2181566 -0.5380824 -0.8470686 0.2269713 -0.4805818 -0.8761825 0.2347724 -0.4209348 -0.9013833 0.2415249 -0.3594078 -0.9225582 0.2471987 -0.2962756 -0.9396127 0.2517685 -0.2318202 -0.9524707 0.2552138 -0.1663294 -0.9610748 0.2575192 -0.1000957 -0.9653864 0.2586745 -0.03341498 -0.9653864 0.2586745 0.03341498 -0.9610748 0.2575192 0.1000957 -0.9524707 0.2552138 0.1663294 -0.9396127 0.2517685 0.2318202 -0.9225582 0.2471987 0.2962756 -0.9013833 0.2415249 0.3594078 -0.8761825 0.2347724 0.4209348 -0.8470686 0.2269713 0.4805818 -0.8141714 0.2181566 0.5380824 -0.777638 0.2083675 0.5931797 -0.7376314 0.1976477 0.6456279 -0.6943304 0.1860453 0.6951924 -0.6479283 0.1736119 0.7416521 -0.5986324 0.1604031 0.7847994 -0.5466629 0.1464779 0.8244416 -0.4922519 0.1318985 0.8604016 -0.4356423 0.11673 0.8925188 -0.3770871 0.1010402 0.9206499 -0.3168477 0.08489908 0.9446691 -0.2551932 0.0683788 0.9644692 -0.1923989 0.05155313 0.9799617 -0.1287453 0.0344972 0.9910775 -0.06451673 0.01728721 0.9977669 -0.06550923 0.0130306 -0.9977669 -0.1307259 0.026003 -0.9910775 -0.1953587 0.03885926 -0.9799617 -0.259119 0.05154197 -0.9644692 -0.321722 0.06399448 -0.9446691 -0.3828881 0.07616117 -0.9206499 -0.4423441 0.08798771 -0.8925188 -0.4998245 0.09942127 -0.8604016 -0.5550726 0.1104108 -0.8244416 -0.6078416 0.1209072 -0.7847994 -0.6578958 0.1308636 -0.7416521 -0.7050117 0.1402355 -0.6951924 -0.7489788 0.1489812 -0.6456279 -0.7896009 0.1570614 -0.5931797 -0.8266963 0.1644401 -0.5380824 -0.8600996 0.1710844 -0.4805818 -0.8896614 0.1769647 -0.4209348 -0.9152498 0.1820545 -0.3594078 -0.9367505 0.1863313 -0.2962756 -0.9540674 0.1897758 -0.2318202 -0.9671232 0.1923728 -0.1663294 -0.9758596 0.1941105 -0.1000957 -0.9802376 0.1949814 -0.03341498 -0.9802376 0.1949814 0.03341498 -0.9758596 0.1941105 0.1000957 -0.9671232 0.1923728 0.1663294 -0.9540674 0.1897758 0.2318202 -0.9367505 0.1863313 0.2962756 -0.9152498 0.1820545 0.3594078 -0.8896614 0.1769647 0.4209348 -0.8600996 0.1710844 0.4805818 -0.8266963 0.1644401 0.5380824 -0.7896009 0.1570614 0.5931797 -0.7489788 0.1489812 0.6456279 -0.7050117 0.1402355 0.6951924 -0.6578958 0.1308636 0.7416521 -0.6078416 0.1209072 0.7847994 -0.5550726 0.1104108 0.8244416 -0.4998245 0.09942127 0.8604016 -0.4423441 0.08798771 0.8925188 -0.3828881 0.07616117 0.9206499 -0.321722 0.06399448 0.9446691 -0.259119 0.05154197 0.9644692 -0.1953587 0.03885926 0.9799617 -0.1307259 0.026003 0.9910775 -0.06550923 0.0130306 0.9977669 -0.06622121 0.008718188 -0.9977669 -0.1321467 0.01739744 -0.9910775 -0.1974819 0.02599899 -0.9799617 -0.2619352 0.03448442 -0.9644692 -0.3252186 0.04281584 -0.9446691 -0.3870494 0.05095603 -0.9206499 -0.4471517 0.05886863 -0.8925188 -0.5052568 0.06651832 -0.8604016 -0.5611053 0.07387092 -0.8244416 -0.6144478 0.08089359 -0.7847994 -0.6650461 0.08755498 -0.7416521 -0.712674 0.09382532 -0.6951924 -0.757119 0.09967661 -0.6456279 -0.7981826 0.1050827 -0.5931797 -0.8356812 0.1100195 -0.5380824 -0.8694475 0.1144649 -0.4805818 -0.8993306 0.1183991 -0.4209348 -0.9251971 0.1218045 -0.3594078 -0.9469315 0.1246659 -0.2962756 -0.9644366 0.1269705 -0.2318202 -0.9776343 0.128708 -0.1663294 -0.9864656 0.1298707 -0.1000957 -0.9908912 0.1304533 -0.03341498 -0.9908912 0.1304533 0.03341498 -0.9864656 0.1298707 0.1000957 -0.9776343 0.128708 0.1663294 -0.9644366 0.1269705 0.2318202 -0.9469315 0.1246659 0.2962756 -0.9251971 0.1218045 0.3594078 -0.8993306 0.1183991 0.4209348 -0.8694475 0.1144649 0.4805818 -0.8356812 0.1100195 0.5380824 -0.7981826 0.1050827 0.5931797 -0.757119 0.09967661 0.6456279 -0.712674 0.09382532 0.6951924 -0.6650461 0.08755498 0.7416521 -0.6144478 0.08089359 0.7847994 -0.5611053 0.07387092 0.8244416 -0.5052568 0.06651832 0.8604016 -0.4471517 0.05886863 0.8925188 -0.3870494 0.05095603 0.9206499 -0.3252186 0.04281584 0.9446691 -0.2619352 0.03448442 0.9644692 -0.1974819 0.02599899 0.9799617 -0.1321467 0.01739744 0.9910775 -0.06622121 0.008718188 0.9977669 -0.06664963 0.004368447 -0.9977669 -0.1330016 0.008717384 -0.9910775 -0.1987595 0.01302739 -0.9799617 -0.2636297 0.01727921 -0.9644692 -0.3273225 0.02145385 -0.9446691 -0.3895534 0.02553268 -0.9206499 -0.4500445 0.02949747 -0.8925188 -0.5085255 0.03333052 -0.8604016 -0.5647354 0.03701471 -0.8244416 -0.618423 0.04053358 -0.7847994 -0.6693485 0.04387142 -0.7416521 -0.7172846 0.04701332 -0.6951924 -0.7620172 0.04994524 -0.6456279 -0.8033463 0.0526541 -0.5931797 -0.8410876 0.05512779 -0.5380824 -0.8750723 0.05735527 -0.4805818 -0.9051488 0.05932658 -0.4209348 -0.9311826 0.06103293 -0.3594078 -0.9530575 0.06246669 -0.2962756 -0.9706759 0.06362146 -0.2318202 -0.983959 0.06449208 -0.1663294 -0.9928475 0.06507466 -0.1000957 -0.9973017 0.06536661 -0.03341498 -0.9973017 0.06536661 0.03341498 -0.9928475 0.06507466 0.1000957 -0.983959 0.06449208 0.1663294 -0.9706759 0.06362146 0.2318202 -0.9530575 0.06246669 0.2962756 -0.9311826 0.06103293 0.3594078 -0.9051488 0.05932658 0.4209348 -0.8750723 0.05735527 0.4805818 -0.8410876 0.05512779 0.5380824 -0.8033463 0.0526541 0.5931797 -0.7620172 0.04994524 0.6456279 -0.7172846 0.04701332 0.6951924 -0.6693485 0.04387142 0.7416521 -0.618423 0.04053358 0.7847994 -0.5647354 0.03701471 0.8244416 -0.5085255 0.03333052 0.8604016 -0.4500445 0.02949747 0.8925188 -0.3895534 0.02553268 0.9206499 -0.3273225 0.02145385 0.9446691 -0.2636297 0.01727921 0.9644692 -0.1987595 0.01302739 0.9799617 -0.1330016 0.008717384 0.9910775 -0.06664963 0.004368447 0.9977669 -0.06679263 8.179739e-18 -0.9977669 -0.133287 1.632294e-17 -0.9910775 -0.199186 2.439325e-17 -0.9799617 -0.2641954 3.235461e-17 -0.9644692 -0.3280249 4.017146e-17 -0.9446691 -0.3903893 4.78089e-17 -0.9206499 -0.4510101 5.523281e-17 -0.8925188 -0.5096166 6.241004e-17 -0.8604016 -0.5659471 6.930853e-17 -0.8244416 -0.6197499 7.589747e-17 -0.7847994 -0.6707847 8.214744e-17 -0.7416521 -0.7188237 8.803051e-17 -0.6951924 -0.7636522 9.352042e-17 -0.6456279 -0.8050701 9.859265e-17 -0.5931797 -0.8428923 1.032245e-16 -0.5380824 -0.8769499 1.073954e-16 -0.4805818 -0.9070909 1.110866e-16 -0.4209348 -0.9331806 1.142817e-16 -0.3594078 -0.9551025 1.169663e-16 -0.2962756 -0.9727587 1.191286e-16 -0.2318202 -0.9860703 1.207588e-16 -0.1663294 -0.9949778 1.218496e-16 -0.1000957 -0.9994416 1.223963e-16 -0.03341498 -0.9994416 1.223963e-16 0.03341498 -0.9949778 1.218496e-16 0.1000957 -0.9860703 1.207588e-16 0.1663294 -0.9727587 1.191286e-16 0.2318202 -0.9551025 1.169663e-16 0.2962756 -0.9331806 1.142817e-16 0.3594078 -0.9070909 1.110866e-16 0.4209348 -0.8769499 1.073954e-16 0.4805818 -0.8428923 1.032245e-16 0.5380824 -0.8050701 9.859265e-17 0.5931797 -0.7636522 9.352042e-17 0.6456279 -0.7188237 8.803051e-17 0.6951924 -0.6707847 8.214744e-17 0.7416521 -0.6197499 7.589747e-17 0.7847994 -0.5659471 6.930853e-17 0.8244416 -0.5096166 6.241004e-17 0.8604016 -0.4510101 5.523281e-17 0.8925188 -0.3903893 4.78089e-17 0.9206499 -0.3280249 4.017146e-17 0.9446691 -0.2641954 3.235461e-17 0.9644692 -0.199186 2.439325e-17 0.9799617 -0.133287 1.632294e-17 0.9910775 -0.06679263 8.179739e-18 0.9977669 -0.06664963 -0.004368447 -0.9977669 -0.1330016 -0.008717384 -0.9910775 -0.1987595 -0.01302739 -0.9799617 -0.2636297 -0.01727921 -0.9644692 -0.3273225 -0.02145385 -0.9446691 -0.3895534 -0.02553268 -0.9206499 -0.4500445 -0.02949747 -0.8925188 -0.5085255 -0.03333052 -0.8604016 -0.5647354 -0.03701471 -0.8244416 -0.618423 -0.04053358 -0.7847994 -0.6693485 -0.04387142 -0.7416521 -0.7172846 -0.04701332 -0.6951924 -0.7620172 -0.04994524 -0.6456279 -0.8033463 -0.0526541 -0.5931797 -0.8410876 -0.05512779 -0.5380824 -0.8750723 -0.05735527 -0.4805818 -0.9051488 -0.05932658 -0.4209348 -0.9311826 -0.06103293 -0.3594078 -0.9530575 -0.06246669 -0.2962756 -0.9706759 -0.06362146 -0.2318202 -0.983959 -0.06449208 -0.1663294 -0.9928475 -0.06507466 -0.1000957 -0.9973017 -0.06536661 -0.03341498 -0.9973017 -0.06536661 0.03341498 -0.9928475 -0.06507466 0.1000957 -0.983959 -0.06449208 0.1663294 -0.9706759 -0.06362146 0.2318202 -0.9530575 -0.06246669 0.2962756 -0.9311826 -0.06103293 0.3594078 -0.9051488 -0.05932658 0.4209348 -0.8750723 -0.05735527 0.4805818 -0.8410876 -0.05512779 0.5380824 -0.8033463 -0.0526541 0.5931797 -0.7620172 -0.04994524 0.6456279 -0.7172846 -0.04701332 0.6951924 -0.6693485 -0.04387142 0.7416521 -0.618423 -0.04053358 0.7847994 -0.5647354 -0.03701471 0.8244416 -0.5085255 -0.03333052 0.8604016 -0.4500445 -0.02949747 0.8925188 -0.3895534 -0.02553268 0.9206499 -0.3273225 -0.02145385 0.9446691 -0.2636297 -0.01727921 0.9644692 -0.1987595 -0.01302739 0.9799617 -0.1330016 -0.008717384 0.9910775 -0.06664963 -0.004368447 0.9977669 -0.06622121 -0.008718188 -0.9977669 -0.1321467 -0.01739744 -0.9910775 -0.1974819 -0.02599899 -0.9799617 -0.2619352 -0.03448442 -0.9644692 -0.3252186 -0.04281584 -0.9446691 -0.3870494 -0.05095603 -0.9206499 -0.4471517 -0.05886863 -0.8925188 -0.5052568 -0.06651832 -0.8604016 -0.5611053 -0.07387092 -0.8244416 -0.6144478 -0.08089359 -0.7847994 -0.6650461 -0.08755498 -0.7416521 -0.712674 -0.09382532 -0.6951924 -0.757119 -0.09967661 -0.6456279 -0.7981826 -0.1050827 -0.5931797 -0.8356812 -0.1100195 -0.5380824 -0.8694475 -0.1144649 -0.4805818 -0.8993306 -0.1183991 -0.4209348 -0.9251971 -0.1218045 -0.3594078 -0.9469315 -0.1246659 -0.2962756 -0.9644366 -0.1269705 -0.2318202 -0.9776343 -0.128708 -0.1663294 -0.9864656 -0.1298707 -0.1000957 -0.9908912 -0.1304533 -0.03341498 -0.9908912 -0.1304533 0.03341498 -0.9864656 -0.1298707 0.1000957 -0.9776343 -0.128708 0.1663294 -0.9644366 -0.1269705 0.2318202 -0.9469315 -0.1246659 0.2962756 -0.9251971 -0.1218045 0.3594078 -0.8993306 -0.1183991 0.4209348 -0.8694475 -0.1144649 0.4805818 -0.8356812 -0.1100195 0.5380824 -0.7981826 -0.1050827 0.5931797 -0.757119 -0.09967661 0.6456279 -0.712674 -0.09382532 0.6951924 -0.6650461 -0.08755498 0.7416521 -0.6144478 -0.08089359 0.7847994 -0.5611053 -0.07387092 0.8244416 -0.5052568 -0.06651832 0.8604016 -0.4471517 -0.05886863 0.8925188 -0.3870494 -0.05095603 0.9206499 -0.3252186 -0.04281584 0.9446691 -0.2619352 -0.03448442 0.9644692 -0.1974819 -0.02599899 0.9799617 -0.1321467 -0.01739744 0.9910775 -0.06622121 -0.008718188 0.9977669 -0.06550923 -0.0130306 -0.9977669 -0.1307259 -0.026003 -0.9910775 -0.1953587 -0.03885926 -0.9799617 -0.259119 -0.05154197 -0.9644692 -0.321722 -0.06399448 -0.9446691 -0.3828881 -0.07616117 -0.9206499 -0.4423441 -0.08798771 -0.8925188 -0.4998245 -0.09942127 -0.8604016 -0.5550726 -0.1104108 -0.8244416 -0.6078416 -0.1209072 -0.7847994 -0.6578958 -0.1308636 -0.7416521 -0.7050117 -0.1402355 -0.6951924 -0.7489788 -0.1489812 -0.6456279 -0.7896009 -0.1570614 -0.5931797 -0.8266963 -0.1644401 -0.5380824 -0.8600996 -0.1710844 -0.4805818 -0.8896614 -0.1769647 -0.4209348 -0.9152498 -0.1820545 -0.3594078 -0.9367505 -0.1863313 -0.2962756 -0.9540674 -0.1897758 -0.2318202 -0.9671232 -0.1923728 -0.1663294 -0.9758596 -0.1941105 -0.1000957 -0.9802376 -0.1949814 -0.03341498 -0.9802376 -0.1949814 0.03341498 -0.9758596 -0.1941105 0.1000957 -0.9671232 -0.1923728 0.1663294 -0.9540674 -0.1897758 0.2318202 -0.9367505 -0.1863313 0.2962756 -0.9152498 -0.1820545 0.3594078 -0.8896614 -0.1769647 0.4209348 -0.8600996 -0.1710844 0.4805818 -0.8266963 -0.1644401 0.5380824 -0.7896009 -0.1570614 0.5931797 -0.7489788 -0.1489812 0.6456279 -0.7050117 -0.1402355 0.6951924 -0.6578958 -0.1308636 0.7416521 -0.6078416 -0.1209072 0.7847994 -0.5550726 -0.1104108 0.8244416 -0.4998245 -0.09942127 0.8604016 -0.4423441 -0.08798771 0.8925188 -0.3828881 -0.07616117 0.9206499 -0.321722 -0.06399448 0.9446691 -0.259119 -0.05154197 0.9644692 -0.1953587 -0.03885926 0.9799617 -0.1307259 -0.026003 0.9910775 -0.06550923 -0.0130306 0.9977669 -0.06451673 -0.01728721 -0.9977669 -0.1287453 -0.0344972 -0.9910775 -0.1923989 -0.05155313 -0.9799617 -0.2551932 -0.0683788 -0.9644692 -0.3168477 -0.08489908 -0.9446691 -0.3770871 -0.1010402 -0.9206499 -0.4356423 -0.11673 -0.8925188 -0.4922519 -0.1318985 -0.8604016 -0.5466629 -0.1464779 -0.8244416 -0.5986324 -0.1604031 -0.7847994 -0.6479283 -0.1736119 -0.7416521 -0.6943304 -0.1860453 -0.6951924 -0.7376314 -0.1976477 -0.6456279 -0.777638 -0.2083675 -0.5931797 -0.8141714 -0.2181566 -0.5380824 -0.8470686 -0.2269713 -0.4805818 -0.8761825 -0.2347724 -0.4209348 -0.9013833 -0.2415249 -0.3594078 -0.9225582 -0.2471987 -0.2962756 -0.9396127 -0.2517685 -0.2318202 -0.9524707 -0.2552138 -0.1663294 -0.9610748 -0.2575192 -0.1000957 -0.9653864 -0.2586745 -0.03341498 -0.9653864 -0.2586745 0.03341498 -0.9610748 -0.2575192 0.1000957 -0.9524707 -0.2552138 0.1663294 -0.9396127 -0.2517685 0.2318202 -0.9225582 -0.2471987 0.2962756 -0.9013833 -0.2415249 0.3594078 -0.8761825 -0.2347724 0.4209348 -0.8470686 -0.2269713 0.4805818 -0.8141714 -0.2181566 0.5380824 -0.777638 -0.2083675 0.5931797 -0.7376314 -0.1976477 0.6456279 -0.6943304 -0.1860453 0.6951924 -0.6479283 -0.1736119 0.7416521 -0.5986324 -0.1604031 0.7847994 -0.5466629 -0.1464779 0.8244416 -0.4922519 -0.1318985 0.8604016 -0.4356423 -0.11673 0.8925188 -0.3770871 -0.1010402 0.9206499 -0.3168477 -0.08489908 0.9446691 -0.2551932 -0.0683788 0.9644692 -0.1923989 -0.05155313 0.9799617 -0.1287453 -0.0344972 0.9910775 -0.06451673 -0.01728721 0.9977669 -0.06324796 -0.02146979 -0.9977669 -0.1262134 -0.04284369 -0.9910775 -0.1886152 -0.06402624 -0.9799617 -0.2501746 -0.08492283 -0.9644692 -0.3106166 -0.1054401 -0.9446691 -0.3696714 -0.1254865 -0.9206499 -0.4270751 -0.1449725 -0.8925188 -0.4825714 -0.1638109 -0.8604016 -0.5359124 -0.1819177 -0.8244416 -0.5868598 -0.1992121 -0.7847994 -0.6351863 -0.2156167 -0.7416521 -0.6806758 -0.2310583 -0.6951924 -0.7231253 -0.245468 -0.6456279 -0.7623451 -0.2587813 -0.5931797 -0.7981601 -0.2709388 -0.5380824 -0.8304103 -0.2818863 -0.4805818 -0.8589517 -0.2915748 -0.4209348 -0.8836568 -0.2999611 -0.3594078 -0.9044153 -0.3070076 -0.2962756 -0.9211345 -0.312683 -0.2318202 -0.9337396 -0.3169619 -0.1663294 -0.9421745 -0.3198251 -0.1000957 -0.9464013 -0.32126 -0.03341498 -0.9464013 -0.32126 0.03341498 -0.9421745 -0.3198251 0.1000957 -0.9337396 -0.3169619 0.1663294 -0.9211345 -0.312683 0.2318202 -0.9044153 -0.3070076 0.2962756 -0.8836568 -0.2999611 0.3594078 -0.8589517 -0.2915748 0.4209348 -0.8304103 -0.2818863 0.4805818 -0.7981601 -0.2709388 0.5380824 -0.7623451 -0.2587813 0.5931797 -0.7231253 -0.245468 0.6456279 -0.6806758 -0.2310583 0.6951924 -0.6351863 -0.2156167 0.7416521 -0.5868598 -0.1992121 0.7847994 -0.5359124 -0.1819177 0.8244416 -0.4825714 -0.1638109 0.8604016 -0.4270751 -0.1449725 0.8925188 -0.3696714 -0.1254865 0.9206499 -0.3106166 -0.1054401 0.9446691 -0.2501746 -0.08492283 0.9644692 -0.1886152 -0.06402624 0.9799617 -0.1262134 -0.04284369 0.9910775 -0.06324796 -0.02146979 0.9977669 -0.06170835 -0.02556043 -0.9977669 -0.1231411 -0.05100671 -0.9910775 -0.1840239 -0.07622518 -0.9799617 -0.2440847 -0.1011032 -0.9644692 -0.3030555 -0.1255297 -0.9446691 -0.3606727 -0.1493955 -0.9206499 -0.416679 -0.1725941 -0.8925188 -0.4708244 -0.1950218 -0.8604016 -0.5228669 -0.2165786 -0.8244416 -0.5725742 -0.237168 -0.7847994 -0.6197243 -0.2566982 -0.7416521 -0.6641065 -0.2750819 -0.6951924 -0.7055226 -0.292237 -0.6456279 -0.7437877 -0.308087 -0.5931797 -0.7787309 -0.3225609 -0.5380824 -0.8101961 -0.3355942 -0.4805818 -0.8380427 -0.3471287 -0.4209348 -0.8621465 -0.3571128 -0.3594078 -0.8823996 -0.3655019 -0.2962756 -0.8987118 -0.3722586 -0.2318202 -0.9110101 -0.3773527 -0.1663294 -0.9192396 -0.3807615 -0.1000957 -0.9233636 -0.3824697 -0.03341498 -0.9233636 -0.3824697 0.03341498 -0.9192396 -0.3807615 0.1000957 -0.9110101 -0.3773527 0.1663294 -0.8987118 -0.3722586 0.2318202 -0.8823996 -0.3655019 0.2962756 -0.8621465 -0.3571128 0.3594078 -0.8380427 -0.3471287 0.4209348 -0.8101961 -0.3355942 0.4805818 -0.7787309 -0.3225609 0.5380824 -0.7437877 -0.308087 0.5931797 -0.7055226 -0.292237 0.6456279 -0.6641065 -0.2750819 0.6951924 -0.6197243 -0.2566982 0.7416521 -0.5725742 -0.237168 0.7847994 -0.5228669 -0.2165786 0.8244416 -0.4708244 -0.1950218 0.8604016 -0.416679 -0.1725941 0.8925188 -0.3606727 -0.1493955 0.9206499 -0.3030555 -0.1255297 0.9446691 -0.2440847 -0.1011032 0.9644692 -0.1840239 -0.07622518 0.9799617 -0.1231411 -0.05100671 0.9910775 -0.06170835 -0.02556043 0.9977669 -0.05990449 -0.02954163 -0.9977669 -0.1195414 -0.05895131 -0.9910775 -0.1786445 -0.08809771 -0.9799617 -0.2369497 -0.1168506 -0.9644692 -0.2941966 -0.1450817 -0.9446691 -0.3501295 -0.1726648 -0.9206499 -0.4044987 -0.1994767 -0.8925188 -0.4570613 -0.2253977 -0.8604016 -0.5075825 -0.250312 -0.8244416 -0.5558368 -0.2741084 -0.7847994 -0.6016085 -0.2966805 -0.7416521 -0.6446934 -0.3179276 -0.6951924 -0.6848988 -0.3377547 -0.6456279 -0.7220454 -0.3560734 -0.5931797 -0.7559671 -0.3728017 -0.5380824 -0.7865125 -0.387865 -0.4805818 -0.8135451 -0.4011961 -0.4209348 -0.8369443 -0.4127352 -0.3594078 -0.8566054 -0.422431 -0.2962756 -0.8724407 -0.4302402 -0.2318202 -0.8843795 -0.4361277 -0.1663294 -0.8923685 -0.4400674 -0.1000957 -0.8963719 -0.4420417 -0.03341498 -0.8963719 -0.4420417 0.03341498 -0.8923685 -0.4400674 0.1000957 -0.8843795 -0.4361277 0.1663294 -0.8724407 -0.4302402 0.2318202 -0.8566054 -0.422431 0.2962756 -0.8369443 -0.4127352 0.3594078 -0.8135451 -0.4011961 0.4209348 -0.7865125 -0.387865 0.4805818 -0.7559671 -0.3728017 0.5380824 -0.7220454 -0.3560734 0.5931797 -0.6848988 -0.3377547 0.6456279 -0.6446934 -0.3179276 0.6951924 -0.6016085 -0.2966805 0.7416521 -0.5558368 -0.2741084 0.7847994 -0.5075825 -0.250312 0.8244416 -0.4570613 -0.2253977 0.8604016 -0.4044987 -0.1994767 0.8925188 -0.3501295 -0.1726648 0.9206499 -0.2941966 -0.1450817 0.9446691 -0.2369497 -0.1168506 0.9644692 -0.1786445 -0.08809771 0.9799617 -0.1195414 -0.05895131 0.9910775 -0.05990449 -0.02954163 0.9977669 -0.05784412 -0.03339632 -0.9977669 -0.1154299 -0.06664348 -0.9910775 -0.1725001 -0.09959299 -0.9799617 -0.2287999 -0.1320977 -0.9644692 -0.2840779 -0.1640124 -0.9446691 -0.338087 -0.1951946 -0.9206499 -0.3905862 -0.2255051 -0.8925188 -0.441341 -0.2548083 -0.8604016 -0.4901246 -0.2829735 -0.8244416 -0.5367191 -0.3098749 -0.7847994 -0.5809166 -0.3353924 -0.7416521 -0.6225196 -0.3594118 -0.6951924 -0.6613422 -0.3818261 -0.6456279 -0.6972111 -0.402535 -0.5931797 -0.7299661 -0.4214461 -0.5380824 -0.7594609 -0.438475 -0.4805818 -0.7855638 -0.4535455 -0.4209348 -0.8081581 -0.4665903 -0.3594078 -0.827143 -0.4775512 -0.2962756 -0.8424337 -0.4863793 -0.2318202 -0.8539619 -0.4930351 -0.1663294 -0.8616761 -0.4974889 -0.1000957 -0.8655418 -0.4997208 -0.03341498 -0.8655418 -0.4997208 0.03341498 -0.8616761 -0.4974889 0.1000957 -0.8539619 -0.4930351 0.1663294 -0.8424337 -0.4863793 0.2318202 -0.827143 -0.4775512 0.2962756 -0.8081581 -0.4665903 0.3594078 -0.7855638 -0.4535455 0.4209348 -0.7594609 -0.438475 0.4805818 -0.7299661 -0.4214461 0.5380824 -0.6972111 -0.402535 0.5931797 -0.6613422 -0.3818261 0.6456279 -0.6225196 -0.3594118 0.6951924 -0.5809166 -0.3353924 0.7416521 -0.5367191 -0.3098749 0.7847994 -0.4901246 -0.2829735 0.8244416 -0.441341 -0.2548083 0.8604016 -0.3905862 -0.2255051 0.8925188 -0.338087 -0.1951946 0.9206499 -0.2840779 -0.1640124 0.9446691 -0.2287999 -0.1320977 0.9644692 -0.1725001 -0.09959299 0.9799617 -0.1154299 -0.06664348 0.9910775 -0.05784412 -0.03339632 0.9977669 -0.05553605 -0.037108 -0.9977669 -0.1108241 -0.07405026 -0.9910775 -0.1656171 -0.1106618 -0.9799617 -0.2196704 -0.1467791 -0.9644692 -0.2727427 -0.1822408 -0.9446691 -0.3245968 -0.2168887 -0.9206499 -0.3750012 -0.2505678 -0.8925188 -0.4237308 -0.2831278 -0.8604016 -0.4705678 -0.3144234 -0.8244416 -0.5153032 -0.3443146 -0.7847994 -0.5577371 -0.372668 -0.7416521 -0.59768 -0.399357 -0.6951924 -0.6349536 -0.4242624 -0.6456279 -0.6693913 -0.447273 -0.5931797 -0.7008393 -0.4682859 -0.5380824 -0.7291572 -0.4872073 -0.4805818 -0.7542185 -0.5039527 -0.4209348 -0.7759113 -0.5184474 -0.3594078 -0.7941387 -0.5306265 -0.2962756 -0.8088193 -0.5404358 -0.2318202 -0.8198875 -0.5478313 -0.1663294 -0.8272938 -0.5527801 -0.1000957 -0.8310053 -0.55526 -0.03341498 -0.8310053 -0.55526 0.03341498 -0.8272938 -0.5527801 0.1000957 -0.8198875 -0.5478313 0.1663294 -0.8088193 -0.5404358 0.2318202 -0.7941387 -0.5306265 0.2962756 -0.7759113 -0.5184474 0.3594078 -0.7542185 -0.5039527 0.4209348 -0.7291572 -0.4872073 0.4805818 -0.7008393 -0.4682859 0.5380824 -0.6693913 -0.447273 0.5931797 -0.6349536 -0.4242624 0.6456279 -0.59768 -0.399357 0.6951924 -0.5577371 -0.372668 0.7416521 -0.5153032 -0.3443146 0.7847994 -0.4705678 -0.3144234 0.8244416 -0.4237308 -0.2831278 0.8604016 -0.3750012 -0.2505678 0.8925188 -0.3245968 -0.2168887 0.9206499 -0.2727427 -0.1822408 0.9446691 -0.2196704 -0.1467791 0.9644692 -0.1656171 -0.1106618 0.9799617 -0.1108241 -0.07405026 0.9910775 -0.05553605 -0.037108 0.9977669 -0.05299016 -0.04066078 -0.9977669 -0.1057437 -0.08113996 -0.9910775 -0.1580249 -0.1212567 -0.9799617 -0.2096003 -0.160832 -0.9644692 -0.2602396 -0.1996889 -0.9446691 -0.3097166 -0.2376539 -0.9206499 -0.3578104 -0.2745576 -0.8925188 -0.4043061 -0.310235 -0.8604016 -0.448996 -0.3445268 -0.8244416 -0.4916806 -0.3772798 -0.7847994 -0.5321693 -0.4083479 -0.7416521 -0.5702812 -0.4375921 -0.6951924 -0.605846 -0.464882 -0.6456279 -0.638705 -0.4900956 -0.5931797 -0.6687114 -0.5131203 -0.5380824 -0.6957312 -0.5338533 -0.4805818 -0.7196436 -0.552202 -0.4209348 -0.740342 -0.5680844 -0.3594078 -0.7577338 -0.5814296 -0.2962756 -0.7717413 -0.592178 -0.2318202 -0.7823021 -0.6002815 -0.1663294 -0.789369 -0.6057041 -0.1000957 -0.7929103 -0.6084215 -0.03341498 -0.7929103 -0.6084215 0.03341498 -0.789369 -0.6057041 0.1000957 -0.7823021 -0.6002815 0.1663294 -0.7717413 -0.592178 0.2318202 -0.7577338 -0.5814296 0.2962756 -0.740342 -0.5680844 0.3594078 -0.7196436 -0.552202 0.4209348 -0.6957312 -0.5338533 0.4805818 -0.6687114 -0.5131203 0.5380824 -0.638705 -0.4900956 0.5931797 -0.605846 -0.464882 0.6456279 -0.5702812 -0.4375921 0.6951924 -0.5321693 -0.4083479 0.7416521 -0.4916806 -0.3772798 0.7847994 -0.448996 -0.3445268 0.8244416 -0.4043061 -0.310235 0.8604016 -0.3578104 -0.2745576 0.8925188 -0.3097166 -0.2376539 0.9206499 -0.2602396 -0.1996889 0.9446691 -0.2096003 -0.160832 0.9644692 -0.1580249 -0.1212567 0.9799617 -0.1057437 -0.08113996 0.9910775 -0.05299016 -0.04066078 0.9977669 -0.05021736 -0.04403944 -0.9977669 -0.1002104 -0.0878822 -0.9910775 -0.149756 -0.1313324 -0.9799617 -0.1986326 -0.1741961 -0.9644692 -0.2466221 -0.2162818 -0.9446691 -0.2935102 -0.2574015 -0.9206499 -0.3390874 -0.2973716 -0.8925188 -0.3831501 -0.3360136 -0.8604016 -0.4255016 -0.3731548 -0.8244416 -0.4659526 -0.4086295 -0.7847994 -0.5043227 -0.4422791 -0.7416521 -0.5404403 -0.4739534 -0.6951924 -0.5741441 -0.5035109 -0.6456279 -0.6052837 -0.5308196 -0.5931797 -0.63372 -0.5557575 -0.5380824 -0.6593259 -0.5782133 -0.4805818 -0.6819871 -0.5980866 -0.4209348 -0.7016023 -0.6152887 -0.3594078 -0.7180841 -0.6297428 -0.2962756 -0.7313587 -0.6413844 -0.2318202 -0.7413669 -0.6501613 -0.1663294 -0.7480639 -0.6560345 -0.1000957 -0.75142 -0.6589776 -0.03341498 -0.75142 -0.6589776 0.03341498 -0.7480639 -0.6560345 0.1000957 -0.7413669 -0.6501613 0.1663294 -0.7313587 -0.6413844 0.2318202 -0.7180841 -0.6297428 0.2962756 -0.7016023 -0.6152887 0.3594078 -0.6819871 -0.5980866 0.4209348 -0.6593259 -0.5782133 0.4805818 -0.63372 -0.5557575 0.5380824 -0.6052837 -0.5308196 0.5931797 -0.5741441 -0.5035109 0.6456279 -0.5404403 -0.4739534 0.6951924 -0.5043227 -0.4422791 0.7416521 -0.4659526 -0.4086295 0.7847994 -0.4255016 -0.3731548 0.8244416 -0.3831501 -0.3360136 0.8604016 -0.3390874 -0.2973716 0.8925188 -0.2935102 -0.2574015 0.9206499 -0.2466221 -0.2162818 0.9446691 -0.1986326 -0.1741961 0.9644692 -0.149756 -0.1313324 0.9799617 -0.1002104 -0.0878822 0.9910775 -0.05021736 -0.04403944 0.9977669 -0.04722952 -0.04722952 -0.9977669 -0.09424811 -0.09424811 -0.9910775 -0.1408458 -0.1408458 -0.9799617 -0.1868144 -0.1868144 -0.9644692 -0.2319486 -0.2319486 -0.9446691 -0.2760469 -0.2760469 -0.9206499 -0.3189123 -0.3189123 -0.8925188 -0.3603534 -0.3603534 -0.8604016 -0.400185 -0.400185 -0.8244416 -0.4382293 -0.4382293 -0.7847994 -0.4743164 -0.4743164 -0.7416521 -0.5082851 -0.5082851 -0.6951924 -0.5399836 -0.5399836 -0.6456279 -0.5692705 -0.5692705 -0.5931797 -0.5960148 -0.5960148 -0.5380824 -0.6200972 -0.6200972 -0.4805818 -0.6414101 -0.6414101 -0.4209348 -0.6598583 -0.6598583 -0.3594078 -0.6753595 -0.6753595 -0.2962756 -0.6878442 -0.6878442 -0.2318202 -0.697257 -0.697257 -0.1663294 -0.7035556 -0.7035556 -0.1000957 -0.7067119 -0.7067119 -0.03341498 -0.7067119 -0.7067119 0.03341498 -0.7035556 -0.7035556 0.1000957 -0.697257 -0.697257 0.1663294 -0.6878442 -0.6878442 0.2318202 -0.6753595 -0.6753595 0.2962756 -0.6598583 -0.6598583 0.3594078 -0.6414101 -0.6414101 0.4209348 -0.6200972 -0.6200972 0.4805818 -0.5960148 -0.5960148 0.5380824 -0.5692705 -0.5692705 0.5931797 -0.5399836 -0.5399836 0.6456279 -0.5082851 -0.5082851 0.6951924 -0.4743164 -0.4743164 0.7416521 -0.4382293 -0.4382293 0.7847994 -0.400185 -0.400185 0.8244416 -0.3603534 -0.3603534 0.8604016 -0.3189123 -0.3189123 0.8925188 -0.2760469 -0.2760469 0.9206499 -0.2319486 -0.2319486 0.9446691 -0.1868144 -0.1868144 0.9644692 -0.1408458 -0.1408458 0.9799617 -0.09424811 -0.09424811 0.9910775 -0.04722952 -0.04722952 0.9977669 -0.04403944 -0.05021736 -0.9977669 -0.0878822 -0.1002104 -0.9910775 -0.1313324 -0.149756 -0.9799617 -0.1741961 -0.1986326 -0.9644692 -0.2162818 -0.2466221 -0.9446691 -0.2574015 -0.2935102 -0.9206499 -0.2973716 -0.3390874 -0.8925188 -0.3360136 -0.3831501 -0.8604016 -0.3731548 -0.4255016 -0.8244416 -0.4086295 -0.4659526 -0.7847994 -0.4422791 -0.5043227 -0.7416521 -0.4739534 -0.5404403 -0.6951924 -0.5035109 -0.5741441 -0.6456279 -0.5308196 -0.6052837 -0.5931797 -0.5557575 -0.63372 -0.5380824 -0.5782133 -0.6593259 -0.4805818 -0.5980866 -0.6819871 -0.4209348 -0.6152887 -0.7016023 -0.3594078 -0.6297428 -0.7180841 -0.2962756 -0.6413844 -0.7313587 -0.2318202 -0.6501613 -0.7413669 -0.1663294 -0.6560345 -0.7480639 -0.1000957 -0.6589776 -0.75142 -0.03341498 -0.6589776 -0.75142 0.03341498 -0.6560345 -0.7480639 0.1000957 -0.6501613 -0.7413669 0.1663294 -0.6413844 -0.7313587 0.2318202 -0.6297428 -0.7180841 0.2962756 -0.6152887 -0.7016023 0.3594078 -0.5980866 -0.6819871 0.4209348 -0.5782133 -0.6593259 0.4805818 -0.5557575 -0.63372 0.5380824 -0.5308196 -0.6052837 0.5931797 -0.5035109 -0.5741441 0.6456279 -0.4739534 -0.5404403 0.6951924 -0.4422791 -0.5043227 0.7416521 -0.4086295 -0.4659526 0.7847994 -0.3731548 -0.4255016 0.8244416 -0.3360136 -0.3831501 0.8604016 -0.2973716 -0.3390874 0.8925188 -0.2574015 -0.2935102 0.9206499 -0.2162818 -0.2466221 0.9446691 -0.1741961 -0.1986326 0.9644692 -0.1313324 -0.149756 0.9799617 -0.0878822 -0.1002104 0.9910775 -0.04403944 -0.05021736 0.9977669 -0.04066078 -0.05299016 -0.9977669 -0.08113996 -0.1057437 -0.9910775 -0.1212567 -0.1580249 -0.9799617 -0.160832 -0.2096003 -0.9644692 -0.1996889 -0.2602396 -0.9446691 -0.2376539 -0.3097166 -0.9206499 -0.2745576 -0.3578104 -0.8925188 -0.310235 -0.4043061 -0.8604016 -0.3445268 -0.448996 -0.8244416 -0.3772798 -0.4916806 -0.7847994 -0.4083479 -0.5321693 -0.7416521 -0.4375921 -0.5702812 -0.6951924 -0.464882 -0.605846 -0.6456279 -0.4900956 -0.638705 -0.5931797 -0.5131203 -0.6687114 -0.5380824 -0.5338533 -0.6957312 -0.4805818 -0.552202 -0.7196436 -0.4209348 -0.5680844 -0.740342 -0.3594078 -0.5814296 -0.7577338 -0.2962756 -0.592178 -0.7717413 -0.2318202 -0.6002815 -0.7823021 -0.1663294 -0.6057041 -0.789369 -0.1000957 -0.6084215 -0.7929103 -0.03341498 -0.6084215 -0.7929103 0.03341498 -0.6057041 -0.789369 0.1000957 -0.6002815 -0.7823021 0.1663294 -0.592178 -0.7717413 0.2318202 -0.5814296 -0.7577338 0.2962756 -0.5680844 -0.740342 0.3594078 -0.552202 -0.7196436 0.4209348 -0.5338533 -0.6957312 0.4805818 -0.5131203 -0.6687114 0.5380824 -0.4900956 -0.638705 0.5931797 -0.464882 -0.605846 0.6456279 -0.4375921 -0.5702812 0.6951924 -0.4083479 -0.5321693 0.7416521 -0.3772798 -0.4916806 0.7847994 -0.3445268 -0.448996 0.8244416 -0.310235 -0.4043061 0.8604016 -0.2745576 -0.3578104 0.8925188 -0.2376539 -0.3097166 0.9206499 -0.1996889 -0.2602396 0.9446691 -0.160832 -0.2096003 0.9644692 -0.1212567 -0.1580249 0.9799617 -0.08113996 -0.1057437 0.9910775 -0.04066078 -0.05299016 0.9977669 -0.037108 -0.05553605 -0.9977669 -0.07405026 -0.1108241 -0.9910775 -0.1106618 -0.1656171 -0.9799617 -0.1467791 -0.2196704 -0.9644692 -0.1822408 -0.2727427 -0.9446691 -0.2168887 -0.3245968 -0.9206499 -0.2505678 -0.3750012 -0.8925188 -0.2831278 -0.4237308 -0.8604016 -0.3144234 -0.4705678 -0.8244416 -0.3443146 -0.5153032 -0.7847994 -0.372668 -0.5577371 -0.7416521 -0.399357 -0.59768 -0.6951924 -0.4242624 -0.6349536 -0.6456279 -0.447273 -0.6693913 -0.5931797 -0.4682859 -0.7008393 -0.5380824 -0.4872073 -0.7291572 -0.4805818 -0.5039527 -0.7542185 -0.4209348 -0.5184474 -0.7759113 -0.3594078 -0.5306265 -0.7941387 -0.2962756 -0.5404358 -0.8088193 -0.2318202 -0.5478313 -0.8198875 -0.1663294 -0.5527801 -0.8272938 -0.1000957 -0.55526 -0.8310053 -0.03341498 -0.55526 -0.8310053 0.03341498 -0.5527801 -0.8272938 0.1000957 -0.5478313 -0.8198875 0.1663294 -0.5404358 -0.8088193 0.2318202 -0.5306265 -0.7941387 0.2962756 -0.5184474 -0.7759113 0.3594078 -0.5039527 -0.7542185 0.4209348 -0.4872073 -0.7291572 0.4805818 -0.4682859 -0.7008393 0.5380824 -0.447273 -0.6693913 0.5931797 -0.4242624 -0.6349536 0.6456279 -0.399357 -0.59768 0.6951924 -0.372668 -0.5577371 0.7416521 -0.3443146 -0.5153032 0.7847994 -0.3144234 -0.4705678 0.8244416 -0.2831278 -0.4237308 0.8604016 -0.2505678 -0.3750012 0.8925188 -0.2168887 -0.3245968 0.9206499 -0.1822408 -0.2727427 0.9446691 -0.1467791 -0.2196704 0.9644692 -0.1106618 -0.1656171 0.9799617 -0.07405026 -0.1108241 0.9910775 -0.037108 -0.05553605 0.9977669 -0.03339632 -0.05784412 -0.9977669 -0.06664348 -0.1154299 -0.9910775 -0.09959299 -0.1725001 -0.9799617 -0.1320977 -0.2287999 -0.9644692 -0.1640124 -0.2840779 -0.9446691 -0.1951946 -0.338087 -0.9206499 -0.2255051 -0.3905862 -0.8925188 -0.2548083 -0.441341 -0.8604016 -0.2829735 -0.4901246 -0.8244416 -0.3098749 -0.5367191 -0.7847994 -0.3353924 -0.5809166 -0.7416521 -0.3594118 -0.6225196 -0.6951924 -0.3818261 -0.6613422 -0.6456279 -0.402535 -0.6972111 -0.5931797 -0.4214461 -0.7299661 -0.5380824 -0.438475 -0.7594609 -0.4805818 -0.4535455 -0.7855638 -0.4209348 -0.4665903 -0.8081581 -0.3594078 -0.4775512 -0.827143 -0.2962756 -0.4863793 -0.8424337 -0.2318202 -0.4930351 -0.8539619 -0.1663294 -0.4974889 -0.8616761 -0.1000957 -0.4997208 -0.8655418 -0.03341498 -0.4997208 -0.8655418 0.03341498 -0.4974889 -0.8616761 0.1000957 -0.4930351 -0.8539619 0.1663294 -0.4863793 -0.8424337 0.2318202 -0.4775512 -0.827143 0.2962756 -0.4665903 -0.8081581 0.3594078 -0.4535455 -0.7855638 0.4209348 -0.438475 -0.7594609 0.4805818 -0.4214461 -0.7299661 0.5380824 -0.402535 -0.6972111 0.5931797 -0.3818261 -0.6613422 0.6456279 -0.3594118 -0.6225196 0.6951924 -0.3353924 -0.5809166 0.7416521 -0.3098749 -0.5367191 0.7847994 -0.2829735 -0.4901246 0.8244416 -0.2548083 -0.441341 0.8604016 -0.2255051 -0.3905862 0.8925188 -0.1951946 -0.338087 0.9206499 -0.1640124 -0.2840779 0.9446691 -0.1320977 -0.2287999 0.9644692 -0.09959299 -0.1725001 0.9799617 -0.06664348 -0.1154299 0.9910775 -0.03339632 -0.05784412 0.9977669 -0.02954163 -0.05990449 -0.9977669 -0.05895131 -0.1195414 -0.9910775 -0.08809771 -0.1786445 -0.9799617 -0.1168506 -0.2369497 -0.9644692 -0.1450817 -0.2941966 -0.9446691 -0.1726648 -0.3501295 -0.9206499 -0.1994767 -0.4044987 -0.8925188 -0.2253977 -0.4570613 -0.8604016 -0.250312 -0.5075825 -0.8244416 -0.2741084 -0.5558368 -0.7847994 -0.2966805 -0.6016085 -0.7416521 -0.3179276 -0.6446934 -0.6951924 -0.3377547 -0.6848988 -0.6456279 -0.3560734 -0.7220454 -0.5931797 -0.3728017 -0.7559671 -0.5380824 -0.387865 -0.7865125 -0.4805818 -0.4011961 -0.8135451 -0.4209348 -0.4127352 -0.8369443 -0.3594078 -0.422431 -0.8566054 -0.2962756 -0.4302402 -0.8724407 -0.2318202 -0.4361277 -0.8843795 -0.1663294 -0.4400674 -0.8923685 -0.1000957 -0.4420417 -0.8963719 -0.03341498 -0.4420417 -0.8963719 0.03341498 -0.4400674 -0.8923685 0.1000957 -0.4361277 -0.8843795 0.1663294 -0.4302402 -0.8724407 0.2318202 -0.422431 -0.8566054 0.2962756 -0.4127352 -0.8369443 0.3594078 -0.4011961 -0.8135451 0.4209348 -0.387865 -0.7865125 0.4805818 -0.3728017 -0.7559671 0.5380824 -0.3560734 -0.7220454 0.5931797 -0.3377547 -0.6848988 0.6456279 -0.3179276 -0.6446934 0.6951924 -0.2966805 -0.6016085 0.7416521 -0.2741084 -0.5558368 0.7847994 -0.250312 -0.5075825 0.8244416 -0.2253977 -0.4570613 0.8604016 -0.1994767 -0.4044987 0.8925188 -0.1726648 -0.3501295 0.9206499 -0.1450817 -0.2941966 0.9446691 -0.1168506 -0.2369497 0.9644692 -0.08809771 -0.1786445 0.9799617 -0.05895131 -0.1195414 0.9910775 -0.02954163 -0.05990449 0.9977669 -0.02556043 -0.06170835 -0.9977669 -0.05100671 -0.1231411 -0.9910775 -0.07622518 -0.1840239 -0.9799617 -0.1011032 -0.2440847 -0.9644692 -0.1255297 -0.3030555 -0.9446691 -0.1493955 -0.3606727 -0.9206499 -0.1725941 -0.416679 -0.8925188 -0.1950218 -0.4708244 -0.8604016 -0.2165786 -0.5228669 -0.8244416 -0.237168 -0.5725742 -0.7847994 -0.2566982 -0.6197243 -0.7416521 -0.2750819 -0.6641065 -0.6951924 -0.292237 -0.7055226 -0.6456279 -0.308087 -0.7437877 -0.5931797 -0.3225609 -0.7787309 -0.5380824 -0.3355942 -0.8101961 -0.4805818 -0.3471287 -0.8380427 -0.4209348 -0.3571128 -0.8621465 -0.3594078 -0.3655019 -0.8823996 -0.2962756 -0.3722586 -0.8987118 -0.2318202 -0.3773527 -0.9110101 -0.1663294 -0.3807615 -0.9192396 -0.1000957 -0.3824697 -0.9233636 -0.03341498 -0.3824697 -0.9233636 0.03341498 -0.3807615 -0.9192396 0.1000957 -0.3773527 -0.9110101 0.1663294 -0.3722586 -0.8987118 0.2318202 -0.3655019 -0.8823996 0.2962756 -0.3571128 -0.8621465 0.3594078 -0.3471287 -0.8380427 0.4209348 -0.3355942 -0.8101961 0.4805818 -0.3225609 -0.7787309 0.5380824 -0.308087 -0.7437877 0.5931797 -0.292237 -0.7055226 0.6456279 -0.2750819 -0.6641065 0.6951924 -0.2566982 -0.6197243 0.7416521 -0.237168 -0.5725742 0.7847994 -0.2165786 -0.5228669 0.8244416 -0.1950218 -0.4708244 0.8604016 -0.1725941 -0.416679 0.8925188 -0.1493955 -0.3606727 0.9206499 -0.1255297 -0.3030555 0.9446691 -0.1011032 -0.2440847 0.9644692 -0.07622518 -0.1840239 0.9799617 -0.05100671 -0.1231411 0.9910775 -0.02556043 -0.06170835 0.9977669 -0.02146979 -0.06324796 -0.9977669 -0.04284369 -0.1262134 -0.9910775 -0.06402624 -0.1886152 -0.9799617 -0.08492283 -0.2501746 -0.9644692 -0.1054401 -0.3106166 -0.9446691 -0.1254865 -0.3696714 -0.9206499 -0.1449725 -0.4270751 -0.8925188 -0.1638109 -0.4825714 -0.8604016 -0.1819177 -0.5359124 -0.8244416 -0.1992121 -0.5868598 -0.7847994 -0.2156167 -0.6351863 -0.7416521 -0.2310583 -0.6806758 -0.6951924 -0.245468 -0.7231253 -0.6456279 -0.2587813 -0.7623451 -0.5931797 -0.2709388 -0.7981601 -0.5380824 -0.2818863 -0.8304103 -0.4805818 -0.2915748 -0.8589517 -0.4209348 -0.2999611 -0.8836568 -0.3594078 -0.3070076 -0.9044153 -0.2962756 -0.312683 -0.9211345 -0.2318202 -0.3169619 -0.9337396 -0.1663294 -0.3198251 -0.9421745 -0.1000957 -0.32126 -0.9464013 -0.03341498 -0.32126 -0.9464013 0.03341498 -0.3198251 -0.9421745 0.1000957 -0.3169619 -0.9337396 0.1663294 -0.312683 -0.9211345 0.2318202 -0.3070076 -0.9044153 0.2962756 -0.2999611 -0.8836568 0.3594078 -0.2915748 -0.8589517 0.4209348 -0.2818863 -0.8304103 0.4805818 -0.2709388 -0.7981601 0.5380824 -0.2587813 -0.7623451 0.5931797 -0.245468 -0.7231253 0.6456279 -0.2310583 -0.6806758 0.6951924 -0.2156167 -0.6351863 0.7416521 -0.1992121 -0.5868598 0.7847994 -0.1819177 -0.5359124 0.8244416 -0.1638109 -0.4825714 0.8604016 -0.1449725 -0.4270751 0.8925188 -0.1254865 -0.3696714 0.9206499 -0.1054401 -0.3106166 0.9446691 -0.08492283 -0.2501746 0.9644692 -0.06402624 -0.1886152 0.9799617 -0.04284369 -0.1262134 0.9910775 -0.02146979 -0.06324796 0.9977669 -0.01728721 -0.06451673 -0.9977669 -0.0344972 -0.1287453 -0.9910775 -0.05155313 -0.1923989 -0.9799617 -0.0683788 -0.2551932 -0.9644692 -0.08489908 -0.3168477 -0.9446691 -0.1010402 -0.3770871 -0.9206499 -0.11673 -0.4356423 -0.8925188 -0.1318985 -0.4922519 -0.8604016 -0.1464779 -0.5466629 -0.8244416 -0.1604031 -0.5986324 -0.7847994 -0.1736119 -0.6479283 -0.7416521 -0.1860453 -0.6943304 -0.6951924 -0.1976477 -0.7376314 -0.6456279 -0.2083675 -0.777638 -0.5931797 -0.2181566 -0.8141714 -0.5380824 -0.2269713 -0.8470686 -0.4805818 -0.2347724 -0.8761825 -0.4209348 -0.2415249 -0.9013833 -0.3594078 -0.2471987 -0.9225582 -0.2962756 -0.2517685 -0.9396127 -0.2318202 -0.2552138 -0.9524707 -0.1663294 -0.2575192 -0.9610748 -0.1000957 -0.2586745 -0.9653864 -0.03341498 -0.2586745 -0.9653864 0.03341498 -0.2575192 -0.9610748 0.1000957 -0.2552138 -0.9524707 0.1663294 -0.2517685 -0.9396127 0.2318202 -0.2471987 -0.9225582 0.2962756 -0.2415249 -0.9013833 0.3594078 -0.2347724 -0.8761825 0.4209348 -0.2269713 -0.8470686 0.4805818 -0.2181566 -0.8141714 0.5380824 -0.2083675 -0.777638 0.5931797 -0.1976477 -0.7376314 0.6456279 -0.1860453 -0.6943304 0.6951924 -0.1736119 -0.6479283 0.7416521 -0.1604031 -0.5986324 0.7847994 -0.1464779 -0.5466629 0.8244416 -0.1318985 -0.4922519 0.8604016 -0.11673 -0.4356423 0.8925188 -0.1010402 -0.3770871 0.9206499 -0.08489908 -0.3168477 0.9446691 -0.0683788 -0.2551932 0.9644692 -0.05155313 -0.1923989 0.9799617 -0.0344972 -0.1287453 0.9910775 -0.01728721 -0.06451673 0.9977669 -0.0130306 -0.06550923 -0.9977669 -0.026003 -0.1307259 -0.9910775 -0.03885926 -0.1953587 -0.9799617 -0.05154197 -0.259119 -0.9644692 -0.06399448 -0.321722 -0.9446691 -0.07616117 -0.3828881 -0.9206499 -0.08798771 -0.4423441 -0.8925188 -0.09942127 -0.4998245 -0.8604016 -0.1104108 -0.5550726 -0.8244416 -0.1209072 -0.6078416 -0.7847994 -0.1308636 -0.6578958 -0.7416521 -0.1402355 -0.7050117 -0.6951924 -0.1489812 -0.7489788 -0.6456279 -0.1570614 -0.7896009 -0.5931797 -0.1644401 -0.8266963 -0.5380824 -0.1710844 -0.8600996 -0.4805818 -0.1769647 -0.8896614 -0.4209348 -0.1820545 -0.9152498 -0.3594078 -0.1863313 -0.9367505 -0.2962756 -0.1897758 -0.9540674 -0.2318202 -0.1923728 -0.9671232 -0.1663294 -0.1941105 -0.9758596 -0.1000957 -0.1949814 -0.9802376 -0.03341498 -0.1949814 -0.9802376 0.03341498 -0.1941105 -0.9758596 0.1000957 -0.1923728 -0.9671232 0.1663294 -0.1897758 -0.9540674 0.2318202 -0.1863313 -0.9367505 0.2962756 -0.1820545 -0.9152498 0.3594078 -0.1769647 -0.8896614 0.4209348 -0.1710844 -0.8600996 0.4805818 -0.1644401 -0.8266963 0.5380824 -0.1570614 -0.7896009 0.5931797 -0.1489812 -0.7489788 0.6456279 -0.1402355 -0.7050117 0.6951924 -0.1308636 -0.6578958 0.7416521 -0.1209072 -0.6078416 0.7847994 -0.1104108 -0.5550726 0.8244416 -0.09942127 -0.4998245 0.8604016 -0.08798771 -0.4423441 0.8925188 -0.07616117 -0.3828881 0.9206499 -0.06399448 -0.321722 0.9446691 -0.05154197 -0.259119 0.9644692 -0.03885926 -0.1953587 0.9799617 -0.026003 -0.1307259 0.9910775 -0.0130306 -0.06550923 0.9977669 -0.008718188 -0.06622121 -0.9977669 -0.01739744 -0.1321467 -0.9910775 -0.02599899 -0.1974819 -0.9799617 -0.03448442 -0.2619352 -0.9644692 -0.04281584 -0.3252186 -0.9446691 -0.05095603 -0.3870494 -0.9206499 -0.05886863 -0.4471517 -0.8925188 -0.06651832 -0.5052568 -0.8604016 -0.07387092 -0.5611053 -0.8244416 -0.08089359 -0.6144478 -0.7847994 -0.08755498 -0.6650461 -0.7416521 -0.09382532 -0.712674 -0.6951924 -0.09967661 -0.757119 -0.6456279 -0.1050827 -0.7981826 -0.5931797 -0.1100195 -0.8356812 -0.5380824 -0.1144649 -0.8694475 -0.4805818 -0.1183991 -0.8993306 -0.4209348 -0.1218045 -0.9251971 -0.3594078 -0.1246659 -0.9469315 -0.2962756 -0.1269705 -0.9644366 -0.2318202 -0.128708 -0.9776343 -0.1663294 -0.1298707 -0.9864656 -0.1000957 -0.1304533 -0.9908912 -0.03341498 -0.1304533 -0.9908912 0.03341498 -0.1298707 -0.9864656 0.1000957 -0.128708 -0.9776343 0.1663294 -0.1269705 -0.9644366 0.2318202 -0.1246659 -0.9469315 0.2962756 -0.1218045 -0.9251971 0.3594078 -0.1183991 -0.8993306 0.4209348 -0.1144649 -0.8694475 0.4805818 -0.1100195 -0.8356812 0.5380824 -0.1050827 -0.7981826 0.5931797 -0.09967661 -0.757119 0.6456279 -0.09382532 -0.712674 0.6951924 -0.08755498 -0.6650461 0.7416521 -0.08089359 -0.6144478 0.7847994 -0.07387092 -0.5611053 0.8244416 -0.06651832 -0.5052568 0.8604016 -0.05886863 -0.4471517 0.8925188 -0.05095603 -0.3870494 0.9206499 -0.04281584 -0.3252186 0.9446691 -0.03448442 -0.2619352 0.9644692 -0.02599899 -0.1974819 0.9799617 -0.01739744 -0.1321467 0.9910775 -0.008718188 -0.06622121 0.9977669 -0.004368447 -0.06664963 -0.9977669 -0.008717384 -0.1330016 -0.9910775 -0.01302739 -0.1987595 -0.9799617 -0.01727921 -0.2636297 -0.9644692 -0.02145385 -0.3273225 -0.9446691 -0.02553268 -0.3895534 -0.9206499 -0.02949747 -0.4500445 -0.8925188 -0.03333052 -0.5085255 -0.8604016 -0.03701471 -0.5647354 -0.8244416 -0.04053358 -0.618423 -0.7847994 -0.04387142 -0.6693485 -0.7416521 -0.04701332 -0.7172846 -0.6951924 -0.04994524 -0.7620172 -0.6456279 -0.0526541 -0.8033463 -0.5931797 -0.05512779 -0.8410876 -0.5380824 -0.05735527 -0.8750723 -0.4805818 -0.05932658 -0.9051488 -0.4209348 -0.06103293 -0.9311826 -0.3594078 -0.06246669 -0.9530575 -0.2962756 -0.06362146 -0.9706759 -0.2318202 -0.06449208 -0.983959 -0.1663294 -0.06507466 -0.9928475 -0.1000957 -0.06536661 -0.9973017 -0.03341498 -0.06536661 -0.9973017 0.03341498 -0.06507466 -0.9928475 0.1000957 -0.06449208 -0.983959 0.1663294 -0.06362146 -0.9706759 0.2318202 -0.06246669 -0.9530575 0.2962756 -0.06103293 -0.9311826 0.3594078 -0.05932658 -0.9051488 0.4209348 -0.05735527 -0.8750723 0.4805818 -0.05512779 -0.8410876 0.5380824 -0.0526541 -0.8033463 0.5931797 -0.04994524 -0.7620172 0.6456279 -0.04701332 -0.7172846 0.6951924 -0.04387142 -0.6693485 0.7416521 -0.04053358 -0.618423 0.7847994 -0.03701471 -0.5647354 0.8244416 -0.03333052 -0.5085255 0.8604016 -0.02949747 -0.4500445 0.8925188 -0.02553268 -0.3895534 0.9206499 -0.02145385 -0.3273225 0.9446691 -0.01727921 -0.2636297 0.9644692 -0.01302739 -0.1987595 0.9799617 -0.008717384 -0.1330016 0.9910775 -0.004368447 -0.06664963 0.9977669 -1.226961e-17 -0.06679263 -0.9977669 -2.448442e-17 -0.133287 -0.9910775 -3.658987e-17 -0.199186 -0.9799617 -4.853191e-17 -0.2641954 -0.9644692 -6.025719e-17 -0.3280249 -0.9446691 -7.171335e-17 -0.3903893 -0.9206499 -8.284921e-17 -0.4510101 -0.8925188 -9.361506e-17 -0.5096166 -0.8604016 -1.039628e-16 -0.5659471 -0.8244416 -1.138462e-16 -0.6197499 -0.7847994 -1.232212e-16 -0.6707847 -0.7416521 -1.320458e-16 -0.7188237 -0.6951924 -1.402806e-16 -0.7636522 -0.6456279 -1.47889e-16 -0.8050701 -0.5931797 -1.548368e-16 -0.8428923 -0.5380824 -1.610931e-16 -0.8769499 -0.4805818 -1.666299e-16 -0.9070909 -0.4209348 -1.714225e-16 -0.9331806 -0.3594078 -1.754495e-16 -0.9551025 -0.2962756 -1.786929e-16 -0.9727587 -0.2318202 -1.811382e-16 -0.9860703 -0.1663294 -1.827745e-16 -0.9949778 -0.1000957 -1.835944e-16 -0.9994416 -0.03341498 -1.835944e-16 -0.9994416 0.03341498 -1.827745e-16 -0.9949778 0.1000957 -1.811382e-16 -0.9860703 0.1663294 -1.786929e-16 -0.9727587 0.2318202 -1.754495e-16 -0.9551025 0.2962756 -1.714225e-16 -0.9331806 0.3594078 -1.666299e-16 -0.9070909 0.4209348 -1.610931e-16 -0.8769499 0.4805818 -1.548368e-16 -0.8428923 0.5380824 -1.47889e-16 -0.8050701 0.5931797 -1.402806e-16 -0.7636522 0.6456279 -1.320458e-16 -0.7188237 0.6951924 -1.232212e-16 -0.6707847 0.7416521 -1.138462e-16 -0.6197499 0.7847994 -1.039628e-16 -0.5659471 0.8244416 -9.361506e-17 -0.5096166 0.8604016 -8.284921e-17 -0.4510101 0.8925188 -7.171335e-17 -0.3903893 0.9206499 -6.025719e-17 -0.3280249 0.9446691 -4.853191e-17 -0.2641954 0.9644692 -3.658987e-17 -0.199186 0.9799617 -2.448442e-17 -0.133287 0.9910775 -1.226961e-17 -0.06679263 0.9977669 0.004368447 -0.06664963 -0.9977669 0.008717384 -0.1330016 -0.9910775 0.01302739 -0.1987595 -0.9799617 0.01727921 -0.2636297 -0.9644692 0.02145385 -0.3273225 -0.9446691 0.02553268 -0.3895534 -0.9206499 0.02949747 -0.4500445 -0.8925188 0.03333052 -0.5085255 -0.8604016 0.03701471 -0.5647354 -0.8244416 0.04053358 -0.618423 -0.7847994 0.04387142 -0.6693485 -0.7416521 0.04701332 -0.7172846 -0.6951924 0.04994524 -0.7620172 -0.6456279 0.0526541 -0.8033463 -0.5931797 0.05512779 -0.8410876 -0.5380824 0.05735527 -0.8750723 -0.4805818 0.05932658 -0.9051488 -0.4209348 0.06103293 -0.9311826 -0.3594078 0.06246669 -0.9530575 -0.2962756 0.06362146 -0.9706759 -0.2318202 0.06449208 -0.983959 -0.1663294 0.06507466 -0.9928475 -0.1000957 0.06536661 -0.9973017 -0.03341498 0.06536661 -0.9973017 0.03341498 0.06507466 -0.9928475 0.1000957 0.06449208 -0.983959 0.1663294 0.06362146 -0.9706759 0.2318202 0.06246669 -0.9530575 0.2962756 0.06103293 -0.9311826 0.3594078 0.05932658 -0.9051488 0.4209348 0.05735527 -0.8750723 0.4805818 0.05512779 -0.8410876 0.5380824 0.0526541 -0.8033463 0.5931797 0.04994524 -0.7620172 0.6456279 0.04701332 -0.7172846 0.6951924 0.04387142 -0.6693485 0.7416521 0.04053358 -0.618423 0.7847994 0.03701471 -0.5647354 0.8244416 0.03333052 -0.5085255 0.8604016 0.02949747 -0.4500445 0.8925188 0.02553268 -0.3895534 0.9206499 0.02145385 -0.3273225 0.9446691 0.01727921 -0.2636297 0.9644692 0.01302739 -0.1987595 0.9799617 0.008717384 -0.1330016 0.9910775 0.004368447 -0.06664963 0.9977669 0.008718188 -0.06622121 -0.9977669 0.01739744 -0.1321467 -0.9910775 0.02599899 -0.1974819 -0.9799617 0.03448442 -0.2619352 -0.9644692 0.04281584 -0.3252186 -0.9446691 0.05095603 -0.3870494 -0.9206499 0.05886863 -0.4471517 -0.8925188 0.06651832 -0.5052568 -0.8604016 0.07387092 -0.5611053 -0.8244416 0.08089359 -0.6144478 -0.7847994 0.08755498 -0.6650461 -0.7416521 0.09382532 -0.712674 -0.6951924 0.09967661 -0.757119 -0.6456279 0.1050827 -0.7981826 -0.5931797 0.1100195 -0.8356812 -0.5380824 0.1144649 -0.8694475 -0.4805818 0.1183991 -0.8993306 -0.4209348 0.1218045 -0.9251971 -0.3594078 0.1246659 -0.9469315 -0.2962756 0.1269705 -0.9644366 -0.2318202 0.128708 -0.9776343 -0.1663294 0.1298707 -0.9864656 -0.1000957 0.1304533 -0.9908912 -0.03341498 0.1304533 -0.9908912 0.03341498 0.1298707 -0.9864656 0.1000957 0.128708 -0.9776343 0.1663294 0.1269705 -0.9644366 0.2318202 0.1246659 -0.9469315 0.2962756 0.1218045 -0.9251971 0.3594078 0.1183991 -0.8993306 0.4209348 0.1144649 -0.8694475 0.4805818 0.1100195 -0.8356812 0.5380824 0.1050827 -0.7981826 0.5931797 0.09967661 -0.757119 0.6456279 0.09382532 -0.712674 0.6951924 0.08755498 -0.6650461 0.7416521 0.08089359 -0.6144478 0.7847994 0.07387092 -0.5611053 0.8244416 0.06651832 -0.5052568 0.8604016 0.05886863 -0.4471517 0.8925188 0.05095603 -0.3870494 0.9206499 0.04281584 -0.3252186 0.9446691 0.03448442 -0.2619352 0.9644692 0.02599899 -0.1974819 0.9799617 0.01739744 -0.1321467 0.9910775 0.008718188 -0.06622121 0.9977669 0.0130306 -0.06550923 -0.9977669 0.026003 -0.1307259 -0.9910775 0.03885926 -0.1953587 -0.9799617 0.05154197 -0.259119 -0.9644692 0.06399448 -0.321722 -0.9446691 0.07616117 -0.3828881 -0.9206499 0.08798771 -0.4423441 -0.8925188 0.09942127 -0.4998245 -0.8604016 0.1104108 -0.5550726 -0.8244416 0.1209072 -0.6078416 -0.7847994 0.1308636 -0.6578958 -0.7416521 0.1402355 -0.7050117 -0.6951924 0.1489812 -0.7489788 -0.6456279 0.1570614 -0.7896009 -0.5931797 0.1644401 -0.8266963 -0.5380824 0.1710844 -0.8600996 -0.4805818 0.1769647 -0.8896614 -0.4209348 0.1820545 -0.9152498 -0.3594078 0.1863313 -0.9367505 -0.2962756 0.1897758 -0.9540674 -0.2318202 0.1923728 -0.9671232 -0.1663294 0.1941105 -0.9758596 -0.1000957 0.1949814 -0.9802376 -0.03341498 0.1949814 -0.9802376 0.03341498 0.1941105 -0.9758596 0.1000957 0.1923728 -0.9671232 0.1663294 0.1897758 -0.9540674 0.2318202 0.1863313 -0.9367505 0.2962756 0.1820545 -0.9152498 0.3594078 0.1769647 -0.8896614 0.4209348 0.1710844 -0.8600996 0.4805818 0.1644401 -0.8266963 0.5380824 0.1570614 -0.7896009 0.5931797 0.1489812 -0.7489788 0.6456279 0.1402355 -0.7050117 0.6951924 0.1308636 -0.6578958 0.7416521 0.1209072 -0.6078416 0.7847994 0.1104108 -0.5550726 0.8244416 0.09942127 -0.4998245 0.8604016 0.08798771 -0.4423441 0.8925188 0.07616117 -0.3828881 0.9206499 0.06399448 -0.321722 0.9446691 0.05154197 -0.259119 0.9644692 0.03885926 -0.1953587 0.9799617 0.026003 -0.1307259 0.9910775 0.0130306 -0.06550923 0.9977669 0.01728721 -0.06451673 -0.9977669 0.0344972 -0.1287453 -0.9910775 0.05155313 -0.1923989 -0.9799617 0.0683788 -0.2551932 -0.9644692 0.08489908 -0.3168477 -0.9446691 0.1010402 -0.3770871 -0.9206499 0.11673 -0.4356423 -0.8925188 0.1318985 -0.4922519 -0.8604016 0.1464779 -0.5466629 -0.8244416 0.1604031 -0.5986324 -0.7847994 0.1736119 -0.6479283 -0.7416521 0.1860453 -0.6943304 -0.6951924 0.1976477 -0.7376314 -0.6456279 0.2083675 -0.777638 -0.5931797 0.2181566 -0.8141714 -0.5380824 0.2269713 -0.8470686 -0.4805818 0.2347724 -0.8761825 -0.4209348 0.2415249 -0.9013833 -0.3594078 0.2471987 -0.9225582 -0.2962756 0.2517685 -0.9396127 -0.2318202 0.2552138 -0.9524707 -0.1663294 0.2575192 -0.9610748 -0.1000957 0.2586745 -0.9653864 -0.03341498 0.2586745 -0.9653864 0.03341498 0.2575192 -0.9610748 0.1000957 0.2552138 -0.9524707 0.1663294 0.2517685 -0.9396127 0.2318202 0.2471987 -0.9225582 0.2962756 0.2415249 -0.9013833 0.3594078 0.2347724 -0.8761825 0.4209348 0.2269713 -0.8470686 0.4805818 0.2181566 -0.8141714 0.5380824 0.2083675 -0.777638 0.5931797 0.1976477 -0.7376314 0.6456279 0.1860453 -0.6943304 0.6951924 0.1736119 -0.6479283 0.7416521 0.1604031 -0.5986324 0.7847994 0.1464779 -0.5466629 0.8244416 0.1318985 -0.4922519 0.8604016 0.11673 -0.4356423 0.8925188 0.1010402 -0.3770871 0.9206499 0.08489908 -0.3168477 0.9446691 0.0683788 -0.2551932 0.9644692 0.05155313 -0.1923989 0.9799617 0.0344972 -0.1287453 0.9910775 0.01728721 -0.06451673 0.9977669 0.02146979 -0.06324796 -0.9977669 0.04284369 -0.1262134 -0.9910775 0.06402624 -0.1886152 -0.9799617 0.08492283 -0.2501746 -0.9644692 0.1054401 -0.3106166 -0.9446691 0.1254865 -0.3696714 -0.9206499 0.1449725 -0.4270751 -0.8925188 0.1638109 -0.4825714 -0.8604016 0.1819177 -0.5359124 -0.8244416 0.1992121 -0.5868598 -0.7847994 0.2156167 -0.6351863 -0.7416521 0.2310583 -0.6806758 -0.6951924 0.245468 -0.7231253 -0.6456279 0.2587813 -0.7623451 -0.5931797 0.2709388 -0.7981601 -0.5380824 0.2818863 -0.8304103 -0.4805818 0.2915748 -0.8589517 -0.4209348 0.2999611 -0.8836568 -0.3594078 0.3070076 -0.9044153 -0.2962756 0.312683 -0.9211345 -0.2318202 0.3169619 -0.9337396 -0.1663294 0.3198251 -0.9421745 -0.1000957 0.32126 -0.9464013 -0.03341498 0.32126 -0.9464013 0.03341498 0.3198251 -0.9421745 0.1000957 0.3169619 -0.9337396 0.1663294 0.312683 -0.9211345 0.2318202 0.3070076 -0.9044153 0.2962756 0.2999611 -0.8836568 0.3594078 0.2915748 -0.8589517 0.4209348 0.2818863 -0.8304103 0.4805818 0.2709388 -0.7981601 0.5380824 0.2587813 -0.7623451 0.5931797 0.245468 -0.7231253 0.6456279 0.2310583 -0.6806758 0.6951924 0.2156167 -0.6351863 0.7416521 0.1992121 -0.5868598 0.7847994 0.1819177 -0.5359124 0.8244416 0.1638109 -0.4825714 0.8604016 0.1449725 -0.4270751 0.8925188 0.1254865 -0.3696714 0.9206499 0.1054401 -0.3106166 0.9446691 0.08492283 -0.2501746 0.9644692 0.06402624 -0.1886152 0.9799617 0.04284369 -0.1262134 0.9910775 0.02146979 -0.06324796 0.9977669 0.02556043 -0.06170835 -0.9977669 0.05100671 -0.1231411 -0.9910775 0.07622518 -0.1840239 -0.9799617 0.1011032 -0.2440847 -0.9644692 0.1255297 -0.3030555 -0.9446691 0.1493955 -0.3606727 -0.9206499 0.1725941 -0.416679 -0.8925188 0.1950218 -0.4708244 -0.8604016 0.2165786 -0.5228669 -0.8244416 0.237168 -0.5725742 -0.7847994 0.2566982 -0.6197243 -0.7416521 0.2750819 -0.6641065 -0.6951924 0.292237 -0.7055226 -0.6456279 0.308087 -0.7437877 -0.5931797 0.3225609 -0.7787309 -0.5380824 0.3355942 -0.8101961 -0.4805818 0.3471287 -0.8380427 -0.4209348 0.3571128 -0.8621465 -0.3594078 0.3655019 -0.8823996 -0.2962756 0.3722586 -0.8987118 -0.2318202 0.3773527 -0.9110101 -0.1663294 0.3807615 -0.9192396 -0.1000957 0.3824697 -0.9233636 -0.03341498 0.3824697 -0.9233636 0.03341498 0.3807615 -0.9192396 0.1000957 0.3773527 -0.9110101 0.1663294 0.3722586 -0.8987118 0.2318202 0.3655019 -0.8823996 0.2962756 0.3571128 -0.8621465 0.3594078 0.3471287 -0.8380427 0.4209348 0.3355942 -0.8101961 0.4805818 0.3225609 -0.7787309 0.5380824 0.308087 -0.7437877 0.5931797 0.292237 -0.7055226 0.6456279 0.2750819 -0.6641065 0.6951924 0.2566982 -0.6197243 0.7416521 0.237168 -0.5725742 0.7847994 0.2165786 -0.5228669 0.8244416 0.1950218 -0.4708244 0.8604016 0.1725941 -0.416679 0.8925188 0.1493955 -0.3606727 0.9206499 0.1255297 -0.3030555 0.9446691 0.1011032 -0.2440847 0.9644692 0.07622518 -0.1840239 0.9799617 0.05100671 -0.1231411 0.9910775 0.02556043 -0.06170835 0.9977669 0.02954163 -0.05990449 -0.9977669 0.05895131 -0.1195414 -0.9910775 0.08809771 -0.1786445 -0.9799617 0.1168506 -0.2369497 -0.9644692 0.1450817 -0.2941966 -0.9446691 0.1726648 -0.3501295 -0.9206499 0.1994767 -0.4044987 -0.8925188 0.2253977 -0.4570613 -0.8604016 0.250312 -0.5075825 -0.8244416 0.2741084 -0.5558368 -0.7847994 0.2966805 -0.6016085 -0.7416521 0.3179276 -0.6446934 -0.6951924 0.3377547 -0.6848988 -0.6456279 0.3560734 -0.7220454 -0.5931797 0.3728017 -0.7559671 -0.5380824 0.387865 -0.7865125 -0.4805818 0.4011961 -0.8135451 -0.4209348 0.4127352 -0.8369443 -0.3594078 0.422431 -0.8566054 -0.2962756 0.4302402 -0.8724407 -0.2318202 0.4361277 -0.8843795 -0.1663294 0.4400674 -0.8923685 -0.1000957 0.4420417 -0.8963719 -0.03341498 0.4420417 -0.8963719 0.03341498 0.4400674 -0.8923685 0.1000957 0.4361277 -0.8843795 0.1663294 0.4302402 -0.8724407 0.2318202 0.422431 -0.8566054 0.2962756 0.4127352 -0.8369443 0.3594078 0.4011961 -0.8135451 0.4209348 0.387865 -0.7865125 0.4805818 0.3728017 -0.7559671 0.5380824 0.3560734 -0.7220454 0.5931797 0.3377547 -0.6848988 0.6456279 0.3179276 -0.6446934 0.6951924 0.2966805 -0.6016085 0.7416521 0.2741084 -0.5558368 0.7847994 0.250312 -0.5075825 0.8244416 0.2253977 -0.4570613 0.8604016 0.1994767 -0.4044987 0.8925188 0.1726648 -0.3501295 0.9206499 0.1450817 -0.2941966 0.9446691 0.1168506 -0.2369497 0.9644692 0.08809771 -0.1786445 0.9799617 0.05895131 -0.1195414 0.9910775 0.02954163 -0.05990449 0.9977669 0.03339632 -0.05784412 -0.9977669 0.06664348 -0.1154299 -0.9910775 0.09959299 -0.1725001 -0.9799617 0.1320977 -0.2287999 -0.9644692 0.1640124 -0.2840779 -0.9446691 0.1951946 -0.338087 -0.9206499 0.2255051 -0.3905862 -0.8925188 0.2548083 -0.441341 -0.8604016 0.2829735 -0.4901246 -0.8244416 0.3098749 -0.5367191 -0.7847994 0.3353924 -0.5809166 -0.7416521 0.3594118 -0.6225196 -0.6951924 0.3818261 -0.6613422 -0.6456279 0.402535 -0.6972111 -0.5931797 0.4214461 -0.7299661 -0.5380824 0.438475 -0.7594609 -0.4805818 0.4535455 -0.7855638 -0.4209348 0.4665903 -0.8081581 -0.3594078 0.4775512 -0.827143 -0.2962756 0.4863793 -0.8424337 -0.2318202 0.4930351 -0.8539619 -0.1663294 0.4974889 -0.8616761 -0.1000957 0.4997208 -0.8655418 -0.03341498 0.4997208 -0.8655418 0.03341498 0.4974889 -0.8616761 0.1000957 0.4930351 -0.8539619 0.1663294 0.4863793 -0.8424337 0.2318202 0.4775512 -0.827143 0.2962756 0.4665903 -0.8081581 0.3594078 0.4535455 -0.7855638 0.4209348 0.438475 -0.7594609 0.4805818 0.4214461 -0.7299661 0.5380824 0.402535 -0.6972111 0.5931797 0.3818261 -0.6613422 0.6456279 0.3594118 -0.6225196 0.6951924 0.3353924 -0.5809166 0.7416521 0.3098749 -0.5367191 0.7847994 0.2829735 -0.4901246 0.8244416 0.2548083 -0.441341 0.8604016 0.2255051 -0.3905862 0.8925188 0.1951946 -0.338087 0.9206499 0.1640124 -0.2840779 0.9446691 0.1320977 -0.2287999 0.9644692 0.09959299 -0.1725001 0.9799617 0.06664348 -0.1154299 0.9910775 0.03339632 -0.05784412 0.9977669 0.037108 -0.05553605 -0.9977669 0.07405026 -0.1108241 -0.9910775 0.1106618 -0.1656171 -0.9799617 0.1467791 -0.2196704 -0.9644692 0.1822408 -0.2727427 -0.9446691 0.2168887 -0.3245968 -0.9206499 0.2505678 -0.3750012 -0.8925188 0.2831278 -0.4237308 -0.8604016 0.3144234 -0.4705678 -0.8244416 0.3443146 -0.5153032 -0.7847994 0.372668 -0.5577371 -0.7416521 0.399357 -0.59768 -0.6951924 0.4242624 -0.6349536 -0.6456279 0.447273 -0.6693913 -0.5931797 0.4682859 -0.7008393 -0.5380824 0.4872073 -0.7291572 -0.4805818 0.5039527 -0.7542185 -0.4209348 0.5184474 -0.7759113 -0.3594078 0.5306265 -0.7941387 -0.2962756 0.5404358 -0.8088193 -0.2318202 0.5478313 -0.8198875 -0.1663294 0.5527801 -0.8272938 -0.1000957 0.55526 -0.8310053 -0.03341498 0.55526 -0.8310053 0.03341498 0.5527801 -0.8272938 0.1000957 0.5478313 -0.8198875 0.1663294 0.5404358 -0.8088193 0.2318202 0.5306265 -0.7941387 0.2962756 0.5184474 -0.7759113 0.3594078 0.5039527 -0.7542185 0.4209348 0.4872073 -0.7291572 0.4805818 0.4682859 -0.7008393 0.5380824 0.447273 -0.6693913 0.5931797 0.4242624 -0.6349536 0.6456279 0.399357 -0.59768 0.6951924 0.372668 -0.5577371 0.7416521 0.3443146 -0.5153032 0.7847994 0.3144234 -0.4705678 0.8244416 0.2831278 -0.4237308 0.8604016 0.2505678 -0.3750012 0.8925188 0.2168887 -0.3245968 0.9206499 0.1822408 -0.2727427 0.9446691 0.1467791 -0.2196704 0.9644692 0.1106618 -0.1656171 0.9799617 0.07405026 -0.1108241 0.9910775 0.037108 -0.05553605 0.9977669 0.04066078 -0.05299016 -0.9977669 0.08113996 -0.1057437 -0.9910775 0.1212567 -0.1580249 -0.9799617 0.160832 -0.2096003 -0.9644692 0.1996889 -0.2602396 -0.9446691 0.2376539 -0.3097166 -0.9206499 0.2745576 -0.3578104 -0.8925188 0.310235 -0.4043061 -0.8604016 0.3445268 -0.448996 -0.8244416 0.3772798 -0.4916806 -0.7847994 0.4083479 -0.5321693 -0.7416521 0.4375921 -0.5702812 -0.6951924 0.464882 -0.605846 -0.6456279 0.4900956 -0.638705 -0.5931797 0.5131203 -0.6687114 -0.5380824 0.5338533 -0.6957312 -0.4805818 0.552202 -0.7196436 -0.4209348 0.5680844 -0.740342 -0.3594078 0.5814296 -0.7577338 -0.2962756 0.592178 -0.7717413 -0.2318202 0.6002815 -0.7823021 -0.1663294 0.6057041 -0.789369 -0.1000957 0.6084215 -0.7929103 -0.03341498 0.6084215 -0.7929103 0.03341498 0.6057041 -0.789369 0.1000957 0.6002815 -0.7823021 0.1663294 0.592178 -0.7717413 0.2318202 0.5814296 -0.7577338 0.2962756 0.5680844 -0.740342 0.3594078 0.552202 -0.7196436 0.4209348 0.5338533 -0.6957312 0.4805818 0.5131203 -0.6687114 0.5380824 0.4900956 -0.638705 0.5931797 0.464882 -0.605846 0.6456279 0.4375921 -0.5702812 0.6951924 0.4083479 -0.5321693 0.7416521 0.3772798 -0.4916806 0.7847994 0.3445268 -0.448996 0.8244416 0.310235 -0.4043061 0.8604016 0.2745576 -0.3578104 0.8925188 0.2376539 -0.3097166 0.9206499 0.1996889 -0.2602396 0.9446691 0.160832 -0.2096003 0.9644692 0.1212567 -0.1580249 0.9799617 0.08113996 -0.1057437 0.9910775 0.04066078 -0.05299016 0.9977669 0.04403944 -0.05021736 -0.9977669 0.0878822 -0.1002104 -0.9910775 0.1313324 -0.149756 -0.9799617 0.1741961 -0.1986326 -0.9644692 0.2162818 -0.2466221 -0.9446691 0.2574015 -0.2935102 -0.9206499 0.2973716 -0.3390874 -0.8925188 0.3360136 -0.3831501 -0.8604016 0.3731548 -0.4255016 -0.8244416 0.4086295 -0.4659526 -0.7847994 0.4422791 -0.5043227 -0.7416521 0.4739534 -0.5404403 -0.6951924 0.5035109 -0.5741441 -0.6456279 0.5308196 -0.6052837 -0.5931797 0.5557575 -0.63372 -0.5380824 0.5782133 -0.6593259 -0.4805818 0.5980866 -0.6819871 -0.4209348 0.6152887 -0.7016023 -0.3594078 0.6297428 -0.7180841 -0.2962756 0.6413844 -0.7313587 -0.2318202 0.6501613 -0.7413669 -0.1663294 0.6560345 -0.7480639 -0.1000957 0.6589776 -0.75142 -0.03341498 0.6589776 -0.75142 0.03341498 0.6560345 -0.7480639 0.1000957 0.6501613 -0.7413669 0.1663294 0.6413844 -0.7313587 0.2318202 0.6297428 -0.7180841 0.2962756 0.6152887 -0.7016023 0.3594078 0.5980866 -0.6819871 0.4209348 0.5782133 -0.6593259 0.4805818 0.5557575 -0.63372 0.5380824 0.5308196 -0.6052837 0.5931797 0.5035109 -0.5741441 0.6456279 0.4739534 -0.5404403 0.6951924 0.4422791 -0.5043227 0.7416521 0.4086295 -0.4659526 0.7847994 0.3731548 -0.4255016 0.8244416 0.3360136 -0.3831501 0.8604016 0.2973716 -0.3390874 0.8925188 0.2574015 -0.2935102 0.9206499 0.2162818 -0.2466221 0.9446691 0.1741961 -0.1986326 0.9644692 0.1313324 -0.149756 0.9799617 0.0878822 -0.1002104 0.9910775 0.04403944 -0.05021736 0.9977669 0.04722952 -0.04722952 -0.9977669 0.09424811 -0.09424811 -0.9910775 0.1408458 -0.1408458 -0.9799617 0.1868144 -0.1868144 -0.9644692 0.2319486 -0.2319486 -0.9446691 0.2760469 -0.2760469 -0.9206499 0.3189123 -0.3189123 -0.8925188 0.3603534 -0.3603534 -0.8604016 0.400185 -0.400185 -0.8244416 0.4382293 -0.4382293 -0.7847994 0.4743164 -0.4743164 -0.7416521 0.5082851 -0.5082851 -0.6951924 0.5399836 -0.5399836 -0.6456279 0.5692705 -0.5692705 -0.5931797 0.5960148 -0.5960148 -0.5380824 0.6200972 -0.6200972 -0.4805818 0.6414101 -0.6414101 -0.4209348 0.6598583 -0.6598583 -0.3594078 0.6753595 -0.6753595 -0.2962756 0.6878442 -0.6878442 -0.2318202 0.697257 -0.697257 -0.1663294 0.7035556 -0.7035556 -0.1000957 0.7067119 -0.7067119 -0.03341498 0.7067119 -0.7067119 0.03341498 0.7035556 -0.7035556 0.1000957 0.697257 -0.697257 0.1663294 0.6878442 -0.6878442 0.2318202 0.6753595 -0.6753595 0.2962756 0.6598583 -0.6598583 0.3594078 0.6414101 -0.6414101 0.4209348 0.6200972 -0.6200972 0.4805818 0.5960148 -0.5960148 0.5380824 0.5692705 -0.5692705 0.5931797 0.5399836 -0.5399836 0.6456279 0.5082851 -0.5082851 0.6951924 0.4743164 -0.4743164 0.7416521 0.4382293 -0.4382293 0.7847994 0.400185 -0.400185 0.8244416 0.3603534 -0.3603534 0.8604016 0.3189123 -0.3189123 0.8925188 0.2760469 -0.2760469 0.9206499 0.2319486 -0.2319486 0.9446691 0.1868144 -0.1868144 0.9644692 0.1408458 -0.1408458 0.9799617 0.09424811 -0.09424811 0.9910775 0.04722952 -0.04722952 0.9977669 0.05021736 -0.04403944 -0.9977669 0.1002104 -0.0878822 -0.9910775 0.149756 -0.1313324 -0.9799617 0.1986326 -0.1741961 -0.9644692 0.2466221 -0.2162818 -0.9446691 0.2935102 -0.2574015 -0.9206499 0.3390874 -0.2973716 -0.8925188 0.3831501 -0.3360136 -0.8604016 0.4255016 -0.3731548 -0.8244416 0.4659526 -0.4086295 -0.7847994 0.5043227 -0.4422791 -0.7416521 0.5404403 -0.4739534 -0.6951924 0.5741441 -0.5035109 -0.6456279 0.6052837 -0.5308196 -0.5931797 0.63372 -0.5557575 -0.5380824 0.6593259 -0.5782133 -0.4805818 0.6819871 -0.5980866 -0.4209348 0.7016023 -0.6152887 -0.3594078 0.7180841 -0.6297428 -0.2962756 0.7313587 -0.6413844 -0.2318202 0.7413669 -0.6501613 -0.1663294 0.7480639 -0.6560345 -0.1000957 0.75142 -0.6589776 -0.03341498 0.75142 -0.6589776 0.03341498 0.7480639 -0.6560345 0.1000957 0.7413669 -0.6501613 0.1663294 0.7313587 -0.6413844 0.2318202 0.7180841 -0.6297428 0.2962756 0.7016023 -0.6152887 0.3594078 0.6819871 -0.5980866 0.4209348 0.6593259 -0.5782133 0.4805818 0.63372 -0.5557575 0.5380824 0.6052837 -0.5308196 0.5931797 0.5741441 -0.5035109 0.6456279 0.5404403 -0.4739534 0.6951924 0.5043227 -0.4422791 0.7416521 0.4659526 -0.4086295 0.7847994 0.4255016 -0.3731548 0.8244416 0.3831501 -0.3360136 0.8604016 0.3390874 -0.2973716 0.8925188 0.2935102 -0.2574015 0.9206499 0.2466221 -0.2162818 0.9446691 0.1986326 -0.1741961 0.9644692 0.149756 -0.1313324 0.9799617 0.1002104 -0.0878822 0.9910775 0.05021736 -0.04403944 0.9977669 0.05299016 -0.04066078 -0.9977669 0.1057437 -0.08113996 -0.9910775 0.1580249 -0.1212567 -0.9799617 0.2096003 -0.160832 -0.9644692 0.2602396 -0.1996889 -0.9446691 0.3097166 -0.2376539 -0.9206499 0.3578104 -0.2745576 -0.8925188 0.4043061 -0.310235 -0.8604016 0.448996 -0.3445268 -0.8244416 0.4916806 -0.3772798 -0.7847994 0.5321693 -0.4083479 -0.7416521 0.5702812 -0.4375921 -0.6951924 0.605846 -0.464882 -0.6456279 0.638705 -0.4900956 -0.5931797 0.6687114 -0.5131203 -0.5380824 0.6957312 -0.5338533 -0.4805818 0.7196436 -0.552202 -0.4209348 0.740342 -0.5680844 -0.3594078 0.7577338 -0.5814296 -0.2962756 0.7717413 -0.592178 -0.2318202 0.7823021 -0.6002815 -0.1663294 0.789369 -0.6057041 -0.1000957 0.7929103 -0.6084215 -0.03341498 0.7929103 -0.6084215 0.03341498 0.789369 -0.6057041 0.1000957 0.7823021 -0.6002815 0.1663294 0.7717413 -0.592178 0.2318202 0.7577338 -0.5814296 0.2962756 0.740342 -0.5680844 0.3594078 0.7196436 -0.552202 0.4209348 0.6957312 -0.5338533 0.4805818 0.6687114 -0.5131203 0.5380824 0.638705 -0.4900956 0.5931797 0.605846 -0.464882 0.6456279 0.5702812 -0.4375921 0.6951924 0.5321693 -0.4083479 0.7416521 0.4916806 -0.3772798 0.7847994 0.448996 -0.3445268 0.8244416 0.4043061 -0.310235 0.8604016 0.3578104 -0.2745576 0.8925188 0.3097166 -0.2376539 0.9206499 0.2602396 -0.1996889 0.9446691 0.2096003 -0.160832 0.9644692 0.1580249 -0.1212567 0.9799617 0.1057437 -0.08113996 0.9910775 0.05299016 -0.04066078 0.9977669 0.05553605 -0.037108 -0.9977669 0.1108241 -0.07405026 -0.9910775 0.1656171 -0.1106618 -0.9799617 0.2196704 -0.1467791 -0.9644692 0.2727427 -0.1822408 -0.9446691 0.3245968 -0.2168887 -0.9206499 0.3750012 -0.2505678 -0.8925188 0.4237308 -0.2831278 -0.8604016 0.4705678 -0.3144234 -0.8244416 0.5153032 -0.3443146 -0.7847994 0.5577371 -0.372668 -0.7416521 0.59768 -0.399357 -0.6951924 0.6349536 -0.4242624 -0.6456279 0.6693913 -0.447273 -0.5931797 0.7008393 -0.4682859 -0.5380824 0.7291572 -0.4872073 -0.4805818 0.7542185 -0.5039527 -0.4209348 0.7759113 -0.5184474 -0.3594078 0.7941387 -0.5306265 -0.2962756 0.8088193 -0.5404358 -0.2318202 0.8198875 -0.5478313 -0.1663294 0.8272938 -0.5527801 -0.1000957 0.8310053 -0.55526 -0.03341498 0.8310053 -0.55526 0.03341498 0.8272938 -0.5527801 0.1000957 0.8198875 -0.5478313 0.1663294 0.8088193 -0.5404358 0.2318202 0.7941387 -0.5306265 0.2962756 0.7759113 -0.5184474 0.3594078 0.7542185 -0.5039527 0.4209348 0.7291572 -0.4872073 0.4805818 0.7008393 -0.4682859 0.5380824 0.6693913 -0.447273 0.5931797 0.6349536 -0.4242624 0.6456279 0.59768 -0.399357 0.6951924 0.5577371 -0.372668 0.7416521 0.5153032 -0.3443146 0.7847994 0.4705678 -0.3144234 0.8244416 0.4237308 -0.2831278 0.8604016 0.3750012 -0.2505678 0.8925188 0.3245968 -0.2168887 0.9206499 0.2727427 -0.1822408 0.9446691 0.2196704 -0.1467791 0.9644692 0.1656171 -0.1106618 0.9799617 0.1108241 -0.07405026 0.9910775 0.05553605 -0.037108 0.9977669 0.05784412 -0.03339632 -0.9977669 0.1154299 -0.06664348 -0.9910775 0.1725001 -0.09959299 -0.9799617 0.2287999 -0.1320977 -0.9644692 0.2840779 -0.1640124 -0.9446691 0.338087 -0.1951946 -0.9206499 0.3905862 -0.2255051 -0.8925188 0.441341 -0.2548083 -0.8604016 0.4901246 -0.2829735 -0.8244416 0.5367191 -0.3098749 -0.7847994 0.5809166 -0.3353924 -0.7416521 0.6225196 -0.3594118 -0.6951924 0.6613422 -0.3818261 -0.6456279 0.6972111 -0.402535 -0.5931797 0.7299661 -0.4214461 -0.5380824 0.7594609 -0.438475 -0.4805818 0.7855638 -0.4535455 -0.4209348 0.8081581 -0.4665903 -0.3594078 0.827143 -0.4775512 -0.2962756 0.8424337 -0.4863793 -0.2318202 0.8539619 -0.4930351 -0.1663294 0.8616761 -0.4974889 -0.1000957 0.8655418 -0.4997208 -0.03341498 0.8655418 -0.4997208 0.03341498 0.8616761 -0.4974889 0.1000957 0.8539619 -0.4930351 0.1663294 0.8424337 -0.4863793 0.2318202 0.827143 -0.4775512 0.2962756 0.8081581 -0.4665903 0.3594078 0.7855638 -0.4535455 0.4209348 0.7594609 -0.438475 0.4805818 0.7299661 -0.4214461 0.5380824 0.6972111 -0.402535 0.5931797 0.6613422 -0.3818261 0.6456279 0.6225196 -0.3594118 0.6951924 0.5809166 -0.3353924 0.7416521 0.5367191 -0.3098749 0.7847994 0.4901246 -0.2829735 0.8244416 0.441341 -0.2548083 0.8604016 0.3905862 -0.2255051 0.8925188 0.338087 -0.1951946 0.9206499 0.2840779 -0.1640124 0.9446691 0.2287999 -0.1320977 0.9644692 0.1725001 -0.09959299 0.9799617 0.1154299 -0.06664348 0.9910775 0.05784412 -0.03339632 0.9977669 0.05990449 -0.02954163 -0.9977669 0.1195414 -0.05895131 -0.9910775 0.1786445 -0.08809771 -0.9799617 0.2369497 -0.1168506 -0.9644692 0.2941966 -0.1450817 -0.9446691 0.3501295 -0.1726648 -0.9206499 0.4044987 -0.1994767 -0.8925188 0.4570613 -0.2253977 -0.8604016 0.5075825 -0.250312 -0.8244416 0.5558368 -0.2741084 -0.7847994 0.6016085 -0.2966805 -0.7416521 0.6446934 -0.3179276 -0.6951924 0.6848988 -0.3377547 -0.6456279 0.7220454 -0.3560734 -0.5931797 0.7559671 -0.3728017 -0.5380824 0.7865125 -0.387865 -0.4805818 0.8135451 -0.4011961 -0.4209348 0.8369443 -0.4127352 -0.3594078 0.8566054 -0.422431 -0.2962756 0.8724407 -0.4302402 -0.2318202 0.8843795 -0.4361277 -0.1663294 0.8923685 -0.4400674 -0.1000957 0.8963719 -0.4420417 -0.03341498 0.8963719 -0.4420417 0.03341498 0.8923685 -0.4400674 0.1000957 0.8843795 -0.4361277 0.1663294 0.8724407 -0.4302402 0.2318202 0.8566054 -0.422431 0.2962756 0.8369443 -0.4127352 0.3594078 0.8135451 -0.4011961 0.4209348 0.7865125 -0.387865 0.4805818 0.7559671 -0.3728017 0.5380824 0.7220454 -0.3560734 0.5931797 0.6848988 -0.3377547 0.6456279 0.6446934 -0.3179276 0.6951924 0.6016085 -0.2966805 0.7416521 0.5558368 -0.2741084 0.7847994 0.5075825 -0.250312 0.8244416 0.4570613 -0.2253977 0.8604016 0.4044987 -0.1994767 0.8925188 0.3501295 -0.1726648 0.9206499 0.2941966 -0.1450817 0.9446691 0.2369497 -0.1168506 0.9644692 0.1786445 -0.08809771 0.9799617 0.1195414 -0.05895131 0.9910775 0.05990449 -0.02954163 0.9977669 0.06170835 -0.02556043 -0.9977669 0.1231411 -0.05100671 -0.9910775 0.1840239 -0.07622518 -0.9799617 0.2440847 -0.1011032 -0.9644692 0.3030555 -0.1255297 -0.9446691 0.3606727 -0.1493955 -0.9206499 0.416679 -0.1725941 -0.8925188 0.4708244 -0.1950218 -0.8604016 0.5228669 -0.2165786 -0.8244416 0.5725742 -0.237168 -0.7847994 0.6197243 -0.2566982 -0.7416521 0.6641065 -0.2750819 -0.6951924 0.7055226 -0.292237 -0.6456279 0.7437877 -0.308087 -0.5931797 0.7787309 -0.3225609 -0.5380824 0.8101961 -0.3355942 -0.4805818 0.8380427 -0.3471287 -0.4209348 0.8621465 -0.3571128 -0.3594078 0.8823996 -0.3655019 -0.2962756 0.8987118 -0.3722586 -0.2318202 0.9110101 -0.3773527 -0.1663294 0.9192396 -0.3807615 -0.1000957 0.9233636 -0.3824697 -0.03341498 0.9233636 -0.3824697 0.03341498 0.9192396 -0.3807615 0.1000957 0.9110101 -0.3773527 0.1663294 0.8987118 -0.3722586 0.2318202 0.8823996 -0.3655019 0.2962756 0.8621465 -0.3571128 0.3594078 0.8380427 -0.3471287 0.4209348 0.8101961 -0.3355942 0.4805818 0.7787309 -0.3225609 0.5380824 0.7437877 -0.308087 0.5931797 0.7055226 -0.292237 0.6456279 0.6641065 -0.2750819 0.6951924 0.6197243 -0.2566982 0.7416521 0.5725742 -0.237168 0.7847994 0.5228669 -0.2165786 0.8244416 0.4708244 -0.1950218 0.8604016 0.416679 -0.1725941 0.8925188 0.3606727 -0.1493955 0.9206499 0.3030555 -0.1255297 0.9446691 0.2440847 -0.1011032 0.9644692 0.1840239 -0.07622518 0.9799617 0.1231411 -0.05100671 0.9910775 0.06170835 -0.02556043 0.9977669 0.06324796 -0.02146979 -0.9977669 0.1262134 -0.04284369 -0.9910775 0.1886152 -0.06402624 -0.9799617 0.2501746 -0.08492283 -0.9644692 0.3106166 -0.1054401 -0.9446691 0.3696714 -0.1254865 -0.9206499 0.4270751 -0.1449725 -0.8925188 0.4825714 -0.1638109 -0.8604016 0.5359124 -0.1819177 -0.8244416 0.5868598 -0.1992121 -0.7847994 0.6351863 -0.2156167 -0.7416521 0.6806758 -0.2310583 -0.6951924 0.7231253 -0.245468 -0.6456279 0.7623451 -0.2587813 -0.5931797 0.7981601 -0.2709388 -0.5380824 0.8304103 -0.2818863 -0.4805818 0.8589517 -0.2915748 -0.4209348 0.8836568 -0.2999611 -0.3594078 0.9044153 -0.3070076 -0.2962756 0.9211345 -0.312683 -0.2318202 0.9337396 -0.3169619 -0.1663294 0.9421745 -0.3198251 -0.1000957 0.9464013 -0.32126 -0.03341498 0.9464013 -0.32126 0.03341498 0.9421745 -0.3198251 0.1000957 0.9337396 -0.3169619 0.1663294 0.9211345 -0.312683 0.2318202 0.9044153 -0.3070076 0.2962756 0.8836568 -0.2999611 0.3594078 0.8589517 -0.2915748 0.4209348 0.8304103 -0.2818863 0.4805818 0.7981601 -0.2709388 0.5380824 0.7623451 -0.2587813 0.5931797 0.7231253 -0.245468 0.6456279 0.6806758 -0.2310583 0.6951924 0.6351863 -0.2156167 0.7416521 0.5868598 -0.1992121 0.7847994 0.5359124 -0.1819177 0.8244416 0.4825714 -0.1638109 0.8604016 0.4270751 -0.1449725 0.8925188 0.3696714 -0.1254865 0.9206499 0.3106166 -0.1054401 0.9446691 0.2501746 -0.08492283 0.9644692 0.1886152 -0.06402624 0.9799617 0.1262134 -0.04284369 0.9910775 0.06324796 -0.02146979 0.9977669 0.06451673 -0.01728721 -0.9977669 0.1287453 -0.0344972 -0.9910775 0.1923989 -0.05155313 -0.9799617 0.2551932 -0.0683788 -0.9644692 0.3168477 -0.08489908 -0.9446691 0.3770871 -0.1010402 -0.9206499 0.4356423 -0.11673 -0.8925188 0.4922519 -0.1318985 -0.8604016 0.5466629 -0.1464779 -0.8244416 0.5986324 -0.1604031 -0.7847994 0.6479283 -0.1736119 -0.7416521 0.6943304 -0.1860453 -0.6951924 0.7376314 -0.1976477 -0.6456279 0.777638 -0.2083675 -0.5931797 0.8141714 -0.2181566 -0.5380824 0.8470686 -0.2269713 -0.4805818 0.8761825 -0.2347724 -0.4209348 0.9013833 -0.2415249 -0.3594078 0.9225582 -0.2471987 -0.2962756 0.9396127 -0.2517685 -0.2318202 0.9524707 -0.2552138 -0.1663294 0.9610748 -0.2575192 -0.1000957 0.9653864 -0.2586745 -0.03341498 0.9653864 -0.2586745 0.03341498 0.9610748 -0.2575192 0.1000957 0.9524707 -0.2552138 0.1663294 0.9396127 -0.2517685 0.2318202 0.9225582 -0.2471987 0.2962756 0.9013833 -0.2415249 0.3594078 0.8761825 -0.2347724 0.4209348 0.8470686 -0.2269713 0.4805818 0.8141714 -0.2181566 0.5380824 0.777638 -0.2083675 0.5931797 0.7376314 -0.1976477 0.6456279 0.6943304 -0.1860453 0.6951924 0.6479283 -0.1736119 0.7416521 0.5986324 -0.1604031 0.7847994 0.5466629 -0.1464779 0.8244416 0.4922519 -0.1318985 0.8604016 0.4356423 -0.11673 0.8925188 0.3770871 -0.1010402 0.9206499 0.3168477 -0.08489908 0.9446691 0.2551932 -0.0683788 0.9644692 0.1923989 -0.05155313 0.9799617 0.1287453 -0.0344972 0.9910775 0.06451673 -0.01728721 0.9977669 0.06550923 -0.0130306 -0.9977669 0.1307259 -0.026003 -0.9910775 0.1953587 -0.03885926 -0.9799617 0.259119 -0.05154197 -0.9644692 0.321722 -0.06399448 -0.9446691 0.3828881 -0.07616117 -0.9206499 0.4423441 -0.08798771 -0.8925188 0.4998245 -0.09942127 -0.8604016 0.5550726 -0.1104108 -0.8244416 0.6078416 -0.1209072 -0.7847994 0.6578958 -0.1308636 -0.7416521 0.7050117 -0.1402355 -0.6951924 0.7489788 -0.1489812 -0.6456279 0.7896009 -0.1570614 -0.5931797 0.8266963 -0.1644401 -0.5380824 0.8600996 -0.1710844 -0.4805818 0.8896614 -0.1769647 -0.4209348 0.9152498 -0.1820545 -0.3594078 0.9367505 -0.1863313 -0.2962756 0.9540674 -0.1897758 -0.2318202 0.9671232 -0.1923728 -0.1663294 0.9758596 -0.1941105 -0.1000957 0.9802376 -0.1949814 -0.03341498 0.9802376 -0.1949814 0.03341498 0.9758596 -0.1941105 0.1000957 0.9671232 -0.1923728 0.1663294 0.9540674 -0.1897758 0.2318202 0.9367505 -0.1863313 0.2962756 0.9152498 -0.1820545 0.3594078 0.8896614 -0.1769647 0.4209348 0.8600996 -0.1710844 0.4805818 0.8266963 -0.1644401 0.5380824 0.7896009 -0.1570614 0.5931797 0.7489788 -0.1489812 0.6456279 0.7050117 -0.1402355 0.6951924 0.6578958 -0.1308636 0.7416521 0.6078416 -0.1209072 0.7847994 0.5550726 -0.1104108 0.8244416 0.4998245 -0.09942127 0.8604016 0.4423441 -0.08798771 0.8925188 0.3828881 -0.07616117 0.9206499 0.321722 -0.06399448 0.9446691 0.259119 -0.05154197 0.9644692 0.1953587 -0.03885926 0.9799617 0.1307259 -0.026003 0.9910775 0.06550923 -0.0130306 0.9977669 0.06622121 -0.008718188 -0.9977669 0.1321467 -0.01739744 -0.9910775 0.1974819 -0.02599899 -0.9799617 0.2619352 -0.03448442 -0.9644692 0.3252186 -0.04281584 -0.9446691 0.3870494 -0.05095603 -0.9206499 0.4471517 -0.05886863 -0.8925188 0.5052568 -0.06651832 -0.8604016 0.5611053 -0.07387092 -0.8244416 0.6144478 -0.08089359 -0.7847994 0.6650461 -0.08755498 -0.7416521 0.712674 -0.09382532 -0.6951924 0.757119 -0.09967661 -0.6456279 0.7981826 -0.1050827 -0.5931797 0.8356812 -0.1100195 -0.5380824 0.8694475 -0.1144649 -0.4805818 0.8993306 -0.1183991 -0.4209348 0.9251971 -0.1218045 -0.3594078 0.9469315 -0.1246659 -0.2962756 0.9644366 -0.1269705 -0.2318202 0.9776343 -0.128708 -0.1663294 0.9864656 -0.1298707 -0.1000957 0.9908912 -0.1304533 -0.03341498 0.9908912 -0.1304533 0.03341498 0.9864656 -0.1298707 0.1000957 0.9776343 -0.128708 0.1663294 0.9644366 -0.1269705 0.2318202 0.9469315 -0.1246659 0.2962756 0.9251971 -0.1218045 0.3594078 0.8993306 -0.1183991 0.4209348 0.8694475 -0.1144649 0.4805818 0.8356812 -0.1100195 0.5380824 0.7981826 -0.1050827 0.5931797 0.757119 -0.09967661 0.6456279 0.712674 -0.09382532 0.6951924 0.6650461 -0.08755498 0.7416521 0.6144478 -0.08089359 0.7847994 0.5611053 -0.07387092 0.8244416 0.5052568 -0.06651832 0.8604016 0.4471517 -0.05886863 0.8925188 0.3870494 -0.05095603 0.9206499 0.3252186 -0.04281584 0.9446691 0.2619352 -0.03448442 0.9644692 0.1974819 -0.02599899 0.9799617 0.1321467 -0.01739744 0.9910775 0.06622121 -0.008718188 0.9977669 0.06664963 -0.004368447 -0.9977669 0.1330016 -0.008717384 -0.9910775 0.1987595 -0.01302739 -0.9799617 0.2636297 -0.01727921 -0.9644692 0.3273225 -0.02145385 -0.9446691 0.3895534 -0.02553268 -0.9206499 0.4500445 -0.02949747 -0.8925188 0.5085255 -0.03333052 -0.8604016 0.5647354 -0.03701471 -0.8244416 0.618423 -0.04053358 -0.7847994 0.6693485 -0.04387142 -0.7416521 0.7172846 -0.04701332 -0.6951924 0.7620172 -0.04994524 -0.6456279 0.8033463 -0.0526541 -0.5931797 0.8410876 -0.05512779 -0.5380824 0.8750723 -0.05735527 -0.4805818 0.9051488 -0.05932658 -0.4209348 0.9311826 -0.06103293 -0.3594078 0.9530575 -0.06246669 -0.2962756 0.9706759 -0.06362146 -0.2318202 0.983959 -0.06449208 -0.1663294 0.9928475 -0.06507466 -0.1000957 0.9973017 -0.06536661 -0.03341498 0.9973017 -0.06536661 0.03341498 0.9928475 -0.06507466 0.1000957 0.983959 -0.06449208 0.1663294 0.9706759 -0.06362146 0.2318202 0.9530575 -0.06246669 0.2962756 0.9311826 -0.06103293 0.3594078 0.9051488 -0.05932658 0.4209348 0.8750723 -0.05735527 0.4805818 0.8410876 -0.05512779 0.5380824 0.8033463 -0.0526541 0.5931797 0.7620172 -0.04994524 0.6456279 0.7172846 -0.04701332 0.6951924 0.6693485 -0.04387142 0.7416521 0.618423 -0.04053358 0.7847994 0.5647354 -0.03701471 0.8244416 0.5085255 -0.03333052 0.8604016 0.4500445 -0.02949747 0.8925188 0.3895534 -0.02553268 0.9206499 0.3273225 -0.02145385 0.9446691 0.2636297 -0.01727921 0.9644692 0.1987595 -0.01302739 0.9799617 0.1330016 -0.008717384 0.9910775 0.06664963 -0.004368447 0.9977669</float_array>
          <technique_common>
            <accessor count="4418" source="#verts-array-array" stride="3">
              <param type="float" name="X"/>
              <param type="float" name="Y"/>
              <param type="float" name="Z"/>
            </accessor>
          </technique_common>
        </source>
        <source id="normals-array">
          <float_array count="13254" id="normals-array-array">7.372934e-17 -3.518253e-17 -1 0.06748561 6.103569e-18 -0.9977202 0.1339706 -5.525449e-19 -0.9909853 0.1998543 2.144689e-17 -0.9798256 0.2648427 6.458638e-17 -0.9642916 0.3286458 3.785629e-17 -0.9444532 0.390979 2.56998e-17 -0.9203996 0.4515643 7.434114e-17 -0.8922386 0.5101316 9.866791e-17 -0.8600964 0.5664199 4.118367e-17 -0.8241168 0.6201783 1.418036e-16 -0.7844609 0.6711673 1.72222e-16 -0.7413059 0.7191598 1.68087e-16 -0.6948448 0.763942 1.747337e-16 -0.6452849 0.8053147 4.700414e-17 -0.5928476 0.8430936 -1.603766e-17 -0.5377669 0.8771105 1.902503e-16 -0.4802886 0.9072141 2.793058e-16 -0.4206692 0.9332704 2.21242e-17 -0.3591745 0.9551635 8.62876e-17 -0.2960788 0.972796 1.388388e-16 -0.2316633 0.9860895 1.792223e-16 -0.1662153 0.9949848 1.609707e-16 -0.1000264 0.9994423 6.80397e-17 -0.03339176 0.9994423 2.373092e-16 0.03339176 0.9949848 1.34972e-16 0.1000264 0.9860895 1.133968e-16 0.1662153 0.972796 1.576456e-16 0.2316633 0.9551635 2.002315e-16 0.2960788 0.9332704 2.649373e-16 0.3591745 0.9072141 -1.493318e-17 0.4206692 0.8771105 8.959463e-17 0.4802886 0.8430936 2.825947e-16 0.5377669 0.8053147 1.537312e-16 0.5928476 0.763942 4.921297e-17 0.6452849 0.7191598 4.561573e-17 0.6948448 0.6711673 3.483142e-17 0.7413059 0.6201783 7.076359e-17 0.7844609 0.5664199 1.254858e-16 0.8241168 0.5101316 1.409542e-17 0.8600964 0.4515643 7.10248e-17 0.8922386 0.390979 9.6996e-17 0.9203996 0.3286458 1.244836e-16 0.9444532 0.2648427 -2.037752e-17 0.9642916 0.1998543 1.155231e-17 0.9798256 0.1339706 6.742775e-17 0.9909853 0.06748561 1.322584e-17 0.9977202 5.507243e-17 1.986615e-19 1 0.06734112 0.00441377 -0.9977202 0.1336838 0.008762097 -0.9909853 0.1994264 0.0130711 -0.9798256 0.2642757 0.01732154 -0.9642916 0.3279422 0.02149446 -0.9444532 0.3901419 0.02557125 -0.9203996 0.4505975 0.02953372 -0.8922386 0.5090394 0.0333642 -0.8600964 0.5652071 0.03704563 -0.8241168 0.6188504 0.0405616 -0.7844609 0.6697302 0.04389644 -0.7413059 0.71762 0.0470353 -0.6948448 0.7623064 0.0499642 -0.6452849 0.8035905 0.0526701 -0.5928476 0.8412884 0.05514096 -0.5377669 0.8752325 0.05736577 -0.4802886 0.9052717 0.05933464 -0.4206692 0.9312722 0.0610388 -0.3591745 0.9531184 0.06247068 -0.2960788 0.9707132 0.0636239 -0.2316633 0.9839782 0.06449334 -0.1662153 0.9928544 0.06507512 -0.1000264 0.9973025 0.06536666 -0.03339176 0.9973025 0.06536666 0.03339176 0.9928544 0.06507512 0.1000264 0.9839782 0.06449334 0.1662153 0.9707132 0.0636239 0.2316633 0.9531184 0.06247068 0.2960788 0.9312722 0.0610388 0.3591745 0.9052717 0.05933464 0.4206692 0.8752325 0.05736577 0.4802886 0.8412884 0.05514096 0.5377669 0.8035905 0.0526701 0.5928476 0.7623064 0.0499642 0.6452849 0.71762 0.0470353 0.6948448 0.6697302 0.04389644 0.7413059 0.6188504 0.0405616 0.7844609 0.5652071 0.03704563 0.8241168 0.5090394 0.0333642 0.8600964 0.4505975 0.02953372 0.8922386 0.3901419 0.02557125 0.9203996 0.3279422 0.02149446 0.9444532 0.2642757 0.01732154 0.9642916 0.1994264 0.0130711 0.9798256 0.1336838 0.008762097 0.9909853 0.06734112 0.00441377 0.9977202 0.06690826 0.00880864 -0.9977202 0.1328245 0.01748667 -0.9909853 0.1981445 0.02608622 -0.9798256 0.2625769 0.03456891 -0.9642916 0.3258342 0.04289689 -0.9444532 0.3876341 0.051033 -0.9203996 0.4477011 0.05894097 -0.8922386 0.5057674 0.06658554 -0.8600964 0.5615741 0.07393263 -0.8241168 0.6148725 0.08094951 -0.7844609 0.6654253 0.08760491 -0.7413059 0.7130073 0.09386919 -0.6948448 0.7574064 0.09971445 -0.6452849 0.7984251 0.1051147 -0.5928476 0.8358808 0.1100458 -0.5377669 0.8696067 0.1144859 -0.4802886 0.8994527 0.1184152 -0.4206692 0.9252861 0.1218162 -0.3591745 0.946992 0.1246739 -0.2960788 0.9644736 0.1269754 -0.2316633 0.9776534 0.1287105 -0.1662153 0.9864725 0.1298716 -0.1000264 0.990892 0.1304534 -0.03339176 0.990892 0.1304534 0.03339176 0.9864725 0.1298716 0.1000264 0.9776534 0.1287105 0.1662153 0.9644736 0.1269754 0.2316633 0.946992 0.1246739 0.2960788 0.9252861 0.1218162 0.3591745 0.8994527 0.1184152 0.4206692 0.8696067 0.1144859 0.4802886 0.8358808 0.1100458 0.5377669 0.7984251 0.1051147 0.5928476 0.7574064 0.09971445 0.6452849 0.7130073 0.09386919 0.6948448 0.6654253 0.08760491 0.7413059 0.6148725 0.08094951 0.7844609 0.5615741 0.07393263 0.8241168 0.5057674 0.06658554 0.8600964 0.4477011 0.05894097 0.8922386 0.3876341 0.051033 0.9203996 0.3258342 0.04289689 0.9444532 0.2625769 0.03456891 0.9642916 0.1981445 0.02608622 0.9798256 0.1328245 0.01748667 0.9909853 0.06690826 0.00880864 0.9977202 0.06618889 0.01316579 -0.9977202 0.1313964 0.02613637 -0.9909853 0.1960142 0.03898964 -0.9798256 0.2597538 0.05166825 -0.9642916 0.322331 0.06411562 -0.9444532 0.3834664 0.07627622 -0.9203996 0.4428876 0.08809582 -0.8922386 0.5003296 0.09952174 -0.8600964 0.5555363 0.110503 -0.8241168 0.6082617 0.1209908 -0.7844609 0.658271 0.1309382 -0.7413059 0.7053413 0.1403011 -0.6948448 0.7492631 0.1490377 -0.6452849 0.7898408 0.1571091 -0.5928476 0.8268938 0.1644794 -0.5377669 0.8602571 0.1711158 -0.4802886 0.8897822 0.1769887 -0.4206692 0.9153379 0.182072 -0.3591745 0.9368103 0.1863432 -0.2960788 0.954104 0.1897831 -0.2316633 0.9671421 0.1923765 -0.1662153 0.9758664 0.1941119 -0.1000264 0.9802383 0.1949815 -0.03339176 0.9802383 0.1949815 0.03339176 0.9758664 0.1941119 0.1000264 0.9671421 0.1923765 0.1662153 0.954104 0.1897831 0.2316633 0.9368103 0.1863432 0.2960788 0.9153379 0.182072 0.3591745 0.8897822 0.1769887 0.4206692 0.8602571 0.1711158 0.4802886 0.8268938 0.1644794 0.5377669 0.7898408 0.1571091 0.5928476 0.7492631 0.1490377 0.6452849 0.7053413 0.1403011 0.6948448 0.658271 0.1309382 0.7413059 0.6082617 0.1209908 0.7844609 0.5555363 0.110503 0.8241168 0.5003296 0.09952174 0.8600964 0.4428876 0.08809582 0.8922386 0.3834664 0.07627622 0.9203996 0.322331 0.06411562 0.9444532 0.2597538 0.05166825 0.9642916 0.1960142 0.03898964 0.9798256 0.1313964 0.02613637 0.9909853 0.06618889 0.01316579 0.9977202 0.06518609 0.01746656 -0.9977202 0.1294057 0.03467414 -0.9909853 0.1930445 0.05172611 -0.9798256 0.2558184 0.06854634 -0.9642916 0.3174475 0.08505979 -0.9444532 0.3776567 0.1011928 -0.9203996 0.4361776 0.1168734 -0.8922386 0.4927493 0.1320318 -0.8600964 0.5471196 0.1466003 -0.8241168 0.5990462 0.1605139 -0.7844609 0.6482978 0.1737109 -0.7413059 0.694655 0.1861322 -0.6948448 0.7379113 0.1977227 -0.6452849 0.7778743 0.2084308 -0.5928476 0.8143659 0.2182087 -0.5377669 0.8472237 0.2270129 -0.4802886 0.8763015 0.2348043 -0.4206692 0.90147 0.2415482 -0.3591745 0.9226171 0.2472145 -0.2960788 0.9396488 0.2517781 -0.2316633 0.9524893 0.2552187 -0.1662153 0.9610815 0.257521 -0.1000264 0.9653872 0.2586747 -0.03339176 0.9653872 0.2586747 0.03339176 0.9610815 0.257521 0.1000264 0.9524893 0.2552187 0.1662153 0.9396488 0.2517781 0.2316633 0.9226171 0.2472145 0.2960788 0.90147 0.2415482 0.3591745 0.8763015 0.2348043 0.4206692 0.8472237 0.2270129 0.4802886 0.8143659 0.2182087 0.5377669 0.7778743 0.2084308 0.5928476 0.7379113 0.1977227 0.6452849 0.694655 0.1861322 0.6948448 0.6482978 0.1737109 0.7413059 0.5990462 0.1605139 0.7844609 0.5471196 0.1466003 0.8241168 0.4927493 0.1320318 0.8600964 0.4361776 0.1168734 0.8922386 0.3776567 0.1011928 0.9203996 0.3174475 0.08505979 0.9444532 0.2558184 0.06854634 0.9642916 0.1930445 0.05172611 0.9798256 0.1294057 0.03467414 0.9909853 0.06518609 0.01746656 0.9977202 0.06390416 0.02169254 -0.9977202 0.1268608 0.04306344 -0.9909853 0.1892481 0.06424107 -0.9798256 0.2507875 0.0851309 -0.9642916 0.3112046 0.1056397 -0.9444532 0.3702298 0.1256761 -0.9203996 0.4275998 0.1451506 -0.8922386 0.483059 0.1639764 -0.8600964 0.53636 0.1820697 -0.8241168 0.5872655 0.1993498 -0.7844609 0.6355485 0.2157396 -0.7413059 0.680994 0.2311663 -0.6948448 0.7233997 0.2455611 -0.6452849 0.7625768 0.2588599 -0.5928476 0.7983507 0.2710035 -0.5377669 0.8305624 0.2819379 -0.4802886 0.8590684 0.2916144 -0.4206692 0.8837419 0.2999899 -0.3591745 0.9044731 0.3070272 -0.2960788 0.9211699 0.312695 -0.2316633 0.9337578 0.3169681 -0.1662153 0.9421811 0.3198274 -0.1000264 0.9464021 0.3212602 -0.03339176 0.9464021 0.3212602 0.03339176 0.9421811 0.3198274 0.1000264 0.9337578 0.3169681 0.1662153 0.9211699 0.312695 0.2316633 0.9044731 0.3070272 0.2960788 0.8837419 0.2999899 0.3591745 0.8590684 0.2916144 0.4206692 0.8305624 0.2819379 0.4802886 0.7983507 0.2710035 0.5377669 0.7625768 0.2588599 0.5928476 0.7233997 0.2455611 0.6452849 0.680994 0.2311663 0.6948448 0.6355485 0.2157396 0.7413059 0.5872655 0.1993498 0.7844609 0.53636 0.1820697 0.8241168 0.483059 0.1639764 0.8600964 0.4275998 0.1451506 0.8922386 0.3702298 0.1256761 0.9203996 0.3112046 0.1056397 0.9444532 0.2507875 0.0851309 0.9642916 0.1892481 0.06424107 0.9798256 0.1268608 0.04306344 0.9909853 0.06390416 0.02169254 0.9977202 0.06234857 0.02582562 -0.9977202 0.1237727 0.05126833 -0.9909853 0.1846413 0.07648094 -0.9798256 0.2446828 0.1013509 -0.9642916 0.3036291 0.1257673 -0.9444532 0.3612175 0.1496212 -0.9203996 0.417191 0.1728062 -0.8922386 0.4713002 0.1952189 -0.8600964 0.5233037 0.2167595 -0.8241168 0.57297 0.2373319 -0.7844609 0.6200777 0.2568446 -0.7413059 0.664417 0.2752105 -0.6948448 0.7057904 0.292348 -0.6452849 0.7440138 0.3081806 -0.5928476 0.7789169 0.3226379 -0.5377669 0.8103444 0.3356557 -0.4802886 0.8381565 0.3471758 -0.4206692 0.8622294 0.3571471 -0.3591745 0.882456 0.3655253 -0.2960788 0.8987463 0.3722729 -0.2316633 0.9110279 0.3773601 -0.1662153 0.9192461 0.3807642 -0.1000264 0.9233643 0.38247 -0.03339176 0.9233643 0.38247 0.03339176 0.9192461 0.3807642 0.1000264 0.9110279 0.3773601 0.1662153 0.8987463 0.3722729 0.2316633 0.882456 0.3655253 0.2960788 0.8622294 0.3571471 0.3591745 0.8381565 0.3471758 0.4206692 0.8103444 0.3356557 0.4802886 0.7789169 0.3226379 0.5377669 0.7440138 0.3081806 0.5928476 0.7057904 0.292348 0.6452849 0.664417 0.2752105 0.6948448 0.6200777 0.2568446 0.7413059 0.57297 0.2373319 0.7844609 0.5233037 0.2167595 0.8241168 0.4713002 0.1952189 0.8600964 0.417191 0.1728062 0.8922386 0.3612175 0.1496212 0.9203996 0.3036291 0.1257673 0.9444532 0.2446828 0.1013509 0.9642916 0.1846413 0.07648094 0.9798256 0.1237727 0.05126833 0.9909853 0.06234857 0.02582562 0.9977202 0.060526 0.02984812 -0.9977202 0.1201546 0.05925368 -0.9909853 0.1792439 0.08839331 -0.9798256 0.2375302 0.1171369 -0.9642916 0.2947535 0.1453563 -0.9444532 0.3506584 0.1729256 -0.9203996 0.4049957 0.1997218 -0.8922386 0.4575231 0.2256254 -0.8600964 0.5080065 0.2505211 -0.8241168 0.556221 0.2742978 -0.7844609 0.6019516 0.2968497 -0.7413059 0.6449948 0.3180762 -0.6948448 0.6851588 0.3378829 -0.6452849 0.7222648 0.3561816 -0.5928476 0.7561476 0.3728908 -0.5377669 0.7866565 0.3879361 -0.4802886 0.8136556 0.4012505 -0.4206692 0.8370248 0.4127749 -0.3591745 0.8566601 0.422458 -0.2960788 0.8724742 0.4302567 -0.2316633 0.8843968 0.4361362 -0.1662153 0.8923747 0.4400705 -0.1000264 0.8963726 0.442042 -0.03339176 0.8963726 0.442042 0.03339176 0.8923747 0.4400705 0.1000264 0.8843968 0.4361362 0.1662153 0.8724742 0.4302567 0.2316633 0.8566601 0.422458 0.2960788 0.8370248 0.4127749 0.3591745 0.8136556 0.4012505 0.4206692 0.7866565 0.3879361 0.4802886 0.7561476 0.3728908 0.5377669 0.7222648 0.3561816 0.5928476 0.6851588 0.3378829 0.6452849 0.6449948 0.3180762 0.6948448 0.6019516 0.2968497 0.7413059 0.556221 0.2742978 0.7844609 0.5080065 0.2505211 0.8241168 0.4575231 0.2256254 0.8600964 0.4049957 0.1997218 0.8922386 0.3506584 0.1729256 0.9203996 0.2947535 0.1453563 0.9444532 0.2375302 0.1171369 0.9642916 0.1792439 0.08839331 0.9798256 0.1201546 0.05925368 0.9909853 0.060526 0.02984812 0.9977202 0.05844425 0.0337428 -0.9977202 0.1160219 0.0669853 -0.9909853 0.1730789 0.09992716 -0.9798256 0.2293605 0.1324214 -0.9642916 0.2846156 0.1643229 -0.9444532 0.3385977 0.1954895 -0.9203996 0.3910662 0.2257821 -0.8922386 0.4417869 0.2550658 -0.8600964 0.490534 0.2832099 -0.8241168 0.5370901 0.3100891 -0.7844609 0.5812479 0.3355836 -0.7413059 0.6228106 0.3595799 -0.6948448 0.6615932 0.381971 -0.6452849 0.697423 0.4026574 -0.5928476 0.7301404 0.4215468 -0.5377669 0.7596 0.4385552 -0.4802886 0.7856704 0.453607 -0.4206692 0.8082359 0.4666352 -0.3591745 0.8271959 0.4775818 -0.2960788 0.8424661 0.486398 -0.2316633 0.8539785 0.4930447 -0.1662153 0.8616821 0.4974924 -0.1000264 0.8655425 0.4997212 -0.03339176 0.8655425 0.4997212 0.03339176 0.8616821 0.4974924 0.1000264 0.8539785 0.4930447 0.1662153 0.8424661 0.486398 0.2316633 0.8271959 0.4775818 0.2960788 0.8082359 0.4666352 0.3591745 0.7856704 0.453607 0.4206692 0.7596 0.4385552 0.4802886 0.7301404 0.4215468 0.5377669 0.697423 0.4026574 0.5928476 0.6615932 0.381971 0.6452849 0.6228106 0.3595799 0.6948448 0.5812479 0.3355836 0.7413059 0.5370901 0.3100891 0.7844609 0.490534 0.2832099 0.8241168 0.4417869 0.2550658 0.8600964 0.3910662 0.2257821 0.8922386 0.3385977 0.1954895 0.9203996 0.2846156 0.1643229 0.9444532 0.2293605 0.1324214 0.9642916 0.1730789 0.09992716 0.9798256 0.1160219 0.0669853 0.9909853 0.05844425 0.0337428 0.9977202 0.05611223 0.037493 -0.9977202 0.1113925 0.07443008 -0.9909853 0.1661728 0.1110331 -0.9798256 0.2202087 0.1471387 -0.9642916 0.273259 0.1825858 -0.9444532 0.3250872 0.2172163 -0.9203996 0.375462 0.2508757 -0.8922386 0.4241589 0.2834139 -0.8600964 0.4709609 0.314686 -0.8241168 0.5156594 0.3445526 -0.7844609 0.5580552 0.3728806 -0.7413059 0.5979595 0.3995438 -0.6948448 0.6351946 0.4244235 -0.6452849 0.6695947 0.4474089 -0.5928476 0.7010067 0.4683977 -0.5377669 0.7292907 0.4872965 -0.4802886 0.7543209 0.5040211 -0.4206692 0.775986 0.5184973 -0.3591745 0.7941894 0.5306604 -0.2960788 0.8088503 0.5404565 -0.2316633 0.8199034 0.547842 -0.1662153 0.8272996 0.5527839 -0.1000264 0.8310059 0.5552604 -0.03339176 0.8310059 0.5552604 0.03339176 0.8272996 0.5527839 0.1000264 0.8199034 0.547842 0.1662153 0.8088503 0.5404565 0.2316633 0.7941894 0.5306604 0.2960788 0.775986 0.5184973 0.3591745 0.7543209 0.5040211 0.4206692 0.7292907 0.4872965 0.4802886 0.7010067 0.4683977 0.5377669 0.6695947 0.4474089 0.5928476 0.6351946 0.4244235 0.6452849 0.5979595 0.3995438 0.6948448 0.5580552 0.3728806 0.7413059 0.5156594 0.3445526 0.7844609 0.4709609 0.314686 0.8241168 0.4241589 0.2834139 0.8600964 0.375462 0.2508757 0.8922386 0.3250872 0.2172163 0.9203996 0.273259 0.1825858 0.9444532 0.2202087 0.1471387 0.9642916 0.1661728 0.1110331 0.9798256 0.1113925 0.07443008 0.9909853 0.05611223 0.037493 0.9977202 0.05353993 0.04108264 -0.9977202 0.106286 0.08155614 -0.9909853 0.1585551 0.1216636 -0.9798256 0.2101139 0.161226 -0.9642916 0.2607322 0.2000669 -0.9444532 0.3101845 0.2380129 -0.9203996 0.35825 0.2748949 -0.8922386 0.4047146 0.3105484 -0.8600964 0.4493711 0.3448146 -0.8241168 0.4920205 0.3775406 -0.7844609 0.5324728 0.4085807 -0.7413059 0.5705478 0.4377967 -0.6948448 0.606076 0.4650584 -0.6452849 0.6388991 0.4902445 -0.5928476 0.6688711 0.5132428 -0.5377669 0.6958585 0.533951 -0.4802886 0.7197413 0.5522769 -0.4206692 0.7404132 0.568139 -0.3591745 0.7577822 0.5814667 -0.2960788 0.771771 0.5922007 -0.2316633 0.7823174 0.6002932 -0.1662153 0.7893745 0.6057084 -0.1000264 0.7929109 0.6084219 -0.03339176 0.7929109 0.6084219 0.03339176 0.7893745 0.6057084 0.1000264 0.7823174 0.6002932 0.1662153 0.771771 0.5922007 0.2316633 0.7577822 0.5814667 0.2960788 0.7404132 0.568139 0.3591745 0.7197413 0.5522769 0.4206692 0.6958585 0.533951 0.4802886 0.6688711 0.5132428 0.5377669 0.6388991 0.4902445 0.5928476 0.606076 0.4650584 0.6452849 0.5705478 0.4377967 0.6948448 0.5324728 0.4085807 0.7413059 0.4920205 0.3775406 0.7844609 0.4493711 0.3448146 0.8241168 0.4047146 0.3105484 0.8600964 0.35825 0.2748949 0.8922386 0.3101845 0.2380129 0.9203996 0.2607322 0.2000669 0.9444532 0.2101139 0.161226 0.9642916 0.1585551 0.1216636 0.9798256 0.106286 0.08155614 0.9909853 0.05353993 0.04108264 0.9977202 0.05073837 0.04449635 -0.9977202 0.1007244 0.08833296 -0.9909853 0.1502584 0.1317731 -0.9798256 0.1991193 0.1746229 -0.9642916 0.247089 0.2166912 -0.9444532 0.2939536 0.2577904 -0.9203996 0.339504 0.297737 -0.8922386 0.3835373 0.3363531 -0.8600964 0.425857 0.3734666 -0.8241168 0.4662747 0.4089119 -0.7844609 0.5046103 0.4425313 -0.7413059 0.5406929 0.474175 -0.6948448 0.574362 0.503702 -0.6452849 0.6054677 0.5309809 -0.5928476 0.6338713 0.5558902 -0.5377669 0.6594466 0.5783191 -0.4802886 0.6820797 0.5981678 -0.4206692 0.7016698 0.6153479 -0.3591745 0.71813 0.6297831 -0.2960788 0.7313868 0.641409 -0.2316633 0.7413813 0.650174 -0.1662153 0.7480692 0.6560391 -0.1000264 0.7514205 0.6589781 -0.03339176 0.7514205 0.6589781 0.03339176 0.7480692 0.6560391 0.1000264 0.7413813 0.650174 0.1662153 0.7313868 0.641409 0.2316633 0.71813 0.6297831 0.2960788 0.7016698 0.6153479 0.3591745 0.6820797 0.5981678 0.4206692 0.6594466 0.5783191 0.4802886 0.6338713 0.5558902 0.5377669 0.6054677 0.5309809 0.5928476 0.574362 0.503702 0.6452849 0.5406929 0.474175 0.6948448 0.5046103 0.4425313 0.7413059 0.4662747 0.4089119 0.7844609 0.425857 0.3734666 0.8241168 0.3835373 0.3363531 0.8600964 0.339504 0.297737 0.8922386 0.2939536 0.2577904 0.9203996 0.247089 0.2166912 0.9444532 0.1991193 0.1746229 0.9642916 0.1502584 0.1317731 0.9798256 0.1007244 0.08833296 0.9909853 0.05073837 0.04449635 0.9977202 0.04771953 0.04771953 -0.9977202 0.09473152 0.09473152 -0.9909853 0.1413183 0.1413183 -0.9798256 0.1872721 0.1872721 -0.9642916 0.2323877 0.2323877 -0.9444532 0.2764639 0.2764639 -0.9203996 0.3193042 0.3193042 -0.8922386 0.3607175 0.3607175 -0.8600964 0.4005193 0.4005193 -0.8241168 0.4385323 0.4385323 -0.7844609 0.4745869 0.4745869 -0.7413059 0.5085227 0.5085227 -0.6948448 0.5401886 0.5401886 -0.6452849 0.5694435 0.5694435 -0.5928476 0.5961572 0.5961572 -0.5377669 0.6202108 0.6202108 -0.4802886 0.6414972 0.6414972 -0.4206692 0.6599218 0.6599218 -0.3591745 0.6754026 0.6754026 -0.2960788 0.6878707 0.6878707 -0.2316633 0.6972706 0.6972706 -0.1662153 0.7035605 0.7035605 -0.1000264 0.7067125 0.7067125 -0.03339176 0.7067125 0.7067125 0.03339176 0.7035605 0.7035605 0.1000264 0.6972706 0.6972706 0.1662153 0.6878707 0.6878707 0.2316633 0.6754026 0.6754026 0.2960788 0.6599218 0.6599218 0.3591745 0.6414972 0.6414972 0.4206692 0.6202108 0.6202108 0.4802886 0.5961572 0.5961572 0.5377669 0.5694435 0.5694435 0.5928476 0.5401886 0.5401886 0.6452849 0.5085227 0.5085227 0.6948448 0.4745869 0.4745869 0.7413059 0.4385323 0.4385323 0.7844609 0.4005193 0.4005193 0.8241168 0.3607175 0.3607175 0.8600964 0.3193042 0.3193042 0.8922386 0.2764639 0.2764639 0.9203996 0.2323877 0.2323877 0.9444532 0.1872721 0.1872721 0.9642916 0.1413183 0.1413183 0.9798256 0.09473152 0.09473152 0.9909853 0.04771953 0.04771953 0.9977202 0.04449635 0.05073837 -0.9977202 0.08833296 0.1007244 -0.9909853 0.1317731 0.1502584 -0.9798256 0.1746229 0.1991193 -0.9642916 0.2166912 0.247089 -0.9444532 0.2577904 0.2939536 -0.9203996 0.297737 0.339504 -0.8922386 0.3363531 0.3835373 -0.8600964 0.3734666 0.425857 -0.8241168 0.4089119 0.4662747 -0.7844609 0.4425313 0.5046103 -0.7413059 0.474175 0.5406929 -0.6948448 0.503702 0.574362 -0.6452849 0.5309809 0.6054677 -0.5928476 0.5558902 0.6338713 -0.5377669 0.5783191 0.6594466 -0.4802886 0.5981678 0.6820797 -0.4206692 0.6153479 0.7016698 -0.3591745 0.6297831 0.71813 -0.2960788 0.641409 0.7313868 -0.2316633 0.650174 0.7413813 -0.1662153 0.6560391 0.7480692 -0.1000264 0.6589781 0.7514205 -0.03339176 0.6589781 0.7514205 0.03339176 0.6560391 0.7480692 0.1000264 0.650174 0.7413813 0.1662153 0.641409 0.7313868 0.2316633 0.6297831 0.71813 0.2960788 0.6153479 0.7016698 0.3591745 0.5981678 0.6820797 0.4206692 0.5783191 0.6594466 0.4802886 0.5558902 0.6338713 0.5377669 0.5309809 0.6054677 0.5928476 0.503702 0.574362 0.6452849 0.474175 0.5406929 0.6948448 0.4425313 0.5046103 0.7413059 0.4089119 0.4662747 0.7844609 0.3734666 0.425857 0.8241168 0.3363531 0.3835373 0.8600964 0.297737 0.339504 0.8922386 0.2577904 0.2939536 0.9203996 0.2166912 0.247089 0.9444532 0.1746229 0.1991193 0.9642916 0.1317731 0.1502584 0.9798256 0.08833296 0.1007244 0.9909853 0.04449635 0.05073837 0.9977202 0.04108264 0.05353993 -0.9977202 0.08155614 0.106286 -0.9909853 0.1216636 0.1585551 -0.9798256 0.161226 0.2101139 -0.9642916 0.2000669 0.2607322 -0.9444532 0.2380129 0.3101845 -0.9203996 0.2748949 0.35825 -0.8922386 0.3105484 0.4047146 -0.8600964 0.3448146 0.4493711 -0.8241168 0.3775406 0.4920205 -0.7844609 0.4085807 0.5324728 -0.7413059 0.4377967 0.5705478 -0.6948448 0.4650584 0.606076 -0.6452849 0.4902445 0.6388991 -0.5928476 0.5132428 0.6688711 -0.5377669 0.533951 0.6958585 -0.4802886 0.5522769 0.7197413 -0.4206692 0.568139 0.7404132 -0.3591745 0.5814667 0.7577822 -0.2960788 0.5922007 0.771771 -0.2316633 0.6002932 0.7823174 -0.1662153 0.6057084 0.7893745 -0.1000264 0.6084219 0.7929109 -0.03339176 0.6084219 0.7929109 0.03339176 0.6057084 0.7893745 0.1000264 0.6002932 0.7823174 0.1662153 0.5922007 0.771771 0.2316633 0.5814667 0.7577822 0.2960788 0.568139 0.7404132 0.3591745 0.5522769 0.7197413 0.4206692 0.533951 0.6958585 0.4802886 0.5132428 0.6688711 0.5377669 0.4902445 0.6388991 0.5928476 0.4650584 0.606076 0.6452849 0.4377967 0.5705478 0.6948448 0.4085807 0.5324728 0.7413059 0.3775406 0.4920205 0.7844609 0.3448146 0.4493711 0.8241168 0.3105484 0.4047146 0.8600964 0.2748949 0.35825 0.8922386 0.2380129 0.3101845 0.9203996 0.2000669 0.2607322 0.9444532 0.161226 0.2101139 0.9642916 0.1216636 0.1585551 0.9798256 0.08155614 0.106286 0.9909853 0.04108264 0.05353993 0.9977202 0.037493 0.05611223 -0.9977202 0.07443008 0.1113925 -0.9909853 0.1110331 0.1661728 -0.9798256 0.1471387 0.2202087 -0.9642916 0.1825858 0.273259 -0.9444532 0.2172163 0.3250872 -0.9203996 0.2508757 0.375462 -0.8922386 0.2834139 0.4241589 -0.8600964 0.314686 0.4709609 -0.8241168 0.3445526 0.5156594 -0.7844609 0.3728806 0.5580552 -0.7413059 0.3995438 0.5979595 -0.6948448 0.4244235 0.6351946 -0.6452849 0.4474089 0.6695947 -0.5928476 0.4683977 0.7010067 -0.5377669 0.4872965 0.7292907 -0.4802886 0.5040211 0.7543209 -0.4206692 0.5184973 0.775986 -0.3591745 0.5306604 0.7941894 -0.2960788 0.5404565 0.8088503 -0.2316633 0.547842 0.8199034 -0.1662153 0.5527839 0.8272996 -0.1000264 0.5552604 0.8310059 -0.03339176 0.5552604 0.8310059 0.03339176 0.5527839 0.8272996 0.1000264 0.547842 0.8199034 0.1662153 0.5404565 0.8088503 0.2316633 0.5306604 0.7941894 0.2960788 0.5184973 0.775986 0.3591745 0.5040211 0.7543209 0.4206692 0.4872965 0.7292907 0.4802886 0.4683977 0.7010067 0.5377669 0.4474089 0.6695947 0.5928476 0.4244235 0.6351946 0.6452849 0.3995438 0.5979595 0.6948448 0.3728806 0.5580552 0.7413059 0.3445526 0.5156594 0.7844609 0.314686 0.4709609 0.8241168 0.2834139 0.4241589 0.8600964 0.2508757 0.375462 0.8922386 0.2172163 0.3250872 0.9203996 0.1825858 0.273259 0.9444532 0.1471387 0.2202087 0.9642916 0.1110331 0.1661728 0.9798256 0.07443008 0.1113925 0.9909853 0.037493 0.05611223 0.9977202 0.0337428 0.05844425 -0.9977202 0.0669853 0.1160219 -0.9909853 0.09992716 0.1730789 -0.9798256 0.1324214 0.2293605 -0.9642916 0.1643229 0.2846156 -0.9444532 0.1954895 0.3385977 -0.9203996 0.2257821 0.3910662 -0.8922386 0.2550658 0.4417869 -0.8600964 0.2832099 0.490534 -0.8241168 0.3100891 0.5370901 -0.7844609 0.3355836 0.5812479 -0.7413059 0.3595799 0.6228106 -0.6948448 0.381971 0.6615932 -0.6452849 0.4026574 0.697423 -0.5928476 0.4215468 0.7301404 -0.5377669 0.4385552 0.7596 -0.4802886 0.453607 0.7856704 -0.4206692 0.4666352 0.8082359 -0.3591745 0.4775818 0.8271959 -0.2960788 0.486398 0.8424661 -0.2316633 0.4930447 0.8539785 -0.1662153 0.4974924 0.8616821 -0.1000264 0.4997212 0.8655425 -0.03339176 0.4997212 0.8655425 0.03339176 0.4974924 0.8616821 0.1000264 0.4930447 0.8539785 0.1662153 0.486398 0.8424661 0.2316633 0.4775818 0.8271959 0.2960788 0.4666352 0.8082359 0.3591745 0.453607 0.7856704 0.4206692 0.4385552 0.7596 0.4802886 0.4215468 0.7301404 0.5377669 0.4026574 0.697423 0.5928476 0.381971 0.6615932 0.6452849 0.3595799 0.6228106 0.6948448 0.3355836 0.5812479 0.7413059 0.3100891 0.5370901 0.7844609 0.2832099 0.490534 0.8241168 0.2550658 0.4417869 0.8600964 0.2257821 0.3910662 0.8922386 0.1954895 0.3385977 0.9203996 0.1643229 0.2846156 0.9444532 0.1324214 0.2293605 0.9642916 0.09992716 0.1730789 0.9798256 0.0669853 0.1160219 0.9909853 0.0337428 0.05844425 0.9977202 0.02984812 0.060526 -0.9977202 0.05925368 0.1201546 -0.9909853 0.08839331 0.1792439 -0.9798256 0.1171369 0.2375302 -0.9642916 0.1453563 0.2947535 -0.9444532 0.1729256 0.3506584 -0.9203996 0.1997218 0.4049957 -0.8922386 0.2256254 0.4575231 -0.8600964 0.2505211 0.5080065 -0.8241168 0.2742978 0.556221 -0.7844609 0.2968497 0.6019516 -0.7413059 0.3180762 0.6449948 -0.6948448 0.3378829 0.6851588 -0.6452849 0.3561816 0.7222648 -0.5928476 0.3728908 0.7561476 -0.5377669 0.3879361 0.7866565 -0.4802886 0.4012505 0.8136556 -0.4206692 0.4127749 0.8370248 -0.3591745 0.422458 0.8566601 -0.2960788 0.4302567 0.8724742 -0.2316633 0.4361362 0.8843968 -0.1662153 0.4400705 0.8923747 -0.1000264 0.442042 0.8963726 -0.03339176 0.442042 0.8963726 0.03339176 0.4400705 0.8923747 0.1000264 0.4361362 0.8843968 0.1662153 0.4302567 0.8724742 0.2316633 0.422458 0.8566601 0.2960788 0.4127749 0.8370248 0.3591745 0.4012505 0.8136556 0.4206692 0.3879361 0.7866565 0.4802886 0.3728908 0.7561476 0.5377669 0.3561816 0.7222648 0.5928476 0.3378829 0.6851588 0.6452849 0.3180762 0.6449948 0.6948448 0.2968497 0.6019516 0.7413059 0.2742978 0.556221 0.7844609 0.2505211 0.5080065 0.8241168 0.2256254 0.4575231 0.8600964 0.1997218 0.4049957 0.8922386 0.1729256 0.3506584 0.9203996 0.1453563 0.2947535 0.9444532 0.1171369 0.2375302 0.9642916 0.08839331 0.1792439 0.9798256 0.05925368 0.1201546 0.9909853 0.02984812 0.060526 0.9977202 0.02582562 0.06234857 -0.9977202 0.05126833 0.1237727 -0.9909853 0.07648094 0.1846413 -0.9798256 0.1013509 0.2446828 -0.9642916 0.1257673 0.3036291 -0.9444532 0.1496212 0.3612175 -0.9203996 0.1728062 0.417191 -0.8922386 0.1952189 0.4713002 -0.8600964 0.2167595 0.5233037 -0.8241168 0.2373319 0.57297 -0.7844609 0.2568446 0.6200777 -0.7413059 0.2752105 0.664417 -0.6948448 0.292348 0.7057904 -0.6452849 0.3081806 0.7440138 -0.5928476 0.3226379 0.7789169 -0.5377669 0.3356557 0.8103444 -0.4802886 0.3471758 0.8381565 -0.4206692 0.3571471 0.8622294 -0.3591745 0.3655253 0.882456 -0.2960788 0.3722729 0.8987463 -0.2316633 0.3773601 0.9110279 -0.1662153 0.3807642 0.9192461 -0.1000264 0.38247 0.9233643 -0.03339176 0.38247 0.9233643 0.03339176 0.3807642 0.9192461 0.1000264 0.3773601 0.9110279 0.1662153 0.3722729 0.8987463 0.2316633 0.3655253 0.882456 0.2960788 0.3571471 0.8622294 0.3591745 0.3471758 0.8381565 0.4206692 0.3356557 0.8103444 0.4802886 0.3226379 0.7789169 0.5377669 0.3081806 0.7440138 0.5928476 0.292348 0.7057904 0.6452849 0.2752105 0.664417 0.6948448 0.2568446 0.6200777 0.7413059 0.2373319 0.57297 0.7844609 0.2167595 0.5233037 0.8241168 0.1952189 0.4713002 0.8600964 0.1728062 0.417191 0.8922386 0.1496212 0.3612175 0.9203996 0.1257673 0.3036291 0.9444532 0.1013509 0.2446828 0.9642916 0.07648094 0.1846413 0.9798256 0.05126833 0.1237727 0.9909853 0.02582562 0.06234857 0.9977202 0.02169254 0.06390416 -0.9977202 0.04306344 0.1268608 -0.9909853 0.06424107 0.1892481 -0.9798256 0.0851309 0.2507875 -0.9642916 0.1056397 0.3112046 -0.9444532 0.1256761 0.3702298 -0.9203996 0.1451506 0.4275998 -0.8922386 0.1639764 0.483059 -0.8600964 0.1820697 0.53636 -0.8241168 0.1993498 0.5872655 -0.7844609 0.2157396 0.6355485 -0.7413059 0.2311663 0.680994 -0.6948448 0.2455611 0.7233997 -0.6452849 0.2588599 0.7625768 -0.5928476 0.2710035 0.7983507 -0.5377669 0.2819379 0.8305624 -0.4802886 0.2916144 0.8590684 -0.4206692 0.2999899 0.8837419 -0.3591745 0.3070272 0.9044731 -0.2960788 0.312695 0.9211699 -0.2316633 0.3169681 0.9337578 -0.1662153 0.3198274 0.9421811 -0.1000264 0.3212602 0.9464021 -0.03339176 0.3212602 0.9464021 0.03339176 0.3198274 0.9421811 0.1000264 0.3169681 0.9337578 0.1662153 0.312695 0.9211699 0.2316633 0.3070272 0.9044731 0.2960788 0.2999899 0.8837419 0.3591745 0.2916144 0.8590684 0.4206692 0.2819379 0.8305624 0.4802886 0.2710035 0.7983507 0.5377669 0.2588599 0.7625768 0.5928476 0.2455611 0.7233997 0.6452849 0.2311663 0.680994 0.6948448 0.2157396 0.6355485 0.7413059 0.1993498 0.5872655 0.7844609 0.1820697 0.53636 0.8241168 0.1639764 0.483059 0.8600964 0.1451506 0.4275998 0.8922386 0.1256761 0.3702298 0.9203996 0.1056397 0.3112046 0.9444532 0.0851309 0.2507875 0.9642916 0.06424107 0.1892481 0.9798256 0.04306344 0.1268608 0.9909853 0.02169254 0.06390416 0.9977202 0.01746656 0.06518609 -0.9977202 0.03467414 0.1294057 -0.9909853 0.05172611 0.1930445 -0.9798256 0.06854634 0.2558184 -0.9642916 0.08505979 0.3174475 -0.9444532 0.1011928 0.3776567 -0.9203996 0.1168734 0.4361776 -0.8922386 0.1320318 0.4927493 -0.8600964 0.1466003 0.5471196 -0.8241168 0.1605139 0.5990462 -0.7844609 0.1737109 0.6482978 -0.7413059 0.1861322 0.694655 -0.6948448 0.1977227 0.7379113 -0.6452849 0.2084308 0.7778743 -0.5928476 0.2182087 0.8143659 -0.5377669 0.2270129 0.8472237 -0.4802886 0.2348043 0.8763015 -0.4206692 0.2415482 0.90147 -0.3591745 0.2472145 0.9226171 -0.2960788 0.2517781 0.9396488 -0.2316633 0.2552187 0.9524893 -0.1662153 0.257521 0.9610815 -0.1000264 0.2586747 0.9653872 -0.03339176 0.2586747 0.9653872 0.03339176 0.257521 0.9610815 0.1000264 0.2552187 0.9524893 0.1662153 0.2517781 0.9396488 0.2316633 0.2472145 0.9226171 0.2960788 0.2415482 0.90147 0.3591745 0.2348043 0.8763015 0.4206692 0.2270129 0.8472237 0.4802886 0.2182087 0.8143659 0.5377669 0.2084308 0.7778743 0.5928476 0.1977227 0.7379113 0.6452849 0.1861322 0.694655 0.6948448 0.1737109 0.6482978 0.7413059 0.1605139 0.5990462 0.7844609 0.1466003 0.5471196 0.8241168 0.1320318 0.4927493 0.8600964 0.1168734 0.4361776 0.8922386 0.1011928 0.3776567 0.9203996 0.08505979 0.3174475 0.9444532 0.06854634 0.2558184 0.9642916 0.05172611 0.1930445 0.9798256 0.03467414 0.1294057 0.9909853 0.01746656 0.06518609 0.9977202 0.01316579 0.06618889 -0.9977202 0.02613637 0.1313964 -0.9909853 0.03898964 0.1960142 -0.9798256 0.05166825 0.2597538 -0.9642916 0.06411562 0.322331 -0.9444532 0.07627622 0.3834664 -0.9203996 0.08809582 0.4428876 -0.8922386 0.09952174 0.5003296 -0.8600964 0.110503 0.5555363 -0.8241168 0.1209908 0.6082617 -0.7844609 0.1309382 0.658271 -0.7413059 0.1403011 0.7053413 -0.6948448 0.1490377 0.7492631 -0.6452849 0.1571091 0.7898408 -0.5928476 0.1644794 0.8268938 -0.5377669 0.1711158 0.8602571 -0.4802886 0.1769887 0.8897822 -0.4206692 0.182072 0.9153379 -0.3591745 0.1863432 0.9368103 -0.2960788 0.1897831 0.954104 -0.2316633 0.1923765 0.9671421 -0.1662153 0.1941119 0.9758664 -0.1000264 0.1949815 0.9802383 -0.03339176 0.1949815 0.9802383 0.03339176 0.1941119 0.9758664 0.1000264 0.1923765 0.9671421 0.1662153 0.1897831 0.954104 0.2316633 0.1863432 0.9368103 0.2960788 0.182072 0.9153379 0.3591745 0.1769887 0.8897822 0.4206692 0.1711158 0.8602571 0.4802886 0.1644794 0.8268938 0.5377669 0.1571091 0.7898408 0.5928476 0.1490377 0.7492631 0.6452849 0.1403011 0.7053413 0.6948448 0.1309382 0.658271 0.7413059 0.1209908 0.6082617 0.7844609 0.110503 0.5555363 0.8241168 0.09952174 0.5003296 0.8600964 0.08809582 0.4428876 0.8922386 0.07627622 0.3834664 0.9203996 0.06411562 0.322331 0.9444532 0.05166825 0.2597538 0.9642916 0.03898964 0.1960142 0.9798256 0.02613637 0.1313964 0.9909853 0.01316579 0.06618889 0.9977202 0.00880864 0.06690826 -0.9977202 0.01748667 0.1328245 -0.9909853 0.02608622 0.1981445 -0.9798256 0.03456891 0.2625769 -0.9642916 0.04289689 0.3258342 -0.9444532 0.051033 0.3876341 -0.9203996 0.05894097 0.4477011 -0.8922386 0.06658554 0.5057674 -0.8600964 0.07393263 0.5615741 -0.8241168 0.08094951 0.6148725 -0.7844609 0.08760491 0.6654253 -0.7413059 0.09386919 0.7130073 -0.6948448 0.09971445 0.7574064 -0.6452849 0.1051147 0.7984251 -0.5928476 0.1100458 0.8358808 -0.5377669 0.1144859 0.8696067 -0.4802886 0.1184152 0.8994527 -0.4206692 0.1218162 0.9252861 -0.3591745 0.1246739 0.946992 -0.2960788 0.1269754 0.9644736 -0.2316633 0.1287105 0.9776534 -0.1662153 0.1298716 0.9864725 -0.1000264 0.1304534 0.990892 -0.03339176 0.1304534 0.990892 0.03339176 0.1298716 0.9864725 0.1000264 0.1287105 0.9776534 0.1662153 0.1269754 0.9644736 0.2316633 0.1246739 0.946992 0.2960788 0.1218162 0.9252861 0.3591745 0.1184152 0.8994527 0.4206692 0.1144859 0.8696067 0.4802886 0.1100458 0.8358808 0.5377669 0.1051147 0.7984251 0.5928476 0.09971445 0.7574064 0.6452849 0.09386919 0.7130073 0.6948448 0.08760491 0.6654253 0.7413059 0.08094951 0.6148725 0.7844609 0.07393263 0.5615741 0.8241168 0.06658554 0.5057674 0.8600964 0.05894097 0.4477011 0.8922386 0.051033 0.3876341 0.9203996 0.04289689 0.3258342 0.9444532 0.03456891 0.2625769 0.9642916 0.02608622 0.1981445 0.9798256 0.01748667 0.1328245 0.9909853 0.00880864 0.06690826 0.9977202 0.00441377 0.06734112 -0.9977202 0.008762097 0.1336838 -0.9909853 0.0130711 0.1994264 -0.9798256 0.01732154 0.2642757 -0.9642916 0.02149446 0.3279422 -0.9444532 0.02557125 0.3901419 -0.9203996 0.02953372 0.4505975 -0.8922386 0.0333642 0.5090394 -0.8600964 0.03704563 0.5652071 -0.8241168 0.0405616 0.6188504 -0.7844609 0.04389644 0.6697302 -0.7413059 0.0470353 0.71762 -0.6948448 0.0499642 0.7623064 -0.6452849 0.0526701 0.8035905 -0.5928476 0.05514096 0.8412884 -0.5377669 0.05736577 0.8752325 -0.4802886 0.05933464 0.9052717 -0.4206692 0.0610388 0.9312722 -0.3591745 0.06247068 0.9531184 -0.2960788 0.0636239 0.9707132 -0.2316633 0.06449334 0.9839782 -0.1662153 0.06507512 0.9928544 -0.1000264 0.06536666 0.9973025 -0.03339176 0.06536666 0.9973025 0.03339176 0.06507512 0.9928544 0.1000264 0.06449334 0.9839782 0.1662153 0.0636239 0.9707132 0.2316633 0.06247068 0.9531184 0.2960788 0.0610388 0.9312722 0.3591745 0.05933464 0.9052717 0.4206692 0.05736577 0.8752325 0.4802886 0.05514096 0.8412884 0.5377669 0.0526701 0.8035905 0.5928476 0.0499642 0.7623064 0.6452849 0.0470353 0.71762 0.6948448 0.04389644 0.6697302 0.7413059 0.0405616 0.6188504 0.7844609 0.03704563 0.5652071 0.8241168 0.0333642 0.5090394 0.8600964 0.02953372 0.4505975 0.8922386 0.02557125 0.3901419 0.9203996 0.02149446 0.3279422 0.9444532 0.01732154 0.2642757 0.9642916 0.0130711 0.1994264 0.9798256 0.008762097 0.1336838 0.9909853 0.00441377 0.06734112 0.9977202 5.525154e-19 0.06748561 -0.9977202 1.464244e-17 0.1339706 -0.9909853 -2.486596e-18 0.1998543 -0.9798256 -3.868275e-17 0.2648427 -0.9642916 -7.184405e-18 0.3286458 -0.9444532 1.160636e-17 0.390979 -0.9203996 -2.929428e-17 0.4515643 -0.8922386 -4.753748e-17 0.5101316 -0.8600964 1.603123e-17 0.5664199 -0.8241168 -8.513745e-17 0.6201783 -0.7844609 -1.050471e-16 0.6711673 -0.7413059 -9.841938e-17 0.7191598 -0.6948448 -1.028496e-16 0.763942 -0.6452849 2.654352e-17 0.8053147 -0.5928476 9.954412e-17 0.8430936 -0.5377669 -1.028679e-16 0.8771105 -0.4802886 -1.935783e-16 0.9072141 -0.4206692 6.63726e-17 0.9332704 -0.3591745 -2.212503e-18 0.9551635 -0.2960788 -4.757025e-17 0.972796 -0.2316633 -8.297329e-17 0.9860895 -0.1662153 -6.7486e-17 0.9949848 -0.1000264 2.765841e-17 0.9994423 -0.03339176 -1.460364e-16 0.9994423 0.03339176 -4.646577e-17 0.9949848 0.1000264 -2.544514e-17 0.9860895 0.1662153 -6.63771e-17 0.972796 0.2316633 -1.161564e-16 0.9551635 0.2960788 -1.714625e-16 0.9332704 0.3591745 9.623605e-17 0.9072141 0.4206692 -2.212213e-18 0.8771105 0.4802886 -2.123608e-16 0.8430936 0.5377669 -7.188869e-17 0.8053147 0.5928476 2.654183e-17 0.763942 0.6452849 2.543422e-17 0.7191598 0.6948448 3.649006e-17 0.6711673 0.7413059 -1.76909e-17 0.6201783 0.7844609 -7.020573e-17 0.5664199 0.8241168 3.592949e-17 0.5101316 0.8600964 -2.708339e-17 0.4515643 0.8922386 -5.913716e-17 0.390979 0.9203996 -9.616049e-17 0.3286458 0.9444532 4.780083e-17 0.2648427 0.9642916 6.90721e-18 0.1998543 0.9798256 -5.235363e-17 0.1339706 0.9909853 -7.80428e-18 0.06748561 0.9977202 -0.00441377 0.06734112 -0.9977202 -0.008762097 0.1336838 -0.9909853 -0.0130711 0.1994264 -0.9798256 -0.01732154 0.2642757 -0.9642916 -0.02149446 0.3279422 -0.9444532 -0.02557125 0.3901419 -0.9203996 -0.02953372 0.4505975 -0.8922386 -0.0333642 0.5090394 -0.8600964 -0.03704563 0.5652071 -0.8241168 -0.0405616 0.6188504 -0.7844609 -0.04389644 0.6697302 -0.7413059 -0.0470353 0.71762 -0.6948448 -0.0499642 0.7623064 -0.6452849 -0.0526701 0.8035905 -0.5928476 -0.05514096 0.8412884 -0.5377669 -0.05736577 0.8752325 -0.4802886 -0.05933464 0.9052717 -0.4206692 -0.0610388 0.9312722 -0.3591745 -0.06247068 0.9531184 -0.2960788 -0.0636239 0.9707132 -0.2316633 -0.06449334 0.9839782 -0.1662153 -0.06507512 0.9928544 -0.1000264 -0.06536666 0.9973025 -0.03339176 -0.06536666 0.9973025 0.03339176 -0.06507512 0.9928544 0.1000264 -0.06449334 0.9839782 0.1662153 -0.0636239 0.9707132 0.2316633 -0.06247068 0.9531184 0.2960788 -0.0610388 0.9312722 0.3591745 -0.05933464 0.9052717 0.4206692 -0.05736577 0.8752325 0.4802886 -0.05514096 0.8412884 0.5377669 -0.0526701 0.8035905 0.5928476 -0.0499642 0.7623064 0.6452849 -0.0470353 0.71762 0.6948448 -0.04389644 0.6697302 0.7413059 -0.0405616 0.6188504 0.7844609 -0.03704563 0.5652071 0.8241168 -0.0333642 0.5090394 0.8600964 -0.02953372 0.4505975 0.8922386 -0.02557125 0.3901419 0.9203996 -0.02149446 0.3279422 0.9444532 -0.01732154 0.2642757 0.9642916 -0.0130711 0.1994264 0.9798256 -0.008762097 0.1336838 0.9909853 -0.00441377 0.06734112 0.9977202 -0.00880864 0.06690826 -0.9977202 -0.01748667 0.1328245 -0.9909853 -0.02608622 0.1981445 -0.9798256 -0.03456891 0.2625769 -0.9642916 -0.04289689 0.3258342 -0.9444532 -0.051033 0.3876341 -0.9203996 -0.05894097 0.4477011 -0.8922386 -0.06658554 0.5057674 -0.8600964 -0.07393263 0.5615741 -0.8241168 -0.08094951 0.6148725 -0.7844609 -0.08760491 0.6654253 -0.7413059 -0.09386919 0.7130073 -0.6948448 -0.09971445 0.7574064 -0.6452849 -0.1051147 0.7984251 -0.5928476 -0.1100458 0.8358808 -0.5377669 -0.1144859 0.8696067 -0.4802886 -0.1184152 0.8994527 -0.4206692 -0.1218162 0.9252861 -0.3591745 -0.1246739 0.946992 -0.2960788 -0.1269754 0.9644736 -0.2316633 -0.1287105 0.9776534 -0.1662153 -0.1298716 0.9864725 -0.1000264 -0.1304534 0.990892 -0.03339176 -0.1304534 0.990892 0.03339176 -0.1298716 0.9864725 0.1000264 -0.1287105 0.9776534 0.1662153 -0.1269754 0.9644736 0.2316633 -0.1246739 0.946992 0.2960788 -0.1218162 0.9252861 0.3591745 -0.1184152 0.8994527 0.4206692 -0.1144859 0.8696067 0.4802886 -0.1100458 0.8358808 0.5377669 -0.1051147 0.7984251 0.5928476 -0.09971445 0.7574064 0.6452849 -0.09386919 0.7130073 0.6948448 -0.08760491 0.6654253 0.7413059 -0.08094951 0.6148725 0.7844609 -0.07393263 0.5615741 0.8241168 -0.06658554 0.5057674 0.8600964 -0.05894097 0.4477011 0.8922386 -0.051033 0.3876341 0.9203996 -0.04289689 0.3258342 0.9444532 -0.03456891 0.2625769 0.9642916 -0.02608622 0.1981445 0.9798256 -0.01748667 0.1328245 0.9909853 -0.00880864 0.06690826 0.9977202 -0.01316579 0.06618889 -0.9977202 -0.02613637 0.1313964 -0.9909853 -0.03898964 0.1960142 -0.9798256 -0.05166825 0.2597538 -0.9642916 -0.06411562 0.322331 -0.9444532 -0.07627622 0.3834664 -0.9203996 -0.08809582 0.4428876 -0.8922386 -0.09952174 0.5003296 -0.8600964 -0.110503 0.5555363 -0.8241168 -0.1209908 0.6082617 -0.7844609 -0.1309382 0.658271 -0.7413059 -0.1403011 0.7053413 -0.6948448 -0.1490377 0.7492631 -0.6452849 -0.1571091 0.7898408 -0.5928476 -0.1644794 0.8268938 -0.5377669 -0.1711158 0.8602571 -0.4802886 -0.1769887 0.8897822 -0.4206692 -0.182072 0.9153379 -0.3591745 -0.1863432 0.9368103 -0.2960788 -0.1897831 0.954104 -0.2316633 -0.1923765 0.9671421 -0.1662153 -0.1941119 0.9758664 -0.1000264 -0.1949815 0.9802383 -0.03339176 -0.1949815 0.9802383 0.03339176 -0.1941119 0.9758664 0.1000264 -0.1923765 0.9671421 0.1662153 -0.1897831 0.954104 0.2316633 -0.1863432 0.9368103 0.2960788 -0.182072 0.9153379 0.3591745 -0.1769887 0.8897822 0.4206692 -0.1711158 0.8602571 0.4802886 -0.1644794 0.8268938 0.5377669 -0.1571091 0.7898408 0.5928476 -0.1490377 0.7492631 0.6452849 -0.1403011 0.7053413 0.6948448 -0.1309382 0.658271 0.7413059 -0.1209908 0.6082617 0.7844609 -0.110503 0.5555363 0.8241168 -0.09952174 0.5003296 0.8600964 -0.08809582 0.4428876 0.8922386 -0.07627622 0.3834664 0.9203996 -0.06411562 0.322331 0.9444532 -0.05166825 0.2597538 0.9642916 -0.03898964 0.1960142 0.9798256 -0.02613637 0.1313964 0.9909853 -0.01316579 0.06618889 0.9977202 -0.01746656 0.06518609 -0.9977202 -0.03467414 0.1294057 -0.9909853 -0.05172611 0.1930445 -0.9798256 -0.06854634 0.2558184 -0.9642916 -0.08505979 0.3174475 -0.9444532 -0.1011928 0.3776567 -0.9203996 -0.1168734 0.4361776 -0.8922386 -0.1320318 0.4927493 -0.8600964 -0.1466003 0.5471196 -0.8241168 -0.1605139 0.5990462 -0.7844609 -0.1737109 0.6482978 -0.7413059 -0.1861322 0.694655 -0.6948448 -0.1977227 0.7379113 -0.6452849 -0.2084308 0.7778743 -0.5928476 -0.2182087 0.8143659 -0.5377669 -0.2270129 0.8472237 -0.4802886 -0.2348043 0.8763015 -0.4206692 -0.2415482 0.90147 -0.3591745 -0.2472145 0.9226171 -0.2960788 -0.2517781 0.9396488 -0.2316633 -0.2552187 0.9524893 -0.1662153 -0.257521 0.9610815 -0.1000264 -0.2586747 0.9653872 -0.03339176 -0.2586747 0.9653872 0.03339176 -0.257521 0.9610815 0.1000264 -0.2552187 0.9524893 0.1662153 -0.2517781 0.9396488 0.2316633 -0.2472145 0.9226171 0.2960788 -0.2415482 0.90147 0.3591745 -0.2348043 0.8763015 0.4206692 -0.2270129 0.8472237 0.4802886 -0.2182087 0.8143659 0.5377669 -0.2084308 0.7778743 0.5928476 -0.1977227 0.7379113 0.6452849 -0.1861322 0.694655 0.6948448 -0.1737109 0.6482978 0.7413059 -0.1605139 0.5990462 0.7844609 -0.1466003 0.5471196 0.8241168 -0.1320318 0.4927493 0.8600964 -0.1168734 0.4361776 0.8922386 -0.1011928 0.3776567 0.9203996 -0.08505979 0.3174475 0.9444532 -0.06854634 0.2558184 0.9642916 -0.05172611 0.1930445 0.9798256 -0.03467414 0.1294057 0.9909853 -0.01746656 0.06518609 0.9977202 -0.02169254 0.06390416 -0.9977202 -0.04306344 0.1268608 -0.9909853 -0.06424107 0.1892481 -0.9798256 -0.0851309 0.2507875 -0.9642916 -0.1056397 0.3112046 -0.9444532 -0.1256761 0.3702298 -0.9203996 -0.1451506 0.4275998 -0.8922386 -0.1639764 0.483059 -0.8600964 -0.1820697 0.53636 -0.8241168 -0.1993498 0.5872655 -0.7844609 -0.2157396 0.6355485 -0.7413059 -0.2311663 0.680994 -0.6948448 -0.2455611 0.7233997 -0.6452849 -0.2588599 0.7625768 -0.5928476 -0.2710035 0.7983507 -0.5377669 -0.2819379 0.8305624 -0.4802886 -0.2916144 0.8590684 -0.4206692 -0.2999899 0.8837419 -0.3591745 -0.3070272 0.9044731 -0.2960788 -0.312695 0.9211699 -0.2316633 -0.3169681 0.9337578 -0.1662153 -0.3198274 0.9421811 -0.1000264 -0.3212602 0.9464021 -0.03339176 -0.3212602 0.9464021 0.03339176 -0.3198274 0.9421811 0.1000264 -0.3169681 0.9337578 0.1662153 -0.312695 0.9211699 0.2316633 -0.3070272 0.9044731 0.2960788 -0.2999899 0.8837419 0.3591745 -0.2916144 0.8590684 0.4206692 -0.2819379 0.8305624 0.4802886 -0.2710035 0.7983507 0.5377669 -0.2588599 0.7625768 0.5928476 -0.2455611 0.7233997 0.6452849 -0.2311663 0.680994 0.6948448 -0.2157396 0.6355485 0.7413059 -0.1993498 0.5872655 0.7844609 -0.1820697 0.53636 0.8241168 -0.1639764 0.483059 0.8600964 -0.1451506 0.4275998 0.8922386 -0.1256761 0.3702298 0.9203996 -0.1056397 0.3112046 0.9444532 -0.0851309 0.2507875 0.9642916 -0.06424107 0.1892481 0.9798256 -0.04306344 0.1268608 0.9909853 -0.02169254 0.06390416 0.9977202 -0.02582562 0.06234857 -0.9977202 -0.05126833 0.1237727 -0.9909853 -0.07648094 0.1846413 -0.9798256 -0.1013509 0.2446828 -0.9642916 -0.1257673 0.3036291 -0.9444532 -0.1496212 0.3612175 -0.9203996 -0.1728062 0.417191 -0.8922386 -0.1952189 0.4713002 -0.8600964 -0.2167595 0.5233037 -0.8241168 -0.2373319 0.57297 -0.7844609 -0.2568446 0.6200777 -0.7413059 -0.2752105 0.664417 -0.6948448 -0.292348 0.7057904 -0.6452849 -0.3081806 0.7440138 -0.5928476 -0.3226379 0.7789169 -0.5377669 -0.3356557 0.8103444 -0.4802886 -0.3471758 0.8381565 -0.4206692 -0.3571471 0.8622294 -0.3591745 -0.3655253 0.882456 -0.2960788 -0.3722729 0.8987463 -0.2316633 -0.3773601 0.9110279 -0.1662153 -0.3807642 0.9192461 -0.1000264 -0.38247 0.9233643 -0.03339176 -0.38247 0.9233643 0.03339176 -0.3807642 0.9192461 0.1000264 -0.3773601 0.9110279 0.1662153 -0.3722729 0.8987463 0.2316633 -0.3655253 0.882456 0.2960788 -0.3571471 0.8622294 0.3591745 -0.3471758 0.8381565 0.4206692 -0.3356557 0.8103444 0.4802886 -0.3226379 0.7789169 0.5377669 -0.3081806 0.7440138 0.5928476 -0.292348 0.7057904 0.6452849 -0.2752105 0.664417 0.6948448 -0.2568446 0.6200777 0.7413059 -0.2373319 0.57297 0.7844609 -0.2167595 0.5233037 0.8241168 -0.1952189 0.4713002 0.8600964 -0.1728062 0.417191 0.8922386 -0.1496212 0.3612175 0.9203996 -0.1257673 0.3036291 0.9444532 -0.1013509 0.2446828 0.9642916 -0.07648094 0.1846413 0.9798256 -0.05126833 0.1237727 0.9909853 -0.02582562 0.06234857 0.9977202 -0.02984812 0.060526 -0.9977202 -0.05925368 0.1201546 -0.9909853 -0.08839331 0.1792439 -0.9798256 -0.1171369 0.2375302 -0.9642916 -0.1453563 0.2947535 -0.9444532 -0.1729256 0.3506584 -0.9203996 -0.1997218 0.4049957 -0.8922386 -0.2256254 0.4575231 -0.8600964 -0.2505211 0.5080065 -0.8241168 -0.2742978 0.556221 -0.7844609 -0.2968497 0.6019516 -0.7413059 -0.3180762 0.6449948 -0.6948448 -0.3378829 0.6851588 -0.6452849 -0.3561816 0.7222648 -0.5928476 -0.3728908 0.7561476 -0.5377669 -0.3879361 0.7866565 -0.4802886 -0.4012505 0.8136556 -0.4206692 -0.4127749 0.8370248 -0.3591745 -0.422458 0.8566601 -0.2960788 -0.4302567 0.8724742 -0.2316633 -0.4361362 0.8843968 -0.1662153 -0.4400705 0.8923747 -0.1000264 -0.442042 0.8963726 -0.03339176 -0.442042 0.8963726 0.03339176 -0.4400705 0.8923747 0.1000264 -0.4361362 0.8843968 0.1662153 -0.4302567 0.8724742 0.2316633 -0.422458 0.8566601 0.2960788 -0.4127749 0.8370248 0.3591745 -0.4012505 0.8136556 0.4206692 -0.3879361 0.7866565 0.4802886 -0.3728908 0.7561476 0.5377669 -0.3561816 0.7222648 0.5928476 -0.3378829 0.6851588 0.6452849 -0.3180762 0.6449948 0.6948448 -0.2968497 0.6019516 0.7413059 -0.2742978 0.556221 0.7844609 -0.2505211 0.5080065 0.8241168 -0.2256254 0.4575231 0.8600964 -0.1997218 0.4049957 0.8922386 -0.1729256 0.3506584 0.9203996 -0.1453563 0.2947535 0.9444532 -0.1171369 0.2375302 0.9642916 -0.08839331 0.1792439 0.9798256 -0.05925368 0.1201546 0.9909853 -0.02984812 0.060526 0.9977202 -0.0337428 0.05844425 -0.9977202 -0.0669853 0.1160219 -0.9909853 -0.09992716 0.1730789 -0.9798256 -0.1324214 0.2293605 -0.9642916 -0.1643229 0.2846156 -0.9444532 -0.1954895 0.3385977 -0.9203996 -0.2257821 0.3910662 -0.8922386 -0.2550658 0.4417869 -0.8600964 -0.2832099 0.490534 -0.8241168 -0.3100891 0.5370901 -0.7844609 -0.3355836 0.5812479 -0.7413059 -0.3595799 0.6228106 -0.6948448 -0.381971 0.6615932 -0.6452849 -0.4026574 0.697423 -0.5928476 -0.4215468 0.7301404 -0.5377669 -0.4385552 0.7596 -0.4802886 -0.453607 0.7856704 -0.4206692 -0.4666352 0.8082359 -0.3591745 -0.4775818 0.8271959 -0.2960788 -0.486398 0.8424661 -0.2316633 -0.4930447 0.8539785 -0.1662153 -0.4974924 0.8616821 -0.1000264 -0.4997212 0.8655425 -0.03339176 -0.4997212 0.8655425 0.03339176 -0.4974924 0.8616821 0.1000264 -0.4930447 0.8539785 0.1662153 -0.486398 0.8424661 0.2316633 -0.4775818 0.8271959 0.2960788 -0.4666352 0.8082359 0.3591745 -0.453607 0.7856704 0.4206692 -0.4385552 0.7596 0.4802886 -0.4215468 0.7301404 0.5377669 -0.4026574 0.697423 0.5928476 -0.381971 0.6615932 0.6452849 -0.3595799 0.6228106 0.6948448 -0.3355836 0.5812479 0.7413059 -0.3100891 0.5370901 0.7844609 -0.2832099 0.490534 0.8241168 -0.2550658 0.4417869 0.8600964 -0.2257821 0.3910662 0.8922386 -0.1954895 0.3385977 0.9203996 -0.1643229 0.2846156 0.9444532 -0.1324214 0.2293605 0.9642916 -0.09992716 0.1730789 0.9798256 -0.0669853 0.1160219 0.9909853 -0.0337428 0.05844425 0.9977202 -0.037493 0.05611223 -0.9977202 -0.07443008 0.1113925 -0.9909853 -0.1110331 0.1661728 -0.9798256 -0.1471387 0.2202087 -0.9642916 -0.1825858 0.273259 -0.9444532 -0.2172163 0.3250872 -0.9203996 -0.2508757 0.375462 -0.8922386 -0.2834139 0.4241589 -0.8600964 -0.314686 0.4709609 -0.8241168 -0.3445526 0.5156594 -0.7844609 -0.3728806 0.5580552 -0.7413059 -0.3995438 0.5979595 -0.6948448 -0.4244235 0.6351946 -0.6452849 -0.4474089 0.6695947 -0.5928476 -0.4683977 0.7010067 -0.5377669 -0.4872965 0.7292907 -0.4802886 -0.5040211 0.7543209 -0.4206692 -0.5184973 0.775986 -0.3591745 -0.5306604 0.7941894 -0.2960788 -0.5404565 0.8088503 -0.2316633 -0.547842 0.8199034 -0.1662153 -0.5527839 0.8272996 -0.1000264 -0.5552604 0.8310059 -0.03339176 -0.5552604 0.8310059 0.03339176 -0.5527839 0.8272996 0.1000264 -0.547842 0.8199034 0.1662153 -0.5404565 0.8088503 0.2316633 -0.5306604 0.7941894 0.2960788 -0.5184973 0.775986 0.3591745 -0.5040211 0.7543209 0.4206692 -0.4872965 0.7292907 0.4802886 -0.4683977 0.7010067 0.5377669 -0.4474089 0.6695947 0.5928476 -0.4244235 0.6351946 0.6452849 -0.3995438 0.5979595 0.6948448 -0.3728806 0.5580552 0.7413059 -0.3445526 0.5156594 0.7844609 -0.314686 0.4709609 0.8241168 -0.2834139 0.4241589 0.8600964 -0.2508757 0.375462 0.8922386 -0.2172163 0.3250872 0.9203996 -0.1825858 0.273259 0.9444532 -0.1471387 0.2202087 0.9642916 -0.1110331 0.1661728 0.9798256 -0.07443008 0.1113925 0.9909853 -0.037493 0.05611223 0.9977202 -0.04108264 0.05353993 -0.9977202 -0.08155614 0.106286 -0.9909853 -0.1216636 0.1585551 -0.9798256 -0.161226 0.2101139 -0.9642916 -0.2000669 0.2607322 -0.9444532 -0.2380129 0.3101845 -0.9203996 -0.2748949 0.35825 -0.8922386 -0.3105484 0.4047146 -0.8600964 -0.3448146 0.4493711 -0.8241168 -0.3775406 0.4920205 -0.7844609 -0.4085807 0.5324728 -0.7413059 -0.4377967 0.5705478 -0.6948448 -0.4650584 0.606076 -0.6452849 -0.4902445 0.6388991 -0.5928476 -0.5132428 0.6688711 -0.5377669 -0.533951 0.6958585 -0.4802886 -0.5522769 0.7197413 -0.4206692 -0.568139 0.7404132 -0.3591745 -0.5814667 0.7577822 -0.2960788 -0.5922007 0.771771 -0.2316633 -0.6002932 0.7823174 -0.1662153 -0.6057084 0.7893745 -0.1000264 -0.6084219 0.7929109 -0.03339176 -0.6084219 0.7929109 0.03339176 -0.6057084 0.7893745 0.1000264 -0.6002932 0.7823174 0.1662153 -0.5922007 0.771771 0.2316633 -0.5814667 0.7577822 0.2960788 -0.568139 0.7404132 0.3591745 -0.5522769 0.7197413 0.4206692 -0.533951 0.6958585 0.4802886 -0.5132428 0.6688711 0.5377669 -0.4902445 0.6388991 0.5928476 -0.4650584 0.606076 0.6452849 -0.4377967 0.5705478 0.6948448 -0.4085807 0.5324728 0.7413059 -0.3775406 0.4920205 0.7844609 -0.3448146 0.4493711 0.8241168 -0.3105484 0.4047146 0.8600964 -0.2748949 0.35825 0.8922386 -0.2380129 0.3101845 0.9203996 -0.2000669 0.2607322 0.9444532 -0.161226 0.2101139 0.9642916 -0.1216636 0.1585551 0.9798256 -0.08155614 0.106286 0.9909853 -0.04108264 0.05353993 0.9977202 -0.04449635 0.05073837 -0.9977202 -0.08833296 0.1007244 -0.9909853 -0.1317731 0.1502584 -0.9798256 -0.1746229 0.1991193 -0.9642916 -0.2166912 0.247089 -0.9444532 -0.2577904 0.2939536 -0.9203996 -0.297737 0.339504 -0.8922386 -0.3363531 0.3835373 -0.8600964 -0.3734666 0.425857 -0.8241168 -0.4089119 0.4662747 -0.7844609 -0.4425313 0.5046103 -0.7413059 -0.474175 0.5406929 -0.6948448 -0.503702 0.574362 -0.6452849 -0.5309809 0.6054677 -0.5928476 -0.5558902 0.6338713 -0.5377669 -0.5783191 0.6594466 -0.4802886 -0.5981678 0.6820797 -0.4206692 -0.6153479 0.7016698 -0.3591745 -0.6297831 0.71813 -0.2960788 -0.641409 0.7313868 -0.2316633 -0.650174 0.7413813 -0.1662153 -0.6560391 0.7480692 -0.1000264 -0.6589781 0.7514205 -0.03339176 -0.6589781 0.7514205 0.03339176 -0.6560391 0.7480692 0.1000264 -0.650174 0.7413813 0.1662153 -0.641409 0.7313868 0.2316633 -0.6297831 0.71813 0.2960788 -0.6153479 0.7016698 0.3591745 -0.5981678 0.6820797 0.4206692 -0.5783191 0.6594466 0.4802886 -0.5558902 0.6338713 0.5377669 -0.5309809 0.6054677 0.5928476 -0.503702 0.574362 0.6452849 -0.474175 0.5406929 0.6948448 -0.4425313 0.5046103 0.7413059 -0.4089119 0.4662747 0.7844609 -0.3734666 0.425857 0.8241168 -0.3363531 0.3835373 0.8600964 -0.297737 0.339504 0.8922386 -0.2577904 0.2939536 0.9203996 -0.2166912 0.247089 0.9444532 -0.1746229 0.1991193 0.9642916 -0.1317731 0.1502584 0.9798256 -0.08833296 0.1007244 0.9909853 -0.04449635 0.05073837 0.9977202 -0.04771953 0.04771953 -0.9977202 -0.09473152 0.09473152 -0.9909853 -0.1413183 0.1413183 -0.9798256 -0.1872721 0.1872721 -0.9642916 -0.2323877 0.2323877 -0.9444532 -0.2764639 0.2764639 -0.9203996 -0.3193042 0.3193042 -0.8922386 -0.3607175 0.3607175 -0.8600964 -0.4005193 0.4005193 -0.8241168 -0.4385323 0.4385323 -0.7844609 -0.4745869 0.4745869 -0.7413059 -0.5085227 0.5085227 -0.6948448 -0.5401886 0.5401886 -0.6452849 -0.5694435 0.5694435 -0.5928476 -0.5961572 0.5961572 -0.5377669 -0.6202108 0.6202108 -0.4802886 -0.6414972 0.6414972 -0.4206692 -0.6599218 0.6599218 -0.3591745 -0.6754026 0.6754026 -0.2960788 -0.6878707 0.6878707 -0.2316633 -0.6972706 0.6972706 -0.1662153 -0.7035605 0.7035605 -0.1000264 -0.7067125 0.7067125 -0.03339176 -0.7067125 0.7067125 0.03339176 -0.7035605 0.7035605 0.1000264 -0.6972706 0.6972706 0.1662153 -0.6878707 0.6878707 0.2316633 -0.6754026 0.6754026 0.2960788 -0.6599218 0.6599218 0.3591745 -0.6414972 0.6414972 0.4206692 -0.6202108 0.6202108 0.4802886 -0.5961572 0.5961572 0.5377669 -0.5694435 0.5694435 0.5928476 -0.5401886 0.5401886 0.6452849 -0.5085227 0.5085227 0.6948448 -0.4745869 0.4745869 0.7413059 -0.4385323 0.4385323 0.7844609 -0.4005193 0.4005193 0.8241168 -0.3607175 0.3607175 0.8600964 -0.3193042 0.3193042 0.8922386 -0.2764639 0.2764639 0.9203996 -0.2323877 0.2323877 0.9444532 -0.1872721 0.1872721 0.9642916 -0.1413183 0.1413183 0.9798256 -0.09473152 0.09473152 0.9909853 -0.04771953 0.04771953 0.9977202 -0.05073837 0.04449635 -0.9977202 -0.1007244 0.08833296 -0.9909853 -0.1502584 0.1317731 -0.9798256 -0.1991193 0.1746229 -0.9642916 -0.247089 0.2166912 -0.9444532 -0.2939536 0.2577904 -0.9203996 -0.339504 0.297737 -0.8922386 -0.3835373 0.3363531 -0.8600964 -0.425857 0.3734666 -0.8241168 -0.4662747 0.4089119 -0.7844609 -0.5046103 0.4425313 -0.7413059 -0.5406929 0.474175 -0.6948448 -0.574362 0.503702 -0.6452849 -0.6054677 0.5309809 -0.5928476 -0.6338713 0.5558902 -0.5377669 -0.6594466 0.5783191 -0.4802886 -0.6820797 0.5981678 -0.4206692 -0.7016698 0.6153479 -0.3591745 -0.71813 0.6297831 -0.2960788 -0.7313868 0.641409 -0.2316633 -0.7413813 0.650174 -0.1662153 -0.7480692 0.6560391 -0.1000264 -0.7514205 0.6589781 -0.03339176 -0.7514205 0.6589781 0.03339176 -0.7480692 0.6560391 0.1000264 -0.7413813 0.650174 0.1662153 -0.7313868 0.641409 0.2316633 -0.71813 0.6297831 0.2960788 -0.7016698 0.6153479 0.3591745 -0.6820797 0.5981678 0.4206692 -0.6594466 0.5783191 0.4802886 -0.6338713 0.5558902 0.5377669 -0.6054677 0.5309809 0.5928476 -0.574362 0.503702 0.6452849 -0.5406929 0.474175 0.6948448 -0.5046103 0.4425313 0.7413059 -0.4662747 0.4089119 0.7844609 -0.425857 0.3734666 0.8241168 -0.3835373 0.3363531 0.8600964 -0.339504 0.297737 0.8922386 -0.2939536 0.2577904 0.9203996 -0.247089 0.2166912 0.9444532 -0.1991193 0.1746229 0.9642916 -0.1502584 0.1317731 0.9798256 -0.1007244 0.08833296 0.9909853 -0.05073837 0.04449635 0.9977202 -0.05353993 0.04108264 -0.9977202 -0.106286 0.08155614 -0.9909853 -0.1585551 0.1216636 -0.9798256 -0.2101139 0.161226 -0.9642916 -0.2607322 0.2000669 -0.9444532 -0.3101845 0.2380129 -0.9203996 -0.35825 0.2748949 -0.8922386 -0.4047146 0.3105484 -0.8600964 -0.4493711 0.3448146 -0.8241168 -0.4920205 0.3775406 -0.7844609 -0.5324728 0.4085807 -0.7413059 -0.5705478 0.4377967 -0.6948448 -0.606076 0.4650584 -0.6452849 -0.6388991 0.4902445 -0.5928476 -0.6688711 0.5132428 -0.5377669 -0.6958585 0.533951 -0.4802886 -0.7197413 0.5522769 -0.4206692 -0.7404132 0.568139 -0.3591745 -0.7577822 0.5814667 -0.2960788 -0.771771 0.5922007 -0.2316633 -0.7823174 0.6002932 -0.1662153 -0.7893745 0.6057084 -0.1000264 -0.7929109 0.6084219 -0.03339176 -0.7929109 0.6084219 0.03339176 -0.7893745 0.6057084 0.1000264 -0.7823174 0.6002932 0.1662153 -0.771771 0.5922007 0.2316633 -0.7577822 0.5814667 0.2960788 -0.7404132 0.568139 0.3591745 -0.7197413 0.5522769 0.4206692 -0.6958585 0.533951 0.4802886 -0.6688711 0.5132428 0.5377669 -0.6388991 0.4902445 0.5928476 -0.606076 0.4650584 0.6452849 -0.5705478 0.4377967 0.6948448 -0.5324728 0.4085807 0.7413059 -0.4920205 0.3775406 0.7844609 -0.4493711 0.3448146 0.8241168 -0.4047146 0.3105484 0.8600964 -0.35825 0.2748949 0.8922386 -0.3101845 0.2380129 0.9203996 -0.2607322 0.2000669 0.9444532 -0.2101139 0.161226 0.9642916 -0.1585551 0.1216636 0.9798256 -0.106286 0.08155614 0.9909853 -0.05353993 0.04108264 0.9977202 -0.05611223 0.037493 -0.9977202 -0.1113925 0.07443008 -0.9909853 -0.1661728 0.1110331 -0.9798256 -0.2202087 0.1471387 -0.9642916 -0.273259 0.1825858 -0.9444532 -0.3250872 0.2172163 -0.9203996 -0.375462 0.2508757 -0.8922386 -0.4241589 0.2834139 -0.8600964 -0.4709609 0.314686 -0.8241168 -0.5156594 0.3445526 -0.7844609 -0.5580552 0.3728806 -0.7413059 -0.5979595 0.3995438 -0.6948448 -0.6351946 0.4244235 -0.6452849 -0.6695947 0.4474089 -0.5928476 -0.7010067 0.4683977 -0.5377669 -0.7292907 0.4872965 -0.4802886 -0.7543209 0.5040211 -0.4206692 -0.775986 0.5184973 -0.3591745 -0.7941894 0.5306604 -0.2960788 -0.8088503 0.5404565 -0.2316633 -0.8199034 0.547842 -0.1662153 -0.8272996 0.5527839 -0.1000264 -0.8310059 0.5552604 -0.03339176 -0.8310059 0.5552604 0.03339176 -0.8272996 0.5527839 0.1000264 -0.8199034 0.547842 0.1662153 -0.8088503 0.5404565 0.2316633 -0.7941894 0.5306604 0.2960788 -0.775986 0.5184973 0.3591745 -0.7543209 0.5040211 0.4206692 -0.7292907 0.4872965 0.4802886 -0.7010067 0.4683977 0.5377669 -0.6695947 0.4474089 0.5928476 -0.6351946 0.4244235 0.6452849 -0.5979595 0.3995438 0.6948448 -0.5580552 0.3728806 0.7413059 -0.5156594 0.3445526 0.7844609 -0.4709609 0.314686 0.8241168 -0.4241589 0.2834139 0.8600964 -0.375462 0.2508757 0.8922386 -0.3250872 0.2172163 0.9203996 -0.273259 0.1825858 0.9444532 -0.2202087 0.1471387 0.9642916 -0.1661728 0.1110331 0.9798256 -0.1113925 0.07443008 0.9909853 -0.05611223 0.037493 0.9977202 -0.05844425 0.0337428 -0.9977202 -0.1160219 0.0669853 -0.9909853 -0.1730789 0.09992716 -0.9798256 -0.2293605 0.1324214 -0.9642916 -0.2846156 0.1643229 -0.9444532 -0.3385977 0.1954895 -0.9203996 -0.3910662 0.2257821 -0.8922386 -0.4417869 0.2550658 -0.8600964 -0.490534 0.2832099 -0.8241168 -0.5370901 0.3100891 -0.7844609 -0.5812479 0.3355836 -0.7413059 -0.6228106 0.3595799 -0.6948448 -0.6615932 0.381971 -0.6452849 -0.697423 0.4026574 -0.5928476 -0.7301404 0.4215468 -0.5377669 -0.7596 0.4385552 -0.4802886 -0.7856704 0.453607 -0.4206692 -0.8082359 0.4666352 -0.3591745 -0.8271959 0.4775818 -0.2960788 -0.8424661 0.486398 -0.2316633 -0.8539785 0.4930447 -0.1662153 -0.8616821 0.4974924 -0.1000264 -0.8655425 0.4997212 -0.03339176 -0.8655425 0.4997212 0.03339176 -0.8616821 0.4974924 0.1000264 -0.8539785 0.4930447 0.1662153 -0.8424661 0.486398 0.2316633 -0.8271959 0.4775818 0.2960788 -0.8082359 0.4666352 0.3591745 -0.7856704 0.453607 0.4206692 -0.7596 0.4385552 0.4802886 -0.7301404 0.4215468 0.5377669 -0.697423 0.4026574 0.5928476 -0.6615932 0.381971 0.6452849 -0.6228106 0.3595799 0.6948448 -0.5812479 0.3355836 0.7413059 -0.5370901 0.3100891 0.7844609 -0.490534 0.2832099 0.8241168 -0.4417869 0.2550658 0.8600964 -0.3910662 0.2257821 0.8922386 -0.3385977 0.1954895 0.9203996 -0.2846156 0.1643229 0.9444532 -0.2293605 0.1324214 0.9642916 -0.1730789 0.09992716 0.9798256 -0.1160219 0.0669853 0.9909853 -0.05844425 0.0337428 0.9977202 -0.060526 0.02984812 -0.9977202 -0.1201546 0.05925368 -0.9909853 -0.1792439 0.08839331 -0.9798256 -0.2375302 0.1171369 -0.9642916 -0.2947535 0.1453563 -0.9444532 -0.3506584 0.1729256 -0.9203996 -0.4049957 0.1997218 -0.8922386 -0.4575231 0.2256254 -0.8600964 -0.5080065 0.2505211 -0.8241168 -0.556221 0.2742978 -0.7844609 -0.6019516 0.2968497 -0.7413059 -0.6449948 0.3180762 -0.6948448 -0.6851588 0.3378829 -0.6452849 -0.7222648 0.3561816 -0.5928476 -0.7561476 0.3728908 -0.5377669 -0.7866565 0.3879361 -0.4802886 -0.8136556 0.4012505 -0.4206692 -0.8370248 0.4127749 -0.3591745 -0.8566601 0.422458 -0.2960788 -0.8724742 0.4302567 -0.2316633 -0.8843968 0.4361362 -0.1662153 -0.8923747 0.4400705 -0.1000264 -0.8963726 0.442042 -0.03339176 -0.8963726 0.442042 0.03339176 -0.8923747 0.4400705 0.1000264 -0.8843968 0.4361362 0.1662153 -0.8724742 0.4302567 0.2316633 -0.8566601 0.422458 0.2960788 -0.8370248 0.4127749 0.3591745 -0.8136556 0.4012505 0.4206692 -0.7866565 0.3879361 0.4802886 -0.7561476 0.3728908 0.5377669 -0.7222648 0.3561816 0.5928476 -0.6851588 0.3378829 0.6452849 -0.6449948 0.3180762 0.6948448 -0.6019516 0.2968497 0.7413059 -0.556221 0.2742978 0.7844609 -0.5080065 0.2505211 0.8241168 -0.4575231 0.2256254 0.8600964 -0.4049957 0.1997218 0.8922386 -0.3506584 0.1729256 0.9203996 -0.2947535 0.1453563 0.9444532 -0.2375302 0.1171369 0.9642916 -0.1792439 0.08839331 0.9798256 -0.1201546 0.05925368 0.9909853 -0.060526 0.02984812 0.9977202 -0.06234857 0.02582562 -0.9977202 -0.1237727 0.05126833 -0.9909853 -0.1846413 0.07648094 -0.9798256 -0.2446828 0.1013509 -0.9642916 -0.3036291 0.1257673 -0.9444532 -0.3612175 0.1496212 -0.9203996 -0.417191 0.1728062 -0.8922386 -0.4713002 0.1952189 -0.8600964 -0.5233037 0.2167595 -0.8241168 -0.57297 0.2373319 -0.7844609 -0.6200777 0.2568446 -0.7413059 -0.664417 0.2752105 -0.6948448 -0.7057904 0.292348 -0.6452849 -0.7440138 0.3081806 -0.5928476 -0.7789169 0.3226379 -0.5377669 -0.8103444 0.3356557 -0.4802886 -0.8381565 0.3471758 -0.4206692 -0.8622294 0.3571471 -0.3591745 -0.882456 0.3655253 -0.2960788 -0.8987463 0.3722729 -0.2316633 -0.9110279 0.3773601 -0.1662153 -0.9192461 0.3807642 -0.1000264 -0.9233643 0.38247 -0.03339176 -0.9233643 0.38247 0.03339176 -0.9192461 0.3807642 0.1000264 -0.9110279 0.3773601 0.1662153 -0.8987463 0.3722729 0.2316633 -0.882456 0.3655253 0.2960788 -0.8622294 0.3571471 0.3591745 -0.8381565 0.3471758 0.4206692 -0.8103444 0.3356557 0.4802886 -0.7789169 0.3226379 0.5377669 -0.7440138 0.3081806 0.5928476 -0.7057904 0.292348 0.6452849 -0.664417 0.2752105 0.6948448 -0.6200777 0.2568446 0.7413059 -0.57297 0.2373319 0.7844609 -0.5233037 0.2167595 0.8241168 -0.4713002 0.1952189 0.8600964 -0.417191 0.1728062 0.8922386 -0.3612175 0.1496212 0.9203996 -0.3036291 0.1257673 0.9444532 -0.2446828 0.1013509 0.9642916 -0.1846413 0.07648094 0.9798256 -0.1237727 0.05126833 0.9909853 -0.06234857 0.02582562 0.9977202 -0.06390416 0.02169254 -0.9977202 -0.1268608 0.04306344 -0.9909853 -0.1892481 0.06424107 -0.9798256 -0.2507875 0.0851309 -0.9642916 -0.3112046 0.1056397 -0.9444532 -0.3702298 0.1256761 -0.9203996 -0.4275998 0.1451506 -0.8922386 -0.483059 0.1639764 -0.8600964 -0.53636 0.1820697 -0.8241168 -0.5872655 0.1993498 -0.7844609 -0.6355485 0.2157396 -0.7413059 -0.680994 0.2311663 -0.6948448 -0.7233997 0.2455611 -0.6452849 -0.7625768 0.2588599 -0.5928476 -0.7983507 0.2710035 -0.5377669 -0.8305624 0.2819379 -0.4802886 -0.8590684 0.2916144 -0.4206692 -0.8837419 0.2999899 -0.3591745 -0.9044731 0.3070272 -0.2960788 -0.9211699 0.312695 -0.2316633 -0.9337578 0.3169681 -0.1662153 -0.9421811 0.3198274 -0.1000264 -0.9464021 0.3212602 -0.03339176 -0.9464021 0.3212602 0.03339176 -0.9421811 0.3198274 0.1000264 -0.9337578 0.3169681 0.1662153 -0.9211699 0.312695 0.2316633 -0.9044731 0.3070272 0.2960788 -0.8837419 0.2999899 0.3591745 -0.8590684 0.2916144 0.4206692 -0.8305624 0.2819379 0.4802886 -0.7983507 0.2710035 0.5377669 -0.7625768 0.2588599 0.5928476 -0.7233997 0.2455611 0.6452849 -0.680994 0.2311663 0.6948448 -0.6355485 0.2157396 0.7413059 -0.5872655 0.1993498 0.7844609 -0.53636 0.1820697 0.8241168 -0.483059 0.1639764 0.8600964 -0.4275998 0.1451506 0.8922386 -0.3702298 0.1256761 0.9203996 -0.3112046 0.1056397 0.9444532 -0.2507875 0.0851309 0.9642916 -0.1892481 0.06424107 0.9798256 -0.1268608 0.04306344 0.9909853 -0.06390416 0.02169254 0.9977202 -0.06518609 0.01746656 -0.9977202 -0.1294057 0.03467414 -0.9909853 -0.1930445 0.05172611 -0.9798256 -0.2558184 0.06854634 -0.9642916 -0.3174475 0.08505979 -0.9444532 -0.3776567 0.1011928 -0.9203996 -0.4361776 0.1168734 -0.8922386 -0.4927493 0.1320318 -0.8600964 -0.5471196 0.1466003 -0.8241168 -0.5990462 0.1605139 -0.7844609 -0.6482978 0.1737109 -0.7413059 -0.694655 0.1861322 -0.6948448 -0.7379113 0.1977227 -0.6452849 -0.7778743 0.2084308 -0.5928476 -0.8143659 0.2182087 -0.5377669 -0.8472237 0.2270129 -0.4802886 -0.8763015 0.2348043 -0.4206692 -0.90147 0.2415482 -0.3591745 -0.9226171 0.2472145 -0.2960788 -0.9396488 0.2517781 -0.2316633 -0.9524893 0.2552187 -0.1662153 -0.9610815 0.257521 -0.1000264 -0.9653872 0.2586747 -0.03339176 -0.9653872 0.2586747 0.03339176 -0.9610815 0.257521 0.1000264 -0.9524893 0.2552187 0.1662153 -0.9396488 0.2517781 0.2316633 -0.9226171 0.2472145 0.2960788 -0.90147 0.2415482 0.3591745 -0.8763015 0.2348043 0.4206692 -0.8472237 0.2270129 0.4802886 -0.8143659 0.2182087 0.5377669 -0.7778743 0.2084308 0.5928476 -0.7379113 0.1977227 0.6452849 -0.694655 0.1861322 0.6948448 -0.6482978 0.1737109 0.7413059 -0.5990462 0.1605139 0.7844609 -0.5471196 0.1466003 0.8241168 -0.4927493 0.1320318 0.8600964 -0.4361776 0.1168734 0.8922386 -0.3776567 0.1011928 0.9203996 -0.3174475 0.08505979 0.9444532 -0.2558184 0.06854634 0.9642916 -0.1930445 0.05172611 0.9798256 -0.1294057 0.03467414 0.9909853 -0.06518609 0.01746656 0.9977202 -0.06618889 0.01316579 -0.9977202 -0.1313964 0.02613637 -0.9909853 -0.1960142 0.03898964 -0.9798256 -0.2597538 0.05166825 -0.9642916 -0.322331 0.06411562 -0.9444532 -0.3834664 0.07627622 -0.9203996 -0.4428876 0.08809582 -0.8922386 -0.5003296 0.09952174 -0.8600964 -0.5555363 0.110503 -0.8241168 -0.6082617 0.1209908 -0.7844609 -0.658271 0.1309382 -0.7413059 -0.7053413 0.1403011 -0.6948448 -0.7492631 0.1490377 -0.6452849 -0.7898408 0.1571091 -0.5928476 -0.8268938 0.1644794 -0.5377669 -0.8602571 0.1711158 -0.4802886 -0.8897822 0.1769887 -0.4206692 -0.9153379 0.182072 -0.3591745 -0.9368103 0.1863432 -0.2960788 -0.954104 0.1897831 -0.2316633 -0.9671421 0.1923765 -0.1662153 -0.9758664 0.1941119 -0.1000264 -0.9802383 0.1949815 -0.03339176 -0.9802383 0.1949815 0.03339176 -0.9758664 0.1941119 0.1000264 -0.9671421 0.1923765 0.1662153 -0.954104 0.1897831 0.2316633 -0.9368103 0.1863432 0.2960788 -0.9153379 0.182072 0.3591745 -0.8897822 0.1769887 0.4206692 -0.8602571 0.1711158 0.4802886 -0.8268938 0.1644794 0.5377669 -0.7898408 0.1571091 0.5928476 -0.7492631 0.1490377 0.6452849 -0.7053413 0.1403011 0.6948448 -0.658271 0.1309382 0.7413059 -0.6082617 0.1209908 0.7844609 -0.5555363 0.110503 0.8241168 -0.5003296 0.09952174 0.8600964 -0.4428876 0.08809582 0.8922386 -0.3834664 0.07627622 0.9203996 -0.322331 0.06411562 0.9444532 -0.2597538 0.05166825 0.9642916 -0.1960142 0.03898964 0.9798256 -0.1313964 0.02613637 0.9909853 -0.06618889 0.01316579 0.9977202 -0.06690826 0.00880864 -0.9977202 -0.1328245 0.01748667 -0.9909853 -0.1981445 0.02608622 -0.9798256 -0.2625769 0.03456891 -0.9642916 -0.3258342 0.04289689 -0.9444532 -0.3876341 0.051033 -0.9203996 -0.4477011 0.05894097 -0.8922386 -0.5057674 0.06658554 -0.8600964 -0.5615741 0.07393263 -0.8241168 -0.6148725 0.08094951 -0.7844609 -0.6654253 0.08760491 -0.7413059 -0.7130073 0.09386919 -0.6948448 -0.7574064 0.09971445 -0.6452849 -0.7984251 0.1051147 -0.5928476 -0.8358808 0.1100458 -0.5377669 -0.8696067 0.1144859 -0.4802886 -0.8994527 0.1184152 -0.4206692 -0.9252861 0.1218162 -0.3591745 -0.946992 0.1246739 -0.2960788 -0.9644736 0.1269754 -0.2316633 -0.9776534 0.1287105 -0.1662153 -0.9864725 0.1298716 -0.1000264 -0.990892 0.1304534 -0.03339176 -0.990892 0.1304534 0.03339176 -0.9864725 0.1298716 0.1000264 -0.9776534 0.1287105 0.1662153 -0.9644736 0.1269754 0.2316633 -0.946992 0.1246739 0.2960788 -0.9252861 0.1218162 0.3591745 -0.8994527 0.1184152 0.4206692 -0.8696067 0.1144859 0.4802886 -0.8358808 0.1100458 0.5377669 -0.7984251 0.1051147 0.5928476 -0.7574064 0.09971445 0.6452849 -0.7130073 0.09386919 0.6948448 -0.6654253 0.08760491 0.7413059 -0.6148725 0.08094951 0.7844609 -0.5615741 0.07393263 0.8241168 -0.5057674 0.06658554 0.8600964 -0.4477011 0.05894097 0.8922386 -0.3876341 0.051033 0.9203996 -0.3258342 0.04289689 0.9444532 -0.2625769 0.03456891 0.9642916 -0.1981445 0.02608622 0.9798256 -0.1328245 0.01748667 0.9909853 -0.06690826 0.00880864 0.9977202 -0.06734112 0.00441377 -0.9977202 -0.1336838 0.008762097 -0.9909853 -0.1994264 0.0130711 -0.9798256 -0.2642757 0.01732154 -0.9642916 -0.3279422 0.02149446 -0.9444532 -0.3901419 0.02557125 -0.9203996 -0.4505975 0.02953372 -0.8922386 -0.5090394 0.0333642 -0.8600964 -0.5652071 0.03704563 -0.8241168 -0.6188504 0.0405616 -0.7844609 -0.6697302 0.04389644 -0.7413059 -0.71762 0.0470353 -0.6948448 -0.7623064 0.0499642 -0.6452849 -0.8035905 0.0526701 -0.5928476 -0.8412884 0.05514096 -0.5377669 -0.8752325 0.05736577 -0.4802886 -0.9052717 0.05933464 -0.4206692 -0.9312722 0.0610388 -0.3591745 -0.9531184 0.06247068 -0.2960788 -0.9707132 0.0636239 -0.2316633 -0.9839782 0.06449334 -0.1662153 -0.9928544 0.06507512 -0.1000264 -0.9973025 0.06536666 -0.03339176 -0.9973025 0.06536666 0.03339176 -0.9928544 0.06507512 0.1000264 -0.9839782 0.06449334 0.1662153 -0.9707132 0.0636239 0.2316633 -0.9531184 0.06247068 0.2960788 -0.9312722 0.0610388 0.3591745 -0.9052717 0.05933464 0.4206692 -0.8752325 0.05736577 0.4802886 -0.8412884 0.05514096 0.5377669 -0.8035905 0.0526701 0.5928476 -0.7623064 0.0499642 0.6452849 -0.71762 0.0470353 0.6948448 -0.6697302 0.04389644 0.7413059 -0.6188504 0.0405616 0.7844609 -0.5652071 0.03704563 0.8241168 -0.5090394 0.0333642 0.8600964 -0.4505975 0.02953372 0.8922386 -0.3901419 0.02557125 0.9203996 -0.3279422 0.02149446 0.9444532 -0.2642757 0.01732154 0.9642916 -0.1994264 0.0130711 0.9798256 -0.1336838 0.008762097 0.9909853 -0.06734112 0.00441377 0.9977202 -0.06748561 -3.315092e-18 -0.9977202 -0.1339706 5.801722e-18 -0.9909853 -0.1998543 -1.409071e-17 -0.9798256 -0.2648427 -5.305063e-17 -0.9642916 -0.3286458 -2.486909e-17 -0.9444532 -0.390979 -9.395624e-18 -0.9203996 -0.4515643 -5.582494e-17 -0.8922386 -0.5101316 -7.73866e-17 -0.8600964 -0.5664199 -1.768963e-17 -0.8241168 -0.6201783 -1.172022e-16 -0.7844609 -0.6711673 -1.448545e-16 -0.7413059 -0.7191598 -1.360178e-16 -0.6948448 -0.763942 -1.459801e-16 -0.6452849 -0.8053147 -1.327176e-17 -0.5928476 -0.8430936 5.08781e-17 -0.5377669 -0.8771105 -1.515366e-16 -0.4802886 -0.9072141 -2.510987e-16 -0.4206692 -0.9332704 1.548694e-17 -0.3591745 -0.9551635 -4.867506e-17 -0.2960788 -0.972796 -9.624679e-17 -0.2316633 -0.9860895 -1.327573e-16 -0.1662153 -0.9949848 -1.239087e-16 -0.1000264 -0.9994423 -2.544574e-17 -0.03339176 -0.9994423 -2.013533e-16 0.03339176 -0.9949848 -9.625052e-17 0.1000264 -0.9860895 -7.633543e-17 0.1662153 -0.972796 -1.172662e-16 0.2316633 -0.9551635 -1.604064e-16 0.2960788 -0.9332704 -2.26773e-16 0.3591745 -0.9072141 4.756494e-17 0.4206692 -0.8771105 -5.530533e-17 0.4802886 -0.8430936 -2.554966e-16 0.5377669 -0.8053147 -1.161279e-16 0.5928476 -0.763942 -1.769455e-17 0.6452849 -0.7191598 -1.769337e-17 0.6948448 -0.6711673 -5.528797e-18 0.7413059 -0.6201783 -5.196701e-17 0.7844609 -0.5664199 -1.022682e-16 0.8241168 -0.5101316 7.185898e-18 0.8600964 -0.4515643 -5.250861e-17 0.8922386 -0.390979 -7.958646e-17 0.9203996 -0.3286458 -1.108056e-16 0.9444532 -0.2648427 2.873576e-17 0.9642916 -0.1998543 -3.039172e-18 0.9798256 -0.1339706 -6.188503e-17 0.9909853 -0.06748561 -1.105031e-17 0.9977202 -0.06734112 -0.00441377 -0.9977202 -0.1336838 -0.008762097 -0.9909853 -0.1994264 -0.0130711 -0.9798256 -0.2642757 -0.01732154 -0.9642916 -0.3279422 -0.02149446 -0.9444532 -0.3901419 -0.02557125 -0.9203996 -0.4505975 -0.02953372 -0.8922386 -0.5090394 -0.0333642 -0.8600964 -0.5652071 -0.03704563 -0.8241168 -0.6188504 -0.0405616 -0.7844609 -0.6697302 -0.04389644 -0.7413059 -0.71762 -0.0470353 -0.6948448 -0.7623064 -0.0499642 -0.6452849 -0.8035905 -0.0526701 -0.5928476 -0.8412884 -0.05514096 -0.5377669 -0.8752325 -0.05736577 -0.4802886 -0.9052717 -0.05933464 -0.4206692 -0.9312722 -0.0610388 -0.3591745 -0.9531184 -0.06247068 -0.2960788 -0.9707132 -0.0636239 -0.2316633 -0.9839782 -0.06449334 -0.1662153 -0.9928544 -0.06507512 -0.1000264 -0.9973025 -0.06536666 -0.03339176 -0.9973025 -0.06536666 0.03339176 -0.9928544 -0.06507512 0.1000264 -0.9839782 -0.06449334 0.1662153 -0.9707132 -0.0636239 0.2316633 -0.9531184 -0.06247068 0.2960788 -0.9312722 -0.0610388 0.3591745 -0.9052717 -0.05933464 0.4206692 -0.8752325 -0.05736577 0.4802886 -0.8412884 -0.05514096 0.5377669 -0.8035905 -0.0526701 0.5928476 -0.7623064 -0.0499642 0.6452849 -0.71762 -0.0470353 0.6948448 -0.6697302 -0.04389644 0.7413059 -0.6188504 -0.0405616 0.7844609 -0.5652071 -0.03704563 0.8241168 -0.5090394 -0.0333642 0.8600964 -0.4505975 -0.02953372 0.8922386 -0.3901419 -0.02557125 0.9203996 -0.3279422 -0.02149446 0.9444532 -0.2642757 -0.01732154 0.9642916 -0.1994264 -0.0130711 0.9798256 -0.1336838 -0.008762097 0.9909853 -0.06734112 -0.00441377 0.9977202 -0.06690826 -0.00880864 -0.9977202 -0.1328245 -0.01748667 -0.9909853 -0.1981445 -0.02608622 -0.9798256 -0.2625769 -0.03456891 -0.9642916 -0.3258342 -0.04289689 -0.9444532 -0.3876341 -0.051033 -0.9203996 -0.4477011 -0.05894097 -0.8922386 -0.5057674 -0.06658554 -0.8600964 -0.5615741 -0.07393263 -0.8241168 -0.6148725 -0.08094951 -0.7844609 -0.6654253 -0.08760491 -0.7413059 -0.7130073 -0.09386919 -0.6948448 -0.7574064 -0.09971445 -0.6452849 -0.7984251 -0.1051147 -0.5928476 -0.8358808 -0.1100458 -0.5377669 -0.8696067 -0.1144859 -0.4802886 -0.8994527 -0.1184152 -0.4206692 -0.9252861 -0.1218162 -0.3591745 -0.946992 -0.1246739 -0.2960788 -0.9644736 -0.1269754 -0.2316633 -0.9776534 -0.1287105 -0.1662153 -0.9864725 -0.1298716 -0.1000264 -0.990892 -0.1304534 -0.03339176 -0.990892 -0.1304534 0.03339176 -0.9864725 -0.1298716 0.1000264 -0.9776534 -0.1287105 0.1662153 -0.9644736 -0.1269754 0.2316633 -0.946992 -0.1246739 0.2960788 -0.9252861 -0.1218162 0.3591745 -0.8994527 -0.1184152 0.4206692 -0.8696067 -0.1144859 0.4802886 -0.8358808 -0.1100458 0.5377669 -0.7984251 -0.1051147 0.5928476 -0.7574064 -0.09971445 0.6452849 -0.7130073 -0.09386919 0.6948448 -0.6654253 -0.08760491 0.7413059 -0.6148725 -0.08094951 0.7844609 -0.5615741 -0.07393263 0.8241168 -0.5057674 -0.06658554 0.8600964 -0.4477011 -0.05894097 0.8922386 -0.3876341 -0.051033 0.9203996 -0.3258342 -0.04289689 0.9444532 -0.2625769 -0.03456891 0.9642916 -0.1981445 -0.02608622 0.9798256 -0.1328245 -0.01748667 0.9909853 -0.06690826 -0.00880864 0.9977202 -0.06618889 -0.01316579 -0.9977202 -0.1313964 -0.02613637 -0.9909853 -0.1960142 -0.03898964 -0.9798256 -0.2597538 -0.05166825 -0.9642916 -0.322331 -0.06411562 -0.9444532 -0.3834664 -0.07627622 -0.9203996 -0.4428876 -0.08809582 -0.8922386 -0.5003296 -0.09952174 -0.8600964 -0.5555363 -0.110503 -0.8241168 -0.6082617 -0.1209908 -0.7844609 -0.658271 -0.1309382 -0.7413059 -0.7053413 -0.1403011 -0.6948448 -0.7492631 -0.1490377 -0.6452849 -0.7898408 -0.1571091 -0.5928476 -0.8268938 -0.1644794 -0.5377669 -0.8602571 -0.1711158 -0.4802886 -0.8897822 -0.1769887 -0.4206692 -0.9153379 -0.182072 -0.3591745 -0.9368103 -0.1863432 -0.2960788 -0.954104 -0.1897831 -0.2316633 -0.9671421 -0.1923765 -0.1662153 -0.9758664 -0.1941119 -0.1000264 -0.9802383 -0.1949815 -0.03339176 -0.9802383 -0.1949815 0.03339176 -0.9758664 -0.1941119 0.1000264 -0.9671421 -0.1923765 0.1662153 -0.954104 -0.1897831 0.2316633 -0.9368103 -0.1863432 0.2960788 -0.9153379 -0.182072 0.3591745 -0.8897822 -0.1769887 0.4206692 -0.8602571 -0.1711158 0.4802886 -0.8268938 -0.1644794 0.5377669 -0.7898408 -0.1571091 0.5928476 -0.7492631 -0.1490377 0.6452849 -0.7053413 -0.1403011 0.6948448 -0.658271 -0.1309382 0.7413059 -0.6082617 -0.1209908 0.7844609 -0.5555363 -0.110503 0.8241168 -0.5003296 -0.09952174 0.8600964 -0.4428876 -0.08809582 0.8922386 -0.3834664 -0.07627622 0.9203996 -0.322331 -0.06411562 0.9444532 -0.2597538 -0.05166825 0.9642916 -0.1960142 -0.03898964 0.9798256 -0.1313964 -0.02613637 0.9909853 -0.06618889 -0.01316579 0.9977202 -0.06518609 -0.01746656 -0.9977202 -0.1294057 -0.03467414 -0.9909853 -0.1930445 -0.05172611 -0.9798256 -0.2558184 -0.06854634 -0.9642916 -0.3174475 -0.08505979 -0.9444532 -0.3776567 -0.1011928 -0.9203996 -0.4361776 -0.1168734 -0.8922386 -0.4927493 -0.1320318 -0.8600964 -0.5471196 -0.1466003 -0.8241168 -0.5990462 -0.1605139 -0.7844609 -0.6482978 -0.1737109 -0.7413059 -0.694655 -0.1861322 -0.6948448 -0.7379113 -0.1977227 -0.6452849 -0.7778743 -0.2084308 -0.5928476 -0.8143659 -0.2182087 -0.5377669 -0.8472237 -0.2270129 -0.4802886 -0.8763015 -0.2348043 -0.4206692 -0.90147 -0.2415482 -0.3591745 -0.9226171 -0.2472145 -0.2960788 -0.9396488 -0.2517781 -0.2316633 -0.9524893 -0.2552187 -0.1662153 -0.9610815 -0.257521 -0.1000264 -0.9653872 -0.2586747 -0.03339176 -0.9653872 -0.2586747 0.03339176 -0.9610815 -0.257521 0.1000264 -0.9524893 -0.2552187 0.1662153 -0.9396488 -0.2517781 0.2316633 -0.9226171 -0.2472145 0.2960788 -0.90147 -0.2415482 0.3591745 -0.8763015 -0.2348043 0.4206692 -0.8472237 -0.2270129 0.4802886 -0.8143659 -0.2182087 0.5377669 -0.7778743 -0.2084308 0.5928476 -0.7379113 -0.1977227 0.6452849 -0.694655 -0.1861322 0.6948448 -0.6482978 -0.1737109 0.7413059 -0.5990462 -0.1605139 0.7844609 -0.5471196 -0.1466003 0.8241168 -0.4927493 -0.1320318 0.8600964 -0.4361776 -0.1168734 0.8922386 -0.3776567 -0.1011928 0.9203996 -0.3174475 -0.08505979 0.9444532 -0.2558184 -0.06854634 0.9642916 -0.1930445 -0.05172611 0.9798256 -0.1294057 -0.03467414 0.9909853 -0.06518609 -0.01746656 0.9977202 -0.06390416 -0.02169254 -0.9977202 -0.1268608 -0.04306344 -0.9909853 -0.1892481 -0.06424107 -0.9798256 -0.2507875 -0.0851309 -0.9642916 -0.3112046 -0.1056397 -0.9444532 -0.3702298 -0.1256761 -0.9203996 -0.4275998 -0.1451506 -0.8922386 -0.483059 -0.1639764 -0.8600964 -0.53636 -0.1820697 -0.8241168 -0.5872655 -0.1993498 -0.7844609 -0.6355485 -0.2157396 -0.7413059 -0.680994 -0.2311663 -0.6948448 -0.7233997 -0.2455611 -0.6452849 -0.7625768 -0.2588599 -0.5928476 -0.7983507 -0.2710035 -0.5377669 -0.8305624 -0.2819379 -0.4802886 -0.8590684 -0.2916144 -0.4206692 -0.8837419 -0.2999899 -0.3591745 -0.9044731 -0.3070272 -0.2960788 -0.9211699 -0.312695 -0.2316633 -0.9337578 -0.3169681 -0.1662153 -0.9421811 -0.3198274 -0.1000264 -0.9464021 -0.3212602 -0.03339176 -0.9464021 -0.3212602 0.03339176 -0.9421811 -0.3198274 0.1000264 -0.9337578 -0.3169681 0.1662153 -0.9211699 -0.312695 0.2316633 -0.9044731 -0.3070272 0.2960788 -0.8837419 -0.2999899 0.3591745 -0.8590684 -0.2916144 0.4206692 -0.8305624 -0.2819379 0.4802886 -0.7983507 -0.2710035 0.5377669 -0.7625768 -0.2588599 0.5928476 -0.7233997 -0.2455611 0.6452849 -0.680994 -0.2311663 0.6948448 -0.6355485 -0.2157396 0.7413059 -0.5872655 -0.1993498 0.7844609 -0.53636 -0.1820697 0.8241168 -0.483059 -0.1639764 0.8600964 -0.4275998 -0.1451506 0.8922386 -0.3702298 -0.1256761 0.9203996 -0.3112046 -0.1056397 0.9444532 -0.2507875 -0.0851309 0.9642916 -0.1892481 -0.06424107 0.9798256 -0.1268608 -0.04306344 0.9909853 -0.06390416 -0.02169254 0.9977202 -0.06234857 -0.02582562 -0.9977202 -0.1237727 -0.05126833 -0.9909853 -0.1846413 -0.07648094 -0.9798256 -0.2446828 -0.1013509 -0.9642916 -0.3036291 -0.1257673 -0.9444532 -0.3612175 -0.1496212 -0.9203996 -0.417191 -0.1728062 -0.8922386 -0.4713002 -0.1952189 -0.8600964 -0.5233037 -0.2167595 -0.8241168 -0.57297 -0.2373319 -0.7844609 -0.6200777 -0.2568446 -0.7413059 -0.664417 -0.2752105 -0.6948448 -0.7057904 -0.292348 -0.6452849 -0.7440138 -0.3081806 -0.5928476 -0.7789169 -0.3226379 -0.5377669 -0.8103444 -0.3356557 -0.4802886 -0.8381565 -0.3471758 -0.4206692 -0.8622294 -0.3571471 -0.3591745 -0.882456 -0.3655253 -0.2960788 -0.8987463 -0.3722729 -0.2316633 -0.9110279 -0.3773601 -0.1662153 -0.9192461 -0.3807642 -0.1000264 -0.9233643 -0.38247 -0.03339176 -0.9233643 -0.38247 0.03339176 -0.9192461 -0.3807642 0.1000264 -0.9110279 -0.3773601 0.1662153 -0.8987463 -0.3722729 0.2316633 -0.882456 -0.3655253 0.2960788 -0.8622294 -0.3571471 0.3591745 -0.8381565 -0.3471758 0.4206692 -0.8103444 -0.3356557 0.4802886 -0.7789169 -0.3226379 0.5377669 -0.7440138 -0.3081806 0.5928476 -0.7057904 -0.292348 0.6452849 -0.664417 -0.2752105 0.6948448 -0.6200777 -0.2568446 0.7413059 -0.57297 -0.2373319 0.7844609 -0.5233037 -0.2167595 0.8241168 -0.4713002 -0.1952189 0.8600964 -0.417191 -0.1728062 0.8922386 -0.3612175 -0.1496212 0.9203996 -0.3036291 -0.1257673 0.9444532 -0.2446828 -0.1013509 0.9642916 -0.1846413 -0.07648094 0.9798256 -0.1237727 -0.05126833 0.9909853 -0.06234857 -0.02582562 0.9977202 -0.060526 -0.02984812 -0.9977202 -0.1201546 -0.05925368 -0.9909853 -0.1792439 -0.08839331 -0.9798256 -0.2375302 -0.1171369 -0.9642916 -0.2947535 -0.1453563 -0.9444532 -0.3506584 -0.1729256 -0.9203996 -0.4049957 -0.1997218 -0.8922386 -0.4575231 -0.2256254 -0.8600964 -0.5080065 -0.2505211 -0.8241168 -0.556221 -0.2742978 -0.7844609 -0.6019516 -0.2968497 -0.7413059 -0.6449948 -0.3180762 -0.6948448 -0.6851588 -0.3378829 -0.6452849 -0.7222648 -0.3561816 -0.5928476 -0.7561476 -0.3728908 -0.5377669 -0.7866565 -0.3879361 -0.4802886 -0.8136556 -0.4012505 -0.4206692 -0.8370248 -0.4127749 -0.3591745 -0.8566601 -0.422458 -0.2960788 -0.8724742 -0.4302567 -0.2316633 -0.8843968 -0.4361362 -0.1662153 -0.8923747 -0.4400705 -0.1000264 -0.8963726 -0.442042 -0.03339176 -0.8963726 -0.442042 0.03339176 -0.8923747 -0.4400705 0.1000264 -0.8843968 -0.4361362 0.1662153 -0.8724742 -0.4302567 0.2316633 -0.8566601 -0.422458 0.2960788 -0.8370248 -0.4127749 0.3591745 -0.8136556 -0.4012505 0.4206692 -0.7866565 -0.3879361 0.4802886 -0.7561476 -0.3728908 0.5377669 -0.7222648 -0.3561816 0.5928476 -0.6851588 -0.3378829 0.6452849 -0.6449948 -0.3180762 0.6948448 -0.6019516 -0.2968497 0.7413059 -0.556221 -0.2742978 0.7844609 -0.5080065 -0.2505211 0.8241168 -0.4575231 -0.2256254 0.8600964 -0.4049957 -0.1997218 0.8922386 -0.3506584 -0.1729256 0.9203996 -0.2947535 -0.1453563 0.9444532 -0.2375302 -0.1171369 0.9642916 -0.1792439 -0.08839331 0.9798256 -0.1201546 -0.05925368 0.9909853 -0.060526 -0.02984812 0.9977202 -0.05844425 -0.0337428 -0.9977202 -0.1160219 -0.0669853 -0.9909853 -0.1730789 -0.09992716 -0.9798256 -0.2293605 -0.1324214 -0.9642916 -0.2846156 -0.1643229 -0.9444532 -0.3385977 -0.1954895 -0.9203996 -0.3910662 -0.2257821 -0.8922386 -0.4417869 -0.2550658 -0.8600964 -0.490534 -0.2832099 -0.8241168 -0.5370901 -0.3100891 -0.7844609 -0.5812479 -0.3355836 -0.7413059 -0.6228106 -0.3595799 -0.6948448 -0.6615932 -0.381971 -0.6452849 -0.697423 -0.4026574 -0.5928476 -0.7301404 -0.4215468 -0.5377669 -0.7596 -0.4385552 -0.4802886 -0.7856704 -0.453607 -0.4206692 -0.8082359 -0.4666352 -0.3591745 -0.8271959 -0.4775818 -0.2960788 -0.8424661 -0.486398 -0.2316633 -0.8539785 -0.4930447 -0.1662153 -0.8616821 -0.4974924 -0.1000264 -0.8655425 -0.4997212 -0.03339176 -0.8655425 -0.4997212 0.03339176 -0.8616821 -0.4974924 0.1000264 -0.8539785 -0.4930447 0.1662153 -0.8424661 -0.486398 0.2316633 -0.8271959 -0.4775818 0.2960788 -0.8082359 -0.4666352 0.3591745 -0.7856704 -0.453607 0.4206692 -0.7596 -0.4385552 0.4802886 -0.7301404 -0.4215468 0.5377669 -0.697423 -0.4026574 0.5928476 -0.6615932 -0.381971 0.6452849 -0.6228106 -0.3595799 0.6948448 -0.5812479 -0.3355836 0.7413059 -0.5370901 -0.3100891 0.7844609 -0.490534 -0.2832099 0.8241168 -0.4417869 -0.2550658 0.8600964 -0.3910662 -0.2257821 0.8922386 -0.3385977 -0.1954895 0.9203996 -0.2846156 -0.1643229 0.9444532 -0.2293605 -0.1324214 0.9642916 -0.1730789 -0.09992716 0.9798256 -0.1160219 -0.0669853 0.9909853 -0.05844425 -0.0337428 0.9977202 -0.05611223 -0.037493 -0.9977202 -0.1113925 -0.07443008 -0.9909853 -0.1661728 -0.1110331 -0.9798256 -0.2202087 -0.1471387 -0.9642916 -0.273259 -0.1825858 -0.9444532 -0.3250872 -0.2172163 -0.9203996 -0.375462 -0.2508757 -0.8922386 -0.4241589 -0.2834139 -0.8600964 -0.4709609 -0.314686 -0.8241168 -0.5156594 -0.3445526 -0.7844609 -0.5580552 -0.3728806 -0.7413059 -0.5979595 -0.3995438 -0.6948448 -0.6351946 -0.4244235 -0.6452849 -0.6695947 -0.4474089 -0.5928476 -0.7010067 -0.4683977 -0.5377669 -0.7292907 -0.4872965 -0.4802886 -0.7543209 -0.5040211 -0.4206692 -0.775986 -0.5184973 -0.3591745 -0.7941894 -0.5306604 -0.2960788 -0.8088503 -0.5404565 -0.2316633 -0.8199034 -0.547842 -0.1662153 -0.8272996 -0.5527839 -0.1000264 -0.8310059 -0.5552604 -0.03339176 -0.8310059 -0.5552604 0.03339176 -0.8272996 -0.5527839 0.1000264 -0.8199034 -0.547842 0.1662153 -0.8088503 -0.5404565 0.2316633 -0.7941894 -0.5306604 0.2960788 -0.775986 -0.5184973 0.3591745 -0.7543209 -0.5040211 0.4206692 -0.7292907 -0.4872965 0.4802886 -0.7010067 -0.4683977 0.5377669 -0.6695947 -0.4474089 0.5928476 -0.6351946 -0.4244235 0.6452849 -0.5979595 -0.3995438 0.6948448 -0.5580552 -0.3728806 0.7413059 -0.5156594 -0.3445526 0.7844609 -0.4709609 -0.314686 0.8241168 -0.4241589 -0.2834139 0.8600964 -0.375462 -0.2508757 0.8922386 -0.3250872 -0.2172163 0.9203996 -0.273259 -0.1825858 0.9444532 -0.2202087 -0.1471387 0.9642916 -0.1661728 -0.1110331 0.9798256 -0.1113925 -0.07443008 0.9909853 -0.05611223 -0.037493 0.9977202 -0.05353993 -0.04108264 -0.9977202 -0.106286 -0.08155614 -0.9909853 -0.1585551 -0.1216636 -0.9798256 -0.2101139 -0.161226 -0.9642916 -0.2607322 -0.2000669 -0.9444532 -0.3101845 -0.2380129 -0.9203996 -0.35825 -0.2748949 -0.8922386 -0.4047146 -0.3105484 -0.8600964 -0.4493711 -0.3448146 -0.8241168 -0.4920205 -0.3775406 -0.7844609 -0.5324728 -0.4085807 -0.7413059 -0.5705478 -0.4377967 -0.6948448 -0.606076 -0.4650584 -0.6452849 -0.6388991 -0.4902445 -0.5928476 -0.6688711 -0.5132428 -0.5377669 -0.6958585 -0.533951 -0.4802886 -0.7197413 -0.5522769 -0.4206692 -0.7404132 -0.568139 -0.3591745 -0.7577822 -0.5814667 -0.2960788 -0.771771 -0.5922007 -0.2316633 -0.7823174 -0.6002932 -0.1662153 -0.7893745 -0.6057084 -0.1000264 -0.7929109 -0.6084219 -0.03339176 -0.7929109 -0.6084219 0.03339176 -0.7893745 -0.6057084 0.1000264 -0.7823174 -0.6002932 0.1662153 -0.771771 -0.5922007 0.2316633 -0.7577822 -0.5814667 0.2960788 -0.7404132 -0.568139 0.3591745 -0.7197413 -0.5522769 0.4206692 -0.6958585 -0.533951 0.4802886 -0.6688711 -0.5132428 0.5377669 -0.6388991 -0.4902445 0.5928476 -0.606076 -0.4650584 0.6452849 -0.5705478 -0.4377967 0.6948448 -0.5324728 -0.4085807 0.7413059 -0.4920205 -0.3775406 0.7844609 -0.4493711 -0.3448146 0.8241168 -0.4047146 -0.3105484 0.8600964 -0.35825 -0.2748949 0.8922386 -0.3101845 -0.2380129 0.9203996 -0.2607322 -0.2000669 0.9444532 -0.2101139 -0.161226 0.9642916 -0.1585551 -0.1216636 0.9798256 -0.106286 -0.08155614 0.9909853 -0.05353993 -0.04108264 0.9977202 -0.05073837 -0.04449635 -0.9977202 -0.1007244 -0.08833296 -0.9909853 -0.1502584 -0.1317731 -0.9798256 -0.1991193 -0.1746229 -0.9642916 -0.247089 -0.2166912 -0.9444532 -0.2939536 -0.2577904 -0.9203996 -0.339504 -0.297737 -0.8922386 -0.3835373 -0.3363531 -0.8600964 -0.425857 -0.3734666 -0.8241168 -0.4662747 -0.4089119 -0.7844609 -0.5046103 -0.4425313 -0.7413059 -0.5406929 -0.474175 -0.6948448 -0.574362 -0.503702 -0.6452849 -0.6054677 -0.5309809 -0.5928476 -0.6338713 -0.5558902 -0.5377669 -0.6594466 -0.5783191 -0.4802886 -0.6820797 -0.5981678 -0.4206692 -0.7016698 -0.6153479 -0.3591745 -0.71813 -0.6297831 -0.2960788 -0.7313868 -0.641409 -0.2316633 -0.7413813 -0.650174 -0.1662153 -0.7480692 -0.6560391 -0.1000264 -0.7514205 -0.6589781 -0.03339176 -0.7514205 -0.6589781 0.03339176 -0.7480692 -0.6560391 0.1000264 -0.7413813 -0.650174 0.1662153 -0.7313868 -0.641409 0.2316633 -0.71813 -0.6297831 0.2960788 -0.7016698 -0.6153479 0.3591745 -0.6820797 -0.5981678 0.4206692 -0.6594466 -0.5783191 0.4802886 -0.6338713 -0.5558902 0.5377669 -0.6054677 -0.5309809 0.5928476 -0.574362 -0.503702 0.6452849 -0.5406929 -0.474175 0.6948448 -0.5046103 -0.4425313 0.7413059 -0.4662747 -0.4089119 0.7844609 -0.425857 -0.3734666 0.8241168 -0.3835373 -0.3363531 0.8600964 -0.339504 -0.297737 0.8922386 -0.2939536 -0.2577904 0.9203996 -0.247089 -0.2166912 0.9444532 -0.1991193 -0.1746229 0.9642916 -0.1502584 -0.1317731 0.9798256 -0.1007244 -0.08833296 0.9909853 -0.05073837 -0.04449635 0.9977202 -0.04771953 -0.04771953 -0.9977202 -0.09473152 -0.09473152 -0.9909853 -0.1413183 -0.1413183 -0.9798256 -0.1872721 -0.1872721 -0.9642916 -0.2323877 -0.2323877 -0.9444532 -0.2764639 -0.2764639 -0.9203996 -0.3193042 -0.3193042 -0.8922386 -0.3607175 -0.3607175 -0.8600964 -0.4005193 -0.4005193 -0.8241168 -0.4385323 -0.4385323 -0.7844609 -0.4745869 -0.4745869 -0.7413059 -0.5085227 -0.5085227 -0.6948448 -0.5401886 -0.5401886 -0.6452849 -0.5694435 -0.5694435 -0.5928476 -0.5961572 -0.5961572 -0.5377669 -0.6202108 -0.6202108 -0.4802886 -0.6414972 -0.6414972 -0.4206692 -0.6599218 -0.6599218 -0.3591745 -0.6754026 -0.6754026 -0.2960788 -0.6878707 -0.6878707 -0.2316633 -0.6972706 -0.6972706 -0.1662153 -0.7035605 -0.7035605 -0.1000264 -0.7067125 -0.7067125 -0.03339176 -0.7067125 -0.7067125 0.03339176 -0.7035605 -0.7035605 0.1000264 -0.6972706 -0.6972706 0.1662153 -0.6878707 -0.6878707 0.2316633 -0.6754026 -0.6754026 0.2960788 -0.6599218 -0.6599218 0.3591745 -0.6414972 -0.6414972 0.4206692 -0.6202108 -0.6202108 0.4802886 -0.5961572 -0.5961572 0.5377669 -0.5694435 -0.5694435 0.5928476 -0.5401886 -0.5401886 0.6452849 -0.5085227 -0.5085227 0.6948448 -0.4745869 -0.4745869 0.7413059 -0.4385323 -0.4385323 0.7844609 -0.4005193 -0.4005193 0.8241168 -0.3607175 -0.3607175 0.8600964 -0.3193042 -0.3193042 0.8922386 -0.2764639 -0.2764639 0.9203996 -0.2323877 -0.2323877 0.9444532 -0.1872721 -0.1872721 0.9642916 -0.1413183 -0.1413183 0.9798256 -0.09473152 -0.09473152 0.9909853 -0.04771953 -0.04771953 0.9977202 -0.04449635 -0.05073837 -0.9977202 -0.08833296 -0.1007244 -0.9909853 -0.1317731 -0.1502584 -0.9798256 -0.1746229 -0.1991193 -0.9642916 -0.2166912 -0.247089 -0.9444532 -0.2577904 -0.2939536 -0.9203996 -0.297737 -0.339504 -0.8922386 -0.3363531 -0.3835373 -0.8600964 -0.3734666 -0.425857 -0.8241168 -0.4089119 -0.4662747 -0.7844609 -0.4425313 -0.5046103 -0.7413059 -0.474175 -0.5406929 -0.6948448 -0.503702 -0.574362 -0.6452849 -0.5309809 -0.6054677 -0.5928476 -0.5558902 -0.6338713 -0.5377669 -0.5783191 -0.6594466 -0.4802886 -0.5981678 -0.6820797 -0.4206692 -0.6153479 -0.7016698 -0.3591745 -0.6297831 -0.71813 -0.2960788 -0.641409 -0.7313868 -0.2316633 -0.650174 -0.7413813 -0.1662153 -0.6560391 -0.7480692 -0.1000264 -0.6589781 -0.7514205 -0.03339176 -0.6589781 -0.7514205 0.03339176 -0.6560391 -0.7480692 0.1000264 -0.650174 -0.7413813 0.1662153 -0.641409 -0.7313868 0.2316633 -0.6297831 -0.71813 0.2960788 -0.6153479 -0.7016698 0.3591745 -0.5981678 -0.6820797 0.4206692 -0.5783191 -0.6594466 0.4802886 -0.5558902 -0.6338713 0.5377669 -0.5309809 -0.6054677 0.5928476 -0.503702 -0.574362 0.6452849 -0.474175 -0.5406929 0.6948448 -0.4425313 -0.5046103 0.7413059 -0.4089119 -0.4662747 0.7844609 -0.3734666 -0.425857 0.8241168 -0.3363531 -0.3835373 0.8600964 -0.297737 -0.339504 0.8922386 -0.2577904 -0.2939536 0.9203996 -0.2166912 -0.247089 0.9444532 -0.1746229 -0.1991193 0.9642916 -0.1317731 -0.1502584 0.9798256 -0.08833296 -0.1007244 0.9909853 -0.04449635 -0.05073837 0.9977202 -0.04108264 -0.05353993 -0.9977202 -0.08155614 -0.106286 -0.9909853 -0.1216636 -0.1585551 -0.9798256 -0.161226 -0.2101139 -0.9642916 -0.2000669 -0.2607322 -0.9444532 -0.2380129 -0.3101845 -0.9203996 -0.2748949 -0.35825 -0.8922386 -0.3105484 -0.4047146 -0.8600964 -0.3448146 -0.4493711 -0.8241168 -0.3775406 -0.4920205 -0.7844609 -0.4085807 -0.5324728 -0.7413059 -0.4377967 -0.5705478 -0.6948448 -0.4650584 -0.606076 -0.6452849 -0.4902445 -0.6388991 -0.5928476 -0.5132428 -0.6688711 -0.5377669 -0.533951 -0.6958585 -0.4802886 -0.5522769 -0.7197413 -0.4206692 -0.568139 -0.7404132 -0.3591745 -0.5814667 -0.7577822 -0.2960788 -0.5922007 -0.771771 -0.2316633 -0.6002932 -0.7823174 -0.1662153 -0.6057084 -0.7893745 -0.1000264 -0.6084219 -0.7929109 -0.03339176 -0.6084219 -0.7929109 0.03339176 -0.6057084 -0.7893745 0.1000264 -0.6002932 -0.7823174 0.1662153 -0.5922007 -0.771771 0.2316633 -0.5814667 -0.7577822 0.2960788 -0.568139 -0.7404132 0.3591745 -0.5522769 -0.7197413 0.4206692 -0.533951 -0.6958585 0.4802886 -0.5132428 -0.6688711 0.5377669 -0.4902445 -0.6388991 0.5928476 -0.4650584 -0.606076 0.6452849 -0.4377967 -0.5705478 0.6948448 -0.4085807 -0.5324728 0.7413059 -0.3775406 -0.4920205 0.7844609 -0.3448146 -0.4493711 0.8241168 -0.3105484 -0.4047146 0.8600964 -0.2748949 -0.35825 0.8922386 -0.2380129 -0.3101845 0.9203996 -0.2000669 -0.2607322 0.9444532 -0.161226 -0.2101139 0.9642916 -0.1216636 -0.1585551 0.9798256 -0.08155614 -0.106286 0.9909853 -0.04108264 -0.05353993 0.9977202 -0.037493 -0.05611223 -0.9977202 -0.07443008 -0.1113925 -0.9909853 -0.1110331 -0.1661728 -0.9798256 -0.1471387 -0.2202087 -0.9642916 -0.1825858 -0.273259 -0.9444532 -0.2172163 -0.3250872 -0.9203996 -0.2508757 -0.375462 -0.8922386 -0.2834139 -0.4241589 -0.8600964 -0.314686 -0.4709609 -0.8241168 -0.3445526 -0.5156594 -0.7844609 -0.3728806 -0.5580552 -0.7413059 -0.3995438 -0.5979595 -0.6948448 -0.4244235 -0.6351946 -0.6452849 -0.4474089 -0.6695947 -0.5928476 -0.4683977 -0.7010067 -0.5377669 -0.4872965 -0.7292907 -0.4802886 -0.5040211 -0.7543209 -0.4206692 -0.5184973 -0.775986 -0.3591745 -0.5306604 -0.7941894 -0.2960788 -0.5404565 -0.8088503 -0.2316633 -0.547842 -0.8199034 -0.1662153 -0.5527839 -0.8272996 -0.1000264 -0.5552604 -0.8310059 -0.03339176 -0.5552604 -0.8310059 0.03339176 -0.5527839 -0.8272996 0.1000264 -0.547842 -0.8199034 0.1662153 -0.5404565 -0.8088503 0.2316633 -0.5306604 -0.7941894 0.2960788 -0.5184973 -0.775986 0.3591745 -0.5040211 -0.7543209 0.4206692 -0.4872965 -0.7292907 0.4802886 -0.4683977 -0.7010067 0.5377669 -0.4474089 -0.6695947 0.5928476 -0.4244235 -0.6351946 0.6452849 -0.3995438 -0.5979595 0.6948448 -0.3728806 -0.5580552 0.7413059 -0.3445526 -0.5156594 0.7844609 -0.314686 -0.4709609 0.8241168 -0.2834139 -0.4241589 0.8600964 -0.2508757 -0.375462 0.8922386 -0.2172163 -0.3250872 0.9203996 -0.1825858 -0.273259 0.9444532 -0.1471387 -0.2202087 0.9642916 -0.1110331 -0.1661728 0.9798256 -0.07443008 -0.1113925 0.9909853 -0.037493 -0.05611223 0.9977202 -0.0337428 -0.05844425 -0.9977202 -0.0669853 -0.1160219 -0.9909853 -0.09992716 -0.1730789 -0.9798256 -0.1324214 -0.2293605 -0.9642916 -0.1643229 -0.2846156 -0.9444532 -0.1954895 -0.3385977 -0.9203996 -0.2257821 -0.3910662 -0.8922386 -0.2550658 -0.4417869 -0.8600964 -0.2832099 -0.490534 -0.8241168 -0.3100891 -0.5370901 -0.7844609 -0.3355836 -0.5812479 -0.7413059 -0.3595799 -0.6228106 -0.6948448 -0.381971 -0.6615932 -0.6452849 -0.4026574 -0.697423 -0.5928476 -0.4215468 -0.7301404 -0.5377669 -0.4385552 -0.7596 -0.4802886 -0.453607 -0.7856704 -0.4206692 -0.4666352 -0.8082359 -0.3591745 -0.4775818 -0.8271959 -0.2960788 -0.486398 -0.8424661 -0.2316633 -0.4930447 -0.8539785 -0.1662153 -0.4974924 -0.8616821 -0.1000264 -0.4997212 -0.8655425 -0.03339176 -0.4997212 -0.8655425 0.03339176 -0.4974924 -0.8616821 0.1000264 -0.4930447 -0.8539785 0.1662153 -0.486398 -0.8424661 0.2316633 -0.4775818 -0.8271959 0.2960788 -0.4666352 -0.8082359 0.3591745 -0.453607 -0.7856704 0.4206692 -0.4385552 -0.7596 0.4802886 -0.4215468 -0.7301404 0.5377669 -0.4026574 -0.697423 0.5928476 -0.381971 -0.6615932 0.6452849 -0.3595799 -0.6228106 0.6948448 -0.3355836 -0.5812479 0.7413059 -0.3100891 -0.5370901 0.7844609 -0.2832099 -0.490534 0.8241168 -0.2550658 -0.4417869 0.8600964 -0.2257821 -0.3910662 0.8922386 -0.1954895 -0.3385977 0.9203996 -0.1643229 -0.2846156 0.9444532 -0.1324214 -0.2293605 0.9642916 -0.09992716 -0.1730789 0.9798256 -0.0669853 -0.1160219 0.9909853 -0.0337428 -0.05844425 0.9977202 -0.02984812 -0.060526 -0.9977202 -0.05925368 -0.1201546 -0.9909853 -0.08839331 -0.1792439 -0.9798256 -0.1171369 -0.2375302 -0.9642916 -0.1453563 -0.2947535 -0.9444532 -0.1729256 -0.3506584 -0.9203996 -0.1997218 -0.4049957 -0.8922386 -0.2256254 -0.4575231 -0.8600964 -0.2505211 -0.5080065 -0.8241168 -0.2742978 -0.556221 -0.7844609 -0.2968497 -0.6019516 -0.7413059 -0.3180762 -0.6449948 -0.6948448 -0.3378829 -0.6851588 -0.6452849 -0.3561816 -0.7222648 -0.5928476 -0.3728908 -0.7561476 -0.5377669 -0.3879361 -0.7866565 -0.4802886 -0.4012505 -0.8136556 -0.4206692 -0.4127749 -0.8370248 -0.3591745 -0.422458 -0.8566601 -0.2960788 -0.4302567 -0.8724742 -0.2316633 -0.4361362 -0.8843968 -0.1662153 -0.4400705 -0.8923747 -0.1000264 -0.442042 -0.8963726 -0.03339176 -0.442042 -0.8963726 0.03339176 -0.4400705 -0.8923747 0.1000264 -0.4361362 -0.8843968 0.1662153 -0.4302567 -0.8724742 0.2316633 -0.422458 -0.8566601 0.2960788 -0.4127749 -0.8370248 0.3591745 -0.4012505 -0.8136556 0.4206692 -0.3879361 -0.7866565 0.4802886 -0.3728908 -0.7561476 0.5377669 -0.3561816 -0.7222648 0.5928476 -0.3378829 -0.6851588 0.6452849 -0.3180762 -0.6449948 0.6948448 -0.2968497 -0.6019516 0.7413059 -0.2742978 -0.556221 0.7844609 -0.2505211 -0.5080065 0.8241168 -0.2256254 -0.4575231 0.8600964 -0.1997218 -0.4049957 0.8922386 -0.1729256 -0.3506584 0.9203996 -0.1453563 -0.2947535 0.9444532 -0.1171369 -0.2375302 0.9642916 -0.08839331 -0.1792439 0.9798256 -0.05925368 -0.1201546 0.9909853 -0.02984812 -0.060526 0.9977202 -0.02582562 -0.06234857 -0.9977202 -0.05126833 -0.1237727 -0.9909853 -0.07648094 -0.1846413 -0.9798256 -0.1013509 -0.2446828 -0.9642916 -0.1257673 -0.3036291 -0.9444532 -0.1496212 -0.3612175 -0.9203996 -0.1728062 -0.417191 -0.8922386 -0.1952189 -0.4713002 -0.8600964 -0.2167595 -0.5233037 -0.8241168 -0.2373319 -0.57297 -0.7844609 -0.2568446 -0.6200777 -0.7413059 -0.2752105 -0.664417 -0.6948448 -0.292348 -0.7057904 -0.6452849 -0.3081806 -0.7440138 -0.5928476 -0.3226379 -0.7789169 -0.5377669 -0.3356557 -0.8103444 -0.4802886 -0.3471758 -0.8381565 -0.4206692 -0.3571471 -0.8622294 -0.3591745 -0.3655253 -0.882456 -0.2960788 -0.3722729 -0.8987463 -0.2316633 -0.3773601 -0.9110279 -0.1662153 -0.3807642 -0.9192461 -0.1000264 -0.38247 -0.9233643 -0.03339176 -0.38247 -0.9233643 0.03339176 -0.3807642 -0.9192461 0.1000264 -0.3773601 -0.9110279 0.1662153 -0.3722729 -0.8987463 0.2316633 -0.3655253 -0.882456 0.2960788 -0.3571471 -0.8622294 0.3591745 -0.3471758 -0.8381565 0.4206692 -0.3356557 -0.8103444 0.4802886 -0.3226379 -0.7789169 0.5377669 -0.3081806 -0.7440138 0.5928476 -0.292348 -0.7057904 0.6452849 -0.2752105 -0.664417 0.6948448 -0.2568446 -0.6200777 0.7413059 -0.2373319 -0.57297 0.7844609 -0.2167595 -0.5233037 0.8241168 -0.1952189 -0.4713002 0.8600964 -0.1728062 -0.417191 0.8922386 -0.1496212 -0.3612175 0.9203996 -0.1257673 -0.3036291 0.9444532 -0.1013509 -0.2446828 0.9642916 -0.07648094 -0.1846413 0.9798256 -0.05126833 -0.1237727 0.9909853 -0.02582562 -0.06234857 0.9977202 -0.02169254 -0.06390416 -0.9977202 -0.04306344 -0.1268608 -0.9909853 -0.06424107 -0.1892481 -0.9798256 -0.0851309 -0.2507875 -0.9642916 -0.1056397 -0.3112046 -0.9444532 -0.1256761 -0.3702298 -0.9203996 -0.1451506 -0.4275998 -0.8922386 -0.1639764 -0.483059 -0.8600964 -0.1820697 -0.53636 -0.8241168 -0.1993498 -0.5872655 -0.7844609 -0.2157396 -0.6355485 -0.7413059 -0.2311663 -0.680994 -0.6948448 -0.2455611 -0.7233997 -0.6452849 -0.2588599 -0.7625768 -0.5928476 -0.2710035 -0.7983507 -0.5377669 -0.2819379 -0.8305624 -0.4802886 -0.2916144 -0.8590684 -0.4206692 -0.2999899 -0.8837419 -0.3591745 -0.3070272 -0.9044731 -0.2960788 -0.312695 -0.9211699 -0.2316633 -0.3169681 -0.9337578 -0.1662153 -0.3198274 -0.9421811 -0.1000264 -0.3212602 -0.9464021 -0.03339176 -0.3212602 -0.9464021 0.03339176 -0.3198274 -0.9421811 0.1000264 -0.3169681 -0.9337578 0.1662153 -0.312695 -0.9211699 0.2316633 -0.3070272 -0.9044731 0.2960788 -0.2999899 -0.8837419 0.3591745 -0.2916144 -0.8590684 0.4206692 -0.2819379 -0.8305624 0.4802886 -0.2710035 -0.7983507 0.5377669 -0.2588599 -0.7625768 0.5928476 -0.2455611 -0.7233997 0.6452849 -0.2311663 -0.680994 0.6948448 -0.2157396 -0.6355485 0.7413059 -0.1993498 -0.5872655 0.7844609 -0.1820697 -0.53636 0.8241168 -0.1639764 -0.483059 0.8600964 -0.1451506 -0.4275998 0.8922386 -0.1256761 -0.3702298 0.9203996 -0.1056397 -0.3112046 0.9444532 -0.0851309 -0.2507875 0.9642916 -0.06424107 -0.1892481 0.9798256 -0.04306344 -0.1268608 0.9909853 -0.02169254 -0.06390416 0.9977202 -0.01746656 -0.06518609 -0.9977202 -0.03467414 -0.1294057 -0.9909853 -0.05172611 -0.1930445 -0.9798256 -0.06854634 -0.2558184 -0.9642916 -0.08505979 -0.3174475 -0.9444532 -0.1011928 -0.3776567 -0.9203996 -0.1168734 -0.4361776 -0.8922386 -0.1320318 -0.4927493 -0.8600964 -0.1466003 -0.5471196 -0.8241168 -0.1605139 -0.5990462 -0.7844609 -0.1737109 -0.6482978 -0.7413059 -0.1861322 -0.694655 -0.6948448 -0.1977227 -0.7379113 -0.6452849 -0.2084308 -0.7778743 -0.5928476 -0.2182087 -0.8143659 -0.5377669 -0.2270129 -0.8472237 -0.4802886 -0.2348043 -0.8763015 -0.4206692 -0.2415482 -0.90147 -0.3591745 -0.2472145 -0.9226171 -0.2960788 -0.2517781 -0.9396488 -0.2316633 -0.2552187 -0.9524893 -0.1662153 -0.257521 -0.9610815 -0.1000264 -0.2586747 -0.9653872 -0.03339176 -0.2586747 -0.9653872 0.03339176 -0.257521 -0.9610815 0.1000264 -0.2552187 -0.9524893 0.1662153 -0.2517781 -0.9396488 0.2316633 -0.2472145 -0.9226171 0.2960788 -0.2415482 -0.90147 0.3591745 -0.2348043 -0.8763015 0.4206692 -0.2270129 -0.8472237 0.4802886 -0.2182087 -0.8143659 0.5377669 -0.2084308 -0.7778743 0.5928476 -0.1977227 -0.7379113 0.6452849 -0.1861322 -0.694655 0.6948448 -0.1737109 -0.6482978 0.7413059 -0.1605139 -0.5990462 0.7844609 -0.1466003 -0.5471196 0.8241168 -0.1320318 -0.4927493 0.8600964 -0.1168734 -0.4361776 0.8922386 -0.1011928 -0.3776567 0.9203996 -0.08505979 -0.3174475 0.9444532 -0.06854634 -0.2558184 0.9642916 -0.05172611 -0.1930445 0.9798256 -0.03467414 -0.1294057 0.9909853 -0.01746656 -0.06518609 0.9977202 -0.01316579 -0.06618889 -0.9977202 -0.02613637 -0.1313964 -0.9909853 -0.03898964 -0.1960142 -0.9798256 -0.05166825 -0.2597538 -0.9642916 -0.06411562 -0.322331 -0.9444532 -0.07627622 -0.3834664 -0.9203996 -0.08809582 -0.4428876 -0.8922386 -0.09952174 -0.5003296 -0.8600964 -0.110503 -0.5555363 -0.8241168 -0.1209908 -0.6082617 -0.7844609 -0.1309382 -0.658271 -0.7413059 -0.1403011 -0.7053413 -0.6948448 -0.1490377 -0.7492631 -0.6452849 -0.1571091 -0.7898408 -0.5928476 -0.1644794 -0.8268938 -0.5377669 -0.1711158 -0.8602571 -0.4802886 -0.1769887 -0.8897822 -0.4206692 -0.182072 -0.9153379 -0.3591745 -0.1863432 -0.9368103 -0.2960788 -0.1897831 -0.954104 -0.2316633 -0.1923765 -0.9671421 -0.1662153 -0.1941119 -0.9758664 -0.1000264 -0.1949815 -0.9802383 -0.03339176 -0.1949815 -0.9802383 0.03339176 -0.1941119 -0.9758664 0.1000264 -0.1923765 -0.9671421 0.1662153 -0.1897831 -0.954104 0.2316633 -0.1863432 -0.9368103 0.2960788 -0.182072 -0.9153379 0.3591745 -0.1769887 -0.8897822 0.4206692 -0.1711158 -0.8602571 0.4802886 -0.1644794 -0.8268938 0.5377669 -0.1571091 -0.7898408 0.5928476 -0.1490377 -0.7492631 0.6452849 -0.1403011 -0.7053413 0.6948448 -0.1309382 -0.658271 0.7413059 -0.1209908 -0.6082617 0.7844609 -0.110503 -0.5555363 0.8241168 -0.09952174 -0.5003296 0.8600964 -0.08809582 -0.4428876 0.8922386 -0.07627622 -0.3834664 0.9203996 -0.06411562 -0.322331 0.9444532 -0.05166825 -0.2597538 0.9642916 -0.03898964 -0.1960142 0.9798256 -0.02613637 -0.1313964 0.9909853 -0.01316579 -0.06618889 0.9977202 -0.00880864 -0.06690826 -0.9977202 -0.01748667 -0.1328245 -0.9909853 -0.02608622 -0.1981445 -0.9798256 -0.03456891 -0.2625769 -0.9642916 -0.04289689 -0.3258342 -0.9444532 -0.051033 -0.3876341 -0.9203996 -0.05894097 -0.4477011 -0.8922386 -0.06658554 -0.5057674 -0.8600964 -0.07393263 -0.5615741 -0.8241168 -0.08094951 -0.6148725 -0.7844609 -0.08760491 -0.6654253 -0.7413059 -0.09386919 -0.7130073 -0.6948448 -0.09971445 -0.7574064 -0.6452849 -0.1051147 -0.7984251 -0.5928476 -0.1100458 -0.8358808 -0.5377669 -0.1144859 -0.8696067 -0.4802886 -0.1184152 -0.8994527 -0.4206692 -0.1218162 -0.9252861 -0.3591745 -0.1246739 -0.946992 -0.2960788 -0.1269754 -0.9644736 -0.2316633 -0.1287105 -0.9776534 -0.1662153 -0.1298716 -0.9864725 -0.1000264 -0.1304534 -0.990892 -0.03339176 -0.1304534 -0.990892 0.03339176 -0.1298716 -0.9864725 0.1000264 -0.1287105 -0.9776534 0.1662153 -0.1269754 -0.9644736 0.2316633 -0.1246739 -0.946992 0.2960788 -0.1218162 -0.9252861 0.3591745 -0.1184152 -0.8994527 0.4206692 -0.1144859 -0.8696067 0.4802886 -0.1100458 -0.8358808 0.5377669 -0.1051147 -0.7984251 0.5928476 -0.09971445 -0.7574064 0.6452849 -0.09386919 -0.7130073 0.6948448 -0.08760491 -0.6654253 0.7413059 -0.08094951 -0.6148725 0.7844609 -0.07393263 -0.5615741 0.8241168 -0.06658554 -0.5057674 0.8600964 -0.05894097 -0.4477011 0.8922386 -0.051033 -0.3876341 0.9203996 -0.04289689 -0.3258342 0.9444532 -0.03456891 -0.2625769 0.9642916 -0.02608622 -0.1981445 0.9798256 -0.01748667 -0.1328245 0.9909853 -0.00880864 -0.06690826 0.9977202 -0.00441377 -0.06734112 -0.9977202 -0.008762097 -0.1336838 -0.9909853 -0.0130711 -0.1994264 -0.9798256 -0.01732154 -0.2642757 -0.9642916 -0.02149446 -0.3279422 -0.9444532 -0.02557125 -0.3901419 -0.9203996 -0.02953372 -0.4505975 -0.8922386 -0.0333642 -0.5090394 -0.8600964 -0.03704563 -0.5652071 -0.8241168 -0.0405616 -0.6188504 -0.7844609 -0.04389644 -0.6697302 -0.7413059 -0.0470353 -0.71762 -0.6948448 -0.0499642 -0.7623064 -0.6452849 -0.0526701 -0.8035905 -0.5928476 -0.05514096 -0.8412884 -0.5377669 -0.05736577 -0.8752325 -0.4802886 -0.05933464 -0.9052717 -0.4206692 -0.0610388 -0.9312722 -0.3591745 -0.06247068 -0.9531184 -0.2960788 -0.0636239 -0.9707132 -0.2316633 -0.06449334 -0.9839782 -0.1662153 -0.06507512 -0.9928544 -0.1000264 -0.06536666 -0.9973025 -0.03339176 -0.06536666 -0.9973025 0.03339176 -0.06507512 -0.9928544 0.1000264 -0.06449334 -0.9839782 0.1662153 -0.0636239 -0.9707132 0.2316633 -0.06247068 -0.9531184 0.2960788 -0.0610388 -0.9312722 0.3591745 -0.05933464 -0.9052717 0.4206692 -0.05736577 -0.8752325 0.4802886 -0.05514096 -0.8412884 0.5377669 -0.0526701 -0.8035905 0.5928476 -0.0499642 -0.7623064 0.6452849 -0.0470353 -0.71762 0.6948448 -0.04389644 -0.6697302 0.7413059 -0.0405616 -0.6188504 0.7844609 -0.03704563 -0.5652071 0.8241168 -0.0333642 -0.5090394 0.8600964 -0.02953372 -0.4505975 0.8922386 -0.02557125 -0.3901419 0.9203996 -0.02149446 -0.3279422 0.9444532 -0.01732154 -0.2642757 0.9642916 -0.0130711 -0.1994264 0.9798256 -0.008762097 -0.1336838 0.9909853 -0.00441377 -0.06734112 0.9977202 1.091218e-17 -0.06748561 -0.9977202 -1.933907e-16 -0.1339706 -0.9909853 -1.572081e-16 -0.1998543 -0.9798256 6.520807e-17 -0.2648427 -0.9642916 5.968582e-17 -0.3286458 -0.9444532 -3.327156e-16 -0.390979 -0.9203996 -3.22237e-16 -0.4515643 -0.8922386 -6.843186e-16 -0.5101316 -0.8600964 -4.588248e-17 -0.5664199 -0.8241168 -5.351497e-16 -0.6201783 -0.7844609 -6.424462e-16 -0.6711673 -0.7413059 -6.458081e-16 -0.7191598 -0.6948448 6.635457e-17 -0.763942 -0.6452849 1.006442e-16 -0.8053147 -0.5928476 -6.337642e-16 -0.8430936 -0.5377669 -5.950853e-16 -0.8771105 -0.4802886 -5.044096e-16 -0.9072141 -0.4206692 -7.721345e-16 -0.9332704 -0.3591745 -7.013633e-16 -0.9551635 -0.2960788 -6.471767e-16 -0.972796 -0.2316633 -6.073645e-16 -0.9860895 -0.1662153 -6.129056e-16 -0.9949848 -0.1000264 -7.146934e-16 -0.9994423 -0.03339176 -5.387859e-16 -0.9994423 0.03339176 -6.394575e-16 -0.9949848 0.1000264 -6.6268e-16 -0.9860895 0.1662153 -6.217321e-16 -0.972796 0.2316633 -5.785694e-16 -0.9551635 0.2960788 -5.066442e-16 -0.9332704 0.3591745 -7.909055e-16 -0.9072141 0.4206692 -6.946349e-16 -0.8771105 0.4802886 -4.977206e-16 -0.8430936 0.5377669 1.769568e-17 -0.8053147 0.5928476 9.842595e-17 -0.763942 0.6452849 -5.739288e-16 -0.7191598 0.6948448 -7.618682e-16 -0.6711673 0.7413059 -7.153757e-16 -0.6201783 0.7844609 -9.397617e-18 -0.5664199 0.8241168 -6.400977e-16 -0.5101316 0.8600964 -3.71982e-16 -0.4515643 0.8922386 -3.133717e-16 -0.390979 0.9203996 6.990978e-17 -0.3286458 0.9444532 5.526108e-19 -0.2648427 0.9642916 -1.699174e-16 -0.1998543 0.9798256 -1.389651e-16 -0.1339706 0.9909853 1.091218e-17 -0.06748561 0.9977202 0.00441377 -0.06734112 -0.9977202 0.008762097 -0.1336838 -0.9909853 0.0130711 -0.1994264 -0.9798256 0.01732154 -0.2642757 -0.9642916 0.02149446 -0.3279422 -0.9444532 0.02557125 -0.3901419 -0.9203996 0.02953372 -0.4505975 -0.8922386 0.0333642 -0.5090394 -0.8600964 0.03704563 -0.5652071 -0.8241168 0.0405616 -0.6188504 -0.7844609 0.04389644 -0.6697302 -0.7413059 0.0470353 -0.71762 -0.6948448 0.0499642 -0.7623064 -0.6452849 0.0526701 -0.8035905 -0.5928476 0.05514096 -0.8412884 -0.5377669 0.05736577 -0.8752325 -0.4802886 0.05933464 -0.9052717 -0.4206692 0.0610388 -0.9312722 -0.3591745 0.06247068 -0.9531184 -0.2960788 0.0636239 -0.9707132 -0.2316633 0.06449334 -0.9839782 -0.1662153 0.06507512 -0.9928544 -0.1000264 0.06536666 -0.9973025 -0.03339176 0.06536666 -0.9973025 0.03339176 0.06507512 -0.9928544 0.1000264 0.06449334 -0.9839782 0.1662153 0.0636239 -0.9707132 0.2316633 0.06247068 -0.9531184 0.2960788 0.0610388 -0.9312722 0.3591745 0.05933464 -0.9052717 0.4206692 0.05736577 -0.8752325 0.4802886 0.05514096 -0.8412884 0.5377669 0.0526701 -0.8035905 0.5928476 0.0499642 -0.7623064 0.6452849 0.0470353 -0.71762 0.6948448 0.04389644 -0.6697302 0.7413059 0.0405616 -0.6188504 0.7844609 0.03704563 -0.5652071 0.8241168 0.0333642 -0.5090394 0.8600964 0.02953372 -0.4505975 0.8922386 0.02557125 -0.3901419 0.9203996 0.02149446 -0.3279422 0.9444532 0.01732154 -0.2642757 0.9642916 0.0130711 -0.1994264 0.9798256 0.008762097 -0.1336838 0.9909853 0.00441377 -0.06734112 0.9977202 0.00880864 -0.06690826 -0.9977202 0.01748667 -0.1328245 -0.9909853 0.02608622 -0.1981445 -0.9798256 0.03456891 -0.2625769 -0.9642916 0.04289689 -0.3258342 -0.9444532 0.051033 -0.3876341 -0.9203996 0.05894097 -0.4477011 -0.8922386 0.06658554 -0.5057674 -0.8600964 0.07393263 -0.5615741 -0.8241168 0.08094951 -0.6148725 -0.7844609 0.08760491 -0.6654253 -0.7413059 0.09386919 -0.7130073 -0.6948448 0.09971445 -0.7574064 -0.6452849 0.1051147 -0.7984251 -0.5928476 0.1100458 -0.8358808 -0.5377669 0.1144859 -0.8696067 -0.4802886 0.1184152 -0.8994527 -0.4206692 0.1218162 -0.9252861 -0.3591745 0.1246739 -0.946992 -0.2960788 0.1269754 -0.9644736 -0.2316633 0.1287105 -0.9776534 -0.1662153 0.1298716 -0.9864725 -0.1000264 0.1304534 -0.990892 -0.03339176 0.1304534 -0.990892 0.03339176 0.1298716 -0.9864725 0.1000264 0.1287105 -0.9776534 0.1662153 0.1269754 -0.9644736 0.2316633 0.1246739 -0.946992 0.2960788 0.1218162 -0.9252861 0.3591745 0.1184152 -0.8994527 0.4206692 0.1144859 -0.8696067 0.4802886 0.1100458 -0.8358808 0.5377669 0.1051147 -0.7984251 0.5928476 0.09971445 -0.7574064 0.6452849 0.09386919 -0.7130073 0.6948448 0.08760491 -0.6654253 0.7413059 0.08094951 -0.6148725 0.7844609 0.07393263 -0.5615741 0.8241168 0.06658554 -0.5057674 0.8600964 0.05894097 -0.4477011 0.8922386 0.051033 -0.3876341 0.9203996 0.04289689 -0.3258342 0.9444532 0.03456891 -0.2625769 0.9642916 0.02608622 -0.1981445 0.9798256 0.01748667 -0.1328245 0.9909853 0.00880864 -0.06690826 0.9977202 0.01316579 -0.06618889 -0.9977202 0.02613637 -0.1313964 -0.9909853 0.03898964 -0.1960142 -0.9798256 0.05166825 -0.2597538 -0.9642916 0.06411562 -0.322331 -0.9444532 0.07627622 -0.3834664 -0.9203996 0.08809582 -0.4428876 -0.8922386 0.09952174 -0.5003296 -0.8600964 0.110503 -0.5555363 -0.8241168 0.1209908 -0.6082617 -0.7844609 0.1309382 -0.658271 -0.7413059 0.1403011 -0.7053413 -0.6948448 0.1490377 -0.7492631 -0.6452849 0.1571091 -0.7898408 -0.5928476 0.1644794 -0.8268938 -0.5377669 0.1711158 -0.8602571 -0.4802886 0.1769887 -0.8897822 -0.4206692 0.182072 -0.9153379 -0.3591745 0.1863432 -0.9368103 -0.2960788 0.1897831 -0.954104 -0.2316633 0.1923765 -0.9671421 -0.1662153 0.1941119 -0.9758664 -0.1000264 0.1949815 -0.9802383 -0.03339176 0.1949815 -0.9802383 0.03339176 0.1941119 -0.9758664 0.1000264 0.1923765 -0.9671421 0.1662153 0.1897831 -0.954104 0.2316633 0.1863432 -0.9368103 0.2960788 0.182072 -0.9153379 0.3591745 0.1769887 -0.8897822 0.4206692 0.1711158 -0.8602571 0.4802886 0.1644794 -0.8268938 0.5377669 0.1571091 -0.7898408 0.5928476 0.1490377 -0.7492631 0.6452849 0.1403011 -0.7053413 0.6948448 0.1309382 -0.658271 0.7413059 0.1209908 -0.6082617 0.7844609 0.110503 -0.5555363 0.8241168 0.09952174 -0.5003296 0.8600964 0.08809582 -0.4428876 0.8922386 0.07627622 -0.3834664 0.9203996 0.06411562 -0.322331 0.9444532 0.05166825 -0.2597538 0.9642916 0.03898964 -0.1960142 0.9798256 0.02613637 -0.1313964 0.9909853 0.01316579 -0.06618889 0.9977202 0.01746656 -0.06518609 -0.9977202 0.03467414 -0.1294057 -0.9909853 0.05172611 -0.1930445 -0.9798256 0.06854634 -0.2558184 -0.9642916 0.08505979 -0.3174475 -0.9444532 0.1011928 -0.3776567 -0.9203996 0.1168734 -0.4361776 -0.8922386 0.1320318 -0.4927493 -0.8600964 0.1466003 -0.5471196 -0.8241168 0.1605139 -0.5990462 -0.7844609 0.1737109 -0.6482978 -0.7413059 0.1861322 -0.694655 -0.6948448 0.1977227 -0.7379113 -0.6452849 0.2084308 -0.7778743 -0.5928476 0.2182087 -0.8143659 -0.5377669 0.2270129 -0.8472237 -0.4802886 0.2348043 -0.8763015 -0.4206692 0.2415482 -0.90147 -0.3591745 0.2472145 -0.9226171 -0.2960788 0.2517781 -0.9396488 -0.2316633 0.2552187 -0.9524893 -0.1662153 0.257521 -0.9610815 -0.1000264 0.2586747 -0.9653872 -0.03339176 0.2586747 -0.9653872 0.03339176 0.257521 -0.9610815 0.1000264 0.2552187 -0.9524893 0.1662153 0.2517781 -0.9396488 0.2316633 0.2472145 -0.9226171 0.2960788 0.2415482 -0.90147 0.3591745 0.2348043 -0.8763015 0.4206692 0.2270129 -0.8472237 0.4802886 0.2182087 -0.8143659 0.5377669 0.2084308 -0.7778743 0.5928476 0.1977227 -0.7379113 0.6452849 0.1861322 -0.694655 0.6948448 0.1737109 -0.6482978 0.7413059 0.1605139 -0.5990462 0.7844609 0.1466003 -0.5471196 0.8241168 0.1320318 -0.4927493 0.8600964 0.1168734 -0.4361776 0.8922386 0.1011928 -0.3776567 0.9203996 0.08505979 -0.3174475 0.9444532 0.06854634 -0.2558184 0.9642916 0.05172611 -0.1930445 0.9798256 0.03467414 -0.1294057 0.9909853 0.01746656 -0.06518609 0.9977202 0.02169254 -0.06390416 -0.9977202 0.04306344 -0.1268608 -0.9909853 0.06424107 -0.1892481 -0.9798256 0.0851309 -0.2507875 -0.9642916 0.1056397 -0.3112046 -0.9444532 0.1256761 -0.3702298 -0.9203996 0.1451506 -0.4275998 -0.8922386 0.1639764 -0.483059 -0.8600964 0.1820697 -0.53636 -0.8241168 0.1993498 -0.5872655 -0.7844609 0.2157396 -0.6355485 -0.7413059 0.2311663 -0.680994 -0.6948448 0.2455611 -0.7233997 -0.6452849 0.2588599 -0.7625768 -0.5928476 0.2710035 -0.7983507 -0.5377669 0.2819379 -0.8305624 -0.4802886 0.2916144 -0.8590684 -0.4206692 0.2999899 -0.8837419 -0.3591745 0.3070272 -0.9044731 -0.2960788 0.312695 -0.9211699 -0.2316633 0.3169681 -0.9337578 -0.1662153 0.3198274 -0.9421811 -0.1000264 0.3212602 -0.9464021 -0.03339176 0.3212602 -0.9464021 0.03339176 0.3198274 -0.9421811 0.1000264 0.3169681 -0.9337578 0.1662153 0.312695 -0.9211699 0.2316633 0.3070272 -0.9044731 0.2960788 0.2999899 -0.8837419 0.3591745 0.2916144 -0.8590684 0.4206692 0.2819379 -0.8305624 0.4802886 0.2710035 -0.7983507 0.5377669 0.2588599 -0.7625768 0.5928476 0.2455611 -0.7233997 0.6452849 0.2311663 -0.680994 0.6948448 0.2157396 -0.6355485 0.7413059 0.1993498 -0.5872655 0.7844609 0.1820697 -0.53636 0.8241168 0.1639764 -0.483059 0.8600964 0.1451506 -0.4275998 0.8922386 0.1256761 -0.3702298 0.9203996 0.1056397 -0.3112046 0.9444532 0.0851309 -0.2507875 0.9642916 0.06424107 -0.1892481 0.9798256 0.04306344 -0.1268608 0.9909853 0.02169254 -0.06390416 0.9977202 0.02582562 -0.06234857 -0.9977202 0.05126833 -0.1237727 -0.9909853 0.07648094 -0.1846413 -0.9798256 0.1013509 -0.2446828 -0.9642916 0.1257673 -0.3036291 -0.9444532 0.1496212 -0.3612175 -0.9203996 0.1728062 -0.417191 -0.8922386 0.1952189 -0.4713002 -0.8600964 0.2167595 -0.5233037 -0.8241168 0.2373319 -0.57297 -0.7844609 0.2568446 -0.6200777 -0.7413059 0.2752105 -0.664417 -0.6948448 0.292348 -0.7057904 -0.6452849 0.3081806 -0.7440138 -0.5928476 0.3226379 -0.7789169 -0.5377669 0.3356557 -0.8103444 -0.4802886 0.3471758 -0.8381565 -0.4206692 0.3571471 -0.8622294 -0.3591745 0.3655253 -0.882456 -0.2960788 0.3722729 -0.8987463 -0.2316633 0.3773601 -0.9110279 -0.1662153 0.3807642 -0.9192461 -0.1000264 0.38247 -0.9233643 -0.03339176 0.38247 -0.9233643 0.03339176 0.3807642 -0.9192461 0.1000264 0.3773601 -0.9110279 0.1662153 0.3722729 -0.8987463 0.2316633 0.3655253 -0.882456 0.2960788 0.3571471 -0.8622294 0.3591745 0.3471758 -0.8381565 0.4206692 0.3356557 -0.8103444 0.4802886 0.3226379 -0.7789169 0.5377669 0.3081806 -0.7440138 0.5928476 0.292348 -0.7057904 0.6452849 0.2752105 -0.664417 0.6948448 0.2568446 -0.6200777 0.7413059 0.2373319 -0.57297 0.7844609 0.2167595 -0.5233037 0.8241168 0.1952189 -0.4713002 0.8600964 0.1728062 -0.417191 0.8922386 0.1496212 -0.3612175 0.9203996 0.1257673 -0.3036291 0.9444532 0.1013509 -0.2446828 0.9642916 0.07648094 -0.1846413 0.9798256 0.05126833 -0.1237727 0.9909853 0.02582562 -0.06234857 0.9977202 0.02984812 -0.060526 -0.9977202 0.05925368 -0.1201546 -0.9909853 0.08839331 -0.1792439 -0.9798256 0.1171369 -0.2375302 -0.9642916 0.1453563 -0.2947535 -0.9444532 0.1729256 -0.3506584 -0.9203996 0.1997218 -0.4049957 -0.8922386 0.2256254 -0.4575231 -0.8600964 0.2505211 -0.5080065 -0.8241168 0.2742978 -0.556221 -0.7844609 0.2968497 -0.6019516 -0.7413059 0.3180762 -0.6449948 -0.6948448 0.3378829 -0.6851588 -0.6452849 0.3561816 -0.7222648 -0.5928476 0.3728908 -0.7561476 -0.5377669 0.3879361 -0.7866565 -0.4802886 0.4012505 -0.8136556 -0.4206692 0.4127749 -0.8370248 -0.3591745 0.422458 -0.8566601 -0.2960788 0.4302567 -0.8724742 -0.2316633 0.4361362 -0.8843968 -0.1662153 0.4400705 -0.8923747 -0.1000264 0.442042 -0.8963726 -0.03339176 0.442042 -0.8963726 0.03339176 0.4400705 -0.8923747 0.1000264 0.4361362 -0.8843968 0.1662153 0.4302567 -0.8724742 0.2316633 0.422458 -0.8566601 0.2960788 0.4127749 -0.8370248 0.3591745 0.4012505 -0.8136556 0.4206692 0.3879361 -0.7866565 0.4802886 0.3728908 -0.7561476 0.5377669 0.3561816 -0.7222648 0.5928476 0.3378829 -0.6851588 0.6452849 0.3180762 -0.6449948 0.6948448 0.2968497 -0.6019516 0.7413059 0.2742978 -0.556221 0.7844609 0.2505211 -0.5080065 0.8241168 0.2256254 -0.4575231 0.8600964 0.1997218 -0.4049957 0.8922386 0.1729256 -0.3506584 0.9203996 0.1453563 -0.2947535 0.9444532 0.1171369 -0.2375302 0.9642916 0.08839331 -0.1792439 0.9798256 0.05925368 -0.1201546 0.9909853 0.02984812 -0.060526 0.9977202 0.0337428 -0.05844425 -0.9977202 0.0669853 -0.1160219 -0.9909853 0.09992716 -0.1730789 -0.9798256 0.1324214 -0.2293605 -0.9642916 0.1643229 -0.2846156 -0.9444532 0.1954895 -0.3385977 -0.9203996 0.2257821 -0.3910662 -0.8922386 0.2550658 -0.4417869 -0.8600964 0.2832099 -0.490534 -0.8241168 0.3100891 -0.5370901 -0.7844609 0.3355836 -0.5812479 -0.7413059 0.3595799 -0.6228106 -0.6948448 0.381971 -0.6615932 -0.6452849 0.4026574 -0.697423 -0.5928476 0.4215468 -0.7301404 -0.5377669 0.4385552 -0.7596 -0.4802886 0.453607 -0.7856704 -0.4206692 0.4666352 -0.8082359 -0.3591745 0.4775818 -0.8271959 -0.2960788 0.486398 -0.8424661 -0.2316633 0.4930447 -0.8539785 -0.1662153 0.4974924 -0.8616821 -0.1000264 0.4997212 -0.8655425 -0.03339176 0.4997212 -0.8655425 0.03339176 0.4974924 -0.8616821 0.1000264 0.4930447 -0.8539785 0.1662153 0.486398 -0.8424661 0.2316633 0.4775818 -0.8271959 0.2960788 0.4666352 -0.8082359 0.3591745 0.453607 -0.7856704 0.4206692 0.4385552 -0.7596 0.4802886 0.4215468 -0.7301404 0.5377669 0.4026574 -0.697423 0.5928476 0.381971 -0.6615932 0.6452849 0.3595799 -0.6228106 0.6948448 0.3355836 -0.5812479 0.7413059 0.3100891 -0.5370901 0.7844609 0.2832099 -0.490534 0.8241168 0.2550658 -0.4417869 0.8600964 0.2257821 -0.3910662 0.8922386 0.1954895 -0.3385977 0.9203996 0.1643229 -0.2846156 0.9444532 0.1324214 -0.2293605 0.9642916 0.09992716 -0.1730789 0.9798256 0.0669853 -0.1160219 0.9909853 0.0337428 -0.05844425 0.9977202 0.037493 -0.05611223 -0.9977202 0.07443008 -0.1113925 -0.9909853 0.1110331 -0.1661728 -0.9798256 0.1471387 -0.2202087 -0.9642916 0.1825858 -0.273259 -0.9444532 0.2172163 -0.3250872 -0.9203996 0.2508757 -0.375462 -0.8922386 0.2834139 -0.4241589 -0.8600964 0.314686 -0.4709609 -0.8241168 0.3445526 -0.5156594 -0.7844609 0.3728806 -0.5580552 -0.7413059 0.3995438 -0.5979595 -0.6948448 0.4244235 -0.6351946 -0.6452849 0.4474089 -0.6695947 -0.5928476 0.4683977 -0.7010067 -0.5377669 0.4872965 -0.7292907 -0.4802886 0.5040211 -0.7543209 -0.4206692 0.5184973 -0.775986 -0.3591745 0.5306604 -0.7941894 -0.2960788 0.5404565 -0.8088503 -0.2316633 0.547842 -0.8199034 -0.1662153 0.5527839 -0.8272996 -0.1000264 0.5552604 -0.8310059 -0.03339176 0.5552604 -0.8310059 0.03339176 0.5527839 -0.8272996 0.1000264 0.547842 -0.8199034 0.1662153 0.5404565 -0.8088503 0.2316633 0.5306604 -0.7941894 0.2960788 0.5184973 -0.775986 0.3591745 0.5040211 -0.7543209 0.4206692 0.4872965 -0.7292907 0.4802886 0.4683977 -0.7010067 0.5377669 0.4474089 -0.6695947 0.5928476 0.4244235 -0.6351946 0.6452849 0.3995438 -0.5979595 0.6948448 0.3728806 -0.5580552 0.7413059 0.3445526 -0.5156594 0.7844609 0.314686 -0.4709609 0.8241168 0.2834139 -0.4241589 0.8600964 0.2508757 -0.375462 0.8922386 0.2172163 -0.3250872 0.9203996 0.1825858 -0.273259 0.9444532 0.1471387 -0.2202087 0.9642916 0.1110331 -0.1661728 0.9798256 0.07443008 -0.1113925 0.9909853 0.037493 -0.05611223 0.9977202 0.04108264 -0.05353993 -0.9977202 0.08155614 -0.106286 -0.9909853 0.1216636 -0.1585551 -0.9798256 0.161226 -0.2101139 -0.9642916 0.2000669 -0.2607322 -0.9444532 0.2380129 -0.3101845 -0.9203996 0.2748949 -0.35825 -0.8922386 0.3105484 -0.4047146 -0.8600964 0.3448146 -0.4493711 -0.8241168 0.3775406 -0.4920205 -0.7844609 0.4085807 -0.5324728 -0.7413059 0.4377967 -0.5705478 -0.6948448 0.4650584 -0.606076 -0.6452849 0.4902445 -0.6388991 -0.5928476 0.5132428 -0.6688711 -0.5377669 0.533951 -0.6958585 -0.4802886 0.5522769 -0.7197413 -0.4206692 0.568139 -0.7404132 -0.3591745 0.5814667 -0.7577822 -0.2960788 0.5922007 -0.771771 -0.2316633 0.6002932 -0.7823174 -0.1662153 0.6057084 -0.7893745 -0.1000264 0.6084219 -0.7929109 -0.03339176 0.6084219 -0.7929109 0.03339176 0.6057084 -0.7893745 0.1000264 0.6002932 -0.7823174 0.1662153 0.5922007 -0.771771 0.2316633 0.5814667 -0.7577822 0.2960788 0.568139 -0.7404132 0.3591745 0.5522769 -0.7197413 0.4206692 0.533951 -0.6958585 0.4802886 0.5132428 -0.6688711 0.5377669 0.4902445 -0.6388991 0.5928476 0.4650584 -0.606076 0.6452849 0.4377967 -0.5705478 0.6948448 0.4085807 -0.5324728 0.7413059 0.3775406 -0.4920205 0.7844609 0.3448146 -0.4493711 0.8241168 0.3105484 -0.4047146 0.8600964 0.2748949 -0.35825 0.8922386 0.2380129 -0.3101845 0.9203996 0.2000669 -0.2607322 0.9444532 0.161226 -0.2101139 0.9642916 0.1216636 -0.1585551 0.9798256 0.08155614 -0.106286 0.9909853 0.04108264 -0.05353993 0.9977202 0.04449635 -0.05073837 -0.9977202 0.08833296 -0.1007244 -0.9909853 0.1317731 -0.1502584 -0.9798256 0.1746229 -0.1991193 -0.9642916 0.2166912 -0.247089 -0.9444532 0.2577904 -0.2939536 -0.9203996 0.297737 -0.339504 -0.8922386 0.3363531 -0.3835373 -0.8600964 0.3734666 -0.425857 -0.8241168 0.4089119 -0.4662747 -0.7844609 0.4425313 -0.5046103 -0.7413059 0.474175 -0.5406929 -0.6948448 0.503702 -0.574362 -0.6452849 0.5309809 -0.6054677 -0.5928476 0.5558902 -0.6338713 -0.5377669 0.5783191 -0.6594466 -0.4802886 0.5981678 -0.6820797 -0.4206692 0.6153479 -0.7016698 -0.3591745 0.6297831 -0.71813 -0.2960788 0.641409 -0.7313868 -0.2316633 0.650174 -0.7413813 -0.1662153 0.6560391 -0.7480692 -0.1000264 0.6589781 -0.7514205 -0.03339176 0.6589781 -0.7514205 0.03339176 0.6560391 -0.7480692 0.1000264 0.650174 -0.7413813 0.1662153 0.641409 -0.7313868 0.2316633 0.6297831 -0.71813 0.2960788 0.6153479 -0.7016698 0.3591745 0.5981678 -0.6820797 0.4206692 0.5783191 -0.6594466 0.4802886 0.5558902 -0.6338713 0.5377669 0.5309809 -0.6054677 0.5928476 0.503702 -0.574362 0.6452849 0.474175 -0.5406929 0.6948448 0.4425313 -0.5046103 0.7413059 0.4089119 -0.4662747 0.7844609 0.3734666 -0.425857 0.8241168 0.3363531 -0.3835373 0.8600964 0.297737 -0.339504 0.8922386 0.2577904 -0.2939536 0.9203996 0.2166912 -0.247089 0.9444532 0.1746229 -0.1991193 0.9642916 0.1317731 -0.1502584 0.9798256 0.08833296 -0.1007244 0.9909853 0.04449635 -0.05073837 0.9977202 0.04771953 -0.04771953 -0.9977202 0.09473152 -0.09473152 -0.9909853 0.1413183 -0.1413183 -0.9798256 0.1872721 -0.1872721 -0.9642916 0.2323877 -0.2323877 -0.9444532 0.2764639 -0.2764639 -0.9203996 0.3193042 -0.3193042 -0.8922386 0.3607175 -0.3607175 -0.8600964 0.4005193 -0.4005193 -0.8241168 0.4385323 -0.4385323 -0.7844609 0.4745869 -0.4745869 -0.7413059 0.5085227 -0.5085227 -0.6948448 0.5401886 -0.5401886 -0.6452849 0.5694435 -0.5694435 -0.5928476 0.5961572 -0.5961572 -0.5377669 0.6202108 -0.6202108 -0.4802886 0.6414972 -0.6414972 -0.4206692 0.6599218 -0.6599218 -0.3591745 0.6754026 -0.6754026 -0.2960788 0.6878707 -0.6878707 -0.2316633 0.6972706 -0.6972706 -0.1662153 0.7035605 -0.7035605 -0.1000264 0.7067125 -0.7067125 -0.03339176 0.7067125 -0.7067125 0.03339176 0.7035605 -0.7035605 0.1000264 0.6972706 -0.6972706 0.1662153 0.6878707 -0.6878707 0.2316633 0.6754026 -0.6754026 0.2960788 0.6599218 -0.6599218 0.3591745 0.6414972 -0.6414972 0.4206692 0.6202108 -0.6202108 0.4802886 0.5961572 -0.5961572 0.5377669 0.5694435 -0.5694435 0.5928476 0.5401886 -0.5401886 0.6452849 0.5085227 -0.5085227 0.6948448 0.4745869 -0.4745869 0.7413059 0.4385323 -0.4385323 0.7844609 0.4005193 -0.4005193 0.8241168 0.3607175 -0.3607175 0.8600964 0.3193042 -0.3193042 0.8922386 0.2764639 -0.2764639 0.9203996 0.2323877 -0.2323877 0.9444532 0.1872721 -0.1872721 0.9642916 0.1413183 -0.1413183 0.9798256 0.09473152 -0.09473152 0.9909853 0.04771953 -0.04771953 0.9977202 0.05073837 -0.04449635 -0.9977202 0.1007244 -0.08833296 -0.9909853 0.1502584 -0.1317731 -0.9798256 0.1991193 -0.1746229 -0.9642916 0.247089 -0.2166912 -0.9444532 0.2939536 -0.2577904 -0.9203996 0.339504 -0.297737 -0.8922386 0.3835373 -0.3363531 -0.8600964 0.425857 -0.3734666 -0.8241168 0.4662747 -0.4089119 -0.7844609 0.5046103 -0.4425313 -0.7413059 0.5406929 -0.474175 -0.6948448 0.574362 -0.503702 -0.6452849 0.6054677 -0.5309809 -0.5928476 0.6338713 -0.5558902 -0.5377669 0.6594466 -0.5783191 -0.4802886 0.6820797 -0.5981678 -0.4206692 0.7016698 -0.6153479 -0.3591745 0.71813 -0.6297831 -0.2960788 0.7313868 -0.641409 -0.2316633 0.7413813 -0.650174 -0.1662153 0.7480692 -0.6560391 -0.1000264 0.7514205 -0.6589781 -0.03339176 0.7514205 -0.6589781 0.03339176 0.7480692 -0.6560391 0.1000264 0.7413813 -0.650174 0.1662153 0.7313868 -0.641409 0.2316633 0.71813 -0.6297831 0.2960788 0.7016698 -0.6153479 0.3591745 0.6820797 -0.5981678 0.4206692 0.6594466 -0.5783191 0.4802886 0.6338713 -0.5558902 0.5377669 0.6054677 -0.5309809 0.5928476 0.574362 -0.503702 0.6452849 0.5406929 -0.474175 0.6948448 0.5046103 -0.4425313 0.7413059 0.4662747 -0.4089119 0.7844609 0.425857 -0.3734666 0.8241168 0.3835373 -0.3363531 0.8600964 0.339504 -0.297737 0.8922386 0.2939536 -0.2577904 0.9203996 0.247089 -0.2166912 0.9444532 0.1991193 -0.1746229 0.9642916 0.1502584 -0.1317731 0.9798256 0.1007244 -0.08833296 0.9909853 0.05073837 -0.04449635 0.9977202 0.05353993 -0.04108264 -0.9977202 0.106286 -0.08155614 -0.9909853 0.1585551 -0.1216636 -0.9798256 0.2101139 -0.161226 -0.9642916 0.2607322 -0.2000669 -0.9444532 0.3101845 -0.2380129 -0.9203996 0.35825 -0.2748949 -0.8922386 0.4047146 -0.3105484 -0.8600964 0.4493711 -0.3448146 -0.8241168 0.4920205 -0.3775406 -0.7844609 0.5324728 -0.4085807 -0.7413059 0.5705478 -0.4377967 -0.6948448 0.606076 -0.4650584 -0.6452849 0.6388991 -0.4902445 -0.5928476 0.6688711 -0.5132428 -0.5377669 0.6958585 -0.533951 -0.4802886 0.7197413 -0.5522769 -0.4206692 0.7404132 -0.568139 -0.3591745 0.7577822 -0.5814667 -0.2960788 0.771771 -0.5922007 -0.2316633 0.7823174 -0.6002932 -0.1662153 0.7893745 -0.6057084 -0.1000264 0.7929109 -0.6084219 -0.03339176 0.7929109 -0.6084219 0.03339176 0.7893745 -0.6057084 0.1000264 0.7823174 -0.6002932 0.1662153 0.771771 -0.5922007 0.2316633 0.7577822 -0.5814667 0.2960788 0.7404132 -0.568139 0.3591745 0.7197413 -0.5522769 0.4206692 0.6958585 -0.533951 0.4802886 0.6688711 -0.5132428 0.5377669 0.6388991 -0.4902445 0.5928476 0.606076 -0.4650584 0.6452849 0.5705478 -0.4377967 0.6948448 0.5324728 -0.4085807 0.7413059 0.4920205 -0.3775406 0.7844609 0.4493711 -0.3448146 0.8241168 0.4047146 -0.3105484 0.8600964 0.35825 -0.2748949 0.8922386 0.3101845 -0.2380129 0.9203996 0.2607322 -0.2000669 0.9444532 0.2101139 -0.161226 0.9642916 0.1585551 -0.1216636 0.9798256 0.106286 -0.08155614 0.9909853 0.05353993 -0.04108264 0.9977202 0.05611223 -0.037493 -0.9977202 0.1113925 -0.07443008 -0.9909853 0.1661728 -0.1110331 -0.9798256 0.2202087 -0.1471387 -0.9642916 0.273259 -0.1825858 -0.9444532 0.3250872 -0.2172163 -0.9203996 0.375462 -0.2508757 -0.8922386 0.4241589 -0.2834139 -0.8600964 0.4709609 -0.314686 -0.8241168 0.5156594 -0.3445526 -0.7844609 0.5580552 -0.3728806 -0.7413059 0.5979595 -0.3995438 -0.6948448 0.6351946 -0.4244235 -0.6452849 0.6695947 -0.4474089 -0.5928476 0.7010067 -0.4683977 -0.5377669 0.7292907 -0.4872965 -0.4802886 0.7543209 -0.5040211 -0.4206692 0.775986 -0.5184973 -0.3591745 0.7941894 -0.5306604 -0.2960788 0.8088503 -0.5404565 -0.2316633 0.8199034 -0.547842 -0.1662153 0.8272996 -0.5527839 -0.1000264 0.8310059 -0.5552604 -0.03339176 0.8310059 -0.5552604 0.03339176 0.8272996 -0.5527839 0.1000264 0.8199034 -0.547842 0.1662153 0.8088503 -0.5404565 0.2316633 0.7941894 -0.5306604 0.2960788 0.775986 -0.5184973 0.3591745 0.7543209 -0.5040211 0.4206692 0.7292907 -0.4872965 0.4802886 0.7010067 -0.4683977 0.5377669 0.6695947 -0.4474089 0.5928476 0.6351946 -0.4244235 0.6452849 0.5979595 -0.3995438 0.6948448 0.5580552 -0.3728806 0.7413059 0.5156594 -0.3445526 0.7844609 0.4709609 -0.314686 0.8241168 0.4241589 -0.2834139 0.8600964 0.375462 -0.2508757 0.8922386 0.3250872 -0.2172163 0.9203996 0.273259 -0.1825858 0.9444532 0.2202087 -0.1471387 0.9642916 0.1661728 -0.1110331 0.9798256 0.1113925 -0.07443008 0.9909853 0.05611223 -0.037493 0.9977202 0.05844425 -0.0337428 -0.9977202 0.1160219 -0.0669853 -0.9909853 0.1730789 -0.09992716 -0.9798256 0.2293605 -0.1324214 -0.9642916 0.2846156 -0.1643229 -0.9444532 0.3385977 -0.1954895 -0.9203996 0.3910662 -0.2257821 -0.8922386 0.4417869 -0.2550658 -0.8600964 0.490534 -0.2832099 -0.8241168 0.5370901 -0.3100891 -0.7844609 0.5812479 -0.3355836 -0.7413059 0.6228106 -0.3595799 -0.6948448 0.6615932 -0.381971 -0.6452849 0.697423 -0.4026574 -0.5928476 0.7301404 -0.4215468 -0.5377669 0.7596 -0.4385552 -0.4802886 0.7856704 -0.453607 -0.4206692 0.8082359 -0.4666352 -0.3591745 0.8271959 -0.4775818 -0.2960788 0.8424661 -0.486398 -0.2316633 0.8539785 -0.4930447 -0.1662153 0.8616821 -0.4974924 -0.1000264 0.8655425 -0.4997212 -0.03339176 0.8655425 -0.4997212 0.03339176 0.8616821 -0.4974924 0.1000264 0.8539785 -0.4930447 0.1662153 0.8424661 -0.486398 0.2316633 0.8271959 -0.4775818 0.2960788 0.8082359 -0.4666352 0.3591745 0.7856704 -0.453607 0.4206692 0.7596 -0.4385552 0.4802886 0.7301404 -0.4215468 0.5377669 0.697423 -0.4026574 0.5928476 0.6615932 -0.381971 0.6452849 0.6228106 -0.3595799 0.6948448 0.5812479 -0.3355836 0.7413059 0.5370901 -0.3100891 0.7844609 0.490534 -0.2832099 0.8241168 0.4417869 -0.2550658 0.8600964 0.3910662 -0.2257821 0.8922386 0.3385977 -0.1954895 0.9203996 0.2846156 -0.1643229 0.9444532 0.2293605 -0.1324214 0.9642916 0.1730789 -0.09992716 0.9798256 0.1160219 -0.0669853 0.9909853 0.05844425 -0.0337428 0.9977202 0.060526 -0.02984812 -0.9977202 0.1201546 -0.05925368 -0.9909853 0.1792439 -0.08839331 -0.9798256 0.2375302 -0.1171369 -0.9642916 0.2947535 -0.1453563 -0.9444532 0.3506584 -0.1729256 -0.9203996 0.4049957 -0.1997218 -0.8922386 0.4575231 -0.2256254 -0.8600964 0.5080065 -0.2505211 -0.8241168 0.556221 -0.2742978 -0.7844609 0.6019516 -0.2968497 -0.7413059 0.6449948 -0.3180762 -0.6948448 0.6851588 -0.3378829 -0.6452849 0.7222648 -0.3561816 -0.5928476 0.7561476 -0.3728908 -0.5377669 0.7866565 -0.3879361 -0.4802886 0.8136556 -0.4012505 -0.4206692 0.8370248 -0.4127749 -0.3591745 0.8566601 -0.422458 -0.2960788 0.8724742 -0.4302567 -0.2316633 0.8843968 -0.4361362 -0.1662153 0.8923747 -0.4400705 -0.1000264 0.8963726 -0.442042 -0.03339176 0.8963726 -0.442042 0.03339176 0.8923747 -0.4400705 0.1000264 0.8843968 -0.4361362 0.1662153 0.8724742 -0.4302567 0.2316633 0.8566601 -0.422458 0.2960788 0.8370248 -0.4127749 0.3591745 0.8136556 -0.4012505 0.4206692 0.7866565 -0.3879361 0.4802886 0.7561476 -0.3728908 0.5377669 0.7222648 -0.3561816 0.5928476 0.6851588 -0.3378829 0.6452849 0.6449948 -0.3180762 0.6948448 0.6019516 -0.2968497 0.7413059 0.556221 -0.2742978 0.7844609 0.5080065 -0.2505211 0.8241168 0.4575231 -0.2256254 0.8600964 0.4049957 -0.1997218 0.8922386 0.3506584 -0.1729256 0.9203996 0.2947535 -0.1453563 0.9444532 0.2375302 -0.1171369 0.9642916 0.1792439 -0.08839331 0.9798256 0.1201546 -0.05925368 0.9909853 0.060526 -0.02984812 0.9977202 0.06234857 -0.02582562 -0.9977202 0.1237727 -0.05126833 -0.9909853 0.1846413 -0.07648094 -0.9798256 0.2446828 -0.1013509 -0.9642916 0.3036291 -0.1257673 -0.9444532 0.3612175 -0.1496212 -0.9203996 0.417191 -0.1728062 -0.8922386 0.4713002 -0.1952189 -0.8600964 0.5233037 -0.2167595 -0.8241168 0.57297 -0.2373319 -0.7844609 0.6200777 -0.2568446 -0.7413059 0.664417 -0.2752105 -0.6948448 0.7057904 -0.292348 -0.6452849 0.7440138 -0.3081806 -0.5928476 0.7789169 -0.3226379 -0.5377669 0.8103444 -0.3356557 -0.4802886 0.8381565 -0.3471758 -0.4206692 0.8622294 -0.3571471 -0.3591745 0.882456 -0.3655253 -0.2960788 0.8987463 -0.3722729 -0.2316633 0.9110279 -0.3773601 -0.1662153 0.9192461 -0.3807642 -0.1000264 0.9233643 -0.38247 -0.03339176 0.9233643 -0.38247 0.03339176 0.9192461 -0.3807642 0.1000264 0.9110279 -0.3773601 0.1662153 0.8987463 -0.3722729 0.2316633 0.882456 -0.3655253 0.2960788 0.8622294 -0.3571471 0.3591745 0.8381565 -0.3471758 0.4206692 0.8103444 -0.3356557 0.4802886 0.7789169 -0.3226379 0.5377669 0.7440138 -0.3081806 0.5928476 0.7057904 -0.292348 0.6452849 0.664417 -0.2752105 0.6948448 0.6200777 -0.2568446 0.7413059 0.57297 -0.2373319 0.7844609 0.5233037 -0.2167595 0.8241168 0.4713002 -0.1952189 0.8600964 0.417191 -0.1728062 0.8922386 0.3612175 -0.1496212 0.9203996 0.3036291 -0.1257673 0.9444532 0.2446828 -0.1013509 0.9642916 0.1846413 -0.07648094 0.9798256 0.1237727 -0.05126833 0.9909853 0.06234857 -0.02582562 0.9977202 0.06390416 -0.02169254 -0.9977202 0.1268608 -0.04306344 -0.9909853 0.1892481 -0.06424107 -0.9798256 0.2507875 -0.0851309 -0.9642916 0.3112046 -0.1056397 -0.9444532 0.3702298 -0.1256761 -0.9203996 0.4275998 -0.1451506 -0.8922386 0.483059 -0.1639764 -0.8600964 0.53636 -0.1820697 -0.8241168 0.5872655 -0.1993498 -0.7844609 0.6355485 -0.2157396 -0.7413059 0.680994 -0.2311663 -0.6948448 0.7233997 -0.2455611 -0.6452849 0.7625768 -0.2588599 -0.5928476 0.7983507 -0.2710035 -0.5377669 0.8305624 -0.2819379 -0.4802886 0.8590684 -0.2916144 -0.4206692 0.8837419 -0.2999899 -0.3591745 0.9044731 -0.3070272 -0.2960788 0.9211699 -0.312695 -0.2316633 0.9337578 -0.3169681 -0.1662153 0.9421811 -0.3198274 -0.1000264 0.9464021 -0.3212602 -0.03339176 0.9464021 -0.3212602 0.03339176 0.9421811 -0.3198274 0.1000264 0.9337578 -0.3169681 0.1662153 0.9211699 -0.312695 0.2316633 0.9044731 -0.3070272 0.2960788 0.8837419 -0.2999899 0.3591745 0.8590684 -0.2916144 0.4206692 0.8305624 -0.2819379 0.4802886 0.7983507 -0.2710035 0.5377669 0.7625768 -0.2588599 0.5928476 0.7233997 -0.2455611 0.6452849 0.680994 -0.2311663 0.6948448 0.6355485 -0.2157396 0.7413059 0.5872655 -0.1993498 0.7844609 0.53636 -0.1820697 0.8241168 0.483059 -0.1639764 0.8600964 0.4275998 -0.1451506 0.8922386 0.3702298 -0.1256761 0.9203996 0.3112046 -0.1056397 0.9444532 0.2507875 -0.0851309 0.9642916 0.1892481 -0.06424107 0.9798256 0.1268608 -0.04306344 0.9909853 0.06390416 -0.02169254 0.9977202 0.06518609 -0.01746656 -0.9977202 0.1294057 -0.03467414 -0.9909853 0.1930445 -0.05172611 -0.9798256 0.2558184 -0.06854634 -0.9642916 0.3174475 -0.08505979 -0.9444532 0.3776567 -0.1011928 -0.9203996 0.4361776 -0.1168734 -0.8922386 0.4927493 -0.1320318 -0.8600964 0.5471196 -0.1466003 -0.8241168 0.5990462 -0.1605139 -0.7844609 0.6482978 -0.1737109 -0.7413059 0.694655 -0.1861322 -0.6948448 0.7379113 -0.1977227 -0.6452849 0.7778743 -0.2084308 -0.5928476 0.8143659 -0.2182087 -0.5377669 0.8472237 -0.2270129 -0.4802886 0.8763015 -0.2348043 -0.4206692 0.90147 -0.2415482 -0.3591745 0.9226171 -0.2472145 -0.2960788 0.9396488 -0.2517781 -0.2316633 0.9524893 -0.2552187 -0.1662153 0.9610815 -0.257521 -0.1000264 0.9653872 -0.2586747 -0.03339176 0.9653872 -0.2586747 0.03339176 0.9610815 -0.257521 0.1000264 0.9524893 -0.2552187 0.1662153 0.9396488 -0.2517781 0.2316633 0.9226171 -0.2472145 0.2960788 0.90147 -0.2415482 0.3591745 0.8763015 -0.2348043 0.4206692 0.8472237 -0.2270129 0.4802886 0.8143659 -0.2182087 0.5377669 0.7778743 -0.2084308 0.5928476 0.7379113 -0.1977227 0.6452849 0.694655 -0.1861322 0.6948448 0.6482978 -0.1737109 0.7413059 0.5990462 -0.1605139 0.7844609 0.5471196 -0.1466003 0.8241168 0.4927493 -0.1320318 0.8600964 0.4361776 -0.1168734 0.8922386 0.3776567 -0.1011928 0.9203996 0.3174475 -0.08505979 0.9444532 0.2558184 -0.06854634 0.9642916 0.1930445 -0.05172611 0.9798256 0.1294057 -0.03467414 0.9909853 0.06518609 -0.01746656 0.9977202 0.06618889 -0.01316579 -0.9977202 0.1313964 -0.02613637 -0.9909853 0.1960142 -0.03898964 -0.9798256 0.2597538 -0.05166825 -0.9642916 0.322331 -0.06411562 -0.9444532 0.3834664 -0.07627622 -0.9203996 0.4428876 -0.08809582 -0.8922386 0.5003296 -0.09952174 -0.8600964 0.5555363 -0.110503 -0.8241168 0.6082617 -0.1209908 -0.7844609 0.658271 -0.1309382 -0.7413059 0.7053413 -0.1403011 -0.6948448 0.7492631 -0.1490377 -0.6452849 0.7898408 -0.1571091 -0.5928476 0.8268938 -0.1644794 -0.5377669 0.8602571 -0.1711158 -0.4802886 0.8897822 -0.1769887 -0.4206692 0.9153379 -0.182072 -0.3591745 0.9368103 -0.1863432 -0.2960788 0.954104 -0.1897831 -0.2316633 0.9671421 -0.1923765 -0.1662153 0.9758664 -0.1941119 -0.1000264 0.9802383 -0.1949815 -0.03339176 0.9802383 -0.1949815 0.03339176 0.9758664 -0.1941119 0.1000264 0.9671421 -0.1923765 0.1662153 0.954104 -0.1897831 0.2316633 0.9368103 -0.1863432 0.2960788 0.9153379 -0.182072 0.3591745 0.8897822 -0.1769887 0.4206692 0.8602571 -0.1711158 0.4802886 0.8268938 -0.1644794 0.5377669 0.7898408 -0.1571091 0.5928476 0.7492631 -0.1490377 0.6452849 0.7053413 -0.1403011 0.6948448 0.658271 -0.1309382 0.7413059 0.6082617 -0.1209908 0.7844609 0.5555363 -0.110503 0.8241168 0.5003296 -0.09952174 0.8600964 0.4428876 -0.08809582 0.8922386 0.3834664 -0.07627622 0.9203996 0.322331 -0.06411562 0.9444532 0.2597538 -0.05166825 0.9642916 0.1960142 -0.03898964 0.9798256 0.1313964 -0.02613637 0.9909853 0.06618889 -0.01316579 0.9977202 0.06690826 -0.00880864 -0.9977202 0.1328245 -0.01748667 -0.9909853 0.1981445 -0.02608622 -0.9798256 0.2625769 -0.03456891 -0.9642916 0.3258342 -0.04289689 -0.9444532 0.3876341 -0.051033 -0.9203996 0.4477011 -0.05894097 -0.8922386 0.5057674 -0.06658554 -0.8600964 0.5615741 -0.07393263 -0.8241168 0.6148725 -0.08094951 -0.7844609 0.6654253 -0.08760491 -0.7413059 0.7130073 -0.09386919 -0.6948448 0.7574064 -0.09971445 -0.6452849 0.7984251 -0.1051147 -0.5928476 0.8358808 -0.1100458 -0.5377669 0.8696067 -0.1144859 -0.4802886 0.8994527 -0.1184152 -0.4206692 0.9252861 -0.1218162 -0.3591745 0.946992 -0.1246739 -0.2960788 0.9644736 -0.1269754 -0.2316633 0.9776534 -0.1287105 -0.1662153 0.9864725 -0.1298716 -0.1000264 0.990892 -0.1304534 -0.03339176 0.990892 -0.1304534 0.03339176 0.9864725 -0.1298716 0.1000264 0.9776534 -0.1287105 0.1662153 0.9644736 -0.1269754 0.2316633 0.946992 -0.1246739 0.2960788 0.9252861 -0.1218162 0.3591745 0.8994527 -0.1184152 0.4206692 0.8696067 -0.1144859 0.4802886 0.8358808 -0.1100458 0.5377669 0.7984251 -0.1051147 0.5928476 0.7574064 -0.09971445 0.6452849 0.7130073 -0.09386919 0.6948448 0.6654253 -0.08760491 0.7413059 0.6148725 -0.08094951 0.7844609 0.5615741 -0.07393263 0.8241168 0.5057674 -0.06658554 0.8600964 0.4477011 -0.05894097 0.8922386 0.3876341 -0.051033 0.9203996 0.3258342 -0.04289689 0.9444532 0.2625769 -0.03456891 0.9642916 0.1981445 -0.02608622 0.9798256 0.1328245 -0.01748667 0.9909853 0.06690826 -0.00880864 0.9977202 0.06734112 -0.00441377 -0.9977202 0.1336838 -0.008762097 -0.9909853 0.1994264 -0.0130711 -0.9798256 0.2642757 -0.01732154 -0.9642916 0.3279422 -0.02149446 -0.9444532 0.3901419 -0.02557125 -0.9203996 0.4505975 -0.02953372 -0.8922386 0.5090394 -0.0333642 -0.8600964 0.5652071 -0.03704563 -0.8241168 0.6188504 -0.0405616 -0.7844609 0.6697302 -0.04389644 -0.7413059 0.71762 -0.0470353 -0.6948448 0.7623064 -0.0499642 -0.6452849 0.8035905 -0.0526701 -0.5928476 0.8412884 -0.05514096 -0.5377669 0.8752325 -0.05736577 -0.4802886 0.9052717 -0.05933464 -0.4206692 0.9312722 -0.0610388 -0.3591745 0.9531184 -0.06247068 -0.2960788 0.9707132 -0.0636239 -0.2316633 0.9839782 -0.06449334 -0.1662153 0.9928544 -0.06507512 -0.1000264 0.9973025 -0.06536666 -0.03339176 0.9973025 -0.06536666 0.03339176 0.9928544 -0.06507512 0.1000264 0.9839782 -0.06449334 0.1662153 0.9707132 -0.0636239 0.2316633 0.9531184 -0.06247068 0.2960788 0.9312722 -0.0610388 0.3591745 0.9052717 -0.05933464 0.4206692 0.8752325 -0.05736577 0.4802886 0.8412884 -0.05514096 0.5377669 0.8035905 -0.0526701 0.5928476 0.7623064 -0.0499642 0.6452849 0.71762 -0.0470353 0.6948448 0.6697302 -0.04389644 0.7413059 0.6188504 -0.0405616 0.7844609 0.5652071 -0.03704563 0.8241168 0.5090394 -0.0333642 0.8600964 0.4505975 -0.02953372 0.8922386 0.3901419 -0.02557125 0.9203996 0.3279422 -0.02149446 0.9444532 0.2642757 -0.01732154 0.9642916 0.1994264 -0.0130711 0.9798256 0.1336838 -0.008762097 0.9909853 0.06734112 -0.00441377 0.9977202</float_array>
          <technique_common>
            <accessor count="4418" source="#normals-array-array" stride="3">
              <param type="float" name="X"/>
              <param type="float" name="Y"/>
              <param type="float" name="Z"/>
            </accessor>
          </technique_common>
        </source>
        <vertices id="verts-array-vertices">
          <input semantic="POSITION" source="#verts-array"/>
        </vertices>
        <triangles count="8832" material="material0">
          <input offset="0" semantic="VERTEX" source="#verts-array-vertices"/>
          <input offset="1" semantic="NORMAL" source="#normals-array"/>
          <p>1 1 0 0 48 48 1 1 48 48 2 2 2 2 48 48 49 49 2 2 49 49 3 3 3 3 49 49 50 50 3 3 50 50 4 4 4 4 50 50 51 51 4 4 51 51 5 5 5 5 51 51 52 52 5 5 52 52 6 6 6 6 52 52 53 53 6 6 53 53 7 7 7 7 53 53 54 54 7 7 54 54 8 8 8 8 54 54 55 55 8 8 55 55 9 9 9 9 55 55 56 56 9 9 56 56 10 10 10 10 56 56 57 57 10 10 57 57 11 11 11 11 57 57 58 58 11 11 58 58 12 12 12 12 58 58 59 59 12 12 59 59 13 13 13 13 59 59 60 60 13 13 60 60 14 14 14 14 60 60 61 61 14 14 61 61 15 15 15 15 61 61 62 62 15 15 62 62 16 16 16 16 62 62 63 63 16 16 63 63 17 17 17 17 63 63 64 64 17 17 64 64 18 18 18 18 64 64 65 65 18 18 65 65 19 19 19 19 65 65 66 66 19 19 66 66 20 20 20 20 66 66 67 67 20 20 67 67 21 21 21 21 67 67 68 68 21 21 68 68 22 22 22 22 68 68 69 69 22 22 69 69 23 23 23 23 69 69 70 70 23 23 70 70 24 24 24 24 70 70 71 71 24 24 71 71 25 25 25 25 71 71 72 72 25 25 72 72 26 26 26 26 72 72 73 73 26 26 73 73 27 27 27 27 73 73 74 74 27 27 74 74 28 28 28 28 74 74 75 75 28 28 75 75 29 29 29 29 75 75 76 76 29 29 76 76 30 30 30 30 76 76 77 77 30 30 77 77 31 31 31 31 77 77 78 78 31 31 78 78 32 32 32 32 78 78 79 79 32 32 79 79 33 33 33 33 79 79 80 80 33 33 80 80 34 34 34 34 80 80 81 81 34 34 81 81 35 35 35 35 81 81 82 82 35 35 82 82 36 36 36 36 82 82 83 83 36 36 83 83 37 37 37 37 83 83 84 84 37 37 84 84 38 38 38 38 84 84 85 85 38 38 85 85 39 39 39 39 85 85 86 86 39 39 86 86 40 40 40 40 86 86 87 87 40 40 87 87 41 41 41 41 87 87 88 88 41 41 88 88 42 42 42 42 88 88 89 89 42 42 89 89 43 43 43 43 89 89 90 90 43 43 90 90 44 44 44 44 90 90 91 91 44 44 91 91 45 45 45 45 91 91 92 92 45 45 92 92 46 46 46 46 92 92 93 93 46 46 93 93 47 47 48 48 0 0 94 94 48 48 94 94 49 49 49 49 94 94 95 95 49 49 95 95 50 50 50 50 95 95 96 96 50 50 96 96 51 51 51 51 96 96 97 97 51 51 97 97 52 52 52 52 97 97 98 98 52 52 98 98 53 53 53 53 98 98 99 99 53 53 99 99 54 54 54 54 99 99 100 100 54 54 100 100 55 55 55 55 100 100 101 101 55 55 101 101 56 56 56 56 101 101 102 102 56 56 102 102 57 57 57 57 102 102 103 103 57 57 103 103 58 58 58 58 103 103 104 104 58 58 104 104 59 59 59 59 104 104 105 105 59 59 105 105 60 60 60 60 105 105 106 106 60 60 106 106 61 61 61 61 106 106 107 107 61 61 107 107 62 62 62 62 107 107 108 108 62 62 108 108 63 63 63 63 108 108 109 109 63 63 109 109 64 64 64 64 109 109 110 110 64 64 110 110 65 65 65 65 110 110 111 111 65 65 111 111 66 66 66 66 111 111 112 112 66 66 112 112 67 67 67 67 112 112 113 113 67 67 113 113 68 68 68 68 113 113 114 114 68 68 114 114 69 69 69 69 114 114 115 115 69 69 115 115 70 70 70 70 115 115 116 116 70 70 116 116 71 71 71 71 116 116 117 117 71 71 117 117 72 72 72 72 117 117 118 118 72 72 118 118 73 73 73 73 118 118 119 119 73 73 119 119 74 74 74 74 119 119 120 120 74 74 120 120 75 75 75 75 120 120 121 121 75 75 121 121 76 76 76 76 121 121 122 122 76 76 122 122 77 77 77 77 122 122 123 123 77 77 123 123 78 78 78 78 123 123 124 124 78 78 124 124 79 79 79 79 124 124 125 125 79 79 125 125 80 80 80 80 125 125 126 126 80 80 126 126 81 81 81 81 126 126 127 127 81 81 127 127 82 82 82 82 127 127 128 128 82 82 128 128 83 83 83 83 128 128 129 129 83 83 129 129 84 84 84 84 129 129 130 130 84 84 130 130 85 85 85 85 130 130 131 131 85 85 131 131 86 86 86 86 131 131 132 132 86 86 132 132 87 87 87 87 132 132 133 133 87 87 133 133 88 88 88 88 133 133 134 134 88 88 134 134 89 89 89 89 134 134 135 135 89 89 135 135 90 90 90 90 135 135 136 136 90 90 136 136 91 91 91 91 136 136 137 137 91 91 137 137 92 92 92 92 137 137 138 138 92 92 138 138 93 93 93 93 138 138 139 139 93 93 139 139 47 47 94 94 0 0 140 140 94 94 140 140 95 95 95 95 140 140 141 141 95 95 141 141 96 96 96 96 141 141 142 142 96 96 142 142 97 97 97 97 142 142 143 143 97 97 143 143 98 98 98 98 143 143 144 144 98 98 144 144 99 99 99 99 144 144 145 145 99 99 145 145 100 100 100 100 145 145 146 146 100 100 146 146 101 101 101 101 146 146 147 147 101 101 147 147 102 102 102 102 147 147 148 148 102 102 148 148 103 103 103 103 148 148 149 149 103 103 149 149 104 104 104 104 149 149 150 150 104 104 150 150 105 105 105 105 150 150 151 151 105 105 151 151 106 106 106 106 151 151 152 152 106 106 152 152 107 107 107 107 152 152 153 153 107 107 153 153 108 108 108 108 153 153 154 154 108 108 154 154 109 109 109 109 154 154 155 155 109 109 155 155 110 110 110 110 155 155 156 156 110 110 156 156 111 111 111 111 156 156 157 157 111 111 157 157 112 112 112 112 157 157 158 158 112 112 158 158 113 113 113 113 158 158 159 159 113 113 159 159 114 114 114 114 159 159 160 160 114 114 160 160 115 115 115 115 160 160 161 161 115 115 161 161 116 116 116 116 161 161 162 162 116 116 162 162 117 117 117 117 162 162 163 163 117 117 163 163 118 118 118 118 163 163 164 164 118 118 164 164 119 119 119 119 164 164 165 165 119 119 165 165 120 120 120 120 165 165 166 166 120 120 166 166 121 121 121 121 166 166 167 167 121 121 167 167 122 122 122 122 167 167 168 168 122 122 168 168 123 123 123 123 168 168 169 169 123 123 169 169 124 124 124 124 169 169 170 170 124 124 170 170 125 125 125 125 170 170 171 171 125 125 171 171 126 126 126 126 171 171 172 172 126 126 172 172 127 127 127 127 172 172 173 173 127 127 173 173 128 128 128 128 173 173 174 174 128 128 174 174 129 129 129 129 174 174 175 175 129 129 175 175 130 130 130 130 175 175 176 176 130 130 176 176 131 131 131 131 176 176 177 177 131 131 177 177 132 132 132 132 177 177 178 178 132 132 178 178 133 133 133 133 178 178 179 179 133 133 179 179 134 134 134 134 179 179 180 180 134 134 180 180 135 135 135 135 180 180 181 181 135 135 181 181 136 136 136 136 181 181 182 182 136 136 182 182 137 137 137 137 182 182 183 183 137 137 183 183 138 138 138 138 183 183 184 184 138 138 184 184 139 139 139 139 184 184 185 185 139 139 185 185 47 47 140 140 0 0 186 186 140 140 186 186 141 141 141 141 186 186 187 187 141 141 187 187 142 142 142 142 187 187 188 188 142 142 188 188 143 143 143 143 188 188 189 189 143 143 189 189 144 144 144 144 189 189 190 190 144 144 190 190 145 145 145 145 190 190 191 191 145 145 191 191 146 146 146 146 191 191 192 192 146 146 192 192 147 147 147 147 192 192 193 193 147 147 193 193 148 148 148 148 193 193 194 194 148 148 194 194 149 149 149 149 194 194 195 195 149 149 195 195 150 150 150 150 195 195 196 196 150 150 196 196 151 151 151 151 196 196 197 197 151 151 197 197 152 152 152 152 197 197 198 198 152 152 198 198 153 153 153 153 198 198 199 199 153 153 199 199 154 154 154 154 199 199 200 200 154 154 200 200 155 155 155 155 200 200 201 201 155 155 201 201 156 156 156 156 201 201 202 202 156 156 202 202 157 157 157 157 202 202 203 203 157 157 203 203 158 158 158 158 203 203 204 204 158 158 204 204 159 159 159 159 204 204 205 205 159 159 205 205 160 160 160 160 205 205 206 206 160 160 206 206 161 161 161 161 206 206 207 207 161 161 207 207 162 162 162 162 207 207 208 208 162 162 208 208 163 163 163 163 208 208 209 209 163 163 209 209 164 164 164 164 209 209 210 210 164 164 210 210 165 165 165 165 210 210 211 211 165 165 211 211 166 166 166 166 211 211 212 212 166 166 212 212 167 167 167 167 212 212 213 213 167 167 213 213 168 168 168 168 213 213 214 214 168 168 214 214 169 169 169 169 214 214 215 215 169 169 215 215 170 170 170 170 215 215 216 216 170 170 216 216 171 171 171 171 216 216 217 217 171 171 217 217 172 172 172 172 217 217 218 218 172 172 218 218 173 173 173 173 218 218 219 219 173 173 219 219 174 174 174 174 219 219 220 220 174 174 220 220 175 175 175 175 220 220 221 221 175 175 221 221 176 176 176 176 221 221 222 222 176 176 222 222 177 177 177 177 222 222 223 223 177 177 223 223 178 178 178 178 223 223 224 224 178 178 224 224 179 179 179 179 224 224 225 225 179 179 225 225 180 180 180 180 225 225 226 226 180 180 226 226 181 181 181 181 226 226 227 227 181 181 227 227 182 182 182 182 227 227 228 228 182 182 228 228 183 183 183 183 228 228 229 229 183 183 229 229 184 184 184 184 229 229 230 230 184 184 230 230 185 185 185 185 230 230 231 231 185 185 231 231 47 47 186 186 0 0 232 232 186 186 232 232 187 187 187 187 232 232 233 233 187 187 233 233 188 188 188 188 233 233 234 234 188 188 234 234 189 189 189 189 234 234 235 235 189 189 235 235 190 190 190 190 235 235 236 236 190 190 236 236 191 191 191 191 236 236 237 237 191 191 237 237 192 192 192 192 237 237 238 238 192 192 238 238 193 193 193 193 238 238 239 239 193 193 239 239 194 194 194 194 239 239 240 240 194 194 240 240 195 195 195 195 240 240 241 241 195 195 241 241 196 196 196 196 241 241 242 242 196 196 242 242 197 197 197 197 242 242 243 243 197 197 243 243 198 198 198 198 243 243 244 244 198 198 244 244 199 199 199 199 244 244 245 245 199 199 245 245 200 200 200 200 245 245 246 246 200 200 246 246 201 201 201 201 246 246 247 247 201 201 247 247 202 202 202 202 247 247 248 248 202 202 248 248 203 203 203 203 248 248 249 249 203 203 249 249 204 204 204 204 249 249 250 250 204 204 250 250 205 205 205 205 250 250 251 251 205 205 251 251 206 206 206 206 251 251 252 252 206 206 252 252 207 207 207 207 252 252 253 253 207 207 253 253 208 208 208 208 253 253 254 254 208 208 254 254 209 209 209 209 254 254 255 255 209 209 255 255 210 210 210 210 255 255 256 256 210 210 256 256 211 211 211 211 256 256 257 257 211 211 257 257 212 212 212 212 257 257 258 258 212 212 258 258 213 213 213 213 258 258 259 259 213 213 259 259 214 214 214 214 259 259 260 260 214 214 260 260 215 215 215 215 260 260 261 261 215 215 261 261 216 216 216 216 261 261 262 262 216 216 262 262 217 217 217 217 262 262 263 263 217 217 263 263 218 218 218 218 263 263 264 264 218 218 264 264 219 219 219 219 264 264 265 265 219 219 265 265 220 220 220 220 265 265 266 266 220 220 266 266 221 221 221 221 266 266 267 267 221 221 267 267 222 222 222 222 267 267 268 268 222 222 268 268 223 223 223 223 268 268 269 269 223 223 269 269 224 224 224 224 269 269 270 270 224 224 270 270 225 225 225 225 270 270 271 271 225 225 271 271 226 226 226 226 271 271 272 272 226 226 272 272 227 227 227 227 272 272 273 273 227 227 273 273 228 228 228 228 273 273 274 274 228 228 274 274 229 229 229 229 274 274 275 275 229 229 275 275 230 230 230 230 275 275 276 276 230 230 276 276 231 231 231 231 276 276 277 277 231 231 277 277 47 47 232 232 0 0 278 278 232 232 278 278 233 233 233 233 278 278 279 279 233 233 279 279 234 234 234 234 279 279 280 280 234 234 280 280 235 235 235 235 280 280 281 281 235 235 281 281 236 236 236 236 281 281 282 282 236 236 282 282 237 237 237 237 282 282 283 283 237 237 283 283 238 238 238 238 283 283 284 284 238 238 284 284 239 239 239 239 284 284 285 285 239 239 285 285 240 240 240 240 285 285 286 286 240 240 286 286 241 241 241 241 286 286 287 287 241 241 287 287 242 242 242 242 287 287 288 288 242 242 288 288 243 243 243 243 288 288 289 289 243 243 289 289 244 244 244 244 289 289 290 290 244 244 290 290 245 245 245 245 290 290 291 291 245 245 291 291 246 246 246 246 291 291 292 292 246 246 292 292 247 247 247 247 292 292 293 293 247 247 293 293 248 248 248 248 293 293 294 294 248 248 294 294 249 249 249 249 294 294 295 295 249 249 295 295 250 250 250 250 295 295 296 296 250 250 296 296 251 251 251 251 296 296 297 297 251 251 297 297 252 252 252 252 297 297 298 298 252 252 298 298 253 253 253 253 298 298 299 299 253 253 299 299 254 254 254 254 299 299 300 300 254 254 300 300 255 255 255 255 300 300 301 301 255 255 301 301 256 256 256 256 301 301 302 302 256 256 302 302 257 257 257 257 302 302 303 303 257 257 303 303 258 258 258 258 303 303 304 304 258 258 304 304 259 259 259 259 304 304 305 305 259 259 305 305 260 260 260 260 305 305 306 306 260 260 306 306 261 261 261 261 306 306 307 307 261 261 307 307 262 262 262 262 307 307 308 308 262 262 308 308 263 263 263 263 308 308 309 309 263 263 309 309 264 264 264 264 309 309 310 310 264 264 310 310 265 265 265 265 310 310 311 311 265 265 311 311 266 266 266 266 311 311 312 312 266 266 312 312 267 267 267 267 312 312 313 313 267 267 313 313 268 268 268 268 313 313 314 314 268 268 314 314 269 269 269 269 314 314 315 315 269 269 315 315 270 270 270 270 315 315 316 316 270 270 316 316 271 271 271 271 316 316 317 317 271 271 317 317 272 272 272 272 317 317 318 318 272 272 318 318 273 273 273 273 318 318 319 319 273 273 319 319 274 274 274 274 319 319 320 320 274 274 320 320 275 275 275 275 320 320 321 321 275 275 321 321 276 276 276 276 321 321 322 322 276 276 322 322 277 277 277 277 322 322 323 323 277 277 323 323 47 47 278 278 0 0 324 324 278 278 324 324 279 279 279 279 324 324 325 325 279 279 325 325 280 280 280 280 325 325 326 326 280 280 326 326 281 281 281 281 326 326 327 327 281 281 327 327 282 282 282 282 327 327 328 328 282 282 328 328 283 283 283 283 328 328 329 329 283 283 329 329 284 284 284 284 329 329 330 330 284 284 330 330 285 285 285 285 330 330 331 331 285 285 331 331 286 286 286 286 331 331 332 332 286 286 332 332 287 287 287 287 332 332 333 333 287 287 333 333 288 288 288 288 333 333 334 334 288 288 334 334 289 289 289 289 334 334 335 335 289 289 335 335 290 290 290 290 335 335 336 336 290 290 336 336 291 291 291 291 336 336 337 337 291 291 337 337 292 292 292 292 337 337 338 338 292 292 338 338 293 293 293 293 338 338 339 339 293 293 339 339 294 294 294 294 339 339 340 340 294 294 340 340 295 295 295 295 340 340 341 341 295 295 341 341 296 296 296 296 341 341 342 342 296 296 342 342 297 297 297 297 342 342 343 343 297 297 343 343 298 298 298 298 343 343 344 344 298 298 344 344 299 299 299 299 344 344 345 345 299 299 345 345 300 300 300 300 345 345 346 346 300 300 346 346 301 301 301 301 346 346 347 347 301 301 347 347 302 302 302 302 347 347 348 348 302 302 348 348 303 303 303 303 348 348 349 349 303 303 349 349 304 304 304 304 349 349 350 350 304 304 350 350 305 305 305 305 350 350 351 351 305 305 351 351 306 306 306 306 351 351 352 352 306 306 352 352 307 307 307 307 352 352 353 353 307 307 353 353 308 308 308 308 353 353 354 354 308 308 354 354 309 309 309 309 354 354 355 355 309 309 355 355 310 310 310 310 355 355 356 356 310 310 356 356 311 311 311 311 356 356 357 357 311 311 357 357 312 312 312 312 357 357 358 358 312 312 358 358 313 313 313 313 358 358 359 359 313 313 359 359 314 314 314 314 359 359 360 360 314 314 360 360 315 315 315 315 360 360 361 361 315 315 361 361 316 316 316 316 361 361 362 362 316 316 362 362 317 317 317 317 362 362 363 363 317 317 363 363 318 318 318 318 363 363 364 364 318 318 364 364 319 319 319 319 364 364 365 365 319 319 365 365 320 320 320 320 365 365 366 366 320 320 366 366 321 321 321 321 366 366 367 367 321 321 367 367 322 322 322 322 367 367 368 368 322 322 368 368 323 323 323 323 368 368 369 369 323 323 369 369 47 47 324 324 0 0 370 370 324 324 370 370 325 325 325 325 370 370 371 371 325 325 371 371 326 326 326 326 371 371 372 372 326 326 372 372 327 327 327 327 372 372 373 373 327 327 373 373 328 328 328 328 373 373 374 374 328 328 374 374 329 329 329 329 374 374 375 375 329 329 375 375 330 330 330 330 375 375 376 376 330 330 376 376 331 331 331 331 376 376 377 377 331 331 377 377 332 332 332 332 377 377 378 378 332 332 378 378 333 333 333 333 378 378 379 379 333 333 379 379 334 334 334 334 379 379 380 380 334 334 380 380 335 335 335 335 380 380 381 381 335 335 381 381 336 336 336 336 381 381 382 382 336 336 382 382 337 337 337 337 382 382 383 383 337 337 383 383 338 338 338 338 383 383 384 384 338 338 384 384 339 339 339 339 384 384 385 385 339 339 385 385 340 340 340 340 385 385 386 386 340 340 386 386 341 341 341 341 386 386 387 387 341 341 387 387 342 342 342 342 387 387 388 388 342 342 388 388 343 343 343 343 388 388 389 389 343 343 389 389 344 344 344 344 389 389 390 390 344 344 390 390 345 345 345 345 390 390 391 391 345 345 391 391 346 346 346 346 391 391 392 392 346 346 392 392 347 347 347 347 392 392 393 393 347 347 393 393 348 348 348 348 393 393 394 394 348 348 394 394 349 349 349 349 394 394 395 395 349 349 395 395 350 350 350 350 395 395 396 396 350 350 396 396 351 351 351 351 396 396 397 397 351 351 397 397 352 352 352 352 397 397 398 398 352 352 398 398 353 353 353 353 398 398 399 399 353 353 399 399 354 354 354 354 399 399 400 400 354 354 400 400 355 355 355 355 400 400 401 401 355 355 401 401 356 356 356 356 401 401 402 402 356 356 402 402 357 357 357 357 402 402 403 403 357 357 403 403 358 358 358 358 403 403 404 404 358 358 404 404 359 359 359 359 404 404 405 405 359 359 405 405 360 360 360 360 405 405 406 406 360 360 406 406 361 361 361 361 406 406 407 407 361 361 407 407 362 362 362 362 407 407 408 408 362 362 408 408 363 363 363 363 408 408 409 409 363 363 409 409 364 364 364 364 409 409 410 410 364 364 410 410 365 365 365 365 410 410 411 411 365 365 411 411 366 366 366 366 411 411 412 412 366 366 412 412 367 367 367 367 412 412 413 413 367 367 413 413 368 368 368 368 413 413 414 414 368 368 414 414 369 369 369 369 414 414 415 415 369 369 415 415 47 47 370 370 0 0 416 416 370 370 416 416 371 371 371 371 416 416 417 417 371 371 417 417 372 372 372 372 417 417 418 418 372 372 418 418 373 373 373 373 418 418 419 419 373 373 419 419 374 374 374 374 419 419 420 420 374 374 420 420 375 375 375 375 420 420 421 421 375 375 421 421 376 376 376 376 421 421 422 422 376 376 422 422 377 377 377 377 422 422 423 423 377 377 423 423 378 378 378 378 423 423 424 424 378 378 424 424 379 379 379 379 424 424 425 425 379 379 425 425 380 380 380 380 425 425 426 426 380 380 426 426 381 381 381 381 426 426 427 427 381 381 427 427 382 382 382 382 427 427 428 428 382 382 428 428 383 383 383 383 428 428 429 429 383 383 429 429 384 384 384 384 429 429 430 430 384 384 430 430 385 385 385 385 430 430 431 431 385 385 431 431 386 386 386 386 431 431 432 432 386 386 432 432 387 387 387 387 432 432 433 433 387 387 433 433 388 388 388 388 433 433 434 434 388 388 434 434 389 389 389 389 434 434 435 435 389 389 435 435 390 390 390 390 435 435 436 436 390 390 436 436 391 391 391 391 436 436 437 437 391 391 437 437 392 392 392 392 437 437 438 438 392 392 438 438 393 393 393 393 438 438 439 439 393 393 439 439 394 394 394 394 439 439 440 440 394 394 440 440 395 395 395 395 440 440 441 441 395 395 441 441 396 396 396 396 441 441 442 442 396 396 442 442 397 397 397 397 442 442 443 443 397 397 443 443 398 398 398 398 443 443 444 444 398 398 444 444 399 399 399 399 444 444 445 445 399 399 445 445 400 400 400 400 445 445 446 446 400 400 446 446 401 401 401 401 446 446 447 447 401 401 447 447 402 402 402 402 447 447 448 448 402 402 448 448 403 403 403 403 448 448 449 449 403 403 449 449 404 404 404 404 449 449 450 450 404 404 450 450 405 405 405 405 450 450 451 451 405 405 451 451 406 406 406 406 451 451 452 452 406 406 452 452 407 407 407 407 452 452 453 453 407 407 453 453 408 408 408 408 453 453 454 454 408 408 454 454 409 409 409 409 454 454 455 455 409 409 455 455 410 410 410 410 455 455 456 456 410 410 456 456 411 411 411 411 456 456 457 457 411 411 457 457 412 412 412 412 457 457 458 458 412 412 458 458 413 413 413 413 458 458 459 459 413 413 459 459 414 414 414 414 459 459 460 460 414 414 460 460 415 415 415 415 460 460 461 461 415 415 461 461 47 47 416 416 0 0 462 462 416 416 462 462 417 417 417 417 462 462 463 463 417 417 463 463 418 418 418 418 463 463 464 464 418 418 464 464 419 419 419 419 464 464 465 465 419 419 465 465 420 420 420 420 465 465 466 466 420 420 466 466 421 421 421 421 466 466 467 467 421 421 467 467 422 422 422 422 467 467 468 468 422 422 468 468 423 423 423 423 468 468 469 469 423 423 469 469 424 424 424 424 469 469 470 470 424 424 470 470 425 425 425 425 470 470 471 471 425 425 471 471 426 426 426 426 471 471 472 472 426 426 472 472 427 427 427 427 472 472 473 473 427 427 473 473 428 428 428 428 473 473 474 474 428 428 474 474 429 429 429 429 474 474 475 475 429 429 475 475 430 430 430 430 475 475 476 476 430 430 476 476 431 431 431 431 476 476 477 477 431 431 477 477 432 432 432 432 477 477 478 478 432 432 478 478 433 433 433 433 478 478 479 479 433 433 479 479 434 434 434 434 479 479 480 480 434 434 480 480 435 435 435 435 480 480 481 481 435 435 481 481 436 436 436 436 481 481 482 482 436 436 482 482 437 437 437 437 482 482 483 483 437 437 483 483 438 438 438 438 483 483 484 484 438 438 484 484 439 439 439 439 484 484 485 485 439 439 485 485 440 440 440 440 485 485 486 486 440 440 486 486 441 441 441 441 486 486 487 487 441 441 487 487 442 442 442 442 487 487 488 488 442 442 488 488 443 443 443 443 488 488 489 489 443 443 489 489 444 444 444 444 489 489 490 490 444 444 490 490 445 445 445 445 490 490 491 491 445 445 491 491 446 446 446 446 491 491 492 492 446 446 492 492 447 447 447 447 492 492 493 493 447 447 493 493 448 448 448 448 493 493 494 494 448 448 494 494 449 449 449 449 494 494 495 495 449 449 495 495 450 450 450 450 495 495 496 496 450 450 496 496 451 451 451 451 496 496 497 497 451 451 497 497 452 452 452 452 497 497 498 498 452 452 498 498 453 453 453 453 498 498 499 499 453 453 499 499 454 454 454 454 499 499 500 500 454 454 500 500 455 455 455 455 500 500 501 501 455 455 501 501 456 456 456 456 501 501 502 502 456 456 502 502 457 457 457 457 502 502 503 503 457 457 503 503 458 458 458 458 503 503 504 504 458 458 504 504 459 459 459 459 504 504 505 505 459 459 505 505 460 460 460 460 505 505 506 506 460 460 506 506 461 461 461 461 506 506 507 507 461 461 507 507 47 47 462 462 0 0 508 508 462 462 508 508 463 463 463 463 508 508 509 509 463 463 509 509 464 464 464 464 509 509 510 510 464 464 510 510 465 465 465 465 510 510 511 511 465 465 511 511 466 466 466 466 511 511 512 512 466 466 512 512 467 467 467 467 512 512 513 513 467 467 513 513 468 468 468 468 513 513 514 514 468 468 514 514 469 469 469 469 514 514 515 515 469 469 515 515 470 470 470 470 515 515 516 516 470 470 516 516 471 471 471 471 516 516 517 517 471 471 517 517 472 472 472 472 517 517 518 518 472 472 518 518 473 473 473 473 518 518 519 519 473 473 519 519 474 474 474 474 519 519 520 520 474 474 520 520 475 475 475 475 520 520 521 521 475 475 521 521 476 476 476 476 521 521 522 522 476 476 522 522 477 477 477 477 522 522 523 523 477 477 523 523 478 478 478 478 523 523 524 524 478 478 524 524 479 479 479 479 524 524 525 525 479 479 525 525 480 480 480 480 525 525 526 526 480 480 526 526 481 481 481 481 526 526 527 527 481 481 527 527 482 482 482 482 527 527 528 528 482 482 528 528 483 483 483 483 528 528 529 529 483 483 529 529 484 484 484 484 529 529 530 530 484 484 530 530 485 485 485 485 530 530 531 531 485 485 531 531 486 486 486 486 531 531 532 532 486 486 532 532 487 487 487 487 532 532 533 533 487 487 533 533 488 488 488 488 533 533 534 534 488 488 534 534 489 489 489 489 534 534 535 535 489 489 535 535 490 490 490 490 535 535 536 536 490 490 536 536 491 491 491 491 536 536 537 537 491 491 537 537 492 492 492 492 537 537 538 538 492 492 538 538 493 493 493 493 538 538 539 539 493 493 539 539 494 494 494 494 539 539 540 540 494 494 540 540 495 495 495 495 540 540 541 541 495 495 541 541 496 496 496 496 541 541 542 542 496 496 542 542 497 497 497 497 542 542 543 543 497 497 543 543 498 498 498 498 543 543 544 544 498 498 544 544 499 499 499 499 544 544 545 545 499 499 545 545 500 500 500 500 545 545 546 546 500 500 546 546 501 501 501 501 546 546 547 547 501 501 547 547 502 502 502 502 547 547 548 548 502 502 548 548 503 503 503 503 548 548 549 549 503 503 549 549 504 504 504 504 549 549 550 550 504 504 550 550 505 505 505 505 550 550 551 551 505 505 551 551 506 506 506 506 551 551 552 552 506 506 552 552 507 507 507 507 552 552 553 553 507 507 553 553 47 47 508 508 0 0 554 554 508 508 554 554 509 509 509 509 554 554 555 555 509 509 555 555 510 510 510 510 555 555 556 556 510 510 556 556 511 511 511 511 556 556 557 557 511 511 557 557 512 512 512 512 557 557 558 558 512 512 558 558 513 513 513 513 558 558 559 559 513 513 559 559 514 514 514 514 559 559 560 560 514 514 560 560 515 515 515 515 560 560 561 561 515 515 561 561 516 516 516 516 561 561 562 562 516 516 562 562 517 517 517 517 562 562 563 563 517 517 563 563 518 518 518 518 563 563 564 564 518 518 564 564 519 519 519 519 564 564 565 565 519 519 565 565 520 520 520 520 565 565 566 566 520 520 566 566 521 521 521 521 566 566 567 567 521 521 567 567 522 522 522 522 567 567 568 568 522 522 568 568 523 523 523 523 568 568 569 569 523 523 569 569 524 524 524 524 569 569 570 570 524 524 570 570 525 525 525 525 570 570 571 571 525 525 571 571 526 526 526 526 571 571 572 572 526 526 572 572 527 527 527 527 572 572 573 573 527 527 573 573 528 528 528 528 573 573 574 574 528 528 574 574 529 529 529 529 574 574 575 575 529 529 575 575 530 530 530 530 575 575 576 576 530 530 576 576 531 531 531 531 576 576 577 577 531 531 577 577 532 532 532 532 577 577 578 578 532 532 578 578 533 533 533 533 578 578 579 579 533 533 579 579 534 534 534 534 579 579 580 580 534 534 580 580 535 535 535 535 580 580 581 581 535 535 581 581 536 536 536 536 581 581 582 582 536 536 582 582 537 537 537 537 582 582 583 583 537 537 583 583 538 538 538 538 583 583 584 584 538 538 584 584 539 539 539 539 584 584 585 585 539 539 585 585 540 540 540 540 585 585 586 586 540 540 586 586 541 541 541 541 586 586 587 587 541 541 587 587 542 542 542 542 587 587 588 588 542 542 588 588 543 543 543 543 588 588 589 589 543 543 589 589 544 544 544 544 589 589 590 590 544 544 590 590 545 545 545 545 590 590 591 591 545 545 591 591 546 546 546 546 591 591 592 592 546 546 592 592 547 547 547 547 592 592 593 593 547 547 593 593 548 548 548 548 593 593 594 594 548 548 594 594 549 549 549 549 594 594 595 595 549 549 595 595 550 550 550 550 595 595 596 596 550 550 596 596 551 551 551 551 596 596 597 597 551 551 597 597 552 552 552 552 597 597 598 598 552 552 598 598 553 553 553 553 598 598 599 599 553 553 599 599 47 47 554 554 0 0 600 600 554 554 600 600 555 555 555 555 600 600 601 601 555 555 601 601 556 556 556 556 601 601 602 602 556 556 602 602 557 557 557 557 602 602 603 603 557 557 603 603 558 558 558 558 603 603 604 604 558 558 604 604 559 559 559 559 604 604 605 605 559 559 605 605 560 560 560 560 605 605 606 606 560 560 606 606 561 561 561 561 606 606 607 607 561 561 607 607 562 562 562 562 607 607 608 608 562 562 608 608 563 563 563 563 608 608 609 609 563 563 609 609 564 564 564 564 609 609 610 610 564 564 610 610 565 565 565 565 610 610 611 611 565 565 611 611 566 566 566 566 611 611 612 612 566 566 612 612 567 567 567 567 612 612 613 613 567 567 613 613 568 568 568 568 613 613 614 614 568 568 614 614 569 569 569 569 614 614 615 615 569 569 615 615 570 570 570 570 615 615 616 616 570 570 616 616 571 571 571 571 616 616 617 617 571 571 617 617 572 572 572 572 617 617 618 618 572 572 618 618 573 573 573 573 618 618 619 619 573 573 619 619 574 574 574 574 619 619 620 620 574 574 620 620 575 575 575 575 620 620 621 621 575 575 621 621 576 576 576 576 621 621 622 622 576 576 622 622 577 577 577 577 622 622 623 623 577 577 623 623 578 578 578 578 623 623 624 624 578 578 624 624 579 579 579 579 624 624 625 625 579 579 625 625 580 580 580 580 625 625 626 626 580 580 626 626 581 581 581 581 626 626 627 627 581 581 627 627 582 582 582 582 627 627 628 628 582 582 628 628 583 583 583 583 628 628 629 629 583 583 629 629 584 584 584 584 629 629 630 630 584 584 630 630 585 585 585 585 630 630 631 631 585 585 631 631 586 586 586 586 631 631 632 632 586 586 632 632 587 587 587 587 632 632 633 633 587 587 633 633 588 588 588 588 633 633 634 634 588 588 634 634 589 589 589 589 634 634 635 635 589 589 635 635 590 590 590 590 635 635 636 636 590 590 636 636 591 591 591 591 636 636 637 637 591 591 637 637 592 592 592 592 637 637 638 638 592 592 638 638 593 593 593 593 638 638 639 639 593 593 639 639 594 594 594 594 639 639 640 640 594 594 640 640 595 595 595 595 640 640 641 641 595 595 641 641 596 596 596 596 641 641 642 642 596 596 642 642 597 597 597 597 642 642 643 643 597 597 643 643 598 598 598 598 643 643 644 644 598 598 644 644 599 599 599 599 644 644 645 645 599 599 645 645 47 47 600 600 0 0 646 646 600 600 646 646 601 601 601 601 646 646 647 647 601 601 647 647 602 602 602 602 647 647 648 648 602 602 648 648 603 603 603 603 648 648 649 649 603 603 649 649 604 604 604 604 649 649 650 650 604 604 650 650 605 605 605 605 650 650 651 651 605 605 651 651 606 606 606 606 651 651 652 652 606 606 652 652 607 607 607 607 652 652 653 653 607 607 653 653 608 608 608 608 653 653 654 654 608 608 654 654 609 609 609 609 654 654 655 655 609 609 655 655 610 610 610 610 655 655 656 656 610 610 656 656 611 611 611 611 656 656 657 657 611 611 657 657 612 612 612 612 657 657 658 658 612 612 658 658 613 613 613 613 658 658 659 659 613 613 659 659 614 614 614 614 659 659 660 660 614 614 660 660 615 615 615 615 660 660 661 661 615 615 661 661 616 616 616 616 661 661 662 662 616 616 662 662 617 617 617 617 662 662 663 663 617 617 663 663 618 618 618 618 663 663 664 664 618 618 664 664 619 619 619 619 664 664 665 665 619 619 665 665 620 620 620 620 665 665 666 666 620 620 666 666 621 621 621 621 666 666 667 667 621 621 667 667 622 622 622 622 667 667 668 668 622 622 668 668 623 623 623 623 668 668 669 669 623 623 669 669 624 624 624 624 669 669 670 670 624 624 670 670 625 625 625 625 670 670 671 671 625 625 671 671 626 626 626 626 671 671 672 672 626 626 672 672 627 627 627 627 672 672 673 673 627 627 673 673 628 628 628 628 673 673 674 674 628 628 674 674 629 629 629 629 674 674 675 675 629 629 675 675 630 630 630 630 675 675 676 676 630 630 676 676 631 631 631 631 676 676 677 677 631 631 677 677 632 632 632 632 677 677 678 678 632 632 678 678 633 633 633 633 678 678 679 679 633 633 679 679 634 634 634 634 679 679 680 680 634 634 680 680 635 635 635 635 680 680 681 681 635 635 681 681 636 636 636 636 681 681 682 682 636 636 682 682 637 637 637 637 682 682 683 683 637 637 683 683 638 638 638 638 683 683 684 684 638 638 684 684 639 639 639 639 684 684 685 685 639 639 685 685 640 640 640 640 685 685 686 686 640 640 686 686 641 641 641 641 686 686 687 687 641 641 687 687 642 642 642 642 687 687 688 688 642 642 688 688 643 643 643 643 688 688 689 689 643 643 689 689 644 644 644 644 689 689 690 690 644 644 690 690 645 645 645 645 690 690 691 691 645 645 691 691 47 47 646 646 0 0 692 692 646 646 692 692 647 647 647 647 692 692 693 693 647 647 693 693 648 648 648 648 693 693 694 694 648 648 694 694 649 649 649 649 694 694 695 695 649 649 695 695 650 650 650 650 695 695 696 696 650 650 696 696 651 651 651 651 696 696 697 697 651 651 697 697 652 652 652 652 697 697 698 698 652 652 698 698 653 653 653 653 698 698 699 699 653 653 699 699 654 654 654 654 699 699 700 700 654 654 700 700 655 655 655 655 700 700 701 701 655 655 701 701 656 656 656 656 701 701 702 702 656 656 702 702 657 657 657 657 702 702 703 703 657 657 703 703 658 658 658 658 703 703 704 704 658 658 704 704 659 659 659 659 704 704 705 705 659 659 705 705 660 660 660 660 705 705 706 706 660 660 706 706 661 661 661 661 706 706 707 707 661 661 707 707 662 662 662 662 707 707 708 708 662 662 708 708 663 663 663 663 708 708 709 709 663 663 709 709 664 664 664 664 709 709 710 710 664 664 710 710 665 665 665 665 710 710 711 711 665 665 711 711 666 666 666 666 711 711 712 712 666 666 712 712 667 667 667 667 712 712 713 713 667 667 713 713 668 668 668 668 713 713 714 714 668 668 714 714 669 669 669 669 714 714 715 715 669 669 715 715 670 670 670 670 715 715 716 716 670 670 716 716 671 671 671 671 716 716 717 717 671 671 717 717 672 672 672 672 717 717 718 718 672 672 718 718 673 673 673 673 718 718 719 719 673 673 719 719 674 674 674 674 719 719 720 720 674 674 720 720 675 675 675 675 720 720 721 721 675 675 721 721 676 676 676 676 721 721 722 722 676 676 722 722 677 677 677 677 722 722 723 723 677 677 723 723 678 678 678 678 723 723 724 724 678 678 724 724 679 679 679 679 724 724 725 725 679 679 725 725 680 680 680 680 725 725 726 726 680 680 726 726 681 681 681 681 726 726 727 727 681 681 727 727 682 682 682 682 727 727 728 728 682 682 728 728 683 683 683 683 728 728 729 729 683 683 729 729 684 684 684 684 729 729 730 730 684 684 730 730 685 685 685 685 730 730 731 731 685 685 731 731 686 686 686 686 731 731 732 732 686 686 732 732 687 687 687 687 732 732 733 733 687 687 733 733 688 688 688 688 733 733 734 734 688 688 734 734 689 689 689 689 734 734 735 735 689 689 735 735 690 690 690 690 735 735 736 736 690 690 736 736 691 691 691 691 736 736 737 737 691 691 737 737 47 47 692 692 0 0 738 738 692 692 738 738 693 693 693 693 738 738 739 739 693 693 739 739 694 694 694 694 739 739 740 740 694 694 740 740 695 695 695 695 740 740 741 741 695 695 741 741 696 696 696 696 741 741 742 742 696 696 742 742 697 697 697 697 742 742 743 743 697 697 743 743 698 698 698 698 743 743 744 744 698 698 744 744 699 699 699 699 744 744 745 745 699 699 745 745 700 700 700 700 745 745 746 746 700 700 746 746 701 701 701 701 746 746 747 747 701 701 747 747 702 702 702 702 747 747 748 748 702 702 748 748 703 703 703 703 748 748 749 749 703 703 749 749 704 704 704 704 749 749 750 750 704 704 750 750 705 705 705 705 750 750 751 751 705 705 751 751 706 706 706 706 751 751 752 752 706 706 752 752 707 707 707 707 752 752 753 753 707 707 753 753 708 708 708 708 753 753 754 754 708 708 754 754 709 709 709 709 754 754 755 755 709 709 755 755 710 710 710 710 755 755 756 756 710 710 756 756 711 711 711 711 756 756 757 757 711 711 757 757 712 712 712 712 757 757 758 758 712 712 758 758 713 713 713 713 758 758 759 759 713 713 759 759 714 714 714 714 759 759 760 760 714 714 760 760 715 715 715 715 760 760 761 761 715 715 761 761 716 716 716 716 761 761 762 762 716 716 762 762 717 717 717 717 762 762 763 763 717 717 763 763 718 718 718 718 763 763 764 764 718 718 764 764 719 719 719 719 764 764 765 765 719 719 765 765 720 720 720 720 765 765 766 766 720 720 766 766 721 721 721 721 766 766 767 767 721 721 767 767 722 722 722 722 767 767 768 768 722 722 768 768 723 723 723 723 768 768 769 769 723 723 769 769 724 724 724 724 769 769 770 770 724 724 770 770 725 725 725 725 770 770 771 771 725 725 771 771 726 726 726 726 771 771 772 772 726 726 772 772 727 727 727 727 772 772 773 773 727 727 773 773 728 728 728 728 773 773 774 774 728 728 774 774 729 729 729 729 774 774 775 775 729 729 775 775 730 730 730 730 775 775 776 776 730 730 776 776 731 731 731 731 776 776 777 777 731 731 777 777 732 732 732 732 777 777 778 778 732 732 778 778 733 733 733 733 778 778 779 779 733 733 779 779 734 734 734 734 779 779 780 780 734 734 780 780 735 735 735 735 780 780 781 781 735 735 781 781 736 736 736 736 781 781 782 782 736 736 782 782 737 737 737 737 782 782 783 783 737 737 783 783 47 47 738 738 0 0 784 784 738 738 784 784 739 739 739 739 784 784 785 785 739 739 785 785 740 740 740 740 785 785 786 786 740 740 786 786 741 741 741 741 786 786 787 787 741 741 787 787 742 742 742 742 787 787 788 788 742 742 788 788 743 743 743 743 788 788 789 789 743 743 789 789 744 744 744 744 789 789 790 790 744 744 790 790 745 745 745 745 790 790 791 791 745 745 791 791 746 746 746 746 791 791 792 792 746 746 792 792 747 747 747 747 792 792 793 793 747 747 793 793 748 748 748 748 793 793 794 794 748 748 794 794 749 749 749 749 794 794 795 795 749 749 795 795 750 750 750 750 795 795 796 796 750 750 796 796 751 751 751 751 796 796 797 797 751 751 797 797 752 752 752 752 797 797 798 798 752 752 798 798 753 753 753 753 798 798 799 799 753 753 799 799 754 754 754 754 799 799 800 800 754 754 800 800 755 755 755 755 800 800 801 801 755 755 801 801 756 756 756 756 801 801 802 802 756 756 802 802 757 757 757 757 802 802 803 803 757 757 803 803 758 758 758 758 803 803 804 804 758 758 804 804 759 759 759 759 804 804 805 805 759 759 805 805 760 760 760 760 805 805 806 806 760 760 806 806 761 761 761 761 806 806 807 807 761 761 807 807 762 762 762 762 807 807 808 808 762 762 808 808 763 763 763 763 808 808 809 809 763 763 809 809 764 764 764 764 809 809 810 810 764 764 810 810 765 765 765 765 810 810 811 811 765 765 811 811 766 766 766 766 811 811 812 812 766 766 812 812 767 767 767 767 812 812 813 813 767 767 813 813 768 768 768 768 813 813 814 814 768 768 814 814 769 769 769 769 814 814 815 815 769 769 815 815 770 770 770 770 815 815 816 816 770 770 816 816 771 771 771 771 816 816 817 817 771 771 817 817 772 772 772 772 817 817 818 818 772 772 818 818 773 773 773 773 818 818 819 819 773 773 819 819 774 774 774 774 819 819 820 820 774 774 820 820 775 775 775 775 820 820 821 821 775 775 821 821 776 776 776 776 821 821 822 822 776 776 822 822 777 777 777 777 822 822 823 823 777 777 823 823 778 778 778 778 823 823 824 824 778 778 824 824 779 779 779 779 824 824 825 825 779 779 825 825 780 780 780 780 825 825 826 826 780 780 826 826 781 781 781 781 826 826 827 827 781 781 827 827 782 782 782 782 827 827 828 828 782 782 828 828 783 783 783 783 828 828 829 829 783 783 829 829 47 47 784 784 0 0 830 830 784 784 830 830 785 785 785 785 830 830 831 831 785 785 831 831 786 786 786 786 831 831 832 832 786 786 832 832 787 787 787 787 832 832 833 833 787 787 833 833 788 788 788 788 833 833 834 834 788 788 834 834 789 789 789 789 834 834 835 835 789 789 835 835 790 790 790 790 835 835 836 836 790 790 836 836 791 791 791 791 836 836 837 837 791 791 837 837 792 792 792 792 837 837 838 838 792 792 838 838 793 793 793 793 838 838 839 839 793 793 839 839 794 794 794 794 839 839 840 840 794 794 840 840 795 795 795 795 840 840 841 841 795 795 841 841 796 796 796 796 841 841 842 842 796 796 842 842 797 797 797 797 842 842 843 843 797 797 843 843 798 798 798 798 843 843 844 844 798 798 844 844 799 799 799 799 844 844 845 845 799 799 845 845 800 800 800 800 845 845 846 846 800 800 846 846 801 801 801 801 846 846 847 847 801 801 847 847 802 802 802 802 847 847 848 848 802 802 848 848 803 803 803 803 848 848 849 849 803 803 849 849 804 804 804 804 849 849 850 850 804 804 850 850 805 805 805 805 850 850 851 851 805 805 851 851 806 806 806 806 851 851 852 852 806 806 852 852 807 807 807 807 852 852 853 853 807 807 853 853 808 808 808 808 853 853 854 854 808 808 854 854 809 809 809 809 854 854 855 855 809 809 855 855 810 810 810 810 855 855 856 856 810 810 856 856 811 811 811 811 856 856 857 857 811 811 857 857 812 812 812 812 857 857 858 858 812 812 858 858 813 813 813 813 858 858 859 859 813 813 859 859 814 814 814 814 859 859 860 860 814 814 860 860 815 815 815 815 860 860 861 861 815 815 861 861 816 816 816 816 861 861 862 862 816 816 862 862 817 817 817 817 862 862 863 863 817 817 863 863 818 818 818 818 863 863 864 864 818 818 864 864 819 819 819 819 864 864 865 865 819 819 865 865 820 820 820 820 865 865 866 866 820 820 866 866 821 821 821 821 866 866 867 867 821 821 867 867 822 822 822 822 867 867 868 868 822 822 868 868 823 823 823 823 868 868 869 869 823 823 869 869 824 824 824 824 869 869 870 870 824 824 870 870 825 825 825 825 870 870 871 871 825 825 871 871 826 826 826 826 871 871 872 872 826 826 872 872 827 827 827 827 872 872 873 873 827 827 873 873 828 828 828 828 873 873 874 874 828 828 874 874 829 829 829 829 874 874 875 875 829 829 875 875 47 47 830 830 0 0 876 876 830 830 876 876 831 831 831 831 876 876 877 877 831 831 877 877 832 832 832 832 877 877 878 878 832 832 878 878 833 833 833 833 878 878 879 879 833 833 879 879 834 834 834 834 879 879 880 880 834 834 880 880 835 835 835 835 880 880 881 881 835 835 881 881 836 836 836 836 881 881 882 882 836 836 882 882 837 837 837 837 882 882 883 883 837 837 883 883 838 838 838 838 883 883 884 884 838 838 884 884 839 839 839 839 884 884 885 885 839 839 885 885 840 840 840 840 885 885 886 886 840 840 886 886 841 841 841 841 886 886 887 887 841 841 887 887 842 842 842 842 887 887 888 888 842 842 888 888 843 843 843 843 888 888 889 889 843 843 889 889 844 844 844 844 889 889 890 890 844 844 890 890 845 845 845 845 890 890 891 891 845 845 891 891 846 846 846 846 891 891 892 892 846 846 892 892 847 847 847 847 892 892 893 893 847 847 893 893 848 848 848 848 893 893 894 894 848 848 894 894 849 849 849 849 894 894 895 895 849 849 895 895 850 850 850 850 895 895 896 896 850 850 896 896 851 851 851 851 896 896 897 897 851 851 897 897 852 852 852 852 897 897 898 898 852 852 898 898 853 853 853 853 898 898 899 899 853 853 899 899 854 854 854 854 899 899 900 900 854 854 900 900 855 855 855 855 900 900 901 901 855 855 901 901 856 856 856 856 901 901 902 902 856 856 902 902 857 857 857 857 902 902 903 903 857 857 903 903 858 858 858 858 903 903 904 904 858 858 904 904 859 859 859 859 904 904 905 905 859 859 905 905 860 860 860 860 905 905 906 906 860 860 906 906 861 861 861 861 906 906 907 907 861 861 907 907 862 862 862 862 907 907 908 908 862 862 908 908 863 863 863 863 908 908 909 909 863 863 909 909 864 864 864 864 909 909 910 910 864 864 910 910 865 865 865 865 910 910 911 911 865 865 911 911 866 866 866 866 911 911 912 912 866 866 912 912 867 867 867 867 912 912 913 913 867 867 913 913 868 868 868 868 913 913 914 914 868 868 914 914 869 869 869 869 914 914 915 915 869 869 915 915 870 870 870 870 915 915 916 916 870 870 916 916 871 871 871 871 916 916 917 917 871 871 917 917 872 872 872 872 917 917 918 918 872 872 918 918 873 873 873 873 918 918 919 919 873 873 919 919 874 874 874 874 919 919 920 920 874 874 920 920 875 875 875 875 920 920 921 921 875 875 921 921 47 47 876 876 0 0 922 922 876 876 922 922 877 877 877 877 922 922 923 923 877 877 923 923 878 878 878 878 923 923 924 924 878 878 924 924 879 879 879 879 924 924 925 925 879 879 925 925 880 880 880 880 925 925 926 926 880 880 926 926 881 881 881 881 926 926 927 927 881 881 927 927 882 882 882 882 927 927 928 928 882 882 928 928 883 883 883 883 928 928 929 929 883 883 929 929 884 884 884 884 929 929 930 930 884 884 930 930 885 885 885 885 930 930 931 931 885 885 931 931 886 886 886 886 931 931 932 932 886 886 932 932 887 887 887 887 932 932 933 933 887 887 933 933 888 888 888 888 933 933 934 934 888 888 934 934 889 889 889 889 934 934 935 935 889 889 935 935 890 890 890 890 935 935 936 936 890 890 936 936 891 891 891 891 936 936 937 937 891 891 937 937 892 892 892 892 937 937 938 938 892 892 938 938 893 893 893 893 938 938 939 939 893 893 939 939 894 894 894 894 939 939 940 940 894 894 940 940 895 895 895 895 940 940 941 941 895 895 941 941 896 896 896 896 941 941 942 942 896 896 942 942 897 897 897 897 942 942 943 943 897 897 943 943 898 898 898 898 943 943 944 944 898 898 944 944 899 899 899 899 944 944 945 945 899 899 945 945 900 900 900 900 945 945 946 946 900 900 946 946 901 901 901 901 946 946 947 947 901 901 947 947 902 902 902 902 947 947 948 948 902 902 948 948 903 903 903 903 948 948 949 949 903 903 949 949 904 904 904 904 949 949 950 950 904 904 950 950 905 905 905 905 950 950 951 951 905 905 951 951 906 906 906 906 951 951 952 952 906 906 952 952 907 907 907 907 952 952 953 953 907 907 953 953 908 908 908 908 953 953 954 954 908 908 954 954 909 909 909 909 954 954 955 955 909 909 955 955 910 910 910 910 955 955 956 956 910 910 956 956 911 911 911 911 956 956 957 957 911 911 957 957 912 912 912 912 957 957 958 958 912 912 958 958 913 913 913 913 958 958 959 959 913 913 959 959 914 914 914 914 959 959 960 960 914 914 960 960 915 915 915 915 960 960 961 961 915 915 961 961 916 916 916 916 961 961 962 962 916 916 962 962 917 917 917 917 962 962 963 963 917 917 963 963 918 918 918 918 963 963 964 964 918 918 964 964 919 919 919 919 964 964 965 965 919 919 965 965 920 920 920 920 965 965 966 966 920 920 966 966 921 921 921 921 966 966 967 967 921 921 967 967 47 47 922 922 0 0 968 968 922 922 968 968 923 923 923 923 968 968 969 969 923 923 969 969 924 924 924 924 969 969 970 970 924 924 970 970 925 925 925 925 970 970 971 971 925 925 971 971 926 926 926 926 971 971 972 972 926 926 972 972 927 927 927 927 972 972 973 973 927 927 973 973 928 928 928 928 973 973 974 974 928 928 974 974 929 929 929 929 974 974 975 975 929 929 975 975 930 930 930 930 975 975 976 976 930 930 976 976 931 931 931 931 976 976 977 977 931 931 977 977 932 932 932 932 977 977 978 978 932 932 978 978 933 933 933 933 978 978 979 979 933 933 979 979 934 934 934 934 979 979 980 980 934 934 980 980 935 935 935 935 980 980 981 981 935 935 981 981 936 936 936 936 981 981 982 982 936 936 982 982 937 937 937 937 982 982 983 983 937 937 983 983 938 938 938 938 983 983 984 984 938 938 984 984 939 939 939 939 984 984 985 985 939 939 985 985 940 940 940 940 985 985 986 986 940 940 986 986 941 941 941 941 986 986 987 987 941 941 987 987 942 942 942 942 987 987 988 988 942 942 988 988 943 943 943 943 988 988 989 989 943 943 989 989 944 944 944 944 989 989 990 990 944 944 990 990 945 945 945 945 990 990 991 991 945 945 991 991 946 946 946 946 991 991 992 992 946 946 992 992 947 947 947 947 992 992 993 993 947 947 993 993 948 948 948 948 993 993 994 994 948 948 994 994 949 949 949 949 994 994 995 995 949 949 995 995 950 950 950 950 995 995 996 996 950 950 996 996 951 951 951 951 996 996 997 997 951 951 997 997 952 952 952 952 997 997 998 998 952 952 998 998 953 953 953 953 998 998 999 999 953 953 999 999 954 954 954 954 999 999 1000 1000 954 954 1000 1000 955 955 955 955 1000 1000 1001 1001 955 955 1001 1001 956 956 956 956 1001 1001 1002 1002 956 956 1002 1002 957 957 957 957 1002 1002 1003 1003 957 957 1003 1003 958 958 958 958 1003 1003 1004 1004 958 958 1004 1004 959 959 959 959 1004 1004 1005 1005 959 959 1005 1005 960 960 960 960 1005 1005 1006 1006 960 960 1006 1006 961 961 961 961 1006 1006 1007 1007 961 961 1007 1007 962 962 962 962 1007 1007 1008 1008 962 962 1008 1008 963 963 963 963 1008 1008 1009 1009 963 963 1009 1009 964 964 964 964 1009 1009 1010 1010 964 964 1010 1010 965 965 965 965 1010 1010 1011 1011 965 965 1011 1011 966 966 966 966 1011 1011 1012 1012 966 966 1012 1012 967 967 967 967 1012 1012 1013 1013 967 967 1013 1013 47 47 968 968 0 0 1014 1014 968 968 1014 1014 969 969 969 969 1014 1014 1015 1015 969 969 1015 1015 970 970 970 970 1015 1015 1016 1016 970 970 1016 1016 971 971 971 971 1016 1016 1017 1017 971 971 1017 1017 972 972 972 972 1017 1017 1018 1018 972 972 1018 1018 973 973 973 973 1018 1018 1019 1019 973 973 1019 1019 974 974 974 974 1019 1019 1020 1020 974 974 1020 1020 975 975 975 975 1020 1020 1021 1021 975 975 1021 1021 976 976 976 976 1021 1021 1022 1022 976 976 1022 1022 977 977 977 977 1022 1022 1023 1023 977 977 1023 1023 978 978 978 978 1023 1023 1024 1024 978 978 1024 1024 979 979 979 979 1024 1024 1025 1025 979 979 1025 1025 980 980 980 980 1025 1025 1026 1026 980 980 1026 1026 981 981 981 981 1026 1026 1027 1027 981 981 1027 1027 982 982 982 982 1027 1027 1028 1028 982 982 1028 1028 983 983 983 983 1028 1028 1029 1029 983 983 1029 1029 984 984 984 984 1029 1029 1030 1030 984 984 1030 1030 985 985 985 985 1030 1030 1031 1031 985 985 1031 1031 986 986 986 986 1031 1031 1032 1032 986 986 1032 1032 987 987 987 987 1032 1032 1033 1033 987 987 1033 1033 988 988 988 988 1033 1033 1034 1034 988 988 1034 1034 989 989 989 989 1034 1034 1035 1035 989 989 1035 1035 990 990 990 990 1035 1035 1036 1036 990 990 1036 1036 991 991 991 991 1036 1036 1037 1037 991 991 1037 1037 992 992 992 992 1037 1037 1038 1038 992 992 1038 1038 993 993 993 993 1038 1038 1039 1039 993 993 1039 1039 994 994 994 994 1039 1039 1040 1040 994 994 1040 1040 995 995 995 995 1040 1040 1041 1041 995 995 1041 1041 996 996 996 996 1041 1041 1042 1042 996 996 1042 1042 997 997 997 997 1042 1042 1043 1043 997 997 1043 1043 998 998 998 998 1043 1043 1044 1044 998 998 1044 1044 999 999 999 999 1044 1044 1045 1045 999 999 1045 1045 1000 1000 1000 1000 1045 1045 1046 1046 1000 1000 1046 1046 1001 1001 1001 1001 1046 1046 1047 1047 1001 1001 1047 1047 1002 1002 1002 1002 1047 1047 1048 1048 1002 1002 1048 1048 1003 1003 1003 1003 1048 1048 1049 1049 1003 1003 1049 1049 1004 1004 1004 1004 1049 1049 1050 1050 1004 1004 1050 1050 1005 1005 1005 1005 1050 1050 1051 1051 1005 1005 1051 1051 1006 1006 1006 1006 1051 1051 1052 1052 1006 1006 1052 1052 1007 1007 1007 1007 1052 1052 1053 1053 1007 1007 1053 1053 1008 1008 1008 1008 1053 1053 1054 1054 1008 1008 1054 1054 1009 1009 1009 1009 1054 1054 1055 1055 1009 1009 1055 1055 1010 1010 1010 1010 1055 1055 1056 1056 1010 1010 1056 1056 1011 1011 1011 1011 1056 1056 1057 1057 1011 1011 1057 1057 1012 1012 1012 1012 1057 1057 1058 1058 1012 1012 1058 1058 1013 1013 1013 1013 1058 1058 1059 1059 1013 1013 1059 1059 47 47 1014 1014 0 0 1060 1060 1014 1014 1060 1060 1015 1015 1015 1015 1060 1060 1061 1061 1015 1015 1061 1061 1016 1016 1016 1016 1061 1061 1062 1062 1016 1016 1062 1062 1017 1017 1017 1017 1062 1062 1063 1063 1017 1017 1063 1063 1018 1018 1018 1018 1063 1063 1064 1064 1018 1018 1064 1064 1019 1019 1019 1019 1064 1064 1065 1065 1019 1019 1065 1065 1020 1020 1020 1020 1065 1065 1066 1066 1020 1020 1066 1066 1021 1021 1021 1021 1066 1066 1067 1067 1021 1021 1067 1067 1022 1022 1022 1022 1067 1067 1068 1068 1022 1022 1068 1068 1023 1023 1023 1023 1068 1068 1069 1069 1023 1023 1069 1069 1024 1024 1024 1024 1069 1069 1070 1070 1024 1024 1070 1070 1025 1025 1025 1025 1070 1070 1071 1071 1025 1025 1071 1071 1026 1026 1026 1026 1071 1071 1072 1072 1026 1026 1072 1072 1027 1027 1027 1027 1072 1072 1073 1073 1027 1027 1073 1073 1028 1028 1028 1028 1073 1073 1074 1074 1028 1028 1074 1074 1029 1029 1029 1029 1074 1074 1075 1075 1029 1029 1075 1075 1030 1030 1030 1030 1075 1075 1076 1076 1030 1030 1076 1076 1031 1031 1031 1031 1076 1076 1077 1077 1031 1031 1077 1077 1032 1032 1032 1032 1077 1077 1078 1078 1032 1032 1078 1078 1033 1033 1033 1033 1078 1078 1079 1079 1033 1033 1079 1079 1034 1034 1034 1034 1079 1079 1080 1080 1034 1034 1080 1080 1035 1035 1035 1035 1080 1080 1081 1081 1035 1035 1081 1081 1036 1036 1036 1036 1081 1081 1082 1082 1036 1036 1082 1082 1037 1037 1037 1037 1082 1082 1083 1083 1037 1037 1083 1083 1038 1038 1038 1038 1083 1083 1084 1084 1038 1038 1084 1084 1039 1039 1039 1039 1084 1084 1085 1085 1039 1039 1085 1085 1040 1040 1040 1040 1085 1085 1086 1086 1040 1040 1086 1086 1041 1041 1041 1041 1086 1086 1087 1087 1041 1041 1087 1087 1042 1042 1042 1042 1087 1087 1088 1088 1042 1042 1088 1088 1043 1043 1043 1043 1088 1088 1089 1089 1043 1043 1089 1089 1044 1044 1044 1044 1089 1089 1090 1090 1044 1044 1090 1090 1045 1045 1045 1045 1090 1090 1091 1091 1045 1045 1091 1091 1046 1046 1046 1046 1091 1091 1092 1092 1046 1046 1092 1092 1047 1047 1047 1047 1092 1092 1093 1093 1047 1047 1093 1093 1048 1048 1048 1048 1093 1093 1094 1094 1048 1048 1094 1094 1049 1049 1049 1049 1094 1094 1095 1095 1049 1049 1095 1095 1050 1050 1050 1050 1095 1095 1096 1096 1050 1050 1096 1096 1051 1051 1051 1051 1096 1096 1097 1097 1051 1051 1097 1097 1052 1052 1052 1052 1097 1097 1098 1098 1052 1052 1098 1098 1053 1053 1053 1053 1098 1098 1099 1099 1053 1053 1099 1099 1054 1054 1054 1054 1099 1099 1100 1100 1054 1054 1100 1100 1055 1055 1055 1055 1100 1100 1101 1101 1055 1055 1101 1101 1056 1056 1056 1056 1101 1101 1102 1102 1056 1056 1102 1102 1057 1057 1057 1057 1102 1102 1103 1103 1057 1057 1103 1103 1058 1058 1058 1058 1103 1103 1104 1104 1058 1058 1104 1104 1059 1059 1059 1059 1104 1104 1105 1105 1059 1059 1105 1105 47 47 1060 1060 0 0 1106 1106 1060 1060 1106 1106 1061 1061 1061 1061 1106 1106 1107 1107 1061 1061 1107 1107 1062 1062 1062 1062 1107 1107 1108 1108 1062 1062 1108 1108 1063 1063 1063 1063 1108 1108 1109 1109 1063 1063 1109 1109 1064 1064 1064 1064 1109 1109 1110 1110 1064 1064 1110 1110 1065 1065 1065 1065 1110 1110 1111 1111 1065 1065 1111 1111 1066 1066 1066 1066 1111 1111 1112 1112 1066 1066 1112 1112 1067 1067 1067 1067 1112 1112 1113 1113 1067 1067 1113 1113 1068 1068 1068 1068 1113 1113 1114 1114 1068 1068 1114 1114 1069 1069 1069 1069 1114 1114 1115 1115 1069 1069 1115 1115 1070 1070 1070 1070 1115 1115 1116 1116 1070 1070 1116 1116 1071 1071 1071 1071 1116 1116 1117 1117 1071 1071 1117 1117 1072 1072 1072 1072 1117 1117 1118 1118 1072 1072 1118 1118 1073 1073 1073 1073 1118 1118 1119 1119 1073 1073 1119 1119 1074 1074 1074 1074 1119 1119 1120 1120 1074 1074 1120 1120 1075 1075 1075 1075 1120 1120 1121 1121 1075 1075 1121 1121 1076 1076 1076 1076 1121 1121 1122 1122 1076 1076 1122 1122 1077 1077 1077 1077 1122 1122 1123 1123 1077 1077 1123 1123 1078 1078 1078 1078 1123 1123 1124 1124 1078 1078 1124 1124 1079 1079 1079 1079 1124 1124 1125 1125 1079 1079 1125 1125 1080 1080 1080 1080 1125 1125 1126 1126 1080 1080 1126 1126 1081 1081 1081 1081 1126 1126 1127 1127 1081 1081 1127 1127 1082 1082 1082 1082 1127 1127 1128 1128 1082 1082 1128 1128 1083 1083 1083 1083 1128 1128 1129 1129 1083 1083 1129 1129 1084 1084 1084 1084 1129 1129 1130 1130 1084 1084 1130 1130 1085 1085 1085 1085 1130 1130 1131 1131 1085 1085 1131 1131 1086 1086 1086 1086 1131 1131 1132 1132 1086 1086 1132 1132 1087 1087 1087 1087 1132 1132 1133 1133 1087 1087 1133 1133 1088 1088 1088 1088 1133 1133 1134 1134 1088 1088 1134 1134 1089 1089 1089 1089 1134 1134 1135 1135 1089 1089 1135 1135 1090 1090 1090 1090 1135 1135 1136 1136 1090 1090 1136 1136 1091 1091 1091 1091 1136 1136 1137 1137 1091 1091 1137 1137 1092 1092 1092 1092 1137 1137 1138 1138 1092 1092 1138 1138 1093 1093 1093 1093 1138 1138 1139 1139 1093 1093 1139 1139 1094 1094 1094 1094 1139 1139 1140 1140 1094 1094 1140 1140 1095 1095 1095 1095 1140 1140 1141 1141 1095 1095 1141 1141 1096 1096 1096 1096 1141 1141 1142 1142 1096 1096 1142 1142 1097 1097 1097 1097 1142 1142 1143 1143 1097 1097 1143 1143 1098 1098 1098 1098 1143 1143 1144 1144 1098 1098 1144 1144 1099 1099 1099 1099 1144 1144 1145 1145 1099 1099 1145 1145 1100 1100 1100 1100 1145 1145 1146 1146 1100 1100 1146 1146 1101 1101 1101 1101 1146 1146 1147 1147 1101 1101 1147 1147 1102 1102 1102 1102 1147 1147 1148 1148 1102 1102 1148 1148 1103 1103 1103 1103 1148 1148 1149 1149 1103 1103 1149 1149 1104 1104 1104 1104 1149 1149 1150 1150 1104 1104 1150 1150 1105 1105 1105 1105 1150 1150 1151 1151 1105 1105 1151 1151 47 47 1106 1106 0 0 1152 1152 1106 1106 1152 1152 1107 1107 1107 1107 1152 1152 1153 1153 1107 1107 1153 1153 1108 1108 1108 1108 1153 1153 1154 1154 1108 1108 1154 1154 1109 1109 1109 1109 1154 1154 1155 1155 1109 1109 1155 1155 1110 1110 1110 1110 1155 1155 1156 1156 1110 1110 1156 1156 1111 1111 1111 1111 1156 1156 1157 1157 1111 1111 1157 1157 1112 1112 1112 1112 1157 1157 1158 1158 1112 1112 1158 1158 1113 1113 1113 1113 1158 1158 1159 1159 1113 1113 1159 1159 1114 1114 1114 1114 1159 1159 1160 1160 1114 1114 1160 1160 1115 1115 1115 1115 1160 1160 1161 1161 1115 1115 1161 1161 1116 1116 1116 1116 1161 1161 1162 1162 1116 1116 1162 1162 1117 1117 1117 1117 1162 1162 1163 1163 1117 1117 1163 1163 1118 1118 1118 1118 1163 1163 1164 1164 1118 1118 1164 1164 1119 1119 1119 1119 1164 1164 1165 1165 1119 1119 1165 1165 1120 1120 1120 1120 1165 1165 1166 1166 1120 1120 1166 1166 1121 1121 1121 1121 1166 1166 1167 1167 1121 1121 1167 1167 1122 1122 1122 1122 1167 1167 1168 1168 1122 1122 1168 1168 1123 1123 1123 1123 1168 1168 1169 1169 1123 1123 1169 1169 1124 1124 1124 1124 1169 1169 1170 1170 1124 1124 1170 1170 1125 1125 1125 1125 1170 1170 1171 1171 1125 1125 1171 1171 1126 1126 1126 1126 1171 1171 1172 1172 1126 1126 1172 1172 1127 1127 1127 1127 1172 1172 1173 1173 1127 1127 1173 1173 1128 1128 1128 1128 1173 1173 1174 1174 1128 1128 1174 1174 1129 1129 1129 1129 1174 1174 1175 1175 1129 1129 1175 1175 1130 1130 1130 1130 1175 1175 1176 1176 1130 1130 1176 1176 1131 1131 1131 1131 1176 1176 1177 1177 1131 1131 1177 1177 1132 1132 1132 1132 1177 1177 1178 1178 1132 1132 1178 1178 1133 1133 1133 1133 1178 1178 1179 1179 1133 1133 1179 1179 1134 1134 1134 1134 1179 1179 1180 1180 1134 1134 1180 1180 1135 1135 1135 1135 1180 1180 1181 1181 1135 1135 1181 1181 1136 1136 1136 1136 1181 1181 1182 1182 1136 1136 1182 1182 1137 1137 1137 1137 1182 1182 1183 1183 1137 1137 1183 1183 1138 1138 1138 1138 1183 1183 1184 1184 1138 1138 1184 1184 1139 1139 1139 1139 1184 1184 1185 1185 1139 1139 1185 1185 1140 1140 1140 1140 1185 1185 1186 1186 1140 1140 1186 1186 1141 1141 1141 1141 1186 1186 1187 1187 1141 1141 1187 1187 1142 1142 1142 1142 1187 1187 1188 1188 1142 1142 1188 1188 1143 1143 1143 1143 1188 1188 1189 1189 1143 1143 1189 1189 1144 1144 1144 1144 1189 1189 1190 1190 1144 1144 1190 1190 1145 1145 1145 1145 1190 1190 1191 1191 1145 1145 1191 1191 1146 1146 1146 1146 1191 1191 1192 1192 1146 1146 1192 1192 1147 1147 1147 1147 1192 1192 1193 1193 1147 1147 1193 1193 1148 1148 1148 1148 1193 1193 1194 1194 1148 1148 1194 1194 1149 1149 1149 1149 1194 1194 1195 1195 1149 1149 1195 1195 1150 1150 1150 1150 1195 1195 1196 1196 1150 1150 1196 1196 1151 1151 1151 1151 1196 1196 1197 1197 1151 1151 1197 1197 47 47 1152 1152 0 0 1198 1198 1152 1152 1198 1198 1153 1153 1153 1153 1198 1198 1199 1199 1153 1153 1199 1199 1154 1154 1154 1154 1199 1199 1200 1200 1154 1154 1200 1200 1155 1155 1155 1155 1200 1200 1201 1201 1155 1155 1201 1201 1156 1156 1156 1156 1201 1201 1202 1202 1156 1156 1202 1202 1157 1157 1157 1157 1202 1202 1203 1203 1157 1157 1203 1203 1158 1158 1158 1158 1203 1203 1204 1204 1158 1158 1204 1204 1159 1159 1159 1159 1204 1204 1205 1205 1159 1159 1205 1205 1160 1160 1160 1160 1205 1205 1206 1206 1160 1160 1206 1206 1161 1161 1161 1161 1206 1206 1207 1207 1161 1161 1207 1207 1162 1162 1162 1162 1207 1207 1208 1208 1162 1162 1208 1208 1163 1163 1163 1163 1208 1208 1209 1209 1163 1163 1209 1209 1164 1164 1164 1164 1209 1209 1210 1210 1164 1164 1210 1210 1165 1165 1165 1165 1210 1210 1211 1211 1165 1165 1211 1211 1166 1166 1166 1166 1211 1211 1212 1212 1166 1166 1212 1212 1167 1167 1167 1167 1212 1212 1213 1213 1167 1167 1213 1213 1168 1168 1168 1168 1213 1213 1214 1214 1168 1168 1214 1214 1169 1169 1169 1169 1214 1214 1215 1215 1169 1169 1215 1215 1170 1170 1170 1170 1215 1215 1216 1216 1170 1170 1216 1216 1171 1171 1171 1171 1216 1216 1217 1217 1171 1171 1217 1217 1172 1172 1172 1172 1217 1217 1218 1218 1172 1172 1218 1218 1173 1173 1173 1173 1218 1218 1219 1219 1173 1173 1219 1219 1174 1174 1174 1174 1219 1219 1220 1220 1174 1174 1220 1220 1175 1175 1175 1175 1220 1220 1221 1221 1175 1175 1221 1221 1176 1176 1176 1176 1221 1221 1222 1222 1176 1176 1222 1222 1177 1177 1177 1177 1222 1222 1223 1223 1177 1177 1223 1223 1178 1178 1178 1178 1223 1223 1224 1224 1178 1178 1224 1224 1179 1179 1179 1179 1224 1224 1225 1225 1179 1179 1225 1225 1180 1180 1180 1180 1225 1225 1226 1226 1180 1180 1226 1226 1181 1181 1181 1181 1226 1226 1227 1227 1181 1181 1227 1227 1182 1182 1182 1182 1227 1227 1228 1228 1182 1182 1228 1228 1183 1183 1183 1183 1228 1228 1229 1229 1183 1183 1229 1229 1184 1184 1184 1184 1229 1229 1230 1230 1184 1184 1230 1230 1185 1185 1185 1185 1230 1230 1231 1231 1185 1185 1231 1231 1186 1186 1186 1186 1231 1231 1232 1232 1186 1186 1232 1232 1187 1187 1187 1187 1232 1232 1233 1233 1187 1187 1233 1233 1188 1188 1188 1188 1233 1233 1234 1234 1188 1188 1234 1234 1189 1189 1189 1189 1234 1234 1235 1235 1189 1189 1235 1235 1190 1190 1190 1190 1235 1235 1236 1236 1190 1190 1236 1236 1191 1191 1191 1191 1236 1236 1237 1237 1191 1191 1237 1237 1192 1192 1192 1192 1237 1237 1238 1238 1192 1192 1238 1238 1193 1193 1193 1193 1238 1238 1239 1239 1193 1193 1239 1239 1194 1194 1194 1194 1239 1239 1240 1240 1194 1194 1240 1240 1195 1195 1195 1195 1240 1240 1241 1241 1195 1195 1241 1241 1196 1196 1196 1196 1241 1241 1242 1242 1196 1196 1242 1242 1197 1197 1197 1197 1242 1242 1243 1243 1197 1197 1243 1243 47 47 1198 1198 0 0 1244 1244 1198 1198 1244 1244 1199 1199 1199 1199 1244 1244 1245 1245 1199 1199 1245 1245 1200 1200 1200 1200 1245 1245 1246 1246 1200 1200 1246 1246 1201 1201 1201 1201 1246 1246 1247 1247 1201 1201 1247 1247 1202 1202 1202 1202 1247 1247 1248 1248 1202 1202 1248 1248 1203 1203 1203 1203 1248 1248 1249 1249 1203 1203 1249 1249 1204 1204 1204 1204 1249 1249 1250 1250 1204 1204 1250 1250 1205 1205 1205 1205 1250 1250 1251 1251 1205 1205 1251 1251 1206 1206 1206 1206 1251 1251 1252 1252 1206 1206 1252 1252 1207 1207 1207 1207 1252 1252 1253 1253 1207 1207 1253 1253 1208 1208 1208 1208 1253 1253 1254 1254 1208 1208 1254 1254 1209 1209 1209 1209 1254 1254 1255 1255 1209 1209 1255 1255 1210 1210 1210 1210 1255 1255 1256 1256 1210 1210 1256 1256 1211 1211 1211 1211 1256 1256 1257 1257 1211 1211 1257 1257 1212 1212 1212 1212 1257 1257 1258 1258 1212 1212 1258 1258 1213 1213 1213 1213 1258 1258 1259 1259 1213 1213 1259 1259 1214 1214 1214 1214 1259 1259 1260 1260 1214 1214 1260 1260 1215 1215 1215 1215 1260 1260 1261 1261 1215 1215 1261 1261 1216 1216 1216 1216 1261 1261 1262 1262 1216 1216 1262 1262 1217 1217 1217 1217 1262 1262 1263 1263 1217 1217 1263 1263 1218 1218 1218 1218 1263 1263 1264 1264 1218 1218 1264 1264 1219 1219 1219 1219 1264 1264 1265 1265 1219 1219 1265 1265 1220 1220 1220 1220 1265 1265 1266 1266 1220 1220 1266 1266 1221 1221 1221 1221 1266 1266 1267 1267 1221 1221 1267 1267 1222 1222 1222 1222 1267 1267 1268 1268 1222 1222 1268 1268 1223 1223 1223 1223 1268 1268 1269 1269 1223 1223 1269 1269 1224 1224 1224 1224 1269 1269 1270 1270 1224 1224 1270 1270 1225 1225 1225 1225 1270 1270 1271 1271 1225 1225 1271 1271 1226 1226 1226 1226 1271 1271 1272 1272 1226 1226 1272 1272 1227 1227 1227 1227 1272 1272 1273 1273 1227 1227 1273 1273 1228 1228 1228 1228 1273 1273 1274 1274 1228 1228 1274 1274 1229 1229 1229 1229 1274 1274 1275 1275 1229 1229 1275 1275 1230 1230 1230 1230 1275 1275 1276 1276 1230 1230 1276 1276 1231 1231 1231 1231 1276 1276 1277 1277 1231 1231 1277 1277 1232 1232 1232 1232 1277 1277 1278 1278 1232 1232 1278 1278 1233 1233 1233 1233 1278 1278 1279 1279 1233 1233 1279 1279 1234 1234 1234 1234 1279 1279 1280 1280 1234 1234 1280 1280 1235 1235 1235 1235 1280 1280 1281 1281 1235 1235 1281 1281 1236 1236 1236 1236 1281 1281 1282 1282 1236 1236 1282 1282 1237 1237 1237 1237 1282 1282 1283 1283 1237 1237 1283 1283 1238 1238 1238 1238 1283 1283 1284 1284 1238 1238 1284 1284 1239 1239 1239 1239 1284 1284 1285 1285 1239 1239 1285 1285 1240 1240 1240 1240 1285 1285 1286 1286 1240 1240 1286 1286 1241 1241 1241 1241 1286 1286 1287 1287 1241 1241 1287 1287 1242 1242 1242 1242 1287 1287 1288 1288 1242 1242 1288 1288 1243 1243 1243 1243 1288 1288 1289 1289 1243 1243 1289 1289 47 47 1244 1244 0 0 1290 1290 1244 1244 1290 1290 1245 1245 1245 1245 1290 1290 1291 1291 1245 1245 1291 1291 1246 1246 1246 1246 1291 1291 1292 1292 1246 1246 1292 1292 1247 1247 1247 1247 1292 1292 1293 1293 1247 1247 1293 1293 1248 1248 1248 1248 1293 1293 1294 1294 1248 1248 1294 1294 1249 1249 1249 1249 1294 1294 1295 1295 1249 1249 1295 1295 1250 1250 1250 1250 1295 1295 1296 1296 1250 1250 1296 1296 1251 1251 1251 1251 1296 1296 1297 1297 1251 1251 1297 1297 1252 1252 1252 1252 1297 1297 1298 1298 1252 1252 1298 1298 1253 1253 1253 1253 1298 1298 1299 1299 1253 1253 1299 1299 1254 1254 1254 1254 1299 1299 1300 1300 1254 1254 1300 1300 1255 1255 1255 1255 1300 1300 1301 1301 1255 1255 1301 1301 1256 1256 1256 1256 1301 1301 1302 1302 1256 1256 1302 1302 1257 1257 1257 1257 1302 1302 1303 1303 1257 1257 1303 1303 1258 1258 1258 1258 1303 1303 1304 1304 1258 1258 1304 1304 1259 1259 1259 1259 1304 1304 1305 1305 1259 1259 1305 1305 1260 1260 1260 1260 1305 1305 1306 1306 1260 1260 1306 1306 1261 1261 1261 1261 1306 1306 1307 1307 1261 1261 1307 1307 1262 1262 1262 1262 1307 1307 1308 1308 1262 1262 1308 1308 1263 1263 1263 1263 1308 1308 1309 1309 1263 1263 1309 1309 1264 1264 1264 1264 1309 1309 1310 1310 1264 1264 1310 1310 1265 1265 1265 1265 1310 1310 1311 1311 1265 1265 1311 1311 1266 1266 1266 1266 1311 1311 1312 1312 1266 1266 1312 1312 1267 1267 1267 1267 1312 1312 1313 1313 1267 1267 1313 1313 1268 1268 1268 1268 1313 1313 1314 1314 1268 1268 1314 1314 1269 1269 1269 1269 1314 1314 1315 1315 1269 1269 1315 1315 1270 1270 1270 1270 1315 1315 1316 1316 1270 1270 1316 1316 1271 1271 1271 1271 1316 1316 1317 1317 1271 1271 1317 1317 1272 1272 1272 1272 1317 1317 1318 1318 1272 1272 1318 1318 1273 1273 1273 1273 1318 1318 1319 1319 1273 1273 1319 1319 1274 1274 1274 1274 1319 1319 1320 1320 1274 1274 1320 1320 1275 1275 1275 1275 1320 1320 1321 1321 1275 1275 1321 1321 1276 1276 1276 1276 1321 1321 1322 1322 1276 1276 1322 1322 1277 1277 1277 1277 1322 1322 1323 1323 1277 1277 1323 1323 1278 1278 1278 1278 1323 1323 1324 1324 1278 1278 1324 1324 1279 1279 1279 1279 1324 1324 1325 1325 1279 1279 1325 1325 1280 1280 1280 1280 1325 1325 1326 1326 1280 1280 1326 1326 1281 1281 1281 1281 1326 1326 1327 1327 1281 1281 1327 1327 1282 1282 1282 1282 1327 1327 1328 1328 1282 1282 1328 1328 1283 1283 1283 1283 1328 1328 1329 1329 1283 1283 1329 1329 1284 1284 1284 1284 1329 1329 1330 1330 1284 1284 1330 1330 1285 1285 1285 1285 1330 1330 1331 1331 1285 1285 1331 1331 1286 1286 1286 1286 1331 1331 1332 1332 1286 1286 1332 1332 1287 1287 1287 1287 1332 1332 1333 1333 1287 1287 1333 1333 1288 1288 1288 1288 1333 1333 1334 1334 1288 1288 1334 1334 1289 1289 1289 1289 1334 1334 1335 1335 1289 1289 1335 1335 47 47 1290 1290 0 0 1336 1336 1290 1290 1336 1336 1291 1291 1291 1291 1336 1336 1337 1337 1291 1291 1337 1337 1292 1292 1292 1292 1337 1337 1338 1338 1292 1292 1338 1338 1293 1293 1293 1293 1338 1338 1339 1339 1293 1293 1339 1339 1294 1294 1294 1294 1339 1339 1340 1340 1294 1294 1340 1340 1295 1295 1295 1295 1340 1340 1341 1341 1295 1295 1341 1341 1296 1296 1296 1296 1341 1341 1342 1342 1296 1296 1342 1342 1297 1297 1297 1297 1342 1342 1343 1343 1297 1297 1343 1343 1298 1298 1298 1298 1343 1343 1344 1344 1298 1298 1344 1344 1299 1299 1299 1299 1344 1344 1345 1345 1299 1299 1345 1345 1300 1300 1300 1300 1345 1345 1346 1346 1300 1300 1346 1346 1301 1301 1301 1301 1346 1346 1347 1347 1301 1301 1347 1347 1302 1302 1302 1302 1347 1347 1348 1348 1302 1302 1348 1348 1303 1303 1303 1303 1348 1348 1349 1349 1303 1303 1349 1349 1304 1304 1304 1304 1349 1349 1350 1350 1304 1304 1350 1350 1305 1305 1305 1305 1350 1350 1351 1351 1305 1305 1351 1351 1306 1306 1306 1306 1351 1351 1352 1352 1306 1306 1352 1352 1307 1307 1307 1307 1352 1352 1353 1353 1307 1307 1353 1353 1308 1308 1308 1308 1353 1353 1354 1354 1308 1308 1354 1354 1309 1309 1309 1309 1354 1354 1355 1355 1309 1309 1355 1355 1310 1310 1310 1310 1355 1355 1356 1356 1310 1310 1356 1356 1311 1311 1311 1311 1356 1356 1357 1357 1311 1311 1357 1357 1312 1312 1312 1312 1357 1357 1358 1358 1312 1312 1358 1358 1313 1313 1313 1313 1358 1358 1359 1359 1313 1313 1359 1359 1314 1314 1314 1314 1359 1359 1360 1360 1314 1314 1360 1360 1315 1315 1315 1315 1360 1360 1361 1361 1315 1315 1361 1361 1316 1316 1316 1316 1361 1361 1362 1362 1316 1316 1362 1362 1317 1317 1317 1317 1362 1362 1363 1363 1317 1317 1363 1363 1318 1318 1318 1318 1363 1363 1364 1364 1318 1318 1364 1364 1319 1319 1319 1319 1364 1364 1365 1365 1319 1319 1365 1365 1320 1320 1320 1320 1365 1365 1366 1366 1320 1320 1366 1366 1321 1321 1321 1321 1366 1366 1367 1367 1321 1321 1367 1367 1322 1322 1322 1322 1367 1367 1368 1368 1322 1322 1368 1368 1323 1323 1323 1323 1368 1368 1369 1369 1323 1323 1369 1369 1324 1324 1324 1324 1369 1369 1370 1370 1324 1324 1370 1370 1325 1325 1325 1325 1370 1370 1371 1371 1325 1325 1371 1371 1326 1326 1326 1326 1371 1371 1372 1372 1326 1326 1372 1372 1327 1327 1327 1327 1372 1372 1373 1373 1327 1327 1373 1373 1328 1328 1328 1328 1373 1373 1374 1374 1328 1328 1374 1374 1329 1329 1329 1329 1374 1374 1375 1375 1329 1329 1375 1375 1330 1330 1330 1330 1375 1375 1376 1376 1330 1330 1376 1376 1331 1331 1331 1331 1376 1376 1377 1377 1331 1331 1377 1377 1332 1332 1332 1332 1377 1377 1378 1378 1332 1332 1378 1378 1333 1333 1333 1333 1378 1378 1379 1379 1333 1333 1379 1379 1334 1334 1334 1334 1379 1379 1380 1380 1334 1334 1380 1380 1335 1335 1335 1335 1380 1380 1381 1381 1335 1335 1381 1381 47 47 1336 1336 0 0 1382 1382 1336 1336 1382 1382 1337 1337 1337 1337 1382 1382 1383 1383 1337 1337 1383 1383 1338 1338 1338 1338 1383 1383 1384 1384 1338 1338 1384 1384 1339 1339 1339 1339 1384 1384 1385 1385 1339 1339 1385 1385 1340 1340 1340 1340 1385 1385 1386 1386 1340 1340 1386 1386 1341 1341 1341 1341 1386 1386 1387 1387 1341 1341 1387 1387 1342 1342 1342 1342 1387 1387 1388 1388 1342 1342 1388 1388 1343 1343 1343 1343 1388 1388 1389 1389 1343 1343 1389 1389 1344 1344 1344 1344 1389 1389 1390 1390 1344 1344 1390 1390 1345 1345 1345 1345 1390 1390 1391 1391 1345 1345 1391 1391 1346 1346 1346 1346 1391 1391 1392 1392 1346 1346 1392 1392 1347 1347 1347 1347 1392 1392 1393 1393 1347 1347 1393 1393 1348 1348 1348 1348 1393 1393 1394 1394 1348 1348 1394 1394 1349 1349 1349 1349 1394 1394 1395 1395 1349 1349 1395 1395 1350 1350 1350 1350 1395 1395 1396 1396 1350 1350 1396 1396 1351 1351 1351 1351 1396 1396 1397 1397 1351 1351 1397 1397 1352 1352 1352 1352 1397 1397 1398 1398 1352 1352 1398 1398 1353 1353 1353 1353 1398 1398 1399 1399 1353 1353 1399 1399 1354 1354 1354 1354 1399 1399 1400 1400 1354 1354 1400 1400 1355 1355 1355 1355 1400 1400 1401 1401 1355 1355 1401 1401 1356 1356 1356 1356 1401 1401 1402 1402 1356 1356 1402 1402 1357 1357 1357 1357 1402 1402 1403 1403 1357 1357 1403 1403 1358 1358 1358 1358 1403 1403 1404 1404 1358 1358 1404 1404 1359 1359 1359 1359 1404 1404 1405 1405 1359 1359 1405 1405 1360 1360 1360 1360 1405 1405 1406 1406 1360 1360 1406 1406 1361 1361 1361 1361 1406 1406 1407 1407 1361 1361 1407 1407 1362 1362 1362 1362 1407 1407 1408 1408 1362 1362 1408 1408 1363 1363 1363 1363 1408 1408 1409 1409 1363 1363 1409 1409 1364 1364 1364 1364 1409 1409 1410 1410 1364 1364 1410 1410 1365 1365 1365 1365 1410 1410 1411 1411 1365 1365 1411 1411 1366 1366 1366 1366 1411 1411 1412 1412 1366 1366 1412 1412 1367 1367 1367 1367 1412 1412 1413 1413 1367 1367 1413 1413 1368 1368 1368 1368 1413 1413 1414 1414 1368 1368 1414 1414 1369 1369 1369 1369 1414 1414 1415 1415 1369 1369 1415 1415 1370 1370 1370 1370 1415 1415 1416 1416 1370 1370 1416 1416 1371 1371 1371 1371 1416 1416 1417 1417 1371 1371 1417 1417 1372 1372 1372 1372 1417 1417 1418 1418 1372 1372 1418 1418 1373 1373 1373 1373 1418 1418 1419 1419 1373 1373 1419 1419 1374 1374 1374 1374 1419 1419 1420 1420 1374 1374 1420 1420 1375 1375 1375 1375 1420 1420 1421 1421 1375 1375 1421 1421 1376 1376 1376 1376 1421 1421 1422 1422 1376 1376 1422 1422 1377 1377 1377 1377 1422 1422 1423 1423 1377 1377 1423 1423 1378 1378 1378 1378 1423 1423 1424 1424 1378 1378 1424 1424 1379 1379 1379 1379 1424 1424 1425 1425 1379 1379 1425 1425 1380 1380 1380 1380 1425 1425 1426 1426 1380 1380 1426 1426 1381 1381 1381 1381 1426 1426 1427 1427 1381 1381 1427 1427 47 47 1382 1382 0 0 1428 1428 1382 1382 1428 1428 1383 1383 1383 1383 1428 1428 1429 1429 1383 1383 1429 1429 1384 1384 1384 1384 1429 1429 1430 1430 1384 1384 1430 1430 1385 1385 1385 1385 1430 1430 1431 1431 1385 1385 1431 1431 1386 1386 1386 1386 1431 1431 1432 1432 1386 1386 1432 1432 1387 1387 1387 1387 1432 1432 1433 1433 1387 1387 1433 1433 1388 1388 1388 1388 1433 1433 1434 1434 1388 1388 1434 1434 1389 1389 1389 1389 1434 1434 1435 1435 1389 1389 1435 1435 1390 1390 1390 1390 1435 1435 1436 1436 1390 1390 1436 1436 1391 1391 1391 1391 1436 1436 1437 1437 1391 1391 1437 1437 1392 1392 1392 1392 1437 1437 1438 1438 1392 1392 1438 1438 1393 1393 1393 1393 1438 1438 1439 1439 1393 1393 1439 1439 1394 1394 1394 1394 1439 1439 1440 1440 1394 1394 1440 1440 1395 1395 1395 1395 1440 1440 1441 1441 1395 1395 1441 1441 1396 1396 1396 1396 1441 1441 1442 1442 1396 1396 1442 1442 1397 1397 1397 1397 1442 1442 1443 1443 1397 1397 1443 1443 1398 1398 1398 1398 1443 1443 1444 1444 1398 1398 1444 1444 1399 1399 1399 1399 1444 1444 1445 1445 1399 1399 1445 1445 1400 1400 1400 1400 1445 1445 1446 1446 1400 1400 1446 1446 1401 1401 1401 1401 1446 1446 1447 1447 1401 1401 1447 1447 1402 1402 1402 1402 1447 1447 1448 1448 1402 1402 1448 1448 1403 1403 1403 1403 1448 1448 1449 1449 1403 1403 1449 1449 1404 1404 1404 1404 1449 1449 1450 1450 1404 1404 1450 1450 1405 1405 1405 1405 1450 1450 1451 1451 1405 1405 1451 1451 1406 1406 1406 1406 1451 1451 1452 1452 1406 1406 1452 1452 1407 1407 1407 1407 1452 1452 1453 1453 1407 1407 1453 1453 1408 1408 1408 1408 1453 1453 1454 1454 1408 1408 1454 1454 1409 1409 1409 1409 1454 1454 1455 1455 1409 1409 1455 1455 1410 1410 1410 1410 1455 1455 1456 1456 1410 1410 1456 1456 1411 1411 1411 1411 1456 1456 1457 1457 1411 1411 1457 1457 1412 1412 1412 1412 1457 1457 1458 1458 1412 1412 1458 1458 1413 1413 1413 1413 1458 1458 1459 1459 1413 1413 1459 1459 1414 1414 1414 1414 1459 1459 1460 1460 1414 1414 1460 1460 1415 1415 1415 1415 1460 1460 1461 1461 1415 1415 1461 1461 1416 1416 1416 1416 1461 1461 1462 1462 1416 1416 1462 1462 1417 1417 1417 1417 1462 1462 1463 1463 1417 1417 1463 1463 1418 1418 1418 1418 1463 1463 1464 1464 1418 1418 1464 1464 1419 1419 1419 1419 1464 1464 1465 1465 1419 1419 1465 1465 1420 1420 1420 1420 1465 1465 1466 1466 1420 1420 1466 1466 1421 1421 1421 1421 1466 1466 1467 1467 1421 1421 1467 1467 1422 1422 1422 1422 1467 1467 1468 1468 1422 1422 1468 1468 1423 1423 1423 1423 1468 1468 1469 1469 1423 1423 1469 1469 1424 1424 1424 1424 1469 1469 1470 1470 1424 1424 1470 1470 1425 1425 1425 1425 1470 1470 1471 1471 1425 1425 1471 1471 1426 1426 1426 1426 1471 1471 1472 1472 1426 1426 1472 1472 1427 1427 1427 1427 1472 1472 1473 1473 1427 1427 1473 1473 47 47 1428 1428 0 0 1474 1474 1428 1428 1474 1474 1429 1429 1429 1429 1474 1474 1475 1475 1429 1429 1475 1475 1430 1430 1430 1430 1475 1475 1476 1476 1430 1430 1476 1476 1431 1431 1431 1431 1476 1476 1477 1477 1431 1431 1477 1477 1432 1432 1432 1432 1477 1477 1478 1478 1432 1432 1478 1478 1433 1433 1433 1433 1478 1478 1479 1479 1433 1433 1479 1479 1434 1434 1434 1434 1479 1479 1480 1480 1434 1434 1480 1480 1435 1435 1435 1435 1480 1480 1481 1481 1435 1435 1481 1481 1436 1436 1436 1436 1481 1481 1482 1482 1436 1436 1482 1482 1437 1437 1437 1437 1482 1482 1483 1483 1437 1437 1483 1483 1438 1438 1438 1438 1483 1483 1484 1484 1438 1438 1484 1484 1439 1439 1439 1439 1484 1484 1485 1485 1439 1439 1485 1485 1440 1440 1440 1440 1485 1485 1486 1486 1440 1440 1486 1486 1441 1441 1441 1441 1486 1486 1487 1487 1441 1441 1487 1487 1442 1442 1442 1442 1487 1487 1488 1488 1442 1442 1488 1488 1443 1443 1443 1443 1488 1488 1489 1489 1443 1443 1489 1489 1444 1444 1444 1444 1489 1489 1490 1490 1444 1444 1490 1490 1445 1445 1445 1445 1490 1490 1491 1491 1445 1445 1491 1491 1446 1446 1446 1446 1491 1491 1492 1492 1446 1446 1492 1492 1447 1447 1447 1447 1492 1492 1493 1493 1447 1447 1493 1493 1448 1448 1448 1448 1493 1493 1494 1494 1448 1448 1494 1494 1449 1449 1449 1449 1494 1494 1495 1495 1449 1449 1495 1495 1450 1450 1450 1450 1495 1495 1496 1496 1450 1450 1496 1496 1451 1451 1451 1451 1496 1496 1497 1497 1451 1451 1497 1497 1452 1452 1452 1452 1497 1497 1498 1498 1452 1452 1498 1498 1453 1453 1453 1453 1498 1498 1499 1499 1453 1453 1499 1499 1454 1454 1454 1454 1499 1499 1500 1500 1454 1454 1500 1500 1455 1455 1455 1455 1500 1500 1501 1501 1455 1455 1501 1501 1456 1456 1456 1456 1501 1501 1502 1502 1456 1456 1502 1502 1457 1457 1457 1457 1502 1502 1503 1503 1457 1457 1503 1503 1458 1458 1458 1458 1503 1503 1504 1504 1458 1458 1504 1504 1459 1459 1459 1459 1504 1504 1505 1505 1459 1459 1505 1505 1460 1460 1460 1460 1505 1505 1506 1506 1460 1460 1506 1506 1461 1461 1461 1461 1506 1506 1507 1507 1461 1461 1507 1507 1462 1462 1462 1462 1507 1507 1508 1508 1462 1462 1508 1508 1463 1463 1463 1463 1508 1508 1509 1509 1463 1463 1509 1509 1464 1464 1464 1464 1509 1509 1510 1510 1464 1464 1510 1510 1465 1465 1465 1465 1510 1510 1511 1511 1465 1465 1511 1511 1466 1466 1466 1466 1511 1511 1512 1512 1466 1466 1512 1512 1467 1467 1467 1467 1512 1512 1513 1513 1467 1467 1513 1513 1468 1468 1468 1468 1513 1513 1514 1514 1468 1468 1514 1514 1469 1469 1469 1469 1514 1514 1515 1515 1469 1469 1515 1515 1470 1470 1470 1470 1515 1515 1516 1516 1470 1470 1516 1516 1471 1471 1471 1471 1516 1516 1517 1517 1471 1471 1517 1517 1472 1472 1472 1472 1517 1517 1518 1518 1472 1472 1518 1518 1473 1473 1473 1473 1518 1518 1519 1519 1473 1473 1519 1519 47 47 1474 1474 0 0 1520 1520 1474 1474 1520 1520 1475 1475 1475 1475 1520 1520 1521 1521 1475 1475 1521 1521 1476 1476 1476 1476 1521 1521 1522 1522 1476 1476 1522 1522 1477 1477 1477 1477 1522 1522 1523 1523 1477 1477 1523 1523 1478 1478 1478 1478 1523 1523 1524 1524 1478 1478 1524 1524 1479 1479 1479 1479 1524 1524 1525 1525 1479 1479 1525 1525 1480 1480 1480 1480 1525 1525 1526 1526 1480 1480 1526 1526 1481 1481 1481 1481 1526 1526 1527 1527 1481 1481 1527 1527 1482 1482 1482 1482 1527 1527 1528 1528 1482 1482 1528 1528 1483 1483 1483 1483 1528 1528 1529 1529 1483 1483 1529 1529 1484 1484 1484 1484 1529 1529 1530 1530 1484 1484 1530 1530 1485 1485 1485 1485 1530 1530 1531 1531 1485 1485 1531 1531 1486 1486 1486 1486 1531 1531 1532 1532 1486 1486 1532 1532 1487 1487 1487 1487 1532 1532 1533 1533 1487 1487 1533 1533 1488 1488 1488 1488 1533 1533 1534 1534 1488 1488 1534 1534 1489 1489 1489 1489 1534 1534 1535 1535 1489 1489 1535 1535 1490 1490 1490 1490 1535 1535 1536 1536 1490 1490 1536 1536 1491 1491 1491 1491 1536 1536 1537 1537 1491 1491 1537 1537 1492 1492 1492 1492 1537 1537 1538 1538 1492 1492 1538 1538 1493 1493 1493 1493 1538 1538 1539 1539 1493 1493 1539 1539 1494 1494 1494 1494 1539 1539 1540 1540 1494 1494 1540 1540 1495 1495 1495 1495 1540 1540 1541 1541 1495 1495 1541 1541 1496 1496 1496 1496 1541 1541 1542 1542 1496 1496 1542 1542 1497 1497 1497 1497 1542 1542 1543 1543 1497 1497 1543 1543 1498 1498 1498 1498 1543 1543 1544 1544 1498 1498 1544 1544 1499 1499 1499 1499 1544 1544 1545 1545 1499 1499 1545 1545 1500 1500 1500 1500 1545 1545 1546 1546 1500 1500 1546 1546 1501 1501 1501 1501 1546 1546 1547 1547 1501 1501 1547 1547 1502 1502 1502 1502 1547 1547 1548 1548 1502 1502 1548 1548 1503 1503 1503 1503 1548 1548 1549 1549 1503 1503 1549 1549 1504 1504 1504 1504 1549 1549 1550 1550 1504 1504 1550 1550 1505 1505 1505 1505 1550 1550 1551 1551 1505 1505 1551 1551 1506 1506 1506 1506 1551 1551 1552 1552 1506 1506 1552 1552 1507 1507 1507 1507 1552 1552 1553 1553 1507 1507 1553 1553 1508 1508 1508 1508 1553 1553 1554 1554 1508 1508 1554 1554 1509 1509 1509 1509 1554 1554 1555 1555 1509 1509 1555 1555 1510 1510 1510 1510 1555 1555 1556 1556 1510 1510 1556 1556 1511 1511 1511 1511 1556 1556 1557 1557 1511 1511 1557 1557 1512 1512 1512 1512 1557 1557 1558 1558 1512 1512 1558 1558 1513 1513 1513 1513 1558 1558 1559 1559 1513 1513 1559 1559 1514 1514 1514 1514 1559 1559 1560 1560 1514 1514 1560 1560 1515 1515 1515 1515 1560 1560 1561 1561 1515 1515 1561 1561 1516 1516 1516 1516 1561 1561 1562 1562 1516 1516 1562 1562 1517 1517 1517 1517 1562 1562 1563 1563 1517 1517 1563 1563 1518 1518 1518 1518 1563 1563 1564 1564 1518 1518 1564 1564 1519 1519 1519 1519 1564 1564 1565 1565 1519 1519 1565 1565 47 47 1520 1520 0 0 1566 1566 1520 1520 1566 1566 1521 1521 1521 1521 1566 1566 1567 1567 1521 1521 1567 1567 1522 1522 1522 1522 1567 1567 1568 1568 1522 1522 1568 1568 1523 1523 1523 1523 1568 1568 1569 1569 1523 1523 1569 1569 1524 1524 1524 1524 1569 1569 1570 1570 1524 1524 1570 1570 1525 1525 1525 1525 1570 1570 1571 1571 1525 1525 1571 1571 1526 1526 1526 1526 1571 1571 1572 1572 1526 1526 1572 1572 1527 1527 1527 1527 1572 1572 1573 1573 1527 1527 1573 1573 1528 1528 1528 1528 1573 1573 1574 1574 1528 1528 1574 1574 1529 1529 1529 1529 1574 1574 1575 1575 1529 1529 1575 1575 1530 1530 1530 1530 1575 1575 1576 1576 1530 1530 1576 1576 1531 1531 1531 1531 1576 1576 1577 1577 1531 1531 1577 1577 1532 1532 1532 1532 1577 1577 1578 1578 1532 1532 1578 1578 1533 1533 1533 1533 1578 1578 1579 1579 1533 1533 1579 1579 1534 1534 1534 1534 1579 1579 1580 1580 1534 1534 1580 1580 1535 1535 1535 1535 1580 1580 1581 1581 1535 1535 1581 1581 1536 1536 1536 1536 1581 1581 1582 1582 1536 1536 1582 1582 1537 1537 1537 1537 1582 1582 1583 1583 1537 1537 1583 1583 1538 1538 1538 1538 1583 1583 1584 1584 1538 1538 1584 1584 1539 1539 1539 1539 1584 1584 1585 1585 1539 1539 1585 1585 1540 1540 1540 1540 1585 1585 1586 1586 1540 1540 1586 1586 1541 1541 1541 1541 1586 1586 1587 1587 1541 1541 1587 1587 1542 1542 1542 1542 1587 1587 1588 1588 1542 1542 1588 1588 1543 1543 1543 1543 1588 1588 1589 1589 1543 1543 1589 1589 1544 1544 1544 1544 1589 1589 1590 1590 1544 1544 1590 1590 1545 1545 1545 1545 1590 1590 1591 1591 1545 1545 1591 1591 1546 1546 1546 1546 1591 1591 1592 1592 1546 1546 1592 1592 1547 1547 1547 1547 1592 1592 1593 1593 1547 1547 1593 1593 1548 1548 1548 1548 1593 1593 1594 1594 1548 1548 1594 1594 1549 1549 1549 1549 1594 1594 1595 1595 1549 1549 1595 1595 1550 1550 1550 1550 1595 1595 1596 1596 1550 1550 1596 1596 1551 1551 1551 1551 1596 1596 1597 1597 1551 1551 1597 1597 1552 1552 1552 1552 1597 1597 1598 1598 1552 1552 1598 1598 1553 1553 1553 1553 1598 1598 1599 1599 1553 1553 1599 1599 1554 1554 1554 1554 1599 1599 1600 1600 1554 1554 1600 1600 1555 1555 1555 1555 1600 1600 1601 1601 1555 1555 1601 1601 1556 1556 1556 1556 1601 1601 1602 1602 1556 1556 1602 1602 1557 1557 1557 1557 1602 1602 1603 1603 1557 1557 1603 1603 1558 1558 1558 1558 1603 1603 1604 1604 1558 1558 1604 1604 1559 1559 1559 1559 1604 1604 1605 1605 1559 1559 1605 1605 1560 1560 1560 1560 1605 1605 1606 1606 1560 1560 1606 1606 1561 1561 1561 1561 1606 1606 1607 1607 1561 1561 1607 1607 1562 1562 1562 1562 1607 1607 1608 1608 1562 1562 1608 1608 1563 1563 1563 1563 1608 1608 1609 1609 1563 1563 1609 1609 1564 1564 1564 1564 1609 1609 1610 1610 1564 1564 1610 1610 1565 1565 1565 1565 1610 1610 1611 1611 1565 1565 1611 1611 47 47 1566 1566 0 0 1612 1612 1566 1566 1612 1612 1567 1567 1567 1567 1612 1612 1613 1613 1567 1567 1613 1613 1568 1568 1568 1568 1613 1613 1614 1614 1568 1568 1614 1614 1569 1569 1569 1569 1614 1614 1615 1615 1569 1569 1615 1615 1570 1570 1570 1570 1615 1615 1616 1616 1570 1570 1616 1616 1571 1571 1571 1571 1616 1616 1617 1617 1571 1571 1617 1617 1572 1572 1572 1572 1617 1617 1618 1618 1572 1572 1618 1618 1573 1573 1573 1573 1618 1618 1619 1619 1573 1573 1619 1619 1574 1574 1574 1574 1619 1619 1620 1620 1574 1574 1620 1620 1575 1575 1575 1575 1620 1620 1621 1621 1575 1575 1621 1621 1576 1576 1576 1576 1621 1621 1622 1622 1576 1576 1622 1622 1577 1577 1577 1577 1622 1622 1623 1623 1577 1577 1623 1623 1578 1578 1578 1578 1623 1623 1624 1624 1578 1578 1624 1624 1579 1579 1579 1579 1624 1624 1625 1625 1579 1579 1625 1625 1580 1580 1580 1580 1625 1625 1626 1626 1580 1580 1626 1626 1581 1581 1581 1581 1626 1626 1627 1627 1581 1581 1627 1627 1582 1582 1582 1582 1627 1627 1628 1628 1582 1582 1628 1628 1583 1583 1583 1583 1628 1628 1629 1629 1583 1583 1629 1629 1584 1584 1584 1584 1629 1629 1630 1630 1584 1584 1630 1630 1585 1585 1585 1585 1630 1630 1631 1631 1585 1585 1631 1631 1586 1586 1586 1586 1631 1631 1632 1632 1586 1586 1632 1632 1587 1587 1587 1587 1632 1632 1633 1633 1587 1587 1633 1633 1588 1588 1588 1588 1633 1633 1634 1634 1588 1588 1634 1634 1589 1589 1589 1589 1634 1634 1635 1635 1589 1589 1635 1635 1590 1590 1590 1590 1635 1635 1636 1636 1590 1590 1636 1636 1591 1591 1591 1591 1636 1636 1637 1637 1591 1591 1637 1637 1592 1592 1592 1592 1637 1637 1638 1638 1592 1592 1638 1638 1593 1593 1593 1593 1638 1638 1639 1639 1593 1593 1639 1639 1594 1594 1594 1594 1639 1639 1640 1640 1594 1594 1640 1640 1595 1595 1595 1595 1640 1640 1641 1641 1595 1595 1641 1641 1596 1596 1596 1596 1641 1641 1642 1642 1596 1596 1642 1642 1597 1597 1597 1597 1642 1642 1643 1643 1597 1597 1643 1643 1598 1598 1598 1598 1643 1643 1644 1644 1598 1598 1644 1644 1599 1599 1599 1599 1644 1644 1645 1645 1599 1599 1645 1645 1600 1600 1600 1600 1645 1645 1646 1646 1600 1600 1646 1646 1601 1601 1601 1601 1646 1646 1647 1647 1601 1601 1647 1647 1602 1602 1602 1602 1647 1647 1648 1648 1602 1602 1648 1648 1603 1603 1603 1603 1648 1648 1649 1649 1603 1603 1649 1649 1604 1604 1604 1604 1649 1649 1650 1650 1604 1604 1650 1650 1605 1605 1605 1605 1650 1650 1651 1651 1605 1605 1651 1651 1606 1606 1606 1606 1651 1651 1652 1652 1606 1606 1652 1652 1607 1607 1607 1607 1652 1652 1653 1653 1607 1607 1653 1653 1608 1608 1608 1608 1653 1653 1654 1654 1608 1608 1654 1654 1609 1609 1609 1609 1654 1654 1655 1655 1609 1609 1655 1655 1610 1610 1610 1610 1655 1655 1656 1656 1610 1610 1656 1656 1611 1611 1611 1611 1656 1656 1657 1657 1611 1611 1657 1657 47 47 1612 1612 0 0 1658 1658 1612 1612 1658 1658 1613 1613 1613 1613 1658 1658 1659 1659 1613 1613 1659 1659 1614 1614 1614 1614 1659 1659 1660 1660 1614 1614 1660 1660 1615 1615 1615 1615 1660 1660 1661 1661 1615 1615 1661 1661 1616 1616 1616 1616 1661 1661 1662 1662 1616 1616 1662 1662 1617 1617 1617 1617 1662 1662 1663 1663 1617 1617 1663 1663 1618 1618 1618 1618 1663 1663 1664 1664 1618 1618 1664 1664 1619 1619 1619 1619 1664 1664 1665 1665 1619 1619 1665 1665 1620 1620 1620 1620 1665 1665 1666 1666 1620 1620 1666 1666 1621 1621 1621 1621 1666 1666 1667 1667 1621 1621 1667 1667 1622 1622 1622 1622 1667 1667 1668 1668 1622 1622 1668 1668 1623 1623 1623 1623 1668 1668 1669 1669 1623 1623 1669 1669 1624 1624 1624 1624 1669 1669 1670 1670 1624 1624 1670 1670 1625 1625 1625 1625 1670 1670 1671 1671 1625 1625 1671 1671 1626 1626 1626 1626 1671 1671 1672 1672 1626 1626 1672 1672 1627 1627 1627 1627 1672 1672 1673 1673 1627 1627 1673 1673 1628 1628 1628 1628 1673 1673 1674 1674 1628 1628 1674 1674 1629 1629 1629 1629 1674 1674 1675 1675 1629 1629 1675 1675 1630 1630 1630 1630 1675 1675 1676 1676 1630 1630 1676 1676 1631 1631 1631 1631 1676 1676 1677 1677 1631 1631 1677 1677 1632 1632 1632 1632 1677 1677 1678 1678 1632 1632 1678 1678 1633 1633 1633 1633 1678 1678 1679 1679 1633 1633 1679 1679 1634 1634 1634 1634 1679 1679 1680 1680 1634 1634 1680 1680 1635 1635 1635 1635 1680 1680 1681 1681 1635 1635 1681 1681 1636 1636 1636 1636 1681 1681 1682 1682 1636 1636 1682 1682 1637 1637 1637 1637 1682 1682 1683 1683 1637 1637 1683 1683 1638 1638 1638 1638 1683 1683 1684 1684 1638 1638 1684 1684 1639 1639 1639 1639 1684 1684 1685 1685 1639 1639 1685 1685 1640 1640 1640 1640 1685 1685 1686 1686 1640 1640 1686 1686 1641 1641 1641 1641 1686 1686 1687 1687 1641 1641 1687 1687 1642 1642 1642 1642 1687 1687 1688 1688 1642 1642 1688 1688 1643 1643 1643 1643 1688 1688 1689 1689 1643 1643 1689 1689 1644 1644 1644 1644 1689 1689 1690 1690 1644 1644 1690 1690 1645 1645 1645 1645 1690 1690 1691 1691 1645 1645 1691 1691 1646 1646 1646 1646 1691 1691 1692 1692 1646 1646 1692 1692 1647 1647 1647 1647 1692 1692 1693 1693 1647 1647 1693 1693 1648 1648 1648 1648 1693 1693 1694 1694 1648 1648 1694 1694 1649 1649 1649 1649 1694 1694 1695 1695 1649 1649 1695 1695 1650 1650 1650 1650 1695 1695 1696 1696 1650 1650 1696 1696 1651 1651 1651 1651 1696 1696 1697 1697 1651 1651 1697 1697 1652 1652 1652 1652 1697 1697 1698 1698 1652 1652 1698 1698 1653 1653 1653 1653 1698 1698 1699 1699 1653 1653 1699 1699 1654 1654 1654 1654 1699 1699 1700 1700 1654 1654 1700 1700 1655 1655 1655 1655 1700 1700 1701 1701 1655 1655 1701 1701 1656 1656 1656 1656 1701 1701 1702 1702 1656 1656 1702 1702 1657 1657 1657 1657 1702 1702 1703 1703 1657 1657 1703 1703 47 47 1658 1658 0 0 1704 1704 1658 1658 1704 1704 1659 1659 1659 1659 1704 1704 1705 1705 1659 1659 1705 1705 1660 1660 1660 1660 1705 1705 1706 1706 1660 1660 1706 1706 1661 1661 1661 1661 1706 1706 1707 1707 1661 1661 1707 1707 1662 1662 1662 1662 1707 1707 1708 1708 1662 1662 1708 1708 1663 1663 1663 1663 1708 1708 1709 1709 1663 1663 1709 1709 1664 1664 1664 1664 1709 1709 1710 1710 1664 1664 1710 1710 1665 1665 1665 1665 1710 1710 1711 1711 1665 1665 1711 1711 1666 1666 1666 1666 1711 1711 1712 1712 1666 1666 1712 1712 1667 1667 1667 1667 1712 1712 1713 1713 1667 1667 1713 1713 1668 1668 1668 1668 1713 1713 1714 1714 1668 1668 1714 1714 1669 1669 1669 1669 1714 1714 1715 1715 1669 1669 1715 1715 1670 1670 1670 1670 1715 1715 1716 1716 1670 1670 1716 1716 1671 1671 1671 1671 1716 1716 1717 1717 1671 1671 1717 1717 1672 1672 1672 1672 1717 1717 1718 1718 1672 1672 1718 1718 1673 1673 1673 1673 1718 1718 1719 1719 1673 1673 1719 1719 1674 1674 1674 1674 1719 1719 1720 1720 1674 1674 1720 1720 1675 1675 1675 1675 1720 1720 1721 1721 1675 1675 1721 1721 1676 1676 1676 1676 1721 1721 1722 1722 1676 1676 1722 1722 1677 1677 1677 1677 1722 1722 1723 1723 1677 1677 1723 1723 1678 1678 1678 1678 1723 1723 1724 1724 1678 1678 1724 1724 1679 1679 1679 1679 1724 1724 1725 1725 1679 1679 1725 1725 1680 1680 1680 1680 1725 1725 1726 1726 1680 1680 1726 1726 1681 1681 1681 1681 1726 1726 1727 1727 1681 1681 1727 1727 1682 1682 1682 1682 1727 1727 1728 1728 1682 1682 1728 1728 1683 1683 1683 1683 1728 1728 1729 1729 1683 1683 1729 1729 1684 1684 1684 1684 1729 1729 1730 1730 1684 1684 1730 1730 1685 1685 1685 1685 1730 1730 1731 1731 1685 1685 1731 1731 1686 1686 1686 1686 1731 1731 1732 1732 1686 1686 1732 1732 1687 1687 1687 1687 1732 1732 1733 1733 1687 1687 1733 1733 1688 1688 1688 1688 1733 1733 1734 1734 1688 1688 1734 1734 1689 1689 1689 1689 1734 1734 1735 1735 1689 1689 1735 1735 1690 1690 1690 1690 1735 1735 1736 1736 1690 1690 1736 1736 1691 1691 1691 1691 1736 1736 1737 1737 1691 1691 1737 1737 1692 1692 1692 1692 1737 1737 1738 1738 1692 1692 1738 1738 1693 1693 1693 1693 1738 1738 1739 1739 1693 1693 1739 1739 1694 1694 1694 1694 1739 1739 1740 1740 1694 1694 1740 1740 1695 1695 1695 1695 1740 1740 1741 1741 1695 1695 1741 1741 1696 1696 1696 1696 1741 1741 1742 1742 1696 1696 1742 1742 1697 1697 1697 1697 1742 1742 1743 1743 1697 1697 1743 1743 1698 1698 1698 1698 1743 1743 1744 1744 1698 1698 1744 1744 1699 1699 1699 1699 1744 1744 1745 1745 1699 1699 1745 1745 1700 1700 1700 1700 1745 1745 1746 1746 1700 1700 1746 1746 1701 1701 1701 1701 1746 1746 1747 1747 1701 1701 1747 1747 1702 1702 1702 1702 1747 1747 1748 1748 1702 1702 1748 1748 1703 1703 1703 1703 1748 1748 1749 1749 1703 1703 1749 1749 47 47 1704 1704 0 0 1750 1750 1704 1704 1750 1750 1705 1705 1705 1705 1750 1750 1751 1751 1705 1705 1751 1751 1706 1706 1706 1706 1751 1751 1752 1752 1706 1706 1752 1752 1707 1707 1707 1707 1752 1752 1753 1753 1707 1707 1753 1753 1708 1708 1708 1708 1753 1753 1754 1754 1708 1708 1754 1754 1709 1709 1709 1709 1754 1754 1755 1755 1709 1709 1755 1755 1710 1710 1710 1710 1755 1755 1756 1756 1710 1710 1756 1756 1711 1711 1711 1711 1756 1756 1757 1757 1711 1711 1757 1757 1712 1712 1712 1712 1757 1757 1758 1758 1712 1712 1758 1758 1713 1713 1713 1713 1758 1758 1759 1759 1713 1713 1759 1759 1714 1714 1714 1714 1759 1759 1760 1760 1714 1714 1760 1760 1715 1715 1715 1715 1760 1760 1761 1761 1715 1715 1761 1761 1716 1716 1716 1716 1761 1761 1762 1762 1716 1716 1762 1762 1717 1717 1717 1717 1762 1762 1763 1763 1717 1717 1763 1763 1718 1718 1718 1718 1763 1763 1764 1764 1718 1718 1764 1764 1719 1719 1719 1719 1764 1764 1765 1765 1719 1719 1765 1765 1720 1720 1720 1720 1765 1765 1766 1766 1720 1720 1766 1766 1721 1721 1721 1721 1766 1766 1767 1767 1721 1721 1767 1767 1722 1722 1722 1722 1767 1767 1768 1768 1722 1722 1768 1768 1723 1723 1723 1723 1768 1768 1769 1769 1723 1723 1769 1769 1724 1724 1724 1724 1769 1769 1770 1770 1724 1724 1770 1770 1725 1725 1725 1725 1770 1770 1771 1771 1725 1725 1771 1771 1726 1726 1726 1726 1771 1771 1772 1772 1726 1726 1772 1772 1727 1727 1727 1727 1772 1772 1773 1773 1727 1727 1773 1773 1728 1728 1728 1728 1773 1773 1774 1774 1728 1728 1774 1774 1729 1729 1729 1729 1774 1774 1775 1775 1729 1729 1775 1775 1730 1730 1730 1730 1775 1775 1776 1776 1730 1730 1776 1776 1731 1731 1731 1731 1776 1776 1777 1777 1731 1731 1777 1777 1732 1732 1732 1732 1777 1777 1778 1778 1732 1732 1778 1778 1733 1733 1733 1733 1778 1778 1779 1779 1733 1733 1779 1779 1734 1734 1734 1734 1779 1779 1780 1780 1734 1734 1780 1780 1735 1735 1735 1735 1780 1780 1781 1781 1735 1735 1781 1781 1736 1736 1736 1736 1781 1781 1782 1782 1736 1736 1782 1782 1737 1737 1737 1737 1782 1782 1783 1783 1737 1737 1783 1783 1738 1738 1738 1738 1783 1783 1784 1784 1738 1738 1784 1784 1739 1739 1739 1739 1784 1784 1785 1785 1739 1739 1785 1785 1740 1740 1740 1740 1785 1785 1786 1786 1740 1740 1786 1786 1741 1741 1741 1741 1786 1786 1787 1787 1741 1741 1787 1787 1742 1742 1742 1742 1787 1787 1788 1788 1742 1742 1788 1788 1743 1743 1743 1743 1788 1788 1789 1789 1743 1743 1789 1789 1744 1744 1744 1744 1789 1789 1790 1790 1744 1744 1790 1790 1745 1745 1745 1745 1790 1790 1791 1791 1745 1745 1791 1791 1746 1746 1746 1746 1791 1791 1792 1792 1746 1746 1792 1792 1747 1747 1747 1747 1792 1792 1793 1793 1747 1747 1793 1793 1748 1748 1748 1748 1793 1793 1794 1794 1748 1748 1794 1794 1749 1749 1749 1749 1794 1794 1795 1795 1749 1749 1795 1795 47 47 1750 1750 0 0 1796 1796 1750 1750 1796 1796 1751 1751 1751 1751 1796 1796 1797 1797 1751 1751 1797 1797 1752 1752 1752 1752 1797 1797 1798 1798 1752 1752 1798 1798 1753 1753 1753 1753 1798 1798 1799 1799 1753 1753 1799 1799 1754 1754 1754 1754 1799 1799 1800 1800 1754 1754 1800 1800 1755 1755 1755 1755 1800 1800 1801 1801 1755 1755 1801 1801 1756 1756 1756 1756 1801 1801 1802 1802 1756 1756 1802 1802 1757 1757 1757 1757 1802 1802 1803 1803 1757 1757 1803 1803 1758 1758 1758 1758 1803 1803 1804 1804 1758 1758 1804 1804 1759 1759 1759 1759 1804 1804 1805 1805 1759 1759 1805 1805 1760 1760 1760 1760 1805 1805 1806 1806 1760 1760 1806 1806 1761 1761 1761 1761 1806 1806 1807 1807 1761 1761 1807 1807 1762 1762 1762 1762 1807 1807 1808 1808 1762 1762 1808 1808 1763 1763 1763 1763 1808 1808 1809 1809 1763 1763 1809 1809 1764 1764 1764 1764 1809 1809 1810 1810 1764 1764 1810 1810 1765 1765 1765 1765 1810 1810 1811 1811 1765 1765 1811 1811 1766 1766 1766 1766 1811 1811 1812 1812 1766 1766 1812 1812 1767 1767 1767 1767 1812 1812 1813 1813 1767 1767 1813 1813 1768 1768 1768 1768 1813 1813 1814 1814 1768 1768 1814 1814 1769 1769 1769 1769 1814 1814 1815 1815 1769 1769 1815 1815 1770 1770 1770 1770 1815 1815 1816 1816 1770 1770 1816 1816 1771 1771 1771 1771 1816 1816 1817 1817 1771 1771 1817 1817 1772 1772 1772 1772 1817 1817 1818 1818 1772 1772 1818 1818 1773 1773 1773 1773 1818 1818 1819 1819 1773 1773 1819 1819 1774 1774 1774 1774 1819 1819 1820 1820 1774 1774 1820 1820 1775 1775 1775 1775 1820 1820 1821 1821 1775 1775 1821 1821 1776 1776 1776 1776 1821 1821 1822 1822 1776 1776 1822 1822 1777 1777 1777 1777 1822 1822 1823 1823 1777 1777 1823 1823 1778 1778 1778 1778 1823 1823 1824 1824 1778 1778 1824 1824 1779 1779 1779 1779 1824 1824 1825 1825 1779 1779 1825 1825 1780 1780 1780 1780 1825 1825 1826 1826 1780 1780 1826 1826 1781 1781 1781 1781 1826 1826 1827 1827 1781 1781 1827 1827 1782 1782 1782 1782 1827 1827 1828 1828 1782 1782 1828 1828 1783 1783 1783 1783 1828 1828 1829 1829 1783 1783 1829 1829 1784 1784 1784 1784 1829 1829 1830 1830 1784 1784 1830 1830 1785 1785 1785 1785 1830 1830 1831 1831 1785 1785 1831 1831 1786 1786 1786 1786 1831 1831 1832 1832 1786 1786 1832 1832 1787 1787 1787 1787 1832 1832 1833 1833 1787 1787 1833 1833 1788 1788 1788 1788 1833 1833 1834 1834 1788 1788 1834 1834 1789 1789 1789 1789 1834 1834 1835 1835 1789 1789 1835 1835 1790 1790 1790 1790 1835 1835 1836 1836 1790 1790 1836 1836 1791 1791 1791 1791 1836 1836 1837 1837 1791 1791 1837 1837 1792 1792 1792 1792 1837 1837 1838 1838 1792 1792 1838 1838 1793 1793 1793 1793 1838 1838 1839 1839 1793 1793 1839 1839 1794 1794 1794 1794 1839 1839 1840 1840 1794 1794 1840 1840 1795 1795 1795 1795 1840 1840 1841 1841 1795 1795 1841 1841 47 47 1796 1796 0 0 1842 1842 1796 1796 1842 1842 1797 1797 1797 1797 1842 1842 1843 1843 1797 1797 1843 1843 1798 1798 1798 1798 1843 1843 1844 1844 1798 1798 1844 1844 1799 1799 1799 1799 1844 1844 1845 1845 1799 1799 1845 1845 1800 1800 1800 1800 1845 1845 1846 1846 1800 1800 1846 1846 1801 1801 1801 1801 1846 1846 1847 1847 1801 1801 1847 1847 1802 1802 1802 1802 1847 1847 1848 1848 1802 1802 1848 1848 1803 1803 1803 1803 1848 1848 1849 1849 1803 1803 1849 1849 1804 1804 1804 1804 1849 1849 1850 1850 1804 1804 1850 1850 1805 1805 1805 1805 1850 1850 1851 1851 1805 1805 1851 1851 1806 1806 1806 1806 1851 1851 1852 1852 1806 1806 1852 1852 1807 1807 1807 1807 1852 1852 1853 1853 1807 1807 1853 1853 1808 1808 1808 1808 1853 1853 1854 1854 1808 1808 1854 1854 1809 1809 1809 1809 1854 1854 1855 1855 1809 1809 1855 1855 1810 1810 1810 1810 1855 1855 1856 1856 1810 1810 1856 1856 1811 1811 1811 1811 1856 1856 1857 1857 1811 1811 1857 1857 1812 1812 1812 1812 1857 1857 1858 1858 1812 1812 1858 1858 1813 1813 1813 1813 1858 1858 1859 1859 1813 1813 1859 1859 1814 1814 1814 1814 1859 1859 1860 1860 1814 1814 1860 1860 1815 1815 1815 1815 1860 1860 1861 1861 1815 1815 1861 1861 1816 1816 1816 1816 1861 1861 1862 1862 1816 1816 1862 1862 1817 1817 1817 1817 1862 1862 1863 1863 1817 1817 1863 1863 1818 1818 1818 1818 1863 1863 1864 1864 1818 1818 1864 1864 1819 1819 1819 1819 1864 1864 1865 1865 1819 1819 1865 1865 1820 1820 1820 1820 1865 1865 1866 1866 1820 1820 1866 1866 1821 1821 1821 1821 1866 1866 1867 1867 1821 1821 1867 1867 1822 1822 1822 1822 1867 1867 1868 1868 1822 1822 1868 1868 1823 1823 1823 1823 1868 1868 1869 1869 1823 1823 1869 1869 1824 1824 1824 1824 1869 1869 1870 1870 1824 1824 1870 1870 1825 1825 1825 1825 1870 1870 1871 1871 1825 1825 1871 1871 1826 1826 1826 1826 1871 1871 1872 1872 1826 1826 1872 1872 1827 1827 1827 1827 1872 1872 1873 1873 1827 1827 1873 1873 1828 1828 1828 1828 1873 1873 1874 1874 1828 1828 1874 1874 1829 1829 1829 1829 1874 1874 1875 1875 1829 1829 1875 1875 1830 1830 1830 1830 1875 1875 1876 1876 1830 1830 1876 1876 1831 1831 1831 1831 1876 1876 1877 1877 1831 1831 1877 1877 1832 1832 1832 1832 1877 1877 1878 1878 1832 1832 1878 1878 1833 1833 1833 1833 1878 1878 1879 1879 1833 1833 1879 1879 1834 1834 1834 1834 1879 1879 1880 1880 1834 1834 1880 1880 1835 1835 1835 1835 1880 1880 1881 1881 1835 1835 1881 1881 1836 1836 1836 1836 1881 1881 1882 1882 1836 1836 1882 1882 1837 1837 1837 1837 1882 1882 1883 1883 1837 1837 1883 1883 1838 1838 1838 1838 1883 1883 1884 1884 1838 1838 1884 1884 1839 1839 1839 1839 1884 1884 1885 1885 1839 1839 1885 1885 1840 1840 1840 1840 1885 1885 1886 1886 1840 1840 1886 1886 1841 1841 1841 1841 1886 1886 1887 1887 1841 1841 1887 1887 47 47 1842 1842 0 0 1888 1888 1842 1842 1888 1888 1843 1843 1843 1843 1888 1888 1889 1889 1843 1843 1889 1889 1844 1844 1844 1844 1889 1889 1890 1890 1844 1844 1890 1890 1845 1845 1845 1845 1890 1890 1891 1891 1845 1845 1891 1891 1846 1846 1846 1846 1891 1891 1892 1892 1846 1846 1892 1892 1847 1847 1847 1847 1892 1892 1893 1893 1847 1847 1893 1893 1848 1848 1848 1848 1893 1893 1894 1894 1848 1848 1894 1894 1849 1849 1849 1849 1894 1894 1895 1895 1849 1849 1895 1895 1850 1850 1850 1850 1895 1895 1896 1896 1850 1850 1896 1896 1851 1851 1851 1851 1896 1896 1897 1897 1851 1851 1897 1897 1852 1852 1852 1852 1897 1897 1898 1898 1852 1852 1898 1898 1853 1853 1853 1853 1898 1898 1899 1899 1853 1853 1899 1899 1854 1854 1854 1854 1899 1899 1900 1900 1854 1854 1900 1900 1855 1855 1855 1855 1900 1900 1901 1901 1855 1855 1901 1901 1856 1856 1856 1856 1901 1901 1902 1902 1856 1856 1902 1902 1857 1857 1857 1857 1902 1902 1903 1903 1857 1857 1903 1903 1858 1858 1858 1858 1903 1903 1904 1904 1858 1858 1904 1904 1859 1859 1859 1859 1904 1904 1905 1905 1859 1859 1905 1905 1860 1860 1860 1860 1905 1905 1906 1906 1860 1860 1906 1906 1861 1861 1861 1861 1906 1906 1907 1907 1861 1861 1907 1907 1862 1862 1862 1862 1907 1907 1908 1908 1862 1862 1908 1908 1863 1863 1863 1863 1908 1908 1909 1909 1863 1863 1909 1909 1864 1864 1864 1864 1909 1909 1910 1910 1864 1864 1910 1910 1865 1865 1865 1865 1910 1910 1911 1911 1865 1865 1911 1911 1866 1866 1866 1866 1911 1911 1912 1912 1866 1866 1912 1912 1867 1867 1867 1867 1912 1912 1913 1913 1867 1867 1913 1913 1868 1868 1868 1868 1913 1913 1914 1914 1868 1868 1914 1914 1869 1869 1869 1869 1914 1914 1915 1915 1869 1869 1915 1915 1870 1870 1870 1870 1915 1915 1916 1916 1870 1870 1916 1916 1871 1871 1871 1871 1916 1916 1917 1917 1871 1871 1917 1917 1872 1872 1872 1872 1917 1917 1918 1918 1872 1872 1918 1918 1873 1873 1873 1873 1918 1918 1919 1919 1873 1873 1919 1919 1874 1874 1874 1874 1919 1919 1920 1920 1874 1874 1920 1920 1875 1875 1875 1875 1920 1920 1921 1921 1875 1875 1921 1921 1876 1876 1876 1876 1921 1921 1922 1922 1876 1876 1922 1922 1877 1877 1877 1877 1922 1922 1923 1923 1877 1877 1923 1923 1878 1878 1878 1878 1923 1923 1924 1924 1878 1878 1924 1924 1879 1879 1879 1879 1924 1924 1925 1925 1879 1879 1925 1925 1880 1880 1880 1880 1925 1925 1926 1926 1880 1880 1926 1926 1881 1881 1881 1881 1926 1926 1927 1927 1881 1881 1927 1927 1882 1882 1882 1882 1927 1927 1928 1928 1882 1882 1928 1928 1883 1883 1883 1883 1928 1928 1929 1929 1883 1883 1929 1929 1884 1884 1884 1884 1929 1929 1930 1930 1884 1884 1930 1930 1885 1885 1885 1885 1930 1930 1931 1931 1885 1885 1931 1931 1886 1886 1886 1886 1931 1931 1932 1932 1886 1886 1932 1932 1887 1887 1887 1887 1932 1932 1933 1933 1887 1887 1933 1933 47 47 1888 1888 0 0 1934 1934 1888 1888 1934 1934 1889 1889 1889 1889 1934 1934 1935 1935 1889 1889 1935 1935 1890 1890 1890 1890 1935 1935 1936 1936 1890 1890 1936 1936 1891 1891 1891 1891 1936 1936 1937 1937 1891 1891 1937 1937 1892 1892 1892 1892 1937 1937 1938 1938 1892 1892 1938 1938 1893 1893 1893 1893 1938 1938 1939 1939 1893 1893 1939 1939 1894 1894 1894 1894 1939 1939 1940 1940 1894 1894 1940 1940 1895 1895 1895 1895 1940 1940 1941 1941 1895 1895 1941 1941 1896 1896 1896 1896 1941 1941 1942 1942 1896 1896 1942 1942 1897 1897 1897 1897 1942 1942 1943 1943 1897 1897 1943 1943 1898 1898 1898 1898 1943 1943 1944 1944 1898 1898 1944 1944 1899 1899 1899 1899 1944 1944 1945 1945 1899 1899 1945 1945 1900 1900 1900 1900 1945 1945 1946 1946 1900 1900 1946 1946 1901 1901 1901 1901 1946 1946 1947 1947 1901 1901 1947 1947 1902 1902 1902 1902 1947 1947 1948 1948 1902 1902 1948 1948 1903 1903 1903 1903 1948 1948 1949 1949 1903 1903 1949 1949 1904 1904 1904 1904 1949 1949 1950 1950 1904 1904 1950 1950 1905 1905 1905 1905 1950 1950 1951 1951 1905 1905 1951 1951 1906 1906 1906 1906 1951 1951 1952 1952 1906 1906 1952 1952 1907 1907 1907 1907 1952 1952 1953 1953 1907 1907 1953 1953 1908 1908 1908 1908 1953 1953 1954 1954 1908 1908 1954 1954 1909 1909 1909 1909 1954 1954 1955 1955 1909 1909 1955 1955 1910 1910 1910 1910 1955 1955 1956 1956 1910 1910 1956 1956 1911 1911 1911 1911 1956 1956 1957 1957 1911 1911 1957 1957 1912 1912 1912 1912 1957 1957 1958 1958 1912 1912 1958 1958 1913 1913 1913 1913 1958 1958 1959 1959 1913 1913 1959 1959 1914 1914 1914 1914 1959 1959 1960 1960 1914 1914 1960 1960 1915 1915 1915 1915 1960 1960 1961 1961 1915 1915 1961 1961 1916 1916 1916 1916 1961 1961 1962 1962 1916 1916 1962 1962 1917 1917 1917 1917 1962 1962 1963 1963 1917 1917 1963 1963 1918 1918 1918 1918 1963 1963 1964 1964 1918 1918 1964 1964 1919 1919 1919 1919 1964 1964 1965 1965 1919 1919 1965 1965 1920 1920 1920 1920 1965 1965 1966 1966 1920 1920 1966 1966 1921 1921 1921 1921 1966 1966 1967 1967 1921 1921 1967 1967 1922 1922 1922 1922 1967 1967 1968 1968 1922 1922 1968 1968 1923 1923 1923 1923 1968 1968 1969 1969 1923 1923 1969 1969 1924 1924 1924 1924 1969 1969 1970 1970 1924 1924 1970 1970 1925 1925 1925 1925 1970 1970 1971 1971 1925 1925 1971 1971 1926 1926 1926 1926 1971 1971 1972 1972 1926 1926 1972 1972 1927 1927 1927 1927 1972 1972 1973 1973 1927 1927 1973 1973 1928 1928 1928 1928 1973 1973 1974 1974 1928 1928 1974 1974 1929 1929 1929 1929 1974 1974 1975 1975 1929 1929 1975 1975 1930 1930 1930 1930 1975 1975 1976 1976 1930 1930 1976 1976 1931 1931 1931 1931 1976 1976 1977 1977 1931 1931 1977 1977 1932 1932 1932 1932 1977 1977 1978 1978 1932 1932 1978 1978 1933 1933 1933 1933 1978 1978 1979 1979 1933 1933 1979 1979 47 47 1934 1934 0 0 1980 1980 1934 1934 1980 1980 1935 1935 1935 1935 1980 1980 1981 1981 1935 1935 1981 1981 1936 1936 1936 1936 1981 1981 1982 1982 1936 1936 1982 1982 1937 1937 1937 1937 1982 1982 1983 1983 1937 1937 1983 1983 1938 1938 1938 1938 1983 1983 1984 1984 1938 1938 1984 1984 1939 1939 1939 1939 1984 1984 1985 1985 1939 1939 1985 1985 1940 1940 1940 1940 1985 1985 1986 1986 1940 1940 1986 1986 1941 1941 1941 1941 1986 1986 1987 1987 1941 1941 1987 1987 1942 1942 1942 1942 1987 1987 1988 1988 1942 1942 1988 1988 1943 1943 1943 1943 1988 1988 1989 1989 1943 1943 1989 1989 1944 1944 1944 1944 1989 1989 1990 1990 1944 1944 1990 1990 1945 1945 1945 1945 1990 1990 1991 1991 1945 1945 1991 1991 1946 1946 1946 1946 1991 1991 1992 1992 1946 1946 1992 1992 1947 1947 1947 1947 1992 1992 1993 1993 1947 1947 1993 1993 1948 1948 1948 1948 1993 1993 1994 1994 1948 1948 1994 1994 1949 1949 1949 1949 1994 1994 1995 1995 1949 1949 1995 1995 1950 1950 1950 1950 1995 1995 1996 1996 1950 1950 1996 1996 1951 1951 1951 1951 1996 1996 1997 1997 1951 1951 1997 1997 1952 1952 1952 1952 1997 1997 1998 1998 1952 1952 1998 1998 1953 1953 1953 1953 1998 1998 1999 1999 1953 1953 1999 1999 1954 1954 1954 1954 1999 1999 2000 2000 1954 1954 2000 2000 1955 1955 1955 1955 2000 2000 2001 2001 1955 1955 2001 2001 1956 1956 1956 1956 2001 2001 2002 2002 1956 1956 2002 2002 1957 1957 1957 1957 2002 2002 2003 2003 1957 1957 2003 2003 1958 1958 1958 1958 2003 2003 2004 2004 1958 1958 2004 2004 1959 1959 1959 1959 2004 2004 2005 2005 1959 1959 2005 2005 1960 1960 1960 1960 2005 2005 2006 2006 1960 1960 2006 2006 1961 1961 1961 1961 2006 2006 2007 2007 1961 1961 2007 2007 1962 1962 1962 1962 2007 2007 2008 2008 1962 1962 2008 2008 1963 1963 1963 1963 2008 2008 2009 2009 1963 1963 2009 2009 1964 1964 1964 1964 2009 2009 2010 2010 1964 1964 2010 2010 1965 1965 1965 1965 2010 2010 2011 2011 1965 1965 2011 2011 1966 1966 1966 1966 2011 2011 2012 2012 1966 1966 2012 2012 1967 1967 1967 1967 2012 2012 2013 2013 1967 1967 2013 2013 1968 1968 1968 1968 2013 2013 2014 2014 1968 1968 2014 2014 1969 1969 1969 1969 2014 2014 2015 2015 1969 1969 2015 2015 1970 1970 1970 1970 2015 2015 2016 2016 1970 1970 2016 2016 1971 1971 1971 1971 2016 2016 2017 2017 1971 1971 2017 2017 1972 1972 1972 1972 2017 2017 2018 2018 1972 1972 2018 2018 1973 1973 1973 1973 2018 2018 2019 2019 1973 1973 2019 2019 1974 1974 1974 1974 2019 2019 2020 2020 1974 1974 2020 2020 1975 1975 1975 1975 2020 2020 2021 2021 1975 1975 2021 2021 1976 1976 1976 1976 2021 2021 2022 2022 1976 1976 2022 2022 1977 1977 1977 1977 2022 2022 2023 2023 1977 1977 2023 2023 1978 1978 1978 1978 2023 2023 2024 2024 1978 1978 2024 2024 1979 1979 1979 1979 2024 2024 2025 2025 1979 1979 2025 2025 47 47 1980 1980 0 0 2026 2026 1980 1980 2026 2026 1981 1981 1981 1981 2026 2026 2027 2027 1981 1981 2027 2027 1982 1982 1982 1982 2027 2027 2028 2028 1982 1982 2028 2028 1983 1983 1983 1983 2028 2028 2029 2029 1983 1983 2029 2029 1984 1984 1984 1984 2029 2029 2030 2030 1984 1984 2030 2030 1985 1985 1985 1985 2030 2030 2031 2031 1985 1985 2031 2031 1986 1986 1986 1986 2031 2031 2032 2032 1986 1986 2032 2032 1987 1987 1987 1987 2032 2032 2033 2033 1987 1987 2033 2033 1988 1988 1988 1988 2033 2033 2034 2034 1988 1988 2034 2034 1989 1989 1989 1989 2034 2034 2035 2035 1989 1989 2035 2035 1990 1990 1990 1990 2035 2035 2036 2036 1990 1990 2036 2036 1991 1991 1991 1991 2036 2036 2037 2037 1991 1991 2037 2037 1992 1992 1992 1992 2037 2037 2038 2038 1992 1992 2038 2038 1993 1993 1993 1993 2038 2038 2039 2039 1993 1993 2039 2039 1994 1994 1994 1994 2039 2039 2040 2040 1994 1994 2040 2040 1995 1995 1995 1995 2040 2040 2041 2041 1995 1995 2041 2041 1996 1996 1996 1996 2041 2041 2042 2042 1996 1996 2042 2042 1997 1997 1997 1997 2042 2042 2043 2043 1997 1997 2043 2043 1998 1998 1998 1998 2043 2043 2044 2044 1998 1998 2044 2044 1999 1999 1999 1999 2044 2044 2045 2045 1999 1999 2045 2045 2000 2000 2000 2000 2045 2045 2046 2046 2000 2000 2046 2046 2001 2001 2001 2001 2046 2046 2047 2047 2001 2001 2047 2047 2002 2002 2002 2002 2047 2047 2048 2048 2002 2002 2048 2048 2003 2003 2003 2003 2048 2048 2049 2049 2003 2003 2049 2049 2004 2004 2004 2004 2049 2049 2050 2050 2004 2004 2050 2050 2005 2005 2005 2005 2050 2050 2051 2051 2005 2005 2051 2051 2006 2006 2006 2006 2051 2051 2052 2052 2006 2006 2052 2052 2007 2007 2007 2007 2052 2052 2053 2053 2007 2007 2053 2053 2008 2008 2008 2008 2053 2053 2054 2054 2008 2008 2054 2054 2009 2009 2009 2009 2054 2054 2055 2055 2009 2009 2055 2055 2010 2010 2010 2010 2055 2055 2056 2056 2010 2010 2056 2056 2011 2011 2011 2011 2056 2056 2057 2057 2011 2011 2057 2057 2012 2012 2012 2012 2057 2057 2058 2058 2012 2012 2058 2058 2013 2013 2013 2013 2058 2058 2059 2059 2013 2013 2059 2059 2014 2014 2014 2014 2059 2059 2060 2060 2014 2014 2060 2060 2015 2015 2015 2015 2060 2060 2061 2061 2015 2015 2061 2061 2016 2016 2016 2016 2061 2061 2062 2062 2016 2016 2062 2062 2017 2017 2017 2017 2062 2062 2063 2063 2017 2017 2063 2063 2018 2018 2018 2018 2063 2063 2064 2064 2018 2018 2064 2064 2019 2019 2019 2019 2064 2064 2065 2065 2019 2019 2065 2065 2020 2020 2020 2020 2065 2065 2066 2066 2020 2020 2066 2066 2021 2021 2021 2021 2066 2066 2067 2067 2021 2021 2067 2067 2022 2022 2022 2022 2067 2067 2068 2068 2022 2022 2068 2068 2023 2023 2023 2023 2068 2068 2069 2069 2023 2023 2069 2069 2024 2024 2024 2024 2069 2069 2070 2070 2024 2024 2070 2070 2025 2025 2025 2025 2070 2070 2071 2071 2025 2025 2071 2071 47 47 2026 2026 0 0 2072 2072 2026 2026 2072 2072 2027 2027 2027 2027 2072 2072 2073 2073 2027 2027 2073 2073 2028 2028 2028 2028 2073 2073 2074 2074 2028 2028 2074 2074 2029 2029 2029 2029 2074 2074 2075 2075 2029 2029 2075 2075 2030 2030 2030 2030 2075 2075 2076 2076 2030 2030 2076 2076 2031 2031 2031 2031 2076 2076 2077 2077 2031 2031 2077 2077 2032 2032 2032 2032 2077 2077 2078 2078 2032 2032 2078 2078 2033 2033 2033 2033 2078 2078 2079 2079 2033 2033 2079 2079 2034 2034 2034 2034 2079 2079 2080 2080 2034 2034 2080 2080 2035 2035 2035 2035 2080 2080 2081 2081 2035 2035 2081 2081 2036 2036 2036 2036 2081 2081 2082 2082 2036 2036 2082 2082 2037 2037 2037 2037 2082 2082 2083 2083 2037 2037 2083 2083 2038 2038 2038 2038 2083 2083 2084 2084 2038 2038 2084 2084 2039 2039 2039 2039 2084 2084 2085 2085 2039 2039 2085 2085 2040 2040 2040 2040 2085 2085 2086 2086 2040 2040 2086 2086 2041 2041 2041 2041 2086 2086 2087 2087 2041 2041 2087 2087 2042 2042 2042 2042 2087 2087 2088 2088 2042 2042 2088 2088 2043 2043 2043 2043 2088 2088 2089 2089 2043 2043 2089 2089 2044 2044 2044 2044 2089 2089 2090 2090 2044 2044 2090 2090 2045 2045 2045 2045 2090 2090 2091 2091 2045 2045 2091 2091 2046 2046 2046 2046 2091 2091 2092 2092 2046 2046 2092 2092 2047 2047 2047 2047 2092 2092 2093 2093 2047 2047 2093 2093 2048 2048 2048 2048 2093 2093 2094 2094 2048 2048 2094 2094 2049 2049 2049 2049 2094 2094 2095 2095 2049 2049 2095 2095 2050 2050 2050 2050 2095 2095 2096 2096 2050 2050 2096 2096 2051 2051 2051 2051 2096 2096 2097 2097 2051 2051 2097 2097 2052 2052 2052 2052 2097 2097 2098 2098 2052 2052 2098 2098 2053 2053 2053 2053 2098 2098 2099 2099 2053 2053 2099 2099 2054 2054 2054 2054 2099 2099 2100 2100 2054 2054 2100 2100 2055 2055 2055 2055 2100 2100 2101 2101 2055 2055 2101 2101 2056 2056 2056 2056 2101 2101 2102 2102 2056 2056 2102 2102 2057 2057 2057 2057 2102 2102 2103 2103 2057 2057 2103 2103 2058 2058 2058 2058 2103 2103 2104 2104 2058 2058 2104 2104 2059 2059 2059 2059 2104 2104 2105 2105 2059 2059 2105 2105 2060 2060 2060 2060 2105 2105 2106 2106 2060 2060 2106 2106 2061 2061 2061 2061 2106 2106 2107 2107 2061 2061 2107 2107 2062 2062 2062 2062 2107 2107 2108 2108 2062 2062 2108 2108 2063 2063 2063 2063 2108 2108 2109 2109 2063 2063 2109 2109 2064 2064 2064 2064 2109 2109 2110 2110 2064 2064 2110 2110 2065 2065 2065 2065 2110 2110 2111 2111 2065 2065 2111 2111 2066 2066 2066 2066 2111 2111 2112 2112 2066 2066 2112 2112 2067 2067 2067 2067 2112 2112 2113 2113 2067 2067 2113 2113 2068 2068 2068 2068 2113 2113 2114 2114 2068 2068 2114 2114 2069 2069 2069 2069 2114 2114 2115 2115 2069 2069 2115 2115 2070 2070 2070 2070 2115 2115 2116 2116 2070 2070 2116 2116 2071 2071 2071 2071 2116 2116 2117 2117 2071 2071 2117 2117 47 47 2072 2072 0 0 2118 2118 2072 2072 2118 2118 2073 2073 2073 2073 2118 2118 2119 2119 2073 2073 2119 2119 2074 2074 2074 2074 2119 2119 2120 2120 2074 2074 2120 2120 2075 2075 2075 2075 2120 2120 2121 2121 2075 2075 2121 2121 2076 2076 2076 2076 2121 2121 2122 2122 2076 2076 2122 2122 2077 2077 2077 2077 2122 2122 2123 2123 2077 2077 2123 2123 2078 2078 2078 2078 2123 2123 2124 2124 2078 2078 2124 2124 2079 2079 2079 2079 2124 2124 2125 2125 2079 2079 2125 2125 2080 2080 2080 2080 2125 2125 2126 2126 2080 2080 2126 2126 2081 2081 2081 2081 2126 2126 2127 2127 2081 2081 2127 2127 2082 2082 2082 2082 2127 2127 2128 2128 2082 2082 2128 2128 2083 2083 2083 2083 2128 2128 2129 2129 2083 2083 2129 2129 2084 2084 2084 2084 2129 2129 2130 2130 2084 2084 2130 2130 2085 2085 2085 2085 2130 2130 2131 2131 2085 2085 2131 2131 2086 2086 2086 2086 2131 2131 2132 2132 2086 2086 2132 2132 2087 2087 2087 2087 2132 2132 2133 2133 2087 2087 2133 2133 2088 2088 2088 2088 2133 2133 2134 2134 2088 2088 2134 2134 2089 2089 2089 2089 2134 2134 2135 2135 2089 2089 2135 2135 2090 2090 2090 2090 2135 2135 2136 2136 2090 2090 2136 2136 2091 2091 2091 2091 2136 2136 2137 2137 2091 2091 2137 2137 2092 2092 2092 2092 2137 2137 2138 2138 2092 2092 2138 2138 2093 2093 2093 2093 2138 2138 2139 2139 2093 2093 2139 2139 2094 2094 2094 2094 2139 2139 2140 2140 2094 2094 2140 2140 2095 2095 2095 2095 2140 2140 2141 2141 2095 2095 2141 2141 2096 2096 2096 2096 2141 2141 2142 2142 2096 2096 2142 2142 2097 2097 2097 2097 2142 2142 2143 2143 2097 2097 2143 2143 2098 2098 2098 2098 2143 2143 2144 2144 2098 2098 2144 2144 2099 2099 2099 2099 2144 2144 2145 2145 2099 2099 2145 2145 2100 2100 2100 2100 2145 2145 2146 2146 2100 2100 2146 2146 2101 2101 2101 2101 2146 2146 2147 2147 2101 2101 2147 2147 2102 2102 2102 2102 2147 2147 2148 2148 2102 2102 2148 2148 2103 2103 2103 2103 2148 2148 2149 2149 2103 2103 2149 2149 2104 2104 2104 2104 2149 2149 2150 2150 2104 2104 2150 2150 2105 2105 2105 2105 2150 2150 2151 2151 2105 2105 2151 2151 2106 2106 2106 2106 2151 2151 2152 2152 2106 2106 2152 2152 2107 2107 2107 2107 2152 2152 2153 2153 2107 2107 2153 2153 2108 2108 2108 2108 2153 2153 2154 2154 2108 2108 2154 2154 2109 2109 2109 2109 2154 2154 2155 2155 2109 2109 2155 2155 2110 2110 2110 2110 2155 2155 2156 2156 2110 2110 2156 2156 2111 2111 2111 2111 2156 2156 2157 2157 2111 2111 2157 2157 2112 2112 2112 2112 2157 2157 2158 2158 2112 2112 2158 2158 2113 2113 2113 2113 2158 2158 2159 2159 2113 2113 2159 2159 2114 2114 2114 2114 2159 2159 2160 2160 2114 2114 2160 2160 2115 2115 2115 2115 2160 2160 2161 2161 2115 2115 2161 2161 2116 2116 2116 2116 2161 2161 2162 2162 2116 2116 2162 2162 2117 2117 2117 2117 2162 2162 2163 2163 2117 2117 2163 2163 47 47 2118 2118 0 0 2164 2164 2118 2118 2164 2164 2119 2119 2119 2119 2164 2164 2165 2165 2119 2119 2165 2165 2120 2120 2120 2120 2165 2165 2166 2166 2120 2120 2166 2166 2121 2121 2121 2121 2166 2166 2167 2167 2121 2121 2167 2167 2122 2122 2122 2122 2167 2167 2168 2168 2122 2122 2168 2168 2123 2123 2123 2123 2168 2168 2169 2169 2123 2123 2169 2169 2124 2124 2124 2124 2169 2169 2170 2170 2124 2124 2170 2170 2125 2125 2125 2125 2170 2170 2171 2171 2125 2125 2171 2171 2126 2126 2126 2126 2171 2171 2172 2172 2126 2126 2172 2172 2127 2127 2127 2127 2172 2172 2173 2173 2127 2127 2173 2173 2128 2128 2128 2128 2173 2173 2174 2174 2128 2128 2174 2174 2129 2129 2129 2129 2174 2174 2175 2175 2129 2129 2175 2175 2130 2130 2130 2130 2175 2175 2176 2176 2130 2130 2176 2176 2131 2131 2131 2131 2176 2176 2177 2177 2131 2131 2177 2177 2132 2132 2132 2132 2177 2177 2178 2178 2132 2132 2178 2178 2133 2133 2133 2133 2178 2178 2179 2179 2133 2133 2179 2179 2134 2134 2134 2134 2179 2179 2180 2180 2134 2134 2180 2180 2135 2135 2135 2135 2180 2180 2181 2181 2135 2135 2181 2181 2136 2136 2136 2136 2181 2181 2182 2182 2136 2136 2182 2182 2137 2137 2137 2137 2182 2182 2183 2183 2137 2137 2183 2183 2138 2138 2138 2138 2183 2183 2184 2184 2138 2138 2184 2184 2139 2139 2139 2139 2184 2184 2185 2185 2139 2139 2185 2185 2140 2140 2140 2140 2185 2185 2186 2186 2140 2140 2186 2186 2141 2141 2141 2141 2186 2186 2187 2187 2141 2141 2187 2187 2142 2142 2142 2142 2187 2187 2188 2188 2142 2142 2188 2188 2143 2143 2143 2143 2188 2188 2189 2189 2143 2143 2189 2189 2144 2144 2144 2144 2189 2189 2190 2190 2144 2144 2190 2190 2145 2145 2145 2145 2190 2190 2191 2191 2145 2145 2191 2191 2146 2146 2146 2146 2191 2191 2192 2192 2146 2146 2192 2192 2147 2147 2147 2147 2192 2192 2193 2193 2147 2147 2193 2193 2148 2148 2148 2148 2193 2193 2194 2194 2148 2148 2194 2194 2149 2149 2149 2149 2194 2194 2195 2195 2149 2149 2195 2195 2150 2150 2150 2150 2195 2195 2196 2196 2150 2150 2196 2196 2151 2151 2151 2151 2196 2196 2197 2197 2151 2151 2197 2197 2152 2152 2152 2152 2197 2197 2198 2198 2152 2152 2198 2198 2153 2153 2153 2153 2198 2198 2199 2199 2153 2153 2199 2199 2154 2154 2154 2154 2199 2199 2200 2200 2154 2154 2200 2200 2155 2155 2155 2155 2200 2200 2201 2201 2155 2155 2201 2201 2156 2156 2156 2156 2201 2201 2202 2202 2156 2156 2202 2202 2157 2157 2157 2157 2202 2202 2203 2203 2157 2157 2203 2203 2158 2158 2158 2158 2203 2203 2204 2204 2158 2158 2204 2204 2159 2159 2159 2159 2204 2204 2205 2205 2159 2159 2205 2205 2160 2160 2160 2160 2205 2205 2206 2206 2160 2160 2206 2206 2161 2161 2161 2161 2206 2206 2207 2207 2161 2161 2207 2207 2162 2162 2162 2162 2207 2207 2208 2208 2162 2162 2208 2208 2163 2163 2163 2163 2208 2208 2209 2209 2163 2163 2209 2209 47 47 2164 2164 0 0 2210 2210 2164 2164 2210 2210 2165 2165 2165 2165 2210 2210 2211 2211 2165 2165 2211 2211 2166 2166 2166 2166 2211 2211 2212 2212 2166 2166 2212 2212 2167 2167 2167 2167 2212 2212 2213 2213 2167 2167 2213 2213 2168 2168 2168 2168 2213 2213 2214 2214 2168 2168 2214 2214 2169 2169 2169 2169 2214 2214 2215 2215 2169 2169 2215 2215 2170 2170 2170 2170 2215 2215 2216 2216 2170 2170 2216 2216 2171 2171 2171 2171 2216 2216 2217 2217 2171 2171 2217 2217 2172 2172 2172 2172 2217 2217 2218 2218 2172 2172 2218 2218 2173 2173 2173 2173 2218 2218 2219 2219 2173 2173 2219 2219 2174 2174 2174 2174 2219 2219 2220 2220 2174 2174 2220 2220 2175 2175 2175 2175 2220 2220 2221 2221 2175 2175 2221 2221 2176 2176 2176 2176 2221 2221 2222 2222 2176 2176 2222 2222 2177 2177 2177 2177 2222 2222 2223 2223 2177 2177 2223 2223 2178 2178 2178 2178 2223 2223 2224 2224 2178 2178 2224 2224 2179 2179 2179 2179 2224 2224 2225 2225 2179 2179 2225 2225 2180 2180 2180 2180 2225 2225 2226 2226 2180 2180 2226 2226 2181 2181 2181 2181 2226 2226 2227 2227 2181 2181 2227 2227 2182 2182 2182 2182 2227 2227 2228 2228 2182 2182 2228 2228 2183 2183 2183 2183 2228 2228 2229 2229 2183 2183 2229 2229 2184 2184 2184 2184 2229 2229 2230 2230 2184 2184 2230 2230 2185 2185 2185 2185 2230 2230 2231 2231 2185 2185 2231 2231 2186 2186 2186 2186 2231 2231 2232 2232 2186 2186 2232 2232 2187 2187 2187 2187 2232 2232 2233 2233 2187 2187 2233 2233 2188 2188 2188 2188 2233 2233 2234 2234 2188 2188 2234 2234 2189 2189 2189 2189 2234 2234 2235 2235 2189 2189 2235 2235 2190 2190 2190 2190 2235 2235 2236 2236 2190 2190 2236 2236 2191 2191 2191 2191 2236 2236 2237 2237 2191 2191 2237 2237 2192 2192 2192 2192 2237 2237 2238 2238 2192 2192 2238 2238 2193 2193 2193 2193 2238 2238 2239 2239 2193 2193 2239 2239 2194 2194 2194 2194 2239 2239 2240 2240 2194 2194 2240 2240 2195 2195 2195 2195 2240 2240 2241 2241 2195 2195 2241 2241 2196 2196 2196 2196 2241 2241 2242 2242 2196 2196 2242 2242 2197 2197 2197 2197 2242 2242 2243 2243 2197 2197 2243 2243 2198 2198 2198 2198 2243 2243 2244 2244 2198 2198 2244 2244 2199 2199 2199 2199 2244 2244 2245 2245 2199 2199 2245 2245 2200 2200 2200 2200 2245 2245 2246 2246 2200 2200 2246 2246 2201 2201 2201 2201 2246 2246 2247 2247 2201 2201 2247 2247 2202 2202 2202 2202 2247 2247 2248 2248 2202 2202 2248 2248 2203 2203 2203 2203 2248 2248 2249 2249 2203 2203 2249 2249 2204 2204 2204 2204 2249 2249 2250 2250 2204 2204 2250 2250 2205 2205 2205 2205 2250 2250 2251 2251 2205 2205 2251 2251 2206 2206 2206 2206 2251 2251 2252 2252 2206 2206 2252 2252 2207 2207 2207 2207 2252 2252 2253 2253 2207 2207 2253 2253 2208 2208 2208 2208 2253 2253 2254 2254 2208 2208 2254 2254 2209 2209 2209 2209 2254 2254 2255 2255 2209 2209 2255 2255 47 47 2210 2210 0 0 2256 2256 2210 2210 2256 2256 2211 2211 2211 2211 2256 2256 2257 2257 2211 2211 2257 2257 2212 2212 2212 2212 2257 2257 2258 2258 2212 2212 2258 2258 2213 2213 2213 2213 2258 2258 2259 2259 2213 2213 2259 2259 2214 2214 2214 2214 2259 2259 2260 2260 2214 2214 2260 2260 2215 2215 2215 2215 2260 2260 2261 2261 2215 2215 2261 2261 2216 2216 2216 2216 2261 2261 2262 2262 2216 2216 2262 2262 2217 2217 2217 2217 2262 2262 2263 2263 2217 2217 2263 2263 2218 2218 2218 2218 2263 2263 2264 2264 2218 2218 2264 2264 2219 2219 2219 2219 2264 2264 2265 2265 2219 2219 2265 2265 2220 2220 2220 2220 2265 2265 2266 2266 2220 2220 2266 2266 2221 2221 2221 2221 2266 2266 2267 2267 2221 2221 2267 2267 2222 2222 2222 2222 2267 2267 2268 2268 2222 2222 2268 2268 2223 2223 2223 2223 2268 2268 2269 2269 2223 2223 2269 2269 2224 2224 2224 2224 2269 2269 2270 2270 2224 2224 2270 2270 2225 2225 2225 2225 2270 2270 2271 2271 2225 2225 2271 2271 2226 2226 2226 2226 2271 2271 2272 2272 2226 2226 2272 2272 2227 2227 2227 2227 2272 2272 2273 2273 2227 2227 2273 2273 2228 2228 2228 2228 2273 2273 2274 2274 2228 2228 2274 2274 2229 2229 2229 2229 2274 2274 2275 2275 2229 2229 2275 2275 2230 2230 2230 2230 2275 2275 2276 2276 2230 2230 2276 2276 2231 2231 2231 2231 2276 2276 2277 2277 2231 2231 2277 2277 2232 2232 2232 2232 2277 2277 2278 2278 2232 2232 2278 2278 2233 2233 2233 2233 2278 2278 2279 2279 2233 2233 2279 2279 2234 2234 2234 2234 2279 2279 2280 2280 2234 2234 2280 2280 2235 2235 2235 2235 2280 2280 2281 2281 2235 2235 2281 2281 2236 2236 2236 2236 2281 2281 2282 2282 2236 2236 2282 2282 2237 2237 2237 2237 2282 2282 2283 2283 2237 2237 2283 2283 2238 2238 2238 2238 2283 2283 2284 2284 2238 2238 2284 2284 2239 2239 2239 2239 2284 2284 2285 2285 2239 2239 2285 2285 2240 2240 2240 2240 2285 2285 2286 2286 2240 2240 2286 2286 2241 2241 2241 2241 2286 2286 2287 2287 2241 2241 2287 2287 2242 2242 2242 2242 2287 2287 2288 2288 2242 2242 2288 2288 2243 2243 2243 2243 2288 2288 2289 2289 2243 2243 2289 2289 2244 2244 2244 2244 2289 2289 2290 2290 2244 2244 2290 2290 2245 2245 2245 2245 2290 2290 2291 2291 2245 2245 2291 2291 2246 2246 2246 2246 2291 2291 2292 2292 2246 2246 2292 2292 2247 2247 2247 2247 2292 2292 2293 2293 2247 2247 2293 2293 2248 2248 2248 2248 2293 2293 2294 2294 2248 2248 2294 2294 2249 2249 2249 2249 2294 2294 2295 2295 2249 2249 2295 2295 2250 2250 2250 2250 2295 2295 2296 2296 2250 2250 2296 2296 2251 2251 2251 2251 2296 2296 2297 2297 2251 2251 2297 2297 2252 2252 2252 2252 2297 2297 2298 2298 2252 2252 2298 2298 2253 2253 2253 2253 2298 2298 2299 2299 2253 2253 2299 2299 2254 2254 2254 2254 2299 2299 2300 2300 2254 2254 2300 2300 2255 2255 2255 2255 2300 2300 2301 2301 2255 2255 2301 2301 47 47 2256 2256 0 0 2302 2302 2256 2256 2302 2302 2257 2257 2257 2257 2302 2302 2303 2303 2257 2257 2303 2303 2258 2258 2258 2258 2303 2303 2304 2304 2258 2258 2304 2304 2259 2259 2259 2259 2304 2304 2305 2305 2259 2259 2305 2305 2260 2260 2260 2260 2305 2305 2306 2306 2260 2260 2306 2306 2261 2261 2261 2261 2306 2306 2307 2307 2261 2261 2307 2307 2262 2262 2262 2262 2307 2307 2308 2308 2262 2262 2308 2308 2263 2263 2263 2263 2308 2308 2309 2309 2263 2263 2309 2309 2264 2264 2264 2264 2309 2309 2310 2310 2264 2264 2310 2310 2265 2265 2265 2265 2310 2310 2311 2311 2265 2265 2311 2311 2266 2266 2266 2266 2311 2311 2312 2312 2266 2266 2312 2312 2267 2267 2267 2267 2312 2312 2313 2313 2267 2267 2313 2313 2268 2268 2268 2268 2313 2313 2314 2314 2268 2268 2314 2314 2269 2269 2269 2269 2314 2314 2315 2315 2269 2269 2315 2315 2270 2270 2270 2270 2315 2315 2316 2316 2270 2270 2316 2316 2271 2271 2271 2271 2316 2316 2317 2317 2271 2271 2317 2317 2272 2272 2272 2272 2317 2317 2318 2318 2272 2272 2318 2318 2273 2273 2273 2273 2318 2318 2319 2319 2273 2273 2319 2319 2274 2274 2274 2274 2319 2319 2320 2320 2274 2274 2320 2320 2275 2275 2275 2275 2320 2320 2321 2321 2275 2275 2321 2321 2276 2276 2276 2276 2321 2321 2322 2322 2276 2276 2322 2322 2277 2277 2277 2277 2322 2322 2323 2323 2277 2277 2323 2323 2278 2278 2278 2278 2323 2323 2324 2324 2278 2278 2324 2324 2279 2279 2279 2279 2324 2324 2325 2325 2279 2279 2325 2325 2280 2280 2280 2280 2325 2325 2326 2326 2280 2280 2326 2326 2281 2281 2281 2281 2326 2326 2327 2327 2281 2281 2327 2327 2282 2282 2282 2282 2327 2327 2328 2328 2282 2282 2328 2328 2283 2283 2283 2283 2328 2328 2329 2329 2283 2283 2329 2329 2284 2284 2284 2284 2329 2329 2330 2330 2284 2284 2330 2330 2285 2285 2285 2285 2330 2330 2331 2331 2285 2285 2331 2331 2286 2286 2286 2286 2331 2331 2332 2332 2286 2286 2332 2332 2287 2287 2287 2287 2332 2332 2333 2333 2287 2287 2333 2333 2288 2288 2288 2288 2333 2333 2334 2334 2288 2288 2334 2334 2289 2289 2289 2289 2334 2334 2335 2335 2289 2289 2335 2335 2290 2290 2290 2290 2335 2335 2336 2336 2290 2290 2336 2336 2291 2291 2291 2291 2336 2336 2337 2337 2291 2291 2337 2337 2292 2292 2292 2292 2337 2337 2338 2338 2292 2292 2338 2338 2293 2293 2293 2293 2338 2338 2339 2339 2293 2293 2339 2339 2294 2294 2294 2294 2339 2339 2340 2340 2294 2294 2340 2340 2295 2295 2295 2295 2340 2340 2341 2341 2295 2295 2341 2341 2296 2296 2296 2296 2341 2341 2342 2342 2296 2296 2342 2342 2297 2297 2297 2297 2342 2342 2343 2343 2297 2297 2343 2343 2298 2298 2298 2298 2343 2343 2344 2344 2298 2298 2344 2344 2299 2299 2299 2299 2344 2344 2345 2345 2299 2299 2345 2345 2300 2300 2300 2300 2345 2345 2346 2346 2300 2300 2346 2346 2301 2301 2301 2301 2346 2346 2347 2347 2301 2301 2347 2347 47 47 2302 2302 0 0 2348 2348 2302 2302 2348 2348 2303 2303 2303 2303 2348 2348 2349 2349 2303 2303 2349 2349 2304 2304 2304 2304 2349 2349 2350 2350 2304 2304 2350 2350 2305 2305 2305 2305 2350 2350 2351 2351 2305 2305 2351 2351 2306 2306 2306 2306 2351 2351 2352 2352 2306 2306 2352 2352 2307 2307 2307 2307 2352 2352 2353 2353 2307 2307 2353 2353 2308 2308 2308 2308 2353 2353 2354 2354 2308 2308 2354 2354 2309 2309 2309 2309 2354 2354 2355 2355 2309 2309 2355 2355 2310 2310 2310 2310 2355 2355 2356 2356 2310 2310 2356 2356 2311 2311 2311 2311 2356 2356 2357 2357 2311 2311 2357 2357 2312 2312 2312 2312 2357 2357 2358 2358 2312 2312 2358 2358 2313 2313 2313 2313 2358 2358 2359 2359 2313 2313 2359 2359 2314 2314 2314 2314 2359 2359 2360 2360 2314 2314 2360 2360 2315 2315 2315 2315 2360 2360 2361 2361 2315 2315 2361 2361 2316 2316 2316 2316 2361 2361 2362 2362 2316 2316 2362 2362 2317 2317 2317 2317 2362 2362 2363 2363 2317 2317 2363 2363 2318 2318 2318 2318 2363 2363 2364 2364 2318 2318 2364 2364 2319 2319 2319 2319 2364 2364 2365 2365 2319 2319 2365 2365 2320 2320 2320 2320 2365 2365 2366 2366 2320 2320 2366 2366 2321 2321 2321 2321 2366 2366 2367 2367 2321 2321 2367 2367 2322 2322 2322 2322 2367 2367 2368 2368 2322 2322 2368 2368 2323 2323 2323 2323 2368 2368 2369 2369 2323 2323 2369 2369 2324 2324 2324 2324 2369 2369 2370 2370 2324 2324 2370 2370 2325 2325 2325 2325 2370 2370 2371 2371 2325 2325 2371 2371 2326 2326 2326 2326 2371 2371 2372 2372 2326 2326 2372 2372 2327 2327 2327 2327 2372 2372 2373 2373 2327 2327 2373 2373 2328 2328 2328 2328 2373 2373 2374 2374 2328 2328 2374 2374 2329 2329 2329 2329 2374 2374 2375 2375 2329 2329 2375 2375 2330 2330 2330 2330 2375 2375 2376 2376 2330 2330 2376 2376 2331 2331 2331 2331 2376 2376 2377 2377 2331 2331 2377 2377 2332 2332 2332 2332 2377 2377 2378 2378 2332 2332 2378 2378 2333 2333 2333 2333 2378 2378 2379 2379 2333 2333 2379 2379 2334 2334 2334 2334 2379 2379 2380 2380 2334 2334 2380 2380 2335 2335 2335 2335 2380 2380 2381 2381 2335 2335 2381 2381 2336 2336 2336 2336 2381 2381 2382 2382 2336 2336 2382 2382 2337 2337 2337 2337 2382 2382 2383 2383 2337 2337 2383 2383 2338 2338 2338 2338 2383 2383 2384 2384 2338 2338 2384 2384 2339 2339 2339 2339 2384 2384 2385 2385 2339 2339 2385 2385 2340 2340 2340 2340 2385 2385 2386 2386 2340 2340 2386 2386 2341 2341 2341 2341 2386 2386 2387 2387 2341 2341 2387 2387 2342 2342 2342 2342 2387 2387 2388 2388 2342 2342 2388 2388 2343 2343 2343 2343 2388 2388 2389 2389 2343 2343 2389 2389 2344 2344 2344 2344 2389 2389 2390 2390 2344 2344 2390 2390 2345 2345 2345 2345 2390 2390 2391 2391 2345 2345 2391 2391 2346 2346 2346 2346 2391 2391 2392 2392 2346 2346 2392 2392 2347 2347 2347 2347 2392 2392 2393 2393 2347 2347 2393 2393 47 47 2348 2348 0 0 2394 2394 2348 2348 2394 2394 2349 2349 2349 2349 2394 2394 2395 2395 2349 2349 2395 2395 2350 2350 2350 2350 2395 2395 2396 2396 2350 2350 2396 2396 2351 2351 2351 2351 2396 2396 2397 2397 2351 2351 2397 2397 2352 2352 2352 2352 2397 2397 2398 2398 2352 2352 2398 2398 2353 2353 2353 2353 2398 2398 2399 2399 2353 2353 2399 2399 2354 2354 2354 2354 2399 2399 2400 2400 2354 2354 2400 2400 2355 2355 2355 2355 2400 2400 2401 2401 2355 2355 2401 2401 2356 2356 2356 2356 2401 2401 2402 2402 2356 2356 2402 2402 2357 2357 2357 2357 2402 2402 2403 2403 2357 2357 2403 2403 2358 2358 2358 2358 2403 2403 2404 2404 2358 2358 2404 2404 2359 2359 2359 2359 2404 2404 2405 2405 2359 2359 2405 2405 2360 2360 2360 2360 2405 2405 2406 2406 2360 2360 2406 2406 2361 2361 2361 2361 2406 2406 2407 2407 2361 2361 2407 2407 2362 2362 2362 2362 2407 2407 2408 2408 2362 2362 2408 2408 2363 2363 2363 2363 2408 2408 2409 2409 2363 2363 2409 2409 2364 2364 2364 2364 2409 2409 2410 2410 2364 2364 2410 2410 2365 2365 2365 2365 2410 2410 2411 2411 2365 2365 2411 2411 2366 2366 2366 2366 2411 2411 2412 2412 2366 2366 2412 2412 2367 2367 2367 2367 2412 2412 2413 2413 2367 2367 2413 2413 2368 2368 2368 2368 2413 2413 2414 2414 2368 2368 2414 2414 2369 2369 2369 2369 2414 2414 2415 2415 2369 2369 2415 2415 2370 2370 2370 2370 2415 2415 2416 2416 2370 2370 2416 2416 2371 2371 2371 2371 2416 2416 2417 2417 2371 2371 2417 2417 2372 2372 2372 2372 2417 2417 2418 2418 2372 2372 2418 2418 2373 2373 2373 2373 2418 2418 2419 2419 2373 2373 2419 2419 2374 2374 2374 2374 2419 2419 2420 2420 2374 2374 2420 2420 2375 2375 2375 2375 2420 2420 2421 2421 2375 2375 2421 2421 2376 2376 2376 2376 2421 2421 2422 2422 2376 2376 2422 2422 2377 2377 2377 2377 2422 2422 2423 2423 2377 2377 2423 2423 2378 2378 2378 2378 2423 2423 2424 2424 2378 2378 2424 2424 2379 2379 2379 2379 2424 2424 2425 2425 2379 2379 2425 2425 2380 2380 2380 2380 2425 2425 2426 2426 2380 2380 2426 2426 2381 2381 2381 2381 2426 2426 2427 2427 2381 2381 2427 2427 2382 2382 2382 2382 2427 2427 2428 2428 2382 2382 2428 2428 2383 2383 2383 2383 2428 2428 2429 2429 2383 2383 2429 2429 2384 2384 2384 2384 2429 2429 2430 2430 2384 2384 2430 2430 2385 2385 2385 2385 2430 2430 2431 2431 2385 2385 2431 2431 2386 2386 2386 2386 2431 2431 2432 2432 2386 2386 2432 2432 2387 2387 2387 2387 2432 2432 2433 2433 2387 2387 2433 2433 2388 2388 2388 2388 2433 2433 2434 2434 2388 2388 2434 2434 2389 2389 2389 2389 2434 2434 2435 2435 2389 2389 2435 2435 2390 2390 2390 2390 2435 2435 2436 2436 2390 2390 2436 2436 2391 2391 2391 2391 2436 2436 2437 2437 2391 2391 2437 2437 2392 2392 2392 2392 2437 2437 2438 2438 2392 2392 2438 2438 2393 2393 2393 2393 2438 2438 2439 2439 2393 2393 2439 2439 47 47 2394 2394 0 0 2440 2440 2394 2394 2440 2440 2395 2395 2395 2395 2440 2440 2441 2441 2395 2395 2441 2441 2396 2396 2396 2396 2441 2441 2442 2442 2396 2396 2442 2442 2397 2397 2397 2397 2442 2442 2443 2443 2397 2397 2443 2443 2398 2398 2398 2398 2443 2443 2444 2444 2398 2398 2444 2444 2399 2399 2399 2399 2444 2444 2445 2445 2399 2399 2445 2445 2400 2400 2400 2400 2445 2445 2446 2446 2400 2400 2446 2446 2401 2401 2401 2401 2446 2446 2447 2447 2401 2401 2447 2447 2402 2402 2402 2402 2447 2447 2448 2448 2402 2402 2448 2448 2403 2403 2403 2403 2448 2448 2449 2449 2403 2403 2449 2449 2404 2404 2404 2404 2449 2449 2450 2450 2404 2404 2450 2450 2405 2405 2405 2405 2450 2450 2451 2451 2405 2405 2451 2451 2406 2406 2406 2406 2451 2451 2452 2452 2406 2406 2452 2452 2407 2407 2407 2407 2452 2452 2453 2453 2407 2407 2453 2453 2408 2408 2408 2408 2453 2453 2454 2454 2408 2408 2454 2454 2409 2409 2409 2409 2454 2454 2455 2455 2409 2409 2455 2455 2410 2410 2410 2410 2455 2455 2456 2456 2410 2410 2456 2456 2411 2411 2411 2411 2456 2456 2457 2457 2411 2411 2457 2457 2412 2412 2412 2412 2457 2457 2458 2458 2412 2412 2458 2458 2413 2413 2413 2413 2458 2458 2459 2459 2413 2413 2459 2459 2414 2414 2414 2414 2459 2459 2460 2460 2414 2414 2460 2460 2415 2415 2415 2415 2460 2460 2461 2461 2415 2415 2461 2461 2416 2416 2416 2416 2461 2461 2462 2462 2416 2416 2462 2462 2417 2417 2417 2417 2462 2462 2463 2463 2417 2417 2463 2463 2418 2418 2418 2418 2463 2463 2464 2464 2418 2418 2464 2464 2419 2419 2419 2419 2464 2464 2465 2465 2419 2419 2465 2465 2420 2420 2420 2420 2465 2465 2466 2466 2420 2420 2466 2466 2421 2421 2421 2421 2466 2466 2467 2467 2421 2421 2467 2467 2422 2422 2422 2422 2467 2467 2468 2468 2422 2422 2468 2468 2423 2423 2423 2423 2468 2468 2469 2469 2423 2423 2469 2469 2424 2424 2424 2424 2469 2469 2470 2470 2424 2424 2470 2470 2425 2425 2425 2425 2470 2470 2471 2471 2425 2425 2471 2471 2426 2426 2426 2426 2471 2471 2472 2472 2426 2426 2472 2472 2427 2427 2427 2427 2472 2472 2473 2473 2427 2427 2473 2473 2428 2428 2428 2428 2473 2473 2474 2474 2428 2428 2474 2474 2429 2429 2429 2429 2474 2474 2475 2475 2429 2429 2475 2475 2430 2430 2430 2430 2475 2475 2476 2476 2430 2430 2476 2476 2431 2431 2431 2431 2476 2476 2477 2477 2431 2431 2477 2477 2432 2432 2432 2432 2477 2477 2478 2478 2432 2432 2478 2478 2433 2433 2433 2433 2478 2478 2479 2479 2433 2433 2479 2479 2434 2434 2434 2434 2479 2479 2480 2480 2434 2434 2480 2480 2435 2435 2435 2435 2480 2480 2481 2481 2435 2435 2481 2481 2436 2436 2436 2436 2481 2481 2482 2482 2436 2436 2482 2482 2437 2437 2437 2437 2482 2482 2483 2483 2437 2437 2483 2483 2438 2438 2438 2438 2483 2483 2484 2484 2438 2438 2484 2484 2439 2439 2439 2439 2484 2484 2485 2485 2439 2439 2485 2485 47 47 2440 2440 0 0 2486 2486 2440 2440 2486 2486 2441 2441 2441 2441 2486 2486 2487 2487 2441 2441 2487 2487 2442 2442 2442 2442 2487 2487 2488 2488 2442 2442 2488 2488 2443 2443 2443 2443 2488 2488 2489 2489 2443 2443 2489 2489 2444 2444 2444 2444 2489 2489 2490 2490 2444 2444 2490 2490 2445 2445 2445 2445 2490 2490 2491 2491 2445 2445 2491 2491 2446 2446 2446 2446 2491 2491 2492 2492 2446 2446 2492 2492 2447 2447 2447 2447 2492 2492 2493 2493 2447 2447 2493 2493 2448 2448 2448 2448 2493 2493 2494 2494 2448 2448 2494 2494 2449 2449 2449 2449 2494 2494 2495 2495 2449 2449 2495 2495 2450 2450 2450 2450 2495 2495 2496 2496 2450 2450 2496 2496 2451 2451 2451 2451 2496 2496 2497 2497 2451 2451 2497 2497 2452 2452 2452 2452 2497 2497 2498 2498 2452 2452 2498 2498 2453 2453 2453 2453 2498 2498 2499 2499 2453 2453 2499 2499 2454 2454 2454 2454 2499 2499 2500 2500 2454 2454 2500 2500 2455 2455 2455 2455 2500 2500 2501 2501 2455 2455 2501 2501 2456 2456 2456 2456 2501 2501 2502 2502 2456 2456 2502 2502 2457 2457 2457 2457 2502 2502 2503 2503 2457 2457 2503 2503 2458 2458 2458 2458 2503 2503 2504 2504 2458 2458 2504 2504 2459 2459 2459 2459 2504 2504 2505 2505 2459 2459 2505 2505 2460 2460 2460 2460 2505 2505 2506 2506 2460 2460 2506 2506 2461 2461 2461 2461 2506 2506 2507 2507 2461 2461 2507 2507 2462 2462 2462 2462 2507 2507 2508 2508 2462 2462 2508 2508 2463 2463 2463 2463 2508 2508 2509 2509 2463 2463 2509 2509 2464 2464 2464 2464 2509 2509 2510 2510 2464 2464 2510 2510 2465 2465 2465 2465 2510 2510 2511 2511 2465 2465 2511 2511 2466 2466 2466 2466 2511 2511 2512 2512 2466 2466 2512 2512 2467 2467 2467 2467 2512 2512 2513 2513 2467 2467 2513 2513 2468 2468 2468 2468 2513 2513 2514 2514 2468 2468 2514 2514 2469 2469 2469 2469 2514 2514 2515 2515 2469 2469 2515 2515 2470 2470 2470 2470 2515 2515 2516 2516 2470 2470 2516 2516 2471 2471 2471 2471 2516 2516 2517 2517 2471 2471 2517 2517 2472 2472 2472 2472 2517 2517 2518 2518 2472 2472 2518 2518 2473 2473 2473 2473 2518 2518 2519 2519 2473 2473 2519 2519 2474 2474 2474 2474 2519 2519 2520 2520 2474 2474 2520 2520 2475 2475 2475 2475 2520 2520 2521 2521 2475 2475 2521 2521 2476 2476 2476 2476 2521 2521 2522 2522 2476 2476 2522 2522 2477 2477 2477 2477 2522 2522 2523 2523 2477 2477 2523 2523 2478 2478 2478 2478 2523 2523 2524 2524 2478 2478 2524 2524 2479 2479 2479 2479 2524 2524 2525 2525 2479 2479 2525 2525 2480 2480 2480 2480 2525 2525 2526 2526 2480 2480 2526 2526 2481 2481 2481 2481 2526 2526 2527 2527 2481 2481 2527 2527 2482 2482 2482 2482 2527 2527 2528 2528 2482 2482 2528 2528 2483 2483 2483 2483 2528 2528 2529 2529 2483 2483 2529 2529 2484 2484 2484 2484 2529 2529 2530 2530 2484 2484 2530 2530 2485 2485 2485 2485 2530 2530 2531 2531 2485 2485 2531 2531 47 47 2486 2486 0 0 2532 2532 2486 2486 2532 2532 2487 2487 2487 2487 2532 2532 2533 2533 2487 2487 2533 2533 2488 2488 2488 2488 2533 2533 2534 2534 2488 2488 2534 2534 2489 2489 2489 2489 2534 2534 2535 2535 2489 2489 2535 2535 2490 2490 2490 2490 2535 2535 2536 2536 2490 2490 2536 2536 2491 2491 2491 2491 2536 2536 2537 2537 2491 2491 2537 2537 2492 2492 2492 2492 2537 2537 2538 2538 2492 2492 2538 2538 2493 2493 2493 2493 2538 2538 2539 2539 2493 2493 2539 2539 2494 2494 2494 2494 2539 2539 2540 2540 2494 2494 2540 2540 2495 2495 2495 2495 2540 2540 2541 2541 2495 2495 2541 2541 2496 2496 2496 2496 2541 2541 2542 2542 2496 2496 2542 2542 2497 2497 2497 2497 2542 2542 2543 2543 2497 2497 2543 2543 2498 2498 2498 2498 2543 2543 2544 2544 2498 2498 2544 2544 2499 2499 2499 2499 2544 2544 2545 2545 2499 2499 2545 2545 2500 2500 2500 2500 2545 2545 2546 2546 2500 2500 2546 2546 2501 2501 2501 2501 2546 2546 2547 2547 2501 2501 2547 2547 2502 2502 2502 2502 2547 2547 2548 2548 2502 2502 2548 2548 2503 2503 2503 2503 2548 2548 2549 2549 2503 2503 2549 2549 2504 2504 2504 2504 2549 2549 2550 2550 2504 2504 2550 2550 2505 2505 2505 2505 2550 2550 2551 2551 2505 2505 2551 2551 2506 2506 2506 2506 2551 2551 2552 2552 2506 2506 2552 2552 2507 2507 2507 2507 2552 2552 2553 2553 2507 2507 2553 2553 2508 2508 2508 2508 2553 2553 2554 2554 2508 2508 2554 2554 2509 2509 2509 2509 2554 2554 2555 2555 2509 2509 2555 2555 2510 2510 2510 2510 2555 2555 2556 2556 2510 2510 2556 2556 2511 2511 2511 2511 2556 2556 2557 2557 2511 2511 2557 2557 2512 2512 2512 2512 2557 2557 2558 2558 2512 2512 2558 2558 2513 2513 2513 2513 2558 2558 2559 2559 2513 2513 2559 2559 2514 2514 2514 2514 2559 2559 2560 2560 2514 2514 2560 2560 2515 2515 2515 2515 2560 2560 2561 2561 2515 2515 2561 2561 2516 2516 2516 2516 2561 2561 2562 2562 2516 2516 2562 2562 2517 2517 2517 2517 2562 2562 2563 2563 2517 2517 2563 2563 2518 2518 2518 2518 2563 2563 2564 2564 2518 2518 2564 2564 2519 2519 2519 2519 2564 2564 2565 2565 2519 2519 2565 2565 2520 2520 2520 2520 2565 2565 2566 2566 2520 2520 2566 2566 2521 2521 2521 2521 2566 2566 2567 2567 2521 2521 2567 2567 2522 2522 2522 2522 2567 2567 2568 2568 2522 2522 2568 2568 2523 2523 2523 2523 2568 2568 2569 2569 2523 2523 2569 2569 2524 2524 2524 2524 2569 2569 2570 2570 2524 2524 2570 2570 2525 2525 2525 2525 2570 2570 2571 2571 2525 2525 2571 2571 2526 2526 2526 2526 2571 2571 2572 2572 2526 2526 2572 2572 2527 2527 2527 2527 2572 2572 2573 2573 2527 2527 2573 2573 2528 2528 2528 2528 2573 2573 2574 2574 2528 2528 2574 2574 2529 2529 2529 2529 2574 2574 2575 2575 2529 2529 2575 2575 2530 2530 2530 2530 2575 2575 2576 2576 2530 2530 2576 2576 2531 2531 2531 2531 2576 2576 2577 2577 2531 2531 2577 2577 47 47 2532 2532 0 0 2578 2578 2532 2532 2578 2578 2533 2533 2533 2533 2578 2578 2579 2579 2533 2533 2579 2579 2534 2534 2534 2534 2579 2579 2580 2580 2534 2534 2580 2580 2535 2535 2535 2535 2580 2580 2581 2581 2535 2535 2581 2581 2536 2536 2536 2536 2581 2581 2582 2582 2536 2536 2582 2582 2537 2537 2537 2537 2582 2582 2583 2583 2537 2537 2583 2583 2538 2538 2538 2538 2583 2583 2584 2584 2538 2538 2584 2584 2539 2539 2539 2539 2584 2584 2585 2585 2539 2539 2585 2585 2540 2540 2540 2540 2585 2585 2586 2586 2540 2540 2586 2586 2541 2541 2541 2541 2586 2586 2587 2587 2541 2541 2587 2587 2542 2542 2542 2542 2587 2587 2588 2588 2542 2542 2588 2588 2543 2543 2543 2543 2588 2588 2589 2589 2543 2543 2589 2589 2544 2544 2544 2544 2589 2589 2590 2590 2544 2544 2590 2590 2545 2545 2545 2545 2590 2590 2591 2591 2545 2545 2591 2591 2546 2546 2546 2546 2591 2591 2592 2592 2546 2546 2592 2592 2547 2547 2547 2547 2592 2592 2593 2593 2547 2547 2593 2593 2548 2548 2548 2548 2593 2593 2594 2594 2548 2548 2594 2594 2549 2549 2549 2549 2594 2594 2595 2595 2549 2549 2595 2595 2550 2550 2550 2550 2595 2595 2596 2596 2550 2550 2596 2596 2551 2551 2551 2551 2596 2596 2597 2597 2551 2551 2597 2597 2552 2552 2552 2552 2597 2597 2598 2598 2552 2552 2598 2598 2553 2553 2553 2553 2598 2598 2599 2599 2553 2553 2599 2599 2554 2554 2554 2554 2599 2599 2600 2600 2554 2554 2600 2600 2555 2555 2555 2555 2600 2600 2601 2601 2555 2555 2601 2601 2556 2556 2556 2556 2601 2601 2602 2602 2556 2556 2602 2602 2557 2557 2557 2557 2602 2602 2603 2603 2557 2557 2603 2603 2558 2558 2558 2558 2603 2603 2604 2604 2558 2558 2604 2604 2559 2559 2559 2559 2604 2604 2605 2605 2559 2559 2605 2605 2560 2560 2560 2560 2605 2605 2606 2606 2560 2560 2606 2606 2561 2561 2561 2561 2606 2606 2607 2607 2561 2561 2607 2607 2562 2562 2562 2562 2607 2607 2608 2608 2562 2562 2608 2608 2563 2563 2563 2563 2608 2608 2609 2609 2563 2563 2609 2609 2564 2564 2564 2564 2609 2609 2610 2610 2564 2564 2610 2610 2565 2565 2565 2565 2610 2610 2611 2611 2565 2565 2611 2611 2566 2566 2566 2566 2611 2611 2612 2612 2566 2566 2612 2612 2567 2567 2567 2567 2612 2612 2613 2613 2567 2567 2613 2613 2568 2568 2568 2568 2613 2613 2614 2614 2568 2568 2614 2614 2569 2569 2569 2569 2614 2614 2615 2615 2569 2569 2615 2615 2570 2570 2570 2570 2615 2615 2616 2616 2570 2570 2616 2616 2571 2571 2571 2571 2616 2616 2617 2617 2571 2571 2617 2617 2572 2572 2572 2572 2617 2617 2618 2618 2572 2572 2618 2618 2573 2573 2573 2573 2618 2618 2619 2619 2573 2573 2619 2619 2574 2574 2574 2574 2619 2619 2620 2620 2574 2574 2620 2620 2575 2575 2575 2575 2620 2620 2621 2621 2575 2575 2621 2621 2576 2576 2576 2576 2621 2621 2622 2622 2576 2576 2622 2622 2577 2577 2577 2577 2622 2622 2623 2623 2577 2577 2623 2623 47 47 2578 2578 0 0 2624 2624 2578 2578 2624 2624 2579 2579 2579 2579 2624 2624 2625 2625 2579 2579 2625 2625 2580 2580 2580 2580 2625 2625 2626 2626 2580 2580 2626 2626 2581 2581 2581 2581 2626 2626 2627 2627 2581 2581 2627 2627 2582 2582 2582 2582 2627 2627 2628 2628 2582 2582 2628 2628 2583 2583 2583 2583 2628 2628 2629 2629 2583 2583 2629 2629 2584 2584 2584 2584 2629 2629 2630 2630 2584 2584 2630 2630 2585 2585 2585 2585 2630 2630 2631 2631 2585 2585 2631 2631 2586 2586 2586 2586 2631 2631 2632 2632 2586 2586 2632 2632 2587 2587 2587 2587 2632 2632 2633 2633 2587 2587 2633 2633 2588 2588 2588 2588 2633 2633 2634 2634 2588 2588 2634 2634 2589 2589 2589 2589 2634 2634 2635 2635 2589 2589 2635 2635 2590 2590 2590 2590 2635 2635 2636 2636 2590 2590 2636 2636 2591 2591 2591 2591 2636 2636 2637 2637 2591 2591 2637 2637 2592 2592 2592 2592 2637 2637 2638 2638 2592 2592 2638 2638 2593 2593 2593 2593 2638 2638 2639 2639 2593 2593 2639 2639 2594 2594 2594 2594 2639 2639 2640 2640 2594 2594 2640 2640 2595 2595 2595 2595 2640 2640 2641 2641 2595 2595 2641 2641 2596 2596 2596 2596 2641 2641 2642 2642 2596 2596 2642 2642 2597 2597 2597 2597 2642 2642 2643 2643 2597 2597 2643 2643 2598 2598 2598 2598 2643 2643 2644 2644 2598 2598 2644 2644 2599 2599 2599 2599 2644 2644 2645 2645 2599 2599 2645 2645 2600 2600 2600 2600 2645 2645 2646 2646 2600 2600 2646 2646 2601 2601 2601 2601 2646 2646 2647 2647 2601 2601 2647 2647 2602 2602 2602 2602 2647 2647 2648 2648 2602 2602 2648 2648 2603 2603 2603 2603 2648 2648 2649 2649 2603 2603 2649 2649 2604 2604 2604 2604 2649 2649 2650 2650 2604 2604 2650 2650 2605 2605 2605 2605 2650 2650 2651 2651 2605 2605 2651 2651 2606 2606 2606 2606 2651 2651 2652 2652 2606 2606 2652 2652 2607 2607 2607 2607 2652 2652 2653 2653 2607 2607 2653 2653 2608 2608 2608 2608 2653 2653 2654 2654 2608 2608 2654 2654 2609 2609 2609 2609 2654 2654 2655 2655 2609 2609 2655 2655 2610 2610 2610 2610 2655 2655 2656 2656 2610 2610 2656 2656 2611 2611 2611 2611 2656 2656 2657 2657 2611 2611 2657 2657 2612 2612 2612 2612 2657 2657 2658 2658 2612 2612 2658 2658 2613 2613 2613 2613 2658 2658 2659 2659 2613 2613 2659 2659 2614 2614 2614 2614 2659 2659 2660 2660 2614 2614 2660 2660 2615 2615 2615 2615 2660 2660 2661 2661 2615 2615 2661 2661 2616 2616 2616 2616 2661 2661 2662 2662 2616 2616 2662 2662 2617 2617 2617 2617 2662 2662 2663 2663 2617 2617 2663 2663 2618 2618 2618 2618 2663 2663 2664 2664 2618 2618 2664 2664 2619 2619 2619 2619 2664 2664 2665 2665 2619 2619 2665 2665 2620 2620 2620 2620 2665 2665 2666 2666 2620 2620 2666 2666 2621 2621 2621 2621 2666 2666 2667 2667 2621 2621 2667 2667 2622 2622 2622 2622 2667 2667 2668 2668 2622 2622 2668 2668 2623 2623 2623 2623 2668 2668 2669 2669 2623 2623 2669 2669 47 47 2624 2624 0 0 2670 2670 2624 2624 2670 2670 2625 2625 2625 2625 2670 2670 2671 2671 2625 2625 2671 2671 2626 2626 2626 2626 2671 2671 2672 2672 2626 2626 2672 2672 2627 2627 2627 2627 2672 2672 2673 2673 2627 2627 2673 2673 2628 2628 2628 2628 2673 2673 2674 2674 2628 2628 2674 2674 2629 2629 2629 2629 2674 2674 2675 2675 2629 2629 2675 2675 2630 2630 2630 2630 2675 2675 2676 2676 2630 2630 2676 2676 2631 2631 2631 2631 2676 2676 2677 2677 2631 2631 2677 2677 2632 2632 2632 2632 2677 2677 2678 2678 2632 2632 2678 2678 2633 2633 2633 2633 2678 2678 2679 2679 2633 2633 2679 2679 2634 2634 2634 2634 2679 2679 2680 2680 2634 2634 2680 2680 2635 2635 2635 2635 2680 2680 2681 2681 2635 2635 2681 2681 2636 2636 2636 2636 2681 2681 2682 2682 2636 2636 2682 2682 2637 2637 2637 2637 2682 2682 2683 2683 2637 2637 2683 2683 2638 2638 2638 2638 2683 2683 2684 2684 2638 2638 2684 2684 2639 2639 2639 2639 2684 2684 2685 2685 2639 2639 2685 2685 2640 2640 2640 2640 2685 2685 2686 2686 2640 2640 2686 2686 2641 2641 2641 2641 2686 2686 2687 2687 2641 2641 2687 2687 2642 2642 2642 2642 2687 2687 2688 2688 2642 2642 2688 2688 2643 2643 2643 2643 2688 2688 2689 2689 2643 2643 2689 2689 2644 2644 2644 2644 2689 2689 2690 2690 2644 2644 2690 2690 2645 2645 2645 2645 2690 2690 2691 2691 2645 2645 2691 2691 2646 2646 2646 2646 2691 2691 2692 2692 2646 2646 2692 2692 2647 2647 2647 2647 2692 2692 2693 2693 2647 2647 2693 2693 2648 2648 2648 2648 2693 2693 2694 2694 2648 2648 2694 2694 2649 2649 2649 2649 2694 2694 2695 2695 2649 2649 2695 2695 2650 2650 2650 2650 2695 2695 2696 2696 2650 2650 2696 2696 2651 2651 2651 2651 2696 2696 2697 2697 2651 2651 2697 2697 2652 2652 2652 2652 2697 2697 2698 2698 2652 2652 2698 2698 2653 2653 2653 2653 2698 2698 2699 2699 2653 2653 2699 2699 2654 2654 2654 2654 2699 2699 2700 2700 2654 2654 2700 2700 2655 2655 2655 2655 2700 2700 2701 2701 2655 2655 2701 2701 2656 2656 2656 2656 2701 2701 2702 2702 2656 2656 2702 2702 2657 2657 2657 2657 2702 2702 2703 2703 2657 2657 2703 2703 2658 2658 2658 2658 2703 2703 2704 2704 2658 2658 2704 2704 2659 2659 2659 2659 2704 2704 2705 2705 2659 2659 2705 2705 2660 2660 2660 2660 2705 2705 2706 2706 2660 2660 2706 2706 2661 2661 2661 2661 2706 2706 2707 2707 2661 2661 2707 2707 2662 2662 2662 2662 2707 2707 2708 2708 2662 2662 2708 2708 2663 2663 2663 2663 2708 2708 2709 2709 2663 2663 2709 2709 2664 2664 2664 2664 2709 2709 2710 2710 2664 2664 2710 2710 2665 2665 2665 2665 2710 2710 2711 2711 2665 2665 2711 2711 2666 2666 2666 2666 2711 2711 2712 2712 2666 2666 2712 2712 2667 2667 2667 2667 2712 2712 2713 2713 2667 2667 2713 2713 2668 2668 2668 2668 2713 2713 2714 2714 2668 2668 2714 2714 2669 2669 2669 2669 2714 2714 2715 2715 2669 2669 2715 2715 47 47 2670 2670 0 0 2716 2716 2670 2670 2716 2716 2671 2671 2671 2671 2716 2716 2717 2717 2671 2671 2717 2717 2672 2672 2672 2672 2717 2717 2718 2718 2672 2672 2718 2718 2673 2673 2673 2673 2718 2718 2719 2719 2673 2673 2719 2719 2674 2674 2674 2674 2719 2719 2720 2720 2674 2674 2720 2720 2675 2675 2675 2675 2720 2720 2721 2721 2675 2675 2721 2721 2676 2676 2676 2676 2721 2721 2722 2722 2676 2676 2722 2722 2677 2677 2677 2677 2722 2722 2723 2723 2677 2677 2723 2723 2678 2678 2678 2678 2723 2723 2724 2724 2678 2678 2724 2724 2679 2679 2679 2679 2724 2724 2725 2725 2679 2679 2725 2725 2680 2680 2680 2680 2725 2725 2726 2726 2680 2680 2726 2726 2681 2681 2681 2681 2726 2726 2727 2727 2681 2681 2727 2727 2682 2682 2682 2682 2727 2727 2728 2728 2682 2682 2728 2728 2683 2683 2683 2683 2728 2728 2729 2729 2683 2683 2729 2729 2684 2684 2684 2684 2729 2729 2730 2730 2684 2684 2730 2730 2685 2685 2685 2685 2730 2730 2731 2731 2685 2685 2731 2731 2686 2686 2686 2686 2731 2731 2732 2732 2686 2686 2732 2732 2687 2687 2687 2687 2732 2732 2733 2733 2687 2687 2733 2733 2688 2688 2688 2688 2733 2733 2734 2734 2688 2688 2734 2734 2689 2689 2689 2689 2734 2734 2735 2735 2689 2689 2735 2735 2690 2690 2690 2690 2735 2735 2736 2736 2690 2690 2736 2736 2691 2691 2691 2691 2736 2736 2737 2737 2691 2691 2737 2737 2692 2692 2692 2692 2737 2737 2738 2738 2692 2692 2738 2738 2693 2693 2693 2693 2738 2738 2739 2739 2693 2693 2739 2739 2694 2694 2694 2694 2739 2739 2740 2740 2694 2694 2740 2740 2695 2695 2695 2695 2740 2740 2741 2741 2695 2695 2741 2741 2696 2696 2696 2696 2741 2741 2742 2742 2696 2696 2742 2742 2697 2697 2697 2697 2742 2742 2743 2743 2697 2697 2743 2743 2698 2698 2698 2698 2743 2743 2744 2744 2698 2698 2744 2744 2699 2699 2699 2699 2744 2744 2745 2745 2699 2699 2745 2745 2700 2700 2700 2700 2745 2745 2746 2746 2700 2700 2746 2746 2701 2701 2701 2701 2746 2746 2747 2747 2701 2701 2747 2747 2702 2702 2702 2702 2747 2747 2748 2748 2702 2702 2748 2748 2703 2703 2703 2703 2748 2748 2749 2749 2703 2703 2749 2749 2704 2704 2704 2704 2749 2749 2750 2750 2704 2704 2750 2750 2705 2705 2705 2705 2750 2750 2751 2751 2705 2705 2751 2751 2706 2706 2706 2706 2751 2751 2752 2752 2706 2706 2752 2752 2707 2707 2707 2707 2752 2752 2753 2753 2707 2707 2753 2753 2708 2708 2708 2708 2753 2753 2754 2754 2708 2708 2754 2754 2709 2709 2709 2709 2754 2754 2755 2755 2709 2709 2755 2755 2710 2710 2710 2710 2755 2755 2756 2756 2710 2710 2756 2756 2711 2711 2711 2711 2756 2756 2757 2757 2711 2711 2757 2757 2712 2712 2712 2712 2757 2757 2758 2758 2712 2712 2758 2758 2713 2713 2713 2713 2758 2758 2759 2759 2713 2713 2759 2759 2714 2714 2714 2714 2759 2759 2760 2760 2714 2714 2760 2760 2715 2715 2715 2715 2760 2760 2761 2761 2715 2715 2761 2761 47 47 2716 2716 0 0 2762 2762 2716 2716 2762 2762 2717 2717 2717 2717 2762 2762 2763 2763 2717 2717 2763 2763 2718 2718 2718 2718 2763 2763 2764 2764 2718 2718 2764 2764 2719 2719 2719 2719 2764 2764 2765 2765 2719 2719 2765 2765 2720 2720 2720 2720 2765 2765 2766 2766 2720 2720 2766 2766 2721 2721 2721 2721 2766 2766 2767 2767 2721 2721 2767 2767 2722 2722 2722 2722 2767 2767 2768 2768 2722 2722 2768 2768 2723 2723 2723 2723 2768 2768 2769 2769 2723 2723 2769 2769 2724 2724 2724 2724 2769 2769 2770 2770 2724 2724 2770 2770 2725 2725 2725 2725 2770 2770 2771 2771 2725 2725 2771 2771 2726 2726 2726 2726 2771 2771 2772 2772 2726 2726 2772 2772 2727 2727 2727 2727 2772 2772 2773 2773 2727 2727 2773 2773 2728 2728 2728 2728 2773 2773 2774 2774 2728 2728 2774 2774 2729 2729 2729 2729 2774 2774 2775 2775 2729 2729 2775 2775 2730 2730 2730 2730 2775 2775 2776 2776 2730 2730 2776 2776 2731 2731 2731 2731 2776 2776 2777 2777 2731 2731 2777 2777 2732 2732 2732 2732 2777 2777 2778 2778 2732 2732 2778 2778 2733 2733 2733 2733 2778 2778 2779 2779 2733 2733 2779 2779 2734 2734 2734 2734 2779 2779 2780 2780 2734 2734 2780 2780 2735 2735 2735 2735 2780 2780 2781 2781 2735 2735 2781 2781 2736 2736 2736 2736 2781 2781 2782 2782 2736 2736 2782 2782 2737 2737 2737 2737 2782 2782 2783 2783 2737 2737 2783 2783 2738 2738 2738 2738 2783 2783 2784 2784 2738 2738 2784 2784 2739 2739 2739 2739 2784 2784 2785 2785 2739 2739 2785 2785 2740 2740 2740 2740 2785 2785 2786 2786 2740 2740 2786 2786 2741 2741 2741 2741 2786 2786 2787 2787 2741 2741 2787 2787 2742 2742 2742 2742 2787 2787 2788 2788 2742 2742 2788 2788 2743 2743 2743 2743 2788 2788 2789 2789 2743 2743 2789 2789 2744 2744 2744 2744 2789 2789 2790 2790 2744 2744 2790 2790 2745 2745 2745 2745 2790 2790 2791 2791 2745 2745 2791 2791 2746 2746 2746 2746 2791 2791 2792 2792 2746 2746 2792 2792 2747 2747 2747 2747 2792 2792 2793 2793 2747 2747 2793 2793 2748 2748 2748 2748 2793 2793 2794 2794 2748 2748 2794 2794 2749 2749 2749 2749 2794 2794 2795 2795 2749 2749 2795 2795 2750 2750 2750 2750 2795 2795 2796 2796 2750 2750 2796 2796 2751 2751 2751 2751 2796 2796 2797 2797 2751 2751 2797 2797 2752 2752 2752 2752 2797 2797 2798 2798 2752 2752 2798 2798 2753 2753 2753 2753 2798 2798 2799 2799 2753 2753 2799 2799 2754 2754 2754 2754 2799 2799 2800 2800 2754 2754 2800 2800 2755 2755 2755 2755 2800 2800 2801 2801 2755 2755 2801 2801 2756 2756 2756 2756 2801 2801 2802 2802 2756 2756 2802 2802 2757 2757 2757 2757 2802 2802 2803 2803 2757 2757 2803 2803 2758 2758 2758 2758 2803 2803 2804 2804 2758 2758 2804 2804 2759 2759 2759 2759 2804 2804 2805 2805 2759 2759 2805 2805 2760 2760 2760 2760 2805 2805 2806 2806 2760 2760 2806 2806 2761 2761 2761 2761 2806 2806 2807 2807 2761 2761 2807 2807 47 47 2762 2762 0 0 2808 2808 2762 2762 2808 2808 2763 2763 2763 2763 2808 2808 2809 2809 2763 2763 2809 2809 2764 2764 2764 2764 2809 2809 2810 2810 2764 2764 2810 2810 2765 2765 2765 2765 2810 2810 2811 2811 2765 2765 2811 2811 2766 2766 2766 2766 2811 2811 2812 2812 2766 2766 2812 2812 2767 2767 2767 2767 2812 2812 2813 2813 2767 2767 2813 2813 2768 2768 2768 2768 2813 2813 2814 2814 2768 2768 2814 2814 2769 2769 2769 2769 2814 2814 2815 2815 2769 2769 2815 2815 2770 2770 2770 2770 2815 2815 2816 2816 2770 2770 2816 2816 2771 2771 2771 2771 2816 2816 2817 2817 2771 2771 2817 2817 2772 2772 2772 2772 2817 2817 2818 2818 2772 2772 2818 2818 2773 2773 2773 2773 2818 2818 2819 2819 2773 2773 2819 2819 2774 2774 2774 2774 2819 2819 2820 2820 2774 2774 2820 2820 2775 2775 2775 2775 2820 2820 2821 2821 2775 2775 2821 2821 2776 2776 2776 2776 2821 2821 2822 2822 2776 2776 2822 2822 2777 2777 2777 2777 2822 2822 2823 2823 2777 2777 2823 2823 2778 2778 2778 2778 2823 2823 2824 2824 2778 2778 2824 2824 2779 2779 2779 2779 2824 2824 2825 2825 2779 2779 2825 2825 2780 2780 2780 2780 2825 2825 2826 2826 2780 2780 2826 2826 2781 2781 2781 2781 2826 2826 2827 2827 2781 2781 2827 2827 2782 2782 2782 2782 2827 2827 2828 2828 2782 2782 2828 2828 2783 2783 2783 2783 2828 2828 2829 2829 2783 2783 2829 2829 2784 2784 2784 2784 2829 2829 2830 2830 2784 2784 2830 2830 2785 2785 2785 2785 2830 2830 2831 2831 2785 2785 2831 2831 2786 2786 2786 2786 2831 2831 2832 2832 2786 2786 2832 2832 2787 2787 2787 2787 2832 2832 2833 2833 2787 2787 2833 2833 2788 2788 2788 2788 2833 2833 2834 2834 2788 2788 2834 2834 2789 2789 2789 2789 2834 2834 2835 2835 2789 2789 2835 2835 2790 2790 2790 2790 2835 2835 2836 2836 2790 2790 2836 2836 2791 2791 2791 2791 2836 2836 2837 2837 2791 2791 2837 2837 2792 2792 2792 2792 2837 2837 2838 2838 2792 2792 2838 2838 2793 2793 2793 2793 2838 2838 2839 2839 2793 2793 2839 2839 2794 2794 2794 2794 2839 2839 2840 2840 2794 2794 2840 2840 2795 2795 2795 2795 2840 2840 2841 2841 2795 2795 2841 2841 2796 2796 2796 2796 2841 2841 2842 2842 2796 2796 2842 2842 2797 2797 2797 2797 2842 2842 2843 2843 2797 2797 2843 2843 2798 2798 2798 2798 2843 2843 2844 2844 2798 2798 2844 2844 2799 2799 2799 2799 2844 2844 2845 2845 2799 2799 2845 2845 2800 2800 2800 2800 2845 2845 2846 2846 2800 2800 2846 2846 2801 2801 2801 2801 2846 2846 2847 2847 2801 2801 2847 2847 2802 2802 2802 2802 2847 2847 2848 2848 2802 2802 2848 2848 2803 2803 2803 2803 2848 2848 2849 2849 2803 2803 2849 2849 2804 2804 2804 2804 2849 2849 2850 2850 2804 2804 2850 2850 2805 2805 2805 2805 2850 2850 2851 2851 2805 2805 2851 2851 2806 2806 2806 2806 2851 2851 2852 2852 2806 2806 2852 2852 2807 2807 2807 2807 2852 2852 2853 2853 2807 2807 2853 2853 47 47 2808 2808 0 0 2854 2854 2808 2808 2854 2854 2809 2809 2809 2809 2854 2854 2855 2855 2809 2809 2855 2855 2810 2810 2810 2810 2855 2855 2856 2856 2810 2810 2856 2856 2811 2811 2811 2811 2856 2856 2857 2857 2811 2811 2857 2857 2812 2812 2812 2812 2857 2857 2858 2858 2812 2812 2858 2858 2813 2813 2813 2813 2858 2858 2859 2859 2813 2813 2859 2859 2814 2814 2814 2814 2859 2859 2860 2860 2814 2814 2860 2860 2815 2815 2815 2815 2860 2860 2861 2861 2815 2815 2861 2861 2816 2816 2816 2816 2861 2861 2862 2862 2816 2816 2862 2862 2817 2817 2817 2817 2862 2862 2863 2863 2817 2817 2863 2863 2818 2818 2818 2818 2863 2863 2864 2864 2818 2818 2864 2864 2819 2819 2819 2819 2864 2864 2865 2865 2819 2819 2865 2865 2820 2820 2820 2820 2865 2865 2866 2866 2820 2820 2866 2866 2821 2821 2821 2821 2866 2866 2867 2867 2821 2821 2867 2867 2822 2822 2822 2822 2867 2867 2868 2868 2822 2822 2868 2868 2823 2823 2823 2823 2868 2868 2869 2869 2823 2823 2869 2869 2824 2824 2824 2824 2869 2869 2870 2870 2824 2824 2870 2870 2825 2825 2825 2825 2870 2870 2871 2871 2825 2825 2871 2871 2826 2826 2826 2826 2871 2871 2872 2872 2826 2826 2872 2872 2827 2827 2827 2827 2872 2872 2873 2873 2827 2827 2873 2873 2828 2828 2828 2828 2873 2873 2874 2874 2828 2828 2874 2874 2829 2829 2829 2829 2874 2874 2875 2875 2829 2829 2875 2875 2830 2830 2830 2830 2875 2875 2876 2876 2830 2830 2876 2876 2831 2831 2831 2831 2876 2876 2877 2877 2831 2831 2877 2877 2832 2832 2832 2832 2877 2877 2878 2878 2832 2832 2878 2878 2833 2833 2833 2833 2878 2878 2879 2879 2833 2833 2879 2879 2834 2834 2834 2834 2879 2879 2880 2880 2834 2834 2880 2880 2835 2835 2835 2835 2880 2880 2881 2881 2835 2835 2881 2881 2836 2836 2836 2836 2881 2881 2882 2882 2836 2836 2882 2882 2837 2837 2837 2837 2882 2882 2883 2883 2837 2837 2883 2883 2838 2838 2838 2838 2883 2883 2884 2884 2838 2838 2884 2884 2839 2839 2839 2839 2884 2884 2885 2885 2839 2839 2885 2885 2840 2840 2840 2840 2885 2885 2886 2886 2840 2840 2886 2886 2841 2841 2841 2841 2886 2886 2887 2887 2841 2841 2887 2887 2842 2842 2842 2842 2887 2887 2888 2888 2842 2842 2888 2888 2843 2843 2843 2843 2888 2888 2889 2889 2843 2843 2889 2889 2844 2844 2844 2844 2889 2889 2890 2890 2844 2844 2890 2890 2845 2845 2845 2845 2890 2890 2891 2891 2845 2845 2891 2891 2846 2846 2846 2846 2891 2891 2892 2892 2846 2846 2892 2892 2847 2847 2847 2847 2892 2892 2893 2893 2847 2847 2893 2893 2848 2848 2848 2848 2893 2893 2894 2894 2848 2848 2894 2894 2849 2849 2849 2849 2894 2894 2895 2895 2849 2849 2895 2895 2850 2850 2850 2850 2895 2895 2896 2896 2850 2850 2896 2896 2851 2851 2851 2851 2896 2896 2897 2897 2851 2851 2897 2897 2852 2852 2852 2852 2897 2897 2898 2898 2852 2852 2898 2898 2853 2853 2853 2853 2898 2898 2899 2899 2853 2853 2899 2899 47 47 2854 2854 0 0 2900 2900 2854 2854 2900 2900 2855 2855 2855 2855 2900 2900 2901 2901 2855 2855 2901 2901 2856 2856 2856 2856 2901 2901 2902 2902 2856 2856 2902 2902 2857 2857 2857 2857 2902 2902 2903 2903 2857 2857 2903 2903 2858 2858 2858 2858 2903 2903 2904 2904 2858 2858 2904 2904 2859 2859 2859 2859 2904 2904 2905 2905 2859 2859 2905 2905 2860 2860 2860 2860 2905 2905 2906 2906 2860 2860 2906 2906 2861 2861 2861 2861 2906 2906 2907 2907 2861 2861 2907 2907 2862 2862 2862 2862 2907 2907 2908 2908 2862 2862 2908 2908 2863 2863 2863 2863 2908 2908 2909 2909 2863 2863 2909 2909 2864 2864 2864 2864 2909 2909 2910 2910 2864 2864 2910 2910 2865 2865 2865 2865 2910 2910 2911 2911 2865 2865 2911 2911 2866 2866 2866 2866 2911 2911 2912 2912 2866 2866 2912 2912 2867 2867 2867 2867 2912 2912 2913 2913 2867 2867 2913 2913 2868 2868 2868 2868 2913 2913 2914 2914 2868 2868 2914 2914 2869 2869 2869 2869 2914 2914 2915 2915 2869 2869 2915 2915 2870 2870 2870 2870 2915 2915 2916 2916 2870 2870 2916 2916 2871 2871 2871 2871 2916 2916 2917 2917 2871 2871 2917 2917 2872 2872 2872 2872 2917 2917 2918 2918 2872 2872 2918 2918 2873 2873 2873 2873 2918 2918 2919 2919 2873 2873 2919 2919 2874 2874 2874 2874 2919 2919 2920 2920 2874 2874 2920 2920 2875 2875 2875 2875 2920 2920 2921 2921 2875 2875 2921 2921 2876 2876 2876 2876 2921 2921 2922 2922 2876 2876 2922 2922 2877 2877 2877 2877 2922 2922 2923 2923 2877 2877 2923 2923 2878 2878 2878 2878 2923 2923 2924 2924 2878 2878 2924 2924 2879 2879 2879 2879 2924 2924 2925 2925 2879 2879 2925 2925 2880 2880 2880 2880 2925 2925 2926 2926 2880 2880 2926 2926 2881 2881 2881 2881 2926 2926 2927 2927 2881 2881 2927 2927 2882 2882 2882 2882 2927 2927 2928 2928 2882 2882 2928 2928 2883 2883 2883 2883 2928 2928 2929 2929 2883 2883 2929 2929 2884 2884 2884 2884 2929 2929 2930 2930 2884 2884 2930 2930 2885 2885 2885 2885 2930 2930 2931 2931 2885 2885 2931 2931 2886 2886 2886 2886 2931 2931 2932 2932 2886 2886 2932 2932 2887 2887 2887 2887 2932 2932 2933 2933 2887 2887 2933 2933 2888 2888 2888 2888 2933 2933 2934 2934 2888 2888 2934 2934 2889 2889 2889 2889 2934 2934 2935 2935 2889 2889 2935 2935 2890 2890 2890 2890 2935 2935 2936 2936 2890 2890 2936 2936 2891 2891 2891 2891 2936 2936 2937 2937 2891 2891 2937 2937 2892 2892 2892 2892 2937 2937 2938 2938 2892 2892 2938 2938 2893 2893 2893 2893 2938 2938 2939 2939 2893 2893 2939 2939 2894 2894 2894 2894 2939 2939 2940 2940 2894 2894 2940 2940 2895 2895 2895 2895 2940 2940 2941 2941 2895 2895 2941 2941 2896 2896 2896 2896 2941 2941 2942 2942 2896 2896 2942 2942 2897 2897 2897 2897 2942 2942 2943 2943 2897 2897 2943 2943 2898 2898 2898 2898 2943 2943 2944 2944 2898 2898 2944 2944 2899 2899 2899 2899 2944 2944 2945 2945 2899 2899 2945 2945 47 47 2900 2900 0 0 2946 2946 2900 2900 2946 2946 2901 2901 2901 2901 2946 2946 2947 2947 2901 2901 2947 2947 2902 2902 2902 2902 2947 2947 2948 2948 2902 2902 2948 2948 2903 2903 2903 2903 2948 2948 2949 2949 2903 2903 2949 2949 2904 2904 2904 2904 2949 2949 2950 2950 2904 2904 2950 2950 2905 2905 2905 2905 2950 2950 2951 2951 2905 2905 2951 2951 2906 2906 2906 2906 2951 2951 2952 2952 2906 2906 2952 2952 2907 2907 2907 2907 2952 2952 2953 2953 2907 2907 2953 2953 2908 2908 2908 2908 2953 2953 2954 2954 2908 2908 2954 2954 2909 2909 2909 2909 2954 2954 2955 2955 2909 2909 2955 2955 2910 2910 2910 2910 2955 2955 2956 2956 2910 2910 2956 2956 2911 2911 2911 2911 2956 2956 2957 2957 2911 2911 2957 2957 2912 2912 2912 2912 2957 2957 2958 2958 2912 2912 2958 2958 2913 2913 2913 2913 2958 2958 2959 2959 2913 2913 2959 2959 2914 2914 2914 2914 2959 2959 2960 2960 2914 2914 2960 2960 2915 2915 2915 2915 2960 2960 2961 2961 2915 2915 2961 2961 2916 2916 2916 2916 2961 2961 2962 2962 2916 2916 2962 2962 2917 2917 2917 2917 2962 2962 2963 2963 2917 2917 2963 2963 2918 2918 2918 2918 2963 2963 2964 2964 2918 2918 2964 2964 2919 2919 2919 2919 2964 2964 2965 2965 2919 2919 2965 2965 2920 2920 2920 2920 2965 2965 2966 2966 2920 2920 2966 2966 2921 2921 2921 2921 2966 2966 2967 2967 2921 2921 2967 2967 2922 2922 2922 2922 2967 2967 2968 2968 2922 2922 2968 2968 2923 2923 2923 2923 2968 2968 2969 2969 2923 2923 2969 2969 2924 2924 2924 2924 2969 2969 2970 2970 2924 2924 2970 2970 2925 2925 2925 2925 2970 2970 2971 2971 2925 2925 2971 2971 2926 2926 2926 2926 2971 2971 2972 2972 2926 2926 2972 2972 2927 2927 2927 2927 2972 2972 2973 2973 2927 2927 2973 2973 2928 2928 2928 2928 2973 2973 2974 2974 2928 2928 2974 2974 2929 2929 2929 2929 2974 2974 2975 2975 2929 2929 2975 2975 2930 2930 2930 2930 2975 2975 2976 2976 2930 2930 2976 2976 2931 2931 2931 2931 2976 2976 2977 2977 2931 2931 2977 2977 2932 2932 2932 2932 2977 2977 2978 2978 2932 2932 2978 2978 2933 2933 2933 2933 2978 2978 2979 2979 2933 2933 2979 2979 2934 2934 2934 2934 2979 2979 2980 2980 2934 2934 2980 2980 2935 2935 2935 2935 2980 2980 2981 2981 2935 2935 2981 2981 2936 2936 2936 2936 2981 2981 2982 2982 2936 2936 2982 2982 2937 2937 2937 2937 2982 2982 2983 2983 2937 2937 2983 2983 2938 2938 2938 2938 2983 2983 2984 2984 2938 2938 2984 2984 2939 2939 2939 2939 2984 2984 2985 2985 2939 2939 2985 2985 2940 2940 2940 2940 2985 2985 2986 2986 2940 2940 2986 2986 2941 2941 2941 2941 2986 2986 2987 2987 2941 2941 2987 2987 2942 2942 2942 2942 2987 2987 2988 2988 2942 2942 2988 2988 2943 2943 2943 2943 2988 2988 2989 2989 2943 2943 2989 2989 2944 2944 2944 2944 2989 2989 2990 2990 2944 2944 2990 2990 2945 2945 2945 2945 2990 2990 2991 2991 2945 2945 2991 2991 47 47 2946 2946 0 0 2992 2992 2946 2946 2992 2992 2947 2947 2947 2947 2992 2992 2993 2993 2947 2947 2993 2993 2948 2948 2948 2948 2993 2993 2994 2994 2948 2948 2994 2994 2949 2949 2949 2949 2994 2994 2995 2995 2949 2949 2995 2995 2950 2950 2950 2950 2995 2995 2996 2996 2950 2950 2996 2996 2951 2951 2951 2951 2996 2996 2997 2997 2951 2951 2997 2997 2952 2952 2952 2952 2997 2997 2998 2998 2952 2952 2998 2998 2953 2953 2953 2953 2998 2998 2999 2999 2953 2953 2999 2999 2954 2954 2954 2954 2999 2999 3000 3000 2954 2954 3000 3000 2955 2955 2955 2955 3000 3000 3001 3001 2955 2955 3001 3001 2956 2956 2956 2956 3001 3001 3002 3002 2956 2956 3002 3002 2957 2957 2957 2957 3002 3002 3003 3003 2957 2957 3003 3003 2958 2958 2958 2958 3003 3003 3004 3004 2958 2958 3004 3004 2959 2959 2959 2959 3004 3004 3005 3005 2959 2959 3005 3005 2960 2960 2960 2960 3005 3005 3006 3006 2960 2960 3006 3006 2961 2961 2961 2961 3006 3006 3007 3007 2961 2961 3007 3007 2962 2962 2962 2962 3007 3007 3008 3008 2962 2962 3008 3008 2963 2963 2963 2963 3008 3008 3009 3009 2963 2963 3009 3009 2964 2964 2964 2964 3009 3009 3010 3010 2964 2964 3010 3010 2965 2965 2965 2965 3010 3010 3011 3011 2965 2965 3011 3011 2966 2966 2966 2966 3011 3011 3012 3012 2966 2966 3012 3012 2967 2967 2967 2967 3012 3012 3013 3013 2967 2967 3013 3013 2968 2968 2968 2968 3013 3013 3014 3014 2968 2968 3014 3014 2969 2969 2969 2969 3014 3014 3015 3015 2969 2969 3015 3015 2970 2970 2970 2970 3015 3015 3016 3016 2970 2970 3016 3016 2971 2971 2971 2971 3016 3016 3017 3017 2971 2971 3017 3017 2972 2972 2972 2972 3017 3017 3018 3018 2972 2972 3018 3018 2973 2973 2973 2973 3018 3018 3019 3019 2973 2973 3019 3019 2974 2974 2974 2974 3019 3019 3020 3020 2974 2974 3020 3020 2975 2975 2975 2975 3020 3020 3021 3021 2975 2975 3021 3021 2976 2976 2976 2976 3021 3021 3022 3022 2976 2976 3022 3022 2977 2977 2977 2977 3022 3022 3023 3023 2977 2977 3023 3023 2978 2978 2978 2978 3023 3023 3024 3024 2978 2978 3024 3024 2979 2979 2979 2979 3024 3024 3025 3025 2979 2979 3025 3025 2980 2980 2980 2980 3025 3025 3026 3026 2980 2980 3026 3026 2981 2981 2981 2981 3026 3026 3027 3027 2981 2981 3027 3027 2982 2982 2982 2982 3027 3027 3028 3028 2982 2982 3028 3028 2983 2983 2983 2983 3028 3028 3029 3029 2983 2983 3029 3029 2984 2984 2984 2984 3029 3029 3030 3030 2984 2984 3030 3030 2985 2985 2985 2985 3030 3030 3031 3031 2985 2985 3031 3031 2986 2986 2986 2986 3031 3031 3032 3032 2986 2986 3032 3032 2987 2987 2987 2987 3032 3032 3033 3033 2987 2987 3033 3033 2988 2988 2988 2988 3033 3033 3034 3034 2988 2988 3034 3034 2989 2989 2989 2989 3034 3034 3035 3035 2989 2989 3035 3035 2990 2990 2990 2990 3035 3035 3036 3036 2990 2990 3036 3036 2991 2991 2991 2991 3036 3036 3037 3037 2991 2991 3037 3037 47 47 2992 2992 0 0 3038 3038 2992 2992 3038 3038 2993 2993 2993 2993 3038 3038 3039 3039 2993 2993 3039 3039 2994 2994 2994 2994 3039 3039 3040 3040 2994 2994 3040 3040 2995 2995 2995 2995 3040 3040 3041 3041 2995 2995 3041 3041 2996 2996 2996 2996 3041 3041 3042 3042 2996 2996 3042 3042 2997 2997 2997 2997 3042 3042 3043 3043 2997 2997 3043 3043 2998 2998 2998 2998 3043 3043 3044 3044 2998 2998 3044 3044 2999 2999 2999 2999 3044 3044 3045 3045 2999 2999 3045 3045 3000 3000 3000 3000 3045 3045 3046 3046 3000 3000 3046 3046 3001 3001 3001 3001 3046 3046 3047 3047 3001 3001 3047 3047 3002 3002 3002 3002 3047 3047 3048 3048 3002 3002 3048 3048 3003 3003 3003 3003 3048 3048 3049 3049 3003 3003 3049 3049 3004 3004 3004 3004 3049 3049 3050 3050 3004 3004 3050 3050 3005 3005 3005 3005 3050 3050 3051 3051 3005 3005 3051 3051 3006 3006 3006 3006 3051 3051 3052 3052 3006 3006 3052 3052 3007 3007 3007 3007 3052 3052 3053 3053 3007 3007 3053 3053 3008 3008 3008 3008 3053 3053 3054 3054 3008 3008 3054 3054 3009 3009 3009 3009 3054 3054 3055 3055 3009 3009 3055 3055 3010 3010 3010 3010 3055 3055 3056 3056 3010 3010 3056 3056 3011 3011 3011 3011 3056 3056 3057 3057 3011 3011 3057 3057 3012 3012 3012 3012 3057 3057 3058 3058 3012 3012 3058 3058 3013 3013 3013 3013 3058 3058 3059 3059 3013 3013 3059 3059 3014 3014 3014 3014 3059 3059 3060 3060 3014 3014 3060 3060 3015 3015 3015 3015 3060 3060 3061 3061 3015 3015 3061 3061 3016 3016 3016 3016 3061 3061 3062 3062 3016 3016 3062 3062 3017 3017 3017 3017 3062 3062 3063 3063 3017 3017 3063 3063 3018 3018 3018 3018 3063 3063 3064 3064 3018 3018 3064 3064 3019 3019 3019 3019 3064 3064 3065 3065 3019 3019 3065 3065 3020 3020 3020 3020 3065 3065 3066 3066 3020 3020 3066 3066 3021 3021 3021 3021 3066 3066 3067 3067 3021 3021 3067 3067 3022 3022 3022 3022 3067 3067 3068 3068 3022 3022 3068 3068 3023 3023 3023 3023 3068 3068 3069 3069 3023 3023 3069 3069 3024 3024 3024 3024 3069 3069 3070 3070 3024 3024 3070 3070 3025 3025 3025 3025 3070 3070 3071 3071 3025 3025 3071 3071 3026 3026 3026 3026 3071 3071 3072 3072 3026 3026 3072 3072 3027 3027 3027 3027 3072 3072 3073 3073 3027 3027 3073 3073 3028 3028 3028 3028 3073 3073 3074 3074 3028 3028 3074 3074 3029 3029 3029 3029 3074 3074 3075 3075 3029 3029 3075 3075 3030 3030 3030 3030 3075 3075 3076 3076 3030 3030 3076 3076 3031 3031 3031 3031 3076 3076 3077 3077 3031 3031 3077 3077 3032 3032 3032 3032 3077 3077 3078 3078 3032 3032 3078 3078 3033 3033 3033 3033 3078 3078 3079 3079 3033 3033 3079 3079 3034 3034 3034 3034 3079 3079 3080 3080 3034 3034 3080 3080 3035 3035 3035 3035 3080 3080 3081 3081 3035 3035 3081 3081 3036 3036 3036 3036 3081 3081 3082 3082 3036 3036 3082 3082 3037 3037 3037 3037 3082 3082 3083 3083 3037 3037 3083 3083 47 47 3038 3038 0 0 3084 3084 3038 3038 3084 3084 3039 3039 3039 3039 3084 3084 3085 3085 3039 3039 3085 3085 3040 3040 3040 3040 3085 3085 3086 3086 3040 3040 3086 3086 3041 3041 3041 3041 3086 3086 3087 3087 3041 3041 3087 3087 3042 3042 3042 3042 3087 3087 3088 3088 3042 3042 3088 3088 3043 3043 3043 3043 3088 3088 3089 3089 3043 3043 3089 3089 3044 3044 3044 3044 3089 3089 3090 3090 3044 3044 3090 3090 3045 3045 3045 3045 3090 3090 3091 3091 3045 3045 3091 3091 3046 3046 3046 3046 3091 3091 3092 3092 3046 3046 3092 3092 3047 3047 3047 3047 3092 3092 3093 3093 3047 3047 3093 3093 3048 3048 3048 3048 3093 3093 3094 3094 3048 3048 3094 3094 3049 3049 3049 3049 3094 3094 3095 3095 3049 3049 3095 3095 3050 3050 3050 3050 3095 3095 3096 3096 3050 3050 3096 3096 3051 3051 3051 3051 3096 3096 3097 3097 3051 3051 3097 3097 3052 3052 3052 3052 3097 3097 3098 3098 3052 3052 3098 3098 3053 3053 3053 3053 3098 3098 3099 3099 3053 3053 3099 3099 3054 3054 3054 3054 3099 3099 3100 3100 3054 3054 3100 3100 3055 3055 3055 3055 3100 3100 3101 3101 3055 3055 3101 3101 3056 3056 3056 3056 3101 3101 3102 3102 3056 3056 3102 3102 3057 3057 3057 3057 3102 3102 3103 3103 3057 3057 3103 3103 3058 3058 3058 3058 3103 3103 3104 3104 3058 3058 3104 3104 3059 3059 3059 3059 3104 3104 3105 3105 3059 3059 3105 3105 3060 3060 3060 3060 3105 3105 3106 3106 3060 3060 3106 3106 3061 3061 3061 3061 3106 3106 3107 3107 3061 3061 3107 3107 3062 3062 3062 3062 3107 3107 3108 3108 3062 3062 3108 3108 3063 3063 3063 3063 3108 3108 3109 3109 3063 3063 3109 3109 3064 3064 3064 3064 3109 3109 3110 3110 3064 3064 3110 3110 3065 3065 3065 3065 3110 3110 3111 3111 3065 3065 3111 3111 3066 3066 3066 3066 3111 3111 3112 3112 3066 3066 3112 3112 3067 3067 3067 3067 3112 3112 3113 3113 3067 3067 3113 3113 3068 3068 3068 3068 3113 3113 3114 3114 3068 3068 3114 3114 3069 3069 3069 3069 3114 3114 3115 3115 3069 3069 3115 3115 3070 3070 3070 3070 3115 3115 3116 3116 3070 3070 3116 3116 3071 3071 3071 3071 3116 3116 3117 3117 3071 3071 3117 3117 3072 3072 3072 3072 3117 3117 3118 3118 3072 3072 3118 3118 3073 3073 3073 3073 3118 3118 3119 3119 3073 3073 3119 3119 3074 3074 3074 3074 3119 3119 3120 3120 3074 3074 3120 3120 3075 3075 3075 3075 3120 3120 3121 3121 3075 3075 3121 3121 3076 3076 3076 3076 3121 3121 3122 3122 3076 3076 3122 3122 3077 3077 3077 3077 3122 3122 3123 3123 3077 3077 3123 3123 3078 3078 3078 3078 3123 3123 3124 3124 3078 3078 3124 3124 3079 3079 3079 3079 3124 3124 3125 3125 3079 3079 3125 3125 3080 3080 3080 3080 3125 3125 3126 3126 3080 3080 3126 3126 3081 3081 3081 3081 3126 3126 3127 3127 3081 3081 3127 3127 3082 3082 3082 3082 3127 3127 3128 3128 3082 3082 3128 3128 3083 3083 3083 3083 3128 3128 3129 3129 3083 3083 3129 3129 47 47 3084 3084 0 0 3130 3130 3084 3084 3130 3130 3085 3085 3085 3085 3130 3130 3131 3131 3085 3085 3131 3131 3086 3086 3086 3086 3131 3131 3132 3132 3086 3086 3132 3132 3087 3087 3087 3087 3132 3132 3133 3133 3087 3087 3133 3133 3088 3088 3088 3088 3133 3133 3134 3134 3088 3088 3134 3134 3089 3089 3089 3089 3134 3134 3135 3135 3089 3089 3135 3135 3090 3090 3090 3090 3135 3135 3136 3136 3090 3090 3136 3136 3091 3091 3091 3091 3136 3136 3137 3137 3091 3091 3137 3137 3092 3092 3092 3092 3137 3137 3138 3138 3092 3092 3138 3138 3093 3093 3093 3093 3138 3138 3139 3139 3093 3093 3139 3139 3094 3094 3094 3094 3139 3139 3140 3140 3094 3094 3140 3140 3095 3095 3095 3095 3140 3140 3141 3141 3095 3095 3141 3141 3096 3096 3096 3096 3141 3141 3142 3142 3096 3096 3142 3142 3097 3097 3097 3097 3142 3142 3143 3143 3097 3097 3143 3143 3098 3098 3098 3098 3143 3143 3144 3144 3098 3098 3144 3144 3099 3099 3099 3099 3144 3144 3145 3145 3099 3099 3145 3145 3100 3100 3100 3100 3145 3145 3146 3146 3100 3100 3146 3146 3101 3101 3101 3101 3146 3146 3147 3147 3101 3101 3147 3147 3102 3102 3102 3102 3147 3147 3148 3148 3102 3102 3148 3148 3103 3103 3103 3103 3148 3148 3149 3149 3103 3103 3149 3149 3104 3104 3104 3104 3149 3149 3150 3150 3104 3104 3150 3150 3105 3105 3105 3105 3150 3150 3151 3151 3105 3105 3151 3151 3106 3106 3106 3106 3151 3151 3152 3152 3106 3106 3152 3152 3107 3107 3107 3107 3152 3152 3153 3153 3107 3107 3153 3153 3108 3108 3108 3108 3153 3153 3154 3154 3108 3108 3154 3154 3109 3109 3109 3109 3154 3154 3155 3155 3109 3109 3155 3155 3110 3110 3110 3110 3155 3155 3156 3156 3110 3110 3156 3156 3111 3111 3111 3111 3156 3156 3157 3157 3111 3111 3157 3157 3112 3112 3112 3112 3157 3157 3158 3158 3112 3112 3158 3158 3113 3113 3113 3113 3158 3158 3159 3159 3113 3113 3159 3159 3114 3114 3114 3114 3159 3159 3160 3160 3114 3114 3160 3160 3115 3115 3115 3115 3160 3160 3161 3161 3115 3115 3161 3161 3116 3116 3116 3116 3161 3161 3162 3162 3116 3116 3162 3162 3117 3117 3117 3117 3162 3162 3163 3163 3117 3117 3163 3163 3118 3118 3118 3118 3163 3163 3164 3164 3118 3118 3164 3164 3119 3119 3119 3119 3164 3164 3165 3165 3119 3119 3165 3165 3120 3120 3120 3120 3165 3165 3166 3166 3120 3120 3166 3166 3121 3121 3121 3121 3166 3166 3167 3167 3121 3121 3167 3167 3122 3122 3122 3122 3167 3167 3168 3168 3122 3122 3168 3168 3123 3123 3123 3123 3168 3168 3169 3169 3123 3123 3169 3169 3124 3124 3124 3124 3169 3169 3170 3170 3124 3124 3170 3170 3125 3125 3125 3125 3170 3170 3171 3171 3125 3125 3171 3171 3126 3126 3126 3126 3171 3171 3172 3172 3126 3126 3172 3172 3127 3127 3127 3127 3172 3172 3173 3173 3127 3127 3173 3173 3128 3128 3128 3128 3173 3173 3174 3174 3128 3128 3174 3174 3129 3129 3129 3129 3174 3174 3175 3175 3129 3129 3175 3175 47 47 3130 3130 0 0 3176 3176 3130 3130 3176 3176 3131 3131 3131 3131 3176 3176 3177 3177 3131 3131 3177 3177 3132 3132 3132 3132 3177 3177 3178 3178 3132 3132 3178 3178 3133 3133 3133 3133 3178 3178 3179 3179 3133 3133 3179 3179 3134 3134 3134 3134 3179 3179 3180 3180 3134 3134 3180 3180 3135 3135 3135 3135 3180 3180 3181 3181 3135 3135 3181 3181 3136 3136 3136 3136 3181 3181 3182 3182 3136 3136 3182 3182 3137 3137 3137 3137 3182 3182 3183 3183 3137 3137 3183 3183 3138 3138 3138 3138 3183 3183 3184 3184 3138 3138 3184 3184 3139 3139 3139 3139 3184 3184 3185 3185 3139 3139 3185 3185 3140 3140 3140 3140 3185 3185 3186 3186 3140 3140 3186 3186 3141 3141 3141 3141 3186 3186 3187 3187 3141 3141 3187 3187 3142 3142 3142 3142 3187 3187 3188 3188 3142 3142 3188 3188 3143 3143 3143 3143 3188 3188 3189 3189 3143 3143 3189 3189 3144 3144 3144 3144 3189 3189 3190 3190 3144 3144 3190 3190 3145 3145 3145 3145 3190 3190 3191 3191 3145 3145 3191 3191 3146 3146 3146 3146 3191 3191 3192 3192 3146 3146 3192 3192 3147 3147 3147 3147 3192 3192 3193 3193 3147 3147 3193 3193 3148 3148 3148 3148 3193 3193 3194 3194 3148 3148 3194 3194 3149 3149 3149 3149 3194 3194 3195 3195 3149 3149 3195 3195 3150 3150 3150 3150 3195 3195 3196 3196 3150 3150 3196 3196 3151 3151 3151 3151 3196 3196 3197 3197 3151 3151 3197 3197 3152 3152 3152 3152 3197 3197 3198 3198 3152 3152 3198 3198 3153 3153 3153 3153 3198 3198 3199 3199 3153 3153 3199 3199 3154 3154 3154 3154 3199 3199 3200 3200 3154 3154 3200 3200 3155 3155 3155 3155 3200 3200 3201 3201 3155 3155 3201 3201 3156 3156 3156 3156 3201 3201 3202 3202 3156 3156 3202 3202 3157 3157 3157 3157 3202 3202 3203 3203 3157 3157 3203 3203 3158 3158 3158 3158 3203 3203 3204 3204 3158 3158 3204 3204 3159 3159 3159 3159 3204 3204 3205 3205 3159 3159 3205 3205 3160 3160 3160 3160 3205 3205 3206 3206 3160 3160 3206 3206 3161 3161 3161 3161 3206 3206 3207 3207 3161 3161 3207 3207 3162 3162 3162 3162 3207 3207 3208 3208 3162 3162 3208 3208 3163 3163 3163 3163 3208 3208 3209 3209 3163 3163 3209 3209 3164 3164 3164 3164 3209 3209 3210 3210 3164 3164 3210 3210 3165 3165 3165 3165 3210 3210 3211 3211 3165 3165 3211 3211 3166 3166 3166 3166 3211 3211 3212 3212 3166 3166 3212 3212 3167 3167 3167 3167 3212 3212 3213 3213 3167 3167 3213 3213 3168 3168 3168 3168 3213 3213 3214 3214 3168 3168 3214 3214 3169 3169 3169 3169 3214 3214 3215 3215 3169 3169 3215 3215 3170 3170 3170 3170 3215 3215 3216 3216 3170 3170 3216 3216 3171 3171 3171 3171 3216 3216 3217 3217 3171 3171 3217 3217 3172 3172 3172 3172 3217 3217 3218 3218 3172 3172 3218 3218 3173 3173 3173 3173 3218 3218 3219 3219 3173 3173 3219 3219 3174 3174 3174 3174 3219 3219 3220 3220 3174 3174 3220 3220 3175 3175 3175 3175 3220 3220 3221 3221 3175 3175 3221 3221 47 47 3176 3176 0 0 3222 3222 3176 3176 3222 3222 3177 3177 3177 3177 3222 3222 3223 3223 3177 3177 3223 3223 3178 3178 3178 3178 3223 3223 3224 3224 3178 3178 3224 3224 3179 3179 3179 3179 3224 3224 3225 3225 3179 3179 3225 3225 3180 3180 3180 3180 3225 3225 3226 3226 3180 3180 3226 3226 3181 3181 3181 3181 3226 3226 3227 3227 3181 3181 3227 3227 3182 3182 3182 3182 3227 3227 3228 3228 3182 3182 3228 3228 3183 3183 3183 3183 3228 3228 3229 3229 3183 3183 3229 3229 3184 3184 3184 3184 3229 3229 3230 3230 3184 3184 3230 3230 3185 3185 3185 3185 3230 3230 3231 3231 3185 3185 3231 3231 3186 3186 3186 3186 3231 3231 3232 3232 3186 3186 3232 3232 3187 3187 3187 3187 3232 3232 3233 3233 3187 3187 3233 3233 3188 3188 3188 3188 3233 3233 3234 3234 3188 3188 3234 3234 3189 3189 3189 3189 3234 3234 3235 3235 3189 3189 3235 3235 3190 3190 3190 3190 3235 3235 3236 3236 3190 3190 3236 3236 3191 3191 3191 3191 3236 3236 3237 3237 3191 3191 3237 3237 3192 3192 3192 3192 3237 3237 3238 3238 3192 3192 3238 3238 3193 3193 3193 3193 3238 3238 3239 3239 3193 3193 3239 3239 3194 3194 3194 3194 3239 3239 3240 3240 3194 3194 3240 3240 3195 3195 3195 3195 3240 3240 3241 3241 3195 3195 3241 3241 3196 3196 3196 3196 3241 3241 3242 3242 3196 3196 3242 3242 3197 3197 3197 3197 3242 3242 3243 3243 3197 3197 3243 3243 3198 3198 3198 3198 3243 3243 3244 3244 3198 3198 3244 3244 3199 3199 3199 3199 3244 3244 3245 3245 3199 3199 3245 3245 3200 3200 3200 3200 3245 3245 3246 3246 3200 3200 3246 3246 3201 3201 3201 3201 3246 3246 3247 3247 3201 3201 3247 3247 3202 3202 3202 3202 3247 3247 3248 3248 3202 3202 3248 3248 3203 3203 3203 3203 3248 3248 3249 3249 3203 3203 3249 3249 3204 3204 3204 3204 3249 3249 3250 3250 3204 3204 3250 3250 3205 3205 3205 3205 3250 3250 3251 3251 3205 3205 3251 3251 3206 3206 3206 3206 3251 3251 3252 3252 3206 3206 3252 3252 3207 3207 3207 3207 3252 3252 3253 3253 3207 3207 3253 3253 3208 3208 3208 3208 3253 3253 3254 3254 3208 3208 3254 3254 3209 3209 3209 3209 3254 3254 3255 3255 3209 3209 3255 3255 3210 3210 3210 3210 3255 3255 3256 3256 3210 3210 3256 3256 3211 3211 3211 3211 3256 3256 3257 3257 3211 3211 3257 3257 3212 3212 3212 3212 3257 3257 3258 3258 3212 3212 3258 3258 3213 3213 3213 3213 3258 3258 3259 3259 3213 3213 3259 3259 3214 3214 3214 3214 3259 3259 3260 3260 3214 3214 3260 3260 3215 3215 3215 3215 3260 3260 3261 3261 3215 3215 3261 3261 3216 3216 3216 3216 3261 3261 3262 3262 3216 3216 3262 3262 3217 3217 3217 3217 3262 3262 3263 3263 3217 3217 3263 3263 3218 3218 3218 3218 3263 3263 3264 3264 3218 3218 3264 3264 3219 3219 3219 3219 3264 3264 3265 3265 3219 3219 3265 3265 3220 3220 3220 3220 3265 3265 3266 3266 3220 3220 3266 3266 3221 3221 3221 3221 3266 3266 3267 3267 3221 3221 3267 3267 47 47 3222 3222 0 0 3268 3268 3222 3222 3268 3268 3223 3223 3223 3223 3268 3268 3269 3269 3223 3223 3269 3269 3224 3224 3224 3224 3269 3269 3270 3270 3224 3224 3270 3270 3225 3225 3225 3225 3270 3270 3271 3271 3225 3225 3271 3271 3226 3226 3226 3226 3271 3271 3272 3272 3226 3226 3272 3272 3227 3227 3227 3227 3272 3272 3273 3273 3227 3227 3273 3273 3228 3228 3228 3228 3273 3273 3274 3274 3228 3228 3274 3274 3229 3229 3229 3229 3274 3274 3275 3275 3229 3229 3275 3275 3230 3230 3230 3230 3275 3275 3276 3276 3230 3230 3276 3276 3231 3231 3231 3231 3276 3276 3277 3277 3231 3231 3277 3277 3232 3232 3232 3232 3277 3277 3278 3278 3232 3232 3278 3278 3233 3233 3233 3233 3278 3278 3279 3279 3233 3233 3279 3279 3234 3234 3234 3234 3279 3279 3280 3280 3234 3234 3280 3280 3235 3235 3235 3235 3280 3280 3281 3281 3235 3235 3281 3281 3236 3236 3236 3236 3281 3281 3282 3282 3236 3236 3282 3282 3237 3237 3237 3237 3282 3282 3283 3283 3237 3237 3283 3283 3238 3238 3238 3238 3283 3283 3284 3284 3238 3238 3284 3284 3239 3239 3239 3239 3284 3284 3285 3285 3239 3239 3285 3285 3240 3240 3240 3240 3285 3285 3286 3286 3240 3240 3286 3286 3241 3241 3241 3241 3286 3286 3287 3287 3241 3241 3287 3287 3242 3242 3242 3242 3287 3287 3288 3288 3242 3242 3288 3288 3243 3243 3243 3243 3288 3288 3289 3289 3243 3243 3289 3289 3244 3244 3244 3244 3289 3289 3290 3290 3244 3244 3290 3290 3245 3245 3245 3245 3290 3290 3291 3291 3245 3245 3291 3291 3246 3246 3246 3246 3291 3291 3292 3292 3246 3246 3292 3292 3247 3247 3247 3247 3292 3292 3293 3293 3247 3247 3293 3293 3248 3248 3248 3248 3293 3293 3294 3294 3248 3248 3294 3294 3249 3249 3249 3249 3294 3294 3295 3295 3249 3249 3295 3295 3250 3250 3250 3250 3295 3295 3296 3296 3250 3250 3296 3296 3251 3251 3251 3251 3296 3296 3297 3297 3251 3251 3297 3297 3252 3252 3252 3252 3297 3297 3298 3298 3252 3252 3298 3298 3253 3253 3253 3253 3298 3298 3299 3299 3253 3253 3299 3299 3254 3254 3254 3254 3299 3299 3300 3300 3254 3254 3300 3300 3255 3255 3255 3255 3300 3300 3301 3301 3255 3255 3301 3301 3256 3256 3256 3256 3301 3301 3302 3302 3256 3256 3302 3302 3257 3257 3257 3257 3302 3302 3303 3303 3257 3257 3303 3303 3258 3258 3258 3258 3303 3303 3304 3304 3258 3258 3304 3304 3259 3259 3259 3259 3304 3304 3305 3305 3259 3259 3305 3305 3260 3260 3260 3260 3305 3305 3306 3306 3260 3260 3306 3306 3261 3261 3261 3261 3306 3306 3307 3307 3261 3261 3307 3307 3262 3262 3262 3262 3307 3307 3308 3308 3262 3262 3308 3308 3263 3263 3263 3263 3308 3308 3309 3309 3263 3263 3309 3309 3264 3264 3264 3264 3309 3309 3310 3310 3264 3264 3310 3310 3265 3265 3265 3265 3310 3310 3311 3311 3265 3265 3311 3311 3266 3266 3266 3266 3311 3311 3312 3312 3266 3266 3312 3312 3267 3267 3267 3267 3312 3312 3313 3313 3267 3267 3313 3313 47 47 3268 3268 0 0 3314 3314 3268 3268 3314 3314 3269 3269 3269 3269 3314 3314 3315 3315 3269 3269 3315 3315 3270 3270 3270 3270 3315 3315 3316 3316 3270 3270 3316 3316 3271 3271 3271 3271 3316 3316 3317 3317 3271 3271 3317 3317 3272 3272 3272 3272 3317 3317 3318 3318 3272 3272 3318 3318 3273 3273 3273 3273 3318 3318 3319 3319 3273 3273 3319 3319 3274 3274 3274 3274 3319 3319 3320 3320 3274 3274 3320 3320 3275 3275 3275 3275 3320 3320 3321 3321 3275 3275 3321 3321 3276 3276 3276 3276 3321 3321 3322 3322 3276 3276 3322 3322 3277 3277 3277 3277 3322 3322 3323 3323 3277 3277 3323 3323 3278 3278 3278 3278 3323 3323 3324 3324 3278 3278 3324 3324 3279 3279 3279 3279 3324 3324 3325 3325 3279 3279 3325 3325 3280 3280 3280 3280 3325 3325 3326 3326 3280 3280 3326 3326 3281 3281 3281 3281 3326 3326 3327 3327 3281 3281 3327 3327 3282 3282 3282 3282 3327 3327 3328 3328 3282 3282 3328 3328 3283 3283 3283 3283 3328 3328 3329 3329 3283 3283 3329 3329 3284 3284 3284 3284 3329 3329 3330 3330 3284 3284 3330 3330 3285 3285 3285 3285 3330 3330 3331 3331 3285 3285 3331 3331 3286 3286 3286 3286 3331 3331 3332 3332 3286 3286 3332 3332 3287 3287 3287 3287 3332 3332 3333 3333 3287 3287 3333 3333 3288 3288 3288 3288 3333 3333 3334 3334 3288 3288 3334 3334 3289 3289 3289 3289 3334 3334 3335 3335 3289 3289 3335 3335 3290 3290 3290 3290 3335 3335 3336 3336 3290 3290 3336 3336 3291 3291 3291 3291 3336 3336 3337 3337 3291 3291 3337 3337 3292 3292 3292 3292 3337 3337 3338 3338 3292 3292 3338 3338 3293 3293 3293 3293 3338 3338 3339 3339 3293 3293 3339 3339 3294 3294 3294 3294 3339 3339 3340 3340 3294 3294 3340 3340 3295 3295 3295 3295 3340 3340 3341 3341 3295 3295 3341 3341 3296 3296 3296 3296 3341 3341 3342 3342 3296 3296 3342 3342 3297 3297 3297 3297 3342 3342 3343 3343 3297 3297 3343 3343 3298 3298 3298 3298 3343 3343 3344 3344 3298 3298 3344 3344 3299 3299 3299 3299 3344 3344 3345 3345 3299 3299 3345 3345 3300 3300 3300 3300 3345 3345 3346 3346 3300 3300 3346 3346 3301 3301 3301 3301 3346 3346 3347 3347 3301 3301 3347 3347 3302 3302 3302 3302 3347 3347 3348 3348 3302 3302 3348 3348 3303 3303 3303 3303 3348 3348 3349 3349 3303 3303 3349 3349 3304 3304 3304 3304 3349 3349 3350 3350 3304 3304 3350 3350 3305 3305 3305 3305 3350 3350 3351 3351 3305 3305 3351 3351 3306 3306 3306 3306 3351 3351 3352 3352 3306 3306 3352 3352 3307 3307 3307 3307 3352 3352 3353 3353 3307 3307 3353 3353 3308 3308 3308 3308 3353 3353 3354 3354 3308 3308 3354 3354 3309 3309 3309 3309 3354 3354 3355 3355 3309 3309 3355 3355 3310 3310 3310 3310 3355 3355 3356 3356 3310 3310 3356 3356 3311 3311 3311 3311 3356 3356 3357 3357 3311 3311 3357 3357 3312 3312 3312 3312 3357 3357 3358 3358 3312 3312 3358 3358 3313 3313 3313 3313 3358 3358 3359 3359 3313 3313 3359 3359 47 47 3314 3314 0 0 3360 3360 3314 3314 3360 3360 3315 3315 3315 3315 3360 3360 3361 3361 3315 3315 3361 3361 3316 3316 3316 3316 3361 3361 3362 3362 3316 3316 3362 3362 3317 3317 3317 3317 3362 3362 3363 3363 3317 3317 3363 3363 3318 3318 3318 3318 3363 3363 3364 3364 3318 3318 3364 3364 3319 3319 3319 3319 3364 3364 3365 3365 3319 3319 3365 3365 3320 3320 3320 3320 3365 3365 3366 3366 3320 3320 3366 3366 3321 3321 3321 3321 3366 3366 3367 3367 3321 3321 3367 3367 3322 3322 3322 3322 3367 3367 3368 3368 3322 3322 3368 3368 3323 3323 3323 3323 3368 3368 3369 3369 3323 3323 3369 3369 3324 3324 3324 3324 3369 3369 3370 3370 3324 3324 3370 3370 3325 3325 3325 3325 3370 3370 3371 3371 3325 3325 3371 3371 3326 3326 3326 3326 3371 3371 3372 3372 3326 3326 3372 3372 3327 3327 3327 3327 3372 3372 3373 3373 3327 3327 3373 3373 3328 3328 3328 3328 3373 3373 3374 3374 3328 3328 3374 3374 3329 3329 3329 3329 3374 3374 3375 3375 3329 3329 3375 3375 3330 3330 3330 3330 3375 3375 3376 3376 3330 3330 3376 3376 3331 3331 3331 3331 3376 3376 3377 3377 3331 3331 3377 3377 3332 3332 3332 3332 3377 3377 3378 3378 3332 3332 3378 3378 3333 3333 3333 3333 3378 3378 3379 3379 3333 3333 3379 3379 3334 3334 3334 3334 3379 3379 3380 3380 3334 3334 3380 3380 3335 3335 3335 3335 3380 3380 3381 3381 3335 3335 3381 3381 3336 3336 3336 3336 3381 3381 3382 3382 3336 3336 3382 3382 3337 3337 3337 3337 3382 3382 3383 3383 3337 3337 3383 3383 3338 3338 3338 3338 3383 3383 3384 3384 3338 3338 3384 3384 3339 3339 3339 3339 3384 3384 3385 3385 3339 3339 3385 3385 3340 3340 3340 3340 3385 3385 3386 3386 3340 3340 3386 3386 3341 3341 3341 3341 3386 3386 3387 3387 3341 3341 3387 3387 3342 3342 3342 3342 3387 3387 3388 3388 3342 3342 3388 3388 3343 3343 3343 3343 3388 3388 3389 3389 3343 3343 3389 3389 3344 3344 3344 3344 3389 3389 3390 3390 3344 3344 3390 3390 3345 3345 3345 3345 3390 3390 3391 3391 3345 3345 3391 3391 3346 3346 3346 3346 3391 3391 3392 3392 3346 3346 3392 3392 3347 3347 3347 3347 3392 3392 3393 3393 3347 3347 3393 3393 3348 3348 3348 3348 3393 3393 3394 3394 3348 3348 3394 3394 3349 3349 3349 3349 3394 3394 3395 3395 3349 3349 3395 3395 3350 3350 3350 3350 3395 3395 3396 3396 3350 3350 3396 3396 3351 3351 3351 3351 3396 3396 3397 3397 3351 3351 3397 3397 3352 3352 3352 3352 3397 3397 3398 3398 3352 3352 3398 3398 3353 3353 3353 3353 3398 3398 3399 3399 3353 3353 3399 3399 3354 3354 3354 3354 3399 3399 3400 3400 3354 3354 3400 3400 3355 3355 3355 3355 3400 3400 3401 3401 3355 3355 3401 3401 3356 3356 3356 3356 3401 3401 3402 3402 3356 3356 3402 3402 3357 3357 3357 3357 3402 3402 3403 3403 3357 3357 3403 3403 3358 3358 3358 3358 3403 3403 3404 3404 3358 3358 3404 3404 3359 3359 3359 3359 3404 3404 3405 3405 3359 3359 3405 3405 47 47 3360 3360 0 0 3406 3406 3360 3360 3406 3406 3361 3361 3361 3361 3406 3406 3407 3407 3361 3361 3407 3407 3362 3362 3362 3362 3407 3407 3408 3408 3362 3362 3408 3408 3363 3363 3363 3363 3408 3408 3409 3409 3363 3363 3409 3409 3364 3364 3364 3364 3409 3409 3410 3410 3364 3364 3410 3410 3365 3365 3365 3365 3410 3410 3411 3411 3365 3365 3411 3411 3366 3366 3366 3366 3411 3411 3412 3412 3366 3366 3412 3412 3367 3367 3367 3367 3412 3412 3413 3413 3367 3367 3413 3413 3368 3368 3368 3368 3413 3413 3414 3414 3368 3368 3414 3414 3369 3369 3369 3369 3414 3414 3415 3415 3369 3369 3415 3415 3370 3370 3370 3370 3415 3415 3416 3416 3370 3370 3416 3416 3371 3371 3371 3371 3416 3416 3417 3417 3371 3371 3417 3417 3372 3372 3372 3372 3417 3417 3418 3418 3372 3372 3418 3418 3373 3373 3373 3373 3418 3418 3419 3419 3373 3373 3419 3419 3374 3374 3374 3374 3419 3419 3420 3420 3374 3374 3420 3420 3375 3375 3375 3375 3420 3420 3421 3421 3375 3375 3421 3421 3376 3376 3376 3376 3421 3421 3422 3422 3376 3376 3422 3422 3377 3377 3377 3377 3422 3422 3423 3423 3377 3377 3423 3423 3378 3378 3378 3378 3423 3423 3424 3424 3378 3378 3424 3424 3379 3379 3379 3379 3424 3424 3425 3425 3379 3379 3425 3425 3380 3380 3380 3380 3425 3425 3426 3426 3380 3380 3426 3426 3381 3381 3381 3381 3426 3426 3427 3427 3381 3381 3427 3427 3382 3382 3382 3382 3427 3427 3428 3428 3382 3382 3428 3428 3383 3383 3383 3383 3428 3428 3429 3429 3383 3383 3429 3429 3384 3384 3384 3384 3429 3429 3430 3430 3384 3384 3430 3430 3385 3385 3385 3385 3430 3430 3431 3431 3385 3385 3431 3431 3386 3386 3386 3386 3431 3431 3432 3432 3386 3386 3432 3432 3387 3387 3387 3387 3432 3432 3433 3433 3387 3387 3433 3433 3388 3388 3388 3388 3433 3433 3434 3434 3388 3388 3434 3434 3389 3389 3389 3389 3434 3434 3435 3435 3389 3389 3435 3435 3390 3390 3390 3390 3435 3435 3436 3436 3390 3390 3436 3436 3391 3391 3391 3391 3436 3436 3437 3437 3391 3391 3437 3437 3392 3392 3392 3392 3437 3437 3438 3438 3392 3392 3438 3438 3393 3393 3393 3393 3438 3438 3439 3439 3393 3393 3439 3439 3394 3394 3394 3394 3439 3439 3440 3440 3394 3394 3440 3440 3395 3395 3395 3395 3440 3440 3441 3441 3395 3395 3441 3441 3396 3396 3396 3396 3441 3441 3442 3442 3396 3396 3442 3442 3397 3397 3397 3397 3442 3442 3443 3443 3397 3397 3443 3443 3398 3398 3398 3398 3443 3443 3444 3444 3398 3398 3444 3444 3399 3399 3399 3399 3444 3444 3445 3445 3399 3399 3445 3445 3400 3400 3400 3400 3445 3445 3446 3446 3400 3400 3446 3446 3401 3401 3401 3401 3446 3446 3447 3447 3401 3401 3447 3447 3402 3402 3402 3402 3447 3447 3448 3448 3402 3402 3448 3448 3403 3403 3403 3403 3448 3448 3449 3449 3403 3403 3449 3449 3404 3404 3404 3404 3449 3449 3450 3450 3404 3404 3450 3450 3405 3405 3405 3405 3450 3450 3451 3451 3405 3405 3451 3451 47 47 3406 3406 0 0 3452 3452 3406 3406 3452 3452 3407 3407 3407 3407 3452 3452 3453 3453 3407 3407 3453 3453 3408 3408 3408 3408 3453 3453 3454 3454 3408 3408 3454 3454 3409 3409 3409 3409 3454 3454 3455 3455 3409 3409 3455 3455 3410 3410 3410 3410 3455 3455 3456 3456 3410 3410 3456 3456 3411 3411 3411 3411 3456 3456 3457 3457 3411 3411 3457 3457 3412 3412 3412 3412 3457 3457 3458 3458 3412 3412 3458 3458 3413 3413 3413 3413 3458 3458 3459 3459 3413 3413 3459 3459 3414 3414 3414 3414 3459 3459 3460 3460 3414 3414 3460 3460 3415 3415 3415 3415 3460 3460 3461 3461 3415 3415 3461 3461 3416 3416 3416 3416 3461 3461 3462 3462 3416 3416 3462 3462 3417 3417 3417 3417 3462 3462 3463 3463 3417 3417 3463 3463 3418 3418 3418 3418 3463 3463 3464 3464 3418 3418 3464 3464 3419 3419 3419 3419 3464 3464 3465 3465 3419 3419 3465 3465 3420 3420 3420 3420 3465 3465 3466 3466 3420 3420 3466 3466 3421 3421 3421 3421 3466 3466 3467 3467 3421 3421 3467 3467 3422 3422 3422 3422 3467 3467 3468 3468 3422 3422 3468 3468 3423 3423 3423 3423 3468 3468 3469 3469 3423 3423 3469 3469 3424 3424 3424 3424 3469 3469 3470 3470 3424 3424 3470 3470 3425 3425 3425 3425 3470 3470 3471 3471 3425 3425 3471 3471 3426 3426 3426 3426 3471 3471 3472 3472 3426 3426 3472 3472 3427 3427 3427 3427 3472 3472 3473 3473 3427 3427 3473 3473 3428 3428 3428 3428 3473 3473 3474 3474 3428 3428 3474 3474 3429 3429 3429 3429 3474 3474 3475 3475 3429 3429 3475 3475 3430 3430 3430 3430 3475 3475 3476 3476 3430 3430 3476 3476 3431 3431 3431 3431 3476 3476 3477 3477 3431 3431 3477 3477 3432 3432 3432 3432 3477 3477 3478 3478 3432 3432 3478 3478 3433 3433 3433 3433 3478 3478 3479 3479 3433 3433 3479 3479 3434 3434 3434 3434 3479 3479 3480 3480 3434 3434 3480 3480 3435 3435 3435 3435 3480 3480 3481 3481 3435 3435 3481 3481 3436 3436 3436 3436 3481 3481 3482 3482 3436 3436 3482 3482 3437 3437 3437 3437 3482 3482 3483 3483 3437 3437 3483 3483 3438 3438 3438 3438 3483 3483 3484 3484 3438 3438 3484 3484 3439 3439 3439 3439 3484 3484 3485 3485 3439 3439 3485 3485 3440 3440 3440 3440 3485 3485 3486 3486 3440 3440 3486 3486 3441 3441 3441 3441 3486 3486 3487 3487 3441 3441 3487 3487 3442 3442 3442 3442 3487 3487 3488 3488 3442 3442 3488 3488 3443 3443 3443 3443 3488 3488 3489 3489 3443 3443 3489 3489 3444 3444 3444 3444 3489 3489 3490 3490 3444 3444 3490 3490 3445 3445 3445 3445 3490 3490 3491 3491 3445 3445 3491 3491 3446 3446 3446 3446 3491 3491 3492 3492 3446 3446 3492 3492 3447 3447 3447 3447 3492 3492 3493 3493 3447 3447 3493 3493 3448 3448 3448 3448 3493 3493 3494 3494 3448 3448 3494 3494 3449 3449 3449 3449 3494 3494 3495 3495 3449 3449 3495 3495 3450 3450 3450 3450 3495 3495 3496 3496 3450 3450 3496 3496 3451 3451 3451 3451 3496 3496 3497 3497 3451 3451 3497 3497 47 47 3452 3452 0 0 3498 3498 3452 3452 3498 3498 3453 3453 3453 3453 3498 3498 3499 3499 3453 3453 3499 3499 3454 3454 3454 3454 3499 3499 3500 3500 3454 3454 3500 3500 3455 3455 3455 3455 3500 3500 3501 3501 3455 3455 3501 3501 3456 3456 3456 3456 3501 3501 3502 3502 3456 3456 3502 3502 3457 3457 3457 3457 3502 3502 3503 3503 3457 3457 3503 3503 3458 3458 3458 3458 3503 3503 3504 3504 3458 3458 3504 3504 3459 3459 3459 3459 3504 3504 3505 3505 3459 3459 3505 3505 3460 3460 3460 3460 3505 3505 3506 3506 3460 3460 3506 3506 3461 3461 3461 3461 3506 3506 3507 3507 3461 3461 3507 3507 3462 3462 3462 3462 3507 3507 3508 3508 3462 3462 3508 3508 3463 3463 3463 3463 3508 3508 3509 3509 3463 3463 3509 3509 3464 3464 3464 3464 3509 3509 3510 3510 3464 3464 3510 3510 3465 3465 3465 3465 3510 3510 3511 3511 3465 3465 3511 3511 3466 3466 3466 3466 3511 3511 3512 3512 3466 3466 3512 3512 3467 3467 3467 3467 3512 3512 3513 3513 3467 3467 3513 3513 3468 3468 3468 3468 3513 3513 3514 3514 3468 3468 3514 3514 3469 3469 3469 3469 3514 3514 3515 3515 3469 3469 3515 3515 3470 3470 3470 3470 3515 3515 3516 3516 3470 3470 3516 3516 3471 3471 3471 3471 3516 3516 3517 3517 3471 3471 3517 3517 3472 3472 3472 3472 3517 3517 3518 3518 3472 3472 3518 3518 3473 3473 3473 3473 3518 3518 3519 3519 3473 3473 3519 3519 3474 3474 3474 3474 3519 3519 3520 3520 3474 3474 3520 3520 3475 3475 3475 3475 3520 3520 3521 3521 3475 3475 3521 3521 3476 3476 3476 3476 3521 3521 3522 3522 3476 3476 3522 3522 3477 3477 3477 3477 3522 3522 3523 3523 3477 3477 3523 3523 3478 3478 3478 3478 3523 3523 3524 3524 3478 3478 3524 3524 3479 3479 3479 3479 3524 3524 3525 3525 3479 3479 3525 3525 3480 3480 3480 3480 3525 3525 3526 3526 3480 3480 3526 3526 3481 3481 3481 3481 3526 3526 3527 3527 3481 3481 3527 3527 3482 3482 3482 3482 3527 3527 3528 3528 3482 3482 3528 3528 3483 3483 3483 3483 3528 3528 3529 3529 3483 3483 3529 3529 3484 3484 3484 3484 3529 3529 3530 3530 3484 3484 3530 3530 3485 3485 3485 3485 3530 3530 3531 3531 3485 3485 3531 3531 3486 3486 3486 3486 3531 3531 3532 3532 3486 3486 3532 3532 3487 3487 3487 3487 3532 3532 3533 3533 3487 3487 3533 3533 3488 3488 3488 3488 3533 3533 3534 3534 3488 3488 3534 3534 3489 3489 3489 3489 3534 3534 3535 3535 3489 3489 3535 3535 3490 3490 3490 3490 3535 3535 3536 3536 3490 3490 3536 3536 3491 3491 3491 3491 3536 3536 3537 3537 3491 3491 3537 3537 3492 3492 3492 3492 3537 3537 3538 3538 3492 3492 3538 3538 3493 3493 3493 3493 3538 3538 3539 3539 3493 3493 3539 3539 3494 3494 3494 3494 3539 3539 3540 3540 3494 3494 3540 3540 3495 3495 3495 3495 3540 3540 3541 3541 3495 3495 3541 3541 3496 3496 3496 3496 3541 3541 3542 3542 3496 3496 3542 3542 3497 3497 3497 3497 3542 3542 3543 3543 3497 3497 3543 3543 47 47 3498 3498 0 0 3544 3544 3498 3498 3544 3544 3499 3499 3499 3499 3544 3544 3545 3545 3499 3499 3545 3545 3500 3500 3500 3500 3545 3545 3546 3546 3500 3500 3546 3546 3501 3501 3501 3501 3546 3546 3547 3547 3501 3501 3547 3547 3502 3502 3502 3502 3547 3547 3548 3548 3502 3502 3548 3548 3503 3503 3503 3503 3548 3548 3549 3549 3503 3503 3549 3549 3504 3504 3504 3504 3549 3549 3550 3550 3504 3504 3550 3550 3505 3505 3505 3505 3550 3550 3551 3551 3505 3505 3551 3551 3506 3506 3506 3506 3551 3551 3552 3552 3506 3506 3552 3552 3507 3507 3507 3507 3552 3552 3553 3553 3507 3507 3553 3553 3508 3508 3508 3508 3553 3553 3554 3554 3508 3508 3554 3554 3509 3509 3509 3509 3554 3554 3555 3555 3509 3509 3555 3555 3510 3510 3510 3510 3555 3555 3556 3556 3510 3510 3556 3556 3511 3511 3511 3511 3556 3556 3557 3557 3511 3511 3557 3557 3512 3512 3512 3512 3557 3557 3558 3558 3512 3512 3558 3558 3513 3513 3513 3513 3558 3558 3559 3559 3513 3513 3559 3559 3514 3514 3514 3514 3559 3559 3560 3560 3514 3514 3560 3560 3515 3515 3515 3515 3560 3560 3561 3561 3515 3515 3561 3561 3516 3516 3516 3516 3561 3561 3562 3562 3516 3516 3562 3562 3517 3517 3517 3517 3562 3562 3563 3563 3517 3517 3563 3563 3518 3518 3518 3518 3563 3563 3564 3564 3518 3518 3564 3564 3519 3519 3519 3519 3564 3564 3565 3565 3519 3519 3565 3565 3520 3520 3520 3520 3565 3565 3566 3566 3520 3520 3566 3566 3521 3521 3521 3521 3566 3566 3567 3567 3521 3521 3567 3567 3522 3522 3522 3522 3567 3567 3568 3568 3522 3522 3568 3568 3523 3523 3523 3523 3568 3568 3569 3569 3523 3523 3569 3569 3524 3524 3524 3524 3569 3569 3570 3570 3524 3524 3570 3570 3525 3525 3525 3525 3570 3570 3571 3571 3525 3525 3571 3571 3526 3526 3526 3526 3571 3571 3572 3572 3526 3526 3572 3572 3527 3527 3527 3527 3572 3572 3573 3573 3527 3527 3573 3573 3528 3528 3528 3528 3573 3573 3574 3574 3528 3528 3574 3574 3529 3529 3529 3529 3574 3574 3575 3575 3529 3529 3575 3575 3530 3530 3530 3530 3575 3575 3576 3576 3530 3530 3576 3576 3531 3531 3531 3531 3576 3576 3577 3577 3531 3531 3577 3577 3532 3532 3532 3532 3577 3577 3578 3578 3532 3532 3578 3578 3533 3533 3533 3533 3578 3578 3579 3579 3533 3533 3579 3579 3534 3534 3534 3534 3579 3579 3580 3580 3534 3534 3580 3580 3535 3535 3535 3535 3580 3580 3581 3581 3535 3535 3581 3581 3536 3536 3536 3536 3581 3581 3582 3582 3536 3536 3582 3582 3537 3537 3537 3537 3582 3582 3583 3583 3537 3537 3583 3583 3538 3538 3538 3538 3583 3583 3584 3584 3538 3538 3584 3584 3539 3539 3539 3539 3584 3584 3585 3585 3539 3539 3585 3585 3540 3540 3540 3540 3585 3585 3586 3586 3540 3540 3586 3586 3541 3541 3541 3541 3586 3586 3587 3587 3541 3541 3587 3587 3542 3542 3542 3542 3587 3587 3588 3588 3542 3542 3588 3588 3543 3543 3543 3543 3588 3588 3589 3589 3543 3543 3589 3589 47 47 3544 3544 0 0 3590 3590 3544 3544 3590 3590 3545 3545 3545 3545 3590 3590 3591 3591 3545 3545 3591 3591 3546 3546 3546 3546 3591 3591 3592 3592 3546 3546 3592 3592 3547 3547 3547 3547 3592 3592 3593 3593 3547 3547 3593 3593 3548 3548 3548 3548 3593 3593 3594 3594 3548 3548 3594 3594 3549 3549 3549 3549 3594 3594 3595 3595 3549 3549 3595 3595 3550 3550 3550 3550 3595 3595 3596 3596 3550 3550 3596 3596 3551 3551 3551 3551 3596 3596 3597 3597 3551 3551 3597 3597 3552 3552 3552 3552 3597 3597 3598 3598 3552 3552 3598 3598 3553 3553 3553 3553 3598 3598 3599 3599 3553 3553 3599 3599 3554 3554 3554 3554 3599 3599 3600 3600 3554 3554 3600 3600 3555 3555 3555 3555 3600 3600 3601 3601 3555 3555 3601 3601 3556 3556 3556 3556 3601 3601 3602 3602 3556 3556 3602 3602 3557 3557 3557 3557 3602 3602 3603 3603 3557 3557 3603 3603 3558 3558 3558 3558 3603 3603 3604 3604 3558 3558 3604 3604 3559 3559 3559 3559 3604 3604 3605 3605 3559 3559 3605 3605 3560 3560 3560 3560 3605 3605 3606 3606 3560 3560 3606 3606 3561 3561 3561 3561 3606 3606 3607 3607 3561 3561 3607 3607 3562 3562 3562 3562 3607 3607 3608 3608 3562 3562 3608 3608 3563 3563 3563 3563 3608 3608 3609 3609 3563 3563 3609 3609 3564 3564 3564 3564 3609 3609 3610 3610 3564 3564 3610 3610 3565 3565 3565 3565 3610 3610 3611 3611 3565 3565 3611 3611 3566 3566 3566 3566 3611 3611 3612 3612 3566 3566 3612 3612 3567 3567 3567 3567 3612 3612 3613 3613 3567 3567 3613 3613 3568 3568 3568 3568 3613 3613 3614 3614 3568 3568 3614 3614 3569 3569 3569 3569 3614 3614 3615 3615 3569 3569 3615 3615 3570 3570 3570 3570 3615 3615 3616 3616 3570 3570 3616 3616 3571 3571 3571 3571 3616 3616 3617 3617 3571 3571 3617 3617 3572 3572 3572 3572 3617 3617 3618 3618 3572 3572 3618 3618 3573 3573 3573 3573 3618 3618 3619 3619 3573 3573 3619 3619 3574 3574 3574 3574 3619 3619 3620 3620 3574 3574 3620 3620 3575 3575 3575 3575 3620 3620 3621 3621 3575 3575 3621 3621 3576 3576 3576 3576 3621 3621 3622 3622 3576 3576 3622 3622 3577 3577 3577 3577 3622 3622 3623 3623 3577 3577 3623 3623 3578 3578 3578 3578 3623 3623 3624 3624 3578 3578 3624 3624 3579 3579 3579 3579 3624 3624 3625 3625 3579 3579 3625 3625 3580 3580 3580 3580 3625 3625 3626 3626 3580 3580 3626 3626 3581 3581 3581 3581 3626 3626 3627 3627 3581 3581 3627 3627 3582 3582 3582 3582 3627 3627 3628 3628 3582 3582 3628 3628 3583 3583 3583 3583 3628 3628 3629 3629 3583 3583 3629 3629 3584 3584 3584 3584 3629 3629 3630 3630 3584 3584 3630 3630 3585 3585 3585 3585 3630 3630 3631 3631 3585 3585 3631 3631 3586 3586 3586 3586 3631 3631 3632 3632 3586 3586 3632 3632 3587 3587 3587 3587 3632 3632 3633 3633 3587 3587 3633 3633 3588 3588 3588 3588 3633 3633 3634 3634 3588 3588 3634 3634 3589 3589 3589 3589 3634 3634 3635 3635 3589 3589 3635 3635 47 47 3590 3590 0 0 3636 3636 3590 3590 3636 3636 3591 3591 3591 3591 3636 3636 3637 3637 3591 3591 3637 3637 3592 3592 3592 3592 3637 3637 3638 3638 3592 3592 3638 3638 3593 3593 3593 3593 3638 3638 3639 3639 3593 3593 3639 3639 3594 3594 3594 3594 3639 3639 3640 3640 3594 3594 3640 3640 3595 3595 3595 3595 3640 3640 3641 3641 3595 3595 3641 3641 3596 3596 3596 3596 3641 3641 3642 3642 3596 3596 3642 3642 3597 3597 3597 3597 3642 3642 3643 3643 3597 3597 3643 3643 3598 3598 3598 3598 3643 3643 3644 3644 3598 3598 3644 3644 3599 3599 3599 3599 3644 3644 3645 3645 3599 3599 3645 3645 3600 3600 3600 3600 3645 3645 3646 3646 3600 3600 3646 3646 3601 3601 3601 3601 3646 3646 3647 3647 3601 3601 3647 3647 3602 3602 3602 3602 3647 3647 3648 3648 3602 3602 3648 3648 3603 3603 3603 3603 3648 3648 3649 3649 3603 3603 3649 3649 3604 3604 3604 3604 3649 3649 3650 3650 3604 3604 3650 3650 3605 3605 3605 3605 3650 3650 3651 3651 3605 3605 3651 3651 3606 3606 3606 3606 3651 3651 3652 3652 3606 3606 3652 3652 3607 3607 3607 3607 3652 3652 3653 3653 3607 3607 3653 3653 3608 3608 3608 3608 3653 3653 3654 3654 3608 3608 3654 3654 3609 3609 3609 3609 3654 3654 3655 3655 3609 3609 3655 3655 3610 3610 3610 3610 3655 3655 3656 3656 3610 3610 3656 3656 3611 3611 3611 3611 3656 3656 3657 3657 3611 3611 3657 3657 3612 3612 3612 3612 3657 3657 3658 3658 3612 3612 3658 3658 3613 3613 3613 3613 3658 3658 3659 3659 3613 3613 3659 3659 3614 3614 3614 3614 3659 3659 3660 3660 3614 3614 3660 3660 3615 3615 3615 3615 3660 3660 3661 3661 3615 3615 3661 3661 3616 3616 3616 3616 3661 3661 3662 3662 3616 3616 3662 3662 3617 3617 3617 3617 3662 3662 3663 3663 3617 3617 3663 3663 3618 3618 3618 3618 3663 3663 3664 3664 3618 3618 3664 3664 3619 3619 3619 3619 3664 3664 3665 3665 3619 3619 3665 3665 3620 3620 3620 3620 3665 3665 3666 3666 3620 3620 3666 3666 3621 3621 3621 3621 3666 3666 3667 3667 3621 3621 3667 3667 3622 3622 3622 3622 3667 3667 3668 3668 3622 3622 3668 3668 3623 3623 3623 3623 3668 3668 3669 3669 3623 3623 3669 3669 3624 3624 3624 3624 3669 3669 3670 3670 3624 3624 3670 3670 3625 3625 3625 3625 3670 3670 3671 3671 3625 3625 3671 3671 3626 3626 3626 3626 3671 3671 3672 3672 3626 3626 3672 3672 3627 3627 3627 3627 3672 3672 3673 3673 3627 3627 3673 3673 3628 3628 3628 3628 3673 3673 3674 3674 3628 3628 3674 3674 3629 3629 3629 3629 3674 3674 3675 3675 3629 3629 3675 3675 3630 3630 3630 3630 3675 3675 3676 3676 3630 3630 3676 3676 3631 3631 3631 3631 3676 3676 3677 3677 3631 3631 3677 3677 3632 3632 3632 3632 3677 3677 3678 3678 3632 3632 3678 3678 3633 3633 3633 3633 3678 3678 3679 3679 3633 3633 3679 3679 3634 3634 3634 3634 3679 3679 3680 3680 3634 3634 3680 3680 3635 3635 3635 3635 3680 3680 3681 3681 3635 3635 3681 3681 47 47 3636 3636 0 0 3682 3682 3636 3636 3682 3682 3637 3637 3637 3637 3682 3682 3683 3683 3637 3637 3683 3683 3638 3638 3638 3638 3683 3683 3684 3684 3638 3638 3684 3684 3639 3639 3639 3639 3684 3684 3685 3685 3639 3639 3685 3685 3640 3640 3640 3640 3685 3685 3686 3686 3640 3640 3686 3686 3641 3641 3641 3641 3686 3686 3687 3687 3641 3641 3687 3687 3642 3642 3642 3642 3687 3687 3688 3688 3642 3642 3688 3688 3643 3643 3643 3643 3688 3688 3689 3689 3643 3643 3689 3689 3644 3644 3644 3644 3689 3689 3690 3690 3644 3644 3690 3690 3645 3645 3645 3645 3690 3690 3691 3691 3645 3645 3691 3691 3646 3646 3646 3646 3691 3691 3692 3692 3646 3646 3692 3692 3647 3647 3647 3647 3692 3692 3693 3693 3647 3647 3693 3693 3648 3648 3648 3648 3693 3693 3694 3694 3648 3648 3694 3694 3649 3649 3649 3649 3694 3694 3695 3695 3649 3649 3695 3695 3650 3650 3650 3650 3695 3695 3696 3696 3650 3650 3696 3696 3651 3651 3651 3651 3696 3696 3697 3697 3651 3651 3697 3697 3652 3652 3652 3652 3697 3697 3698 3698 3652 3652 3698 3698 3653 3653 3653 3653 3698 3698 3699 3699 3653 3653 3699 3699 3654 3654 3654 3654 3699 3699 3700 3700 3654 3654 3700 3700 3655 3655 3655 3655 3700 3700 3701 3701 3655 3655 3701 3701 3656 3656 3656 3656 3701 3701 3702 3702 3656 3656 3702 3702 3657 3657 3657 3657 3702 3702 3703 3703 3657 3657 3703 3703 3658 3658 3658 3658 3703 3703 3704 3704 3658 3658 3704 3704 3659 3659 3659 3659 3704 3704 3705 3705 3659 3659 3705 3705 3660 3660 3660 3660 3705 3705 3706 3706 3660 3660 3706 3706 3661 3661 3661 3661 3706 3706 3707 3707 3661 3661 3707 3707 3662 3662 3662 3662 3707 3707 3708 3708 3662 3662 3708 3708 3663 3663 3663 3663 3708 3708 3709 3709 3663 3663 3709 3709 3664 3664 3664 3664 3709 3709 3710 3710 3664 3664 3710 3710 3665 3665 3665 3665 3710 3710 3711 3711 3665 3665 3711 3711 3666 3666 3666 3666 3711 3711 3712 3712 3666 3666 3712 3712 3667 3667 3667 3667 3712 3712 3713 3713 3667 3667 3713 3713 3668 3668 3668 3668 3713 3713 3714 3714 3668 3668 3714 3714 3669 3669 3669 3669 3714 3714 3715 3715 3669 3669 3715 3715 3670 3670 3670 3670 3715 3715 3716 3716 3670 3670 3716 3716 3671 3671 3671 3671 3716 3716 3717 3717 3671 3671 3717 3717 3672 3672 3672 3672 3717 3717 3718 3718 3672 3672 3718 3718 3673 3673 3673 3673 3718 3718 3719 3719 3673 3673 3719 3719 3674 3674 3674 3674 3719 3719 3720 3720 3674 3674 3720 3720 3675 3675 3675 3675 3720 3720 3721 3721 3675 3675 3721 3721 3676 3676 3676 3676 3721 3721 3722 3722 3676 3676 3722 3722 3677 3677 3677 3677 3722 3722 3723 3723 3677 3677 3723 3723 3678 3678 3678 3678 3723 3723 3724 3724 3678 3678 3724 3724 3679 3679 3679 3679 3724 3724 3725 3725 3679 3679 3725 3725 3680 3680 3680 3680 3725 3725 3726 3726 3680 3680 3726 3726 3681 3681 3681 3681 3726 3726 3727 3727 3681 3681 3727 3727 47 47 3682 3682 0 0 3728 3728 3682 3682 3728 3728 3683 3683 3683 3683 3728 3728 3729 3729 3683 3683 3729 3729 3684 3684 3684 3684 3729 3729 3730 3730 3684 3684 3730 3730 3685 3685 3685 3685 3730 3730 3731 3731 3685 3685 3731 3731 3686 3686 3686 3686 3731 3731 3732 3732 3686 3686 3732 3732 3687 3687 3687 3687 3732 3732 3733 3733 3687 3687 3733 3733 3688 3688 3688 3688 3733 3733 3734 3734 3688 3688 3734 3734 3689 3689 3689 3689 3734 3734 3735 3735 3689 3689 3735 3735 3690 3690 3690 3690 3735 3735 3736 3736 3690 3690 3736 3736 3691 3691 3691 3691 3736 3736 3737 3737 3691 3691 3737 3737 3692 3692 3692 3692 3737 3737 3738 3738 3692 3692 3738 3738 3693 3693 3693 3693 3738 3738 3739 3739 3693 3693 3739 3739 3694 3694 3694 3694 3739 3739 3740 3740 3694 3694 3740 3740 3695 3695 3695 3695 3740 3740 3741 3741 3695 3695 3741 3741 3696 3696 3696 3696 3741 3741 3742 3742 3696 3696 3742 3742 3697 3697 3697 3697 3742 3742 3743 3743 3697 3697 3743 3743 3698 3698 3698 3698 3743 3743 3744 3744 3698 3698 3744 3744 3699 3699 3699 3699 3744 3744 3745 3745 3699 3699 3745 3745 3700 3700 3700 3700 3745 3745 3746 3746 3700 3700 3746 3746 3701 3701 3701 3701 3746 3746 3747 3747 3701 3701 3747 3747 3702 3702 3702 3702 3747 3747 3748 3748 3702 3702 3748 3748 3703 3703 3703 3703 3748 3748 3749 3749 3703 3703 3749 3749 3704 3704 3704 3704 3749 3749 3750 3750 3704 3704 3750 3750 3705 3705 3705 3705 3750 3750 3751 3751 3705 3705 3751 3751 3706 3706 3706 3706 3751 3751 3752 3752 3706 3706 3752 3752 3707 3707 3707 3707 3752 3752 3753 3753 3707 3707 3753 3753 3708 3708 3708 3708 3753 3753 3754 3754 3708 3708 3754 3754 3709 3709 3709 3709 3754 3754 3755 3755 3709 3709 3755 3755 3710 3710 3710 3710 3755 3755 3756 3756 3710 3710 3756 3756 3711 3711 3711 3711 3756 3756 3757 3757 3711 3711 3757 3757 3712 3712 3712 3712 3757 3757 3758 3758 3712 3712 3758 3758 3713 3713 3713 3713 3758 3758 3759 3759 3713 3713 3759 3759 3714 3714 3714 3714 3759 3759 3760 3760 3714 3714 3760 3760 3715 3715 3715 3715 3760 3760 3761 3761 3715 3715 3761 3761 3716 3716 3716 3716 3761 3761 3762 3762 3716 3716 3762 3762 3717 3717 3717 3717 3762 3762 3763 3763 3717 3717 3763 3763 3718 3718 3718 3718 3763 3763 3764 3764 3718 3718 3764 3764 3719 3719 3719 3719 3764 3764 3765 3765 3719 3719 3765 3765 3720 3720 3720 3720 3765 3765 3766 3766 3720 3720 3766 3766 3721 3721 3721 3721 3766 3766 3767 3767 3721 3721 3767 3767 3722 3722 3722 3722 3767 3767 3768 3768 3722 3722 3768 3768 3723 3723 3723 3723 3768 3768 3769 3769 3723 3723 3769 3769 3724 3724 3724 3724 3769 3769 3770 3770 3724 3724 3770 3770 3725 3725 3725 3725 3770 3770 3771 3771 3725 3725 3771 3771 3726 3726 3726 3726 3771 3771 3772 3772 3726 3726 3772 3772 3727 3727 3727 3727 3772 3772 3773 3773 3727 3727 3773 3773 47 47 3728 3728 0 0 3774 3774 3728 3728 3774 3774 3729 3729 3729 3729 3774 3774 3775 3775 3729 3729 3775 3775 3730 3730 3730 3730 3775 3775 3776 3776 3730 3730 3776 3776 3731 3731 3731 3731 3776 3776 3777 3777 3731 3731 3777 3777 3732 3732 3732 3732 3777 3777 3778 3778 3732 3732 3778 3778 3733 3733 3733 3733 3778 3778 3779 3779 3733 3733 3779 3779 3734 3734 3734 3734 3779 3779 3780 3780 3734 3734 3780 3780 3735 3735 3735 3735 3780 3780 3781 3781 3735 3735 3781 3781 3736 3736 3736 3736 3781 3781 3782 3782 3736 3736 3782 3782 3737 3737 3737 3737 3782 3782 3783 3783 3737 3737 3783 3783 3738 3738 3738 3738 3783 3783 3784 3784 3738 3738 3784 3784 3739 3739 3739 3739 3784 3784 3785 3785 3739 3739 3785 3785 3740 3740 3740 3740 3785 3785 3786 3786 3740 3740 3786 3786 3741 3741 3741 3741 3786 3786 3787 3787 3741 3741 3787 3787 3742 3742 3742 3742 3787 3787 3788 3788 3742 3742 3788 3788 3743 3743 3743 3743 3788 3788 3789 3789 3743 3743 3789 3789 3744 3744 3744 3744 3789 3789 3790 3790 3744 3744 3790 3790 3745 3745 3745 3745 3790 3790 3791 3791 3745 3745 3791 3791 3746 3746 3746 3746 3791 3791 3792 3792 3746 3746 3792 3792 3747 3747 3747 3747 3792 3792 3793 3793 3747 3747 3793 3793 3748 3748 3748 3748 3793 3793 3794 3794 3748 3748 3794 3794 3749 3749 3749 3749 3794 3794 3795 3795 3749 3749 3795 3795 3750 3750 3750 3750 3795 3795 3796 3796 3750 3750 3796 3796 3751 3751 3751 3751 3796 3796 3797 3797 3751 3751 3797 3797 3752 3752 3752 3752 3797 3797 3798 3798 3752 3752 3798 3798 3753 3753 3753 3753 3798 3798 3799 3799 3753 3753 3799 3799 3754 3754 3754 3754 3799 3799 3800 3800 3754 3754 3800 3800 3755 3755 3755 3755 3800 3800 3801 3801 3755 3755 3801 3801 3756 3756 3756 3756 3801 3801 3802 3802 3756 3756 3802 3802 3757 3757 3757 3757 3802 3802 3803 3803 3757 3757 3803 3803 3758 3758 3758 3758 3803 3803 3804 3804 3758 3758 3804 3804 3759 3759 3759 3759 3804 3804 3805 3805 3759 3759 3805 3805 3760 3760 3760 3760 3805 3805 3806 3806 3760 3760 3806 3806 3761 3761 3761 3761 3806 3806 3807 3807 3761 3761 3807 3807 3762 3762 3762 3762 3807 3807 3808 3808 3762 3762 3808 3808 3763 3763 3763 3763 3808 3808 3809 3809 3763 3763 3809 3809 3764 3764 3764 3764 3809 3809 3810 3810 3764 3764 3810 3810 3765 3765 3765 3765 3810 3810 3811 3811 3765 3765 3811 3811 3766 3766 3766 3766 3811 3811 3812 3812 3766 3766 3812 3812 3767 3767 3767 3767 3812 3812 3813 3813 3767 3767 3813 3813 3768 3768 3768 3768 3813 3813 3814 3814 3768 3768 3814 3814 3769 3769 3769 3769 3814 3814 3815 3815 3769 3769 3815 3815 3770 3770 3770 3770 3815 3815 3816 3816 3770 3770 3816 3816 3771 3771 3771 3771 3816 3816 3817 3817 3771 3771 3817 3817 3772 3772 3772 3772 3817 3817 3818 3818 3772 3772 3818 3818 3773 3773 3773 3773 3818 3818 3819 3819 3773 3773 3819 3819 47 47 3774 3774 0 0 3820 3820 3774 3774 3820 3820 3775 3775 3775 3775 3820 3820 3821 3821 3775 3775 3821 3821 3776 3776 3776 3776 3821 3821 3822 3822 3776 3776 3822 3822 3777 3777 3777 3777 3822 3822 3823 3823 3777 3777 3823 3823 3778 3778 3778 3778 3823 3823 3824 3824 3778 3778 3824 3824 3779 3779 3779 3779 3824 3824 3825 3825 3779 3779 3825 3825 3780 3780 3780 3780 3825 3825 3826 3826 3780 3780 3826 3826 3781 3781 3781 3781 3826 3826 3827 3827 3781 3781 3827 3827 3782 3782 3782 3782 3827 3827 3828 3828 3782 3782 3828 3828 3783 3783 3783 3783 3828 3828 3829 3829 3783 3783 3829 3829 3784 3784 3784 3784 3829 3829 3830 3830 3784 3784 3830 3830 3785 3785 3785 3785 3830 3830 3831 3831 3785 3785 3831 3831 3786 3786 3786 3786 3831 3831 3832 3832 3786 3786 3832 3832 3787 3787 3787 3787 3832 3832 3833 3833 3787 3787 3833 3833 3788 3788 3788 3788 3833 3833 3834 3834 3788 3788 3834 3834 3789 3789 3789 3789 3834 3834 3835 3835 3789 3789 3835 3835 3790 3790 3790 3790 3835 3835 3836 3836 3790 3790 3836 3836 3791 3791 3791 3791 3836 3836 3837 3837 3791 3791 3837 3837 3792 3792 3792 3792 3837 3837 3838 3838 3792 3792 3838 3838 3793 3793 3793 3793 3838 3838 3839 3839 3793 3793 3839 3839 3794 3794 3794 3794 3839 3839 3840 3840 3794 3794 3840 3840 3795 3795 3795 3795 3840 3840 3841 3841 3795 3795 3841 3841 3796 3796 3796 3796 3841 3841 3842 3842 3796 3796 3842 3842 3797 3797 3797 3797 3842 3842 3843 3843 3797 3797 3843 3843 3798 3798 3798 3798 3843 3843 3844 3844 3798 3798 3844 3844 3799 3799 3799 3799 3844 3844 3845 3845 3799 3799 3845 3845 3800 3800 3800 3800 3845 3845 3846 3846 3800 3800 3846 3846 3801 3801 3801 3801 3846 3846 3847 3847 3801 3801 3847 3847 3802 3802 3802 3802 3847 3847 3848 3848 3802 3802 3848 3848 3803 3803 3803 3803 3848 3848 3849 3849 3803 3803 3849 3849 3804 3804 3804 3804 3849 3849 3850 3850 3804 3804 3850 3850 3805 3805 3805 3805 3850 3850 3851 3851 3805 3805 3851 3851 3806 3806 3806 3806 3851 3851 3852 3852 3806 3806 3852 3852 3807 3807 3807 3807 3852 3852 3853 3853 3807 3807 3853 3853 3808 3808 3808 3808 3853 3853 3854 3854 3808 3808 3854 3854 3809 3809 3809 3809 3854 3854 3855 3855 3809 3809 3855 3855 3810 3810 3810 3810 3855 3855 3856 3856 3810 3810 3856 3856 3811 3811 3811 3811 3856 3856 3857 3857 3811 3811 3857 3857 3812 3812 3812 3812 3857 3857 3858 3858 3812 3812 3858 3858 3813 3813 3813 3813 3858 3858 3859 3859 3813 3813 3859 3859 3814 3814 3814 3814 3859 3859 3860 3860 3814 3814 3860 3860 3815 3815 3815 3815 3860 3860 3861 3861 3815 3815 3861 3861 3816 3816 3816 3816 3861 3861 3862 3862 3816 3816 3862 3862 3817 3817 3817 3817 3862 3862 3863 3863 3817 3817 3863 3863 3818 3818 3818 3818 3863 3863 3864 3864 3818 3818 3864 3864 3819 3819 3819 3819 3864 3864 3865 3865 3819 3819 3865 3865 47 47 3820 3820 0 0 3866 3866 3820 3820 3866 3866 3821 3821 3821 3821 3866 3866 3867 3867 3821 3821 3867 3867 3822 3822 3822 3822 3867 3867 3868 3868 3822 3822 3868 3868 3823 3823 3823 3823 3868 3868 3869 3869 3823 3823 3869 3869 3824 3824 3824 3824 3869 3869 3870 3870 3824 3824 3870 3870 3825 3825 3825 3825 3870 3870 3871 3871 3825 3825 3871 3871 3826 3826 3826 3826 3871 3871 3872 3872 3826 3826 3872 3872 3827 3827 3827 3827 3872 3872 3873 3873 3827 3827 3873 3873 3828 3828 3828 3828 3873 3873 3874 3874 3828 3828 3874 3874 3829 3829 3829 3829 3874 3874 3875 3875 3829 3829 3875 3875 3830 3830 3830 3830 3875 3875 3876 3876 3830 3830 3876 3876 3831 3831 3831 3831 3876 3876 3877 3877 3831 3831 3877 3877 3832 3832 3832 3832 3877 3877 3878 3878 3832 3832 3878 3878 3833 3833 3833 3833 3878 3878 3879 3879 3833 3833 3879 3879 3834 3834 3834 3834 3879 3879 3880 3880 3834 3834 3880 3880 3835 3835 3835 3835 3880 3880 3881 3881 3835 3835 3881 3881 3836 3836 3836 3836 3881 3881 3882 3882 3836 3836 3882 3882 3837 3837 3837 3837 3882 3882 3883 3883 3837 3837 3883 3883 3838 3838 3838 3838 3883 3883 3884 3884 3838 3838 3884 3884 3839 3839 3839 3839 3884 3884 3885 3885 3839 3839 3885 3885 3840 3840 3840 3840 3885 3885 3886 3886 3840 3840 3886 3886 3841 3841 3841 3841 3886 3886 3887 3887 3841 3841 3887 3887 3842 3842 3842 3842 3887 3887 3888 3888 3842 3842 3888 3888 3843 3843 3843 3843 3888 3888 3889 3889 3843 3843 3889 3889 3844 3844 3844 3844 3889 3889 3890 3890 3844 3844 3890 3890 3845 3845 3845 3845 3890 3890 3891 3891 3845 3845 3891 3891 3846 3846 3846 3846 3891 3891 3892 3892 3846 3846 3892 3892 3847 3847 3847 3847 3892 3892 3893 3893 3847 3847 3893 3893 3848 3848 3848 3848 3893 3893 3894 3894 3848 3848 3894 3894 3849 3849 3849 3849 3894 3894 3895 3895 3849 3849 3895 3895 3850 3850 3850 3850 3895 3895 3896 3896 3850 3850 3896 3896 3851 3851 3851 3851 3896 3896 3897 3897 3851 3851 3897 3897 3852 3852 3852 3852 3897 3897 3898 3898 3852 3852 3898 3898 3853 3853 3853 3853 3898 3898 3899 3899 3853 3853 3899 3899 3854 3854 3854 3854 3899 3899 3900 3900 3854 3854 3900 3900 3855 3855 3855 3855 3900 3900 3901 3901 3855 3855 3901 3901 3856 3856 3856 3856 3901 3901 3902 3902 3856 3856 3902 3902 3857 3857 3857 3857 3902 3902 3903 3903 3857 3857 3903 3903 3858 3858 3858 3858 3903 3903 3904 3904 3858 3858 3904 3904 3859 3859 3859 3859 3904 3904 3905 3905 3859 3859 3905 3905 3860 3860 3860 3860 3905 3905 3906 3906 3860 3860 3906 3906 3861 3861 3861 3861 3906 3906 3907 3907 3861 3861 3907 3907 3862 3862 3862 3862 3907 3907 3908 3908 3862 3862 3908 3908 3863 3863 3863 3863 3908 3908 3909 3909 3863 3863 3909 3909 3864 3864 3864 3864 3909 3909 3910 3910 3864 3864 3910 3910 3865 3865 3865 3865 3910 3910 3911 3911 3865 3865 3911 3911 47 47 3866 3866 0 0 3912 3912 3866 3866 3912 3912 3867 3867 3867 3867 3912 3912 3913 3913 3867 3867 3913 3913 3868 3868 3868 3868 3913 3913 3914 3914 3868 3868 3914 3914 3869 3869 3869 3869 3914 3914 3915 3915 3869 3869 3915 3915 3870 3870 3870 3870 3915 3915 3916 3916 3870 3870 3916 3916 3871 3871 3871 3871 3916 3916 3917 3917 3871 3871 3917 3917 3872 3872 3872 3872 3917 3917 3918 3918 3872 3872 3918 3918 3873 3873 3873 3873 3918 3918 3919 3919 3873 3873 3919 3919 3874 3874 3874 3874 3919 3919 3920 3920 3874 3874 3920 3920 3875 3875 3875 3875 3920 3920 3921 3921 3875 3875 3921 3921 3876 3876 3876 3876 3921 3921 3922 3922 3876 3876 3922 3922 3877 3877 3877 3877 3922 3922 3923 3923 3877 3877 3923 3923 3878 3878 3878 3878 3923 3923 3924 3924 3878 3878 3924 3924 3879 3879 3879 3879 3924 3924 3925 3925 3879 3879 3925 3925 3880 3880 3880 3880 3925 3925 3926 3926 3880 3880 3926 3926 3881 3881 3881 3881 3926 3926 3927 3927 3881 3881 3927 3927 3882 3882 3882 3882 3927 3927 3928 3928 3882 3882 3928 3928 3883 3883 3883 3883 3928 3928 3929 3929 3883 3883 3929 3929 3884 3884 3884 3884 3929 3929 3930 3930 3884 3884 3930 3930 3885 3885 3885 3885 3930 3930 3931 3931 3885 3885 3931 3931 3886 3886 3886 3886 3931 3931 3932 3932 3886 3886 3932 3932 3887 3887 3887 3887 3932 3932 3933 3933 3887 3887 3933 3933 3888 3888 3888 3888 3933 3933 3934 3934 3888 3888 3934 3934 3889 3889 3889 3889 3934 3934 3935 3935 3889 3889 3935 3935 3890 3890 3890 3890 3935 3935 3936 3936 3890 3890 3936 3936 3891 3891 3891 3891 3936 3936 3937 3937 3891 3891 3937 3937 3892 3892 3892 3892 3937 3937 3938 3938 3892 3892 3938 3938 3893 3893 3893 3893 3938 3938 3939 3939 3893 3893 3939 3939 3894 3894 3894 3894 3939 3939 3940 3940 3894 3894 3940 3940 3895 3895 3895 3895 3940 3940 3941 3941 3895 3895 3941 3941 3896 3896 3896 3896 3941 3941 3942 3942 3896 3896 3942 3942 3897 3897 3897 3897 3942 3942 3943 3943 3897 3897 3943 3943 3898 3898 3898 3898 3943 3943 3944 3944 3898 3898 3944 3944 3899 3899 3899 3899 3944 3944 3945 3945 3899 3899 3945 3945 3900 3900 3900 3900 3945 3945 3946 3946 3900 3900 3946 3946 3901 3901 3901 3901 3946 3946 3947 3947 3901 3901 3947 3947 3902 3902 3902 3902 3947 3947 3948 3948 3902 3902 3948 3948 3903 3903 3903 3903 3948 3948 3949 3949 3903 3903 3949 3949 3904 3904 3904 3904 3949 3949 3950 3950 3904 3904 3950 3950 3905 3905 3905 3905 3950 3950 3951 3951 3905 3905 3951 3951 3906 3906 3906 3906 3951 3951 3952 3952 3906 3906 3952 3952 3907 3907 3907 3907 3952 3952 3953 3953 3907 3907 3953 3953 3908 3908 3908 3908 3953 3953 3954 3954 3908 3908 3954 3954 3909 3909 3909 3909 3954 3954 3955 3955 3909 3909 3955 3955 3910 3910 3910 3910 3955 3955 3956 3956 3910 3910 3956 3956 3911 3911 3911 3911 3956 3956 3957 3957 3911 3911 3957 3957 47 47 3912 3912 0 0 3958 3958 3912 3912 3958 3958 3913 3913 3913 3913 3958 3958 3959 3959 3913 3913 3959 3959 3914 3914 3914 3914 3959 3959 3960 3960 3914 3914 3960 3960 3915 3915 3915 3915 3960 3960 3961 3961 3915 3915 3961 3961 3916 3916 3916 3916 3961 3961 3962 3962 3916 3916 3962 3962 3917 3917 3917 3917 3962 3962 3963 3963 3917 3917 3963 3963 3918 3918 3918 3918 3963 3963 3964 3964 3918 3918 3964 3964 3919 3919 3919 3919 3964 3964 3965 3965 3919 3919 3965 3965 3920 3920 3920 3920 3965 3965 3966 3966 3920 3920 3966 3966 3921 3921 3921 3921 3966 3966 3967 3967 3921 3921 3967 3967 3922 3922 3922 3922 3967 3967 3968 3968 3922 3922 3968 3968 3923 3923 3923 3923 3968 3968 3969 3969 3923 3923 3969 3969 3924 3924 3924 3924 3969 3969 3970 3970 3924 3924 3970 3970 3925 3925 3925 3925 3970 3970 3971 3971 3925 3925 3971 3971 3926 3926 3926 3926 3971 3971 3972 3972 3926 3926 3972 3972 3927 3927 3927 3927 3972 3972 3973 3973 3927 3927 3973 3973 3928 3928 3928 3928 3973 3973 3974 3974 3928 3928 3974 3974 3929 3929 3929 3929 3974 3974 3975 3975 3929 3929 3975 3975 3930 3930 3930 3930 3975 3975 3976 3976 3930 3930 3976 3976 3931 3931 3931 3931 3976 3976 3977 3977 3931 3931 3977 3977 3932 3932 3932 3932 3977 3977 3978 3978 3932 3932 3978 3978 3933 3933 3933 3933 3978 3978 3979 3979 3933 3933 3979 3979 3934 3934 3934 3934 3979 3979 3980 3980 3934 3934 3980 3980 3935 3935 3935 3935 3980 3980 3981 3981 3935 3935 3981 3981 3936 3936 3936 3936 3981 3981 3982 3982 3936 3936 3982 3982 3937 3937 3937 3937 3982 3982 3983 3983 3937 3937 3983 3983 3938 3938 3938 3938 3983 3983 3984 3984 3938 3938 3984 3984 3939 3939 3939 3939 3984 3984 3985 3985 3939 3939 3985 3985 3940 3940 3940 3940 3985 3985 3986 3986 3940 3940 3986 3986 3941 3941 3941 3941 3986 3986 3987 3987 3941 3941 3987 3987 3942 3942 3942 3942 3987 3987 3988 3988 3942 3942 3988 3988 3943 3943 3943 3943 3988 3988 3989 3989 3943 3943 3989 3989 3944 3944 3944 3944 3989 3989 3990 3990 3944 3944 3990 3990 3945 3945 3945 3945 3990 3990 3991 3991 3945 3945 3991 3991 3946 3946 3946 3946 3991 3991 3992 3992 3946 3946 3992 3992 3947 3947 3947 3947 3992 3992 3993 3993 3947 3947 3993 3993 3948 3948 3948 3948 3993 3993 3994 3994 3948 3948 3994 3994 3949 3949 3949 3949 3994 3994 3995 3995 3949 3949 3995 3995 3950 3950 3950 3950 3995 3995 3996 3996 3950 3950 3996 3996 3951 3951 3951 3951 3996 3996 3997 3997 3951 3951 3997 3997 3952 3952 3952 3952 3997 3997 3998 3998 3952 3952 3998 3998 3953 3953 3953 3953 3998 3998 3999 3999 3953 3953 3999 3999 3954 3954 3954 3954 3999 3999 4000 4000 3954 3954 4000 4000 3955 3955 3955 3955 4000 4000 4001 4001 3955 3955 4001 4001 3956 3956 3956 3956 4001 4001 4002 4002 3956 3956 4002 4002 3957 3957 3957 3957 4002 4002 4003 4003 3957 3957 4003 4003 47 47 3958 3958 0 0 4004 4004 3958 3958 4004 4004 3959 3959 3959 3959 4004 4004 4005 4005 3959 3959 4005 4005 3960 3960 3960 3960 4005 4005 4006 4006 3960 3960 4006 4006 3961 3961 3961 3961 4006 4006 4007 4007 3961 3961 4007 4007 3962 3962 3962 3962 4007 4007 4008 4008 3962 3962 4008 4008 3963 3963 3963 3963 4008 4008 4009 4009 3963 3963 4009 4009 3964 3964 3964 3964 4009 4009 4010 4010 3964 3964 4010 4010 3965 3965 3965 3965 4010 4010 4011 4011 3965 3965 4011 4011 3966 3966 3966 3966 4011 4011 4012 4012 3966 3966 4012 4012 3967 3967 3967 3967 4012 4012 4013 4013 3967 3967 4013 4013 3968 3968 3968 3968 4013 4013 4014 4014 3968 3968 4014 4014 3969 3969 3969 3969 4014 4014 4015 4015 3969 3969 4015 4015 3970 3970 3970 3970 4015 4015 4016 4016 3970 3970 4016 4016 3971 3971 3971 3971 4016 4016 4017 4017 3971 3971 4017 4017 3972 3972 3972 3972 4017 4017 4018 4018 3972 3972 4018 4018 3973 3973 3973 3973 4018 4018 4019 4019 3973 3973 4019 4019 3974 3974 3974 3974 4019 4019 4020 4020 3974 3974 4020 4020 3975 3975 3975 3975 4020 4020 4021 4021 3975 3975 4021 4021 3976 3976 3976 3976 4021 4021 4022 4022 3976 3976 4022 4022 3977 3977 3977 3977 4022 4022 4023 4023 3977 3977 4023 4023 3978 3978 3978 3978 4023 4023 4024 4024 3978 3978 4024 4024 3979 3979 3979 3979 4024 4024 4025 4025 3979 3979 4025 4025 3980 3980 3980 3980 4025 4025 4026 4026 3980 3980 4026 4026 3981 3981 3981 3981 4026 4026 4027 4027 3981 3981 4027 4027 3982 3982 3982 3982 4027 4027 4028 4028 3982 3982 4028 4028 3983 3983 3983 3983 4028 4028 4029 4029 3983 3983 4029 4029 3984 3984 3984 3984 4029 4029 4030 4030 3984 3984 4030 4030 3985 3985 3985 3985 4030 4030 4031 4031 3985 3985 4031 4031 3986 3986 3986 3986 4031 4031 4032 4032 3986 3986 4032 4032 3987 3987 3987 3987 4032 4032 4033 4033 3987 3987 4033 4033 3988 3988 3988 3988 4033 4033 4034 4034 3988 3988 4034 4034 3989 3989 3989 3989 4034 4034 4035 4035 3989 3989 4035 4035 3990 3990 3990 3990 4035 4035 4036 4036 3990 3990 4036 4036 3991 3991 3991 3991 4036 4036 4037 4037 3991 3991 4037 4037 3992 3992 3992 3992 4037 4037 4038 4038 3992 3992 4038 4038 3993 3993 3993 3993 4038 4038 4039 4039 3993 3993 4039 4039 3994 3994 3994 3994 4039 4039 4040 4040 3994 3994 4040 4040 3995 3995 3995 3995 4040 4040 4041 4041 3995 3995 4041 4041 3996 3996 3996 3996 4041 4041 4042 4042 3996 3996 4042 4042 3997 3997 3997 3997 4042 4042 4043 4043 3997 3997 4043 4043 3998 3998 3998 3998 4043 4043 4044 4044 3998 3998 4044 4044 3999 3999 3999 3999 4044 4044 4045 4045 3999 3999 4045 4045 4000 4000 4000 4000 4045 4045 4046 4046 4000 4000 4046 4046 4001 4001 4001 4001 4046 4046 4047 4047 4001 4001 4047 4047 4002 4002 4002 4002 4047 4047 4048 4048 4002 4002 4048 4048 4003 4003 4003 4003 4048 4048 4049 4049 4003 4003 4049 4049 47 47 4004 4004 0 0 4050 4050 4004 4004 4050 4050 4005 4005 4005 4005 4050 4050 4051 4051 4005 4005 4051 4051 4006 4006 4006 4006 4051 4051 4052 4052 4006 4006 4052 4052 4007 4007 4007 4007 4052 4052 4053 4053 4007 4007 4053 4053 4008 4008 4008 4008 4053 4053 4054 4054 4008 4008 4054 4054 4009 4009 4009 4009 4054 4054 4055 4055 4009 4009 4055 4055 4010 4010 4010 4010 4055 4055 4056 4056 4010 4010 4056 4056 4011 4011 4011 4011 4056 4056 4057 4057 4011 4011 4057 4057 4012 4012 4012 4012 4057 4057 4058 4058 4012 4012 4058 4058 4013 4013 4013 4013 4058 4058 4059 4059 4013 4013 4059 4059 4014 4014 4014 4014 4059 4059 4060 4060 4014 4014 4060 4060 4015 4015 4015 4015 4060 4060 4061 4061 4015 4015 4061 4061 4016 4016 4016 4016 4061 4061 4062 4062 4016 4016 4062 4062 4017 4017 4017 4017 4062 4062 4063 4063 4017 4017 4063 4063 4018 4018 4018 4018 4063 4063 4064 4064 4018 4018 4064 4064 4019 4019 4019 4019 4064 4064 4065 4065 4019 4019 4065 4065 4020 4020 4020 4020 4065 4065 4066 4066 4020 4020 4066 4066 4021 4021 4021 4021 4066 4066 4067 4067 4021 4021 4067 4067 4022 4022 4022 4022 4067 4067 4068 4068 4022 4022 4068 4068 4023 4023 4023 4023 4068 4068 4069 4069 4023 4023 4069 4069 4024 4024 4024 4024 4069 4069 4070 4070 4024 4024 4070 4070 4025 4025 4025 4025 4070 4070 4071 4071 4025 4025 4071 4071 4026 4026 4026 4026 4071 4071 4072 4072 4026 4026 4072 4072 4027 4027 4027 4027 4072 4072 4073 4073 4027 4027 4073 4073 4028 4028 4028 4028 4073 4073 4074 4074 4028 4028 4074 4074 4029 4029 4029 4029 4074 4074 4075 4075 4029 4029 4075 4075 4030 4030 4030 4030 4075 4075 4076 4076 4030 4030 4076 4076 4031 4031 4031 4031 4076 4076 4077 4077 4031 4031 4077 4077 4032 4032 4032 4032 4077 4077 4078 4078 4032 4032 4078 4078 4033 4033 4033 4033 4078 4078 4079 4079 4033 4033 4079 4079 4034 4034 4034 4034 4079 4079 4080 4080 4034 4034 4080 4080 4035 4035 4035 4035 4080 4080 4081 4081 4035 4035 4081 4081 4036 4036 4036 4036 4081 4081 4082 4082 4036 4036 4082 4082 4037 4037 4037 4037 4082 4082 4083 4083 4037 4037 4083 4083 4038 4038 4038 4038 4083 4083 4084 4084 4038 4038 4084 4084 4039 4039 4039 4039 4084 4084 4085 4085 4039 4039 4085 4085 4040 4040 4040 4040 4085 4085 4086 4086 4040 4040 4086 4086 4041 4041 4041 4041 4086 4086 4087 4087 4041 4041 4087 4087 4042 4042 4042 4042 4087 4087 4088 4088 4042 4042 4088 4088 4043 4043 4043 4043 4088 4088 4089 4089 4043 4043 4089 4089 4044 4044 4044 4044 4089 4089 4090 4090 4044 4044 4090 4090 4045 4045 4045 4045 4090 4090 4091 4091 4045 4045 4091 4091 4046 4046 4046 4046 4091 4091 4092 4092 4046 4046 4092 4092 4047 4047 4047 4047 4092 4092 4093 4093 4047 4047 4093 4093 4048 4048 4048 4048 4093 4093 4094 4094 4048 4048 4094 4094 4049 4049 4049 4049 4094 4094 4095 4095 4049 4049 4095 4095 47 47 4050 4050 0 0 4096 4096 4050 4050 4096 4096 4051 4051 4051 4051 4096 4096 4097 4097 4051 4051 4097 4097 4052 4052 4052 4052 4097 4097 4098 4098 4052 4052 4098 4098 4053 4053 4053 4053 4098 4098 4099 4099 4053 4053 4099 4099 4054 4054 4054 4054 4099 4099 4100 4100 4054 4054 4100 4100 4055 4055 4055 4055 4100 4100 4101 4101 4055 4055 4101 4101 4056 4056 4056 4056 4101 4101 4102 4102 4056 4056 4102 4102 4057 4057 4057 4057 4102 4102 4103 4103 4057 4057 4103 4103 4058 4058 4058 4058 4103 4103 4104 4104 4058 4058 4104 4104 4059 4059 4059 4059 4104 4104 4105 4105 4059 4059 4105 4105 4060 4060 4060 4060 4105 4105 4106 4106 4060 4060 4106 4106 4061 4061 4061 4061 4106 4106 4107 4107 4061 4061 4107 4107 4062 4062 4062 4062 4107 4107 4108 4108 4062 4062 4108 4108 4063 4063 4063 4063 4108 4108 4109 4109 4063 4063 4109 4109 4064 4064 4064 4064 4109 4109 4110 4110 4064 4064 4110 4110 4065 4065 4065 4065 4110 4110 4111 4111 4065 4065 4111 4111 4066 4066 4066 4066 4111 4111 4112 4112 4066 4066 4112 4112 4067 4067 4067 4067 4112 4112 4113 4113 4067 4067 4113 4113 4068 4068 4068 4068 4113 4113 4114 4114 4068 4068 4114 4114 4069 4069 4069 4069 4114 4114 4115 4115 4069 4069 4115 4115 4070 4070 4070 4070 4115 4115 4116 4116 4070 4070 4116 4116 4071 4071 4071 4071 4116 4116 4117 4117 4071 4071 4117 4117 4072 4072 4072 4072 4117 4117 4118 4118 4072 4072 4118 4118 4073 4073 4073 4073 4118 4118 4119 4119 4073 4073 4119 4119 4074 4074 4074 4074 4119 4119 4120 4120 4074 4074 4120 4120 4075 4075 4075 4075 4120 4120 4121 4121 4075 4075 4121 4121 4076 4076 4076 4076 4121 4121 4122 4122 4076 4076 4122 4122 4077 4077 4077 4077 4122 4122 4123 4123 4077 4077 4123 4123 4078 4078 4078 4078 4123 4123 4124 4124 4078 4078 4124 4124 4079 4079 4079 4079 4124 4124 4125 4125 4079 4079 4125 4125 4080 4080 4080 4080 4125 4125 4126 4126 4080 4080 4126 4126 4081 4081 4081 4081 4126 4126 4127 4127 4081 4081 4127 4127 4082 4082 4082 4082 4127 4127 4128 4128 4082 4082 4128 4128 4083 4083 4083 4083 4128 4128 4129 4129 4083 4083 4129 4129 4084 4084 4084 4084 4129 4129 4130 4130 4084 4084 4130 4130 4085 4085 4085 4085 4130 4130 4131 4131 4085 4085 4131 4131 4086 4086 4086 4086 4131 4131 4132 4132 4086 4086 4132 4132 4087 4087 4087 4087 4132 4132 4133 4133 4087 4087 4133 4133 4088 4088 4088 4088 4133 4133 4134 4134 4088 4088 4134 4134 4089 4089 4089 4089 4134 4134 4135 4135 4089 4089 4135 4135 4090 4090 4090 4090 4135 4135 4136 4136 4090 4090 4136 4136 4091 4091 4091 4091 4136 4136 4137 4137 4091 4091 4137 4137 4092 4092 4092 4092 4137 4137 4138 4138 4092 4092 4138 4138 4093 4093 4093 4093 4138 4138 4139 4139 4093 4093 4139 4139 4094 4094 4094 4094 4139 4139 4140 4140 4094 4094 4140 4140 4095 4095 4095 4095 4140 4140 4141 4141 4095 4095 4141 4141 47 47 4096 4096 0 0 4142 4142 4096 4096 4142 4142 4097 4097 4097 4097 4142 4142 4143 4143 4097 4097 4143 4143 4098 4098 4098 4098 4143 4143 4144 4144 4098 4098 4144 4144 4099 4099 4099 4099 4144 4144 4145 4145 4099 4099 4145 4145 4100 4100 4100 4100 4145 4145 4146 4146 4100 4100 4146 4146 4101 4101 4101 4101 4146 4146 4147 4147 4101 4101 4147 4147 4102 4102 4102 4102 4147 4147 4148 4148 4102 4102 4148 4148 4103 4103 4103 4103 4148 4148 4149 4149 4103 4103 4149 4149 4104 4104 4104 4104 4149 4149 4150 4150 4104 4104 4150 4150 4105 4105 4105 4105 4150 4150 4151 4151 4105 4105 4151 4151 4106 4106 4106 4106 4151 4151 4152 4152 4106 4106 4152 4152 4107 4107 4107 4107 4152 4152 4153 4153 4107 4107 4153 4153 4108 4108 4108 4108 4153 4153 4154 4154 4108 4108 4154 4154 4109 4109 4109 4109 4154 4154 4155 4155 4109 4109 4155 4155 4110 4110 4110 4110 4155 4155 4156 4156 4110 4110 4156 4156 4111 4111 4111 4111 4156 4156 4157 4157 4111 4111 4157 4157 4112 4112 4112 4112 4157 4157 4158 4158 4112 4112 4158 4158 4113 4113 4113 4113 4158 4158 4159 4159 4113 4113 4159 4159 4114 4114 4114 4114 4159 4159 4160 4160 4114 4114 4160 4160 4115 4115 4115 4115 4160 4160 4161 4161 4115 4115 4161 4161 4116 4116 4116 4116 4161 4161 4162 4162 4116 4116 4162 4162 4117 4117 4117 4117 4162 4162 4163 4163 4117 4117 4163 4163 4118 4118 4118 4118 4163 4163 4164 4164 4118 4118 4164 4164 4119 4119 4119 4119 4164 4164 4165 4165 4119 4119 4165 4165 4120 4120 4120 4120 4165 4165 4166 4166 4120 4120 4166 4166 4121 4121 4121 4121 4166 4166 4167 4167 4121 4121 4167 4167 4122 4122 4122 4122 4167 4167 4168 4168 4122 4122 4168 4168 4123 4123 4123 4123 4168 4168 4169 4169 4123 4123 4169 4169 4124 4124 4124 4124 4169 4169 4170 4170 4124 4124 4170 4170 4125 4125 4125 4125 4170 4170 4171 4171 4125 4125 4171 4171 4126 4126 4126 4126 4171 4171 4172 4172 4126 4126 4172 4172 4127 4127 4127 4127 4172 4172 4173 4173 4127 4127 4173 4173 4128 4128 4128 4128 4173 4173 4174 4174 4128 4128 4174 4174 4129 4129 4129 4129 4174 4174 4175 4175 4129 4129 4175 4175 4130 4130 4130 4130 4175 4175 4176 4176 4130 4130 4176 4176 4131 4131 4131 4131 4176 4176 4177 4177 4131 4131 4177 4177 4132 4132 4132 4132 4177 4177 4178 4178 4132 4132 4178 4178 4133 4133 4133 4133 4178 4178 4179 4179 4133 4133 4179 4179 4134 4134 4134 4134 4179 4179 4180 4180 4134 4134 4180 4180 4135 4135 4135 4135 4180 4180 4181 4181 4135 4135 4181 4181 4136 4136 4136 4136 4181 4181 4182 4182 4136 4136 4182 4182 4137 4137 4137 4137 4182 4182 4183 4183 4137 4137 4183 4183 4138 4138 4138 4138 4183 4183 4184 4184 4138 4138 4184 4184 4139 4139 4139 4139 4184 4184 4185 4185 4139 4139 4185 4185 4140 4140 4140 4140 4185 4185 4186 4186 4140 4140 4186 4186 4141 4141 4141 4141 4186 4186 4187 4187 4141 4141 4187 4187 47 47 4142 4142 0 0 4188 4188 4142 4142 4188 4188 4143 4143 4143 4143 4188 4188 4189 4189 4143 4143 4189 4189 4144 4144 4144 4144 4189 4189 4190 4190 4144 4144 4190 4190 4145 4145 4145 4145 4190 4190 4191 4191 4145 4145 4191 4191 4146 4146 4146 4146 4191 4191 4192 4192 4146 4146 4192 4192 4147 4147 4147 4147 4192 4192 4193 4193 4147 4147 4193 4193 4148 4148 4148 4148 4193 4193 4194 4194 4148 4148 4194 4194 4149 4149 4149 4149 4194 4194 4195 4195 4149 4149 4195 4195 4150 4150 4150 4150 4195 4195 4196 4196 4150 4150 4196 4196 4151 4151 4151 4151 4196 4196 4197 4197 4151 4151 4197 4197 4152 4152 4152 4152 4197 4197 4198 4198 4152 4152 4198 4198 4153 4153 4153 4153 4198 4198 4199 4199 4153 4153 4199 4199 4154 4154 4154 4154 4199 4199 4200 4200 4154 4154 4200 4200 4155 4155 4155 4155 4200 4200 4201 4201 4155 4155 4201 4201 4156 4156 4156 4156 4201 4201 4202 4202 4156 4156 4202 4202 4157 4157 4157 4157 4202 4202 4203 4203 4157 4157 4203 4203 4158 4158 4158 4158 4203 4203 4204 4204 4158 4158 4204 4204 4159 4159 4159 4159 4204 4204 4205 4205 4159 4159 4205 4205 4160 4160 4160 4160 4205 4205 4206 4206 4160 4160 4206 4206 4161 4161 4161 4161 4206 4206 4207 4207 4161 4161 4207 4207 4162 4162 4162 4162 4207 4207 4208 4208 4162 4162 4208 4208 4163 4163 4163 4163 4208 4208 4209 4209 4163 4163 4209 4209 4164 4164 4164 4164 4209 4209 4210 4210 4164 4164 4210 4210 4165 4165 4165 4165 4210 4210 4211 4211 4165 4165 4211 4211 4166 4166 4166 4166 4211 4211 4212 4212 4166 4166 4212 4212 4167 4167 4167 4167 4212 4212 4213 4213 4167 4167 4213 4213 4168 4168 4168 4168 4213 4213 4214 4214 4168 4168 4214 4214 4169 4169 4169 4169 4214 4214 4215 4215 4169 4169 4215 4215 4170 4170 4170 4170 4215 4215 4216 4216 4170 4170 4216 4216 4171 4171 4171 4171 4216 4216 4217 4217 4171 4171 4217 4217 4172 4172 4172 4172 4217 4217 4218 4218 4172 4172 4218 4218 4173 4173 4173 4173 4218 4218 4219 4219 4173 4173 4219 4219 4174 4174 4174 4174 4219 4219 4220 4220 4174 4174 4220 4220 4175 4175 4175 4175 4220 4220 4221 4221 4175 4175 4221 4221 4176 4176 4176 4176 4221 4221 4222 4222 4176 4176 4222 4222 4177 4177 4177 4177 4222 4222 4223 4223 4177 4177 4223 4223 4178 4178 4178 4178 4223 4223 4224 4224 4178 4178 4224 4224 4179 4179 4179 4179 4224 4224 4225 4225 4179 4179 4225 4225 4180 4180 4180 4180 4225 4225 4226 4226 4180 4180 4226 4226 4181 4181 4181 4181 4226 4226 4227 4227 4181 4181 4227 4227 4182 4182 4182 4182 4227 4227 4228 4228 4182 4182 4228 4228 4183 4183 4183 4183 4228 4228 4229 4229 4183 4183 4229 4229 4184 4184 4184 4184 4229 4229 4230 4230 4184 4184 4230 4230 4185 4185 4185 4185 4230 4230 4231 4231 4185 4185 4231 4231 4186 4186 4186 4186 4231 4231 4232 4232 4186 4186 4232 4232 4187 4187 4187 4187 4232 4232 4233 4233 4187 4187 4233 4233 47 47 4188 4188 0 0 4234 4234 4188 4188 4234 4234 4189 4189 4189 4189 4234 4234 4235 4235 4189 4189 4235 4235 4190 4190 4190 4190 4235 4235 4236 4236 4190 4190 4236 4236 4191 4191 4191 4191 4236 4236 4237 4237 4191 4191 4237 4237 4192 4192 4192 4192 4237 4237 4238 4238 4192 4192 4238 4238 4193 4193 4193 4193 4238 4238 4239 4239 4193 4193 4239 4239 4194 4194 4194 4194 4239 4239 4240 4240 4194 4194 4240 4240 4195 4195 4195 4195 4240 4240 4241 4241 4195 4195 4241 4241 4196 4196 4196 4196 4241 4241 4242 4242 4196 4196 4242 4242 4197 4197 4197 4197 4242 4242 4243 4243 4197 4197 4243 4243 4198 4198 4198 4198 4243 4243 4244 4244 4198 4198 4244 4244 4199 4199 4199 4199 4244 4244 4245 4245 4199 4199 4245 4245 4200 4200 4200 4200 4245 4245 4246 4246 4200 4200 4246 4246 4201 4201 4201 4201 4246 4246 4247 4247 4201 4201 4247 4247 4202 4202 4202 4202 4247 4247 4248 4248 4202 4202 4248 4248 4203 4203 4203 4203 4248 4248 4249 4249 4203 4203 4249 4249 4204 4204 4204 4204 4249 4249 4250 4250 4204 4204 4250 4250 4205 4205 4205 4205 4250 4250 4251 4251 4205 4205 4251 4251 4206 4206 4206 4206 4251 4251 4252 4252 4206 4206 4252 4252 4207 4207 4207 4207 4252 4252 4253 4253 4207 4207 4253 4253 4208 4208 4208 4208 4253 4253 4254 4254 4208 4208 4254 4254 4209 4209 4209 4209 4254 4254 4255 4255 4209 4209 4255 4255 4210 4210 4210 4210 4255 4255 4256 4256 4210 4210 4256 4256 4211 4211 4211 4211 4256 4256 4257 4257 4211 4211 4257 4257 4212 4212 4212 4212 4257 4257 4258 4258 4212 4212 4258 4258 4213 4213 4213 4213 4258 4258 4259 4259 4213 4213 4259 4259 4214 4214 4214 4214 4259 4259 4260 4260 4214 4214 4260 4260 4215 4215 4215 4215 4260 4260 4261 4261 4215 4215 4261 4261 4216 4216 4216 4216 4261 4261 4262 4262 4216 4216 4262 4262 4217 4217 4217 4217 4262 4262 4263 4263 4217 4217 4263 4263 4218 4218 4218 4218 4263 4263 4264 4264 4218 4218 4264 4264 4219 4219 4219 4219 4264 4264 4265 4265 4219 4219 4265 4265 4220 4220 4220 4220 4265 4265 4266 4266 4220 4220 4266 4266 4221 4221 4221 4221 4266 4266 4267 4267 4221 4221 4267 4267 4222 4222 4222 4222 4267 4267 4268 4268 4222 4222 4268 4268 4223 4223 4223 4223 4268 4268 4269 4269 4223 4223 4269 4269 4224 4224 4224 4224 4269 4269 4270 4270 4224 4224 4270 4270 4225 4225 4225 4225 4270 4270 4271 4271 4225 4225 4271 4271 4226 4226 4226 4226 4271 4271 4272 4272 4226 4226 4272 4272 4227 4227 4227 4227 4272 4272 4273 4273 4227 4227 4273 4273 4228 4228 4228 4228 4273 4273 4274 4274 4228 4228 4274 4274 4229 4229 4229 4229 4274 4274 4275 4275 4229 4229 4275 4275 4230 4230 4230 4230 4275 4275 4276 4276 4230 4230 4276 4276 4231 4231 4231 4231 4276 4276 4277 4277 4231 4231 4277 4277 4232 4232 4232 4232 4277 4277 4278 4278 4232 4232 4278 4278 4233 4233 4233 4233 4278 4278 4279 4279 4233 4233 4279 4279 47 47 4234 4234 0 0 4280 4280 4234 4234 4280 4280 4235 4235 4235 4235 4280 4280 4281 4281 4235 4235 4281 4281 4236 4236 4236 4236 4281 4281 4282 4282 4236 4236 4282 4282 4237 4237 4237 4237 4282 4282 4283 4283 4237 4237 4283 4283 4238 4238 4238 4238 4283 4283 4284 4284 4238 4238 4284 4284 4239 4239 4239 4239 4284 4284 4285 4285 4239 4239 4285 4285 4240 4240 4240 4240 4285 4285 4286 4286 4240 4240 4286 4286 4241 4241 4241 4241 4286 4286 4287 4287 4241 4241 4287 4287 4242 4242 4242 4242 4287 4287 4288 4288 4242 4242 4288 4288 4243 4243 4243 4243 4288 4288 4289 4289 4243 4243 4289 4289 4244 4244 4244 4244 4289 4289 4290 4290 4244 4244 4290 4290 4245 4245 4245 4245 4290 4290 4291 4291 4245 4245 4291 4291 4246 4246 4246 4246 4291 4291 4292 4292 4246 4246 4292 4292 4247 4247 4247 4247 4292 4292 4293 4293 4247 4247 4293 4293 4248 4248 4248 4248 4293 4293 4294 4294 4248 4248 4294 4294 4249 4249 4249 4249 4294 4294 4295 4295 4249 4249 4295 4295 4250 4250 4250 4250 4295 4295 4296 4296 4250 4250 4296 4296 4251 4251 4251 4251 4296 4296 4297 4297 4251 4251 4297 4297 4252 4252 4252 4252 4297 4297 4298 4298 4252 4252 4298 4298 4253 4253 4253 4253 4298 4298 4299 4299 4253 4253 4299 4299 4254 4254 4254 4254 4299 4299 4300 4300 4254 4254 4300 4300 4255 4255 4255 4255 4300 4300 4301 4301 4255 4255 4301 4301 4256 4256 4256 4256 4301 4301 4302 4302 4256 4256 4302 4302 4257 4257 4257 4257 4302 4302 4303 4303 4257 4257 4303 4303 4258 4258 4258 4258 4303 4303 4304 4304 4258 4258 4304 4304 4259 4259 4259 4259 4304 4304 4305 4305 4259 4259 4305 4305 4260 4260 4260 4260 4305 4305 4306 4306 4260 4260 4306 4306 4261 4261 4261 4261 4306 4306 4307 4307 4261 4261 4307 4307 4262 4262 4262 4262 4307 4307 4308 4308 4262 4262 4308 4308 4263 4263 4263 4263 4308 4308 4309 4309 4263 4263 4309 4309 4264 4264 4264 4264 4309 4309 4310 4310 4264 4264 4310 4310 4265 4265 4265 4265 4310 4310 4311 4311 4265 4265 4311 4311 4266 4266 4266 4266 4311 4311 4312 4312 4266 4266 4312 4312 4267 4267 4267 4267 4312 4312 4313 4313 4267 4267 4313 4313 4268 4268 4268 4268 4313 4313 4314 4314 4268 4268 4314 4314 4269 4269 4269 4269 4314 4314 4315 4315 4269 4269 4315 4315 4270 4270 4270 4270 4315 4315 4316 4316 4270 4270 4316 4316 4271 4271 4271 4271 4316 4316 4317 4317 4271 4271 4317 4317 4272 4272 4272 4272 4317 4317 4318 4318 4272 4272 4318 4318 4273 4273 4273 4273 4318 4318 4319 4319 4273 4273 4319 4319 4274 4274 4274 4274 4319 4319 4320 4320 4274 4274 4320 4320 4275 4275 4275 4275 4320 4320 4321 4321 4275 4275 4321 4321 4276 4276 4276 4276 4321 4321 4322 4322 4276 4276 4322 4322 4277 4277 4277 4277 4322 4322 4323 4323 4277 4277 4323 4323 4278 4278 4278 4278 4323 4323 4324 4324 4278 4278 4324 4324 4279 4279 4279 4279 4324 4324 4325 4325 4279 4279 4325 4325 47 47 4280 4280 0 0 4326 4326 4280 4280 4326 4326 4281 4281 4281 4281 4326 4326 4327 4327 4281 4281 4327 4327 4282 4282 4282 4282 4327 4327 4328 4328 4282 4282 4328 4328 4283 4283 4283 4283 4328 4328 4329 4329 4283 4283 4329 4329 4284 4284 4284 4284 4329 4329 4330 4330 4284 4284 4330 4330 4285 4285 4285 4285 4330 4330 4331 4331 4285 4285 4331 4331 4286 4286 4286 4286 4331 4331 4332 4332 4286 4286 4332 4332 4287 4287 4287 4287 4332 4332 4333 4333 4287 4287 4333 4333 4288 4288 4288 4288 4333 4333 4334 4334 4288 4288 4334 4334 4289 4289 4289 4289 4334 4334 4335 4335 4289 4289 4335 4335 4290 4290 4290 4290 4335 4335 4336 4336 4290 4290 4336 4336 4291 4291 4291 4291 4336 4336 4337 4337 4291 4291 4337 4337 4292 4292 4292 4292 4337 4337 4338 4338 4292 4292 4338 4338 4293 4293 4293 4293 4338 4338 4339 4339 4293 4293 4339 4339 4294 4294 4294 4294 4339 4339 4340 4340 4294 4294 4340 4340 4295 4295 4295 4295 4340 4340 4341 4341 4295 4295 4341 4341 4296 4296 4296 4296 4341 4341 4342 4342 4296 4296 4342 4342 4297 4297 4297 4297 4342 4342 4343 4343 4297 4297 4343 4343 4298 4298 4298 4298 4343 4343 4344 4344 4298 4298 4344 4344 4299 4299 4299 4299 4344 4344 4345 4345 4299 4299 4345 4345 4300 4300 4300 4300 4345 4345 4346 4346 4300 4300 4346 4346 4301 4301 4301 4301 4346 4346 4347 4347 4301 4301 4347 4347 4302 4302 4302 4302 4347 4347 4348 4348 4302 4302 4348 4348 4303 4303 4303 4303 4348 4348 4349 4349 4303 4303 4349 4349 4304 4304 4304 4304 4349 4349 4350 4350 4304 4304 4350 4350 4305 4305 4305 4305 4350 4350 4351 4351 4305 4305 4351 4351 4306 4306 4306 4306 4351 4351 4352 4352 4306 4306 4352 4352 4307 4307 4307 4307 4352 4352 4353 4353 4307 4307 4353 4353 4308 4308 4308 4308 4353 4353 4354 4354 4308 4308 4354 4354 4309 4309 4309 4309 4354 4354 4355 4355 4309 4309 4355 4355 4310 4310 4310 4310 4355 4355 4356 4356 4310 4310 4356 4356 4311 4311 4311 4311 4356 4356 4357 4357 4311 4311 4357 4357 4312 4312 4312 4312 4357 4357 4358 4358 4312 4312 4358 4358 4313 4313 4313 4313 4358 4358 4359 4359 4313 4313 4359 4359 4314 4314 4314 4314 4359 4359 4360 4360 4314 4314 4360 4360 4315 4315 4315 4315 4360 4360 4361 4361 4315 4315 4361 4361 4316 4316 4316 4316 4361 4361 4362 4362 4316 4316 4362 4362 4317 4317 4317 4317 4362 4362 4363 4363 4317 4317 4363 4363 4318 4318 4318 4318 4363 4363 4364 4364 4318 4318 4364 4364 4319 4319 4319 4319 4364 4364 4365 4365 4319 4319 4365 4365 4320 4320 4320 4320 4365 4365 4366 4366 4320 4320 4366 4366 4321 4321 4321 4321 4366 4366 4367 4367 4321 4321 4367 4367 4322 4322 4322 4322 4367 4367 4368 4368 4322 4322 4368 4368 4323 4323 4323 4323 4368 4368 4369 4369 4323 4323 4369 4369 4324 4324 4324 4324 4369 4369 4370 4370 4324 4324 4370 4370 4325 4325 4325 4325 4370 4370 4371 4371 4325 4325 4371 4371 47 47 4326 4326 0 0 4372 4372 4326 4326 4372 4372 4327 4327 4327 4327 4372 4372 4373 4373 4327 4327 4373 4373 4328 4328 4328 4328 4373 4373 4374 4374 4328 4328 4374 4374 4329 4329 4329 4329 4374 4374 4375 4375 4329 4329 4375 4375 4330 4330 4330 4330 4375 4375 4376 4376 4330 4330 4376 4376 4331 4331 4331 4331 4376 4376 4377 4377 4331 4331 4377 4377 4332 4332 4332 4332 4377 4377 4378 4378 4332 4332 4378 4378 4333 4333 4333 4333 4378 4378 4379 4379 4333 4333 4379 4379 4334 4334 4334 4334 4379 4379 4380 4380 4334 4334 4380 4380 4335 4335 4335 4335 4380 4380 4381 4381 4335 4335 4381 4381 4336 4336 4336 4336 4381 4381 4382 4382 4336 4336 4382 4382 4337 4337 4337 4337 4382 4382 4383 4383 4337 4337 4383 4383 4338 4338 4338 4338 4383 4383 4384 4384 4338 4338 4384 4384 4339 4339 4339 4339 4384 4384 4385 4385 4339 4339 4385 4385 4340 4340 4340 4340 4385 4385 4386 4386 4340 4340 4386 4386 4341 4341 4341 4341 4386 4386 4387 4387 4341 4341 4387 4387 4342 4342 4342 4342 4387 4387 4388 4388 4342 4342 4388 4388 4343 4343 4343 4343 4388 4388 4389 4389 4343 4343 4389 4389 4344 4344 4344 4344 4389 4389 4390 4390 4344 4344 4390 4390 4345 4345 4345 4345 4390 4390 4391 4391 4345 4345 4391 4391 4346 4346 4346 4346 4391 4391 4392 4392 4346 4346 4392 4392 4347 4347 4347 4347 4392 4392 4393 4393 4347 4347 4393 4393 4348 4348 4348 4348 4393 4393 4394 4394 4348 4348 4394 4394 4349 4349 4349 4349 4394 4394 4395 4395 4349 4349 4395 4395 4350 4350 4350 4350 4395 4395 4396 4396 4350 4350 4396 4396 4351 4351 4351 4351 4396 4396 4397 4397 4351 4351 4397 4397 4352 4352 4352 4352 4397 4397 4398 4398 4352 4352 4398 4398 4353 4353 4353 4353 4398 4398 4399 4399 4353 4353 4399 4399 4354 4354 4354 4354 4399 4399 4400 4400 4354 4354 4400 4400 4355 4355 4355 4355 4400 4400 4401 4401 4355 4355 4401 4401 4356 4356 4356 4356 4401 4401 4402 4402 4356 4356 4402 4402 4357 4357 4357 4357 4402 4402 4403 4403 4357 4357 4403 4403 4358 4358 4358 4358 4403 4403 4404 4404 4358 4358 4404 4404 4359 4359 4359 4359 4404 4404 4405 4405 4359 4359 4405 4405 4360 4360 4360 4360 4405 4405 4406 4406 4360 4360 4406 4406 4361 4361 4361 4361 4406 4406 4407 4407 4361 4361 4407 4407 4362 4362 4362 4362 4407 4407 4408 4408 4362 4362 4408 4408 4363 4363 4363 4363 4408 4408 4409 4409 4363 4363 4409 4409 4364 4364 4364 4364 4409 4409 4410 4410 4364 4364 4410 4410 4365 4365 4365 4365 4410 4410 4411 4411 4365 4365 4411 4411 4366 4366 4366 4366 4411 4411 4412 4412 4366 4366 4412 4412 4367 4367 4367 4367 4412 4412 4413 4413 4367 4367 4413 4413 4368 4368 4368 4368 4413 4413 4414 4414 4368 4368 4414 4414 4369 4369 4369 4369 4414 4414 4415 4415 4369 4369 4415 4415 4370 4370 4370 4370 4415 4415 4416 4416 4370 4370 4416 4416 4371 4371 4371 4371 4416 4416 4417 4417 4371 4371 4417 4417 47 47 4372 4372 0 0 1 1 4372 4372 1 1 4373 4373 4373 4373 1 1 2 2 4373 4373 2 2 4374 4374 4374 4374 2 2 3 3 4374 4374 3 3 4375 4375 4375 4375 3 3 4 4 4375 4375 4 4 4376 4376 4376 4376 4 4 5 5 4376 4376 5 5 4377 4377 4377 4377 5 5 6 6 4377 4377 6 6 4378 4378 4378 4378 6 6 7 7 4378 4378 7 7 4379 4379 4379 4379 7 7 8 8 4379 4379 8 8 4380 4380 4380 4380 8 8 9 9 4380 4380 9 9 4381 4381 4381 4381 9 9 10 10 4381 4381 10 10 4382 4382 4382 4382 10 10 11 11 4382 4382 11 11 4383 4383 4383 4383 11 11 12 12 4383 4383 12 12 4384 4384 4384 4384 12 12 13 13 4384 4384 13 13 4385 4385 4385 4385 13 13 14 14 4385 4385 14 14 4386 4386 4386 4386 14 14 15 15 4386 4386 15 15 4387 4387 4387 4387 15 15 16 16 4387 4387 16 16 4388 4388 4388 4388 16 16 17 17 4388 4388 17 17 4389 4389 4389 4389 17 17 18 18 4389 4389 18 18 4390 4390 4390 4390 18 18 19 19 4390 4390 19 19 4391 4391 4391 4391 19 19 20 20 4391 4391 20 20 4392 4392 4392 4392 20 20 21 21 4392 4392 21 21 4393 4393 4393 4393 21 21 22 22 4393 4393 22 22 4394 4394 4394 4394 22 22 23 23 4394 4394 23 23 4395 4395 4395 4395 23 23 24 24 4395 4395 24 24 4396 4396 4396 4396 24 24 25 25 4396 4396 25 25 4397 4397 4397 4397 25 25 26 26 4397 4397 26 26 4398 4398 4398 4398 26 26 27 27 4398 4398 27 27 4399 4399 4399 4399 27 27 28 28 4399 4399 28 28 4400 4400 4400 4400 28 28 29 29 4400 4400 29 29 4401 4401 4401 4401 29 29 30 30 4401 4401 30 30 4402 4402 4402 4402 30 30 31 31 4402 4402 31 31 4403 4403 4403 4403 31 31 32 32 4403 4403 32 32 4404 4404 4404 4404 32 32 33 33 4404 4404 33 33 4405 4405 4405 4405 33 33 34 34 4405 4405 34 34 4406 4406 4406 4406 34 34 35 35 4406 4406 35 35 4407 4407 4407 4407 35 35 36 36 4407 4407 36 36 4408 4408 4408 4408 36 36 37 37 4408 4408 37 37 4409 4409 4409 4409 37 37 38 38 4409 4409 38 38 4410 4410 4410 4410 38 38 39 39 4410 4410 39 39 4411 4411 4411 4411 39 39 40 40 4411 4411 40 40 4412 4412 4412 4412 40 40 41 41 4412 4412 41 41 4413 4413 4413 4413 41 41 42 42 4413 4413 42 42 4414 4414 4414 4414 42 42 43 43 4414 4414 43 43 4415 4415 4415 4415 43 43 44 44 4415 4415 44 44 4416 4416 4416 4416 44 44 45 45 4416 4416 45 45 4417 4417 4417 4417 45 45 46 46 4417 4417 46 46 47 47</p>
        </triangles>
      </mesh>
    </geometry>
  </library_geometries>
  <library_materials>
    <material id="32f64bdbf57c4e6fbcebe678e9c060b0" name="defaultmaterial">
      <instance_effect url="#81d5d951dd724e7cac780d3294f6361e"/>
    </material>
  </library_materials>
  <library_visual_scenes>
    <visual_scene id="scene">
      <node id="node0" name="node0">
        <instance_geometry url="#61c6037d1bcb4273bfad8c4028119fd2">
          <bind_material>
            <technique_common>
              <instance_material symbol="material0" target="#32f64bdbf57c4e6fbcebe678e9c060b0"/>
            </technique_common>
          </bind_material>
        </instance_geometry>
      </node>
    </visual_scene>
  </library_visual_scenes>
  <scene>
    <instance_visual_scene url="#scene"/>
  </scene>
</COLLADA>
