<COLLADA xmlns="http://www.collada.org/2005/11/COLLADASchema" version="1.4.1">
  <asset>
    <created>2026-08-18T14:34:48.662994</created>
    <modified>2026-08-18T14:34:48.662999</modified>
    <up_axis>Y_UP</up_axis>
  </asset>
  <library_effects>
    <effect id="6f0be3c922c947779d189bc8ffcdf8ad" name="6f0be3c922c947779d189bc8ffcdf8ad">
      <profile_COMMON>
        <technique sid="common">
          <phong>
            <emission>
              <color>0.0 0.0 0.0 1.0</color>
            </emission>
            <ambient>
              <color>0.0 0.0 0.0 1.0</color>
            </ambient>
            <diffuse>
              <color>0.0 0.0 0.0 1.0</color>
            </diffuse>
            <specular>
              <color>0.0 0.0 0.0 1.0</color>
            </specular>
            <shininess>
              <float>0.0</float>
            </shininess>
            <reflective>
              <color>0.0 0.0 0.0 1.0</color>
            </reflective>
            <reflectivity>
              <float>0.0</float>
            </reflectivity>
            <transparent>
              <color>0.0 0.0 0.0 1.0</color>
            </transparent>
            <transparency>
              <float>1.0</float>
            </transparency>
          </phong>
        </technique>
        <extra>
          <technique profile="GOOGLEEARTH">
            <double_sided>0</double_sided>
          </technique>
        </extra>
      </profile_COMMON>
    </effect>
  </library_effects>
  <library_geometries>
    <geometry id="b2af76e5c63a45bebd04c80c55f333cf" name="3774de09396d46f78d2366aa8047157b">
      <mesh>
        <source id="verts-array">
          <float_array count="5766" id="verts-array-array">0 0 -1 0.1011683 0 -0.9948693 0.2012985 0 -0.9795299 0.2993631 0 -0.9541393 0.3943559 0 -0.9189578 0.485302 0 -0.8743466 0.5712682 0 -0.8207634 0.6513725 0 -0.7587581 0.7247928 0 -0.6889669 0.7907757 0 -0.612106 0.8486443 0 -0.528964 0.8978045 0 -0.4403942 0.9377521 0 -0.3473053 0.9680771 0 -0.2506525 0.9884683 0 -0.1514278 0.9987165 0 -0.05064917 0.9987165 0 0.05064917 0.9884683 0 0.1514278 0.9680771 0 0.2506525 0.9377521 0 0.3473053 0.8978045 0 0.4403942 0.8486443 0 0.528964 0.7907757 0 0.612106 0.7247928 0 0.6889669 0.6513725 0 0.7587581 0.5712682 0 0.8207634 0.485302 0 0.8743466 0.3943559 0 0.9189578 0.2993631 0 0.9541393 0.2012985 0 0.9795299 0.1011683 0 0.9948693 1.224647e-16 0 1 0.1006812 0.00991623 -0.9948693 0.2003292 0.01973071 -0.9795299 0.2979216 0.02934272 -0.9541393 0.3924569 0.03865363 -0.9189578 0.4829651 0.04756791 -0.8743466 0.5685174 0.05599408 -0.8207634 0.6482359 0.06384567 -0.7587581 0.7213027 0.07104212 -0.6889669 0.7869679 0.07750958 -0.612106 0.8445578 0.08318168 -0.528964 0.8934814 0.08800023 -0.4403942 0.9332366 0.09191578 -0.3473053 0.9634156 0.09488815 -0.2506525 0.9837086 0.09688684 -0.1514278 0.9939074 0.09789134 -0.05064917 0.9939074 0.09789134 0.05064917 0.9837086 0.09688684 0.1514278 0.9634156 0.09488815 0.2506525 0.9332366 0.09191578 0.3473053 0.8934814 0.08800023 0.4403942 0.8445578 0.08318168 0.528964 0.7869679 0.07750958 0.612106 0.7213027 0.07104212 0.6889669 0.6482359 0.06384567 0.7587581 0.5685174 0.05599408 0.8207634 0.4829651 0.04756791 0.8743466 0.3924569 0.03865363 0.9189578 0.2979216 0.02934272 0.9541393 0.2003292 0.01973071 0.9795299 0.1006812 0.00991623 0.9948693 0.0992244 0.01973696 -0.9948693 0.1974306 0.03927139 -0.9795299 0.2936109 0.05840285 -0.9541393 0.3867784 0.07693501 -0.9189578 0.475977 0.09467772 -0.8743466 0.5602915 0.1114489 -0.8207634 0.6388565 0.1270765 -0.7587581 0.7108661 0.1414001 -0.6889669 0.7755812 0.1542727 -0.612106 0.8323378 0.1655623 -0.528964 0.8805535 0.175153 -0.4403942 0.9197335 0.1829464 -0.3473053 0.9494758 0.1888625 -0.2506525 0.9694752 0.1928406 -0.1514278 0.9795264 0.1948399 -0.05064917 0.9795264 0.1948399 0.05064917 0.9694752 0.1928406 0.1514278 0.9494758 0.1888625 0.2506525 0.9197335 0.1829464 0.3473053 0.8805535 0.175153 0.4403942 0.8323378 0.1655623 0.528964 0.7755812 0.1542727 0.612106 0.7108661 0.1414001 0.6889669 0.6388565 0.1270765 0.7587581 0.5602915 0.1114489 0.8207634 0.475977 0.09467772 0.8743466 0.3867784 0.07693501 0.9189578 0.2936109 0.05840285 0.9541393 0.1974306 0.03927139 0.9795299 0.0992244 0.01973696 0.9948693 0.09681205 0.02936761 -0.9948693 0.1926307 0.05843388 -0.9795299 0.2864726 0.08690053 -0.9541393 0.377375 0.1144755 -0.9189578 0.464405 0.1408757 -0.8743466 0.5466696 0.1658304 -0.8207634 0.6233246 0.1890835 -0.7587581 0.6935835 0.2103962 -0.6889669 0.7567252 0.2295501 -0.612106 0.8121019 0.2463484 -0.528964 0.8591454 0.2606189 -0.4403942 0.8973728 0.2722151 -0.3473053 0.926392 0.281018 -0.2506525 0.9459052 0.2869372 -0.1514278 0.9557121 0.2899121 -0.05064917 0.9557121 0.2899121 0.05064917 0.9459052 0.2869372 0.1514278 0.926392 0.281018 0.2506525 0.8973728 0.2722151 0.3473053 0.8591454 0.2606189 0.4403942 0.8121019 0.2463484 0.528964 0.7567252 0.2295501 0.612106 0.6935835 0.2103962 0.6889669 0.6233246 0.1890835 0.7587581 0.5466696 0.1658304 0.8207634 0.464405 0.1408757 0.8743466 0.377375 0.1144755 0.9189578 0.2864726 0.08690053 0.9541393 0.1926307 0.05843388 0.9795299 0.09681205 0.02936761 0.9948693 0.09346734 0.03871544 -0.9948693 0.1859756 0.07703361 -0.9795299 0.2765755 0.1145613 -0.9541393 0.3643373 0.1509135 -0.9189578 0.4483606 0.185717 -0.8743466 0.527783 0.2186149 -0.8207634 0.6017897 0.2492695 -0.7587581 0.6696212 0.2773662 -0.6889669 0.7305815 0.3026168 -0.612106 0.7840451 0.3247621 -0.528964 0.8294632 0.3435749 -0.4403942 0.86637 0.3588622 -0.3473053 0.8943866 0.3704671 -0.2506525 0.9132257 0.3782705 -0.1514278 0.9226937 0.3821923 -0.05064917 0.9226937 0.3821923 0.05064917 0.9132257 0.3782705 0.1514278 0.8943866 0.3704671 0.2506525 0.86637 0.3588622 0.3473053 0.8294632 0.3435749 0.4403942 0.7840451 0.3247621 0.528964 0.7305815 0.3026168 0.612106 0.6696212 0.2773662 0.6889669 0.6017897 0.2492695 0.7587581 0.527783 0.2186149 0.8207634 0.4483606 0.185717 0.8743466 0.3643373 0.1509135 0.9189578 0.2765755 0.1145613 0.9541393 0.1859756 0.07703361 0.9795299 0.09346734 0.03871544 0.9948693 0.08922249 0.04769042 -0.9948693 0.1775294 0.09489147 -0.9795299 0.2640147 0.1411188 -0.9541393 0.3477908 0.1858981 -0.9189578 0.4279981 0.2287698 -0.8743466 0.5038136 0.269294 -0.8207634 0.5744592 0.3070549 -0.7587581 0.6392102 0.341665 -0.6889669 0.6974019 0.3727691 -0.612106 0.7484374 0.4000481 -0.528964 0.7917929 0.4232221 -0.4403942 0.8270235 0.4420533 -0.3473053 0.8537678 0.4563484 -0.2506525 0.8717512 0.4659607 -0.1514278 0.8807893 0.4707917 -0.05064917 0.8807893 0.4707917 0.05064917 0.8717512 0.4659607 0.1514278 0.8537678 0.4563484 0.2506525 0.8270235 0.4420533 0.3473053 0.7917929 0.4232221 0.4403942 0.7484374 0.4000481 0.528964 0.6974019 0.3727691 0.612106 0.6392102 0.341665 0.6889669 0.5744592 0.3070549 0.7587581 0.5038136 0.269294 0.8207634 0.4279981 0.2287698 0.8743466 0.3477908 0.1858981 0.9189578 0.2640147 0.1411188 0.9541393 0.1775294 0.09489147 0.9795299 0.08922249 0.04769042 0.9948693 0.08411839 0.05620611 -0.9948693 0.1673736 0.1118355 -0.9795299 0.2489113 0.1663172 -0.9541393 0.3278949 0.2190924 -0.9189578 0.4035138 0.2696193 -0.8743466 0.4749922 0.3173796 -0.8207634 0.5415964 0.3618832 -0.7587581 0.6026432 0.4026733 -0.6889669 0.657506 0.4393315 -0.612106 0.7056219 0.4714815 -0.528964 0.7464972 0.4987935 -0.4403942 0.7797124 0.5209872 -0.3473053 0.8049267 0.5378348 -0.2506525 0.8218814 0.5491636 -0.1514278 0.8304024 0.5548572 -0.05064917 0.8304024 0.5548572 0.05064917 0.8218814 0.5491636 0.1514278 0.8049267 0.5378348 0.2506525 0.7797124 0.5209872 0.3473053 0.7464972 0.4987935 0.4403942 0.7056219 0.4714815 0.528964 0.657506 0.4393315 0.612106 0.6026432 0.4026733 0.6889669 0.5415964 0.3618832 0.7587581 0.4749922 0.3173796 0.8207634 0.4035138 0.2696193 0.8743466 0.3278949 0.2190924 0.9189578 0.2489113 0.1663172 0.9541393 0.1673736 0.1118355 0.9795299 0.08411839 0.05620611 0.9948693 0.07820417 0.0641805 -0.9948693 0.1556059 0.1277024 -0.9795299 0.2314108 0.189914 -0.9541393 0.3048412 0.2501767 -0.9189578 0.3751435 0.3078723 -0.8743466 0.4415963 0.3624087 -0.8207634 0.5035177 0.4132263 -0.7587581 0.5602724 0.4598037 -0.6889669 0.6112779 0.5016628 -0.612106 0.6560109 0.5383742 -0.528964 0.6940123 0.5695612 -0.4403942 0.7248922 0.5949037 -0.3473053 0.7483337 0.6141416 -0.2506525 0.7640963 0.6270777 -0.1514278 0.7720183 0.633579 -0.05064917 0.7720183 0.633579 0.05064917 0.7640963 0.6270777 0.1514278 0.7483337 0.6141416 0.2506525 0.7248922 0.5949037 0.3473053 0.6940123 0.5695612 0.4403942 0.6560109 0.5383742 0.528964 0.6112779 0.5016628 0.612106 0.5602724 0.4598037 0.6889669 0.5035177 0.4132263 0.7587581 0.4415963 0.3624087 0.8207634 0.3751435 0.3078723 0.8743466 0.3048412 0.2501767 0.9189578 0.2314108 0.189914 0.9541393 0.1556059 0.1277024 0.9795299 0.07820417 0.0641805 0.9948693 0.07153681 0.07153681 -0.9948693 0.1423395 0.1423395 -0.9795299 0.2116817 0.2116817 -0.9541393 0.2788517 0.2788517 -0.9189578 0.3431603 0.3431603 -0.8743466 0.4039476 0.4039476 -0.8207634 0.4605899 0.4605899 -0.7587581 0.5125059 0.5125059 -0.6889669 0.5591629 0.5591629 -0.612106 0.6000821 0.6000821 -0.528964 0.6348437 0.6348437 -0.4403942 0.6630909 0.6630909 -0.3473053 0.6845339 0.6845339 -0.2506525 0.6989527 0.6989527 -0.1514278 0.7061992 0.7061992 -0.05064917 0.7061992 0.7061992 0.05064917 0.6989527 0.6989527 0.1514278 0.6845339 0.6845339 0.2506525 0.6630909 0.6630909 0.3473053 0.6348437 0.6348437 0.4403942 0.6000821 0.6000821 0.528964 0.5591629 0.5591629 0.612106 0.5125059 0.5125059 0.6889669 0.4605899 0.4605899 0.7587581 0.4039476 0.4039476 0.8207634 0.3431603 0.3431603 0.8743466 0.2788517 0.2788517 0.9189578 0.2116817 0.2116817 0.9541393 0.1423395 0.1423395 0.9795299 0.07153681 0.07153681 0.9948693 0.0641805 0.07820417 -0.9948693 0.1277024 0.1556059 -0.9795299 0.189914 0.2314108 -0.9541393 0.2501767 0.3048412 -0.9189578 0.3078723 0.3751435 -0.8743466 0.3624087 0.4415963 -0.8207634 0.4132263 0.5035177 -0.7587581 0.4598037 0.5602724 -0.6889669 0.5016628 0.6112779 -0.612106 0.5383742 0.6560109 -0.528964 0.5695612 0.6940123 -0.4403942 0.5949037 0.7248922 -0.3473053 0.6141416 0.7483337 -0.2506525 0.6270777 0.7640963 -0.1514278 0.633579 0.7720183 -0.05064917 0.633579 0.7720183 0.05064917 0.6270777 0.7640963 0.1514278 0.6141416 0.7483337 0.2506525 0.5949037 0.7248922 0.3473053 0.5695612 0.6940123 0.4403942 0.5383742 0.6560109 0.528964 0.5016628 0.6112779 0.612106 0.4598037 0.5602724 0.6889669 0.4132263 0.5035177 0.7587581 0.3624087 0.4415963 0.8207634 0.3078723 0.3751435 0.8743466 0.2501767 0.3048412 0.9189578 0.189914 0.2314108 0.9541393 0.1277024 0.1556059 0.9795299 0.0641805 0.07820417 0.9948693 0.05620611 0.08411839 -0.9948693 0.1118355 0.1673736 -0.9795299 0.1663172 0.2489113 -0.9541393 0.2190924 0.3278949 -0.9189578 0.2696193 0.4035138 -0.8743466 0.3173796 0.4749922 -0.8207634 0.3618832 0.5415964 -0.7587581 0.4026733 0.6026432 -0.6889669 0.4393315 0.657506 -0.612106 0.4714815 0.7056219 -0.528964 0.4987935 0.7464972 -0.4403942 0.5209872 0.7797124 -0.3473053 0.5378348 0.8049267 -0.2506525 0.5491636 0.8218814 -0.1514278 0.5548572 0.8304024 -0.05064917 0.5548572 0.8304024 0.05064917 0.5491636 0.8218814 0.1514278 0.5378348 0.8049267 0.2506525 0.5209872 0.7797124 0.3473053 0.4987935 0.7464972 0.4403942 0.4714815 0.7056219 0.528964 0.4393315 0.657506 0.612106 0.4026733 0.6026432 0.6889669 0.3618832 0.5415964 0.7587581 0.3173796 0.4749922 0.8207634 0.2696193 0.4035138 0.8743466 0.2190924 0.3278949 0.9189578 0.1663172 0.2489113 0.9541393 0.1118355 0.1673736 0.9795299 0.05620611 0.08411839 0.9948693 0.04769042 0.08922249 -0.9948693 0.09489147 0.1775294 -0.9795299 0.1411188 0.2640147 -0.9541393 0.1858981 0.3477908 -0.9189578 0.2287698 0.4279981 -0.8743466 0.269294 0.5038136 -0.8207634 0.3070549 0.5744592 -0.7587581 0.341665 0.6392102 -0.6889669 0.3727691 0.6974019 -0.612106 0.4000481 0.7484374 -0.528964 0.4232221 0.7917929 -0.4403942 0.4420533 0.8270235 -0.3473053 0.4563484 0.8537678 -0.2506525 0.4659607 0.8717512 -0.1514278 0.4707917 0.8807893 -0.05064917 0.4707917 0.8807893 0.05064917 0.4659607 0.8717512 0.1514278 0.4563484 0.8537678 0.2506525 0.4420533 0.8270235 0.3473053 0.4232221 0.7917929 0.4403942 0.4000481 0.7484374 0.528964 0.3727691 0.6974019 0.612106 0.341665 0.6392102 0.6889669 0.3070549 0.5744592 0.7587581 0.269294 0.5038136 0.8207634 0.2287698 0.4279981 0.8743466 0.1858981 0.3477908 0.9189578 0.1411188 0.2640147 0.9541393 0.09489147 0.1775294 0.9795299 0.04769042 0.08922249 0.9948693 0.03871544 0.09346734 -0.9948693 0.07703361 0.1859756 -0.9795299 0.1145613 0.2765755 -0.9541393 0.1509135 0.3643373 -0.9189578 0.185717 0.4483606 -0.8743466 0.2186149 0.527783 -0.8207634 0.2492695 0.6017897 -0.7587581 0.2773662 0.6696212 -0.6889669 0.3026168 0.7305815 -0.612106 0.3247621 0.7840451 -0.528964 0.3435749 0.8294632 -0.4403942 0.3588622 0.86637 -0.3473053 0.3704671 0.8943866 -0.2506525 0.3782705 0.9132257 -0.1514278 0.3821923 0.9226937 -0.05064917 0.3821923 0.9226937 0.05064917 0.3782705 0.9132257 0.1514278 0.3704671 0.8943866 0.2506525 0.3588622 0.86637 0.3473053 0.3435749 0.8294632 0.4403942 0.3247621 0.7840451 0.528964 0.3026168 0.7305815 0.612106 0.2773662 0.6696212 0.6889669 0.2492695 0.6017897 0.7587581 0.2186149 0.527783 0.8207634 0.185717 0.4483606 0.8743466 0.1509135 0.3643373 0.9189578 0.1145613 0.2765755 0.9541393 0.07703361 0.1859756 0.9795299 0.03871544 0.09346734 0.9948693 0.02936761 0.09681205 -0.9948693 0.05843388 0.1926307 -0.9795299 0.08690053 0.2864726 -0.9541393 0.1144755 0.377375 -0.9189578 0.1408757 0.464405 -0.8743466 0.1658304 0.5466696 -0.8207634 0.1890835 0.6233246 -0.7587581 0.2103962 0.6935835 -0.6889669 0.2295501 0.7567252 -0.612106 0.2463484 0.8121019 -0.528964 0.2606189 0.8591454 -0.4403942 0.2722151 0.8973728 -0.3473053 0.281018 0.926392 -0.2506525 0.2869372 0.9459052 -0.1514278 0.2899121 0.9557121 -0.05064917 0.2899121 0.9557121 0.05064917 0.2869372 0.9459052 0.1514278 0.281018 0.926392 0.2506525 0.2722151 0.8973728 0.3473053 0.2606189 0.8591454 0.4403942 0.2463484 0.8121019 0.528964 0.2295501 0.7567252 0.612106 0.2103962 0.6935835 0.6889669 0.1890835 0.6233246 0.7587581 0.1658304 0.5466696 0.8207634 0.1408757 0.464405 0.8743466 0.1144755 0.377375 0.9189578 0.08690053 0.2864726 0.9541393 0.05843388 0.1926307 0.9795299 0.02936761 0.09681205 0.9948693 0.01973696 0.0992244 -0.9948693 0.03927139 0.1974306 -0.9795299 0.05840285 0.2936109 -0.9541393 0.07693501 0.3867784 -0.9189578 0.09467772 0.475977 -0.8743466 0.1114489 0.5602915 -0.8207634 0.1270765 0.6388565 -0.7587581 0.1414001 0.7108661 -0.6889669 0.1542727 0.7755812 -0.612106 0.1655623 0.8323378 -0.528964 0.175153 0.8805535 -0.4403942 0.1829464 0.9197335 -0.3473053 0.1888625 0.9494758 -0.2506525 0.1928406 0.9694752 -0.1514278 0.1948399 0.9795264 -0.05064917 0.1948399 0.9795264 0.05064917 0.1928406 0.9694752 0.1514278 0.1888625 0.9494758 0.2506525 0.1829464 0.9197335 0.3473053 0.175153 0.8805535 0.4403942 0.1655623 0.8323378 0.528964 0.1542727 0.7755812 0.612106 0.1414001 0.7108661 0.6889669 0.1270765 0.6388565 0.7587581 0.1114489 0.5602915 0.8207634 0.09467772 0.475977 0.8743466 0.07693501 0.3867784 0.9189578 0.05840285 0.2936109 0.9541393 0.03927139 0.1974306 0.9795299 0.01973696 0.0992244 0.9948693 0.00991623 0.1006812 -0.9948693 0.01973071 0.2003292 -0.9795299 0.02934272 0.2979216 -0.9541393 0.03865363 0.3924569 -0.9189578 0.04756791 0.4829651 -0.8743466 0.05599408 0.5685174 -0.8207634 0.06384567 0.6482359 -0.7587581 0.07104212 0.7213027 -0.6889669 0.07750958 0.7869679 -0.612106 0.08318168 0.8445578 -0.528964 0.08800023 0.8934814 -0.4403942 0.09191578 0.9332366 -0.3473053 0.09488815 0.9634156 -0.2506525 0.09688684 0.9837086 -0.1514278 0.09789134 0.9939074 -0.05064917 0.09789134 0.9939074 0.05064917 0.09688684 0.9837086 0.1514278 0.09488815 0.9634156 0.2506525 0.09191578 0.9332366 0.3473053 0.08800023 0.8934814 0.4403942 0.08318168 0.8445578 0.528964 0.07750958 0.7869679 0.612106 0.07104212 0.7213027 0.6889669 0.06384567 0.6482359 0.7587581 0.05599408 0.5685174 0.8207634 0.04756791 0.4829651 0.8743466 0.03865363 0.3924569 0.9189578 0.02934272 0.2979216 0.9541393 0.01973071 0.2003292 0.9795299 0.00991623 0.1006812 0.9948693 6.194773e-18 0.1011683 -0.9948693 1.232598e-17 0.2012985 -0.9795299 1.83307e-17 0.2993631 -0.9541393 2.414733e-17 0.3943559 -0.9189578 2.971617e-17 0.485302 -0.8743466 3.498009e-17 0.5712682 -0.8207634 3.988506e-17 0.6513725 -0.7587581 4.438076e-17 0.7247928 -0.6889669 4.842105e-17 0.7907757 -0.612106 5.196447e-17 0.8486443 -0.528964 5.497467e-17 0.8978045 -0.4403942 5.742076e-17 0.9377521 -0.3473053 5.927763e-17 0.9680771 -0.2506525 6.052623e-17 0.9884683 -0.1514278 6.115375e-17 0.9987165 -0.05064917 6.115375e-17 0.9987165 0.05064917 6.052623e-17 0.9884683 0.1514278 5.927763e-17 0.9680771 0.2506525 5.742076e-17 0.9377521 0.3473053 5.497467e-17 0.8978045 0.4403942 5.196447e-17 0.8486443 0.528964 4.842105e-17 0.7907757 0.612106 4.438076e-17 0.7247928 0.6889669 3.988506e-17 0.6513725 0.7587581 3.498009e-17 0.5712682 0.8207634 2.971617e-17 0.485302 0.8743466 2.414733e-17 0.3943559 0.9189578 1.83307e-17 0.2993631 0.9541393 1.232598e-17 0.2012985 0.9795299 6.194773e-18 0.1011683 0.9948693 -0.00991623 0.1006812 -0.9948693 -0.01973071 0.2003292 -0.9795299 -0.02934272 0.2979216 -0.9541393 -0.03865363 0.3924569 -0.9189578 -0.04756791 0.4829651 -0.8743466 -0.05599408 0.5685174 -0.8207634 -0.06384567 0.6482359 -0.7587581 -0.07104212 0.7213027 -0.6889669 -0.07750958 0.7869679 -0.612106 -0.08318168 0.8445578 -0.528964 -0.08800023 0.8934814 -0.4403942 -0.09191578 0.9332366 -0.3473053 -0.09488815 0.9634156 -0.2506525 -0.09688684 0.9837086 -0.1514278 -0.09789134 0.9939074 -0.05064917 -0.09789134 0.9939074 0.05064917 -0.09688684 0.9837086 0.1514278 -0.09488815 0.9634156 0.2506525 -0.09191578 0.9332366 0.3473053 -0.08800023 0.8934814 0.4403942 -0.08318168 0.8445578 0.528964 -0.07750958 0.7869679 0.612106 -0.07104212 0.7213027 0.6889669 -0.06384567 0.6482359 0.7587581 -0.05599408 0.5685174 0.8207634 -0.04756791 0.4829651 0.8743466 -0.03865363 0.3924569 0.9189578 -0.02934272 0.2979216 0.9541393 -0.01973071 0.2003292 0.9795299 -0.00991623 0.1006812 0.9948693 -0.01973696 0.0992244 -0.9948693 -0.03927139 0.1974306 -0.9795299 -0.05840285 0.2936109 -0.9541393 -0.07693501 0.3867784 -0.9189578 -0.09467772 0.475977 -0.8743466 -0.1114489 0.5602915 -0.8207634 -0.1270765 0.6388565 -0.7587581 -0.1414001 0.7108661 -0.6889669 -0.1542727 0.7755812 -0.612106 -0.1655623 0.8323378 -0.528964 -0.175153 0.8805535 -0.4403942 -0.1829464 0.9197335 -0.3473053 -0.1888625 0.9494758 -0.2506525 -0.1928406 0.9694752 -0.1514278 -0.1948399 0.9795264 -0.05064917 -0.1948399 0.9795264 0.05064917 -0.1928406 0.9694752 0.1514278 -0.1888625 0.9494758 0.2506525 -0.1829464 0.9197335 0.3473053 -0.175153 0.8805535 0.4403942 -0.1655623 0.8323378 0.528964 -0.1542727 0.7755812 0.612106 -0.1414001 0.7108661 0.6889669 -0.1270765 0.6388565 0.7587581 -0.1114489 0.5602915 0.8207634 -0.09467772 0.475977 0.8743466 -0.07693501 0.3867784 0.9189578 -0.05840285 0.2936109 0.9541393 -0.03927139 0.1974306 0.9795299 -0.01973696 0.0992244 0.9948693 -0.02936761 0.09681205 -0.9948693 -0.05843388 0.1926307 -0.9795299 -0.08690053 0.2864726 -0.9541393 -0.1144755 0.377375 -0.9189578 -0.1408757 0.464405 -0.8743466 -0.1658304 0.5466696 -0.8207634 -0.1890835 0.6233246 -0.7587581 -0.2103962 0.6935835 -0.6889669 -0.2295501 0.7567252 -0.612106 -0.2463484 0.8121019 -0.528964 -0.2606189 0.8591454 -0.4403942 -0.2722151 0.8973728 -0.3473053 -0.281018 0.926392 -0.2506525 -0.2869372 0.9459052 -0.1514278 -0.2899121 0.9557121 -0.05064917 -0.2899121 0.9557121 0.05064917 -0.2869372 0.9459052 0.1514278 -0.281018 0.926392 0.2506525 -0.2722151 0.8973728 0.3473053 -0.2606189 0.8591454 0.4403942 -0.2463484 0.8121019 0.528964 -0.2295501 0.7567252 0.612106 -0.2103962 0.6935835 0.6889669 -0.1890835 0.6233246 0.7587581 -0.1658304 0.5466696 0.8207634 -0.1408757 0.464405 0.8743466 -0.1144755 0.377375 0.9189578 -0.08690053 0.2864726 0.9541393 -0.05843388 0.1926307 0.9795299 -0.02936761 0.09681205 0.9948693 -0.03871544 0.09346734 -0.9948693 -0.07703361 0.1859756 -0.9795299 -0.1145613 0.2765755 -0.9541393 -0.1509135 0.3643373 -0.9189578 -0.185717 0.4483606 -0.8743466 -0.2186149 0.527783 -0.8207634 -0.2492695 0.6017897 -0.7587581 -0.2773662 0.6696212 -0.6889669 -0.3026168 0.7305815 -0.612106 -0.3247621 0.7840451 -0.528964 -0.3435749 0.8294632 -0.4403942 -0.3588622 0.86637 -0.3473053 -0.3704671 0.8943866 -0.2506525 -0.3782705 0.9132257 -0.1514278 -0.3821923 0.9226937 -0.05064917 -0.3821923 0.9226937 0.05064917 -0.3782705 0.9132257 0.1514278 -0.3704671 0.8943866 0.2506525 -0.3588622 0.86637 0.3473053 -0.3435749 0.8294632 0.4403942 -0.3247621 0.7840451 0.528964 -0.3026168 0.7305815 0.612106 -0.2773662 0.6696212 0.6889669 -0.2492695 0.6017897 0.7587581 -0.2186149 0.527783 0.8207634 -0.185717 0.4483606 0.8743466 -0.1509135 0.3643373 0.9189578 -0.1145613 0.2765755 0.9541393 -0.07703361 0.1859756 0.9795299 -0.03871544 0.09346734 0.9948693 -0.04769042 0.08922249 -0.9948693 -0.09489147 0.1775294 -0.9795299 -0.1411188 0.2640147 -0.9541393 -0.1858981 0.3477908 -0.9189578 -0.2287698 0.4279981 -0.8743466 -0.269294 0.5038136 -0.8207634 -0.3070549 0.5744592 -0.7587581 -0.341665 0.6392102 -0.6889669 -0.3727691 0.6974019 -0.612106 -0.4000481 0.7484374 -0.528964 -0.4232221 0.7917929 -0.4403942 -0.4420533 0.8270235 -0.3473053 -0.4563484 0.8537678 -0.2506525 -0.4659607 0.8717512 -0.1514278 -0.4707917 0.8807893 -0.05064917 -0.4707917 0.8807893 0.05064917 -0.4659607 0.8717512 0.1514278 -0.4563484 0.8537678 0.2506525 -0.4420533 0.8270235 0.3473053 -0.4232221 0.7917929 0.4403942 -0.4000481 0.7484374 0.528964 -0.3727691 0.6974019 0.612106 -0.341665 0.6392102 0.6889669 -0.3070549 0.5744592 0.7587581 -0.269294 0.5038136 0.8207634 -0.2287698 0.4279981 0.8743466 -0.1858981 0.3477908 0.9189578 -0.1411188 0.2640147 0.9541393 -0.09489147 0.1775294 0.9795299 -0.04769042 0.08922249 0.9948693 -0.05620611 0.08411839 -0.9948693 -0.1118355 0.1673736 -0.9795299 -0.1663172 0.2489113 -0.9541393 -0.2190924 0.3278949 -0.9189578 -0.2696193 0.4035138 -0.8743466 -0.3173796 0.4749922 -0.8207634 -0.3618832 0.5415964 -0.7587581 -0.4026733 0.6026432 -0.6889669 -0.4393315 0.657506 -0.612106 -0.4714815 0.7056219 -0.528964 -0.4987935 0.7464972 -0.4403942 -0.5209872 0.7797124 -0.3473053 -0.5378348 0.8049267 -0.2506525 -0.5491636 0.8218814 -0.1514278 -0.5548572 0.8304024 -0.05064917 -0.5548572 0.8304024 0.05064917 -0.5491636 0.8218814 0.1514278 -0.5378348 0.8049267 0.2506525 -0.5209872 0.7797124 0.3473053 -0.4987935 0.7464972 0.4403942 -0.4714815 0.7056219 0.528964 -0.4393315 0.657506 0.612106 -0.4026733 0.6026432 0.6889669 -0.3618832 0.5415964 0.7587581 -0.3173796 0.4749922 0.8207634 -0.2696193 0.4035138 0.8743466 -0.2190924 0.3278949 0.9189578 -0.1663172 0.2489113 0.9541393 -0.1118355 0.1673736 0.9795299 -0.05620611 0.08411839 0.9948693 -0.0641805 0.07820417 -0.9948693 -0.1277024 0.1556059 -0.9795299 -0.189914 0.2314108 -0.9541393 -0.2501767 0.3048412 -0.9189578 -0.3078723 0.3751435 -0.8743466 -0.3624087 0.4415963 -0.8207634 -0.4132263 0.5035177 -0.7587581 -0.4598037 0.5602724 -0.6889669 -0.5016628 0.6112779 -0.612106 -0.5383742 0.6560109 -0.528964 -0.5695612 0.6940123 -0.4403942 -0.5949037 0.7248922 -0.3473053 -0.6141416 0.7483337 -0.2506525 -0.6270777 0.7640963 -0.1514278 -0.633579 0.7720183 -0.05064917 -0.633579 0.7720183 0.05064917 -0.6270777 0.7640963 0.1514278 -0.6141416 0.7483337 0.2506525 -0.5949037 0.7248922 0.3473053 -0.5695612 0.6940123 0.4403942 -0.5383742 0.6560109 0.528964 -0.5016628 0.6112779 0.612106 -0.4598037 0.5602724 0.6889669 -0.4132263 0.5035177 0.7587581 -0.3624087 0.4415963 0.8207634 -0.3078723 0.3751435 0.8743466 -0.2501767 0.3048412 0.9189578 -0.189914 0.2314108 0.9541393 -0.1277024 0.1556059 0.9795299 -0.0641805 0.07820417 0.9948693 -0.07153681 0.07153681 -0.9948693 -0.1423395 0.1423395 -0.9795299 -0.2116817 0.2116817 -0.9541393 -0.2788517 0.2788517 -0.9189578 -0.3431603 0.3431603 -0.8743466 -0.4039476 0.4039476 -0.8207634 -0.4605899 0.4605899 -0.7587581 -0.5125059 0.5125059 -0.6889669 -0.5591629 0.5591629 -0.612106 -0.6000821 0.6000821 -0.528964 -0.6348437 0.6348437 -0.4403942 -0.6630909 0.6630909 -0.3473053 -0.6845339 0.6845339 -0.2506525 -0.6989527 0.6989527 -0.1514278 -0.7061992 0.7061992 -0.05064917 -0.7061992 0.7061992 0.05064917 -0.6989527 0.6989527 0.1514278 -0.6845339 0.6845339 0.2506525 -0.6630909 0.6630909 0.3473053 -0.6348437 0.6348437 0.4403942 -0.6000821 0.6000821 0.528964 -0.5591629 0.5591629 0.612106 -0.5125059 0.5125059 0.6889669 -0.4605899 0.4605899 0.7587581 -0.4039476 0.4039476 0.8207634 -0.3431603 0.3431603 0.8743466 -0.2788517 0.2788517 0.9189578 -0.2116817 0.2116817 0.9541393 -0.1423395 0.1423395 0.9795299 -0.07153681 0.07153681 0.9948693 -0.07820417 0.0641805 -0.9948693 -0.1556059 0.1277024 -0.9795299 -0.2314108 0.189914 -0.9541393 -0.3048412 0.2501767 -0.9189578 -0.3751435 0.3078723 -0.8743466 -0.4415963 0.3624087 -0.8207634 -0.5035177 0.4132263 -0.7587581 -0.5602724 0.4598037 -0.6889669 -0.6112779 0.5016628 -0.612106 -0.6560109 0.5383742 -0.528964 -0.6940123 0.5695612 -0.4403942 -0.7248922 0.5949037 -0.3473053 -0.7483337 0.6141416 -0.2506525 -0.7640963 0.6270777 -0.1514278 -0.7720183 0.633579 -0.05064917 -0.7720183 0.633579 0.05064917 -0.7640963 0.6270777 0.1514278 -0.7483337 0.6141416 0.2506525 -0.7248922 0.5949037 0.3473053 -0.6940123 0.5695612 0.4403942 -0.6560109 0.5383742 0.528964 -0.6112779 0.5016628 0.612106 -0.5602724 0.4598037 0.6889669 -0.5035177 0.4132263 0.7587581 -0.4415963 0.3624087 0.8207634 -0.3751435 0.3078723 0.8743466 -0.3048412 0.2501767 0.9189578 -0.2314108 0.189914 0.9541393 -0.1556059 0.1277024 0.9795299 -0.07820417 0.0641805 0.9948693 -0.08411839 0.05620611 -0.9948693 -0.1673736 0.1118355 -0.9795299 -0.2489113 0.1663172 -0.9541393 -0.3278949 0.2190924 -0.9189578 -0.4035138 0.2696193 -0.8743466 -0.4749922 0.3173796 -0.8207634 -0.5415964 0.3618832 -0.7587581 -0.6026432 0.4026733 -0.6889669 -0.657506 0.4393315 -0.612106 -0.7056219 0.4714815 -0.528964 -0.7464972 0.4987935 -0.4403942 -0.7797124 0.5209872 -0.3473053 -0.8049267 0.5378348 -0.2506525 -0.8218814 0.5491636 -0.1514278 -0.8304024 0.5548572 -0.05064917 -0.8304024 0.5548572 0.05064917 -0.8218814 0.5491636 0.1514278 -0.8049267 0.5378348 0.2506525 -0.7797124 0.5209872 0.3473053 -0.7464972 0.4987935 0.4403942 -0.7056219 0.4714815 0.528964 -0.657506 0.4393315 0.612106 -0.6026432 0.4026733 0.6889669 -0.5415964 0.3618832 0.7587581 -0.4749922 0.3173796 0.8207634 -0.4035138 0.2696193 0.8743466 -0.3278949 0.2190924 0.9189578 -0.2489113 0.1663172 0.9541393 -0.1673736 0.1118355 0.9795299 -0.08411839 0.05620611 0.9948693 -0.08922249 0.04769042 -0.9948693 -0.1775294 0.09489147 -0.9795299 -0.2640147 0.1411188 -0.9541393 -0.3477908 0.1858981 -0.9189578 -0.4279981 0.2287698 -0.8743466 -0.5038136 0.269294 -0.8207634 -0.5744592 0.3070549 -0.7587581 -0.6392102 0.341665 -0.6889669 -0.6974019 0.3727691 -0.612106 -0.7484374 0.4000481 -0.528964 -0.7917929 0.4232221 -0.4403942 -0.8270235 0.4420533 -0.3473053 -0.8537678 0.4563484 -0.2506525 -0.8717512 0.4659607 -0.1514278 -0.8807893 0.4707917 -0.05064917 -0.8807893 0.4707917 0.05064917 -0.8717512 0.4659607 0.1514278 -0.8537678 0.4563484 0.2506525 -0.8270235 0.4420533 0.3473053 -0.7917929 0.4232221 0.4403942 -0.7484374 0.4000481 0.528964 -0.6974019 0.3727691 0.612106 -0.6392102 0.341665 0.6889669 -0.5744592 0.3070549 0.7587581 -0.5038136 0.269294 0.8207634 -0.4279981 0.2287698 0.8743466 -0.3477908 0.1858981 0.9189578 -0.2640147 0.1411188 0.9541393 -0.1775294 0.09489147 0.9795299 -0.08922249 0.04769042 0.9948693 -0.09346734 0.03871544 -0.9948693 -0.1859756 0.07703361 -0.9795299 -0.2765755 0.1145613 -0.9541393 -0.3643373 0.1509135 -0.9189578 -0.4483606 0.185717 -0.8743466 -0.527783 0.2186149 -0.8207634 -0.6017897 0.2492695 -0.7587581 -0.6696212 0.2773662 -0.6889669 -0.7305815 0.3026168 -0.612106 -0.7840451 0.3247621 -0.528964 -0.8294632 0.3435749 -0.4403942 -0.86637 0.3588622 -0.3473053 -0.8943866 0.3704671 -0.2506525 -0.9132257 0.3782705 -0.1514278 -0.9226937 0.3821923 -0.05064917 -0.9226937 0.3821923 0.05064917 -0.9132257 0.3782705 0.1514278 -0.8943866 0.3704671 0.2506525 -0.86637 0.3588622 0.3473053 -0.8294632 0.3435749 0.4403942 -0.7840451 0.3247621 0.528964 -0.7305815 0.3026168 0.612106 -0.6696212 0.2773662 0.6889669 -0.6017897 0.2492695 0.7587581 -0.527783 0.2186149 0.8207634 -0.4483606 0.185717 0.8743466 -0.3643373 0.1509135 0.9189578 -0.2765755 0.1145613 0.9541393 -0.1859756 0.07703361 0.9795299 -0.09346734 0.03871544 0.9948693 -0.09681205 0.02936761 -0.9948693 -0.1926307 0.05843388 -0.9795299 -0.2864726 0.08690053 -0.9541393 -0.377375 0.1144755 -0.9189578 -0.464405 0.1408757 -0.8743466 -0.5466696 0.1658304 -0.8207634 -0.6233246 0.1890835 -0.7587581 -0.6935835 0.2103962 -0.6889669 -0.7567252 0.2295501 -0.612106 -0.8121019 0.2463484 -0.528964 -0.8591454 0.2606189 -0.4403942 -0.8973728 0.2722151 -0.3473053 -0.926392 0.281018 -0.2506525 -0.9459052 0.2869372 -0.1514278 -0.9557121 0.2899121 -0.05064917 -0.9557121 0.2899121 0.05064917 -0.9459052 0.2869372 0.1514278 -0.926392 0.281018 0.2506525 -0.8973728 0.2722151 0.3473053 -0.8591454 0.2606189 0.4403942 -0.8121019 0.2463484 0.528964 -0.7567252 0.2295501 0.612106 -0.6935835 0.2103962 0.6889669 -0.6233246 0.1890835 0.7587581 -0.5466696 0.1658304 0.8207634 -0.464405 0.1408757 0.8743466 -0.377375 0.1144755 0.9189578 -0.2864726 0.08690053 0.9541393 -0.1926307 0.05843388 0.9795299 -0.09681205 0.02936761 0.9948693 -0.0992244 0.01973696 -0.9948693 -0.1974306 0.03927139 -0.9795299 -0.2936109 0.05840285 -0.9541393 -0.3867784 0.07693501 -0.9189578 -0.475977 0.09467772 -0.8743466 -0.5602915 0.1114489 -0.8207634 -0.6388565 0.1270765 -0.7587581 -0.7108661 0.1414001 -0.6889669 -0.7755812 0.1542727 -0.612106 -0.8323378 0.1655623 -0.528964 -0.8805535 0.175153 -0.4403942 -0.9197335 0.1829464 -0.3473053 -0.9494758 0.1888625 -0.2506525 -0.9694752 0.1928406 -0.1514278 -0.9795264 0.1948399 -0.05064917 -0.9795264 0.1948399 0.05064917 -0.9694752 0.1928406 0.1514278 -0.9494758 0.1888625 0.2506525 -0.9197335 0.1829464 0.3473053 -0.8805535 0.175153 0.4403942 -0.8323378 0.1655623 0.528964 -0.7755812 0.1542727 0.612106 -0.7108661 0.1414001 0.6889669 -0.6388565 0.1270765 0.7587581 -0.5602915 0.1114489 0.8207634 -0.475977 0.09467772 0.8743466 -0.3867784 0.07693501 0.9189578 -0.2936109 0.05840285 0.9541393 -0.1974306 0.03927139 0.9795299 -0.0992244 0.01973696 0.9948693 -0.1006812 0.00991623 -0.9948693 -0.2003292 0.01973071 -0.9795299 -0.2979216 0.02934272 -0.9541393 -0.3924569 0.03865363 -0.9189578 -0.4829651 0.04756791 -0.8743466 -0.5685174 0.05599408 -0.8207634 -0.6482359 0.06384567 -0.7587581 -0.7213027 0.07104212 -0.6889669 -0.7869679 0.07750958 -0.612106 -0.8445578 0.08318168 -0.528964 -0.8934814 0.08800023 -0.4403942 -0.9332366 0.09191578 -0.3473053 -0.9634156 0.09488815 -0.2506525 -0.9837086 0.09688684 -0.1514278 -0.9939074 0.09789134 -0.05064917 -0.9939074 0.09789134 0.05064917 -0.9837086 0.09688684 0.1514278 -0.9634156 0.09488815 0.2506525 -0.9332366 0.09191578 0.3473053 -0.8934814 0.08800023 0.4403942 -0.8445578 0.08318168 0.528964 -0.7869679 0.07750958 0.612106 -0.7213027 0.07104212 0.6889669 -0.6482359 0.06384567 0.7587581 -0.5685174 0.05599408 0.8207634 -0.4829651 0.04756791 0.8743466 -0.3924569 0.03865363 0.9189578 -0.2979216 0.02934272 0.9541393 -0.2003292 0.01973071 0.9795299 -0.1006812 0.00991623 0.9948693 -0.1011683 1.238955e-17 -0.9948693 -0.2012985 2.465196e-17 -0.9795299 -0.2993631 3.666141e-17 -0.9541393 -0.3943559 4.829466e-17 -0.9189578 -0.485302 5.943235e-17 -0.8743466 -0.5712682 6.996018e-17 -0.8207634 -0.6513725 7.977012e-17 -0.7587581 -0.7247928 8.876152e-17 -0.6889669 -0.7907757 9.68421e-17 -0.612106 -0.8486443 1.039289e-16 -0.528964 -0.8978045 1.099493e-16 -0.4403942 -0.9377521 1.148415e-16 -0.3473053 -0.9680771 1.185553e-16 -0.2506525 -0.9884683 1.210525e-16 -0.1514278 -0.9987165 1.223075e-16 -0.05064917 -0.9987165 1.223075e-16 0.05064917 -0.9884683 1.210525e-16 0.1514278 -0.9680771 1.185553e-16 0.2506525 -0.9377521 1.148415e-16 0.3473053 -0.8978045 1.099493e-16 0.4403942 -0.8486443 1.039289e-16 0.528964 -0.7907757 9.68421e-17 0.612106 -0.7247928 8.876152e-17 0.6889669 -0.6513725 7.977012e-17 0.7587581 -0.5712682 6.996018e-17 0.8207634 -0.485302 5.943235e-17 0.8743466 -0.3943559 4.829466e-17 0.9189578 -0.2993631 3.666141e-17 0.9541393 -0.2012985 2.465196e-17 0.9795299 -0.1011683 1.238955e-17 0.9948693 -0.1006812 -0.00991623 -0.9948693 -0.2003292 -0.01973071 -0.9795299 -0.2979216 -0.02934272 -0.9541393 -0.3924569 -0.03865363 -0.9189578 -0.4829651 -0.04756791 -0.8743466 -0.5685174 -0.05599408 -0.8207634 -0.6482359 -0.06384567 -0.7587581 -0.7213027 -0.07104212 -0.6889669 -0.7869679 -0.07750958 -0.612106 -0.8445578 -0.08318168 -0.528964 -0.8934814 -0.08800023 -0.4403942 -0.9332366 -0.09191578 -0.3473053 -0.9634156 -0.09488815 -0.2506525 -0.9837086 -0.09688684 -0.1514278 -0.9939074 -0.09789134 -0.05064917 -0.9939074 -0.09789134 0.05064917 -0.9837086 -0.09688684 0.1514278 -0.9634156 -0.09488815 0.2506525 -0.9332366 -0.09191578 0.3473053 -0.8934814 -0.08800023 0.4403942 -0.8445578 -0.08318168 0.528964 -0.7869679 -0.07750958 0.612106 -0.7213027 -0.07104212 0.6889669 -0.6482359 -0.06384567 0.7587581 -0.5685174 -0.05599408 0.8207634 -0.4829651 -0.04756791 0.8743466 -0.3924569 -0.03865363 0.9189578 -0.2979216 -0.02934272 0.9541393 -0.2003292 -0.01973071 0.9795299 -0.1006812 -0.00991623 0.9948693 -0.0992244 -0.01973696 -0.9948693 -0.1974306 -0.03927139 -0.9795299 -0.2936109 -0.05840285 -0.9541393 -0.3867784 -0.07693501 -0.9189578 -0.475977 -0.09467772 -0.8743466 -0.5602915 -0.1114489 -0.8207634 -0.6388565 -0.1270765 -0.7587581 -0.7108661 -0.1414001 -0.6889669 -0.7755812 -0.1542727 -0.612106 -0.8323378 -0.1655623 -0.528964 -0.8805535 -0.175153 -0.4403942 -0.9197335 -0.1829464 -0.3473053 -0.9494758 -0.1888625 -0.2506525 -0.9694752 -0.1928406 -0.1514278 -0.9795264 -0.1948399 -0.05064917 -0.9795264 -0.1948399 0.05064917 -0.9694752 -0.1928406 0.1514278 -0.9494758 -0.1888625 0.2506525 -0.9197335 -0.1829464 0.3473053 -0.8805535 -0.175153 0.4403942 -0.8323378 -0.1655623 0.528964 -0.7755812 -0.1542727 0.612106 -0.7108661 -0.1414001 0.6889669 -0.6388565 -0.1270765 0.7587581 -0.5602915 -0.1114489 0.8207634 -0.475977 -0.09467772 0.8743466 -0.3867784 -0.07693501 0.9189578 -0.2936109 -0.05840285 0.9541393 -0.1974306 -0.03927139 0.9795299 -0.0992244 -0.01973696 0.9948693 -0.09681205 -0.02936761 -0.9948693 -0.1926307 -0.05843388 -0.9795299 -0.2864726 -0.08690053 -0.9541393 -0.377375 -0.1144755 -0.9189578 -0.464405 -0.1408757 -0.8743466 -0.5466696 -0.1658304 -0.8207634 -0.6233246 -0.1890835 -0.7587581 -0.6935835 -0.2103962 -0.6889669 -0.7567252 -0.2295501 -0.612106 -0.8121019 -0.2463484 -0.528964 -0.8591454 -0.2606189 -0.4403942 -0.8973728 -0.2722151 -0.3473053 -0.926392 -0.281018 -0.2506525 -0.9459052 -0.2869372 -0.1514278 -0.9557121 -0.2899121 -0.05064917 -0.9557121 -0.2899121 0.05064917 -0.9459052 -0.2869372 0.1514278 -0.926392 -0.281018 0.2506525 -0.8973728 -0.2722151 0.3473053 -0.8591454 -0.2606189 0.4403942 -0.8121019 -0.2463484 0.528964 -0.7567252 -0.2295501 0.612106 -0.6935835 -0.2103962 0.6889669 -0.6233246 -0.1890835 0.7587581 -0.5466696 -0.1658304 0.8207634 -0.464405 -0.1408757 0.8743466 -0.377375 -0.1144755 0.9189578 -0.2864726 -0.08690053 0.9541393 -0.1926307 -0.05843388 0.9795299 -0.09681205 -0.02936761 0.9948693 -0.09346734 -0.03871544 -0.9948693 -0.1859756 -0.07703361 -0.9795299 -0.2765755 -0.1145613 -0.9541393 -0.3643373 -0.1509135 -0.9189578 -0.4483606 -0.185717 -0.8743466 -0.527783 -0.2186149 -0.8207634 -0.6017897 -0.2492695 -0.7587581 -0.6696212 -0.2773662 -0.6889669 -0.7305815 -0.3026168 -0.612106 -0.7840451 -0.3247621 -0.528964 -0.8294632 -0.3435749 -0.4403942 -0.86637 -0.3588622 -0.3473053 -0.8943866 -0.3704671 -0.2506525 -0.9132257 -0.3782705 -0.1514278 -0.9226937 -0.3821923 -0.05064917 -0.9226937 -0.3821923 0.05064917 -0.9132257 -0.3782705 0.1514278 -0.8943866 -0.3704671 0.2506525 -0.86637 -0.3588622 0.3473053 -0.8294632 -0.3435749 0.4403942 -0.7840451 -0.3247621 0.528964 -0.7305815 -0.3026168 0.612106 -0.6696212 -0.2773662 0.6889669 -0.6017897 -0.2492695 0.7587581 -0.527783 -0.2186149 0.8207634 -0.4483606 -0.185717 0.8743466 -0.3643373 -0.1509135 0.9189578 -0.2765755 -0.1145613 0.9541393 -0.1859756 -0.07703361 0.9795299 -0.09346734 -0.03871544 0.9948693 -0.08922249 -0.04769042 -0.9948693 -0.1775294 -0.09489147 -0.9795299 -0.2640147 -0.1411188 -0.9541393 -0.3477908 -0.1858981 -0.9189578 -0.4279981 -0.2287698 -0.8743466 -0.5038136 -0.269294 -0.8207634 -0.5744592 -0.3070549 -0.7587581 -0.6392102 -0.341665 -0.6889669 -0.6974019 -0.3727691 -0.612106 -0.7484374 -0.4000481 -0.528964 -0.7917929 -0.4232221 -0.4403942 -0.8270235 -0.4420533 -0.3473053 -0.8537678 -0.4563484 -0.2506525 -0.8717512 -0.4659607 -0.1514278 -0.8807893 -0.4707917 -0.05064917 -0.8807893 -0.4707917 0.05064917 -0.8717512 -0.4659607 0.1514278 -0.8537678 -0.4563484 0.2506525 -0.8270235 -0.4420533 0.3473053 -0.7917929 -0.4232221 0.4403942 -0.7484374 -0.4000481 0.528964 -0.6974019 -0.3727691 0.612106 -0.6392102 -0.341665 0.6889669 -0.5744592 -0.3070549 0.7587581 -0.5038136 -0.269294 0.8207634 -0.4279981 -0.2287698 0.8743466 -0.3477908 -0.1858981 0.9189578 -0.2640147 -0.1411188 0.9541393 -0.1775294 -0.09489147 0.9795299 -0.08922249 -0.04769042 0.9948693 -0.08411839 -0.05620611 -0.9948693 -0.1673736 -0.1118355 -0.9795299 -0.2489113 -0.1663172 -0.9541393 -0.3278949 -0.2190924 -0.9189578 -0.4035138 -0.2696193 -0.8743466 -0.4749922 -0.3173796 -0.8207634 -0.5415964 -0.3618832 -0.7587581 -0.6026432 -0.4026733 -0.6889669 -0.657506 -0.4393315 -0.612106 -0.7056219 -0.4714815 -0.528964 -0.7464972 -0.4987935 -0.4403942 -0.7797124 -0.5209872 -0.3473053 -0.8049267 -0.5378348 -0.2506525 -0.8218814 -0.5491636 -0.1514278 -0.8304024 -0.5548572 -0.05064917 -0.8304024 -0.5548572 0.05064917 -0.8218814 -0.5491636 0.1514278 -0.8049267 -0.5378348 0.2506525 -0.7797124 -0.5209872 0.3473053 -0.7464972 -0.4987935 0.4403942 -0.7056219 -0.4714815 0.528964 -0.657506 -0.4393315 0.612106 -0.6026432 -0.4026733 0.6889669 -0.5415964 -0.3618832 0.7587581 -0.4749922 -0.3173796 0.8207634 -0.4035138 -0.2696193 0.8743466 -0.3278949 -0.2190924 0.9189578 -0.2489113 -0.1663172 0.9541393 -0.1673736 -0.1118355 0.9795299 -0.08411839 -0.05620611 0.9948693 -0.07820417 -0.0641805 -0.9948693 -0.1556059 -0.1277024 -0.9795299 -0.2314108 -0.189914 -0.9541393 -0.3048412 -0.2501767 -0.9189578 -0.3751435 -0.3078723 -0.8743466 -0.4415963 -0.3624087 -0.8207634 -0.5035177 -0.4132263 -0.7587581 -0.5602724 -0.4598037 -0.6889669 -0.6112779 -0.5016628 -0.612106 -0.6560109 -0.5383742 -0.528964 -0.6940123 -0.5695612 -0.4403942 -0.7248922 -0.5949037 -0.3473053 -0.7483337 -0.6141416 -0.2506525 -0.7640963 -0.6270777 -0.1514278 -0.7720183 -0.633579 -0.05064917 -0.7720183 -0.633579 0.05064917 -0.7640963 -0.6270777 0.1514278 -0.7483337 -0.6141416 0.2506525 -0.7248922 -0.5949037 0.3473053 -0.6940123 -0.5695612 0.4403942 -0.6560109 -0.5383742 0.528964 -0.6112779 -0.5016628 0.612106 -0.5602724 -0.4598037 0.6889669 -0.5035177 -0.4132263 0.7587581 -0.4415963 -0.3624087 0.8207634 -0.3751435 -0.3078723 0.8743466 -0.3048412 -0.2501767 0.9189578 -0.2314108 -0.189914 0.9541393 -0.1556059 -0.1277024 0.9795299 -0.07820417 -0.0641805 0.9948693 -0.07153681 -0.07153681 -0.9948693 -0.1423395 -0.1423395 -0.9795299 -0.2116817 -0.2116817 -0.9541393 -0.2788517 -0.2788517 -0.9189578 -0.3431603 -0.3431603 -0.8743466 -0.4039476 -0.4039476 -0.8207634 -0.4605899 -0.4605899 -0.7587581 -0.5125059 -0.5125059 -0.6889669 -0.5591629 -0.5591629 -0.612106 -0.6000821 -0.6000821 -0.528964 -0.6348437 -0.6348437 -0.4403942 -0.6630909 -0.6630909 -0.3473053 -0.6845339 -0.6845339 -0.2506525 -0.6989527 -0.6989527 -0.1514278 -0.7061992 -0.7061992 -0.05064917 -0.7061992 -0.7061992 0.05064917 -0.6989527 -0.6989527 0.1514278 -0.6845339 -0.6845339 0.2506525 -0.6630909 -0.6630909 0.3473053 -0.6348437 -0.6348437 0.4403942 -0.6000821 -0.6000821 0.528964 -0.5591629 -0.5591629 0.612106 -0.5125059 -0.5125059 0.6889669 -0.4605899 -0.4605899 0.7587581 -0.4039476 -0.4039476 0.8207634 -0.3431603 -0.3431603 0.8743466 -0.2788517 -0.2788517 0.9189578 -0.2116817 -0.2116817 0.9541393 -0.1423395 -0.1423395 0.9795299 -0.07153681 -0.07153681 0.9948693 -0.0641805 -0.07820417 -0.9948693 -0.1277024 -0.1556059 -0.9795299 -0.189914 -0.2314108 -0.9541393 -0.2501767 -0.3048412 -0.9189578 -0.3078723 -0.3751435 -0.8743466 -0.3624087 -0.4415963 -0.8207634 -0.4132263 -0.5035177 -0.7587581 -0.4598037 -0.5602724 -0.6889669 -0.5016628 -0.6112779 -0.612106 -0.5383742 -0.6560109 -0.528964 -0.5695612 -0.6940123 -0.4403942 -0.5949037 -0.7248922 -0.3473053 -0.6141416 -0.7483337 -0.2506525 -0.6270777 -0.7640963 -0.1514278 -0.633579 -0.7720183 -0.05064917 -0.633579 -0.7720183 0.05064917 -0.6270777 -0.7640963 0.1514278 -0.6141416 -0.7483337 0.2506525 -0.5949037 -0.7248922 0.3473053 -0.5695612 -0.6940123 0.4403942 -0.5383742 -0.6560109 0.528964 -0.5016628 -0.6112779 0.612106 -0.4598037 -0.5602724 0.6889669 -0.4132263 -0.5035177 0.7587581 -0.3624087 -0.4415963 0.8207634 -0.3078723 -0.3751435 0.8743466 -0.2501767 -0.3048412 0.9189578 -0.189914 -0.2314108 0.9541393 -0.1277024 -0.1556059 0.9795299 -0.0641805 -0.07820417 0.9948693 -0.05620611 -0.08411839 -0.9948693 -0.1118355 -0.1673736 -0.9795299 -0.1663172 -0.2489113 -0.9541393 -0.2190924 -0.3278949 -0.9189578 -0.2696193 -0.4035138 -0.8743466 -0.3173796 -0.4749922 -0.8207634 -0.3618832 -0.5415964 -0.7587581 -0.4026733 -0.6026432 -0.6889669 -0.4393315 -0.657506 -0.612106 -0.4714815 -0.7056219 -0.528964 -0.4987935 -0.7464972 -0.4403942 -0.5209872 -0.7797124 -0.3473053 -0.5378348 -0.8049267 -0.2506525 -0.5491636 -0.8218814 -0.1514278 -0.5548572 -0.8304024 -0.05064917 -0.5548572 -0.8304024 0.05064917 -0.5491636 -0.8218814 0.1514278 -0.5378348 -0.8049267 0.2506525 -0.5209872 -0.7797124 0.3473053 -0.4987935 -0.7464972 0.4403942 -0.4714815 -0.7056219 0.528964 -0.4393315 -0.657506 0.612106 -0.4026733 -0.6026432 0.6889669 -0.3618832 -0.5415964 0.7587581 -0.3173796 -0.4749922 0.8207634 -0.2696193 -0.4035138 0.8743466 -0.2190924 -0.3278949 0.9189578 -0.1663172 -0.2489113 0.9541393 -0.1118355 -0.1673736 0.9795299 -0.05620611 -0.08411839 0.9948693 -0.04769042 -0.08922249 -0.9948693 -0.09489147 -0.1775294 -0.9795299 -0.1411188 -0.2640147 -0.9541393 -0.1858981 -0.3477908 -0.9189578 -0.2287698 -0.4279981 -0.8743466 -0.269294 -0.5038136 -0.8207634 -0.3070549 -0.5744592 -0.7587581 -0.341665 -0.6392102 -0.6889669 -0.3727691 -0.6974019 -0.612106 -0.4000481 -0.7484374 -0.528964 -0.4232221 -0.7917929 -0.4403942 -0.4420533 -0.8270235 -0.3473053 -0.4563484 -0.8537678 -0.2506525 -0.4659607 -0.8717512 -0.1514278 -0.4707917 -0.8807893 -0.05064917 -0.4707917 -0.8807893 0.05064917 -0.4659607 -0.8717512 0.1514278 -0.4563484 -0.8537678 0.2506525 -0.4420533 -0.8270235 0.3473053 -0.4232221 -0.7917929 0.4403942 -0.4000481 -0.7484374 0.528964 -0.3727691 -0.6974019 0.612106 -0.341665 -0.6392102 0.6889669 -0.3070549 -0.5744592 0.7587581 -0.269294 -0.5038136 0.8207634 -0.2287698 -0.4279981 0.8743466 -0.1858981 -0.3477908 0.9189578 -0.1411188 -0.2640147 0.9541393 -0.09489147 -0.1775294 0.9795299 -0.04769042 -0.08922249 0.9948693 -0.03871544 -0.09346734 -0.9948693 -0.07703361 -0.1859756 -0.9795299 -0.1145613 -0.2765755 -0.9541393 -0.1509135 -0.3643373 -0.9189578 -0.185717 -0.4483606 -0.8743466 -0.2186149 -0.527783 -0.8207634 -0.2492695 -0.6017897 -0.7587581 -0.2773662 -0.6696212 -0.6889669 -0.3026168 -0.7305815 -0.612106 -0.3247621 -0.7840451 -0.528964 -0.3435749 -0.8294632 -0.4403942 -0.3588622 -0.86637 -0.3473053 -0.3704671 -0.8943866 -0.2506525 -0.3782705 -0.9132257 -0.1514278 -0.3821923 -0.9226937 -0.05064917 -0.3821923 -0.9226937 0.05064917 -0.3782705 -0.9132257 0.1514278 -0.3704671 -0.8943866 0.2506525 -0.3588622 -0.86637 0.3473053 -0.3435749 -0.8294632 0.4403942 -0.3247621 -0.7840451 0.528964 -0.3026168 -0.7305815 0.612106 -0.2773662 -0.6696212 0.6889669 -0.2492695 -0.6017897 0.7587581 -0.2186149 -0.527783 0.8207634 -0.185717 -0.4483606 0.8743466 -0.1509135 -0.3643373 0.9189578 -0.1145613 -0.2765755 0.9541393 -0.07703361 -0.1859756 0.9795299 -0.03871544 -0.09346734 0.9948693 -0.02936761 -0.09681205 -0.9948693 -0.05843388 -0.1926307 -0.9795299 -0.08690053 -0.2864726 -0.9541393 -0.1144755 -0.377375 -0.9189578 -0.1408757 -0.464405 -0.8743466 -0.1658304 -0.5466696 -0.8207634 -0.1890835 -0.6233246 -0.7587581 -0.2103962 -0.6935835 -0.6889669 -0.2295501 -0.7567252 -0.612106 -0.2463484 -0.8121019 -0.528964 -0.2606189 -0.8591454 -0.4403942 -0.2722151 -0.8973728 -0.3473053 -0.281018 -0.926392 -0.2506525 -0.2869372 -0.9459052 -0.1514278 -0.2899121 -0.9557121 -0.05064917 -0.2899121 -0.9557121 0.05064917 -0.2869372 -0.9459052 0.1514278 -0.281018 -0.926392 0.2506525 -0.2722151 -0.8973728 0.3473053 -0.2606189 -0.8591454 0.4403942 -0.2463484 -0.8121019 0.528964 -0.2295501 -0.7567252 0.612106 -0.2103962 -0.6935835 0.6889669 -0.1890835 -0.6233246 0.7587581 -0.1658304 -0.5466696 0.8207634 -0.1408757 -0.464405 0.8743466 -0.1144755 -0.377375 0.9189578 -0.08690053 -0.2864726 0.9541393 -0.05843388 -0.1926307 0.9795299 -0.02936761 -0.09681205 0.9948693 -0.01973696 -0.0992244 -0.9948693 -0.03927139 -0.1974306 -0.9795299 -0.05840285 -0.2936109 -0.9541393 -0.07693501 -0.3867784 -0.9189578 -0.09467772 -0.475977 -0.8743466 -0.1114489 -0.5602915 -0.8207634 -0.1270765 -0.6388565 -0.7587581 -0.1414001 -0.7108661 -0.6889669 -0.1542727 -0.7755812 -0.612106 -0.1655623 -0.8323378 -0.528964 -0.175153 -0.8805535 -0.4403942 -0.1829464 -0.9197335 -0.3473053 -0.1888625 -0.9494758 -0.2506525 -0.1928406 -0.9694752 -0.1514278 -0.1948399 -0.9795264 -0.05064917 -0.1948399 -0.9795264 0.05064917 -0.1928406 -0.9694752 0.1514278 -0.1888625 -0.9494758 0.2506525 -0.1829464 -0.9197335 0.3473053 -0.175153 -0.8805535 0.4403942 -0.1655623 -0.8323378 0.528964 -0.1542727 -0.7755812 0.612106 -0.1414001 -0.7108661 0.6889669 -0.1270765 -0.6388565 0.7587581 -0.1114489 -0.5602915 0.8207634 -0.09467772 -0.475977 0.8743466 -0.07693501 -0.3867784 0.9189578 -0.05840285 -0.2936109 0.9541393 -0.03927139 -0.1974306 0.9795299 -0.01973696 -0.0992244 0.9948693 -0.00991623 -0.1006812 -0.9948693 -0.01973071 -0.2003292 -0.9795299 -0.02934272 -0.2979216 -0.9541393 -0.03865363 -0.3924569 -0.9189578 -0.04756791 -0.4829651 -0.8743466 -0.05599408 -0.5685174 -0.8207634 -0.06384567 -0.6482359 -0.7587581 -0.07104212 -0.7213027 -0.6889669 -0.07750958 -0.7869679 -0.612106 -0.08318168 -0.8445578 -0.528964 -0.08800023 -0.8934814 -0.4403942 -0.09191578 -0.9332366 -0.3473053 -0.09488815 -0.9634156 -0.2506525 -0.09688684 -0.9837086 -0.1514278 -0.09789134 -0.9939074 -0.05064917 -0.09789134 -0.9939074 0.05064917 -0.09688684 -0.9837086 0.1514278 -0.09488815 -0.9634156 0.2506525 -0.09191578 -0.9332366 0.3473053 -0.08800023 -0.8934814 0.4403942 -0.08318168 -0.8445578 0.528964 -0.07750958 -0.7869679 0.612106 -0.07104212 -0.7213027 0.6889669 -0.06384567 -0.6482359 0.7587581 -0.05599408 -0.5685174 0.8207634 -0.04756791 -0.4829651 0.8743466 -0.03865363 -0.3924569 0.9189578 -0.02934272 -0.2979216 0.9541393 -0.01973071 -0.2003292 0.9795299 -0.00991623 -0.1006812 0.9948693 -1.858432e-17 -0.1011683 -0.9948693 -3.697794e-17 -0.2012985 -0.9795299 -5.499211e-17 -0.2993631 -0.9541393 -7.2442e-17 -0.3943559 -0.9189578 -8.914852e-17 -0.485302 -0.8743466 -1.049403e-16 -0.5712682 -0.8207634 -1.196552e-16 -0.6513725 -0.7587581 -1.331423e-16 -0.7247928 -0.6889669 -1.452631e-16 -0.7907757 -0.612106 -1.558934e-16 -0.8486443 -0.528964 -1.64924e-16 -0.8978045 -0.4403942 -1.722623e-16 -0.9377521 -0.3473053 -1.778329e-16 -0.9680771 -0.2506525 -1.815787e-16 -0.9884683 -0.1514278 -1.834612e-16 -0.9987165 -0.05064917 -1.834612e-16 -0.9987165 0.05064917 -1.815787e-16 -0.9884683 0.1514278 -1.778329e-16 -0.9680771 0.2506525 -1.722623e-16 -0.9377521 0.3473053 -1.64924e-16 -0.8978045 0.4403942 -1.558934e-16 -0.8486443 0.528964 -1.452631e-16 -0.7907757 0.612106 -1.331423e-16 -0.7247928 0.6889669 -1.196552e-16 -0.6513725 0.7587581 -1.049403e-16 -0.5712682 0.8207634 -8.914852e-17 -0.485302 0.8743466 -7.2442e-17 -0.3943559 0.9189578 -5.499211e-17 -0.2993631 0.9541393 -3.697794e-17 -0.2012985 0.9795299 -1.858432e-17 -0.1011683 0.9948693 0.00991623 -0.1006812 -0.9948693 0.01973071 -0.2003292 -0.9795299 0.02934272 -0.2979216 -0.9541393 0.03865363 -0.3924569 -0.9189578 0.04756791 -0.4829651 -0.8743466 0.05599408 -0.5685174 -0.8207634 0.06384567 -0.6482359 -0.7587581 0.07104212 -0.7213027 -0.6889669 0.07750958 -0.7869679 -0.612106 0.08318168 -0.8445578 -0.528964 0.08800023 -0.8934814 -0.4403942 0.09191578 -0.9332366 -0.3473053 0.09488815 -0.9634156 -0.2506525 0.09688684 -0.9837086 -0.1514278 0.09789134 -0.9939074 -0.05064917 0.09789134 -0.9939074 0.05064917 0.09688684 -0.9837086 0.1514278 0.09488815 -0.9634156 0.2506525 0.09191578 -0.9332366 0.3473053 0.08800023 -0.8934814 0.4403942 0.08318168 -0.8445578 0.528964 0.07750958 -0.7869679 0.612106 0.07104212 -0.7213027 0.6889669 0.06384567 -0.6482359 0.7587581 0.05599408 -0.5685174 0.8207634 0.04756791 -0.4829651 0.8743466 0.03865363 -0.3924569 0.9189578 0.02934272 -0.2979216 0.9541393 0.01973071 -0.2003292 0.9795299 0.00991623 -0.1006812 0.9948693 0.01973696 -0.0992244 -0.9948693 0.03927139 -0.1974306 -0.9795299 0.05840285 -0.2936109 -0.9541393 0.07693501 -0.3867784 -0.9189578 0.09467772 -0.475977 -0.8743466 0.1114489 -0.5602915 -0.8207634 0.1270765 -0.6388565 -0.7587581 0.1414001 -0.7108661 -0.6889669 0.1542727 -0.7755812 -0.612106 0.1655623 -0.8323378 -0.528964 0.175153 -0.8805535 -0.4403942 0.1829464 -0.9197335 -0.3473053 0.1888625 -0.9494758 -0.2506525 0.1928406 -0.9694752 -0.1514278 0.1948399 -0.9795264 -0.05064917 0.1948399 -0.9795264 0.05064917 0.1928406 -0.9694752 0.1514278 0.1888625 -0.9494758 0.2506525 0.1829464 -0.9197335 0.3473053 0.175153 -0.8805535 0.4403942 0.1655623 -0.8323378 0.528964 0.1542727 -0.7755812 0.612106 0.1414001 -0.7108661 0.6889669 0.1270765 -0.6388565 0.7587581 0.1114489 -0.5602915 0.8207634 0.09467772 -0.475977 0.8743466 0.07693501 -0.3867784 0.9189578 0.05840285 -0.2936109 0.9541393 0.03927139 -0.1974306 0.9795299 0.01973696 -0.0992244 0.9948693 0.02936761 -0.09681205 -0.9948693 0.05843388 -0.1926307 -0.9795299 0.08690053 -0.2864726 -0.9541393 0.1144755 -0.377375 -0.9189578 0.1408757 -0.464405 -0.8743466 0.1658304 -0.5466696 -0.8207634 0.1890835 -0.6233246 -0.7587581 0.2103962 -0.6935835 -0.6889669 0.2295501 -0.7567252 -0.612106 0.2463484 -0.8121019 -0.528964 0.2606189 -0.8591454 -0.4403942 0.2722151 -0.8973728 -0.3473053 0.281018 -0.926392 -0.2506525 0.2869372 -0.9459052 -0.1514278 0.2899121 -0.9557121 -0.05064917 0.2899121 -0.9557121 0.05064917 0.2869372 -0.9459052 0.1514278 0.281018 -0.926392 0.2506525 0.2722151 -0.8973728 0.3473053 0.2606189 -0.8591454 0.4403942 0.2463484 -0.8121019 0.528964 0.2295501 -0.7567252 0.612106 0.2103962 -0.6935835 0.6889669 0.1890835 -0.6233246 0.7587581 0.1658304 -0.5466696 0.8207634 0.1408757 -0.464405 0.8743466 0.1144755 -0.377375 0.9189578 0.08690053 -0.2864726 0.9541393 0.05843388 -0.1926307 0.9795299 0.02936761 -0.09681205 0.9948693 0.03871544 -0.09346734 -0.9948693 0.07703361 -0.1859756 -0.9795299 0.1145613 -0.2765755 -0.9541393 0.1509135 -0.3643373 -0.9189578 0.185717 -0.4483606 -0.8743466 0.2186149 -0.527783 -0.8207634 0.2492695 -0.6017897 -0.7587581 0.2773662 -0.6696212 -0.6889669 0.3026168 -0.7305815 -0.612106 0.3247621 -0.7840451 -0.528964 0.3435749 -0.8294632 -0.4403942 0.3588622 -0.86637 -0.3473053 0.3704671 -0.8943866 -0.2506525 0.3782705 -0.9132257 -0.1514278 0.3821923 -0.9226937 -0.05064917 0.3821923 -0.9226937 0.05064917 0.3782705 -0.9132257 0.1514278 0.3704671 -0.8943866 0.2506525 0.3588622 -0.86637 0.3473053 0.3435749 -0.8294632 0.4403942 0.3247621 -0.7840451 0.528964 0.3026168 -0.7305815 0.612106 0.2773662 -0.6696212 0.6889669 0.2492695 -0.6017897 0.7587581 0.2186149 -0.527783 0.8207634 0.185717 -0.4483606 0.8743466 0.1509135 -0.3643373 0.9189578 0.1145613 -0.2765755 0.9541393 0.07703361 -0.1859756 0.9795299 0.03871544 -0.09346734 0.9948693 0.04769042 -0.08922249 -0.9948693 0.09489147 -0.1775294 -0.9795299 0.1411188 -0.2640147 -0.9541393 0.1858981 -0.3477908 -0.9189578 0.2287698 -0.4279981 -0.8743466 0.269294 -0.5038136 -0.8207634 0.3070549 -0.5744592 -0.7587581 0.341665 -0.6392102 -0.6889669 0.3727691 -0.6974019 -0.612106 0.4000481 -0.7484374 -0.528964 0.4232221 -0.7917929 -0.4403942 0.4420533 -0.8270235 -0.3473053 0.4563484 -0.8537678 -0.2506525 0.4659607 -0.8717512 -0.1514278 0.4707917 -0.8807893 -0.05064917 0.4707917 -0.8807893 0.05064917 0.4659607 -0.8717512 0.1514278 0.4563484 -0.8537678 0.2506525 0.4420533 -0.8270235 0.3473053 0.4232221 -0.7917929 0.4403942 0.4000481 -0.7484374 0.528964 0.3727691 -0.6974019 0.612106 0.341665 -0.6392102 0.6889669 0.3070549 -0.5744592 0.7587581 0.269294 -0.5038136 0.8207634 0.2287698 -0.4279981 0.8743466 0.1858981 -0.3477908 0.9189578 0.1411188 -0.2640147 0.9541393 0.09489147 -0.1775294 0.9795299 0.04769042 -0.08922249 0.9948693 0.05620611 -0.08411839 -0.9948693 0.1118355 -0.1673736 -0.9795299 0.1663172 -0.2489113 -0.9541393 0.2190924 -0.3278949 -0.9189578 0.2696193 -0.4035138 -0.8743466 0.3173796 -0.4749922 -0.8207634 0.3618832 -0.5415964 -0.7587581 0.4026733 -0.6026432 -0.6889669 0.4393315 -0.657506 -0.612106 0.4714815 -0.7056219 -0.528964 0.4987935 -0.7464972 -0.4403942 0.5209872 -0.7797124 -0.3473053 0.5378348 -0.8049267 -0.2506525 0.5491636 -0.8218814 -0.1514278 0.5548572 -0.8304024 -0.05064917 0.5548572 -0.8304024 0.05064917 0.5491636 -0.8218814 0.1514278 0.5378348 -0.8049267 0.2506525 0.5209872 -0.7797124 0.3473053 0.4987935 -0.7464972 0.4403942 0.4714815 -0.7056219 0.528964 0.4393315 -0.657506 0.612106 0.4026733 -0.6026432 0.6889669 0.3618832 -0.5415964 0.7587581 0.3173796 -0.4749922 0.8207634 0.2696193 -0.4035138 0.8743466 0.2190924 -0.3278949 0.9189578 0.1663172 -0.2489113 0.9541393 0.1118355 -0.1673736 0.9795299 0.05620611 -0.08411839 0.9948693 0.0641805 -0.07820417 -0.9948693 0.1277024 -0.1556059 -0.9795299 0.189914 -0.2314108 -0.9541393 0.2501767 -0.3048412 -0.9189578 0.3078723 -0.3751435 -0.8743466 0.3624087 -0.4415963 -0.8207634 0.4132263 -0.5035177 -0.7587581 0.4598037 -0.5602724 -0.6889669 0.5016628 -0.6112779 -0.612106 0.5383742 -0.6560109 -0.528964 0.5695612 -0.6940123 -0.4403942 0.5949037 -0.7248922 -0.3473053 0.6141416 -0.7483337 -0.2506525 0.6270777 -0.7640963 -0.1514278 0.633579 -0.7720183 -0.05064917 0.633579 -0.7720183 0.05064917 0.6270777 -0.7640963 0.1514278 0.6141416 -0.7483337 0.2506525 0.5949037 -0.7248922 0.3473053 0.5695612 -0.6940123 0.4403942 0.5383742 -0.6560109 0.528964 0.5016628 -0.6112779 0.612106 0.4598037 -0.5602724 0.6889669 0.4132263 -0.5035177 0.7587581 0.3624087 -0.4415963 0.8207634 0.3078723 -0.3751435 0.8743466 0.2501767 -0.3048412 0.9189578 0.189914 -0.2314108 0.9541393 0.1277024 -0.1556059 0.9795299 0.0641805 -0.07820417 0.9948693 0.07153681 -0.07153681 -0.9948693 0.1423395 -0.1423395 -0.9795299 0.2116817 -0.2116817 -0.9541393 0.2788517 -0.2788517 -0.9189578 0.3431603 -0.3431603 -0.8743466 0.4039476 -0.4039476 -0.8207634 0.4605899 -0.4605899 -0.7587581 0.5125059 -0.5125059 -0.6889669 0.5591629 -0.5591629 -0.612106 0.6000821 -0.6000821 -0.528964 0.6348437 -0.6348437 -0.4403942 0.6630909 -0.6630909 -0.3473053 0.6845339 -0.6845339 -0.2506525 0.6989527 -0.6989527 -0.1514278 0.7061992 -0.7061992 -0.05064917 0.7061992 -0.7061992 0.05064917 0.6989527 -0.6989527 0.1514278 0.6845339 -0.6845339 0.2506525 0.6630909 -0.6630909 0.3473053 0.6348437 -0.6348437 0.4403942 0.6000821 -0.6000821 0.528964 0.5591629 -0.5591629 0.612106 0.5125059 -0.5125059 0.6889669 0.4605899 -0.4605899 0.7587581 0.4039476 -0.4039476 0.8207634 0.3431603 -0.3431603 0.8743466 0.2788517 -0.2788517 0.9189578 0.2116817 -0.2116817 0.9541393 0.1423395 -0.1423395 0.9795299 0.07153681 -0.07153681 0.9948693 0.07820417 -0.0641805 -0.9948693 0.1556059 -0.1277024 -0.9795299 0.2314108 -0.189914 -0.9541393 0.3048412 -0.2501767 -0.9189578 0.3751435 -0.3078723 -0.8743466 0.4415963 -0.3624087 -0.8207634 0.5035177 -0.4132263 -0.7587581 0.5602724 -0.4598037 -0.6889669 0.6112779 -0.5016628 -0.612106 0.6560109 -0.5383742 -0.528964 0.6940123 -0.5695612 -0.4403942 0.7248922 -0.5949037 -0.3473053 0.7483337 -0.6141416 -0.2506525 0.7640963 -0.6270777 -0.1514278 0.7720183 -0.633579 -0.05064917 0.7720183 -0.633579 0.05064917 0.7640963 -0.6270777 0.1514278 0.7483337 -0.6141416 0.2506525 0.7248922 -0.5949037 0.3473053 0.6940123 -0.5695612 0.4403942 0.6560109 -0.5383742 0.528964 0.6112779 -0.5016628 0.612106 0.5602724 -0.4598037 0.6889669 0.5035177 -0.4132263 0.7587581 0.4415963 -0.3624087 0.8207634 0.3751435 -0.3078723 0.8743466 0.3048412 -0.2501767 0.9189578 0.2314108 -0.189914 0.9541393 0.1556059 -0.1277024 0.9795299 0.07820417 -0.0641805 0.9948693 0.08411839 -0.05620611 -0.9948693 0.1673736 -0.1118355 -0.9795299 0.2489113 -0.1663172 -0.9541393 0.3278949 -0.2190924 -0.9189578 0.4035138 -0.2696193 -0.8743466 0.4749922 -0.3173796 -0.8207634 0.5415964 -0.3618832 -0.7587581 0.6026432 -0.4026733 -0.6889669 0.657506 -0.4393315 -0.612106 0.7056219 -0.4714815 -0.528964 0.7464972 -0.4987935 -0.4403942 0.7797124 -0.5209872 -0.3473053 0.8049267 -0.5378348 -0.2506525 0.8218814 -0.5491636 -0.1514278 0.8304024 -0.5548572 -0.05064917 0.8304024 -0.5548572 0.05064917 0.8218814 -0.5491636 0.1514278 0.8049267 -0.5378348 0.2506525 0.7797124 -0.5209872 0.3473053 0.7464972 -0.4987935 0.4403942 0.7056219 -0.4714815 0.528964 0.657506 -0.4393315 0.612106 0.6026432 -0.4026733 0.6889669 0.5415964 -0.3618832 0.7587581 0.4749922 -0.3173796 0.8207634 0.4035138 -0.2696193 0.8743466 0.3278949 -0.2190924 0.9189578 0.2489113 -0.1663172 0.9541393 0.1673736 -0.1118355 0.9795299 0.08411839 -0.05620611 0.9948693 0.08922249 -0.04769042 -0.9948693 0.1775294 -0.09489147 -0.9795299 0.2640147 -0.1411188 -0.9541393 0.3477908 -0.1858981 -0.9189578 0.4279981 -0.2287698 -0.8743466 0.5038136 -0.269294 -0.8207634 0.5744592 -0.3070549 -0.7587581 0.6392102 -0.341665 -0.6889669 0.6974019 -0.3727691 -0.612106 0.7484374 -0.4000481 -0.528964 0.7917929 -0.4232221 -0.4403942 0.8270235 -0.4420533 -0.3473053 0.8537678 -0.4563484 -0.2506525 0.8717512 -0.4659607 -0.1514278 0.8807893 -0.4707917 -0.05064917 0.8807893 -0.4707917 0.05064917 0.8717512 -0.4659607 0.1514278 0.8537678 -0.4563484 0.2506525 0.8270235 -0.4420533 0.3473053 0.7917929 -0.4232221 0.4403942 0.7484374 -0.4000481 0.528964 0.6974019 -0.3727691 0.612106 0.6392102 -0.341665 0.6889669 0.5744592 -0.3070549 0.7587581 0.5038136 -0.269294 0.8207634 0.4279981 -0.2287698 0.8743466 0.3477908 -0.1858981 0.9189578 0.2640147 -0.1411188 0.9541393 0.1775294 -0.09489147 0.9795299 0.08922249 -0.04769042 0.9948693 0.09346734 -0.03871544 -0.9948693 0.1859756 -0.07703361 -0.9795299 0.2765755 -0.1145613 -0.9541393 0.3643373 -0.1509135 -0.9189578 0.4483606 -0.185717 -0.8743466 0.527783 -0.2186149 -0.8207634 0.6017897 -0.2492695 -0.7587581 0.6696212 -0.2773662 -0.6889669 0.7305815 -0.3026168 -0.612106 0.7840451 -0.3247621 -0.528964 0.8294632 -0.3435749 -0.4403942 0.86637 -0.3588622 -0.3473053 0.8943866 -0.3704671 -0.2506525 0.9132257 -0.3782705 -0.1514278 0.9226937 -0.3821923 -0.05064917 0.9226937 -0.3821923 0.05064917 0.9132257 -0.3782705 0.1514278 0.8943866 -0.3704671 0.2506525 0.86637 -0.3588622 0.3473053 0.8294632 -0.3435749 0.4403942 0.7840451 -0.3247621 0.528964 0.7305815 -0.3026168 0.612106 0.6696212 -0.2773662 0.6889669 0.6017897 -0.2492695 0.7587581 0.527783 -0.2186149 0.8207634 0.4483606 -0.185717 0.8743466 0.3643373 -0.1509135 0.9189578 0.2765755 -0.1145613 0.9541393 0.1859756 -0.07703361 0.9795299 0.09346734 -0.03871544 0.9948693 0.09681205 -0.02936761 -0.9948693 0.1926307 -0.05843388 -0.9795299 0.2864726 -0.08690053 -0.9541393 0.377375 -0.1144755 -0.9189578 0.464405 -0.1408757 -0.8743466 0.5466696 -0.1658304 -0.8207634 0.6233246 -0.1890835 -0.7587581 0.6935835 -0.2103962 -0.6889669 0.7567252 -0.2295501 -0.612106 0.8121019 -0.2463484 -0.528964 0.8591454 -0.2606189 -0.4403942 0.8973728 -0.2722151 -0.3473053 0.926392 -0.281018 -0.2506525 0.9459052 -0.2869372 -0.1514278 0.9557121 -0.2899121 -0.05064917 0.9557121 -0.2899121 0.05064917 0.9459052 -0.2869372 0.1514278 0.926392 -0.281018 0.2506525 0.8973728 -0.2722151 0.3473053 0.8591454 -0.2606189 0.4403942 0.8121019 -0.2463484 0.528964 0.7567252 -0.2295501 0.612106 0.6935835 -0.2103962 0.6889669 0.6233246 -0.1890835 0.7587581 0.5466696 -0.1658304 0.8207634 0.464405 -0.1408757 0.8743466 0.377375 -0.1144755 0.9189578 0.2864726 -0.08690053 0.9541393 0.1926307 -0.05843388 0.9795299 0.09681205 -0.02936761 0.9948693 0.0992244 -0.01973696 -0.9948693 0.1974306 -0.03927139 -0.9795299 0.2936109 -0.05840285 -0.9541393 0.3867784 -0.07693501 -0.9189578 0.475977 -0.09467772 -0.8743466 0.5602915 -0.1114489 -0.8207634 0.6388565 -0.1270765 -0.7587581 0.7108661 -0.1414001 -0.6889669 0.7755812 -0.1542727 -0.612106 0.8323378 -0.1655623 -0.528964 0.8805535 -0.175153 -0.4403942 0.9197335 -0.1829464 -0.3473053 0.9494758 -0.1888625 -0.2506525 0.9694752 -0.1928406 -0.1514278 0.9795264 -0.1948399 -0.05064917 0.9795264 -0.1948399 0.05064917 0.9694752 -0.1928406 0.1514278 0.9494758 -0.1888625 0.2506525 0.9197335 -0.1829464 0.3473053 0.8805535 -0.175153 0.4403942 0.8323378 -0.1655623 0.528964 0.7755812 -0.1542727 0.612106 0.7108661 -0.1414001 0.6889669 0.6388565 -0.1270765 0.7587581 0.5602915 -0.1114489 0.8207634 0.475977 -0.09467772 0.8743466 0.3867784 -0.07693501 0.9189578 0.2936109 -0.05840285 0.9541393 0.1974306 -0.03927139 0.9795299 0.0992244 -0.01973696 0.9948693 0.1006812 -0.00991623 -0.9948693 0.2003292 -0.01973071 -0.9795299 0.2979216 -0.02934272 -0.9541393 0.3924569 -0.03865363 -0.9189578 0.4829651 -0.04756791 -0.8743466 0.5685174 -0.05599408 -0.8207634 0.6482359 -0.06384567 -0.7587581 0.7213027 -0.07104212 -0.6889669 0.7869679 -0.07750958 -0.612106 0.8445578 -0.08318168 -0.528964 0.8934814 -0.08800023 -0.4403942 0.9332366 -0.09191578 -0.3473053 0.9634156 -0.09488815 -0.2506525 0.9837086 -0.09688684 -0.1514278 0.9939074 -0.09789134 -0.05064917 0.9939074 -0.09789134 0.05064917 0.9837086 -0.09688684 0.1514278 0.9634156 -0.09488815 0.2506525 0.9332366 -0.09191578 0.3473053 0.8934814 -0.08800023 0.4403942 0.8445578 -0.08318168 0.528964 0.7869679 -0.07750958 0.612106 0.7213027 -0.07104212 0.6889669 0.6482359 -0.06384567 0.7587581 0.5685174 -0.05599408 0.8207634 0.4829651 -0.04756791 0.8743466 0.3924569 -0.03865363 0.9189578 0.2979216 -0.02934272 0.9541393 0.2003292 -0.01973071 0.9795299 0.1006812 -0.00991623 0.9948693</float_array>
          <technique_common>
            <accessor count="1922" source="#verts-array-array" stride="3">
              <param type="float" name="X"/>
              <param type="float" name="Y"/>
              <param type="float" name="Z"/>
            </accessor>
          </technique_common>
        </source>
        <source id="normals-array">
          <float_array count="5766" id="normals-array-array">-3.958255e-17 3.812069e-17 -1 0.1027344 3.456162e-20 -0.9947088 0.2028162 1.106188e-18 -0.9792168 0.3008027 -6.209813e-17 -0.9536864 0.3956908 -1.853689e-17 -0.9183838 0.48651 -1.881808e-17 -0.873675 0.5723324 -2.5466e-17 -0.8200217 0.6522817 2.104227e-17 -0.7579766 0.7255422 6.701893e-17 -0.6881776 0.7913672 -1.883599e-17 -0.6113412 0.8490858 1.828574e-17 -0.5282549 0.8981106 6.539718e-17 -0.4397697 0.9379424 -2.660626e-17 -0.346791 0.9681762 -1.108724e-17 -0.2502695 0.9885045 -1.130989e-16 -0.1511915 0.9987206 -8.759974e-17 -0.05056932 0.9987206 4.43543e-17 0.05056932 0.9885045 5.987587e-17 0.1511915 0.9681762 -2.32832e-17 0.2502695 0.9379424 -1.219453e-17 0.346791 0.8981106 -9.975841e-17 0.4397697 0.8490858 -2.271865e-17 0.5282549 0.7913672 5.539997e-19 0.6113412 0.7255422 -1.052363e-16 0.6881776 0.6522817 -3.017905e-17 0.7579766 0.5723324 -3.543095e-17 0.8200217 0.48651 -5.534729e-18 0.873675 0.3956908 -6.640079e-18 0.9183838 0.3008027 1.811772e-17 0.9536864 0.2028162 3.679803e-17 0.9792168 0.1027344 -5.668106e-18 0.9947088 6.477144e-17 -1.154779e-18 1 0.1022397 0.01006973 -0.9947088 0.2018396 0.01987946 -0.9792168 0.2993542 0.02948382 -0.9536864 0.3937854 0.03878448 -0.9183838 0.4841674 0.04768632 -0.873675 0.5695765 0.05609839 -0.8200217 0.6491408 0.06393479 -0.7579766 0.7220486 0.07111558 -0.6881776 0.7875565 0.07756755 -0.6113412 0.8449973 0.08322497 -0.5282549 0.8937859 0.08803023 -0.4397697 0.933426 0.09193443 -0.346791 0.9635142 0.09489786 -0.2502695 0.9837446 0.09689038 -0.1511915 0.9939114 0.09789173 -0.05056932 0.9939114 0.09789173 0.05056932 0.9837446 0.09689038 0.1511915 0.9635142 0.09489786 0.2502695 0.933426 0.09193443 0.346791 0.8937859 0.08803023 0.4397697 0.8449973 0.08322497 0.5282549 0.7875565 0.07756755 0.6113412 0.7220486 0.07111558 0.6881776 0.6491408 0.06393479 0.7579766 0.5695765 0.05609839 0.8200217 0.4841674 0.04768632 0.873675 0.3937854 0.03878448 0.9183838 0.2993542 0.02948382 0.9536864 0.2018396 0.01987946 0.9792168 0.1022397 0.01006973 0.9947088 0.1007604 0.02004249 -0.9947088 0.1989191 0.03956748 -0.9792168 0.2950228 0.05868369 -0.9536864 0.3880877 0.07719544 -0.9183838 0.4771619 0.0949134 -0.873675 0.5613352 0.1116565 -0.8200217 0.6397483 0.1272538 -0.7579766 0.7116012 0.1415463 -0.6881776 0.7761613 0.1543881 -0.6113412 0.8327709 0.1656484 -0.5282549 0.8808536 0.1752127 -0.4397697 0.9199201 0.1829835 -0.346791 0.949573 0.1888818 -0.2502695 0.9695107 0.1928477 -0.1511915 0.9795304 0.1948407 -0.05056932 0.9795304 0.1948407 0.05056932 0.9695107 0.1928477 0.1511915 0.949573 0.1888818 0.2502695 0.9199201 0.1829835 0.346791 0.8808536 0.1752127 0.4397697 0.8327709 0.1656484 0.5282549 0.7761613 0.1543881 0.6113412 0.7116012 0.1415463 0.6881776 0.6397483 0.1272538 0.7579766 0.5613352 0.1116565 0.8200217 0.4771619 0.0949134 0.873675 0.3880877 0.07719544 0.9183838 0.2950228 0.05868369 0.9536864 0.1989191 0.03956748 0.9792168 0.1007604 0.02004249 0.9947088 0.0983107 0.02982222 -0.9947088 0.194083 0.05887443 -0.9792168 0.2878502 0.0873184 -0.9536864 0.3786525 0.114863 -0.9183838 0.4655611 0.1412264 -0.873675 0.547688 0.1661393 -0.8200217 0.6241947 0.1893474 -0.7579766 0.6943006 0.2106138 -0.6881776 0.7572912 0.2297218 -0.6113412 0.8125245 0.2464766 -0.5282549 0.8594382 0.2607077 -0.4397697 0.8975549 0.2722703 -0.346791 0.9264869 0.2810467 -0.2502695 0.9459398 0.2869477 -0.1511915 0.955716 0.2899133 -0.05056932 0.955716 0.2899133 0.05056932 0.9459398 0.2869477 0.1511915 0.9264869 0.2810467 0.2502695 0.8975549 0.2722703 0.346791 0.8594382 0.2607077 0.4397697 0.8125245 0.2464766 0.5282549 0.7572912 0.2297218 0.6113412 0.6943006 0.2106138 0.6881776 0.6241947 0.1893474 0.7579766 0.547688 0.1661393 0.8200217 0.4655611 0.1412264 0.873675 0.3786525 0.114863 0.9183838 0.2878502 0.0873184 0.9536864 0.194083 0.05887443 0.9792168 0.0983107 0.02982222 0.9947088 0.09491421 0.03931475 -0.9947088 0.1873777 0.0776144 -0.9792168 0.2779054 0.1151122 -0.9536864 0.3655706 0.1514243 -0.9183838 0.4494767 0.1861793 -0.873675 0.5287662 0.2190221 -0.8200217 0.6026297 0.2496174 -0.7579766 0.6703136 0.277653 -0.6881776 0.7311279 0.3028431 -0.6113412 0.784453 0.3249311 -0.5282549 0.829746 0.343692 -0.4397697 0.8665458 0.358935 -0.346791 0.8944782 0.370505 -0.2502695 0.9132591 0.3782843 -0.1511915 0.9226975 0.3821938 -0.05056932 0.9226975 0.3821938 0.05056932 0.9132591 0.3782843 0.1511915 0.8944782 0.370505 0.2502695 0.8665458 0.358935 0.346791 0.829746 0.343692 0.4397697 0.784453 0.3249311 0.5282549 0.7311279 0.3028431 0.6113412 0.6703136 0.277653 0.6881776 0.6026297 0.2496174 0.7579766 0.5287662 0.2190221 0.8200217 0.4494767 0.1861793 0.873675 0.3655706 0.1514243 0.9183838 0.2779054 0.1151122 0.9536864 0.1873777 0.0776144 0.9792168 0.09491421 0.03931475 0.9947088 0.09060366 0.04842866 -0.9947088 0.1788679 0.09560689 -0.9792168 0.2652843 0.1417974 -0.9536864 0.3489681 0.1865273 -0.9183838 0.4290635 0.2293392 -0.873675 0.5047521 0.2697956 -0.8200217 0.5752611 0.3074835 -0.7579766 0.6398711 0.3420182 -0.6881776 0.6979235 0.3730479 -0.6113412 0.7488268 0.4002563 -0.5282549 0.7920628 0.4233664 -0.4397697 0.8271914 0.442143 -0.346791 0.8538552 0.4563951 -0.2502695 0.8717831 0.4659778 -0.1511915 0.8807929 0.4707936 -0.05056932 0.8807929 0.4707936 0.05056932 0.8717831 0.4659778 0.1511915 0.8538552 0.4563951 0.2502695 0.8271914 0.442143 0.346791 0.7920628 0.4233664 0.4397697 0.7488268 0.4002563 0.5282549 0.6979235 0.3730479 0.6113412 0.6398711 0.3420182 0.6881776 0.5752611 0.3074835 0.7579766 0.5047521 0.2697956 0.8200217 0.4290635 0.2293392 0.873675 0.3489681 0.1865273 0.9183838 0.2652843 0.1417974 0.9536864 0.1788679 0.09560689 0.9792168 0.09060366 0.04842866 0.9947088 0.08542054 0.05707618 -0.9947088 0.1686355 0.1126786 -0.9792168 0.2501083 0.167117 -0.9536864 0.3290048 0.219834 -0.9183838 0.4045183 0.2702905 -0.873675 0.475877 0.3179709 -0.8200217 0.5423524 0.3623883 -0.7579766 0.6032663 0.4030897 -0.6881776 0.6579977 0.43966 -0.6113412 0.7059891 0.4717268 -0.5282549 0.7467516 0.4989635 -0.4397697 0.7798706 0.5210929 -0.346791 0.8050091 0.5378899 -0.2502695 0.8219114 0.5491837 -0.1511915 0.8304058 0.5548594 -0.05056932 0.8304058 0.5548594 0.05056932 0.8219114 0.5491837 0.1511915 0.8050091 0.5378899 0.2502695 0.7798706 0.5210929 0.346791 0.7467516 0.4989635 0.4397697 0.7059891 0.4717268 0.5282549 0.6579977 0.43966 0.6113412 0.6032663 0.4030897 0.6881776 0.5423524 0.3623883 0.7579766 0.475877 0.3179709 0.8200217 0.4045183 0.2702905 0.873675 0.3290048 0.219834 0.9183838 0.2501083 0.167117 0.9536864 0.1686355 0.1126786 0.9792168 0.08542054 0.05707618 0.9947088 0.07941477 0.06517402 -0.9947088 0.156779 0.1286652 -0.9792168 0.2325236 0.1908272 -0.9536864 0.3058731 0.2510236 -0.9183838 0.3760773 0.3086387 -0.873675 0.4424189 0.3630838 -0.8200217 0.5042206 0.4138031 -0.7579766 0.5608517 0.4602791 -0.6881776 0.6117351 0.502038 -0.6113412 0.6563522 0.5386543 -0.5282549 0.6942489 0.5697553 -0.4397697 0.7250393 0.5950244 -0.346791 0.7484103 0.6142045 -0.2502695 0.7641243 0.6271006 -0.1511915 0.7720214 0.6335816 -0.05056932 0.7720214 0.6335816 0.05056932 0.7641243 0.6271006 0.1511915 0.7484103 0.6142045 0.2502695 0.7250393 0.5950244 0.346791 0.6942489 0.5697553 0.4397697 0.6563522 0.5386543 0.5282549 0.6117351 0.502038 0.6113412 0.5608517 0.4602791 0.6881776 0.5042206 0.4138031 0.7579766 0.4424189 0.3630838 0.8200217 0.3760773 0.3086387 0.873675 0.3058731 0.2510236 0.9183838 0.2325236 0.1908272 0.9536864 0.156779 0.1286652 0.9792168 0.07941477 0.06517402 0.9947088 0.07264419 0.07264419 -0.9947088 0.1434127 0.1434127 -0.9792168 0.2126996 0.2126996 -0.9536864 0.2797956 0.2797956 -0.9183838 0.3440145 0.3440145 -0.873675 0.4047001 0.4047001 -0.8200217 0.4612328 0.4612328 -0.7579766 0.5130358 0.5130358 -0.6881776 0.5595811 0.5595811 -0.6113412 0.6003943 0.6003943 -0.5282549 0.6350601 0.6350601 -0.4397697 0.6632254 0.6632254 -0.346791 0.684604 0.684604 -0.2502695 0.6989782 0.6989782 -0.1511915 0.7062021 0.7062021 -0.05056932 0.7062021 0.7062021 0.05056932 0.6989782 0.6989782 0.1511915 0.684604 0.684604 0.2502695 0.6632254 0.6632254 0.346791 0.6350601 0.6350601 0.4397697 0.6003943 0.6003943 0.5282549 0.5595811 0.5595811 0.6113412 0.5130358 0.5130358 0.6881776 0.4612328 0.4612328 0.7579766 0.4047001 0.4047001 0.8200217 0.3440145 0.3440145 0.873675 0.2797956 0.2797956 0.9183838 0.2126996 0.2126996 0.9536864 0.1434127 0.1434127 0.9792168 0.07264419 0.07264419 0.9947088 0.06517402 0.07941477 -0.9947088 0.1286652 0.156779 -0.9792168 0.1908272 0.2325236 -0.9536864 0.2510236 0.3058731 -0.9183838 0.3086387 0.3760773 -0.873675 0.3630838 0.4424189 -0.8200217 0.4138031 0.5042206 -0.7579766 0.4602791 0.5608517 -0.6881776 0.502038 0.6117351 -0.6113412 0.5386543 0.6563522 -0.5282549 0.5697553 0.6942489 -0.4397697 0.5950244 0.7250393 -0.346791 0.6142045 0.7484103 -0.2502695 0.6271006 0.7641243 -0.1511915 0.6335816 0.7720214 -0.05056932 0.6335816 0.7720214 0.05056932 0.6271006 0.7641243 0.1511915 0.6142045 0.7484103 0.2502695 0.5950244 0.7250393 0.346791 0.5697553 0.6942489 0.4397697 0.5386543 0.6563522 0.5282549 0.502038 0.6117351 0.6113412 0.4602791 0.5608517 0.6881776 0.4138031 0.5042206 0.7579766 0.3630838 0.4424189 0.8200217 0.3086387 0.3760773 0.873675 0.2510236 0.3058731 0.9183838 0.1908272 0.2325236 0.9536864 0.1286652 0.156779 0.9792168 0.06517402 0.07941477 0.9947088 0.05707618 0.08542054 -0.9947088 0.1126786 0.1686355 -0.9792168 0.167117 0.2501083 -0.9536864 0.219834 0.3290048 -0.9183838 0.2702905 0.4045183 -0.873675 0.3179709 0.475877 -0.8200217 0.3623883 0.5423524 -0.7579766 0.4030897 0.6032663 -0.6881776 0.43966 0.6579977 -0.6113412 0.4717268 0.7059891 -0.5282549 0.4989635 0.7467516 -0.4397697 0.5210929 0.7798706 -0.346791 0.5378899 0.8050091 -0.2502695 0.5491837 0.8219114 -0.1511915 0.5548594 0.8304058 -0.05056932 0.5548594 0.8304058 0.05056932 0.5491837 0.8219114 0.1511915 0.5378899 0.8050091 0.2502695 0.5210929 0.7798706 0.346791 0.4989635 0.7467516 0.4397697 0.4717268 0.7059891 0.5282549 0.43966 0.6579977 0.6113412 0.4030897 0.6032663 0.6881776 0.3623883 0.5423524 0.7579766 0.3179709 0.475877 0.8200217 0.2702905 0.4045183 0.873675 0.219834 0.3290048 0.9183838 0.167117 0.2501083 0.9536864 0.1126786 0.1686355 0.9792168 0.05707618 0.08542054 0.9947088 0.04842866 0.09060366 -0.9947088 0.09560689 0.1788679 -0.9792168 0.1417974 0.2652843 -0.9536864 0.1865273 0.3489681 -0.9183838 0.2293392 0.4290635 -0.873675 0.2697956 0.5047521 -0.8200217 0.3074835 0.5752611 -0.7579766 0.3420182 0.6398711 -0.6881776 0.3730479 0.6979235 -0.6113412 0.4002563 0.7488268 -0.5282549 0.4233664 0.7920628 -0.4397697 0.442143 0.8271914 -0.346791 0.4563951 0.8538552 -0.2502695 0.4659778 0.8717831 -0.1511915 0.4707936 0.8807929 -0.05056932 0.4707936 0.8807929 0.05056932 0.4659778 0.8717831 0.1511915 0.4563951 0.8538552 0.2502695 0.442143 0.8271914 0.346791 0.4233664 0.7920628 0.4397697 0.4002563 0.7488268 0.5282549 0.3730479 0.6979235 0.6113412 0.3420182 0.6398711 0.6881776 0.3074835 0.5752611 0.7579766 0.2697956 0.5047521 0.8200217 0.2293392 0.4290635 0.873675 0.1865273 0.3489681 0.9183838 0.1417974 0.2652843 0.9536864 0.09560689 0.1788679 0.9792168 0.04842866 0.09060366 0.9947088 0.03931475 0.09491421 -0.9947088 0.0776144 0.1873777 -0.9792168 0.1151122 0.2779054 -0.9536864 0.1514243 0.3655706 -0.9183838 0.1861793 0.4494767 -0.873675 0.2190221 0.5287662 -0.8200217 0.2496174 0.6026297 -0.7579766 0.277653 0.6703136 -0.6881776 0.3028431 0.7311279 -0.6113412 0.3249311 0.784453 -0.5282549 0.343692 0.829746 -0.4397697 0.358935 0.8665458 -0.346791 0.370505 0.8944782 -0.2502695 0.3782843 0.9132591 -0.1511915 0.3821938 0.9226975 -0.05056932 0.3821938 0.9226975 0.05056932 0.3782843 0.9132591 0.1511915 0.370505 0.8944782 0.2502695 0.358935 0.8665458 0.346791 0.343692 0.829746 0.4397697 0.3249311 0.784453 0.5282549 0.3028431 0.7311279 0.6113412 0.277653 0.6703136 0.6881776 0.2496174 0.6026297 0.7579766 0.2190221 0.5287662 0.8200217 0.1861793 0.4494767 0.873675 0.1514243 0.3655706 0.9183838 0.1151122 0.2779054 0.9536864 0.0776144 0.1873777 0.9792168 0.03931475 0.09491421 0.9947088 0.02982222 0.0983107 -0.9947088 0.05887443 0.194083 -0.9792168 0.0873184 0.2878502 -0.9536864 0.114863 0.3786525 -0.9183838 0.1412264 0.4655611 -0.873675 0.1661393 0.547688 -0.8200217 0.1893474 0.6241947 -0.7579766 0.2106138 0.6943006 -0.6881776 0.2297218 0.7572912 -0.6113412 0.2464766 0.8125245 -0.5282549 0.2607077 0.8594382 -0.4397697 0.2722703 0.8975549 -0.346791 0.2810467 0.9264869 -0.2502695 0.2869477 0.9459398 -0.1511915 0.2899133 0.955716 -0.05056932 0.2899133 0.955716 0.05056932 0.2869477 0.9459398 0.1511915 0.2810467 0.9264869 0.2502695 0.2722703 0.8975549 0.346791 0.2607077 0.8594382 0.4397697 0.2464766 0.8125245 0.5282549 0.2297218 0.7572912 0.6113412 0.2106138 0.6943006 0.6881776 0.1893474 0.6241947 0.7579766 0.1661393 0.547688 0.8200217 0.1412264 0.4655611 0.873675 0.114863 0.3786525 0.9183838 0.0873184 0.2878502 0.9536864 0.05887443 0.194083 0.9792168 0.02982222 0.0983107 0.9947088 0.02004249 0.1007604 -0.9947088 0.03956748 0.1989191 -0.9792168 0.05868369 0.2950228 -0.9536864 0.07719544 0.3880877 -0.9183838 0.0949134 0.4771619 -0.873675 0.1116565 0.5613352 -0.8200217 0.1272538 0.6397483 -0.7579766 0.1415463 0.7116012 -0.6881776 0.1543881 0.7761613 -0.6113412 0.1656484 0.8327709 -0.5282549 0.1752127 0.8808536 -0.4397697 0.1829835 0.9199201 -0.346791 0.1888818 0.949573 -0.2502695 0.1928477 0.9695107 -0.1511915 0.1948407 0.9795304 -0.05056932 0.1948407 0.9795304 0.05056932 0.1928477 0.9695107 0.1511915 0.1888818 0.949573 0.2502695 0.1829835 0.9199201 0.346791 0.1752127 0.8808536 0.4397697 0.1656484 0.8327709 0.5282549 0.1543881 0.7761613 0.6113412 0.1415463 0.7116012 0.6881776 0.1272538 0.6397483 0.7579766 0.1116565 0.5613352 0.8200217 0.0949134 0.4771619 0.873675 0.07719544 0.3880877 0.9183838 0.05868369 0.2950228 0.9536864 0.03956748 0.1989191 0.9792168 0.02004249 0.1007604 0.9947088 0.01006973 0.1022397 -0.9947088 0.01987946 0.2018396 -0.9792168 0.02948382 0.2993542 -0.9536864 0.03878448 0.3937854 -0.9183838 0.04768632 0.4841674 -0.873675 0.05609839 0.5695765 -0.8200217 0.06393479 0.6491408 -0.7579766 0.07111558 0.7220486 -0.6881776 0.07756755 0.7875565 -0.6113412 0.08322497 0.8449973 -0.5282549 0.08803023 0.8937859 -0.4397697 0.09193443 0.933426 -0.346791 0.09489786 0.9635142 -0.2502695 0.09689038 0.9837446 -0.1511915 0.09789173 0.9939114 -0.05056932 0.09789173 0.9939114 0.05056932 0.09689038 0.9837446 0.1511915 0.09489786 0.9635142 0.2502695 0.09193443 0.933426 0.346791 0.08803023 0.8937859 0.4397697 0.08322497 0.8449973 0.5282549 0.07756755 0.7875565 0.6113412 0.07111558 0.7220486 0.6881776 0.06393479 0.6491408 0.7579766 0.05609839 0.5695765 0.8200217 0.04768632 0.4841674 0.873675 0.03878448 0.3937854 0.9183838 0.02948382 0.2993542 0.9536864 0.01987946 0.2018396 0.9792168 0.01006973 0.1022397 0.9947088 5.419262e-17 0.1027344 -0.9947088 1.438044e-16 0.2028162 -0.9792168 2.926495e-16 0.3008027 -0.9536864 4.426719e-17 0.3956908 -0.9183838 2.435281e-16 0.48651 -0.873675 1.217939e-17 0.5723324 -0.8200217 -3.543961e-17 0.6522817 -0.7579766 3.877128e-17 0.7255422 -0.6881776 5.562157e-16 0.7913672 -0.6113412 5.363817e-16 0.8490858 -0.5282549 4.877078e-16 0.8981106 -0.4397697 5.520798e-16 0.9379424 -0.346791 5.565794e-16 0.9681762 -0.2502695 6.320231e-16 0.9885045 -0.1511915 6.187424e-16 0.9987206 -0.05056932 5.012035e-16 0.9987206 0.05056932 4.834422e-16 0.9885045 0.1511915 5.69884e-16 0.9681762 0.2502695 5.498627e-16 0.9379424 0.346791 6.539718e-16 0.8981106 0.4397697 5.984424e-16 0.8490858 0.5282549 4.553877e-16 0.7913672 0.6113412 8.972782e-17 0.7255422 0.6881776 1.661232e-17 0.6522817 0.7579766 5.536087e-17 0.5723324 0.8200217 2.357795e-16 0.48651 0.873675 2.545364e-17 0.3956908 0.9183838 2.78266e-16 0.3008027 0.9536864 1.230634e-16 0.2028162 0.9792168 7.67268e-17 0.1027344 0.9947088 -0.01006973 0.1022397 -0.9947088 -0.01987946 0.2018396 -0.9792168 -0.02948382 0.2993542 -0.9536864 -0.03878448 0.3937854 -0.9183838 -0.04768632 0.4841674 -0.873675 -0.05609839 0.5695765 -0.8200217 -0.06393479 0.6491408 -0.7579766 -0.07111558 0.7220486 -0.6881776 -0.07756755 0.7875565 -0.6113412 -0.08322497 0.8449973 -0.5282549 -0.08803023 0.8937859 -0.4397697 -0.09193443 0.933426 -0.346791 -0.09489786 0.9635142 -0.2502695 -0.09689038 0.9837446 -0.1511915 -0.09789173 0.9939114 -0.05056932 -0.09789173 0.9939114 0.05056932 -0.09689038 0.9837446 0.1511915 -0.09489786 0.9635142 0.2502695 -0.09193443 0.933426 0.346791 -0.08803023 0.8937859 0.4397697 -0.08322497 0.8449973 0.5282549 -0.07756755 0.7875565 0.6113412 -0.07111558 0.7220486 0.6881776 -0.06393479 0.6491408 0.7579766 -0.05609839 0.5695765 0.8200217 -0.04768632 0.4841674 0.873675 -0.03878448 0.3937854 0.9183838 -0.02948382 0.2993542 0.9536864 -0.01987946 0.2018396 0.9792168 -0.01006973 0.1022397 0.9947088 -0.02004249 0.1007604 -0.9947088 -0.03956748 0.1989191 -0.9792168 -0.05868369 0.2950228 -0.9536864 -0.07719544 0.3880877 -0.9183838 -0.0949134 0.4771619 -0.873675 -0.1116565 0.5613352 -0.8200217 -0.1272538 0.6397483 -0.7579766 -0.1415463 0.7116012 -0.6881776 -0.1543881 0.7761613 -0.6113412 -0.1656484 0.8327709 -0.5282549 -0.1752127 0.8808536 -0.4397697 -0.1829835 0.9199201 -0.346791 -0.1888818 0.949573 -0.2502695 -0.1928477 0.9695107 -0.1511915 -0.1948407 0.9795304 -0.05056932 -0.1948407 0.9795304 0.05056932 -0.1928477 0.9695107 0.1511915 -0.1888818 0.949573 0.2502695 -0.1829835 0.9199201 0.346791 -0.1752127 0.8808536 0.4397697 -0.1656484 0.8327709 0.5282549 -0.1543881 0.7761613 0.6113412 -0.1415463 0.7116012 0.6881776 -0.1272538 0.6397483 0.7579766 -0.1116565 0.5613352 0.8200217 -0.0949134 0.4771619 0.873675 -0.07719544 0.3880877 0.9183838 -0.05868369 0.2950228 0.9536864 -0.03956748 0.1989191 0.9792168 -0.02004249 0.1007604 0.9947088 -0.02982222 0.0983107 -0.9947088 -0.05887443 0.194083 -0.9792168 -0.0873184 0.2878502 -0.9536864 -0.114863 0.3786525 -0.9183838 -0.1412264 0.4655611 -0.873675 -0.1661393 0.547688 -0.8200217 -0.1893474 0.6241947 -0.7579766 -0.2106138 0.6943006 -0.6881776 -0.2297218 0.7572912 -0.6113412 -0.2464766 0.8125245 -0.5282549 -0.2607077 0.8594382 -0.4397697 -0.2722703 0.8975549 -0.346791 -0.2810467 0.9264869 -0.2502695 -0.2869477 0.9459398 -0.1511915 -0.2899133 0.955716 -0.05056932 -0.2899133 0.955716 0.05056932 -0.2869477 0.9459398 0.1511915 -0.2810467 0.9264869 0.2502695 -0.2722703 0.8975549 0.346791 -0.2607077 0.8594382 0.4397697 -0.2464766 0.8125245 0.5282549 -0.2297218 0.7572912 0.6113412 -0.2106138 0.6943006 0.6881776 -0.1893474 0.6241947 0.7579766 -0.1661393 0.547688 0.8200217 -0.1412264 0.4655611 0.873675 -0.114863 0.3786525 0.9183838 -0.0873184 0.2878502 0.9536864 -0.05887443 0.194083 0.9792168 -0.02982222 0.0983107 0.9947088 -0.03931475 0.09491421 -0.9947088 -0.0776144 0.1873777 -0.9792168 -0.1151122 0.2779054 -0.9536864 -0.1514243 0.3655706 -0.9183838 -0.1861793 0.4494767 -0.873675 -0.2190221 0.5287662 -0.8200217 -0.2496174 0.6026297 -0.7579766 -0.277653 0.6703136 -0.6881776 -0.3028431 0.7311279 -0.6113412 -0.3249311 0.784453 -0.5282549 -0.343692 0.829746 -0.4397697 -0.358935 0.8665458 -0.346791 -0.370505 0.8944782 -0.2502695 -0.3782843 0.9132591 -0.1511915 -0.3821938 0.9226975 -0.05056932 -0.3821938 0.9226975 0.05056932 -0.3782843 0.9132591 0.1511915 -0.370505 0.8944782 0.2502695 -0.358935 0.8665458 0.346791 -0.343692 0.829746 0.4397697 -0.3249311 0.784453 0.5282549 -0.3028431 0.7311279 0.6113412 -0.277653 0.6703136 0.6881776 -0.2496174 0.6026297 0.7579766 -0.2190221 0.5287662 0.8200217 -0.1861793 0.4494767 0.873675 -0.1514243 0.3655706 0.9183838 -0.1151122 0.2779054 0.9536864 -0.0776144 0.1873777 0.9792168 -0.03931475 0.09491421 0.9947088 -0.04842866 0.09060366 -0.9947088 -0.09560689 0.1788679 -0.9792168 -0.1417974 0.2652843 -0.9536864 -0.1865273 0.3489681 -0.9183838 -0.2293392 0.4290635 -0.873675 -0.2697956 0.5047521 -0.8200217 -0.3074835 0.5752611 -0.7579766 -0.3420182 0.6398711 -0.6881776 -0.3730479 0.6979235 -0.6113412 -0.4002563 0.7488268 -0.5282549 -0.4233664 0.7920628 -0.4397697 -0.442143 0.8271914 -0.346791 -0.4563951 0.8538552 -0.2502695 -0.4659778 0.8717831 -0.1511915 -0.4707936 0.8807929 -0.05056932 -0.4707936 0.8807929 0.05056932 -0.4659778 0.8717831 0.1511915 -0.4563951 0.8538552 0.2502695 -0.442143 0.8271914 0.346791 -0.4233664 0.7920628 0.4397697 -0.4002563 0.7488268 0.5282549 -0.3730479 0.6979235 0.6113412 -0.3420182 0.6398711 0.6881776 -0.3074835 0.5752611 0.7579766 -0.2697956 0.5047521 0.8200217 -0.2293392 0.4290635 0.873675 -0.1865273 0.3489681 0.9183838 -0.1417974 0.2652843 0.9536864 -0.09560689 0.1788679 0.9792168 -0.04842866 0.09060366 0.9947088 -0.05707618 0.08542054 -0.9947088 -0.1126786 0.1686355 -0.9792168 -0.167117 0.2501083 -0.9536864 -0.219834 0.3290048 -0.9183838 -0.2702905 0.4045183 -0.873675 -0.3179709 0.475877 -0.8200217 -0.3623883 0.5423524 -0.7579766 -0.4030897 0.6032663 -0.6881776 -0.43966 0.6579977 -0.6113412 -0.4717268 0.7059891 -0.5282549 -0.4989635 0.7467516 -0.4397697 -0.5210929 0.7798706 -0.346791 -0.5378899 0.8050091 -0.2502695 -0.5491837 0.8219114 -0.1511915 -0.5548594 0.8304058 -0.05056932 -0.5548594 0.8304058 0.05056932 -0.5491837 0.8219114 0.1511915 -0.5378899 0.8050091 0.2502695 -0.5210929 0.7798706 0.346791 -0.4989635 0.7467516 0.4397697 -0.4717268 0.7059891 0.5282549 -0.43966 0.6579977 0.6113412 -0.4030897 0.6032663 0.6881776 -0.3623883 0.5423524 0.7579766 -0.3179709 0.475877 0.8200217 -0.2702905 0.4045183 0.873675 -0.219834 0.3290048 0.9183838 -0.167117 0.2501083 0.9536864 -0.1126786 0.1686355 0.9792168 -0.05707618 0.08542054 0.9947088 -0.06517402 0.07941477 -0.9947088 -0.1286652 0.156779 -0.9792168 -0.1908272 0.2325236 -0.9536864 -0.2510236 0.3058731 -0.9183838 -0.3086387 0.3760773 -0.873675 -0.3630838 0.4424189 -0.8200217 -0.4138031 0.5042206 -0.7579766 -0.4602791 0.5608517 -0.6881776 -0.502038 0.6117351 -0.6113412 -0.5386543 0.6563522 -0.5282549 -0.5697553 0.6942489 -0.4397697 -0.5950244 0.7250393 -0.346791 -0.6142045 0.7484103 -0.2502695 -0.6271006 0.7641243 -0.1511915 -0.6335816 0.7720214 -0.05056932 -0.6335816 0.7720214 0.05056932 -0.6271006 0.7641243 0.1511915 -0.6142045 0.7484103 0.2502695 -0.5950244 0.7250393 0.346791 -0.5697553 0.6942489 0.4397697 -0.5386543 0.6563522 0.5282549 -0.502038 0.6117351 0.6113412 -0.4602791 0.5608517 0.6881776 -0.4138031 0.5042206 0.7579766 -0.3630838 0.4424189 0.8200217 -0.3086387 0.3760773 0.873675 -0.2510236 0.3058731 0.9183838 -0.1908272 0.2325236 0.9536864 -0.1286652 0.156779 0.9792168 -0.06517402 0.07941477 0.9947088 -0.07264419 0.07264419 -0.9947088 -0.1434127 0.1434127 -0.9792168 -0.2126996 0.2126996 -0.9536864 -0.2797956 0.2797956 -0.9183838 -0.3440145 0.3440145 -0.873675 -0.4047001 0.4047001 -0.8200217 -0.4612328 0.4612328 -0.7579766 -0.5130358 0.5130358 -0.6881776 -0.5595811 0.5595811 -0.6113412 -0.6003943 0.6003943 -0.5282549 -0.6350601 0.6350601 -0.4397697 -0.6632254 0.6632254 -0.346791 -0.684604 0.684604 -0.2502695 -0.6989782 0.6989782 -0.1511915 -0.7062021 0.7062021 -0.05056932 -0.7062021 0.7062021 0.05056932 -0.6989782 0.6989782 0.1511915 -0.684604 0.684604 0.2502695 -0.6632254 0.6632254 0.346791 -0.6350601 0.6350601 0.4397697 -0.6003943 0.6003943 0.5282549 -0.5595811 0.5595811 0.6113412 -0.5130358 0.5130358 0.6881776 -0.4612328 0.4612328 0.7579766 -0.4047001 0.4047001 0.8200217 -0.3440145 0.3440145 0.873675 -0.2797956 0.2797956 0.9183838 -0.2126996 0.2126996 0.9536864 -0.1434127 0.1434127 0.9792168 -0.07264419 0.07264419 0.9947088 -0.07941477 0.06517402 -0.9947088 -0.156779 0.1286652 -0.9792168 -0.2325236 0.1908272 -0.9536864 -0.3058731 0.2510236 -0.9183838 -0.3760773 0.3086387 -0.873675 -0.4424189 0.3630838 -0.8200217 -0.5042206 0.4138031 -0.7579766 -0.5608517 0.4602791 -0.6881776 -0.6117351 0.502038 -0.6113412 -0.6563522 0.5386543 -0.5282549 -0.6942489 0.5697553 -0.4397697 -0.7250393 0.5950244 -0.346791 -0.7484103 0.6142045 -0.2502695 -0.7641243 0.6271006 -0.1511915 -0.7720214 0.6335816 -0.05056932 -0.7720214 0.6335816 0.05056932 -0.7641243 0.6271006 0.1511915 -0.7484103 0.6142045 0.2502695 -0.7250393 0.5950244 0.346791 -0.6942489 0.5697553 0.4397697 -0.6563522 0.5386543 0.5282549 -0.6117351 0.502038 0.6113412 -0.5608517 0.4602791 0.6881776 -0.5042206 0.4138031 0.7579766 -0.4424189 0.3630838 0.8200217 -0.3760773 0.3086387 0.873675 -0.3058731 0.2510236 0.9183838 -0.2325236 0.1908272 0.9536864 -0.156779 0.1286652 0.9792168 -0.07941477 0.06517402 0.9947088 -0.08542054 0.05707618 -0.9947088 -0.1686355 0.1126786 -0.9792168 -0.2501083 0.167117 -0.9536864 -0.3290048 0.219834 -0.9183838 -0.4045183 0.2702905 -0.873675 -0.475877 0.3179709 -0.8200217 -0.5423524 0.3623883 -0.7579766 -0.6032663 0.4030897 -0.6881776 -0.6579977 0.43966 -0.6113412 -0.7059891 0.4717268 -0.5282549 -0.7467516 0.4989635 -0.4397697 -0.7798706 0.5210929 -0.346791 -0.8050091 0.5378899 -0.2502695 -0.8219114 0.5491837 -0.1511915 -0.8304058 0.5548594 -0.05056932 -0.8304058 0.5548594 0.05056932 -0.8219114 0.5491837 0.1511915 -0.8050091 0.5378899 0.2502695 -0.7798706 0.5210929 0.346791 -0.7467516 0.4989635 0.4397697 -0.7059891 0.4717268 0.5282549 -0.6579977 0.43966 0.6113412 -0.6032663 0.4030897 0.6881776 -0.5423524 0.3623883 0.7579766 -0.475877 0.3179709 0.8200217 -0.4045183 0.2702905 0.873675 -0.3290048 0.219834 0.9183838 -0.2501083 0.167117 0.9536864 -0.1686355 0.1126786 0.9792168 -0.08542054 0.05707618 0.9947088 -0.09060366 0.04842866 -0.9947088 -0.1788679 0.09560689 -0.9792168 -0.2652843 0.1417974 -0.9536864 -0.3489681 0.1865273 -0.9183838 -0.4290635 0.2293392 -0.873675 -0.5047521 0.2697956 -0.8200217 -0.5752611 0.3074835 -0.7579766 -0.6398711 0.3420182 -0.6881776 -0.6979235 0.3730479 -0.6113412 -0.7488268 0.4002563 -0.5282549 -0.7920628 0.4233664 -0.4397697 -0.8271914 0.442143 -0.346791 -0.8538552 0.4563951 -0.2502695 -0.8717831 0.4659778 -0.1511915 -0.8807929 0.4707936 -0.05056932 -0.8807929 0.4707936 0.05056932 -0.8717831 0.4659778 0.1511915 -0.8538552 0.4563951 0.2502695 -0.8271914 0.442143 0.346791 -0.7920628 0.4233664 0.4397697 -0.7488268 0.4002563 0.5282549 -0.6979235 0.3730479 0.6113412 -0.6398711 0.3420182 0.6881776 -0.5752611 0.3074835 0.7579766 -0.5047521 0.2697956 0.8200217 -0.4290635 0.2293392 0.873675 -0.3489681 0.1865273 0.9183838 -0.2652843 0.1417974 0.9536864 -0.1788679 0.09560689 0.9792168 -0.09060366 0.04842866 0.9947088 -0.09491421 0.03931475 -0.9947088 -0.1873777 0.0776144 -0.9792168 -0.2779054 0.1151122 -0.9536864 -0.3655706 0.1514243 -0.9183838 -0.4494767 0.1861793 -0.873675 -0.5287662 0.2190221 -0.8200217 -0.6026297 0.2496174 -0.7579766 -0.6703136 0.277653 -0.6881776 -0.7311279 0.3028431 -0.6113412 -0.784453 0.3249311 -0.5282549 -0.829746 0.343692 -0.4397697 -0.8665458 0.358935 -0.346791 -0.8944782 0.370505 -0.2502695 -0.9132591 0.3782843 -0.1511915 -0.9226975 0.3821938 -0.05056932 -0.9226975 0.3821938 0.05056932 -0.9132591 0.3782843 0.1511915 -0.8944782 0.370505 0.2502695 -0.8665458 0.358935 0.346791 -0.829746 0.343692 0.4397697 -0.784453 0.3249311 0.5282549 -0.7311279 0.3028431 0.6113412 -0.6703136 0.277653 0.6881776 -0.6026297 0.2496174 0.7579766 -0.5287662 0.2190221 0.8200217 -0.4494767 0.1861793 0.873675 -0.3655706 0.1514243 0.9183838 -0.2779054 0.1151122 0.9536864 -0.1873777 0.0776144 0.9792168 -0.09491421 0.03931475 0.9947088 -0.0983107 0.02982222 -0.9947088 -0.194083 0.05887443 -0.9792168 -0.2878502 0.0873184 -0.9536864 -0.3786525 0.114863 -0.9183838 -0.4655611 0.1412264 -0.873675 -0.547688 0.1661393 -0.8200217 -0.6241947 0.1893474 -0.7579766 -0.6943006 0.2106138 -0.6881776 -0.7572912 0.2297218 -0.6113412 -0.8125245 0.2464766 -0.5282549 -0.8594382 0.2607077 -0.4397697 -0.8975549 0.2722703 -0.346791 -0.9264869 0.2810467 -0.2502695 -0.9459398 0.2869477 -0.1511915 -0.955716 0.2899133 -0.05056932 -0.955716 0.2899133 0.05056932 -0.9459398 0.2869477 0.1511915 -0.9264869 0.2810467 0.2502695 -0.8975549 0.2722703 0.346791 -0.8594382 0.2607077 0.4397697 -0.8125245 0.2464766 0.5282549 -0.7572912 0.2297218 0.6113412 -0.6943006 0.2106138 0.6881776 -0.6241947 0.1893474 0.7579766 -0.547688 0.1661393 0.8200217 -0.4655611 0.1412264 0.873675 -0.3786525 0.114863 0.9183838 -0.2878502 0.0873184 0.9536864 -0.194083 0.05887443 0.9792168 -0.0983107 0.02982222 0.9947088 -0.1007604 0.02004249 -0.9947088 -0.1989191 0.03956748 -0.9792168 -0.2950228 0.05868369 -0.9536864 -0.3880877 0.07719544 -0.9183838 -0.4771619 0.0949134 -0.873675 -0.5613352 0.1116565 -0.8200217 -0.6397483 0.1272538 -0.7579766 -0.7116012 0.1415463 -0.6881776 -0.7761613 0.1543881 -0.6113412 -0.8327709 0.1656484 -0.5282549 -0.8808536 0.1752127 -0.4397697 -0.9199201 0.1829835 -0.346791 -0.949573 0.1888818 -0.2502695 -0.9695107 0.1928477 -0.1511915 -0.9795304 0.1948407 -0.05056932 -0.9795304 0.1948407 0.05056932 -0.9695107 0.1928477 0.1511915 -0.949573 0.1888818 0.2502695 -0.9199201 0.1829835 0.346791 -0.8808536 0.1752127 0.4397697 -0.8327709 0.1656484 0.5282549 -0.7761613 0.1543881 0.6113412 -0.7116012 0.1415463 0.6881776 -0.6397483 0.1272538 0.7579766 -0.5613352 0.1116565 0.8200217 -0.4771619 0.0949134 0.873675 -0.3880877 0.07719544 0.9183838 -0.2950228 0.05868369 0.9536864 -0.1989191 0.03956748 0.9792168 -0.1007604 0.02004249 0.9947088 -0.1022397 0.01006973 -0.9947088 -0.2018396 0.01987946 -0.9792168 -0.2993542 0.02948382 -0.9536864 -0.3937854 0.03878448 -0.9183838 -0.4841674 0.04768632 -0.873675 -0.5695765 0.05609839 -0.8200217 -0.6491408 0.06393479 -0.7579766 -0.7220486 0.07111558 -0.6881776 -0.7875565 0.07756755 -0.6113412 -0.8449973 0.08322497 -0.5282549 -0.8937859 0.08803023 -0.4397697 -0.933426 0.09193443 -0.346791 -0.9635142 0.09489786 -0.2502695 -0.9837446 0.09689038 -0.1511915 -0.9939114 0.09789173 -0.05056932 -0.9939114 0.09789173 0.05056932 -0.9837446 0.09689038 0.1511915 -0.9635142 0.09489786 0.2502695 -0.933426 0.09193443 0.346791 -0.8937859 0.08803023 0.4397697 -0.8449973 0.08322497 0.5282549 -0.7875565 0.07756755 0.6113412 -0.7220486 0.07111558 0.6881776 -0.6491408 0.06393479 0.7579766 -0.5695765 0.05609839 0.8200217 -0.4841674 0.04768632 0.873675 -0.3937854 0.03878448 0.9183838 -0.2993542 0.02948382 0.9536864 -0.2018396 0.01987946 0.9792168 -0.1022397 0.01006973 0.9947088 -0.1027344 5.363963e-17 -0.9947088 -0.2028162 1.432513e-16 -0.9792168 -0.3008027 2.909899e-16 -0.9536864 -0.3956908 4.648055e-17 -0.9183838 -0.48651 2.501697e-16 -0.873675 -0.5723324 1.439383e-17 -0.8200217 -0.6522817 -3.100966e-17 -0.7579766 -0.7255422 3.877128e-17 -0.6881776 -0.7913672 5.628637e-16 -0.6113412 -0.8490858 5.341653e-16 -0.5282549 -0.8981106 4.877078e-16 -0.4397697 -0.9379424 5.520798e-16 -0.346791 -0.9681762 5.632317e-16 -0.2502695 -0.9885045 6.475465e-16 -0.1511915 -0.9987206 6.209601e-16 -0.05056932 -0.9987206 5.034213e-16 0.05056932 -0.9885045 4.900951e-16 0.1511915 -0.9681762 5.831887e-16 0.2502695 -0.9379424 5.609486e-16 0.346791 -0.8981106 6.628392e-16 0.4397697 -0.8490858 5.973342e-16 0.5282549 -0.7913672 4.509557e-16 0.6113412 -0.7255422 8.972782e-17 0.6881776 -0.6522817 1.88273e-17 0.7579766 -0.5723324 5.536087e-17 0.8200217 -0.48651 2.391003e-16 0.873675 -0.3956908 2.988035e-17 0.9183838 -0.3008027 2.793724e-16 0.9536864 -0.2028162 1.225103e-16 0.9792168 -0.1027344 7.748715e-17 0.9947088 -0.1022397 -0.01006973 -0.9947088 -0.2018396 -0.01987946 -0.9792168 -0.2993542 -0.02948382 -0.9536864 -0.3937854 -0.03878448 -0.9183838 -0.4841674 -0.04768632 -0.873675 -0.5695765 -0.05609839 -0.8200217 -0.6491408 -0.06393479 -0.7579766 -0.7220486 -0.07111558 -0.6881776 -0.7875565 -0.07756755 -0.6113412 -0.8449973 -0.08322497 -0.5282549 -0.8937859 -0.08803023 -0.4397697 -0.933426 -0.09193443 -0.346791 -0.9635142 -0.09489786 -0.2502695 -0.9837446 -0.09689038 -0.1511915 -0.9939114 -0.09789173 -0.05056932 -0.9939114 -0.09789173 0.05056932 -0.9837446 -0.09689038 0.1511915 -0.9635142 -0.09489786 0.2502695 -0.933426 -0.09193443 0.346791 -0.8937859 -0.08803023 0.4397697 -0.8449973 -0.08322497 0.5282549 -0.7875565 -0.07756755 0.6113412 -0.7220486 -0.07111558 0.6881776 -0.6491408 -0.06393479 0.7579766 -0.5695765 -0.05609839 0.8200217 -0.4841674 -0.04768632 0.873675 -0.3937854 -0.03878448 0.9183838 -0.2993542 -0.02948382 0.9536864 -0.2018396 -0.01987946 0.9792168 -0.1022397 -0.01006973 0.9947088 -0.1007604 -0.02004249 -0.9947088 -0.1989191 -0.03956748 -0.9792168 -0.2950228 -0.05868369 -0.9536864 -0.3880877 -0.07719544 -0.9183838 -0.4771619 -0.0949134 -0.873675 -0.5613352 -0.1116565 -0.8200217 -0.6397483 -0.1272538 -0.7579766 -0.7116012 -0.1415463 -0.6881776 -0.7761613 -0.1543881 -0.6113412 -0.8327709 -0.1656484 -0.5282549 -0.8808536 -0.1752127 -0.4397697 -0.9199201 -0.1829835 -0.346791 -0.949573 -0.1888818 -0.2502695 -0.9695107 -0.1928477 -0.1511915 -0.9795304 -0.1948407 -0.05056932 -0.9795304 -0.1948407 0.05056932 -0.9695107 -0.1928477 0.1511915 -0.949573 -0.1888818 0.2502695 -0.9199201 -0.1829835 0.346791 -0.8808536 -0.1752127 0.4397697 -0.8327709 -0.1656484 0.5282549 -0.7761613 -0.1543881 0.6113412 -0.7116012 -0.1415463 0.6881776 -0.6397483 -0.1272538 0.7579766 -0.5613352 -0.1116565 0.8200217 -0.4771619 -0.0949134 0.873675 -0.3880877 -0.07719544 0.9183838 -0.2950228 -0.05868369 0.9536864 -0.1989191 -0.03956748 0.9792168 -0.1007604 -0.02004249 0.9947088 -0.0983107 -0.02982222 -0.9947088 -0.194083 -0.05887443 -0.9792168 -0.2878502 -0.0873184 -0.9536864 -0.3786525 -0.114863 -0.9183838 -0.4655611 -0.1412264 -0.873675 -0.547688 -0.1661393 -0.8200217 -0.6241947 -0.1893474 -0.7579766 -0.6943006 -0.2106138 -0.6881776 -0.7572912 -0.2297218 -0.6113412 -0.8125245 -0.2464766 -0.5282549 -0.8594382 -0.2607077 -0.4397697 -0.8975549 -0.2722703 -0.346791 -0.9264869 -0.2810467 -0.2502695 -0.9459398 -0.2869477 -0.1511915 -0.955716 -0.2899133 -0.05056932 -0.955716 -0.2899133 0.05056932 -0.9459398 -0.2869477 0.1511915 -0.9264869 -0.2810467 0.2502695 -0.8975549 -0.2722703 0.346791 -0.8594382 -0.2607077 0.4397697 -0.8125245 -0.2464766 0.5282549 -0.7572912 -0.2297218 0.6113412 -0.6943006 -0.2106138 0.6881776 -0.6241947 -0.1893474 0.7579766 -0.547688 -0.1661393 0.8200217 -0.4655611 -0.1412264 0.873675 -0.3786525 -0.114863 0.9183838 -0.2878502 -0.0873184 0.9536864 -0.194083 -0.05887443 0.9792168 -0.0983107 -0.02982222 0.9947088 -0.09491421 -0.03931475 -0.9947088 -0.1873777 -0.0776144 -0.9792168 -0.2779054 -0.1151122 -0.9536864 -0.3655706 -0.1514243 -0.9183838 -0.4494767 -0.1861793 -0.873675 -0.5287662 -0.2190221 -0.8200217 -0.6026297 -0.2496174 -0.7579766 -0.6703136 -0.277653 -0.6881776 -0.7311279 -0.3028431 -0.6113412 -0.784453 -0.3249311 -0.5282549 -0.829746 -0.343692 -0.4397697 -0.8665458 -0.358935 -0.346791 -0.8944782 -0.370505 -0.2502695 -0.9132591 -0.3782843 -0.1511915 -0.9226975 -0.3821938 -0.05056932 -0.9226975 -0.3821938 0.05056932 -0.9132591 -0.3782843 0.1511915 -0.8944782 -0.370505 0.2502695 -0.8665458 -0.358935 0.346791 -0.829746 -0.343692 0.4397697 -0.784453 -0.3249311 0.5282549 -0.7311279 -0.3028431 0.6113412 -0.6703136 -0.277653 0.6881776 -0.6026297 -0.2496174 0.7579766 -0.5287662 -0.2190221 0.8200217 -0.4494767 -0.1861793 0.873675 -0.3655706 -0.1514243 0.9183838 -0.2779054 -0.1151122 0.9536864 -0.1873777 -0.0776144 0.9792168 -0.09491421 -0.03931475 0.9947088 -0.09060366 -0.04842866 -0.9947088 -0.1788679 -0.09560689 -0.9792168 -0.2652843 -0.1417974 -0.9536864 -0.3489681 -0.1865273 -0.9183838 -0.4290635 -0.2293392 -0.873675 -0.5047521 -0.2697956 -0.8200217 -0.5752611 -0.3074835 -0.7579766 -0.6398711 -0.3420182 -0.6881776 -0.6979235 -0.3730479 -0.6113412 -0.7488268 -0.4002563 -0.5282549 -0.7920628 -0.4233664 -0.4397697 -0.8271914 -0.442143 -0.346791 -0.8538552 -0.4563951 -0.2502695 -0.8717831 -0.4659778 -0.1511915 -0.8807929 -0.4707936 -0.05056932 -0.8807929 -0.4707936 0.05056932 -0.8717831 -0.4659778 0.1511915 -0.8538552 -0.4563951 0.2502695 -0.8271914 -0.442143 0.346791 -0.7920628 -0.4233664 0.4397697 -0.7488268 -0.4002563 0.5282549 -0.6979235 -0.3730479 0.6113412 -0.6398711 -0.3420182 0.6881776 -0.5752611 -0.3074835 0.7579766 -0.5047521 -0.2697956 0.8200217 -0.4290635 -0.2293392 0.873675 -0.3489681 -0.1865273 0.9183838 -0.2652843 -0.1417974 0.9536864 -0.1788679 -0.09560689 0.9792168 -0.09060366 -0.04842866 0.9947088 -0.08542054 -0.05707618 -0.9947088 -0.1686355 -0.1126786 -0.9792168 -0.2501083 -0.167117 -0.9536864 -0.3290048 -0.219834 -0.9183838 -0.4045183 -0.2702905 -0.873675 -0.475877 -0.3179709 -0.8200217 -0.5423524 -0.3623883 -0.7579766 -0.6032663 -0.4030897 -0.6881776 -0.6579977 -0.43966 -0.6113412 -0.7059891 -0.4717268 -0.5282549 -0.7467516 -0.4989635 -0.4397697 -0.7798706 -0.5210929 -0.346791 -0.8050091 -0.5378899 -0.2502695 -0.8219114 -0.5491837 -0.1511915 -0.8304058 -0.5548594 -0.05056932 -0.8304058 -0.5548594 0.05056932 -0.8219114 -0.5491837 0.1511915 -0.8050091 -0.5378899 0.2502695 -0.7798706 -0.5210929 0.346791 -0.7467516 -0.4989635 0.4397697 -0.7059891 -0.4717268 0.5282549 -0.6579977 -0.43966 0.6113412 -0.6032663 -0.4030897 0.6881776 -0.5423524 -0.3623883 0.7579766 -0.475877 -0.3179709 0.8200217 -0.4045183 -0.2702905 0.873675 -0.3290048 -0.219834 0.9183838 -0.2501083 -0.167117 0.9536864 -0.1686355 -0.1126786 0.9792168 -0.08542054 -0.05707618 0.9947088 -0.07941477 -0.06517402 -0.9947088 -0.156779 -0.1286652 -0.9792168 -0.2325236 -0.1908272 -0.9536864 -0.3058731 -0.2510236 -0.9183838 -0.3760773 -0.3086387 -0.873675 -0.4424189 -0.3630838 -0.8200217 -0.5042206 -0.4138031 -0.7579766 -0.5608517 -0.4602791 -0.6881776 -0.6117351 -0.502038 -0.6113412 -0.6563522 -0.5386543 -0.5282549 -0.6942489 -0.5697553 -0.4397697 -0.7250393 -0.5950244 -0.346791 -0.7484103 -0.6142045 -0.2502695 -0.7641243 -0.6271006 -0.1511915 -0.7720214 -0.6335816 -0.05056932 -0.7720214 -0.6335816 0.05056932 -0.7641243 -0.6271006 0.1511915 -0.7484103 -0.6142045 0.2502695 -0.7250393 -0.5950244 0.346791 -0.6942489 -0.5697553 0.4397697 -0.6563522 -0.5386543 0.5282549 -0.6117351 -0.502038 0.6113412 -0.5608517 -0.4602791 0.6881776 -0.5042206 -0.4138031 0.7579766 -0.4424189 -0.3630838 0.8200217 -0.3760773 -0.3086387 0.873675 -0.3058731 -0.2510236 0.9183838 -0.2325236 -0.1908272 0.9536864 -0.156779 -0.1286652 0.9792168 -0.07941477 -0.06517402 0.9947088 -0.07264419 -0.07264419 -0.9947088 -0.1434127 -0.1434127 -0.9792168 -0.2126996 -0.2126996 -0.9536864 -0.2797956 -0.2797956 -0.9183838 -0.3440145 -0.3440145 -0.873675 -0.4047001 -0.4047001 -0.8200217 -0.4612328 -0.4612328 -0.7579766 -0.5130358 -0.5130358 -0.6881776 -0.5595811 -0.5595811 -0.6113412 -0.6003943 -0.6003943 -0.5282549 -0.6350601 -0.6350601 -0.4397697 -0.6632254 -0.6632254 -0.346791 -0.684604 -0.684604 -0.2502695 -0.6989782 -0.6989782 -0.1511915 -0.7062021 -0.7062021 -0.05056932 -0.7062021 -0.7062021 0.05056932 -0.6989782 -0.6989782 0.1511915 -0.684604 -0.684604 0.2502695 -0.6632254 -0.6632254 0.346791 -0.6350601 -0.6350601 0.4397697 -0.6003943 -0.6003943 0.5282549 -0.5595811 -0.5595811 0.6113412 -0.5130358 -0.5130358 0.6881776 -0.4612328 -0.4612328 0.7579766 -0.4047001 -0.4047001 0.8200217 -0.3440145 -0.3440145 0.873675 -0.2797956 -0.2797956 0.9183838 -0.2126996 -0.2126996 0.9536864 -0.1434127 -0.1434127 0.9792168 -0.07264419 -0.07264419 0.9947088 -0.06517402 -0.07941477 -0.9947088 -0.1286652 -0.156779 -0.9792168 -0.1908272 -0.2325236 -0.9536864 -0.2510236 -0.3058731 -0.9183838 -0.3086387 -0.3760773 -0.873675 -0.3630838 -0.4424189 -0.8200217 -0.4138031 -0.5042206 -0.7579766 -0.4602791 -0.5608517 -0.6881776 -0.502038 -0.6117351 -0.6113412 -0.5386543 -0.6563522 -0.5282549 -0.5697553 -0.6942489 -0.4397697 -0.5950244 -0.7250393 -0.346791 -0.6142045 -0.7484103 -0.2502695 -0.6271006 -0.7641243 -0.1511915 -0.6335816 -0.7720214 -0.05056932 -0.6335816 -0.7720214 0.05056932 -0.6271006 -0.7641243 0.1511915 -0.6142045 -0.7484103 0.2502695 -0.5950244 -0.7250393 0.346791 -0.5697553 -0.6942489 0.4397697 -0.5386543 -0.6563522 0.5282549 -0.502038 -0.6117351 0.6113412 -0.4602791 -0.5608517 0.6881776 -0.4138031 -0.5042206 0.7579766 -0.3630838 -0.4424189 0.8200217 -0.3086387 -0.3760773 0.873675 -0.2510236 -0.3058731 0.9183838 -0.1908272 -0.2325236 0.9536864 -0.1286652 -0.156779 0.9792168 -0.06517402 -0.07941477 0.9947088 -0.05707618 -0.08542054 -0.9947088 -0.1126786 -0.1686355 -0.9792168 -0.167117 -0.2501083 -0.9536864 -0.219834 -0.3290048 -0.9183838 -0.2702905 -0.4045183 -0.873675 -0.3179709 -0.475877 -0.8200217 -0.3623883 -0.5423524 -0.7579766 -0.4030897 -0.6032663 -0.6881776 -0.43966 -0.6579977 -0.6113412 -0.4717268 -0.7059891 -0.5282549 -0.4989635 -0.7467516 -0.4397697 -0.5210929 -0.7798706 -0.346791 -0.5378899 -0.8050091 -0.2502695 -0.5491837 -0.8219114 -0.1511915 -0.5548594 -0.8304058 -0.05056932 -0.5548594 -0.8304058 0.05056932 -0.5491837 -0.8219114 0.1511915 -0.5378899 -0.8050091 0.2502695 -0.5210929 -0.7798706 0.346791 -0.4989635 -0.7467516 0.4397697 -0.4717268 -0.7059891 0.5282549 -0.43966 -0.6579977 0.6113412 -0.4030897 -0.6032663 0.6881776 -0.3623883 -0.5423524 0.7579766 -0.3179709 -0.475877 0.8200217 -0.2702905 -0.4045183 0.873675 -0.219834 -0.3290048 0.9183838 -0.167117 -0.2501083 0.9536864 -0.1126786 -0.1686355 0.9792168 -0.05707618 -0.08542054 0.9947088 -0.04842866 -0.09060366 -0.9947088 -0.09560689 -0.1788679 -0.9792168 -0.1417974 -0.2652843 -0.9536864 -0.1865273 -0.3489681 -0.9183838 -0.2293392 -0.4290635 -0.873675 -0.2697956 -0.5047521 -0.8200217 -0.3074835 -0.5752611 -0.7579766 -0.3420182 -0.6398711 -0.6881776 -0.3730479 -0.6979235 -0.6113412 -0.4002563 -0.7488268 -0.5282549 -0.4233664 -0.7920628 -0.4397697 -0.442143 -0.8271914 -0.346791 -0.4563951 -0.8538552 -0.2502695 -0.4659778 -0.8717831 -0.1511915 -0.4707936 -0.8807929 -0.05056932 -0.4707936 -0.8807929 0.05056932 -0.4659778 -0.8717831 0.1511915 -0.4563951 -0.8538552 0.2502695 -0.442143 -0.8271914 0.346791 -0.4233664 -0.7920628 0.4397697 -0.4002563 -0.7488268 0.5282549 -0.3730479 -0.6979235 0.6113412 -0.3420182 -0.6398711 0.6881776 -0.3074835 -0.5752611 0.7579766 -0.2697956 -0.5047521 0.8200217 -0.2293392 -0.4290635 0.873675 -0.1865273 -0.3489681 0.9183838 -0.1417974 -0.2652843 0.9536864 -0.09560689 -0.1788679 0.9792168 -0.04842866 -0.09060366 0.9947088 -0.03931475 -0.09491421 -0.9947088 -0.0776144 -0.1873777 -0.9792168 -0.1151122 -0.2779054 -0.9536864 -0.1514243 -0.3655706 -0.9183838 -0.1861793 -0.4494767 -0.873675 -0.2190221 -0.5287662 -0.8200217 -0.2496174 -0.6026297 -0.7579766 -0.277653 -0.6703136 -0.6881776 -0.3028431 -0.7311279 -0.6113412 -0.3249311 -0.784453 -0.5282549 -0.343692 -0.829746 -0.4397697 -0.358935 -0.8665458 -0.346791 -0.370505 -0.8944782 -0.2502695 -0.3782843 -0.9132591 -0.1511915 -0.3821938 -0.9226975 -0.05056932 -0.3821938 -0.9226975 0.05056932 -0.3782843 -0.9132591 0.1511915 -0.370505 -0.8944782 0.2502695 -0.358935 -0.8665458 0.346791 -0.343692 -0.829746 0.4397697 -0.3249311 -0.784453 0.5282549 -0.3028431 -0.7311279 0.6113412 -0.277653 -0.6703136 0.6881776 -0.2496174 -0.6026297 0.7579766 -0.2190221 -0.5287662 0.8200217 -0.1861793 -0.4494767 0.873675 -0.1514243 -0.3655706 0.9183838 -0.1151122 -0.2779054 0.9536864 -0.0776144 -0.1873777 0.9792168 -0.03931475 -0.09491421 0.9947088 -0.02982222 -0.0983107 -0.9947088 -0.05887443 -0.194083 -0.9792168 -0.0873184 -0.2878502 -0.9536864 -0.114863 -0.3786525 -0.9183838 -0.1412264 -0.4655611 -0.873675 -0.1661393 -0.547688 -0.8200217 -0.1893474 -0.6241947 -0.7579766 -0.2106138 -0.6943006 -0.6881776 -0.2297218 -0.7572912 -0.6113412 -0.2464766 -0.8125245 -0.5282549 -0.2607077 -0.8594382 -0.4397697 -0.2722703 -0.8975549 -0.346791 -0.2810467 -0.9264869 -0.2502695 -0.2869477 -0.9459398 -0.1511915 -0.2899133 -0.955716 -0.05056932 -0.2899133 -0.955716 0.05056932 -0.2869477 -0.9459398 0.1511915 -0.2810467 -0.9264869 0.2502695 -0.2722703 -0.8975549 0.346791 -0.2607077 -0.8594382 0.4397697 -0.2464766 -0.8125245 0.5282549 -0.2297218 -0.7572912 0.6113412 -0.2106138 -0.6943006 0.6881776 -0.1893474 -0.6241947 0.7579766 -0.1661393 -0.547688 0.8200217 -0.1412264 -0.4655611 0.873675 -0.114863 -0.3786525 0.9183838 -0.0873184 -0.2878502 0.9536864 -0.05887443 -0.194083 0.9792168 -0.02982222 -0.0983107 0.9947088 -0.02004249 -0.1007604 -0.9947088 -0.03956748 -0.1989191 -0.9792168 -0.05868369 -0.2950228 -0.9536864 -0.07719544 -0.3880877 -0.9183838 -0.0949134 -0.4771619 -0.873675 -0.1116565 -0.5613352 -0.8200217 -0.1272538 -0.6397483 -0.7579766 -0.1415463 -0.7116012 -0.6881776 -0.1543881 -0.7761613 -0.6113412 -0.1656484 -0.8327709 -0.5282549 -0.1752127 -0.8808536 -0.4397697 -0.1829835 -0.9199201 -0.346791 -0.1888818 -0.949573 -0.2502695 -0.1928477 -0.9695107 -0.1511915 -0.1948407 -0.9795304 -0.05056932 -0.1948407 -0.9795304 0.05056932 -0.1928477 -0.9695107 0.1511915 -0.1888818 -0.949573 0.2502695 -0.1829835 -0.9199201 0.346791 -0.1752127 -0.8808536 0.4397697 -0.1656484 -0.8327709 0.5282549 -0.1543881 -0.7761613 0.6113412 -0.1415463 -0.7116012 0.6881776 -0.1272538 -0.6397483 0.7579766 -0.1116565 -0.5613352 0.8200217 -0.0949134 -0.4771619 0.873675 -0.07719544 -0.3880877 0.9183838 -0.05868369 -0.2950228 0.9536864 -0.03956748 -0.1989191 0.9792168 -0.02004249 -0.1007604 0.9947088 -0.01006973 -0.1022397 -0.9947088 -0.01987946 -0.2018396 -0.9792168 -0.02948382 -0.2993542 -0.9536864 -0.03878448 -0.3937854 -0.9183838 -0.04768632 -0.4841674 -0.873675 -0.05609839 -0.5695765 -0.8200217 -0.06393479 -0.6491408 -0.7579766 -0.07111558 -0.7220486 -0.6881776 -0.07756755 -0.7875565 -0.6113412 -0.08322497 -0.8449973 -0.5282549 -0.08803023 -0.8937859 -0.4397697 -0.09193443 -0.933426 -0.346791 -0.09489786 -0.9635142 -0.2502695 -0.09689038 -0.9837446 -0.1511915 -0.09789173 -0.9939114 -0.05056932 -0.09789173 -0.9939114 0.05056932 -0.09689038 -0.9837446 0.1511915 -0.09489786 -0.9635142 0.2502695 -0.09193443 -0.933426 0.346791 -0.08803023 -0.8937859 0.4397697 -0.08322497 -0.8449973 0.5282549 -0.07756755 -0.7875565 0.6113412 -0.07111558 -0.7220486 0.6881776 -0.06393479 -0.6491408 0.7579766 -0.05609839 -0.5695765 0.8200217 -0.04768632 -0.4841674 0.873675 -0.03878448 -0.3937854 0.9183838 -0.02948382 -0.2993542 0.9536864 -0.01987946 -0.2018396 0.9792168 -0.01006973 -0.1022397 0.9947088 2.211944e-18 -0.1027344 -0.9947088 6.637128e-18 -0.2028162 -0.9792168 -5.698091e-17 -0.3008027 -0.9536864 -7.746759e-18 -0.3956908 -0.9183838 -1.328335e-17 -0.48651 -0.873675 -1.328661e-17 -0.5723324 -0.8200217 2.547222e-17 -0.6522817 -0.7579766 7.754256e-17 -0.7255422 -0.6881776 -4.431997e-18 -0.7913672 -0.6113412 3.546325e-17 -0.8490858 -0.5282549 7.980673e-17 -0.8981106 -0.4397697 4.434376e-18 -0.9379424 -0.346791 1.330469e-17 -0.9681762 -0.2502695 -7.98345e-17 -0.9885045 -0.1511915 -6.874916e-17 -0.9987206 -0.05056932 7.096687e-17 -0.9987206 0.05056932 8.205212e-17 -0.9885045 0.1511915 2.217448e-18 -0.9681762 0.2502695 1.330313e-17 -0.9379424 0.346791 -7.093931e-17 -0.8981106 0.4397697 -2.216453e-18 -0.8490858 0.5282549 1.994399e-17 -0.7913672 0.6113412 -9.748208e-17 -0.7255422 0.6881776 -1.550483e-17 -0.6522817 0.7579766 -2.103713e-17 -0.5723324 0.8200217 2.213892e-18 -0.48651 0.873675 2.7667e-18 -0.3956908 0.9183838 2.323493e-17 -0.3008027 0.9536864 4.286478e-17 -0.2028162 0.9792168 -6.774077e-18 -0.1027344 0.9947088 0.01006973 -0.1022397 -0.9947088 0.01987946 -0.2018396 -0.9792168 0.02948382 -0.2993542 -0.9536864 0.03878448 -0.3937854 -0.9183838 0.04768632 -0.4841674 -0.873675 0.05609839 -0.5695765 -0.8200217 0.06393479 -0.6491408 -0.7579766 0.07111558 -0.7220486 -0.6881776 0.07756755 -0.7875565 -0.6113412 0.08322497 -0.8449973 -0.5282549 0.08803023 -0.8937859 -0.4397697 0.09193443 -0.933426 -0.346791 0.09489786 -0.9635142 -0.2502695 0.09689038 -0.9837446 -0.1511915 0.09789173 -0.9939114 -0.05056932 0.09789173 -0.9939114 0.05056932 0.09689038 -0.9837446 0.1511915 0.09489786 -0.9635142 0.2502695 0.09193443 -0.933426 0.346791 0.08803023 -0.8937859 0.4397697 0.08322497 -0.8449973 0.5282549 0.07756755 -0.7875565 0.6113412 0.07111558 -0.7220486 0.6881776 0.06393479 -0.6491408 0.7579766 0.05609839 -0.5695765 0.8200217 0.04768632 -0.4841674 0.873675 0.03878448 -0.3937854 0.9183838 0.02948382 -0.2993542 0.9536864 0.01987946 -0.2018396 0.9792168 0.01006973 -0.1022397 0.9947088 0.02004249 -0.1007604 -0.9947088 0.03956748 -0.1989191 -0.9792168 0.05868369 -0.2950228 -0.9536864 0.07719544 -0.3880877 -0.9183838 0.0949134 -0.4771619 -0.873675 0.1116565 -0.5613352 -0.8200217 0.1272538 -0.6397483 -0.7579766 0.1415463 -0.7116012 -0.6881776 0.1543881 -0.7761613 -0.6113412 0.1656484 -0.8327709 -0.5282549 0.1752127 -0.8808536 -0.4397697 0.1829835 -0.9199201 -0.346791 0.1888818 -0.949573 -0.2502695 0.1928477 -0.9695107 -0.1511915 0.1948407 -0.9795304 -0.05056932 0.1948407 -0.9795304 0.05056932 0.1928477 -0.9695107 0.1511915 0.1888818 -0.949573 0.2502695 0.1829835 -0.9199201 0.346791 0.1752127 -0.8808536 0.4397697 0.1656484 -0.8327709 0.5282549 0.1543881 -0.7761613 0.6113412 0.1415463 -0.7116012 0.6881776 0.1272538 -0.6397483 0.7579766 0.1116565 -0.5613352 0.8200217 0.0949134 -0.4771619 0.873675 0.07719544 -0.3880877 0.9183838 0.05868369 -0.2950228 0.9536864 0.03956748 -0.1989191 0.9792168 0.02004249 -0.1007604 0.9947088 0.02982222 -0.0983107 -0.9947088 0.05887443 -0.194083 -0.9792168 0.0873184 -0.2878502 -0.9536864 0.114863 -0.3786525 -0.9183838 0.1412264 -0.4655611 -0.873675 0.1661393 -0.547688 -0.8200217 0.1893474 -0.6241947 -0.7579766 0.2106138 -0.6943006 -0.6881776 0.2297218 -0.7572912 -0.6113412 0.2464766 -0.8125245 -0.5282549 0.2607077 -0.8594382 -0.4397697 0.2722703 -0.8975549 -0.346791 0.2810467 -0.9264869 -0.2502695 0.2869477 -0.9459398 -0.1511915 0.2899133 -0.955716 -0.05056932 0.2899133 -0.955716 0.05056932 0.2869477 -0.9459398 0.1511915 0.2810467 -0.9264869 0.2502695 0.2722703 -0.8975549 0.346791 0.2607077 -0.8594382 0.4397697 0.2464766 -0.8125245 0.5282549 0.2297218 -0.7572912 0.6113412 0.2106138 -0.6943006 0.6881776 0.1893474 -0.6241947 0.7579766 0.1661393 -0.547688 0.8200217 0.1412264 -0.4655611 0.873675 0.114863 -0.3786525 0.9183838 0.0873184 -0.2878502 0.9536864 0.05887443 -0.194083 0.9792168 0.02982222 -0.0983107 0.9947088 0.03931475 -0.09491421 -0.9947088 0.0776144 -0.1873777 -0.9792168 0.1151122 -0.2779054 -0.9536864 0.1514243 -0.3655706 -0.9183838 0.1861793 -0.4494767 -0.873675 0.2190221 -0.5287662 -0.8200217 0.2496174 -0.6026297 -0.7579766 0.277653 -0.6703136 -0.6881776 0.3028431 -0.7311279 -0.6113412 0.3249311 -0.784453 -0.5282549 0.343692 -0.829746 -0.4397697 0.358935 -0.8665458 -0.346791 0.370505 -0.8944782 -0.2502695 0.3782843 -0.9132591 -0.1511915 0.3821938 -0.9226975 -0.05056932 0.3821938 -0.9226975 0.05056932 0.3782843 -0.9132591 0.1511915 0.370505 -0.8944782 0.2502695 0.358935 -0.8665458 0.346791 0.343692 -0.829746 0.4397697 0.3249311 -0.784453 0.5282549 0.3028431 -0.7311279 0.6113412 0.277653 -0.6703136 0.6881776 0.2496174 -0.6026297 0.7579766 0.2190221 -0.5287662 0.8200217 0.1861793 -0.4494767 0.873675 0.1514243 -0.3655706 0.9183838 0.1151122 -0.2779054 0.9536864 0.0776144 -0.1873777 0.9792168 0.03931475 -0.09491421 0.9947088 0.04842866 -0.09060366 -0.9947088 0.09560689 -0.1788679 -0.9792168 0.1417974 -0.2652843 -0.9536864 0.1865273 -0.3489681 -0.9183838 0.2293392 -0.4290635 -0.873675 0.2697956 -0.5047521 -0.8200217 0.3074835 -0.5752611 -0.7579766 0.3420182 -0.6398711 -0.6881776 0.3730479 -0.6979235 -0.6113412 0.4002563 -0.7488268 -0.5282549 0.4233664 -0.7920628 -0.4397697 0.442143 -0.8271914 -0.346791 0.4563951 -0.8538552 -0.2502695 0.4659778 -0.8717831 -0.1511915 0.4707936 -0.8807929 -0.05056932 0.4707936 -0.8807929 0.05056932 0.4659778 -0.8717831 0.1511915 0.4563951 -0.8538552 0.2502695 0.442143 -0.8271914 0.346791 0.4233664 -0.7920628 0.4397697 0.4002563 -0.7488268 0.5282549 0.3730479 -0.6979235 0.6113412 0.3420182 -0.6398711 0.6881776 0.3074835 -0.5752611 0.7579766 0.2697956 -0.5047521 0.8200217 0.2293392 -0.4290635 0.873675 0.1865273 -0.3489681 0.9183838 0.1417974 -0.2652843 0.9536864 0.09560689 -0.1788679 0.9792168 0.04842866 -0.09060366 0.9947088 0.05707618 -0.08542054 -0.9947088 0.1126786 -0.1686355 -0.9792168 0.167117 -0.2501083 -0.9536864 0.219834 -0.3290048 -0.9183838 0.2702905 -0.4045183 -0.873675 0.3179709 -0.475877 -0.8200217 0.3623883 -0.5423524 -0.7579766 0.4030897 -0.6032663 -0.6881776 0.43966 -0.6579977 -0.6113412 0.4717268 -0.7059891 -0.5282549 0.4989635 -0.7467516 -0.4397697 0.5210929 -0.7798706 -0.346791 0.5378899 -0.8050091 -0.2502695 0.5491837 -0.8219114 -0.1511915 0.5548594 -0.8304058 -0.05056932 0.5548594 -0.8304058 0.05056932 0.5491837 -0.8219114 0.1511915 0.5378899 -0.8050091 0.2502695 0.5210929 -0.7798706 0.346791 0.4989635 -0.7467516 0.4397697 0.4717268 -0.7059891 0.5282549 0.43966 -0.6579977 0.6113412 0.4030897 -0.6032663 0.6881776 0.3623883 -0.5423524 0.7579766 0.3179709 -0.475877 0.8200217 0.2702905 -0.4045183 0.873675 0.219834 -0.3290048 0.9183838 0.167117 -0.2501083 0.9536864 0.1126786 -0.1686355 0.9792168 0.05707618 -0.08542054 0.9947088 0.06517402 -0.07941477 -0.9947088 0.1286652 -0.156779 -0.9792168 0.1908272 -0.2325236 -0.9536864 0.2510236 -0.3058731 -0.9183838 0.3086387 -0.3760773 -0.873675 0.3630838 -0.4424189 -0.8200217 0.4138031 -0.5042206 -0.7579766 0.4602791 -0.5608517 -0.6881776 0.502038 -0.6117351 -0.6113412 0.5386543 -0.6563522 -0.5282549 0.5697553 -0.6942489 -0.4397697 0.5950244 -0.7250393 -0.346791 0.6142045 -0.7484103 -0.2502695 0.6271006 -0.7641243 -0.1511915 0.6335816 -0.7720214 -0.05056932 0.6335816 -0.7720214 0.05056932 0.6271006 -0.7641243 0.1511915 0.6142045 -0.7484103 0.2502695 0.5950244 -0.7250393 0.346791 0.5697553 -0.6942489 0.4397697 0.5386543 -0.6563522 0.5282549 0.502038 -0.6117351 0.6113412 0.4602791 -0.5608517 0.6881776 0.4138031 -0.5042206 0.7579766 0.3630838 -0.4424189 0.8200217 0.3086387 -0.3760773 0.873675 0.2510236 -0.3058731 0.9183838 0.1908272 -0.2325236 0.9536864 0.1286652 -0.156779 0.9792168 0.06517402 -0.07941477 0.9947088 0.07264419 -0.07264419 -0.9947088 0.1434127 -0.1434127 -0.9792168 0.2126996 -0.2126996 -0.9536864 0.2797956 -0.2797956 -0.9183838 0.3440145 -0.3440145 -0.873675 0.4047001 -0.4047001 -0.8200217 0.4612328 -0.4612328 -0.7579766 0.5130358 -0.5130358 -0.6881776 0.5595811 -0.5595811 -0.6113412 0.6003943 -0.6003943 -0.5282549 0.6350601 -0.6350601 -0.4397697 0.6632254 -0.6632254 -0.346791 0.684604 -0.684604 -0.2502695 0.6989782 -0.6989782 -0.1511915 0.7062021 -0.7062021 -0.05056932 0.7062021 -0.7062021 0.05056932 0.6989782 -0.6989782 0.1511915 0.684604 -0.684604 0.2502695 0.6632254 -0.6632254 0.346791 0.6350601 -0.6350601 0.4397697 0.6003943 -0.6003943 0.5282549 0.5595811 -0.5595811 0.6113412 0.5130358 -0.5130358 0.6881776 0.4612328 -0.4612328 0.7579766 0.4047001 -0.4047001 0.8200217 0.3440145 -0.3440145 0.873675 0.2797956 -0.2797956 0.9183838 0.2126996 -0.2126996 0.9536864 0.1434127 -0.1434127 0.9792168 0.07264419 -0.07264419 0.9947088 0.07941477 -0.06517402 -0.9947088 0.156779 -0.1286652 -0.9792168 0.2325236 -0.1908272 -0.9536864 0.3058731 -0.2510236 -0.9183838 0.3760773 -0.3086387 -0.873675 0.4424189 -0.3630838 -0.8200217 0.5042206 -0.4138031 -0.7579766 0.5608517 -0.4602791 -0.6881776 0.6117351 -0.502038 -0.6113412 0.6563522 -0.5386543 -0.5282549 0.6942489 -0.5697553 -0.4397697 0.7250393 -0.5950244 -0.346791 0.7484103 -0.6142045 -0.2502695 0.7641243 -0.6271006 -0.1511915 0.7720214 -0.6335816 -0.05056932 0.7720214 -0.6335816 0.05056932 0.7641243 -0.6271006 0.1511915 0.7484103 -0.6142045 0.2502695 0.7250393 -0.5950244 0.346791 0.6942489 -0.5697553 0.4397697 0.6563522 -0.5386543 0.5282549 0.6117351 -0.502038 0.6113412 0.5608517 -0.4602791 0.6881776 0.5042206 -0.4138031 0.7579766 0.4424189 -0.3630838 0.8200217 0.3760773 -0.3086387 0.873675 0.3058731 -0.2510236 0.9183838 0.2325236 -0.1908272 0.9536864 0.156779 -0.1286652 0.9792168 0.07941477 -0.06517402 0.9947088 0.08542054 -0.05707618 -0.9947088 0.1686355 -0.1126786 -0.9792168 0.2501083 -0.167117 -0.9536864 0.3290048 -0.219834 -0.9183838 0.4045183 -0.2702905 -0.873675 0.475877 -0.3179709 -0.8200217 0.5423524 -0.3623883 -0.7579766 0.6032663 -0.4030897 -0.6881776 0.6579977 -0.43966 -0.6113412 0.7059891 -0.4717268 -0.5282549 0.7467516 -0.4989635 -0.4397697 0.7798706 -0.5210929 -0.346791 0.8050091 -0.5378899 -0.2502695 0.8219114 -0.5491837 -0.1511915 0.8304058 -0.5548594 -0.05056932 0.8304058 -0.5548594 0.05056932 0.8219114 -0.5491837 0.1511915 0.8050091 -0.5378899 0.2502695 0.7798706 -0.5210929 0.346791 0.7467516 -0.4989635 0.4397697 0.7059891 -0.4717268 0.5282549 0.6579977 -0.43966 0.6113412 0.6032663 -0.4030897 0.6881776 0.5423524 -0.3623883 0.7579766 0.475877 -0.3179709 0.8200217 0.4045183 -0.2702905 0.873675 0.3290048 -0.219834 0.9183838 0.2501083 -0.167117 0.9536864 0.1686355 -0.1126786 0.9792168 0.08542054 -0.05707618 0.9947088 0.09060366 -0.04842866 -0.9947088 0.1788679 -0.09560689 -0.9792168 0.2652843 -0.1417974 -0.9536864 0.3489681 -0.1865273 -0.9183838 0.4290635 -0.2293392 -0.873675 0.5047521 -0.2697956 -0.8200217 0.5752611 -0.3074835 -0.7579766 0.6398711 -0.3420182 -0.6881776 0.6979235 -0.3730479 -0.6113412 0.7488268 -0.4002563 -0.5282549 0.7920628 -0.4233664 -0.4397697 0.8271914 -0.442143 -0.346791 0.8538552 -0.4563951 -0.2502695 0.8717831 -0.4659778 -0.1511915 0.8807929 -0.4707936 -0.05056932 0.8807929 -0.4707936 0.05056932 0.8717831 -0.4659778 0.1511915 0.8538552 -0.4563951 0.2502695 0.8271914 -0.442143 0.346791 0.7920628 -0.4233664 0.4397697 0.7488268 -0.4002563 0.5282549 0.6979235 -0.3730479 0.6113412 0.6398711 -0.3420182 0.6881776 0.5752611 -0.3074835 0.7579766 0.5047521 -0.2697956 0.8200217 0.4290635 -0.2293392 0.873675 0.3489681 -0.1865273 0.9183838 0.2652843 -0.1417974 0.9536864 0.1788679 -0.09560689 0.9792168 0.09060366 -0.04842866 0.9947088 0.09491421 -0.03931475 -0.9947088 0.1873777 -0.0776144 -0.9792168 0.2779054 -0.1151122 -0.9536864 0.3655706 -0.1514243 -0.9183838 0.4494767 -0.1861793 -0.873675 0.5287662 -0.2190221 -0.8200217 0.6026297 -0.2496174 -0.7579766 0.6703136 -0.277653 -0.6881776 0.7311279 -0.3028431 -0.6113412 0.784453 -0.3249311 -0.5282549 0.829746 -0.343692 -0.4397697 0.8665458 -0.358935 -0.346791 0.8944782 -0.370505 -0.2502695 0.9132591 -0.3782843 -0.1511915 0.9226975 -0.3821938 -0.05056932 0.9226975 -0.3821938 0.05056932 0.9132591 -0.3782843 0.1511915 0.8944782 -0.370505 0.2502695 0.8665458 -0.358935 0.346791 0.829746 -0.343692 0.4397697 0.784453 -0.3249311 0.5282549 0.7311279 -0.3028431 0.6113412 0.6703136 -0.277653 0.6881776 0.6026297 -0.2496174 0.7579766 0.5287662 -0.2190221 0.8200217 0.4494767 -0.1861793 0.873675 0.3655706 -0.1514243 0.9183838 0.2779054 -0.1151122 0.9536864 0.1873777 -0.0776144 0.9792168 0.09491421 -0.03931475 0.9947088 0.0983107 -0.02982222 -0.9947088 0.194083 -0.05887443 -0.9792168 0.2878502 -0.0873184 -0.9536864 0.3786525 -0.114863 -0.9183838 0.4655611 -0.1412264 -0.873675 0.547688 -0.1661393 -0.8200217 0.6241947 -0.1893474 -0.7579766 0.6943006 -0.2106138 -0.6881776 0.7572912 -0.2297218 -0.6113412 0.8125245 -0.2464766 -0.5282549 0.8594382 -0.2607077 -0.4397697 0.8975549 -0.2722703 -0.346791 0.9264869 -0.2810467 -0.2502695 0.9459398 -0.2869477 -0.1511915 0.955716 -0.2899133 -0.05056932 0.955716 -0.2899133 0.05056932 0.9459398 -0.2869477 0.1511915 0.9264869 -0.2810467 0.2502695 0.8975549 -0.2722703 0.346791 0.8594382 -0.2607077 0.4397697 0.8125245 -0.2464766 0.5282549 0.7572912 -0.2297218 0.6113412 0.6943006 -0.2106138 0.6881776 0.6241947 -0.1893474 0.7579766 0.547688 -0.1661393 0.8200217 0.4655611 -0.1412264 0.873675 0.3786525 -0.114863 0.9183838 0.2878502 -0.0873184 0.9536864 0.194083 -0.05887443 0.9792168 0.0983107 -0.02982222 0.9947088 0.1007604 -0.02004249 -0.9947088 0.1989191 -0.03956748 -0.9792168 0.2950228 -0.05868369 -0.9536864 0.3880877 -0.07719544 -0.9183838 0.4771619 -0.0949134 -0.873675 0.5613352 -0.1116565 -0.8200217 0.6397483 -0.1272538 -0.7579766 0.7116012 -0.1415463 -0.6881776 0.7761613 -0.1543881 -0.6113412 0.8327709 -0.1656484 -0.5282549 0.8808536 -0.1752127 -0.4397697 0.9199201 -0.1829835 -0.346791 0.949573 -0.1888818 -0.2502695 0.9695107 -0.1928477 -0.1511915 0.9795304 -0.1948407 -0.05056932 0.9795304 -0.1948407 0.05056932 0.9695107 -0.1928477 0.1511915 0.949573 -0.1888818 0.2502695 0.9199201 -0.1829835 0.346791 0.8808536 -0.1752127 0.4397697 0.8327709 -0.1656484 0.5282549 0.7761613 -0.1543881 0.6113412 0.7116012 -0.1415463 0.6881776 0.6397483 -0.1272538 0.7579766 0.5613352 -0.1116565 0.8200217 0.4771619 -0.0949134 0.873675 0.3880877 -0.07719544 0.9183838 0.2950228 -0.05868369 0.9536864 0.1989191 -0.03956748 0.9792168 0.1007604 -0.02004249 0.9947088 0.1022397 -0.01006973 -0.9947088 0.2018396 -0.01987946 -0.9792168 0.2993542 -0.02948382 -0.9536864 0.3937854 -0.03878448 -0.9183838 0.4841674 -0.04768632 -0.873675 0.5695765 -0.05609839 -0.8200217 0.6491408 -0.06393479 -0.7579766 0.7220486 -0.07111558 -0.6881776 0.7875565 -0.07756755 -0.6113412 0.8449973 -0.08322497 -0.5282549 0.8937859 -0.08803023 -0.4397697 0.933426 -0.09193443 -0.346791 0.9635142 -0.09489786 -0.2502695 0.9837446 -0.09689038 -0.1511915 0.9939114 -0.09789173 -0.05056932 0.9939114 -0.09789173 0.05056932 0.9837446 -0.09689038 0.1511915 0.9635142 -0.09489786 0.2502695 0.933426 -0.09193443 0.346791 0.8937859 -0.08803023 0.4397697 0.8449973 -0.08322497 0.5282549 0.7875565 -0.07756755 0.6113412 0.7220486 -0.07111558 0.6881776 0.6491408 -0.06393479 0.7579766 0.5695765 -0.05609839 0.8200217 0.4841674 -0.04768632 0.873675 0.3937854 -0.03878448 0.9183838 0.2993542 -0.02948382 0.9536864 0.2018396 -0.01987946 0.9792168 0.1022397 -0.01006973 0.9947088</float_array>
          <technique_common>
            <accessor count="1922" source="#normals-array-array" stride="3">
              <param type="float" name="X"/>
              <param type="float" name="Y"/>
              <param type="float" name="Z"/>
            </accessor>
          </technique_common>
        </source>
        <vertices id="verts-array-vertices">
          <input semantic="POSITION" source="#verts-array"/>
        </vertices>
        <triangles count="3840" material="material0">
          <input offset="0" semantic="VERTEX" source="#verts-array-vertices"/>
          <input offset="1" semantic="NORMAL" source="#normals-array"/>
          <p>1 1 0 0 32 32 1 1 32 32 2 2 2 2 32 32 33 33 2 2 33 33 3 3 3 3 33 33 34 34 3 3 34 34 4 4 4 4 34 34 35 35 4 4 35 35 5 5 5 5 35 35 36 36 5 5 36 36 6 6 6 6 36 36 37 37 6 6 37 37 7 7 7 7 37 37 38 38 7 7 38 38 8 8 8 8 38 38 39 39 8 8 39 39 9 9 9 9 39 39 40 40 9 9 40 40 10 10 10 10 40 40 41 41 10 10 41 41 11 11 11 11 41 41 42 42 11 11 42 42 12 12 12 12 42 42 43 43 12 12 43 43 13 13 13 13 43 43 44 44 13 13 44 44 14 14 14 14 44 44 45 45 14 14 45 45 15 15 15 15 45 45 46 46 15 15 46 46 16 16 16 16 46 46 47 47 16 16 47 47 17 17 17 17 47 47 48 48 17 17 48 48 18 18 18 18 48 48 49 49 18 18 49 49 19 19 19 19 49 49 50 50 19 19 50 50 20 20 20 20 50 50 51 51 20 20 51 51 21 21 21 21 51 51 52 52 21 21 52 52 22 22 22 22 52 52 53 53 22 22 53 53 23 23 23 23 53 53 54 54 23 23 54 54 24 24 24 24 54 54 55 55 24 24 55 55 25 25 25 25 55 55 56 56 25 25 56 56 26 26 26 26 56 56 57 57 26 26 57 57 27 27 27 27 57 57 58 58 27 27 58 58 28 28 28 28 58 58 59 59 28 28 59 59 29 29 29 29 59 59 60 60 29 29 60 60 30 30 30 30 60 60 61 61 30 30 61 61 31 31 32 32 0 0 62 62 32 32 62 62 33 33 33 33 62 62 63 63 33 33 63 63 34 34 34 34 63 63 64 64 34 34 64 64 35 35 35 35 64 64 65 65 35 35 65 65 36 36 36 36 65 65 66 66 36 36 66 66 37 37 37 37 66 66 67 67 37 37 67 67 38 38 38 38 67 67 68 68 38 38 68 68 39 39 39 39 68 68 69 69 39 39 69 69 40 40 40 40 69 69 70 70 40 40 70 70 41 41 41 41 70 70 71 71 41 41 71 71 42 42 42 42 71 71 72 72 42 42 72 72 43 43 43 43 72 72 73 73 43 43 73 73 44 44 44 44 73 73 74 74 44 44 74 74 45 45 45 45 74 74 75 75 45 45 75 75 46 46 46 46 75 75 76 76 46 46 76 76 47 47 47 47 76 76 77 77 47 47 77 77 48 48 48 48 77 77 78 78 48 48 78 78 49 49 49 49 78 78 79 79 49 49 79 79 50 50 50 50 79 79 80 80 50 50 80 80 51 51 51 51 80 80 81 81 51 51 81 81 52 52 52 52 81 81 82 82 52 52 82 82 53 53 53 53 82 82 83 83 53 53 83 83 54 54 54 54 83 83 84 84 54 54 84 84 55 55 55 55 84 84 85 85 55 55 85 85 56 56 56 56 85 85 86 86 56 56 86 86 57 57 57 57 86 86 87 87 57 57 87 87 58 58 58 58 87 87 88 88 58 58 88 88 59 59 59 59 88 88 89 89 59 59 89 89 60 60 60 60 89 89 90 90 60 60 90 90 61 61 61 61 90 90 91 91 61 61 91 91 31 31 62 62 0 0 92 92 62 62 92 92 63 63 63 63 92 92 93 93 63 63 93 93 64 64 64 64 93 93 94 94 64 64 94 94 65 65 65 65 94 94 95 95 65 65 95 95 66 66 66 66 95 95 96 96 66 66 96 96 67 67 67 67 96 96 97 97 67 67 97 97 68 68 68 68 97 97 98 98 68 68 98 98 69 69 69 69 98 98 99 99 69 69 99 99 70 70 70 70 99 99 100 100 70 70 100 100 71 71 71 71 100 100 101 101 71 71 101 101 72 72 72 72 101 101 102 102 72 72 102 102 73 73 73 73 102 102 103 103 73 73 103 103 74 74 74 74 103 103 104 104 74 74 104 104 75 75 75 75 104 104 105 105 75 75 105 105 76 76 76 76 105 105 106 106 76 76 106 106 77 77 77 77 106 106 107 107 77 77 107 107 78 78 78 78 107 107 108 108 78 78 108 108 79 79 79 79 108 108 109 109 79 79 109 109 80 80 80 80 109 109 110 110 80 80 110 110 81 81 81 81 110 110 111 111 81 81 111 111 82 82 82 82 111 111 112 112 82 82 112 112 83 83 83 83 112 112 113 113 83 83 113 113 84 84 84 84 113 113 114 114 84 84 114 114 85 85 85 85 114 114 115 115 85 85 115 115 86 86 86 86 115 115 116 116 86 86 116 116 87 87 87 87 116 116 117 117 87 87 117 117 88 88 88 88 117 117 118 118 88 88 118 118 89 89 89 89 118 118 119 119 89 89 119 119 90 90 90 90 119 119 120 120 90 90 120 120 91 91 91 91 120 120 121 121 91 91 121 121 31 31 92 92 0 0 122 122 92 92 122 122 93 93 93 93 122 122 123 123 93 93 123 123 94 94 94 94 123 123 124 124 94 94 124 124 95 95 95 95 124 124 125 125 95 95 125 125 96 96 96 96 125 125 126 126 96 96 126 126 97 97 97 97 126 126 127 127 97 97 127 127 98 98 98 98 127 127 128 128 98 98 128 128 99 99 99 99 128 128 129 129 99 99 129 129 100 100 100 100 129 129 130 130 100 100 130 130 101 101 101 101 130 130 131 131 101 101 131 131 102 102 102 102 131 131 132 132 102 102 132 132 103 103 103 103 132 132 133 133 103 103 133 133 104 104 104 104 133 133 134 134 104 104 134 134 105 105 105 105 134 134 135 135 105 105 135 135 106 106 106 106 135 135 136 136 106 106 136 136 107 107 107 107 136 136 137 137 107 107 137 137 108 108 108 108 137 137 138 138 108 108 138 138 109 109 109 109 138 138 139 139 109 109 139 139 110 110 110 110 139 139 140 140 110 110 140 140 111 111 111 111 140 140 141 141 111 111 141 141 112 112 112 112 141 141 142 142 112 112 142 142 113 113 113 113 142 142 143 143 113 113 143 143 114 114 114 114 143 143 144 144 114 114 144 144 115 115 115 115 144 144 145 145 115 115 145 145 116 116 116 116 145 145 146 146 116 116 146 146 117 117 117 117 146 146 147 147 117 117 147 147 118 118 118 118 147 147 148 148 118 118 148 148 119 119 119 119 148 148 149 149 119 119 149 149 120 120 120 120 149 149 150 150 120 120 150 150 121 121 121 121 150 150 151 151 121 121 151 151 31 31 122 122 0 0 152 152 122 122 152 152 123 123 123 123 152 152 153 153 123 123 153 153 124 124 124 124 153 153 154 154 124 124 154 154 125 125 125 125 154 154 155 155 125 125 155 155 126 126 126 126 155 155 156 156 126 126 156 156 127 127 127 127 156 156 157 157 127 127 157 157 128 128 128 128 157 157 158 158 128 128 158 158 129 129 129 129 158 158 159 159 129 129 159 159 130 130 130 130 159 159 160 160 130 130 160 160 131 131 131 131 160 160 161 161 131 131 161 161 132 132 132 132 161 161 162 162 132 132 162 162 133 133 133 133 162 162 163 163 133 133 163 163 134 134 134 134 163 163 164 164 134 134 164 164 135 135 135 135 164 164 165 165 135 135 165 165 136 136 136 136 165 165 166 166 136 136 166 166 137 137 137 137 166 166 167 167 137 137 167 167 138 138 138 138 167 167 168 168 138 138 168 168 139 139 139 139 168 168 169 169 139 139 169 169 140 140 140 140 169 169 170 170 140 140 170 170 141 141 141 141 170 170 171 171 141 141 171 171 142 142 142 142 171 171 172 172 142 142 172 172 143 143 143 143 172 172 173 173 143 143 173 173 144 144 144 144 173 173 174 174 144 144 174 174 145 145 145 145 174 174 175 175 145 145 175 175 146 146 146 146 175 175 176 176 146 146 176 176 147 147 147 147 176 176 177 177 147 147 177 177 148 148 148 148 177 177 178 178 148 148 178 178 149 149 149 149 178 178 179 179 149 149 179 179 150 150 150 150 179 179 180 180 150 150 180 180 151 151 151 151 180 180 181 181 151 151 181 181 31 31 152 152 0 0 182 182 152 152 182 182 153 153 153 153 182 182 183 183 153 153 183 183 154 154 154 154 183 183 184 184 154 154 184 184 155 155 155 155 184 184 185 185 155 155 185 185 156 156 156 156 185 185 186 186 156 156 186 186 157 157 157 157 186 186 187 187 157 157 187 187 158 158 158 158 187 187 188 188 158 158 188 188 159 159 159 159 188 188 189 189 159 159 189 189 160 160 160 160 189 189 190 190 160 160 190 190 161 161 161 161 190 190 191 191 161 161 191 191 162 162 162 162 191 191 192 192 162 162 192 192 163 163 163 163 192 192 193 193 163 163 193 193 164 164 164 164 193 193 194 194 164 164 194 194 165 165 165 165 194 194 195 195 165 165 195 195 166 166 166 166 195 195 196 196 166 166 196 196 167 167 167 167 196 196 197 197 167 167 197 197 168 168 168 168 197 197 198 198 168 168 198 198 169 169 169 169 198 198 199 199 169 169 199 199 170 170 170 170 199 199 200 200 170 170 200 200 171 171 171 171 200 200 201 201 171 171 201 201 172 172 172 172 201 201 202 202 172 172 202 202 173 173 173 173 202 202 203 203 173 173 203 203 174 174 174 174 203 203 204 204 174 174 204 204 175 175 175 175 204 204 205 205 175 175 205 205 176 176 176 176 205 205 206 206 176 176 206 206 177 177 177 177 206 206 207 207 177 177 207 207 178 178 178 178 207 207 208 208 178 178 208 208 179 179 179 179 208 208 209 209 179 179 209 209 180 180 180 180 209 209 210 210 180 180 210 210 181 181 181 181 210 210 211 211 181 181 211 211 31 31 182 182 0 0 212 212 182 182 212 212 183 183 183 183 212 212 213 213 183 183 213 213 184 184 184 184 213 213 214 214 184 184 214 214 185 185 185 185 214 214 215 215 185 185 215 215 186 186 186 186 215 215 216 216 186 186 216 216 187 187 187 187 216 216 217 217 187 187 217 217 188 188 188 188 217 217 218 218 188 188 218 218 189 189 189 189 218 218 219 219 189 189 219 219 190 190 190 190 219 219 220 220 190 190 220 220 191 191 191 191 220 220 221 221 191 191 221 221 192 192 192 192 221 221 222 222 192 192 222 222 193 193 193 193 222 222 223 223 193 193 223 223 194 194 194 194 223 223 224 224 194 194 224 224 195 195 195 195 224 224 225 225 195 195 225 225 196 196 196 196 225 225 226 226 196 196 226 226 197 197 197 197 226 226 227 227 197 197 227 227 198 198 198 198 227 227 228 228 198 198 228 228 199 199 199 199 228 228 229 229 199 199 229 229 200 200 200 200 229 229 230 230 200 200 230 230 201 201 201 201 230 230 231 231 201 201 231 231 202 202 202 202 231 231 232 232 202 202 232 232 203 203 203 203 232 232 233 233 203 203 233 233 204 204 204 204 233 233 234 234 204 204 234 234 205 205 205 205 234 234 235 235 205 205 235 235 206 206 206 206 235 235 236 236 206 206 236 236 207 207 207 207 236 236 237 237 207 207 237 237 208 208 208 208 237 237 238 238 208 208 238 238 209 209 209 209 238 238 239 239 209 209 239 239 210 210 210 210 239 239 240 240 210 210 240 240 211 211 211 211 240 240 241 241 211 211 241 241 31 31 212 212 0 0 242 242 212 212 242 242 213 213 213 213 242 242 243 243 213 213 243 243 214 214 214 214 243 243 244 244 214 214 244 244 215 215 215 215 244 244 245 245 215 215 245 245 216 216 216 216 245 245 246 246 216 216 246 246 217 217 217 217 246 246 247 247 217 217 247 247 218 218 218 218 247 247 248 248 218 218 248 248 219 219 219 219 248 248 249 249 219 219 249 249 220 220 220 220 249 249 250 250 220 220 250 250 221 221 221 221 250 250 251 251 221 221 251 251 222 222 222 222 251 251 252 252 222 222 252 252 223 223 223 223 252 252 253 253 223 223 253 253 224 224 224 224 253 253 254 254 224 224 254 254 225 225 225 225 254 254 255 255 225 225 255 255 226 226 226 226 255 255 256 256 226 226 256 256 227 227 227 227 256 256 257 257 227 227 257 257 228 228 228 228 257 257 258 258 228 228 258 258 229 229 229 229 258 258 259 259 229 229 259 259 230 230 230 230 259 259 260 260 230 230 260 260 231 231 231 231 260 260 261 261 231 231 261 261 232 232 232 232 261 261 262 262 232 232 262 262 233 233 233 233 262 262 263 263 233 233 263 263 234 234 234 234 263 263 264 264 234 234 264 264 235 235 235 235 264 264 265 265 235 235 265 265 236 236 236 236 265 265 266 266 236 236 266 266 237 237 237 237 266 266 267 267 237 237 267 267 238 238 238 238 267 267 268 268 238 238 268 268 239 239 239 239 268 268 269 269 239 239 269 269 240 240 240 240 269 269 270 270 240 240 270 270 241 241 241 241 270 270 271 271 241 241 271 271 31 31 242 242 0 0 272 272 242 242 272 272 243 243 243 243 272 272 273 273 243 243 273 273 244 244 244 244 273 273 274 274 244 244 274 274 245 245 245 245 274 274 275 275 245 245 275 275 246 246 246 246 275 275 276 276 246 246 276 276 247 247 247 247 276 276 277 277 247 247 277 277 248 248 248 248 277 277 278 278 248 248 278 278 249 249 249 249 278 278 279 279 249 249 279 279 250 250 250 250 279 279 280 280 250 250 280 280 251 251 251 251 280 280 281 281 251 251 281 281 252 252 252 252 281 281 282 282 252 252 282 282 253 253 253 253 282 282 283 283 253 253 283 283 254 254 254 254 283 283 284 284 254 254 284 284 255 255 255 255 284 284 285 285 255 255 285 285 256 256 256 256 285 285 286 286 256 256 286 286 257 257 257 257 286 286 287 287 257 257 287 287 258 258 258 258 287 287 288 288 258 258 288 288 259 259 259 259 288 288 289 289 259 259 289 289 260 260 260 260 289 289 290 290 260 260 290 290 261 261 261 261 290 290 291 291 261 261 291 291 262 262 262 262 291 291 292 292 262 262 292 292 263 263 263 263 292 292 293 293 263 263 293 293 264 264 264 264 293 293 294 294 264 264 294 294 265 265 265 265 294 294 295 295 265 265 295 295 266 266 266 266 295 295 296 296 266 266 296 296 267 267 267 267 296 296 297 297 267 267 297 297 268 268 268 268 297 297 298 298 268 268 298 298 269 269 269 269 298 298 299 299 269 269 299 299 270 270 270 270 299 299 300 300 270 270 300 300 271 271 271 271 300 300 301 301 271 271 301 301 31 31 272 272 0 0 302 302 272 272 302 302 273 273 273 273 302 302 303 303 273 273 303 303 274 274 274 274 303 303 304 304 274 274 304 304 275 275 275 275 304 304 305 305 275 275 305 305 276 276 276 276 305 305 306 306 276 276 306 306 277 277 277 277 306 306 307 307 277 277 307 307 278 278 278 278 307 307 308 308 278 278 308 308 279 279 279 279 308 308 309 309 279 279 309 309 280 280 280 280 309 309 310 310 280 280 310 310 281 281 281 281 310 310 311 311 281 281 311 311 282 282 282 282 311 311 312 312 282 282 312 312 283 283 283 283 312 312 313 313 283 283 313 313 284 284 284 284 313 313 314 314 284 284 314 314 285 285 285 285 314 314 315 315 285 285 315 315 286 286 286 286 315 315 316 316 286 286 316 316 287 287 287 287 316 316 317 317 287 287 317 317 288 288 288 288 317 317 318 318 288 288 318 318 289 289 289 289 318 318 319 319 289 289 319 319 290 290 290 290 319 319 320 320 290 290 320 320 291 291 291 291 320 320 321 321 291 291 321 321 292 292 292 292 321 321 322 322 292 292 322 322 293 293 293 293 322 322 323 323 293 293 323 323 294 294 294 294 323 323 324 324 294 294 324 324 295 295 295 295 324 324 325 325 295 295 325 325 296 296 296 296 325 325 326 326 296 296 326 326 297 297 297 297 326 326 327 327 297 297 327 327 298 298 298 298 327 327 328 328 298 298 328 328 299 299 299 299 328 328 329 329 299 299 329 329 300 300 300 300 329 329 330 330 300 300 330 330 301 301 301 301 330 330 331 331 301 301 331 331 31 31 302 302 0 0 332 332 302 302 332 332 303 303 303 303 332 332 333 333 303 303 333 333 304 304 304 304 333 333 334 334 304 304 334 334 305 305 305 305 334 334 335 335 305 305 335 335 306 306 306 306 335 335 336 336 306 306 336 336 307 307 307 307 336 336 337 337 307 307 337 337 308 308 308 308 337 337 338 338 308 308 338 338 309 309 309 309 338 338 339 339 309 309 339 339 310 310 310 310 339 339 340 340 310 310 340 340 311 311 311 311 340 340 341 341 311 311 341 341 312 312 312 312 341 341 342 342 312 312 342 342 313 313 313 313 342 342 343 343 313 313 343 343 314 314 314 314 343 343 344 344 314 314 344 344 315 315 315 315 344 344 345 345 315 315 345 345 316 316 316 316 345 345 346 346 316 316 346 346 317 317 317 317 346 346 347 347 317 317 347 347 318 318 318 318 347 347 348 348 318 318 348 348 319 319 319 319 348 348 349 349 319 319 349 349 320 320 320 320 349 349 350 350 320 320 350 350 321 321 321 321 350 350 351 351 321 321 351 351 322 322 322 322 351 351 352 352 322 322 352 352 323 323 323 323 352 352 353 353 323 323 353 353 324 324 324 324 353 353 354 354 324 324 354 354 325 325 325 325 354 354 355 355 325 325 355 355 326 326 326 326 355 355 356 356 326 326 356 356 327 327 327 327 356 356 357 357 327 327 357 357 328 328 328 328 357 357 358 358 328 328 358 358 329 329 329 329 358 358 359 359 329 329 359 359 330 330 330 330 359 359 360 360 330 330 360 360 331 331 331 331 360 360 361 361 331 331 361 361 31 31 332 332 0 0 362 362 332 332 362 362 333 333 333 333 362 362 363 363 333 333 363 363 334 334 334 334 363 363 364 364 334 334 364 364 335 335 335 335 364 364 365 365 335 335 365 365 336 336 336 336 365 365 366 366 336 336 366 366 337 337 337 337 366 366 367 367 337 337 367 367 338 338 338 338 367 367 368 368 338 338 368 368 339 339 339 339 368 368 369 369 339 339 369 369 340 340 340 340 369 369 370 370 340 340 370 370 341 341 341 341 370 370 371 371 341 341 371 371 342 342 342 342 371 371 372 372 342 342 372 372 343 343 343 343 372 372 373 373 343 343 373 373 344 344 344 344 373 373 374 374 344 344 374 374 345 345 345 345 374 374 375 375 345 345 375 375 346 346 346 346 375 375 376 376 346 346 376 376 347 347 347 347 376 376 377 377 347 347 377 377 348 348 348 348 377 377 378 378 348 348 378 378 349 349 349 349 378 378 379 379 349 349 379 379 350 350 350 350 379 379 380 380 350 350 380 380 351 351 351 351 380 380 381 381 351 351 381 381 352 352 352 352 381 381 382 382 352 352 382 382 353 353 353 353 382 382 383 383 353 353 383 383 354 354 354 354 383 383 384 384 354 354 384 384 355 355 355 355 384 384 385 385 355 355 385 385 356 356 356 356 385 385 386 386 356 356 386 386 357 357 357 357 386 386 387 387 357 357 387 387 358 358 358 358 387 387 388 388 358 358 388 388 359 359 359 359 388 388 389 389 359 359 389 389 360 360 360 360 389 389 390 390 360 360 390 390 361 361 361 361 390 390 391 391 361 361 391 391 31 31 362 362 0 0 392 392 362 362 392 392 363 363 363 363 392 392 393 393 363 363 393 393 364 364 364 364 393 393 394 394 364 364 394 394 365 365 365 365 394 394 395 395 365 365 395 395 366 366 366 366 395 395 396 396 366 366 396 396 367 367 367 367 396 396 397 397 367 367 397 397 368 368 368 368 397 397 398 398 368 368 398 398 369 369 369 369 398 398 399 399 369 369 399 399 370 370 370 370 399 399 400 400 370 370 400 400 371 371 371 371 400 400 401 401 371 371 401 401 372 372 372 372 401 401 402 402 372 372 402 402 373 373 373 373 402 402 403 403 373 373 403 403 374 374 374 374 403 403 404 404 374 374 404 404 375 375 375 375 404 404 405 405 375 375 405 405 376 376 376 376 405 405 406 406 376 376 406 406 377 377 377 377 406 406 407 407 377 377 407 407 378 378 378 378 407 407 408 408 378 378 408 408 379 379 379 379 408 408 409 409 379 379 409 409 380 380 380 380 409 409 410 410 380 380 410 410 381 381 381 381 410 410 411 411 381 381 411 411 382 382 382 382 411 411 412 412 382 382 412 412 383 383 383 383 412 412 413 413 383 383 413 413 384 384 384 384 413 413 414 414 384 384 414 414 385 385 385 385 414 414 415 415 385 385 415 415 386 386 386 386 415 415 416 416 386 386 416 416 387 387 387 387 416 416 417 417 387 387 417 417 388 388 388 388 417 417 418 418 388 388 418 418 389 389 389 389 418 418 419 419 389 389 419 419 390 390 390 390 419 419 420 420 390 390 420 420 391 391 391 391 420 420 421 421 391 391 421 421 31 31 392 392 0 0 422 422 392 392 422 422 393 393 393 393 422 422 423 423 393 393 423 423 394 394 394 394 423 423 424 424 394 394 424 424 395 395 395 395 424 424 425 425 395 395 425 425 396 396 396 396 425 425 426 426 396 396 426 426 397 397 397 397 426 426 427 427 397 397 427 427 398 398 398 398 427 427 428 428 398 398 428 428 399 399 399 399 428 428 429 429 399 399 429 429 400 400 400 400 429 429 430 430 400 400 430 430 401 401 401 401 430 430 431 431 401 401 431 431 402 402 402 402 431 431 432 432 402 402 432 432 403 403 403 403 432 432 433 433 403 403 433 433 404 404 404 404 433 433 434 434 404 404 434 434 405 405 405 405 434 434 435 435 405 405 435 435 406 406 406 406 435 435 436 436 406 406 436 436 407 407 407 407 436 436 437 437 407 407 437 437 408 408 408 408 437 437 438 438 408 408 438 438 409 409 409 409 438 438 439 439 409 409 439 439 410 410 410 410 439 439 440 440 410 410 440 440 411 411 411 411 440 440 441 441 411 411 441 441 412 412 412 412 441 441 442 442 412 412 442 442 413 413 413 413 442 442 443 443 413 413 443 443 414 414 414 414 443 443 444 444 414 414 444 444 415 415 415 415 444 444 445 445 415 415 445 445 416 416 416 416 445 445 446 446 416 416 446 446 417 417 417 417 446 446 447 447 417 417 447 447 418 418 418 418 447 447 448 448 418 418 448 448 419 419 419 419 448 448 449 449 419 419 449 449 420 420 420 420 449 449 450 450 420 420 450 450 421 421 421 421 450 450 451 451 421 421 451 451 31 31 422 422 0 0 452 452 422 422 452 452 423 423 423 423 452 452 453 453 423 423 453 453 424 424 424 424 453 453 454 454 424 424 454 454 425 425 425 425 454 454 455 455 425 425 455 455 426 426 426 426 455 455 456 456 426 426 456 456 427 427 427 427 456 456 457 457 427 427 457 457 428 428 428 428 457 457 458 458 428 428 458 458 429 429 429 429 458 458 459 459 429 429 459 459 430 430 430 430 459 459 460 460 430 430 460 460 431 431 431 431 460 460 461 461 431 431 461 461 432 432 432 432 461 461 462 462 432 432 462 462 433 433 433 433 462 462 463 463 433 433 463 463 434 434 434 434 463 463 464 464 434 434 464 464 435 435 435 435 464 464 465 465 435 435 465 465 436 436 436 436 465 465 466 466 436 436 466 466 437 437 437 437 466 466 467 467 437 437 467 467 438 438 438 438 467 467 468 468 438 438 468 468 439 439 439 439 468 468 469 469 439 439 469 469 440 440 440 440 469 469 470 470 440 440 470 470 441 441 441 441 470 470 471 471 441 441 471 471 442 442 442 442 471 471 472 472 442 442 472 472 443 443 443 443 472 472 473 473 443 443 473 473 444 444 444 444 473 473 474 474 444 444 474 474 445 445 445 445 474 474 475 475 445 445 475 475 446 446 446 446 475 475 476 476 446 446 476 476 447 447 447 447 476 476 477 477 447 447 477 477 448 448 448 448 477 477 478 478 448 448 478 478 449 449 449 449 478 478 479 479 449 449 479 479 450 450 450 450 479 479 480 480 450 450 480 480 451 451 451 451 480 480 481 481 451 451 481 481 31 31 452 452 0 0 482 482 452 452 482 482 453 453 453 453 482 482 483 483 453 453 483 483 454 454 454 454 483 483 484 484 454 454 484 484 455 455 455 455 484 484 485 485 455 455 485 485 456 456 456 456 485 485 486 486 456 456 486 486 457 457 457 457 486 486 487 487 457 457 487 487 458 458 458 458 487 487 488 488 458 458 488 488 459 459 459 459 488 488 489 489 459 459 489 489 460 460 460 460 489 489 490 490 460 460 490 490 461 461 461 461 490 490 491 491 461 461 491 491 462 462 462 462 491 491 492 492 462 462 492 492 463 463 463 463 492 492 493 493 463 463 493 493 464 464 464 464 493 493 494 494 464 464 494 494 465 465 465 465 494 494 495 495 465 465 495 495 466 466 466 466 495 495 496 496 466 466 496 496 467 467 467 467 496 496 497 497 467 467 497 497 468 468 468 468 497 497 498 498 468 468 498 498 469 469 469 469 498 498 499 499 469 469 499 499 470 470 470 470 499 499 500 500 470 470 500 500 471 471 471 471 500 500 501 501 471 471 501 501 472 472 472 472 501 501 502 502 472 472 502 502 473 473 473 473 502 502 503 503 473 473 503 503 474 474 474 474 503 503 504 504 474 474 504 504 475 475 475 475 504 504 505 505 475 475 505 505 476 476 476 476 505 505 506 506 476 476 506 506 477 477 477 477 506 506 507 507 477 477 507 507 478 478 478 478 507 507 508 508 478 478 508 508 479 479 479 479 508 508 509 509 479 479 509 509 480 480 480 480 509 509 510 510 480 480 510 510 481 481 481 481 510 510 511 511 481 481 511 511 31 31 482 482 0 0 512 512 482 482 512 512 483 483 483 483 512 512 513 513 483 483 513 513 484 484 484 484 513 513 514 514 484 484 514 514 485 485 485 485 514 514 515 515 485 485 515 515 486 486 486 486 515 515 516 516 486 486 516 516 487 487 487 487 516 516 517 517 487 487 517 517 488 488 488 488 517 517 518 518 488 488 518 518 489 489 489 489 518 518 519 519 489 489 519 519 490 490 490 490 519 519 520 520 490 490 520 520 491 491 491 491 520 520 521 521 491 491 521 521 492 492 492 492 521 521 522 522 492 492 522 522 493 493 493 493 522 522 523 523 493 493 523 523 494 494 494 494 523 523 524 524 494 494 524 524 495 495 495 495 524 524 525 525 495 495 525 525 496 496 496 496 525 525 526 526 496 496 526 526 497 497 497 497 526 526 527 527 497 497 527 527 498 498 498 498 527 527 528 528 498 498 528 528 499 499 499 499 528 528 529 529 499 499 529 529 500 500 500 500 529 529 530 530 500 500 530 530 501 501 501 501 530 530 531 531 501 501 531 531 502 502 502 502 531 531 532 532 502 502 532 532 503 503 503 503 532 532 533 533 503 503 533 533 504 504 504 504 533 533 534 534 504 504 534 534 505 505 505 505 534 534 535 535 505 505 535 535 506 506 506 506 535 535 536 536 506 506 536 536 507 507 507 507 536 536 537 537 507 507 537 537 508 508 508 508 537 537 538 538 508 508 538 538 509 509 509 509 538 538 539 539 509 509 539 539 510 510 510 510 539 539 540 540 510 510 540 540 511 511 511 511 540 540 541 541 511 511 541 541 31 31 512 512 0 0 542 542 512 512 542 542 513 513 513 513 542 542 543 543 513 513 543 543 514 514 514 514 543 543 544 544 514 514 544 544 515 515 515 515 544 544 545 545 515 515 545 545 516 516 516 516 545 545 546 546 516 516 546 546 517 517 517 517 546 546 547 547 517 517 547 547 518 518 518 518 547 547 548 548 518 518 548 548 519 519 519 519 548 548 549 549 519 519 549 549 520 520 520 520 549 549 550 550 520 520 550 550 521 521 521 521 550 550 551 551 521 521 551 551 522 522 522 522 551 551 552 552 522 522 552 552 523 523 523 523 552 552 553 553 523 523 553 553 524 524 524 524 553 553 554 554 524 524 554 554 525 525 525 525 554 554 555 555 525 525 555 555 526 526 526 526 555 555 556 556 526 526 556 556 527 527 527 527 556 556 557 557 527 527 557 557 528 528 528 528 557 557 558 558 528 528 558 558 529 529 529 529 558 558 559 559 529 529 559 559 530 530 530 530 559 559 560 560 530 530 560 560 531 531 531 531 560 560 561 561 531 531 561 561 532 532 532 532 561 561 562 562 532 532 562 562 533 533 533 533 562 562 563 563 533 533 563 563 534 534 534 534 563 563 564 564 534 534 564 564 535 535 535 535 564 564 565 565 535 535 565 565 536 536 536 536 565 565 566 566 536 536 566 566 537 537 537 537 566 566 567 567 537 537 567 567 538 538 538 538 567 567 568 568 538 538 568 568 539 539 539 539 568 568 569 569 539 539 569 569 540 540 540 540 569 569 570 570 540 540 570 570 541 541 541 541 570 570 571 571 541 541 571 571 31 31 542 542 0 0 572 572 542 542 572 572 543 543 543 543 572 572 573 573 543 543 573 573 544 544 544 544 573 573 574 574 544 544 574 574 545 545 545 545 574 574 575 575 545 545 575 575 546 546 546 546 575 575 576 576 546 546 576 576 547 547 547 547 576 576 577 577 547 547 577 577 548 548 548 548 577 577 578 578 548 548 578 578 549 549 549 549 578 578 579 579 549 549 579 579 550 550 550 550 579 579 580 580 550 550 580 580 551 551 551 551 580 580 581 581 551 551 581 581 552 552 552 552 581 581 582 582 552 552 582 582 553 553 553 553 582 582 583 583 553 553 583 583 554 554 554 554 583 583 584 584 554 554 584 584 555 555 555 555 584 584 585 585 555 555 585 585 556 556 556 556 585 585 586 586 556 556 586 586 557 557 557 557 586 586 587 587 557 557 587 587 558 558 558 558 587 587 588 588 558 558 588 588 559 559 559 559 588 588 589 589 559 559 589 589 560 560 560 560 589 589 590 590 560 560 590 590 561 561 561 561 590 590 591 591 561 561 591 591 562 562 562 562 591 591 592 592 562 562 592 592 563 563 563 563 592 592 593 593 563 563 593 593 564 564 564 564 593 593 594 594 564 564 594 594 565 565 565 565 594 594 595 595 565 565 595 595 566 566 566 566 595 595 596 596 566 566 596 596 567 567 567 567 596 596 597 597 567 567 597 597 568 568 568 568 597 597 598 598 568 568 598 598 569 569 569 569 598 598 599 599 569 569 599 599 570 570 570 570 599 599 600 600 570 570 600 600 571 571 571 571 600 600 601 601 571 571 601 601 31 31 572 572 0 0 602 602 572 572 602 602 573 573 573 573 602 602 603 603 573 573 603 603 574 574 574 574 603 603 604 604 574 574 604 604 575 575 575 575 604 604 605 605 575 575 605 605 576 576 576 576 605 605 606 606 576 576 606 606 577 577 577 577 606 606 607 607 577 577 607 607 578 578 578 578 607 607 608 608 578 578 608 608 579 579 579 579 608 608 609 609 579 579 609 609 580 580 580 580 609 609 610 610 580 580 610 610 581 581 581 581 610 610 611 611 581 581 611 611 582 582 582 582 611 611 612 612 582 582 612 612 583 583 583 583 612 612 613 613 583 583 613 613 584 584 584 584 613 613 614 614 584 584 614 614 585 585 585 585 614 614 615 615 585 585 615 615 586 586 586 586 615 615 616 616 586 586 616 616 587 587 587 587 616 616 617 617 587 587 617 617 588 588 588 588 617 617 618 618 588 588 618 618 589 589 589 589 618 618 619 619 589 589 619 619 590 590 590 590 619 619 620 620 590 590 620 620 591 591 591 591 620 620 621 621 591 591 621 621 592 592 592 592 621 621 622 622 592 592 622 622 593 593 593 593 622 622 623 623 593 593 623 623 594 594 594 594 623 623 624 624 594 594 624 624 595 595 595 595 624 624 625 625 595 595 625 625 596 596 596 596 625 625 626 626 596 596 626 626 597 597 597 597 626 626 627 627 597 597 627 627 598 598 598 598 627 627 628 628 598 598 628 628 599 599 599 599 628 628 629 629 599 599 629 629 600 600 600 600 629 629 630 630 600 600 630 630 601 601 601 601 630 630 631 631 601 601 631 631 31 31 602 602 0 0 632 632 602 602 632 632 603 603 603 603 632 632 633 633 603 603 633 633 604 604 604 604 633 633 634 634 604 604 634 634 605 605 605 605 634 634 635 635 605 605 635 635 606 606 606 606 635 635 636 636 606 606 636 636 607 607 607 607 636 636 637 637 607 607 637 637 608 608 608 608 637 637 638 638 608 608 638 638 609 609 609 609 638 638 639 639 609 609 639 639 610 610 610 610 639 639 640 640 610 610 640 640 611 611 611 611 640 640 641 641 611 611 641 641 612 612 612 612 641 641 642 642 612 612 642 642 613 613 613 613 642 642 643 643 613 613 643 643 614 614 614 614 643 643 644 644 614 614 644 644 615 615 615 615 644 644 645 645 615 615 645 645 616 616 616 616 645 645 646 646 616 616 646 646 617 617 617 617 646 646 647 647 617 617 647 647 618 618 618 618 647 647 648 648 618 618 648 648 619 619 619 619 648 648 649 649 619 619 649 649 620 620 620 620 649 649 650 650 620 620 650 650 621 621 621 621 650 650 651 651 621 621 651 651 622 622 622 622 651 651 652 652 622 622 652 652 623 623 623 623 652 652 653 653 623 623 653 653 624 624 624 624 653 653 654 654 624 624 654 654 625 625 625 625 654 654 655 655 625 625 655 655 626 626 626 626 655 655 656 656 626 626 656 656 627 627 627 627 656 656 657 657 627 627 657 657 628 628 628 628 657 657 658 658 628 628 658 658 629 629 629 629 658 658 659 659 629 629 659 659 630 630 630 630 659 659 660 660 630 630 660 660 631 631 631 631 660 660 661 661 631 631 661 661 31 31 632 632 0 0 662 662 632 632 662 662 633 633 633 633 662 662 663 663 633 633 663 663 634 634 634 634 663 663 664 664 634 634 664 664 635 635 635 635 664 664 665 665 635 635 665 665 636 636 636 636 665 665 666 666 636 636 666 666 637 637 637 637 666 666 667 667 637 637 667 667 638 638 638 638 667 667 668 668 638 638 668 668 639 639 639 639 668 668 669 669 639 639 669 669 640 640 640 640 669 669 670 670 640 640 670 670 641 641 641 641 670 670 671 671 641 641 671 671 642 642 642 642 671 671 672 672 642 642 672 672 643 643 643 643 672 672 673 673 643 643 673 673 644 644 644 644 673 673 674 674 644 644 674 674 645 645 645 645 674 674 675 675 645 645 675 675 646 646 646 646 675 675 676 676 646 646 676 676 647 647 647 647 676 676 677 677 647 647 677 677 648 648 648 648 677 677 678 678 648 648 678 678 649 649 649 649 678 678 679 679 649 649 679 679 650 650 650 650 679 679 680 680 650 650 680 680 651 651 651 651 680 680 681 681 651 651 681 681 652 652 652 652 681 681 682 682 652 652 682 682 653 653 653 653 682 682 683 683 653 653 683 683 654 654 654 654 683 683 684 684 654 654 684 684 655 655 655 655 684 684 685 685 655 655 685 685 656 656 656 656 685 685 686 686 656 656 686 686 657 657 657 657 686 686 687 687 657 657 687 687 658 658 658 658 687 687 688 688 658 658 688 688 659 659 659 659 688 688 689 689 659 659 689 689 660 660 660 660 689 689 690 690 660 660 690 690 661 661 661 661 690 690 691 691 661 661 691 691 31 31 662 662 0 0 692 692 662 662 692 692 663 663 663 663 692 692 693 693 663 663 693 693 664 664 664 664 693 693 694 694 664 664 694 694 665 665 665 665 694 694 695 695 665 665 695 695 666 666 666 666 695 695 696 696 666 666 696 696 667 667 667 667 696 696 697 697 667 667 697 697 668 668 668 668 697 697 698 698 668 668 698 698 669 669 669 669 698 698 699 699 669 669 699 699 670 670 670 670 699 699 700 700 670 670 700 700 671 671 671 671 700 700 701 701 671 671 701 701 672 672 672 672 701 701 702 702 672 672 702 702 673 673 673 673 702 702 703 703 673 673 703 703 674 674 674 674 703 703 704 704 674 674 704 704 675 675 675 675 704 704 705 705 675 675 705 705 676 676 676 676 705 705 706 706 676 676 706 706 677 677 677 677 706 706 707 707 677 677 707 707 678 678 678 678 707 707 708 708 678 678 708 708 679 679 679 679 708 708 709 709 679 679 709 709 680 680 680 680 709 709 710 710 680 680 710 710 681 681 681 681 710 710 711 711 681 681 711 711 682 682 682 682 711 711 712 712 682 682 712 712 683 683 683 683 712 712 713 713 683 683 713 713 684 684 684 684 713 713 714 714 684 684 714 714 685 685 685 685 714 714 715 715 685 685 715 715 686 686 686 686 715 715 716 716 686 686 716 716 687 687 687 687 716 716 717 717 687 687 717 717 688 688 688 688 717 717 718 718 688 688 718 718 689 689 689 689 718 718 719 719 689 689 719 719 690 690 690 690 719 719 720 720 690 690 720 720 691 691 691 691 720 720 721 721 691 691 721 721 31 31 692 692 0 0 722 722 692 692 722 722 693 693 693 693 722 722 723 723 693 693 723 723 694 694 694 694 723 723 724 724 694 694 724 724 695 695 695 695 724 724 725 725 695 695 725 725 696 696 696 696 725 725 726 726 696 696 726 726 697 697 697 697 726 726 727 727 697 697 727 727 698 698 698 698 727 727 728 728 698 698 728 728 699 699 699 699 728 728 729 729 699 699 729 729 700 700 700 700 729 729 730 730 700 700 730 730 701 701 701 701 730 730 731 731 701 701 731 731 702 702 702 702 731 731 732 732 702 702 732 732 703 703 703 703 732 732 733 733 703 703 733 733 704 704 704 704 733 733 734 734 704 704 734 734 705 705 705 705 734 734 735 735 705 705 735 735 706 706 706 706 735 735 736 736 706 706 736 736 707 707 707 707 736 736 737 737 707 707 737 737 708 708 708 708 737 737 738 738 708 708 738 738 709 709 709 709 738 738 739 739 709 709 739 739 710 710 710 710 739 739 740 740 710 710 740 740 711 711 711 711 740 740 741 741 711 711 741 741 712 712 712 712 741 741 742 742 712 712 742 742 713 713 713 713 742 742 743 743 713 713 743 743 714 714 714 714 743 743 744 744 714 714 744 744 715 715 715 715 744 744 745 745 715 715 745 745 716 716 716 716 745 745 746 746 716 716 746 746 717 717 717 717 746 746 747 747 717 717 747 747 718 718 718 718 747 747 748 748 718 718 748 748 719 719 719 719 748 748 749 749 719 719 749 749 720 720 720 720 749 749 750 750 720 720 750 750 721 721 721 721 750 750 751 751 721 721 751 751 31 31 722 722 0 0 752 752 722 722 752 752 723 723 723 723 752 752 753 753 723 723 753 753 724 724 724 724 753 753 754 754 724 724 754 754 725 725 725 725 754 754 755 755 725 725 755 755 726 726 726 726 755 755 756 756 726 726 756 756 727 727 727 727 756 756 757 757 727 727 757 757 728 728 728 728 757 757 758 758 728 728 758 758 729 729 729 729 758 758 759 759 729 729 759 759 730 730 730 730 759 759 760 760 730 730 760 760 731 731 731 731 760 760 761 761 731 731 761 761 732 732 732 732 761 761 762 762 732 732 762 762 733 733 733 733 762 762 763 763 733 733 763 763 734 734 734 734 763 763 764 764 734 734 764 764 735 735 735 735 764 764 765 765 735 735 765 765 736 736 736 736 765 765 766 766 736 736 766 766 737 737 737 737 766 766 767 767 737 737 767 767 738 738 738 738 767 767 768 768 738 738 768 768 739 739 739 739 768 768 769 769 739 739 769 769 740 740 740 740 769 769 770 770 740 740 770 770 741 741 741 741 770 770 771 771 741 741 771 771 742 742 742 742 771 771 772 772 742 742 772 772 743 743 743 743 772 772 773 773 743 743 773 773 744 744 744 744 773 773 774 774 744 744 774 774 745 745 745 745 774 774 775 775 745 745 775 775 746 746 746 746 775 775 776 776 746 746 776 776 747 747 747 747 776 776 777 777 747 747 777 777 748 748 748 748 777 777 778 778 748 748 778 778 749 749 749 749 778 778 779 779 749 749 779 779 750 750 750 750 779 779 780 780 750 750 780 780 751 751 751 751 780 780 781 781 751 751 781 781 31 31 752 752 0 0 782 782 752 752 782 782 753 753 753 753 782 782 783 783 753 753 783 783 754 754 754 754 783 783 784 784 754 754 784 784 755 755 755 755 784 784 785 785 755 755 785 785 756 756 756 756 785 785 786 786 756 756 786 786 757 757 757 757 786 786 787 787 757 757 787 787 758 758 758 758 787 787 788 788 758 758 788 788 759 759 759 759 788 788 789 789 759 759 789 789 760 760 760 760 789 789 790 790 760 760 790 790 761 761 761 761 790 790 791 791 761 761 791 791 762 762 762 762 791 791 792 792 762 762 792 792 763 763 763 763 792 792 793 793 763 763 793 793 764 764 764 764 793 793 794 794 764 764 794 794 765 765 765 765 794 794 795 795 765 765 795 795 766 766 766 766 795 795 796 796 766 766 796 796 767 767 767 767 796 796 797 797 767 767 797 797 768 768 768 768 797 797 798 798 768 768 798 798 769 769 769 769 798 798 799 799 769 769 799 799 770 770 770 770 799 799 800 800 770 770 800 800 771 771 771 771 800 800 801 801 771 771 801 801 772 772 772 772 801 801 802 802 772 772 802 802 773 773 773 773 802 802 803 803 773 773 803 803 774 774 774 774 803 803 804 804 774 774 804 804 775 775 775 775 804 804 805 805 775 775 805 805 776 776 776 776 805 805 806 806 776 776 806 806 777 777 777 777 806 806 807 807 777 777 807 807 778 778 778 778 807 807 808 808 778 778 808 808 779 779 779 779 808 808 809 809 779 779 809 809 780 780 780 780 809 809 810 810 780 780 810 810 781 781 781 781 810 810 811 811 781 781 811 811 31 31 782 782 0 0 812 812 782 782 812 812 783 783 783 783 812 812 813 813 783 783 813 813 784 784 784 784 813 813 814 814 784 784 814 814 785 785 785 785 814 814 815 815 785 785 815 815 786 786 786 786 815 815 816 816 786 786 816 816 787 787 787 787 816 816 817 817 787 787 817 817 788 788 788 788 817 817 818 818 788 788 818 818 789 789 789 789 818 818 819 819 789 789 819 819 790 790 790 790 819 819 820 820 790 790 820 820 791 791 791 791 820 820 821 821 791 791 821 821 792 792 792 792 821 821 822 822 792 792 822 822 793 793 793 793 822 822 823 823 793 793 823 823 794 794 794 794 823 823 824 824 794 794 824 824 795 795 795 795 824 824 825 825 795 795 825 825 796 796 796 796 825 825 826 826 796 796 826 826 797 797 797 797 826 826 827 827 797 797 827 827 798 798 798 798 827 827 828 828 798 798 828 828 799 799 799 799 828 828 829 829 799 799 829 829 800 800 800 800 829 829 830 830 800 800 830 830 801 801 801 801 830 830 831 831 801 801 831 831 802 802 802 802 831 831 832 832 802 802 832 832 803 803 803 803 832 832 833 833 803 803 833 833 804 804 804 804 833 833 834 834 804 804 834 834 805 805 805 805 834 834 835 835 805 805 835 835 806 806 806 806 835 835 836 836 806 806 836 836 807 807 807 807 836 836 837 837 807 807 837 837 808 808 808 808 837 837 838 838 808 808 838 838 809 809 809 809 838 838 839 839 809 809 839 839 810 810 810 810 839 839 840 840 810 810 840 840 811 811 811 811 840 840 841 841 811 811 841 841 31 31 812 812 0 0 842 842 812 812 842 842 813 813 813 813 842 842 843 843 813 813 843 843 814 814 814 814 843 843 844 844 814 814 844 844 815 815 815 815 844 844 845 845 815 815 845 845 816 816 816 816 845 845 846 846 816 816 846 846 817 817 817 817 846 846 847 847 817 817 847 847 818 818 818 818 847 847 848 848 818 818 848 848 819 819 819 819 848 848 849 849 819 819 849 849 820 820 820 820 849 849 850 850 820 820 850 850 821 821 821 821 850 850 851 851 821 821 851 851 822 822 822 822 851 851 852 852 822 822 852 852 823 823 823 823 852 852 853 853 823 823 853 853 824 824 824 824 853 853 854 854 824 824 854 854 825 825 825 825 854 854 855 855 825 825 855 855 826 826 826 826 855 855 856 856 826 826 856 856 827 827 827 827 856 856 857 857 827 827 857 857 828 828 828 828 857 857 858 858 828 828 858 858 829 829 829 829 858 858 859 859 829 829 859 859 830 830 830 830 859 859 860 860 830 830 860 860 831 831 831 831 860 860 861 861 831 831 861 861 832 832 832 832 861 861 862 862 832 832 862 862 833 833 833 833 862 862 863 863 833 833 863 863 834 834 834 834 863 863 864 864 834 834 864 864 835 835 835 835 864 864 865 865 835 835 865 865 836 836 836 836 865 865 866 866 836 836 866 866 837 837 837 837 866 866 867 867 837 837 867 867 838 838 838 838 867 867 868 868 838 838 868 868 839 839 839 839 868 868 869 869 839 839 869 869 840 840 840 840 869 869 870 870 840 840 870 870 841 841 841 841 870 870 871 871 841 841 871 871 31 31 842 842 0 0 872 872 842 842 872 872 843 843 843 843 872 872 873 873 843 843 873 873 844 844 844 844 873 873 874 874 844 844 874 874 845 845 845 845 874 874 875 875 845 845 875 875 846 846 846 846 875 875 876 876 846 846 876 876 847 847 847 847 876 876 877 877 847 847 877 877 848 848 848 848 877 877 878 878 848 848 878 878 849 849 849 849 878 878 879 879 849 849 879 879 850 850 850 850 879 879 880 880 850 850 880 880 851 851 851 851 880 880 881 881 851 851 881 881 852 852 852 852 881 881 882 882 852 852 882 882 853 853 853 853 882 882 883 883 853 853 883 883 854 854 854 854 883 883 884 884 854 854 884 884 855 855 855 855 884 884 885 885 855 855 885 885 856 856 856 856 885 885 886 886 856 856 886 886 857 857 857 857 886 886 887 887 857 857 887 887 858 858 858 858 887 887 888 888 858 858 888 888 859 859 859 859 888 888 889 889 859 859 889 889 860 860 860 860 889 889 890 890 860 860 890 890 861 861 861 861 890 890 891 891 861 861 891 891 862 862 862 862 891 891 892 892 862 862 892 892 863 863 863 863 892 892 893 893 863 863 893 893 864 864 864 864 893 893 894 894 864 864 894 894 865 865 865 865 894 894 895 895 865 865 895 895 866 866 866 866 895 895 896 896 866 866 896 896 867 867 867 867 896 896 897 897 867 867 897 897 868 868 868 868 897 897 898 898 868 868 898 898 869 869 869 869 898 898 899 899 869 869 899 899 870 870 870 870 899 899 900 900 870 870 900 900 871 871 871 871 900 900 901 901 871 871 901 901 31 31 872 872 0 0 902 902 872 872 902 902 873 873 873 873 902 902 903 903 873 873 903 903 874 874 874 874 903 903 904 904 874 874 904 904 875 875 875 875 904 904 905 905 875 875 905 905 876 876 876 876 905 905 906 906 876 876 906 906 877 877 877 877 906 906 907 907 877 877 907 907 878 878 878 878 907 907 908 908 878 878 908 908 879 879 879 879 908 908 909 909 879 879 909 909 880 880 880 880 909 909 910 910 880 880 910 910 881 881 881 881 910 910 911 911 881 881 911 911 882 882 882 882 911 911 912 912 882 882 912 912 883 883 883 883 912 912 913 913 883 883 913 913 884 884 884 884 913 913 914 914 884 884 914 914 885 885 885 885 914 914 915 915 885 885 915 915 886 886 886 886 915 915 916 916 886 886 916 916 887 887 887 887 916 916 917 917 887 887 917 917 888 888 888 888 917 917 918 918 888 888 918 918 889 889 889 889 918 918 919 919 889 889 919 919 890 890 890 890 919 919 920 920 890 890 920 920 891 891 891 891 920 920 921 921 891 891 921 921 892 892 892 892 921 921 922 922 892 892 922 922 893 893 893 893 922 922 923 923 893 893 923 923 894 894 894 894 923 923 924 924 894 894 924 924 895 895 895 895 924 924 925 925 895 895 925 925 896 896 896 896 925 925 926 926 896 896 926 926 897 897 897 897 926 926 927 927 897 897 927 927 898 898 898 898 927 927 928 928 898 898 928 928 899 899 899 899 928 928 929 929 899 899 929 929 900 900 900 900 929 929 930 930 900 900 930 930 901 901 901 901 930 930 931 931 901 901 931 931 31 31 902 902 0 0 932 932 902 902 932 932 903 903 903 903 932 932 933 933 903 903 933 933 904 904 904 904 933 933 934 934 904 904 934 934 905 905 905 905 934 934 935 935 905 905 935 935 906 906 906 906 935 935 936 936 906 906 936 936 907 907 907 907 936 936 937 937 907 907 937 937 908 908 908 908 937 937 938 938 908 908 938 938 909 909 909 909 938 938 939 939 909 909 939 939 910 910 910 910 939 939 940 940 910 910 940 940 911 911 911 911 940 940 941 941 911 911 941 941 912 912 912 912 941 941 942 942 912 912 942 942 913 913 913 913 942 942 943 943 913 913 943 943 914 914 914 914 943 943 944 944 914 914 944 944 915 915 915 915 944 944 945 945 915 915 945 945 916 916 916 916 945 945 946 946 916 916 946 946 917 917 917 917 946 946 947 947 917 917 947 947 918 918 918 918 947 947 948 948 918 918 948 948 919 919 919 919 948 948 949 949 919 919 949 949 920 920 920 920 949 949 950 950 920 920 950 950 921 921 921 921 950 950 951 951 921 921 951 951 922 922 922 922 951 951 952 952 922 922 952 952 923 923 923 923 952 952 953 953 923 923 953 953 924 924 924 924 953 953 954 954 924 924 954 954 925 925 925 925 954 954 955 955 925 925 955 955 926 926 926 926 955 955 956 956 926 926 956 956 927 927 927 927 956 956 957 957 927 927 957 957 928 928 928 928 957 957 958 958 928 928 958 958 929 929 929 929 958 958 959 959 929 929 959 959 930 930 930 930 959 959 960 960 930 930 960 960 931 931 931 931 960 960 961 961 931 931 961 961 31 31 932 932 0 0 962 962 932 932 962 962 933 933 933 933 962 962 963 963 933 933 963 963 934 934 934 934 963 963 964 964 934 934 964 964 935 935 935 935 964 964 965 965 935 935 965 965 936 936 936 936 965 965 966 966 936 936 966 966 937 937 937 937 966 966 967 967 937 937 967 967 938 938 938 938 967 967 968 968 938 938 968 968 939 939 939 939 968 968 969 969 939 939 969 969 940 940 940 940 969 969 970 970 940 940 970 970 941 941 941 941 970 970 971 971 941 941 971 971 942 942 942 942 971 971 972 972 942 942 972 972 943 943 943 943 972 972 973 973 943 943 973 973 944 944 944 944 973 973 974 974 944 944 974 974 945 945 945 945 974 974 975 975 945 945 975 975 946 946 946 946 975 975 976 976 946 946 976 976 947 947 947 947 976 976 977 977 947 947 977 977 948 948 948 948 977 977 978 978 948 948 978 978 949 949 949 949 978 978 979 979 949 949 979 979 950 950 950 950 979 979 980 980 950 950 980 980 951 951 951 951 980 980 981 981 951 951 981 981 952 952 952 952 981 981 982 982 952 952 982 982 953 953 953 953 982 982 983 983 953 953 983 983 954 954 954 954 983 983 984 984 954 954 984 984 955 955 955 955 984 984 985 985 955 955 985 985 956 956 956 956 985 985 986 986 956 956 986 986 957 957 957 957 986 986 987 987 957 957 987 987 958 958 958 958 987 987 988 988 958 958 988 988 959 959 959 959 988 988 989 989 959 959 989 989 960 960 960 960 989 989 990 990 960 960 990 990 961 961 961 961 990 990 991 991 961 961 991 991 31 31 962 962 0 0 992 992 962 962 992 992 963 963 963 963 992 992 993 993 963 963 993 993 964 964 964 964 993 993 994 994 964 964 994 994 965 965 965 965 994 994 995 995 965 965 995 995 966 966 966 966 995 995 996 996 966 966 996 996 967 967 967 967 996 996 997 997 967 967 997 997 968 968 968 968 997 997 998 998 968 968 998 998 969 969 969 969 998 998 999 999 969 969 999 999 970 970 970 970 999 999 1000 1000 970 970 1000 1000 971 971 971 971 1000 1000 1001 1001 971 971 1001 1001 972 972 972 972 1001 1001 1002 1002 972 972 1002 1002 973 973 973 973 1002 1002 1003 1003 973 973 1003 1003 974 974 974 974 1003 1003 1004 1004 974 974 1004 1004 975 975 975 975 1004 1004 1005 1005 975 975 1005 1005 976 976 976 976 1005 1005 1006 1006 976 976 1006 1006 977 977 977 977 1006 1006 1007 1007 977 977 1007 1007 978 978 978 978 1007 1007 1008 1008 978 978 1008 1008 979 979 979 979 1008 1008 1009 1009 979 979 1009 1009 980 980 980 980 1009 1009 1010 1010 980 980 1010 1010 981 981 981 981 1010 1010 1011 1011 981 981 1011 1011 982 982 982 982 1011 1011 1012 1012 982 982 1012 1012 983 983 983 983 1012 1012 1013 1013 983 983 1013 1013 984 984 984 984 1013 1013 1014 1014 984 984 1014 1014 985 985 985 985 1014 1014 1015 1015 985 985 1015 1015 986 986 986 986 1015 1015 1016 1016 986 986 1016 1016 987 987 987 987 1016 1016 1017 1017 987 987 1017 1017 988 988 988 988 1017 1017 1018 1018 988 988 1018 1018 989 989 989 989 1018 1018 1019 1019 989 989 1019 1019 990 990 990 990 1019 1019 1020 1020 990 990 1020 1020 991 991 991 991 1020 1020 1021 1021 991 991 1021 1021 31 31 992 992 0 0 1022 1022 992 992 1022 1022 993 993 993 993 1022 1022 1023 1023 993 993 1023 1023 994 994 994 994 1023 1023 1024 1024 994 994 1024 1024 995 995 995 995 1024 1024 1025 1025 995 995 1025 1025 996 996 996 996 1025 1025 1026 1026 996 996 1026 1026 997 997 997 997 1026 1026 1027 1027 997 997 1027 1027 998 998 998 998 1027 1027 1028 1028 998 998 1028 1028 999 999 999 999 1028 1028 1029 1029 999 999 1029 1029 1000 1000 1000 1000 1029 1029 1030 1030 1000 1000 1030 1030 1001 1001 1001 1001 1030 1030 1031 1031 1001 1001 1031 1031 1002 1002 1002 1002 1031 1031 1032 1032 1002 1002 1032 1032 1003 1003 1003 1003 1032 1032 1033 1033 1003 1003 1033 1033 1004 1004 1004 1004 1033 1033 1034 1034 1004 1004 1034 1034 1005 1005 1005 1005 1034 1034 1035 1035 1005 1005 1035 1035 1006 1006 1006 1006 1035 1035 1036 1036 1006 1006 1036 1036 1007 1007 1007 1007 1036 1036 1037 1037 1007 1007 1037 1037 1008 1008 1008 1008 1037 1037 1038 1038 1008 1008 1038 1038 1009 1009 1009 1009 1038 1038 1039 1039 1009 1009 1039 1039 1010 1010 1010 1010 1039 1039 1040 1040 1010 1010 1040 1040 1011 1011 1011 1011 1040 1040 1041 1041 1011 1011 1041 1041 1012 1012 1012 1012 1041 1041 1042 1042 1012 1012 1042 1042 1013 1013 1013 1013 1042 1042 1043 1043 1013 1013 1043 1043 1014 1014 1014 1014 1043 1043 1044 1044 1014 1014 1044 1044 1015 1015 1015 1015 1044 1044 1045 1045 1015 1015 1045 1045 1016 1016 1016 1016 1045 1045 1046 1046 1016 1016 1046 1046 1017 1017 1017 1017 1046 1046 1047 1047 1017 1017 1047 1047 1018 1018 1018 1018 1047 1047 1048 1048 1018 1018 1048 1048 1019 1019 1019 1019 1048 1048 1049 1049 1019 1019 1049 1049 1020 1020 1020 1020 1049 1049 1050 1050 1020 1020 1050 1050 1021 1021 1021 1021 1050 1050 1051 1051 1021 1021 1051 1051 31 31 1022 1022 0 0 1052 1052 1022 1022 1052 1052 1023 1023 1023 1023 1052 1052 1053 1053 1023 1023 1053 1053 1024 1024 1024 1024 1053 1053 1054 1054 1024 1024 1054 1054 1025 1025 1025 1025 1054 1054 1055 1055 1025 1025 1055 1055 1026 1026 1026 1026 1055 1055 1056 1056 1026 1026 1056 1056 1027 1027 1027 1027 1056 1056 1057 1057 1027 1027 1057 1057 1028 1028 1028 1028 1057 1057 1058 1058 1028 1028 1058 1058 1029 1029 1029 1029 1058 1058 1059 1059 1029 1029 1059 1059 1030 1030 1030 1030 1059 1059 1060 1060 1030 1030 1060 1060 1031 1031 1031 1031 1060 1060 1061 1061 1031 1031 1061 1061 1032 1032 1032 1032 1061 1061 1062 1062 1032 1032 1062 1062 1033 1033 1033 1033 1062 1062 1063 1063 1033 1033 1063 1063 1034 1034 1034 1034 1063 1063 1064 1064 1034 1034 1064 1064 1035 1035 1035 1035 1064 1064 1065 1065 1035 1035 1065 1065 1036 1036 1036 1036 1065 1065 1066 1066 1036 1036 1066 1066 1037 1037 1037 1037 1066 1066 1067 1067 1037 1037 1067 1067 1038 1038 1038 1038 1067 1067 1068 1068 1038 1038 1068 1068 1039 1039 1039 1039 1068 1068 1069 1069 1039 1039 1069 1069 1040 1040 1040 1040 1069 1069 1070 1070 1040 1040 1070 1070 1041 1041 1041 1041 1070 1070 1071 1071 1041 1041 1071 1071 1042 1042 1042 1042 1071 1071 1072 1072 1042 1042 1072 1072 1043 1043 1043 1043 1072 1072 1073 1073 1043 1043 1073 1073 1044 1044 1044 1044 1073 1073 1074 1074 1044 1044 1074 1074 1045 1045 1045 1045 1074 1074 1075 1075 1045 1045 1075 1075 1046 1046 1046 1046 1075 1075 1076 1076 1046 1046 1076 1076 1047 1047 1047 1047 1076 1076 1077 1077 1047 1047 1077 1077 1048 1048 1048 1048 1077 1077 1078 1078 1048 1048 1078 1078 1049 1049 1049 1049 1078 1078 1079 1079 1049 1049 1079 1079 1050 1050 1050 1050 1079 1079 1080 1080 1050 1050 1080 1080 1051 1051 1051 1051 1080 1080 1081 1081 1051 1051 1081 1081 31 31 1052 1052 0 0 1082 1082 1052 1052 1082 1082 1053 1053 1053 1053 1082 1082 1083 1083 1053 1053 1083 1083 1054 1054 1054 1054 1083 1083 1084 1084 1054 1054 1084 1084 1055 1055 1055 1055 1084 1084 1085 1085 1055 1055 1085 1085 1056 1056 1056 1056 1085 1085 1086 1086 1056 1056 1086 1086 1057 1057 1057 1057 1086 1086 1087 1087 1057 1057 1087 1087 1058 1058 1058 1058 1087 1087 1088 1088 1058 1058 1088 1088 1059 1059 1059 1059 1088 1088 1089 1089 1059 1059 1089 1089 1060 1060 1060 1060 1089 1089 1090 1090 1060 1060 1090 1090 1061 1061 1061 1061 1090 1090 1091 1091 1061 1061 1091 1091 1062 1062 1062 1062 1091 1091 1092 1092 1062 1062 1092 1092 1063 1063 1063 1063 1092 1092 1093 1093 1063 1063 1093 1093 1064 1064 1064 1064 1093 1093 1094 1094 1064 1064 1094 1094 1065 1065 1065 1065 1094 1094 1095 1095 1065 1065 1095 1095 1066 1066 1066 1066 1095 1095 1096 1096 1066 1066 1096 1096 1067 1067 1067 1067 1096 1096 1097 1097 1067 1067 1097 1097 1068 1068 1068 1068 1097 1097 1098 1098 1068 1068 1098 1098 1069 1069 1069 1069 1098 1098 1099 1099 1069 1069 1099 1099 1070 1070 1070 1070 1099 1099 1100 1100 1070 1070 1100 1100 1071 1071 1071 1071 1100 1100 1101 1101 1071 1071 1101 1101 1072 1072 1072 1072 1101 1101 1102 1102 1072 1072 1102 1102 1073 1073 1073 1073 1102 1102 1103 1103 1073 1073 1103 1103 1074 1074 1074 1074 1103 1103 1104 1104 1074 1074 1104 1104 1075 1075 1075 1075 1104 1104 1105 1105 1075 1075 1105 1105 1076 1076 1076 1076 1105 1105 1106 1106 1076 1076 1106 1106 1077 1077 1077 1077 1106 1106 1107 1107 1077 1077 1107 1107 1078 1078 1078 1078 1107 1107 1108 1108 1078 1078 1108 1108 1079 1079 1079 1079 1108 1108 1109 1109 1079 1079 1109 1109 1080 1080 1080 1080 1109 1109 1110 1110 1080 1080 1110 1110 1081 1081 1081 1081 1110 1110 1111 1111 1081 1081 1111 1111 31 31 1082 1082 0 0 1112 1112 1082 1082 1112 1112 1083 1083 1083 1083 1112 1112 1113 1113 1083 1083 1113 1113 1084 1084 1084 1084 1113 1113 1114 1114 1084 1084 1114 1114 1085 1085 1085 1085 1114 1114 1115 1115 1085 1085 1115 1115 1086 1086 1086 1086 1115 1115 1116 1116 1086 1086 1116 1116 1087 1087 1087 1087 1116 1116 1117 1117 1087 1087 1117 1117 1088 1088 1088 1088 1117 1117 1118 1118 1088 1088 1118 1118 1089 1089 1089 1089 1118 1118 1119 1119 1089 1089 1119 1119 1090 1090 1090 1090 1119 1119 1120 1120 1090 1090 1120 1120 1091 1091 1091 1091 1120 1120 1121 1121 1091 1091 1121 1121 1092 1092 1092 1092 1121 1121 1122 1122 1092 1092 1122 1122 1093 1093 1093 1093 1122 1122 1123 1123 1093 1093 1123 1123 1094 1094 1094 1094 1123 1123 1124 1124 1094 1094 1124 1124 1095 1095 1095 1095 1124 1124 1125 1125 1095 1095 1125 1125 1096 1096 1096 1096 1125 1125 1126 1126 1096 1096 1126 1126 1097 1097 1097 1097 1126 1126 1127 1127 1097 1097 1127 1127 1098 1098 1098 1098 1127 1127 1128 1128 1098 1098 1128 1128 1099 1099 1099 1099 1128 1128 1129 1129 1099 1099 1129 1129 1100 1100 1100 1100 1129 1129 1130 1130 1100 1100 1130 1130 1101 1101 1101 1101 1130 1130 1131 1131 1101 1101 1131 1131 1102 1102 1102 1102 1131 1131 1132 1132 1102 1102 1132 1132 1103 1103 1103 1103 1132 1132 1133 1133 1103 1103 1133 1133 1104 1104 1104 1104 1133 1133 1134 1134 1104 1104 1134 1134 1105 1105 1105 1105 1134 1134 1135 1135 1105 1105 1135 1135 1106 1106 1106 1106 1135 1135 1136 1136 1106 1106 1136 1136 1107 1107 1107 1107 1136 1136 1137 1137 1107 1107 1137 1137 1108 1108 1108 1108 1137 1137 1138 1138 1108 1108 1138 1138 1109 1109 1109 1109 1138 1138 1139 1139 1109 1109 1139 1139 1110 1110 1110 1110 1139 1139 1140 1140 1110 1110 1140 1140 1111 1111 1111 1111 1140 1140 1141 1141 1111 1111 1141 1141 31 31 1112 1112 0 0 1142 1142 1112 1112 1142 1142 1113 1113 1113 1113 1142 1142 1143 1143 1113 1113 1143 1143 1114 1114 1114 1114 1143 1143 1144 1144 1114 1114 1144 1144 1115 1115 1115 1115 1144 1144 1145 1145 1115 1115 1145 1145 1116 1116 1116 1116 1145 1145 1146 1146 1116 1116 1146 1146 1117 1117 1117 1117 1146 1146 1147 1147 1117 1117 1147 1147 1118 1118 1118 1118 1147 1147 1148 1148 1118 1118 1148 1148 1119 1119 1119 1119 1148 1148 1149 1149 1119 1119 1149 1149 1120 1120 1120 1120 1149 1149 1150 1150 1120 1120 1150 1150 1121 1121 1121 1121 1150 1150 1151 1151 1121 1121 1151 1151 1122 1122 1122 1122 1151 1151 1152 1152 1122 1122 1152 1152 1123 1123 1123 1123 1152 1152 1153 1153 1123 1123 1153 1153 1124 1124 1124 1124 1153 1153 1154 1154 1124 1124 1154 1154 1125 1125 1125 1125 1154 1154 1155 1155 1125 1125 1155 1155 1126 1126 1126 1126 1155 1155 1156 1156 1126 1126 1156 1156 1127 1127 1127 1127 1156 1156 1157 1157 1127 1127 1157 1157 1128 1128 1128 1128 1157 1157 1158 1158 1128 1128 1158 1158 1129 1129 1129 1129 1158 1158 1159 1159 1129 1129 1159 1159 1130 1130 1130 1130 1159 1159 1160 1160 1130 1130 1160 1160 1131 1131 1131 1131 1160 1160 1161 1161 1131 1131 1161 1161 1132 1132 1132 1132 1161 1161 1162 1162 1132 1132 1162 1162 1133 1133 1133 1133 1162 1162 1163 1163 1133 1133 1163 1163 1134 1134 1134 1134 1163 1163 1164 1164 1134 1134 1164 1164 1135 1135 1135 1135 1164 1164 1165 1165 1135 1135 1165 1165 1136 1136 1136 1136 1165 1165 1166 1166 1136 1136 1166 1166 1137 1137 1137 1137 1166 1166 1167 1167 1137 1137 1167 1167 1138 1138 1138 1138 1167 1167 1168 1168 1138 1138 1168 1168 1139 1139 1139 1139 1168 1168 1169 1169 1139 1139 1169 1169 1140 1140 1140 1140 1169 1169 1170 1170 1140 1140 1170 1170 1141 1141 1141 1141 1170 1170 1171 1171 1141 1141 1171 1171 31 31 1142 1142 0 0 1172 1172 1142 1142 1172 1172 1143 1143 1143 1143 1172 1172 1173 1173 1143 1143 1173 1173 1144 1144 1144 1144 1173 1173 1174 1174 1144 1144 1174 1174 1145 1145 1145 1145 1174 1174 1175 1175 1145 1145 1175 1175 1146 1146 1146 1146 1175 1175 1176 1176 1146 1146 1176 1176 1147 1147 1147 1147 1176 1176 1177 1177 1147 1147 1177 1177 1148 1148 1148 1148 1177 1177 1178 1178 1148 1148 1178 1178 1149 1149 1149 1149 1178 1178 1179 1179 1149 1149 1179 1179 1150 1150 1150 1150 1179 1179 1180 1180 1150 1150 1180 1180 1151 1151 1151 1151 1180 1180 1181 1181 1151 1151 1181 1181 1152 1152 1152 1152 1181 1181 1182 1182 1152 1152 1182 1182 1153 1153 1153 1153 1182 1182 1183 1183 1153 1153 1183 1183 1154 1154 1154 1154 1183 1183 1184 1184 1154 1154 1184 1184 1155 1155 1155 1155 1184 1184 1185 1185 1155 1155 1185 1185 1156 1156 1156 1156 1185 1185 1186 1186 1156 1156 1186 1186 1157 1157 1157 1157 1186 1186 1187 1187 1157 1157 1187 1187 1158 1158 1158 1158 1187 1187 1188 1188 1158 1158 1188 1188 1159 1159 1159 1159 1188 1188 1189 1189 1159 1159 1189 1189 1160 1160 1160 1160 1189 1189 1190 1190 1160 1160 1190 1190 1161 1161 1161 1161 1190 1190 1191 1191 1161 1161 1191 1191 1162 1162 1162 1162 1191 1191 1192 1192 1162 1162 1192 1192 1163 1163 1163 1163 1192 1192 1193 1193 1163 1163 1193 1193 1164 1164 1164 1164 1193 1193 1194 1194 1164 1164 1194 1194 1165 1165 1165 1165 1194 1194 1195 1195 1165 1165 1195 1195 1166 1166 1166 1166 1195 1195 1196 1196 1166 1166 1196 1196 1167 1167 1167 1167 1196 1196 1197 1197 1167 1167 1197 1197 1168 1168 1168 1168 1197 1197 1198 1198 1168 1168 1198 1198 1169 1169 1169 1169 1198 1198 1199 1199 1169 1169 1199 1199 1170 1170 1170 1170 1199 1199 1200 1200 1170 1170 1200 1200 1171 1171 1171 1171 1200 1200 1201 1201 1171 1171 1201 1201 31 31 1172 1172 0 0 1202 1202 1172 1172 1202 1202 1173 1173 1173 1173 1202 1202 1203 1203 1173 1173 1203 1203 1174 1174 1174 1174 1203 1203 1204 1204 1174 1174 1204 1204 1175 1175 1175 1175 1204 1204 1205 1205 1175 1175 1205 1205 1176 1176 1176 1176 1205 1205 1206 1206 1176 1176 1206 1206 1177 1177 1177 1177 1206 1206 1207 1207 1177 1177 1207 1207 1178 1178 1178 1178 1207 1207 1208 1208 1178 1178 1208 1208 1179 1179 1179 1179 1208 1208 1209 1209 1179 1179 1209 1209 1180 1180 1180 1180 1209 1209 1210 1210 1180 1180 1210 1210 1181 1181 1181 1181 1210 1210 1211 1211 1181 1181 1211 1211 1182 1182 1182 1182 1211 1211 1212 1212 1182 1182 1212 1212 1183 1183 1183 1183 1212 1212 1213 1213 1183 1183 1213 1213 1184 1184 1184 1184 1213 1213 1214 1214 1184 1184 1214 1214 1185 1185 1185 1185 1214 1214 1215 1215 1185 1185 1215 1215 1186 1186 1186 1186 1215 1215 1216 1216 1186 1186 1216 1216 1187 1187 1187 1187 1216 1216 1217 1217 1187 1187 1217 1217 1188 1188 1188 1188 1217 1217 1218 1218 1188 1188 1218 1218 1189 1189 1189 1189 1218 1218 1219 1219 1189 1189 1219 1219 1190 1190 1190 1190 1219 1219 1220 1220 1190 1190 1220 1220 1191 1191 1191 1191 1220 1220 1221 1221 1191 1191 1221 1221 1192 1192 1192 1192 1221 1221 1222 1222 1192 1192 1222 1222 1193 1193 1193 1193 1222 1222 1223 1223 1193 1193 1223 1223 1194 1194 1194 1194 1223 1223 1224 1224 1194 1194 1224 1224 1195 1195 1195 1195 1224 1224 1225 1225 1195 1195 1225 1225 1196 1196 1196 1196 1225 1225 1226 1226 1196 1196 1226 1226 1197 1197 1197 1197 1226 1226 1227 1227 1197 1197 1227 1227 1198 1198 1198 1198 1227 1227 1228 1228 1198 1198 1228 1228 1199 1199 1199 1199 1228 1228 1229 1229 1199 1199 1229 1229 1200 1200 1200 1200 1229 1229 1230 1230 1200 1200 1230 1230 1201 1201 1201 1201 1230 1230 1231 1231 1201 1201 1231 1231 31 31 1202 1202 0 0 1232 1232 1202 1202 1232 1232 1203 1203 1203 1203 1232 1232 1233 1233 1203 1203 1233 1233 1204 1204 1204 1204 1233 1233 1234 1234 1204 1204 1234 1234 1205 1205 1205 1205 1234 1234 1235 1235 1205 1205 1235 1235 1206 1206 1206 1206 1235 1235 1236 1236 1206 1206 1236 1236 1207 1207 1207 1207 1236 1236 1237 1237 1207 1207 1237 1237 1208 1208 1208 1208 1237 1237 1238 1238 1208 1208 1238 1238 1209 1209 1209 1209 1238 1238 1239 1239 1209 1209 1239 1239 1210 1210 1210 1210 1239 1239 1240 1240 1210 1210 1240 1240 1211 1211 1211 1211 1240 1240 1241 1241 1211 1211 1241 1241 1212 1212 1212 1212 1241 1241 1242 1242 1212 1212 1242 1242 1213 1213 1213 1213 1242 1242 1243 1243 1213 1213 1243 1243 1214 1214 1214 1214 1243 1243 1244 1244 1214 1214 1244 1244 1215 1215 1215 1215 1244 1244 1245 1245 1215 1215 1245 1245 1216 1216 1216 1216 1245 1245 1246 1246 1216 1216 1246 1246 1217 1217 1217 1217 1246 1246 1247 1247 1217 1217 1247 1247 1218 1218 1218 1218 1247 1247 1248 1248 1218 1218 1248 1248 1219 1219 1219 1219 1248 1248 1249 1249 1219 1219 1249 1249 1220 1220 1220 1220 1249 1249 1250 1250 1220 1220 1250 1250 1221 1221 1221 1221 1250 1250 1251 1251 1221 1221 1251 1251 1222 1222 1222 1222 1251 1251 1252 1252 1222 1222 1252 1252 1223 1223 1223 1223 1252 1252 1253 1253 1223 1223 1253 1253 1224 1224 1224 1224 1253 1253 1254 1254 1224 1224 1254 1254 1225 1225 1225 1225 1254 1254 1255 1255 1225 1225 1255 1255 1226 1226 1226 1226 1255 1255 1256 1256 1226 1226 1256 1256 1227 1227 1227 1227 1256 1256 1257 1257 1227 1227 1257 1257 1228 1228 1228 1228 1257 1257 1258 1258 1228 1228 1258 1258 1229 1229 1229 1229 1258 1258 1259 1259 1229 1229 1259 1259 1230 1230 1230 1230 1259 1259 1260 1260 1230 1230 1260 1260 1231 1231 1231 1231 1260 1260 1261 1261 1231 1231 1261 1261 31 31 1232 1232 0 0 1262 1262 1232 1232 1262 1262 1233 1233 1233 1233 1262 1262 1263 1263 1233 1233 1263 1263 1234 1234 1234 1234 1263 1263 1264 1264 1234 1234 1264 1264 1235 1235 1235 1235 1264 1264 1265 1265 1235 1235 1265 1265 1236 1236 1236 1236 1265 1265 1266 1266 1236 1236 1266 1266 1237 1237 1237 1237 1266 1266 1267 1267 1237 1237 1267 1267 1238 1238 1238 1238 1267 1267 1268 1268 1238 1238 1268 1268 1239 1239 1239 1239 1268 1268 1269 1269 1239 1239 1269 1269 1240 1240 1240 1240 1269 1269 1270 1270 1240 1240 1270 1270 1241 1241 1241 1241 1270 1270 1271 1271 1241 1241 1271 1271 1242 1242 1242 1242 1271 1271 1272 1272 1242 1242 1272 1272 1243 1243 1243 1243 1272 1272 1273 1273 1243 1243 1273 1273 1244 1244 1244 1244 1273 1273 1274 1274 1244 1244 1274 1274 1245 1245 1245 1245 1274 1274 1275 1275 1245 1245 1275 1275 1246 1246 1246 1246 1275 1275 1276 1276 1246 1246 1276 1276 1247 1247 1247 1247 1276 1276 1277 1277 1247 1247 1277 1277 1248 1248 1248 1248 1277 1277 1278 1278 1248 1248 1278 1278 1249 1249 1249 1249 1278 1278 1279 1279 1249 1249 1279 1279 1250 1250 1250 1250 1279 1279 1280 1280 1250 1250 1280 1280 1251 1251 1251 1251 1280 1280 1281 1281 1251 1251 1281 1281 1252 1252 1252 1252 1281 1281 1282 1282 1252 1252 1282 1282 1253 1253 1253 1253 1282 1282 1283 1283 1253 1253 1283 1283 1254 1254 1254 1254 1283 1283 1284 1284 1254 1254 1284 1284 1255 1255 1255 1255 1284 1284 1285 1285 1255 1255 1285 1285 1256 1256 1256 1256 1285 1285 1286 1286 1256 1256 1286 1286 1257 1257 1257 1257 1286 1286 1287 1287 1257 1257 1287 1287 1258 1258 1258 1258 1287 1287 1288 1288 1258 1258 1288 1288 1259 1259 1259 1259 1288 1288 1289 1289 1259 1259 1289 1289 1260 1260 1260 1260 1289 1289 1290 1290 1260 1260 1290 1290 1261 1261 1261 1261 1290 1290 1291 1291 1261 1261 1291 1291 31 31 1262 1262 0 0 1292 1292 1262 1262 1292 1292 1263 1263 1263 1263 1292 1292 1293 1293 1263 1263 1293 1293 1264 1264 1264 1264 1293 1293 1294 1294 1264 1264 1294 1294 1265 1265 1265 1265 1294 1294 1295 1295 1265 1265 1295 1295 1266 1266 1266 1266 1295 1295 1296 1296 1266 1266 1296 1296 1267 1267 1267 1267 1296 1296 1297 1297 1267 1267 1297 1297 1268 1268 1268 1268 1297 1297 1298 1298 1268 1268 1298 1298 1269 1269 1269 1269 1298 1298 1299 1299 1269 1269 1299 1299 1270 1270 1270 1270 1299 1299 1300 1300 1270 1270 1300 1300 1271 1271 1271 1271 1300 1300 1301 1301 1271 1271 1301 1301 1272 1272 1272 1272 1301 1301 1302 1302 1272 1272 1302 1302 1273 1273 1273 1273 1302 1302 1303 1303 1273 1273 1303 1303 1274 1274 1274 1274 1303 1303 1304 1304 1274 1274 1304 1304 1275 1275 1275 1275 1304 1304 1305 1305 1275 1275 1305 1305 1276 1276 1276 1276 1305 1305 1306 1306 1276 1276 1306 1306 1277 1277 1277 1277 1306 1306 1307 1307 1277 1277 1307 1307 1278 1278 1278 1278 1307 1307 1308 1308 1278 1278 1308 1308 1279 1279 1279 1279 1308 1308 1309 1309 1279 1279 1309 1309 1280 1280 1280 1280 1309 1309 1310 1310 1280 1280 1310 1310 1281 1281 1281 1281 1310 1310 1311 1311 1281 1281 1311 1311 1282 1282 1282 1282 1311 1311 1312 1312 1282 1282 1312 1312 1283 1283 1283 1283 1312 1312 1313 1313 1283 1283 1313 1313 1284 1284 1284 1284 1313 1313 1314 1314 1284 1284 1314 1314 1285 1285 1285 1285 1314 1314 1315 1315 1285 1285 1315 1315 1286 1286 1286 1286 1315 1315 1316 1316 1286 1286 1316 1316 1287 1287 1287 1287 1316 1316 1317 1317 1287 1287 1317 1317 1288 1288 1288 1288 1317 1317 1318 1318 1288 1288 1318 1318 1289 1289 1289 1289 1318 1318 1319 1319 1289 1289 1319 1319 1290 1290 1290 1290 1319 1319 1320 1320 1290 1290 1320 1320 1291 1291 1291 1291 1320 1320 1321 1321 1291 1291 1321 1321 31 31 1292 1292 0 0 1322 1322 1292 1292 1322 1322 1293 1293 1293 1293 1322 1322 1323 1323 1293 1293 1323 1323 1294 1294 1294 1294 1323 1323 1324 1324 1294 1294 1324 1324 1295 1295 1295 1295 1324 1324 1325 1325 1295 1295 1325 1325 1296 1296 1296 1296 1325 1325 1326 1326 1296 1296 1326 1326 1297 1297 1297 1297 1326 1326 1327 1327 1297 1297 1327 1327 1298 1298 1298 1298 1327 1327 1328 1328 1298 1298 1328 1328 1299 1299 1299 1299 1328 1328 1329 1329 1299 1299 1329 1329 1300 1300 1300 1300 1329 1329 1330 1330 1300 1300 1330 1330 1301 1301 1301 1301 1330 1330 1331 1331 1301 1301 1331 1331 1302 1302 1302 1302 1331 1331 1332 1332 1302 1302 1332 1332 1303 1303 1303 1303 1332 1332 1333 1333 1303 1303 1333 1333 1304 1304 1304 1304 1333 1333 1334 1334 1304 1304 1334 1334 1305 1305 1305 1305 1334 1334 1335 1335 1305 1305 1335 1335 1306 1306 1306 1306 1335 1335 1336 1336 1306 1306 1336 1336 1307 1307 1307 1307 1336 1336 1337 1337 1307 1307 1337 1337 1308 1308 1308 1308 1337 1337 1338 1338 1308 1308 1338 1338 1309 1309 1309 1309 1338 1338 1339 1339 1309 1309 1339 1339 1310 1310 1310 1310 1339 1339 1340 1340 1310 1310 1340 1340 1311 1311 1311 1311 1340 1340 1341 1341 1311 1311 1341 1341 1312 1312 1312 1312 1341 1341 1342 1342 1312 1312 1342 1342 1313 1313 1313 1313 1342 1342 1343 1343 1313 1313 1343 1343 1314 1314 1314 1314 1343 1343 1344 1344 1314 1314 1344 1344 1315 1315 1315 1315 1344 1344 1345 1345 1315 1315 1345 1345 1316 1316 1316 1316 1345 1345 1346 1346 1316 1316 1346 1346 1317 1317 1317 1317 1346 1346 1347 1347 1317 1317 1347 1347 1318 1318 1318 1318 1347 1347 1348 1348 1318 1318 1348 1348 1319 1319 1319 1319 1348 1348 1349 1349 1319 1319 1349 1349 1320 1320 1320 1320 1349 1349 1350 1350 1320 1320 1350 1350 1321 1321 1321 1321 1350 1350 1351 1351 1321 1321 1351 1351 31 31 1322 1322 0 0 1352 1352 1322 1322 1352 1352 1323 1323 1323 1323 1352 1352 1353 1353 1323 1323 1353 1353 1324 1324 1324 1324 1353 1353 1354 1354 1324 1324 1354 1354 1325 1325 1325 1325 1354 1354 1355 1355 1325 1325 1355 1355 1326 1326 1326 1326 1355 1355 1356 1356 1326 1326 1356 1356 1327 1327 1327 1327 1356 1356 1357 1357 1327 1327 1357 1357 1328 1328 1328 1328 1357 1357 1358 1358 1328 1328 1358 1358 1329 1329 1329 1329 1358 1358 1359 1359 1329 1329 1359 1359 1330 1330 1330 1330 1359 1359 1360 1360 1330 1330 1360 1360 1331 1331 1331 1331 1360 1360 1361 1361 1331 1331 1361 1361 1332 1332 1332 1332 1361 1361 1362 1362 1332 1332 1362 1362 1333 1333 1333 1333 1362 1362 1363 1363 1333 1333 1363 1363 1334 1334 1334 1334 1363 1363 1364 1364 1334 1334 1364 1364 1335 1335 1335 1335 1364 1364 1365 1365 1335 1335 1365 1365 1336 1336 1336 1336 1365 1365 1366 1366 1336 1336 1366 1366 1337 1337 1337 1337 1366 1366 1367 1367 1337 1337 1367 1367 1338 1338 1338 1338 1367 1367 1368 1368 1338 1338 1368 1368 1339 1339 1339 1339 1368 1368 1369 1369 1339 1339 1369 1369 1340 1340 1340 1340 1369 1369 1370 1370 1340 1340 1370 1370 1341 1341 1341 1341 1370 1370 1371 1371 1341 1341 1371 1371 1342 1342 1342 1342 1371 1371 1372 1372 1342 1342 1372 1372 1343 1343 1343 1343 1372 1372 1373 1373 1343 1343 1373 1373 1344 1344 1344 1344 1373 1373 1374 1374 1344 1344 1374 1374 1345 1345 1345 1345 1374 1374 1375 1375 1345 1345 1375 1375 1346 1346 1346 1346 1375 1375 1376 1376 1346 1346 1376 1376 1347 1347 1347 1347 1376 1376 1377 1377 1347 1347 1377 1377 1348 1348 1348 1348 1377 1377 1378 1378 1348 1348 1378 1378 1349 1349 1349 1349 1378 1378 1379 1379 1349 1349 1379 1379 1350 1350 1350 1350 1379 1379 1380 1380 1350 1350 1380 1380 1351 1351 1351 1351 1380 1380 1381 1381 1351 1351 1381 1381 31 31 1352 1352 0 0 1382 1382 1352 1352 1382 1382 1353 1353 1353 1353 1382 1382 1383 1383 1353 1353 1383 1383 1354 1354 1354 1354 1383 1383 1384 1384 1354 1354 1384 1384 1355 1355 1355 1355 1384 1384 1385 1385 1355 1355 1385 1385 1356 1356 1356 1356 1385 1385 1386 1386 1356 1356 1386 1386 1357 1357 1357 1357 1386 1386 1387 1387 1357 1357 1387 1387 1358 1358 1358 1358 1387 1387 1388 1388 1358 1358 1388 1388 1359 1359 1359 1359 1388 1388 1389 1389 1359 1359 1389 1389 1360 1360 1360 1360 1389 1389 1390 1390 1360 1360 1390 1390 1361 1361 1361 1361 1390 1390 1391 1391 1361 1361 1391 1391 1362 1362 1362 1362 1391 1391 1392 1392 1362 1362 1392 1392 1363 1363 1363 1363 1392 1392 1393 1393 1363 1363 1393 1393 1364 1364 1364 1364 1393 1393 1394 1394 1364 1364 1394 1394 1365 1365 1365 1365 1394 1394 1395 1395 1365 1365 1395 1395 1366 1366 1366 1366 1395 1395 1396 1396 1366 1366 1396 1396 1367 1367 1367 1367 1396 1396 1397 1397 1367 1367 1397 1397 1368 1368 1368 1368 1397 1397 1398 1398 1368 1368 1398 1398 1369 1369 1369 1369 1398 1398 1399 1399 1369 1369 1399 1399 1370 1370 1370 1370 1399 1399 1400 1400 1370 1370 1400 1400 1371 1371 1371 1371 1400 1400 1401 1401 1371 1371 1401 1401 1372 1372 1372 1372 1401 1401 1402 1402 1372 1372 1402 1402 1373 1373 1373 1373 1402 1402 1403 1403 1373 1373 1403 1403 1374 1374 1374 1374 1403 1403 1404 1404 1374 1374 1404 1404 1375 1375 1375 1375 1404 1404 1405 1405 1375 1375 1405 1405 1376 1376 1376 1376 1405 1405 1406 1406 1376 1376 1406 1406 1377 1377 1377 1377 1406 1406 1407 1407 1377 1377 1407 1407 1378 1378 1378 1378 1407 1407 1408 1408 1378 1378 1408 1408 1379 1379 1379 1379 1408 1408 1409 1409 1379 1379 1409 1409 1380 1380 1380 1380 1409 1409 1410 1410 1380 1380 1410 1410 1381 1381 1381 1381 1410 1410 1411 1411 1381 1381 1411 1411 31 31 1382 1382 0 0 1412 1412 1382 1382 1412 1412 1383 1383 1383 1383 1412 1412 1413 1413 1383 1383 1413 1413 1384 1384 1384 1384 1413 1413 1414 1414 1384 1384 1414 1414 1385 1385 1385 1385 1414 1414 1415 1415 1385 1385 1415 1415 1386 1386 1386 1386 1415 1415 1416 1416 1386 1386 1416 1416 1387 1387 1387 1387 1416 1416 1417 1417 1387 1387 1417 1417 1388 1388 1388 1388 1417 1417 1418 1418 1388 1388 1418 1418 1389 1389 1389 1389 1418 1418 1419 1419 1389 1389 1419 1419 1390 1390 1390 1390 1419 1419 1420 1420 1390 1390 1420 1420 1391 1391 1391 1391 1420 1420 1421 1421 1391 1391 1421 1421 1392 1392 1392 1392 1421 1421 1422 1422 1392 1392 1422 1422 1393 1393 1393 1393 1422 1422 1423 1423 1393 1393 1423 1423 1394 1394 1394 1394 1423 1423 1424 1424 1394 1394 1424 1424 1395 1395 1395 1395 1424 1424 1425 1425 1395 1395 1425 1425 1396 1396 1396 1396 1425 1425 1426 1426 1396 1396 1426 1426 1397 1397 1397 1397 1426 1426 1427 1427 1397 1397 1427 1427 1398 1398 1398 1398 1427 1427 1428 1428 1398 1398 1428 1428 1399 1399 1399 1399 1428 1428 1429 1429 1399 1399 1429 1429 1400 1400 1400 1400 1429 1429 1430 1430 1400 1400 1430 1430 1401 1401 1401 1401 1430 1430 1431 1431 1401 1401 1431 1431 1402 1402 1402 1402 1431 1431 1432 1432 1402 1402 1432 1432 1403 1403 1403 1403 1432 1432 1433 1433 1403 1403 1433 1433 1404 1404 1404 1404 1433 1433 1434 1434 1404 1404 1434 1434 1405 1405 1405 1405 1434 1434 1435 1435 1405 1405 1435 1435 1406 1406 1406 1406 1435 1435 1436 1436 1406 1406 1436 1436 1407 1407 1407 1407 1436 1436 1437 1437 1407 1407 1437 1437 1408 1408 1408 1408 1437 1437 1438 1438 1408 1408 1438 1438 1409 1409 1409 1409 1438 1438 1439 1439 1409 1409 1439 1439 1410 1410 1410 1410 1439 1439 1440 1440 1410 1410 1440 1440 1411 1411 1411 1411 1440 1440 1441 1441 1411 1411 1441 1441 31 31 1412 1412 0 0 1442 1442 1412 1412 1442 1442 1413 1413 1413 1413 1442 1442 1443 1443 1413 1413 1443 1443 1414 1414 1414 1414 1443 1443 1444 1444 1414 1414 1444 1444 1415 1415 1415 1415 1444 1444 1445 1445 1415 1415 1445 1445 1416 1416 1416 1416 1445 1445 1446 1446 1416 1416 1446 1446 1417 1417 1417 1417 1446 1446 1447 1447 1417 1417 1447 1447 1418 1418 1418 1418 1447 1447 1448 1448 1418 1418 1448 1448 1419 1419 1419 1419 1448 1448 1449 1449 1419 1419 1449 1449 1420 1420 1420 1420 1449 1449 1450 1450 1420 1420 1450 1450 1421 1421 1421 1421 1450 1450 1451 1451 1421 1421 1451 1451 1422 1422 1422 1422 1451 1451 1452 1452 1422 1422 1452 1452 1423 1423 1423 1423 1452 1452 1453 1453 1423 1423 1453 1453 1424 1424 1424 1424 1453 1453 1454 1454 1424 1424 1454 1454 1425 1425 1425 1425 1454 1454 1455 1455 1425 1425 1455 1455 1426 1426 1426 1426 1455 1455 1456 1456 1426 1426 1456 1456 1427 1427 1427 1427 1456 1456 1457 1457 1427 1427 1457 1457 1428 1428 1428 1428 1457 1457 1458 1458 1428 1428 1458 1458 1429 1429 1429 1429 1458 1458 1459 1459 1429 1429 1459 1459 1430 1430 1430 1430 1459 1459 1460 1460 1430 1430 1460 1460 1431 1431 1431 1431 1460 1460 1461 1461 1431 1431 1461 1461 1432 1432 1432 1432 1461 1461 1462 1462 1432 1432 1462 1462 1433 1433 1433 1433 1462 1462 1463 1463 1433 1433 1463 1463 1434 1434 1434 1434 1463 1463 1464 1464 1434 1434 1464 1464 1435 1435 1435 1435 1464 1464 1465 1465 1435 1435 1465 1465 1436 1436 1436 1436 1465 1465 1466 1466 1436 1436 1466 1466 1437 1437 1437 1437 1466 1466 1467 1467 1437 1437 1467 1467 1438 1438 1438 1438 1467 1467 1468 1468 1438 1438 1468 1468 1439 1439 1439 1439 1468 1468 1469 1469 1439 1439 1469 1469 1440 1440 1440 1440 1469 1469 1470 1470 1440 1440 1470 1470 1441 1441 1441 1441 1470 1470 1471 1471 1441 1441 1471 1471 31 31 1442 1442 0 0 1472 1472 1442 1442 1472 1472 1443 1443 1443 1443 1472 1472 1473 1473 1443 1443 1473 1473 1444 1444 1444 1444 1473 1473 1474 1474 1444 1444 1474 1474 1445 1445 1445 1445 1474 1474 1475 1475 1445 1445 1475 1475 1446 1446 1446 1446 1475 1475 1476 1476 1446 1446 1476 1476 1447 1447 1447 1447 1476 1476 1477 1477 1447 1447 1477 1477 1448 1448 1448 1448 1477 1477 1478 1478 1448 1448 1478 1478 1449 1449 1449 1449 1478 1478 1479 1479 1449 1449 1479 1479 1450 1450 1450 1450 1479 1479 1480 1480 1450 1450 1480 1480 1451 1451 1451 1451 1480 1480 1481 1481 1451 1451 1481 1481 1452 1452 1452 1452 1481 1481 1482 1482 1452 1452 1482 1482 1453 1453 1453 1453 1482 1482 1483 1483 1453 1453 1483 1483 1454 1454 1454 1454 1483 1483 1484 1484 1454 1454 1484 1484 1455 1455 1455 1455 1484 1484 1485 1485 1455 1455 1485 1485 1456 1456 1456 1456 1485 1485 1486 1486 1456 1456 1486 1486 1457 1457 1457 1457 1486 1486 1487 1487 1457 1457 1487 1487 1458 1458 1458 1458 1487 1487 1488 1488 1458 1458 1488 1488 1459 1459 1459 1459 1488 1488 1489 1489 1459 1459 1489 1489 1460 1460 1460 1460 1489 1489 1490 1490 1460 1460 1490 1490 1461 1461 1461 1461 1490 1490 1491 1491 1461 1461 1491 1491 1462 1462 1462 1462 1491 1491 1492 1492 1462 1462 1492 1492 1463 1463 1463 1463 1492 1492 1493 1493 1463 1463 1493 1493 1464 1464 1464 1464 1493 1493 1494 1494 1464 1464 1494 1494 1465 1465 1465 1465 1494 1494 1495 1495 1465 1465 1495 1495 1466 1466 1466 1466 1495 1495 1496 1496 1466 1466 1496 1496 1467 1467 1467 1467 1496 1496 1497 1497 1467 1467 1497 1497 1468 1468 1468 1468 1497 1497 1498 1498 1468 1468 1498 1498 1469 1469 1469 1469 1498 1498 1499 1499 1469 1469 1499 1499 1470 1470 1470 1470 1499 1499 1500 1500 1470 1470 1500 1500 1471 1471 1471 1471 1500 1500 1501 1501 1471 1471 1501 1501 31 31 1472 1472 0 0 1502 1502 1472 1472 1502 1502 1473 1473 1473 1473 1502 1502 1503 1503 1473 1473 1503 1503 1474 1474 1474 1474 1503 1503 1504 1504 1474 1474 1504 1504 1475 1475 1475 1475 1504 1504 1505 1505 1475 1475 1505 1505 1476 1476 1476 1476 1505 1505 1506 1506 1476 1476 1506 1506 1477 1477 1477 1477 1506 1506 1507 1507 1477 1477 1507 1507 1478 1478 1478 1478 1507 1507 1508 1508 1478 1478 1508 1508 1479 1479 1479 1479 1508 1508 1509 1509 1479 1479 1509 1509 1480 1480 1480 1480 1509 1509 1510 1510 1480 1480 1510 1510 1481 1481 1481 1481 1510 1510 1511 1511 1481 1481 1511 1511 1482 1482 1482 1482 1511 1511 1512 1512 1482 1482 1512 1512 1483 1483 1483 1483 1512 1512 1513 1513 1483 1483 1513 1513 1484 1484 1484 1484 1513 1513 1514 1514 1484 1484 1514 1514 1485 1485 1485 1485 1514 1514 1515 1515 1485 1485 1515 1515 1486 1486 1486 1486 1515 1515 1516 1516 1486 1486 1516 1516 1487 1487 1487 1487 1516 1516 1517 1517 1487 1487 1517 1517 1488 1488 1488 1488 1517 1517 1518 1518 1488 1488 1518 1518 1489 1489 1489 1489 1518 1518 1519 1519 1489 1489 1519 1519 1490 1490 1490 1490 1519 1519 1520 1520 1490 1490 1520 1520 1491 1491 1491 1491 1520 1520 1521 1521 1491 1491 1521 1521 1492 1492 1492 1492 1521 1521 1522 1522 1492 1492 1522 1522 1493 1493 1493 1493 1522 1522 1523 1523 1493 1493 1523 1523 1494 1494 1494 1494 1523 1523 1524 1524 1494 1494 1524 1524 1495 1495 1495 1495 1524 1524 1525 1525 1495 1495 1525 1525 1496 1496 1496 1496 1525 1525 1526 1526 1496 1496 1526 1526 1497 1497 1497 1497 1526 1526 1527 1527 1497 1497 1527 1527 1498 1498 1498 1498 1527 1527 1528 1528 1498 1498 1528 1528 1499 1499 1499 1499 1528 1528 1529 1529 1499 1499 1529 1529 1500 1500 1500 1500 1529 1529 1530 1530 1500 1500 1530 1530 1501 1501 1501 1501 1530 1530 1531 1531 1501 1501 1531 1531 31 31 1502 1502 0 0 1532 1532 1502 1502 1532 1532 1503 1503 1503 1503 1532 1532 1533 1533 1503 1503 1533 1533 1504 1504 1504 1504 1533 1533 1534 1534 1504 1504 1534 1534 1505 1505 1505 1505 1534 1534 1535 1535 1505 1505 1535 1535 1506 1506 1506 1506 1535 1535 1536 1536 1506 1506 1536 1536 1507 1507 1507 1507 1536 1536 1537 1537 1507 1507 1537 1537 1508 1508 1508 1508 1537 1537 1538 1538 1508 1508 1538 1538 1509 1509 1509 1509 1538 1538 1539 1539 1509 1509 1539 1539 1510 1510 1510 1510 1539 1539 1540 1540 1510 1510 1540 1540 1511 1511 1511 1511 1540 1540 1541 1541 1511 1511 1541 1541 1512 1512 1512 1512 1541 1541 1542 1542 1512 1512 1542 1542 1513 1513 1513 1513 1542 1542 1543 1543 1513 1513 1543 1543 1514 1514 1514 1514 1543 1543 1544 1544 1514 1514 1544 1544 1515 1515 1515 1515 1544 1544 1545 1545 1515 1515 1545 1545 1516 1516 1516 1516 1545 1545 1546 1546 1516 1516 1546 1546 1517 1517 1517 1517 1546 1546 1547 1547 1517 1517 1547 1547 1518 1518 1518 1518 1547 1547 1548 1548 1518 1518 1548 1548 1519 1519 1519 1519 1548 1548 1549 1549 1519 1519 1549 1549 1520 1520 1520 1520 1549 1549 1550 1550 1520 1520 1550 1550 1521 1521 1521 1521 1550 1550 1551 1551 1521 1521 1551 1551 1522 1522 1522 1522 1551 1551 1552 1552 1522 1522 1552 1552 1523 1523 1523 1523 1552 1552 1553 1553 1523 1523 1553 1553 1524 1524 1524 1524 1553 1553 1554 1554 1524 1524 1554 1554 1525 1525 1525 1525 1554 1554 1555 1555 1525 1525 1555 1555 1526 1526 1526 1526 1555 1555 1556 1556 1526 1526 1556 1556 1527 1527 1527 1527 1556 1556 1557 1557 1527 1527 1557 1557 1528 1528 1528 1528 1557 1557 1558 1558 1528 1528 1558 1558 1529 1529 1529 1529 1558 1558 1559 1559 1529 1529 1559 1559 1530 1530 1530 1530 1559 1559 1560 1560 1530 1530 1560 1560 1531 1531 1531 1531 1560 1560 1561 1561 1531 1531 1561 1561 31 31 1532 1532 0 0 1562 1562 1532 1532 1562 1562 1533 1533 1533 1533 1562 1562 1563 1563 1533 1533 1563 1563 1534 1534 1534 1534 1563 1563 1564 1564 1534 1534 1564 1564 1535 1535 1535 1535 1564 1564 1565 1565 1535 1535 1565 1565 1536 1536 1536 1536 1565 1565 1566 1566 1536 1536 1566 1566 1537 1537 1537 1537 1566 1566 1567 1567 1537 1537 1567 1567 1538 1538 1538 1538 1567 1567 1568 1568 1538 1538 1568 1568 1539 1539 1539 1539 1568 1568 1569 1569 1539 1539 1569 1569 1540 1540 1540 1540 1569 1569 1570 1570 1540 1540 1570 1570 1541 1541 1541 1541 1570 1570 1571 1571 1541 1541 1571 1571 1542 1542 1542 1542 1571 1571 1572 1572 1542 1542 1572 1572 1543 1543 1543 1543 1572 1572 1573 1573 1543 1543 1573 1573 1544 1544 1544 1544 1573 1573 1574 1574 1544 1544 1574 1574 1545 1545 1545 1545 1574 1574 1575 1575 1545 1545 1575 1575 1546 1546 1546 1546 1575 1575 1576 1576 1546 1546 1576 1576 1547 1547 1547 1547 1576 1576 1577 1577 1547 1547 1577 1577 1548 1548 1548 1548 1577 1577 1578 1578 1548 1548 1578 1578 1549 1549 1549 1549 1578 1578 1579 1579 1549 1549 1579 1579 1550 1550 1550 1550 1579 1579 1580 1580 1550 1550 1580 1580 1551 1551 1551 1551 1580 1580 1581 1581 1551 1551 1581 1581 1552 1552 1552 1552 1581 1581 1582 1582 1552 1552 1582 1582 1553 1553 1553 1553 1582 1582 1583 1583 1553 1553 1583 1583 1554 1554 1554 1554 1583 1583 1584 1584 1554 1554 1584 1584 1555 1555 1555 1555 1584 1584 1585 1585 1555 1555 1585 1585 1556 1556 1556 1556 1585 1585 1586 1586 1556 1556 1586 1586 1557 1557 1557 1557 1586 1586 1587 1587 1557 1557 1587 1587 1558 1558 1558 1558 1587 1587 1588 1588 1558 1558 1588 1588 1559 1559 1559 1559 1588 1588 1589 1589 1559 1559 1589 1589 1560 1560 1560 1560 1589 1589 1590 1590 1560 1560 1590 1590 1561 1561 1561 1561 1590 1590 1591 1591 1561 1561 1591 1591 31 31 1562 1562 0 0 1592 1592 1562 1562 1592 1592 1563 1563 1563 1563 1592 1592 1593 1593 1563 1563 1593 1593 1564 1564 1564 1564 1593 1593 1594 1594 1564 1564 1594 1594 1565 1565 1565 1565 1594 1594 1595 1595 1565 1565 1595 1595 1566 1566 1566 1566 1595 1595 1596 1596 1566 1566 1596 1596 1567 1567 1567 1567 1596 1596 1597 1597 1567 1567 1597 1597 1568 1568 1568 1568 1597 1597 1598 1598 1568 1568 1598 1598 1569 1569 1569 1569 1598 1598 1599 1599 1569 1569 1599 1599 1570 1570 1570 1570 1599 1599 1600 1600 1570 1570 1600 1600 1571 1571 1571 1571 1600 1600 1601 1601 1571 1571 1601 1601 1572 1572 1572 1572 1601 1601 1602 1602 1572 1572 1602 1602 1573 1573 1573 1573 1602 1602 1603 1603 1573 1573 1603 1603 1574 1574 1574 1574 1603 1603 1604 1604 1574 1574 1604 1604 1575 1575 1575 1575 1604 1604 1605 1605 1575 1575 1605 1605 1576 1576 1576 1576 1605 1605 1606 1606 1576 1576 1606 1606 1577 1577 1577 1577 1606 1606 1607 1607 1577 1577 1607 1607 1578 1578 1578 1578 1607 1607 1608 1608 1578 1578 1608 1608 1579 1579 1579 1579 1608 1608 1609 1609 1579 1579 1609 1609 1580 1580 1580 1580 1609 1609 1610 1610 1580 1580 1610 1610 1581 1581 1581 1581 1610 1610 1611 1611 1581 1581 1611 1611 1582 1582 1582 1582 1611 1611 1612 1612 1582 1582 1612 1612 1583 1583 1583 1583 1612 1612 1613 1613 1583 1583 1613 1613 1584 1584 1584 1584 1613 1613 1614 1614 1584 1584 1614 1614 1585 1585 1585 1585 1614 1614 1615 1615 1585 1585 1615 1615 1586 1586 1586 1586 1615 1615 1616 1616 1586 1586 1616 1616 1587 1587 1587 1587 1616 1616 1617 1617 1587 1587 1617 1617 1588 1588 1588 1588 1617 1617 1618 1618 1588 1588 1618 1618 1589 1589 1589 1589 1618 1618 1619 1619 1589 1589 1619 1619 1590 1590 1590 1590 1619 1619 1620 1620 1590 1590 1620 1620 1591 1591 1591 1591 1620 1620 1621 1621 1591 1591 1621 1621 31 31 1592 1592 0 0 1622 1622 1592 1592 1622 1622 1593 1593 1593 1593 1622 1622 1623 1623 1593 1593 1623 1623 1594 1594 1594 1594 1623 1623 1624 1624 1594 1594 1624 1624 1595 1595 1595 1595 1624 1624 1625 1625 1595 1595 1625 1625 1596 1596 1596 1596 1625 1625 1626 1626 1596 1596 1626 1626 1597 1597 1597 1597 1626 1626 1627 1627 1597 1597 1627 1627 1598 1598 1598 1598 1627 1627 1628 1628 1598 1598 1628 1628 1599 1599 1599 1599 1628 1628 1629 1629 1599 1599 1629 1629 1600 1600 1600 1600 1629 1629 1630 1630 1600 1600 1630 1630 1601 1601 1601 1601 1630 1630 1631 1631 1601 1601 1631 1631 1602 1602 1602 1602 1631 1631 1632 1632 1602 1602 1632 1632 1603 1603 1603 1603 1632 1632 1633 1633 1603 1603 1633 1633 1604 1604 1604 1604 1633 1633 1634 1634 1604 1604 1634 1634 1605 1605 1605 1605 1634 1634 1635 1635 1605 1605 1635 1635 1606 1606 1606 1606 1635 1635 1636 1636 1606 1606 1636 1636 1607 1607 1607 1607 1636 1636 1637 1637 1607 1607 1637 1637 1608 1608 1608 1608 1637 1637 1638 1638 1608 1608 1638 1638 1609 1609 1609 1609 1638 1638 1639 1639 1609 1609 1639 1639 1610 1610 1610 1610 1639 1639 1640 1640 1610 1610 1640 1640 1611 1611 1611 1611 1640 1640 1641 1641 1611 1611 1641 1641 1612 1612 1612 1612 1641 1641 1642 1642 1612 1612 1642 1642 1613 1613 1613 1613 1642 1642 1643 1643 1613 1613 1643 1643 1614 1614 1614 1614 1643 1643 1644 1644 1614 1614 1644 1644 1615 1615 1615 1615 1644 1644 1645 1645 1615 1615 1645 1645 1616 1616 1616 1616 1645 1645 1646 1646 1616 1616 1646 1646 1617 1617 1617 1617 1646 1646 1647 1647 1617 1617 1647 1647 1618 1618 1618 1618 1647 1647 1648 1648 1618 1618 1648 1648 1619 1619 1619 1619 1648 1648 1649 1649 1619 1619 1649 1649 1620 1620 1620 1620 1649 1649 1650 1650 1620 1620 1650 1650 1621 1621 1621 1621 1650 1650 1651 1651 1621 1621 1651 1651 31 31 1622 1622 0 0 1652 1652 1622 1622 1652 1652 1623 1623 1623 1623 1652 1652 1653 1653 1623 1623 1653 1653 1624 1624 1624 1624 1653 1653 1654 1654 1624 1624 1654 1654 1625 1625 1625 1625 1654 1654 1655 1655 1625 1625 1655 1655 1626 1626 1626 1626 1655 1655 1656 1656 1626 1626 1656 1656 1627 1627 1627 1627 1656 1656 1657 1657 1627 1627 1657 1657 1628 1628 1628 1628 1657 1657 1658 1658 1628 1628 1658 1658 1629 1629 1629 1629 1658 1658 1659 1659 1629 1629 1659 1659 1630 1630 1630 1630 1659 1659 1660 1660 1630 1630 1660 1660 1631 1631 1631 1631 1660 1660 1661 1661 1631 1631 1661 1661 1632 1632 1632 1632 1661 1661 1662 1662 1632 1632 1662 1662 1633 1633 1633 1633 1662 1662 1663 1663 1633 1633 1663 1663 1634 1634 1634 1634 1663 1663 1664 1664 1634 1634 1664 1664 1635 1635 1635 1635 1664 1664 1665 1665 1635 1635 1665 1665 1636 1636 1636 1636 1665 1665 1666 1666 1636 1636 1666 1666 1637 1637 1637 1637 1666 1666 1667 1667 1637 1637 1667 1667 1638 1638 1638 1638 1667 1667 1668 1668 1638 1638 1668 1668 1639 1639 1639 1639 1668 1668 1669 1669 1639 1639 1669 1669 1640 1640 1640 1640 1669 1669 1670 1670 1640 1640 1670 1670 1641 1641 1641 1641 1670 1670 1671 1671 1641 1641 1671 1671 1642 1642 1642 1642 1671 1671 1672 1672 1642 1642 1672 1672 1643 1643 1643 1643 1672 1672 1673 1673 1643 1643 1673 1673 1644 1644 1644 1644 1673 1673 1674 1674 1644 1644 1674 1674 1645 1645 1645 1645 1674 1674 1675 1675 1645 1645 1675 1675 1646 1646 1646 1646 1675 1675 1676 1676 1646 1646 1676 1676 1647 1647 1647 1647 1676 1676 1677 1677 1647 1647 1677 1677 1648 1648 1648 1648 1677 1677 1678 1678 1648 1648 1678 1678 1649 1649 1649 1649 1678 1678 1679 1679 1649 1649 1679 1679 1650 1650 1650 1650 1679 1679 1680 1680 1650 1650 1680 1680 1651 1651 1651 1651 1680 1680 1681 1681 1651 1651 1681 1681 31 31 1652 1652 0 0 1682 1682 1652 1652 1682 1682 1653 1653 1653 1653 1682 1682 1683 1683 1653 1653 1683 1683 1654 1654 1654 1654 1683 1683 1684 1684 1654 1654 1684 1684 1655 1655 1655 1655 1684 1684 1685 1685 1655 1655 1685 1685 1656 1656 1656 1656 1685 1685 1686 1686 1656 1656 1686 1686 1657 1657 1657 1657 1686 1686 1687 1687 1657 1657 1687 1687 1658 1658 1658 1658 1687 1687 1688 1688 1658 1658 1688 1688 1659 1659 1659 1659 1688 1688 1689 1689 1659 1659 1689 1689 1660 1660 1660 1660 1689 1689 1690 1690 1660 1660 1690 1690 1661 1661 1661 1661 1690 1690 1691 1691 1661 1661 1691 1691 1662 1662 1662 1662 1691 1691 1692 1692 1662 1662 1692 1692 1663 1663 1663 1663 1692 1692 1693 1693 1663 1663 1693 1693 1664 1664 1664 1664 1693 1693 1694 1694 1664 1664 1694 1694 1665 1665 1665 1665 1694 1694 1695 1695 1665 1665 1695 1695 1666 1666 1666 1666 1695 1695 1696 1696 1666 1666 1696 1696 1667 1667 1667 1667 1696 1696 1697 1697 1667 1667 1697 1697 1668 1668 1668 1668 1697 1697 1698 1698 1668 1668 1698 1698 1669 1669 1669 1669 1698 1698 1699 1699 1669 1669 1699 1699 1670 1670 1670 1670 1699 1699 1700 1700 1670 1670 1700 1700 1671 1671 1671 1671 1700 1700 1701 1701 1671 1671 1701 1701 1672 1672 1672 1672 1701 1701 1702 1702 1672 1672 1702 1702 1673 1673 1673 1673 1702 1702 1703 1703 1673 1673 1703 1703 1674 1674 1674 1674 1703 1703 1704 1704 1674 1674 1704 1704 1675 1675 1675 1675 1704 1704 1705 1705 1675 1675 1705 1705 1676 1676 1676 1676 1705 1705 1706 1706 1676 1676 1706 1706 1677 1677 1677 1677 1706 1706 1707 1707 1677 1677 1707 1707 1678 1678 1678 1678 1707 1707 1708 1708 1678 1678 1708 1708 1679 1679 1679 1679 1708 1708 1709 1709 1679 1679 1709 1709 1680 1680 1680 1680 1709 1709 1710 1710 1680 1680 1710 1710 1681 1681 1681 1681 1710 1710 1711 1711 1681 1681 1711 1711 31 31 1682 1682 0 0 1712 1712 1682 1682 1712 1712 1683 1683 1683 1683 1712 1712 1713 1713 1683 1683 1713 1713 1684 1684 1684 1684 1713 1713 1714 1714 1684 1684 1714 1714 1685 1685 1685 1685 1714 1714 1715 1715 1685 1685 1715 1715 1686 1686 1686 1686 1715 1715 1716 1716 1686 1686 1716 1716 1687 1687 1687 1687 1716 1716 1717 1717 1687 1687 1717 1717 1688 1688 1688 1688 1717 1717 1718 1718 1688 1688 1718 1718 1689 1689 1689 1689 1718 1718 1719 1719 1689 1689 1719 1719 1690 1690 1690 1690 1719 1719 1720 1720 1690 1690 1720 1720 1691 1691 1691 1691 1720 1720 1721 1721 1691 1691 1721 1721 1692 1692 1692 1692 1721 1721 1722 1722 1692 1692 1722 1722 1693 1693 1693 1693 1722 1722 1723 1723 1693 1693 1723 1723 1694 1694 1694 1694 1723 1723 1724 1724 1694 1694 1724 1724 1695 1695 1695 1695 1724 1724 1725 1725 1695 1695 1725 1725 1696 1696 1696 1696 1725 1725 1726 1726 1696 1696 1726 1726 1697 1697 1697 1697 1726 1726 1727 1727 1697 1697 1727 1727 1698 1698 1698 1698 1727 1727 1728 1728 1698 1698 1728 1728 1699 1699 1699 1699 1728 1728 1729 1729 1699 1699 1729 1729 1700 1700 1700 1700 1729 1729 1730 1730 1700 1700 1730 1730 1701 1701 1701 1701 1730 1730 1731 1731 1701 1701 1731 1731 1702 1702 1702 1702 1731 1731 1732 1732 1702 1702 1732 1732 1703 1703 1703 1703 1732 1732 1733 1733 1703 1703 1733 1733 1704 1704 1704 1704 1733 1733 1734 1734 1704 1704 1734 1734 1705 1705 1705 1705 1734 1734 1735 1735 1705 1705 1735 1735 1706 1706 1706 1706 1735 1735 1736 1736 1706 1706 1736 1736 1707 1707 1707 1707 1736 1736 1737 1737 1707 1707 1737 1737 1708 1708 1708 1708 1737 1737 1738 1738 1708 1708 1738 1738 1709 1709 1709 1709 1738 1738 1739 1739 1709 1709 1739 1739 1710 1710 1710 1710 1739 1739 1740 1740 1710 1710 1740 1740 1711 1711 1711 1711 1740 1740 1741 1741 1711 1711 1741 1741 31 31 1712 1712 0 0 1742 1742 1712 1712 1742 1742 1713 1713 1713 1713 1742 1742 1743 1743 1713 1713 1743 1743 1714 1714 1714 1714 1743 1743 1744 1744 1714 1714 1744 1744 1715 1715 1715 1715 1744 1744 1745 1745 1715 1715 1745 1745 1716 1716 1716 1716 1745 1745 1746 1746 1716 1716 1746 1746 1717 1717 1717 1717 1746 1746 1747 1747 1717 1717 1747 1747 1718 1718 1718 1718 1747 1747 1748 1748 1718 1718 1748 1748 1719 1719 1719 1719 1748 1748 1749 1749 1719 1719 1749 1749 1720 1720 1720 1720 1749 1749 1750 1750 1720 1720 1750 1750 1721 1721 1721 1721 1750 1750 1751 1751 1721 1721 1751 1751 1722 1722 1722 1722 1751 1751 1752 1752 1722 1722 1752 1752 1723 1723 1723 1723 1752 1752 1753 1753 1723 1723 1753 1753 1724 1724 1724 1724 1753 1753 1754 1754 1724 1724 1754 1754 1725 1725 1725 1725 1754 1754 1755 1755 1725 1725 1755 1755 1726 1726 1726 1726 1755 1755 1756 1756 1726 1726 1756 1756 1727 1727 1727 1727 1756 1756 1757 1757 1727 1727 1757 1757 1728 1728 1728 1728 1757 1757 1758 1758 1728 1728 1758 1758 1729 1729 1729 1729 1758 1758 1759 1759 1729 1729 1759 1759 1730 1730 1730 1730 1759 1759 1760 1760 1730 1730 1760 1760 1731 1731 1731 1731 1760 1760 1761 1761 1731 1731 1761 1761 1732 1732 1732 1732 1761 1761 1762 1762 1732 1732 1762 1762 1733 1733 1733 1733 1762 1762 1763 1763 1733 1733 1763 1763 1734 1734 1734 1734 1763 1763 1764 1764 1734 1734 1764 1764 1735 1735 1735 1735 1764 1764 1765 1765 1735 1735 1765 1765 1736 1736 1736 1736 1765 1765 1766 1766 1736 1736 1766 1766 1737 1737 1737 1737 1766 1766 1767 1767 1737 1737 1767 1767 1738 1738 1738 1738 1767 1767 1768 1768 1738 1738 1768 1768 1739 1739 1739 1739 1768 1768 1769 1769 1739 1739 1769 1769 1740 1740 1740 1740 1769 1769 1770 1770 1740 1740 1770 1770 1741 1741 1741 1741 1770 1770 1771 1771 1741 1741 1771 1771 31 31 1742 1742 0 0 1772 1772 1742 1742 1772 1772 1743 1743 1743 1743 1772 1772 1773 1773 1743 1743 1773 1773 1744 1744 1744 1744 1773 1773 1774 1774 1744 1744 1774 1774 1745 1745 1745 1745 1774 1774 1775 1775 1745 1745 1775 1775 1746 1746 1746 1746 1775 1775 1776 1776 1746 1746 1776 1776 1747 1747 1747 1747 1776 1776 1777 1777 1747 1747 1777 1777 1748 1748 1748 1748 1777 1777 1778 1778 1748 1748 1778 1778 1749 1749 1749 1749 1778 1778 1779 1779 1749 1749 1779 1779 1750 1750 1750 1750 1779 1779 1780 1780 1750 1750 1780 1780 1751 1751 1751 1751 1780 1780 1781 1781 1751 1751 1781 1781 1752 1752 1752 1752 1781 1781 1782 1782 1752 1752 1782 1782 1753 1753 1753 1753 1782 1782 1783 1783 1753 1753 1783 1783 1754 1754 1754 1754 1783 1783 1784 1784 1754 1754 1784 1784 1755 1755 1755 1755 1784 1784 1785 1785 1755 1755 1785 1785 1756 1756 1756 1756 1785 1785 1786 1786 1756 1756 1786 1786 1757 1757 1757 1757 1786 1786 1787 1787 1757 1757 1787 1787 1758 1758 1758 1758 1787 1787 1788 1788 1758 1758 1788 1788 1759 1759 1759 1759 1788 1788 1789 1789 1759 1759 1789 1789 1760 1760 1760 1760 1789 1789 1790 1790 1760 1760 1790 1790 1761 1761 1761 1761 1790 1790 1791 1791 1761 1761 1791 1791 1762 1762 1762 1762 1791 1791 1792 1792 1762 1762 1792 1792 1763 1763 1763 1763 1792 1792 1793 1793 1763 1763 1793 1793 1764 1764 1764 1764 1793 1793 1794 1794 1764 1764 1794 1794 1765 1765 1765 1765 1794 1794 1795 1795 1765 1765 1795 1795 1766 1766 1766 1766 1795 1795 1796 1796 1766 1766 1796 1796 1767 1767 1767 1767 1796 1796 1797 1797 1767 1767 1797 1797 1768 1768 1768 1768 1797 1797 1798 1798 1768 1768 1798 1798 1769 1769 1769 1769 1798 1798 1799 1799 1769 1769 1799 1799 1770 1770 1770 1770 1799 1799 1800 1800 1770 1770 1800 1800 1771 1771 1771 1771 1800 1800 1801 1801 1771 1771 1801 1801 31 31 1772 1772 0 0 1802 1802 1772 1772 1802 1802 1773 1773 1773 1773 1802 1802 1803 1803 1773 1773 1803 1803 1774 1774 1774 1774 1803 1803 1804 1804 1774 1774 1804 1804 1775 1775 1775 1775 1804 1804 1805 1805 1775 1775 1805 1805 1776 1776 1776 1776 1805 1805 1806 1806 1776 1776 1806 1806 1777 1777 1777 1777 1806 1806 1807 1807 1777 1777 1807 1807 1778 1778 1778 1778 1807 1807 1808 1808 1778 1778 1808 1808 1779 1779 1779 1779 1808 1808 1809 1809 1779 1779 1809 1809 1780 1780 1780 1780 1809 1809 1810 1810 1780 1780 1810 1810 1781 1781 1781 1781 1810 1810 1811 1811 1781 1781 1811 1811 1782 1782 1782 1782 1811 1811 1812 1812 1782 1782 1812 1812 1783 1783 1783 1783 1812 1812 1813 1813 1783 1783 1813 1813 1784 1784 1784 1784 1813 1813 1814 1814 1784 1784 1814 1814 1785 1785 1785 1785 1814 1814 1815 1815 1785 1785 1815 1815 1786 1786 1786 1786 1815 1815 1816 1816 1786 1786 1816 1816 1787 1787 1787 1787 1816 1816 1817 1817 1787 1787 1817 1817 1788 1788 1788 1788 1817 1817 1818 1818 1788 1788 1818 1818 1789 1789 1789 1789 1818 1818 1819 1819 1789 1789 1819 1819 1790 1790 1790 1790 1819 1819 1820 1820 1790 1790 1820 1820 1791 1791 1791 1791 1820 1820 1821 1821 1791 1791 1821 1821 1792 1792 1792 1792 1821 1821 1822 1822 1792 1792 1822 1822 1793 1793 1793 1793 1822 1822 1823 1823 1793 1793 1823 1823 1794 1794 1794 1794 1823 1823 1824 1824 1794 1794 1824 1824 1795 1795 1795 1795 1824 1824 1825 1825 1795 1795 1825 1825 1796 1796 1796 1796 1825 1825 1826 1826 1796 1796 1826 1826 1797 1797 1797 1797 1826 1826 1827 1827 1797 1797 1827 1827 1798 1798 1798 1798 1827 1827 1828 1828 1798 1798 1828 1828 1799 1799 1799 1799 1828 1828 1829 1829 1799 1799 1829 1829 1800 1800 1800 1800 1829 1829 1830 1830 1800 1800 1830 1830 1801 1801 1801 1801 1830 1830 1831 1831 1801 1801 1831 1831 31 31 1802 1802 0 0 1832 1832 1802 1802 1832 1832 1803 1803 1803 1803 1832 1832 1833 1833 1803 1803 1833 1833 1804 1804 1804 1804 1833 1833 1834 1834 1804 1804 1834 1834 1805 1805 1805 1805 1834 1834 1835 1835 1805 1805 1835 1835 1806 1806 1806 1806 1835 1835 1836 1836 1806 1806 1836 1836 1807 1807 1807 1807 1836 1836 1837 1837 1807 1807 1837 1837 1808 1808 1808 1808 1837 1837 1838 1838 1808 1808 1838 1838 1809 1809 1809 1809 1838 1838 1839 1839 1809 1809 1839 1839 1810 1810 1810 1810 1839 1839 1840 1840 1810 1810 1840 1840 1811 1811 1811 1811 1840 1840 1841 1841 1811 1811 1841 1841 1812 1812 1812 1812 1841 1841 1842 1842 1812 1812 1842 1842 1813 1813 1813 1813 1842 1842 1843 1843 1813 1813 1843 1843 1814 1814 1814 1814 1843 1843 1844 1844 1814 1814 1844 1844 1815 1815 1815 1815 1844 1844 1845 1845 1815 1815 1845 1845 1816 1816 1816 1816 1845 1845 1846 1846 1816 1816 1846 1846 1817 1817 1817 1817 1846 1846 1847 1847 1817 1817 1847 1847 1818 1818 1818 1818 1847 1847 1848 1848 1818 1818 1848 1848 1819 1819 1819 1819 1848 1848 1849 1849 1819 1819 1849 1849 1820 1820 1820 1820 1849 1849 1850 1850 1820 1820 1850 1850 1821 1821 1821 1821 1850 1850 1851 1851 1821 1821 1851 1851 1822 1822 1822 1822 1851 1851 1852 1852 1822 1822 1852 1852 1823 1823 1823 1823 1852 1852 1853 1853 1823 1823 1853 1853 1824 1824 1824 1824 1853 1853 1854 1854 1824 1824 1854 1854 1825 1825 1825 1825 1854 1854 1855 1855 1825 1825 1855 1855 1826 1826 1826 1826 1855 1855 1856 1856 1826 1826 1856 1856 1827 1827 1827 1827 1856 1856 1857 1857 1827 1827 1857 1857 1828 1828 1828 1828 1857 1857 1858 1858 1828 1828 1858 1858 1829 1829 1829 1829 1858 1858 1859 1859 1829 1829 1859 1859 1830 1830 1830 1830 1859 1859 1860 1860 1830 1830 1860 1860 1831 1831 1831 1831 1860 1860 1861 1861 1831 1831 1861 1861 31 31 1832 1832 0 0 1862 1862 1832 1832 1862 1862 1833 1833 1833 1833 1862 1862 1863 1863 1833 1833 1863 1863 1834 1834 1834 1834 1863 1863 1864 1864 1834 1834 1864 1864 1835 1835 1835 1835 1864 1864 1865 1865 1835 1835 1865 1865 1836 1836 1836 1836 1865 1865 1866 1866 1836 1836 1866 1866 1837 1837 1837 1837 1866 1866 1867 1867 1837 1837 1867 1867 1838 1838 1838 1838 1867 1867 1868 1868 1838 1838 1868 1868 1839 1839 1839 1839 1868 1868 1869 1869 1839 1839 1869 1869 1840 1840 1840 1840 1869 1869 1870 1870 1840 1840 1870 1870 1841 1841 1841 1841 1870 1870 1871 1871 1841 1841 1871 1871 1842 1842 1842 1842 1871 1871 1872 1872 1842 1842 1872 1872 1843 1843 1843 1843 1872 1872 1873 1873 1843 1843 1873 1873 1844 1844 1844 1844 1873 1873 1874 1874 1844 1844 1874 1874 1845 1845 1845 1845 1874 1874 1875 1875 1845 1845 1875 1875 1846 1846 1846 1846 1875 1875 1876 1876 1846 1846 1876 1876 1847 1847 1847 1847 1876 1876 1877 1877 1847 1847 1877 1877 1848 1848 1848 1848 1877 1877 1878 1878 1848 1848 1878 1878 1849 1849 1849 1849 1878 1878 1879 1879 1849 1849 1879 1879 1850 1850 1850 1850 1879 1879 1880 1880 1850 1850 1880 1880 1851 1851 1851 1851 1880 1880 1881 1881 1851 1851 1881 1881 1852 1852 1852 1852 1881 1881 1882 1882 1852 1852 1882 1882 1853 1853 1853 1853 1882 1882 1883 1883 1853 1853 1883 1883 1854 1854 1854 1854 1883 1883 1884 1884 1854 1854 1884 1884 1855 1855 1855 1855 1884 1884 1885 1885 1855 1855 1885 1885 1856 1856 1856 1856 1885 1885 1886 1886 1856 1856 1886 1886 1857 1857 1857 1857 1886 1886 1887 1887 1857 1857 1887 1887 1858 1858 1858 1858 1887 1887 1888 1888 1858 1858 1888 1888 1859 1859 1859 1859 1888 1888 1889 1889 1859 1859 1889 1889 1860 1860 1860 1860 1889 1889 1890 1890 1860 1860 1890 1890 1861 1861 1861 1861 1890 1890 1891 1891 1861 1861 1891 1891 31 31 1862 1862 0 0 1892 1892 1862 1862 1892 1892 1863 1863 1863 1863 1892 1892 1893 1893 1863 1863 1893 1893 1864 1864 1864 1864 1893 1893 1894 1894 1864 1864 1894 1894 1865 1865 1865 1865 1894 1894 1895 1895 1865 1865 1895 1895 1866 1866 1866 1866 1895 1895 1896 1896 1866 1866 1896 1896 1867 1867 1867 1867 1896 1896 1897 1897 1867 1867 1897 1897 1868 1868 1868 1868 1897 1897 1898 1898 1868 1868 1898 1898 1869 1869 1869 1869 1898 1898 1899 1899 1869 1869 1899 1899 1870 1870 1870 1870 1899 1899 1900 1900 1870 1870 1900 1900 1871 1871 1871 1871 1900 1900 1901 1901 1871 1871 1901 1901 1872 1872 1872 1872 1901 1901 1902 1902 1872 1872 1902 1902 1873 1873 1873 1873 1902 1902 1903 1903 1873 1873 1903 1903 1874 1874 1874 1874 1903 1903 1904 1904 1874 1874 1904 1904 1875 1875 1875 1875 1904 1904 1905 1905 1875 1875 1905 1905 1876 1876 1876 1876 1905 1905 1906 1906 1876 1876 1906 1906 1877 1877 1877 1877 1906 1906 1907 1907 1877 1877 1907 1907 1878 1878 1878 1878 1907 1907 1908 1908 1878 1878 1908 1908 1879 1879 1879 1879 1908 1908 1909 1909 1879 1879 1909 1909 1880 1880 1880 1880 1909 1909 1910 1910 1880 1880 1910 1910 1881 1881 1881 1881 1910 1910 1911 1911 1881 1881 1911 1911 1882 1882 1882 1882 1911 1911 1912 1912 1882 1882 1912 1912 1883 1883 1883 1883 1912 1912 1913 1913 1883 1883 1913 1913 1884 1884 1884 1884 1913 1913 1914 1914 1884 1884 1914 1914 1885 1885 1885 1885 1914 1914 1915 1915 1885 1885 1915 1915 1886 1886 1886 1886 1915 1915 1916 1916 1886 1886 1916 1916 1887 1887 1887 1887 1916 1916 1917 1917 1887 1887 1917 1917 1888 1888 1888 1888 1917 1917 1918 1918 1888 1888 1918 1918 1889 1889 1889 1889 1918 1918 1919 1919 1889 1889 1919 1919 1890 1890 1890 1890 1919 1919 1920 1920 1890 1890 1920 1920 1891 1891 1891 1891 1920 1920 1921 1921 1891 1891 1921 1921 31 31 1892 1892 0 0 1 1 1892 1892 1 1 1893 1893 1893 1893 1 1 2 2 1893 1893 2 2 1894 1894 1894 1894 2 2 3 3 1894 1894 3 3 1895 1895 1895 1895 3 3 4 4 1895 1895 4 4 1896 1896 1896 1896 4 4 5 5 1896 1896 5 5 1897 1897 1897 1897 5 5 6 6 1897 1897 6 6 1898 1898 1898 1898 6 6 7 7 1898 1898 7 7 1899 1899 1899 1899 7 7 8 8 1899 1899 8 8 1900 1900 1900 1900 8 8 9 9 1900 1900 9 9 1901 1901 1901 1901 9 9 10 10 1901 1901 10 10 1902 1902 1902 1902 10 10 11 11 1902 1902 11 11 1903 1903 1903 1903 11 11 12 12 1903 1903 12 12 1904 1904 1904 1904 12 12 13 13 1904 1904 13 13 1905 1905 1905 1905 13 13 14 14 1905 1905 14 14 1906 1906 1906 1906 14 14 15 15 1906 1906 15 15 1907 1907 1907 1907 15 15 16 16 1907 1907 16 16 1908 1908 1908 1908 16 16 17 17 1908 1908 17 17 1909 1909 1909 1909 17 17 18 18 1909 1909 18 18 1910 1910 1910 1910 18 18 19 19 1910 1910 19 19 1911 1911 1911 1911 19 19 20 20 1911 1911 20 20 1912 1912 1912 1912 20 20 21 21 1912 1912 21 21 1913 1913 1913 1913 21 21 22 22 1913 1913 22 22 1914 1914 1914 1914 22 22 23 23 1914 1914 23 23 1915 1915 1915 1915 23 23 24 24 1915 1915 24 24 1916 1916 1916 1916 24 24 25 25 1916 1916 25 25 1917 1917 1917 1917 25 25 26 26 1917 1917 26 26 1918 1918 1918 1918 26 26 27 27 1918 1918 27 27 1919 1919 1919 1919 27 27 28 28 1919 1919 28 28 1920 1920 1920 1920 28 28 29 29 1920 1920 29 29 1921 1921 1921 1921 29 29 30 30 1921 1921 30 30 31 31</p>
        </triangles>
      </mesh>
    </geometry>
  </library_geometries>
  <library_materials>
    <material id="6161fa85a63e4d8a887bac27579f981a" name="defaultmaterial">
      <instance_effect url="#6f0be3c922c947779d189bc8ffcdf8ad"/>
    </material>
  </library_materials>
  <library_visual_scenes>
    <visual_scene id="scene">
      <node id="node0" name="node0">
        <instance_geometry url="#b2af76e5c63a45bebd04c80c55f333cf">
          <bind_material>
            <technique_common>
              <instance_material symbol="material0" target="#6161fa85a63e4d8a887bac27579f981a"/>
            </technique_common>
          </bind_material>
        </instance_geometry>
      </node>
    </visual_scene>
  </library_visual_scenes>
  <scene>
    <instance_visual_scene url="#scene"/>
  </scene>
</COLLADA>
